date,symbol,open,high,low,close,volume,adjusted,divd,split,source,recordDate
2000-01-03,GETI-B.ST,16.123933792114258,16.963722229003906,16.123933792114258,16.123933792114258,962593,9.0520431830574,0.0,1.0,yahoo,2024-06-23 23:05:15
2000-01-04,GETI-B.ST,16.123933792114258,16.29189109802246,15.620060920715332,15.955977439880373,1054099,8.957751791583597,0.0,1.0,yahoo,2024-06-23 23:05:15
2000-01-05,GETI-B.ST,15.955977439880373,15.955977439880373,15.955977439880373,15.955977439880373,0,8.957751791583597,0.0,1.0,yahoo,2024-06-23 23:05:15
2000-01-06,GETI-B.ST,15.955977439880373,15.955977439880373,15.955977439880373,15.955977439880373,0,8.957751791583597,0.0,1.0,yahoo,2024-06-23 23:05:15
2000-01-07,GETI-B.ST,15.788019180297852,16.6278076171875,15.620060920715332,15.788019180297852,1173277,8.863459329316374,0.0,1.0,yahoo,2024-06-23 23:05:15
2000-01-10,GETI-B.ST,16.039955139160156,16.375871658325195,16.039955139160156,16.375871658325195,1022073,9.193482144156588,0.0,1.0,yahoo,2024-06-23 23:05:15
2000-01-11,GETI-B.ST,16.543827056884766,16.543827056884766,16.039955139160156,16.29189109802246,871987,9.146335109927913,0.0,1.0,yahoo,2024-06-23 23:05:15
2000-01-12,GETI-B.ST,16.123933792114258,16.29189109802246,15.955977439880373,16.29189109802246,910735,9.146335109927913,0.0,1.0,yahoo,2024-06-23 23:05:15
2000-01-13,GETI-B.ST,16.29189109802246,16.7117862701416,16.123933792114258,16.6278076171875,2500142,9.334920034462359,0.0,1.0,yahoo,2024-06-23 23:05:15
2000-01-14,GETI-B.ST,16.963722229003906,17.21565818786621,16.7117862701416,17.21565818786621,2029916,9.664941778509155,0.0,1.0,yahoo,2024-06-23 23:05:15
2000-01-17,GETI-B.ST,17.55157470703125,17.719532012939453,17.383617401123047,17.55157470703125,1958404,9.8535267030436,0.0,1.0,yahoo,2024-06-23 23:05:15
2000-01-18,GETI-B.ST,17.63555335998535,17.719532012939453,17.047700881958008,17.299638748168945,650193,9.71208881273783,0.0,1.0,yahoo,2024-06-23 23:05:15
2000-01-19,GETI-B.ST,17.299638748168945,17.299638748168945,16.795764923095703,17.047700881958008,632742,9.570649851638642,0.0,1.0,yahoo,2024-06-23 23:05:15
2000-01-20,GETI-B.ST,17.13167953491211,17.21565818786621,16.6278076171875,16.7117862701416,459080,9.382065997897616,0.0,1.0,yahoo,2024-06-23 23:05:15
2000-01-21,GETI-B.ST,16.7117862701416,16.795764923095703,16.375871658325195,16.7117862701416,805524,9.382065997897616,0.0,1.0,yahoo,2024-06-23 23:05:15
2000-01-24,GETI-B.ST,16.795764923095703,16.963722229003906,16.543827056884766,16.795764923095703,893915,9.429211961332872,0.0,1.0,yahoo,2024-06-23 23:05:15
2000-01-25,GETI-B.ST,16.6278076171875,16.795764923095703,16.459850311279297,16.7117862701416,777279,9.382065997897616,0.0,1.0,yahoo,2024-06-23 23:05:15
2000-01-26,GETI-B.ST,16.795764923095703,16.879743576049805,16.543827056884766,16.543827056884766,847011,9.287773000233683,0.0,1.0,yahoo,2024-06-23 23:05:15
2000-01-27,GETI-B.ST,16.6278076171875,16.795764923095703,16.543827056884766,16.795764923095703,820147,9.429211961332872,0.0,1.0,yahoo,2024-06-23 23:05:15
2000-01-28,GETI-B.ST,16.795764923095703,17.047700881958008,16.543827056884766,16.795764923095703,774748,9.429211961332872,0.0,1.0,yahoo,2024-06-23 23:05:15
2000-01-31,GETI-B.ST,16.795764923095703,17.13167953491211,16.459850311279297,16.6278076171875,2017145,9.334920034462359,0.0,1.0,yahoo,2024-06-23 23:05:15
2000-02-01,GETI-B.ST,16.795764923095703,16.963722229003906,16.29189109802246,16.29189109802246,856346,9.146335109927913,0.0,1.0,yahoo,2024-06-23 23:05:15
2000-02-02,GETI-B.ST,16.543827056884766,16.6278076171875,16.123933792114258,16.459850311279297,805071,9.240628107591846,0.0,1.0,yahoo,2024-06-23 23:05:15
2000-02-03,GETI-B.ST,16.543827056884766,16.795764923095703,16.459850311279297,16.7117862701416,2669244,9.382065997897616,0.0,1.0,yahoo,2024-06-23 23:05:15
2000-02-04,GETI-B.ST,16.795764923095703,16.795764923095703,16.375871658325195,16.543827056884766,396468,9.287773000233683,0.0,1.0,yahoo,2024-06-23 23:05:15
2000-02-07,GETI-B.ST,16.543827056884766,16.6278076171875,16.20791244506836,16.20791244506836,685488,9.099189146492657,0.0,1.0,yahoo,2024-06-23 23:05:15
2000-02-08,GETI-B.ST,16.29189109802246,16.375871658325195,16.123933792114258,16.20791244506836,554812,9.099189146492657,0.0,1.0,yahoo,2024-06-23 23:05:15
2000-02-09,GETI-B.ST,16.375871658325195,16.795764923095703,16.123933792114258,16.29189109802246,1445685,9.146335109927913,0.0,1.0,yahoo,2024-06-23 23:05:15
2000-02-10,GETI-B.ST,16.459850311279297,16.543827056884766,16.20791244506836,16.459850311279297,479287,9.240628107591846,0.0,1.0,yahoo,2024-06-23 23:05:15
2000-02-11,GETI-B.ST,16.375871658325195,16.543827056884766,15.955977439880373,15.955977439880373,365175,8.957751791583597,0.0,1.0,yahoo,2024-06-23 23:05:15
2000-02-14,GETI-B.ST,15.871997833251951,15.871997833251951,15.452103614807127,15.704039573669434,463956,8.816312830484407,0.0,1.0,yahoo,2024-06-23 23:05:15
2000-02-15,GETI-B.ST,15.704039573669434,15.871997833251951,15.53608226776123,15.704039573669434,495898,8.816312830484407,0.0,1.0,yahoo,2024-06-23 23:05:15
2000-02-16,GETI-B.ST,15.704039573669434,15.871997833251951,15.53608226776123,15.620060920715332,330797,8.769166867049151,0.0,1.0,yahoo,2024-06-23 23:05:15
2000-02-17,GETI-B.ST,15.53608226776123,15.704039573669434,15.284146308898926,15.368124961853027,532842,8.62772897674338,0.0,1.0,yahoo,2024-06-23 23:05:15
2000-02-18,GETI-B.ST,15.452103614807127,15.53608226776123,15.116188049316406,15.284146308898926,380363,8.580583013308123,0.0,1.0,yahoo,2024-06-23 23:05:15
2000-02-21,GETI-B.ST,15.116188049316406,15.955977439880373,14.948230743408203,15.955977439880373,461604,8.957751791583597,0.0,1.0,yahoo,2024-06-23 23:05:15
2000-02-22,GETI-B.ST,15.955977439880373,15.955977439880373,15.284146308898926,15.284146308898926,421147,8.580583013308123,0.0,1.0,yahoo,2024-06-23 23:05:15
2000-02-23,GETI-B.ST,15.620060920715332,15.620060920715332,15.116188049316406,15.116188049316406,190149,8.486290551040902,0.0,1.0,yahoo,2024-06-23 23:05:15
2000-02-24,GETI-B.ST,15.284146308898926,15.452103614807127,15.116188049316406,15.368124961853027,383691,8.62772897674338,0.0,1.0,yahoo,2024-06-23 23:05:15
2000-02-25,GETI-B.ST,15.284146308898926,15.452103614807127,15.116188049316406,15.200166702270508,414205,8.533436514476158,0.0,1.0,yahoo,2024-06-23 23:05:15
2000-02-28,GETI-B.ST,15.200166702270508,15.368124961853027,15.200166702270508,15.284146308898926,629116,8.580583013308123,0.0,1.0,yahoo,2024-06-23 23:05:15
2000-02-29,GETI-B.ST,15.368124961853027,15.53608226776123,15.116188049316406,15.284146308898926,554544,8.580583013308123,0.0,1.0,yahoo,2024-06-23 23:05:15
2000-03-01,GETI-B.ST,15.452103614807127,15.53608226776123,15.200166702270508,15.284146308898926,327844,8.580583013308123,0.0,1.0,yahoo,2024-06-23 23:05:15
2000-03-02,GETI-B.ST,15.452103614807127,15.955977439880373,15.368124961853027,15.955977439880373,472738,8.957751791583597,0.0,1.0,yahoo,2024-06-23 23:05:15
2000-03-03,GETI-B.ST,15.955977439880373,15.955977439880373,15.620060920715332,15.788019180297852,425107,8.863459329316374,0.0,1.0,yahoo,2024-06-23 23:05:15
2000-03-06,GETI-B.ST,15.955977439880373,15.955977439880373,15.53608226776123,15.620060920715332,555241,8.769166867049151,0.0,1.0,yahoo,2024-06-23 23:05:15
2000-03-07,GETI-B.ST,15.788019180297852,15.955977439880373,15.788019180297852,15.955977439880373,586731,8.957751791583597,0.0,1.0,yahoo,2024-06-23 23:05:15
2000-03-08,GETI-B.ST,15.788019180297852,15.788019180297852,15.116188049316406,15.200166702270508,719526,8.533436514476158,0.0,1.0,yahoo,2024-06-23 23:05:15
2000-03-09,GETI-B.ST,15.368124961853027,15.53608226776123,15.284146308898926,15.284146308898926,424309,8.580583013308123,0.0,1.0,yahoo,2024-06-23 23:05:15
2000-03-10,GETI-B.ST,15.452103614807127,15.53608226776123,15.284146308898926,15.452103614807127,1009921,8.674874940178636,0.0,1.0,yahoo,2024-06-23 23:05:15
2000-03-13,GETI-B.ST,15.452103614807127,15.452103614807127,15.284146308898926,15.284146308898926,385490,8.580583013308123,0.0,1.0,yahoo,2024-06-23 23:05:15
2000-03-14,GETI-B.ST,15.452103614807127,15.620060920715332,15.368124961853027,15.620060920715332,347528,8.769166867049151,0.0,1.0,yahoo,2024-06-23 23:05:15
2000-03-15,GETI-B.ST,15.53608226776123,15.704039573669434,15.368124961853027,15.368124961853027,643388,8.62772897674338,0.0,1.0,yahoo,2024-06-23 23:05:15
2000-03-16,GETI-B.ST,15.53608226776123,15.955977439880373,15.452103614807127,15.788019180297852,1151331,8.863459329316374,0.0,1.0,yahoo,2024-06-23 23:05:15
2000-03-17,GETI-B.ST,16.123933792114258,16.6278076171875,16.039955139160156,16.459850311279297,918541,9.240628107591846,0.0,1.0,yahoo,2024-06-23 23:05:15
2000-03-20,GETI-B.ST,16.6278076171875,16.795764923095703,16.039955139160156,16.20791244506836,678915,9.099189146492657,0.0,1.0,yahoo,2024-06-23 23:05:15
2000-03-21,GETI-B.ST,16.123933792114258,16.123933792114258,15.620060920715332,15.788019180297852,728505,8.863459329316374,0.0,1.0,yahoo,2024-06-23 23:05:15
2000-03-22,GETI-B.ST,15.955977439880373,16.123933792114258,15.955977439880373,16.039955139160156,274283,9.004897219622144,0.0,1.0,yahoo,2024-06-23 23:05:15
2000-03-23,GETI-B.ST,16.123933792114258,16.459850311279297,16.039955139160156,16.20791244506836,311983,9.099189146492657,0.0,1.0,yahoo,2024-06-23 23:05:15
2000-03-24,GETI-B.ST,16.123933792114258,16.375871658325195,16.039955139160156,16.29189109802246,674163,9.146335109927913,0.0,1.0,yahoo,2024-06-23 23:05:15
2000-03-27,GETI-B.ST,16.123933792114258,16.20791244506836,15.788019180297852,16.123933792114258,192917,9.0520431830574,0.0,1.0,yahoo,2024-06-23 23:05:15
2000-03-28,GETI-B.ST,16.123933792114258,16.29189109802246,15.871997833251951,15.871997833251951,288763,8.91060529275163,0.0,1.0,yahoo,2024-06-23 23:05:15
2000-03-29,GETI-B.ST,15.788019180297852,15.955977439880373,15.452103614807127,15.452103614807127,225354,8.674874940178636,0.0,1.0,yahoo,2024-06-23 23:05:15
2000-03-30,GETI-B.ST,15.452103614807127,15.620060920715332,15.116188049316406,15.368124961853027,254707,8.62772897674338,0.0,1.0,yahoo,2024-06-23 23:05:15
2000-03-31,GETI-B.ST,15.116188049316406,15.284146308898926,15.032209396362305,15.116188049316406,508646,8.486290551040902,0.0,1.0,yahoo,2024-06-23 23:05:15
2000-04-03,GETI-B.ST,15.284146308898926,15.452103614807127,15.116188049316406,15.284146308898926,302213,8.580583013308123,0.0,1.0,yahoo,2024-06-23 23:05:15
2000-04-04,GETI-B.ST,15.452103614807127,15.53608226776123,15.368124961853027,15.452103614807127,688358,8.674874940178636,0.0,1.0,yahoo,2024-06-23 23:05:15
2000-04-05,GETI-B.ST,15.53608226776123,15.620060920715332,15.116188049316406,15.116188049316406,832864,8.486290551040902,0.0,1.0,yahoo,2024-06-23 23:05:15
2000-04-06,GETI-B.ST,15.368124961853027,15.452103614807127,15.284146308898926,15.368124961853027,285697,8.62772897674338,0.0,1.0,yahoo,2024-06-23 23:05:15
2000-04-07,GETI-B.ST,15.452103614807127,15.452103614807127,15.200166702270508,15.284146308898926,148013,8.580583013308123,0.0,1.0,yahoo,2024-06-23 23:05:15
2000-04-10,GETI-B.ST,15.452103614807127,15.452103614807127,15.284146308898926,15.368124961853027,512629,8.62772897674338,0.0,1.0,yahoo,2024-06-23 23:05:15
2000-04-11,GETI-B.ST,15.284146308898926,15.704039573669434,15.284146308898926,15.452103614807127,586159,8.674874940178636,0.0,1.0,yahoo,2024-06-23 23:05:15
2000-04-12,GETI-B.ST,15.53608226776123,15.704039573669434,15.53608226776123,15.620060920715332,562879,8.769166867049151,0.0,1.0,yahoo,2024-06-23 23:05:15
2000-04-13,GETI-B.ST,15.53608226776123,15.53608226776123,15.284146308898926,15.284146308898926,1343731,8.580583013308123,0.0,1.0,yahoo,2024-06-23 23:05:15
2000-04-14,GETI-B.ST,15.452103614807127,15.452103614807127,15.116188049316406,15.200166702270508,1043411,8.533436514476158,0.0,1.0,yahoo,2024-06-23 23:05:15
2000-04-17,GETI-B.ST,14.7802734375,14.864252090454102,14.360379219055176,14.696293830871582,875161,8.250560198467909,0.0,1.0,yahoo,2024-06-23 23:05:15
2000-04-18,GETI-B.ST,14.7802734375,15.116188049316406,14.7802734375,14.864252090454102,87819,8.344852660735132,0.0,1.0,yahoo,2024-06-23 23:05:15
2000-04-19,GETI-B.ST,15.032209396362305,15.032209396362305,14.7802734375,15.032209396362305,253099,8.439144587605645,0.0,1.0,yahoo,2024-06-23 23:05:15
2000-04-20,GETI-B.ST,14.7802734375,15.032209396362305,14.7802734375,15.032209396362305,93118,8.439144587605645,0.0,1.0,yahoo,2024-06-23 23:05:15
2000-04-21,GETI-B.ST,15.032209396362305,15.032209396362305,15.032209396362305,15.032209396362305,0,8.439144587605645,0.0,1.0,yahoo,2024-06-23 23:05:15
2000-04-24,GETI-B.ST,15.032209396362305,15.032209396362305,15.032209396362305,15.032209396362305,0,8.439144587605645,0.0,1.0,yahoo,2024-06-23 23:05:15
2000-04-25,GETI-B.ST,14.948230743408203,15.452103614807127,14.7802734375,15.368124961853027,527811,8.62772897674338,0.0,1.0,yahoo,2024-06-23 23:05:15
2000-04-26,GETI-B.ST,15.200166702270508,15.620060920715332,14.61231517791748,15.284146308898926,1321761,8.580583013308123,0.0,1.0,yahoo,2024-06-23 23:05:15
2000-04-27,GETI-B.ST,14.444357872009276,14.61231517791748,14.276399612426758,14.360379219055176,591518,8.505827242302997,0.797557,1.0,yahoo,2024-06-23 23:05:15
2000-04-28,GETI-B.ST,14.276399612426758,14.360379219055176,13.772526741027832,13.940485000610352,986796,8.257118790551646,0.0,1.0,yahoo,2024-06-23 23:05:15
2000-05-01,GETI-B.ST,13.940485000610352,13.940485000610352,13.940485000610352,13.940485000610352,0,8.257118790551646,0.0,1.0,yahoo,2024-06-23 23:05:15
2000-05-02,GETI-B.ST,14.108442306518556,14.276399612426758,13.85650634765625,13.940485000610352,433002,8.257118790551646,0.0,1.0,yahoo,2024-06-23 23:05:15
2000-05-03,GETI-B.ST,13.940485000610352,13.940485000610352,13.604569435119627,13.772526741027832,402482,8.157635070927366,0.0,1.0,yahoo,2024-06-23 23:05:15
2000-05-04,GETI-B.ST,13.68854808807373,13.772526741027832,13.436612129211426,13.772526741027832,594090,8.157635070927366,0.0,1.0,yahoo,2024-06-23 23:05:15
2000-05-05,GETI-B.ST,13.772526741027832,13.85650634765625,13.604569435119627,13.772526741027832,2283587,8.157635070927366,0.0,1.0,yahoo,2024-06-23 23:05:15
2000-05-08,GETI-B.ST,13.772526741027832,14.108442306518556,13.68854808807373,13.940485000610352,405161,8.257118790551646,0.0,1.0,yahoo,2024-06-23 23:05:15
2000-05-09,GETI-B.ST,13.940485000610352,13.940485000610352,13.940485000610352,13.940485000610352,0,8.257118790551646,0.0,1.0,yahoo,2024-06-23 23:05:15
2000-05-10,GETI-B.ST,13.85650634765625,13.940485000610352,13.772526741027832,13.85650634765625,198829,8.207377213175953,0.0,1.0,yahoo,2024-06-23 23:05:15
2000-05-11,GETI-B.ST,13.772526741027832,14.024463653564451,13.772526741027832,13.85650634765625,175282,8.207377213175953,0.0,1.0,yahoo,2024-06-23 23:05:15
2000-05-12,GETI-B.ST,13.772526741027832,13.85650634765625,13.772526741027832,13.85650634765625,1394101,8.207377213175953,0.0,1.0,yahoo,2024-06-23 23:05:15
2000-05-15,GETI-B.ST,13.85650634765625,14.024463653564451,13.772526741027832,13.85650634765625,231605,8.207377213175953,0.0,1.0,yahoo,2024-06-23 23:05:15
2000-05-16,GETI-B.ST,13.85650634765625,13.85650634765625,13.85650634765625,13.85650634765625,0,8.207377213175953,0.0,1.0,yahoo,2024-06-23 23:05:15
2000-05-17,GETI-B.ST,13.940485000610352,14.024463653564451,13.85650634765625,13.85650634765625,414390,8.207377213175953,0.0,1.0,yahoo,2024-06-23 23:05:15
2000-05-18,GETI-B.ST,13.85650634765625,13.940485000610352,13.85650634765625,13.940485000610352,345325,8.257118790551646,0.0,1.0,yahoo,2024-06-23 23:05:15
2000-05-19,GETI-B.ST,13.940485000610352,13.940485000610352,13.85650634765625,13.940485000610352,373338,8.257118790551646,0.0,1.0,yahoo,2024-06-23 23:05:15
2000-05-22,GETI-B.ST,13.940485000610352,14.192420959472656,13.85650634765625,14.108442306518556,1272630,8.356601945303028,0.0,1.0,yahoo,2024-06-23 23:05:15
2000-05-23,GETI-B.ST,14.108442306518556,14.276399612426758,14.108442306518556,14.192420959472656,333268,8.40634352267872,0.0,1.0,yahoo,2024-06-23 23:05:15
2000-05-24,GETI-B.ST,14.108442306518556,14.192420959472656,13.940485000610352,14.108442306518556,1367487,8.356601945303028,0.0,1.0,yahoo,2024-06-23 23:05:15
2000-05-25,GETI-B.ST,14.108442306518556,14.192420959472656,13.940485000610352,14.108442306518556,315555,8.356601945303028,0.0,1.0,yahoo,2024-06-23 23:05:15
2000-05-26,GETI-B.ST,14.024463653564451,14.108442306518556,14.024463653564451,14.024463653564451,73232,8.306860367927335,0.0,1.0,yahoo,2024-06-23 23:05:15
2000-05-29,GETI-B.ST,14.108442306518556,14.108442306518556,13.772526741027832,14.024463653564451,427488,8.306860367927335,0.0,1.0,yahoo,2024-06-23 23:05:15
2000-05-30,GETI-B.ST,14.024463653564451,14.108442306518556,13.85650634765625,14.024463653564451,152121,8.306860367927335,0.0,1.0,yahoo,2024-06-23 23:05:15
2000-05-31,GETI-B.ST,14.024463653564451,14.192420959472656,13.85650634765625,13.940485000610352,93469,8.257118790551646,0.0,1.0,yahoo,2024-06-23 23:05:15
2000-06-01,GETI-B.ST,13.940485000610352,13.940485000610352,13.940485000610352,13.940485000610352,0,8.257118790551646,0.0,1.0,yahoo,2024-06-23 23:05:15
2000-06-02,GETI-B.ST,14.024463653564451,14.108442306518556,13.68854808807373,13.940485000610352,183558,8.257118790551646,0.0,1.0,yahoo,2024-06-23 23:05:15
2000-06-05,GETI-B.ST,13.85650634765625,13.85650634765625,13.604569435119627,13.772526741027832,158968,8.157635070927366,0.0,1.0,yahoo,2024-06-23 23:05:15
2000-06-06,GETI-B.ST,13.772526741027832,13.85650634765625,13.604569435119627,13.772526741027832,511617,8.157635070927366,0.0,1.0,yahoo,2024-06-23 23:05:15
2000-06-07,GETI-B.ST,13.772526741027832,14.192420959472656,13.772526741027832,14.024463653564451,554901,8.306860367927335,0.0,1.0,yahoo,2024-06-23 23:05:15
2000-06-08,GETI-B.ST,14.024463653564451,14.024463653564451,13.68854808807373,13.85650634765625,196239,8.207377213175953,0.0,1.0,yahoo,2024-06-23 23:05:15
2000-06-09,GETI-B.ST,14.024463653564451,14.024463653564451,13.772526741027832,13.940485000610352,711661,8.257118790551646,0.0,1.0,yahoo,2024-06-23 23:05:15
2000-06-12,GETI-B.ST,13.940485000610352,13.940485000610352,13.940485000610352,13.940485000610352,0,8.257118790551646,0.0,1.0,yahoo,2024-06-23 23:05:15
2000-06-13,GETI-B.ST,14.108442306518556,14.108442306518556,13.772526741027832,13.772526741027832,105330,8.157635070927366,0.0,1.0,yahoo,2024-06-23 23:05:15
2000-06-14,GETI-B.ST,13.772526741027832,14.024463653564451,13.772526741027832,13.772526741027832,122530,8.157635070927366,0.0,1.0,yahoo,2024-06-23 23:05:15
2000-06-15,GETI-B.ST,13.772526741027832,13.940485000610352,13.772526741027832,13.772526741027832,169090,8.157635070927366,0.0,1.0,yahoo,2024-06-23 23:05:15
2000-06-16,GETI-B.ST,13.940485000610352,13.940485000610352,13.68854808807373,13.68854808807373,118779,8.107893493551675,0.0,1.0,yahoo,2024-06-23 23:05:15
2000-06-19,GETI-B.ST,13.68854808807373,13.68854808807373,13.68854808807373,13.68854808807373,0,8.107893493551675,0.0,1.0,yahoo,2024-06-23 23:05:15
2000-06-20,GETI-B.ST,13.436612129211426,13.68854808807373,13.436612129211426,13.604569435119627,494243,8.058151916175982,0.0,1.0,yahoo,2024-06-23 23:05:15
2000-06-21,GETI-B.ST,13.604569435119627,13.68854808807373,13.604569435119627,13.68854808807373,241983,8.107893493551675,0.0,1.0,yahoo,2024-06-23 23:05:15
2000-06-22,GETI-B.ST,13.68854808807373,13.85650634765625,13.68854808807373,13.85650634765625,360209,8.207377213175953,0.0,1.0,yahoo,2024-06-23 23:05:15
2000-06-23,GETI-B.ST,13.85650634765625,13.85650634765625,13.85650634765625,13.85650634765625,0,8.207377213175953,0.0,1.0,yahoo,2024-06-23 23:05:15
2000-06-26,GETI-B.ST,13.772526741027832,14.108442306518556,13.604569435119627,14.108442306518556,231903,8.356601945303028,0.0,1.0,yahoo,2024-06-23 23:05:15
2000-06-27,GETI-B.ST,14.108442306518556,14.192420959472656,14.024463653564451,14.108442306518556,215530,8.356601945303028,0.0,1.0,yahoo,2024-06-23 23:05:15
2000-06-28,GETI-B.ST,14.276399612426758,14.696293830871582,14.024463653564451,14.696293830871582,598049,8.704793551805764,0.0,1.0,yahoo,2024-06-23 23:05:15
2000-06-29,GETI-B.ST,14.948230743408203,14.948230743408203,14.192420959472656,14.276399612426758,292930,8.45608510005441,0.0,1.0,yahoo,2024-06-23 23:05:15
2000-06-30,GETI-B.ST,14.444357872009276,14.444357872009276,14.108442306518556,14.108442306518556,170150,8.356601945303028,0.0,1.0,yahoo,2024-06-23 23:05:15
2000-07-03,GETI-B.ST,14.444357872009276,14.444357872009276,14.192420959472656,14.444357872009276,157182,8.555568819678689,0.0,1.0,yahoo,2024-06-23 23:05:15
2000-07-04,GETI-B.ST,14.52833652496338,15.200166702270508,14.444357872009276,15.200166702270508,885937,9.003243580932807,0.0,1.0,yahoo,2024-06-23 23:05:15
2000-07-05,GETI-B.ST,15.452103614807127,15.620060920715332,14.948230743408203,15.368124961853027,278760,9.102727300557087,0.0,1.0,yahoo,2024-06-23 23:05:15
2000-07-06,GETI-B.ST,15.284146308898926,15.704039573669434,15.200166702270508,15.620060920715332,377833,9.25195203268416,0.0,1.0,yahoo,2024-06-23 23:05:15
2000-07-07,GETI-B.ST,15.620060920715332,15.620060920715332,15.620060920715332,15.620060920715332,0,9.25195203268416,0.0,1.0,yahoo,2024-06-23 23:05:15
2000-07-10,GETI-B.ST,15.53608226776123,15.788019180297852,15.368124961853027,15.704039573669434,543529,9.301693610059852,0.0,1.0,yahoo,2024-06-23 23:05:15
2000-07-11,GETI-B.ST,15.788019180297852,16.039955139160156,15.788019180297852,15.871997833251951,644031,9.40117732968413,0.0,1.0,yahoo,2024-06-23 23:05:15
2000-07-12,GETI-B.ST,15.955977439880373,16.123933792114258,15.871997833251951,16.123933792114258,619870,9.550402061811205,0.0,1.0,yahoo,2024-06-23 23:05:15
2000-07-13,GETI-B.ST,16.123933792114258,16.123933792114258,15.788019180297852,15.788019180297852,110980,9.351435752308438,0.0,1.0,yahoo,2024-06-23 23:05:15
2000-07-14,GETI-B.ST,15.788019180297852,15.788019180297852,15.200166702270508,15.200166702270508,186713,9.003243580932807,0.0,1.0,yahoo,2024-06-23 23:05:15
2000-07-17,GETI-B.ST,15.284146308898926,15.452103614807127,15.116188049316406,15.116188049316406,630813,8.953502003557116,0.0,1.0,yahoo,2024-06-23 23:05:15
2000-07-18,GETI-B.ST,15.284146308898926,15.452103614807127,14.7802734375,14.7802734375,526561,8.75453569405435,0.0,1.0,yahoo,2024-06-23 23:05:15
2000-07-19,GETI-B.ST,14.948230743408203,15.116188049316406,14.948230743408203,14.948230743408203,81568,8.854018848805733,0.0,1.0,yahoo,2024-06-23 23:05:15
2000-07-20,GETI-B.ST,14.948230743408203,15.116188049316406,14.276399612426758,14.948230743408203,295312,8.854018848805733,0.0,1.0,yahoo,2024-06-23 23:05:15
2000-07-21,GETI-B.ST,15.116188049316406,15.116188049316406,14.52833652496338,14.52833652496338,234702,8.605310397054382,0.0,1.0,yahoo,2024-06-23 23:05:15
2000-07-24,GETI-B.ST,14.52833652496338,14.52833652496338,14.52833652496338,14.52833652496338,0,8.605310397054382,0.0,1.0,yahoo,2024-06-23 23:05:15
2000-07-25,GETI-B.ST,14.696293830871582,14.7802734375,14.61231517791748,14.61231517791748,258398,8.655051974430073,0.0,1.0,yahoo,2024-06-23 23:05:15
2000-07-26,GETI-B.ST,14.696293830871582,14.696293830871582,14.52833652496338,14.61231517791748,134914,8.655051974430073,0.0,1.0,yahoo,2024-06-23 23:05:15
2000-07-27,GETI-B.ST,14.61231517791748,14.61231517791748,14.61231517791748,14.61231517791748,0,8.655051974430073,0.0,1.0,yahoo,2024-06-23 23:05:15
2000-07-28,GETI-B.ST,14.52833652496338,14.61231517791748,14.52833652496338,14.61231517791748,73244,8.655051974430073,0.0,1.0,yahoo,2024-06-23 23:05:15
2000-07-31,GETI-B.ST,14.61231517791748,14.948230743408203,14.61231517791748,14.864252090454102,134212,8.804277271430042,0.0,1.0,yahoo,2024-06-23 23:05:15
2000-08-01,GETI-B.ST,15.116188049316406,15.368124961853027,15.032209396362305,15.284146308898926,337882,9.052985723181393,0.0,1.0,yahoo,2024-06-23 23:05:15
2000-08-02,GETI-B.ST,15.284146308898926,15.452103614807127,15.284146308898926,15.452103614807127,624562,9.152468877932776,0.0,1.0,yahoo,2024-06-23 23:05:15
2000-08-03,GETI-B.ST,15.368124961853027,15.368124961853027,14.7802734375,14.948230743408203,370093,8.854018848805733,0.0,1.0,yahoo,2024-06-23 23:05:15
2000-08-04,GETI-B.ST,14.7802734375,15.116188049316406,14.7802734375,14.864252090454102,70702,8.804277271430042,0.0,1.0,yahoo,2024-06-23 23:05:15
2000-08-07,GETI-B.ST,14.948230743408203,15.116188049316406,14.864252090454102,15.032209396362305,173853,8.903760426181424,0.0,1.0,yahoo,2024-06-23 23:05:15
2000-08-08,GETI-B.ST,15.032209396362305,15.116188049316406,14.864252090454102,15.032209396362305,320598,8.903760426181424,0.0,1.0,yahoo,2024-06-23 23:05:15
2000-08-09,GETI-B.ST,14.948230743408203,15.284146308898926,14.7802734375,15.116188049316406,2005862,8.953502003557116,0.0,1.0,yahoo,2024-06-23 23:05:15
2000-08-10,GETI-B.ST,15.032209396362305,15.368124961853027,14.360379219055176,14.948230743408203,1014571,8.854018848805733,0.0,1.0,yahoo,2024-06-23 23:05:15
2000-08-11,GETI-B.ST,14.7802734375,14.7802734375,14.108442306518556,14.276399612426758,805512,8.45608510005441,0.0,1.0,yahoo,2024-06-23 23:05:15
2000-08-14,GETI-B.ST,14.192420959472656,14.192420959472656,13.772526741027832,14.108442306518556,6426989,8.356601945303028,0.0,1.0,yahoo,2024-06-23 23:05:15
2000-08-15,GETI-B.ST,13.940485000610352,13.940485000610352,13.85650634765625,13.940485000610352,152687,8.257118790551646,0.0,1.0,yahoo,2024-06-23 23:05:15
2000-08-16,GETI-B.ST,13.940485000610352,14.108442306518556,13.940485000610352,13.940485000610352,138189,8.257118790551646,0.0,1.0,yahoo,2024-06-23 23:05:15
2000-08-17,GETI-B.ST,13.940485000610352,14.276399612426758,13.940485000610352,14.024463653564451,108658,8.306860367927335,0.0,1.0,yahoo,2024-06-23 23:05:15
2000-08-18,GETI-B.ST,14.024463653564451,14.192420959472656,14.024463653564451,14.192420959472656,86926,8.40634352267872,0.0,1.0,yahoo,2024-06-23 23:05:15
2000-08-21,GETI-B.ST,14.108442306518556,14.276399612426758,13.940485000610352,14.108442306518556,308411,8.356601945303028,0.0,1.0,yahoo,2024-06-23 23:05:15
2000-08-22,GETI-B.ST,14.108442306518556,14.276399612426758,14.024463653564451,14.108442306518556,131878,8.356601945303028,0.0,1.0,yahoo,2024-06-23 23:05:15
2000-08-23,GETI-B.ST,14.108442306518556,14.276399612426758,14.108442306518556,14.276399612426758,285184,8.45608510005441,0.0,1.0,yahoo,2024-06-23 23:05:15
2000-08-24,GETI-B.ST,14.192420959472656,14.52833652496338,14.192420959472656,14.444357872009276,3369736,8.555568819678689,0.0,1.0,yahoo,2024-06-23 23:05:15
2000-08-25,GETI-B.ST,14.61231517791748,14.61231517791748,14.360379219055176,14.444357872009276,68695,8.555568819678689,0.0,1.0,yahoo,2024-06-23 23:05:15
2000-08-28,GETI-B.ST,14.360379219055176,14.444357872009276,14.192420959472656,14.192420959472656,172704,8.40634352267872,0.0,1.0,yahoo,2024-06-23 23:05:15
2000-08-29,GETI-B.ST,14.108442306518556,14.444357872009276,14.024463653564451,14.276399612426758,652545,8.45608510005441,0.0,1.0,yahoo,2024-06-23 23:05:15
2000-08-30,GETI-B.ST,14.444357872009276,14.52833652496338,14.108442306518556,14.108442306518556,190524,8.356601945303028,0.0,1.0,yahoo,2024-06-23 23:05:15
2000-08-31,GETI-B.ST,14.192420959472656,14.276399612426758,14.024463653564451,14.276399612426758,128484,8.45608510005441,0.0,1.0,yahoo,2024-06-23 23:05:15
2000-09-01,GETI-B.ST,14.444357872009276,14.444357872009276,13.940485000610352,14.024463653564451,193501,8.306860367927335,0.0,1.0,yahoo,2024-06-23 23:05:15
2000-09-04,GETI-B.ST,14.108442306518556,14.108442306518556,13.940485000610352,13.940485000610352,263816,8.257118790551646,0.0,1.0,yahoo,2024-06-23 23:05:15
2000-09-05,GETI-B.ST,14.024463653564451,14.61231517791748,13.940485000610352,14.61231517791748,341901,8.655051974430073,0.0,1.0,yahoo,2024-06-23 23:05:15
2000-09-06,GETI-B.ST,14.276399612426758,15.116188049316406,14.276399612426758,15.116188049316406,288840,8.953502003557116,0.0,1.0,yahoo,2024-06-23 23:05:15
2000-09-07,GETI-B.ST,15.116188049316406,15.116188049316406,14.864252090454102,15.032209396362305,1753120,8.903760426181424,0.0,1.0,yahoo,2024-06-23 23:05:15
2000-09-08,GETI-B.ST,15.116188049316406,15.116188049316406,14.7802734375,15.116188049316406,905704,8.953502003557116,0.0,1.0,yahoo,2024-06-23 23:05:15
2000-09-11,GETI-B.ST,14.948230743408203,15.704039573669434,14.948230743408203,15.452103614807127,665679,9.152468877932776,0.0,1.0,yahoo,2024-06-23 23:05:15
2000-09-12,GETI-B.ST,15.620060920715332,15.871997833251951,15.620060920715332,15.871997833251951,1185656,9.40117732968413,0.0,1.0,yahoo,2024-06-23 23:05:15
2000-09-13,GETI-B.ST,15.955977439880373,15.955977439880373,15.116188049316406,15.620060920715332,584135,9.25195203268416,0.0,1.0,yahoo,2024-06-23 23:05:15
2000-09-14,GETI-B.ST,15.620060920715332,15.620060920715332,15.116188049316406,15.53608226776123,272687,9.20221045530847,0.0,1.0,yahoo,2024-06-23 23:05:15
2000-09-15,GETI-B.ST,15.53608226776123,15.620060920715332,15.284146308898926,15.452103614807127,620632,9.152468877932776,0.0,1.0,yahoo,2024-06-23 23:05:15
2000-09-18,GETI-B.ST,15.452103614807127,15.53608226776123,14.864252090454102,15.452103614807127,224878,9.152468877932776,0.0,1.0,yahoo,2024-06-23 23:05:15
2000-09-19,GETI-B.ST,15.200166702270508,15.200166702270508,14.7802734375,15.116188049316406,771861,8.953502003557116,0.0,1.0,yahoo,2024-06-23 23:05:15
2000-09-20,GETI-B.ST,15.200166702270508,15.200166702270508,14.948230743408203,15.032209396362305,51262,8.903760426181424,0.0,1.0,yahoo,2024-06-23 23:05:15
2000-09-21,GETI-B.ST,14.948230743408203,15.032209396362305,14.7802734375,15.032209396362305,130390,8.903760426181424,0.0,1.0,yahoo,2024-06-23 23:05:15
2000-09-22,GETI-B.ST,14.61231517791748,14.696293830871582,14.360379219055176,14.696293830871582,170281,8.704793551805764,0.0,1.0,yahoo,2024-06-23 23:05:15
2000-09-25,GETI-B.ST,14.444357872009276,14.7802734375,14.360379219055176,14.61231517791748,228331,8.655051974430073,0.0,1.0,yahoo,2024-06-23 23:05:15
2000-09-26,GETI-B.ST,14.444357872009276,14.7802734375,14.444357872009276,14.61231517791748,78293,8.655051974430073,0.0,1.0,yahoo,2024-06-23 23:05:15
2000-09-27,GETI-B.ST,14.444357872009276,14.7802734375,14.444357872009276,14.61231517791748,84545,8.655051974430073,0.0,1.0,yahoo,2024-06-23 23:05:15
2000-09-28,GETI-B.ST,14.444357872009276,14.696293830871582,14.444357872009276,14.696293830871582,349582,8.704793551805764,0.0,1.0,yahoo,2024-06-23 23:05:15
2000-09-29,GETI-B.ST,14.61231517791748,14.696293830871582,14.52833652496338,14.52833652496338,181533,8.605310397054382,0.0,1.0,yahoo,2024-06-23 23:05:15
2000-10-02,GETI-B.ST,14.52833652496338,14.7802734375,14.360379219055176,14.61231517791748,181652,8.655051974430073,0.0,1.0,yahoo,2024-06-23 23:05:15
2000-10-03,GETI-B.ST,14.52833652496338,15.032209396362305,14.52833652496338,15.032209396362305,591815,8.903760426181424,0.0,1.0,yahoo,2024-06-23 23:05:15
2000-10-04,GETI-B.ST,14.948230743408203,15.116188049316406,14.7802734375,15.116188049316406,199871,8.953502003557116,0.0,1.0,yahoo,2024-06-23 23:05:15
2000-10-05,GETI-B.ST,15.116188049316406,15.452103614807127,14.864252090454102,15.452103614807127,402184,9.152468877932776,0.0,1.0,yahoo,2024-06-23 23:05:15
2000-10-06,GETI-B.ST,15.284146308898926,15.452103614807127,14.7802734375,15.032209396362305,157182,8.903760426181424,0.0,1.0,yahoo,2024-06-23 23:05:15
2000-10-09,GETI-B.ST,14.7802734375,14.7802734375,14.61231517791748,14.7802734375,78888,8.75453569405435,0.0,1.0,yahoo,2024-06-23 23:05:15
2000-10-10,GETI-B.ST,14.7802734375,14.7802734375,14.444357872009276,14.444357872009276,113927,8.555568819678689,0.0,1.0,yahoo,2024-06-23 23:05:15
2000-10-11,GETI-B.ST,14.61231517791748,14.7802734375,14.192420959472656,14.7802734375,422874,8.75453569405435,0.0,1.0,yahoo,2024-06-23 23:05:15
2000-10-12,GETI-B.ST,14.52833652496338,14.948230743408203,14.52833652496338,14.7802734375,93178,8.75453569405435,0.0,1.0,yahoo,2024-06-23 23:05:15
2000-10-13,GETI-B.ST,14.444357872009276,14.7802734375,14.276399612426758,14.444357872009276,126013,8.555568819678689,0.0,1.0,yahoo,2024-06-23 23:05:15
2000-10-16,GETI-B.ST,14.696293830871582,14.864252090454102,14.696293830871582,14.864252090454102,123245,8.804277271430042,0.0,1.0,yahoo,2024-06-23 23:05:15
2000-10-17,GETI-B.ST,14.864252090454102,15.032209396362305,14.864252090454102,14.864252090454102,253635,8.804277271430042,0.0,1.0,yahoo,2024-06-23 23:05:15
2000-10-18,GETI-B.ST,15.116188049316406,15.200166702270508,14.7802734375,15.200166702270508,1362664,9.003243580932807,0.0,1.0,yahoo,2024-06-23 23:05:15
2000-10-19,GETI-B.ST,15.284146308898926,15.53608226776123,14.696293830871582,14.7802734375,932080,8.75453569405435,0.0,1.0,yahoo,2024-06-23 23:05:15
2000-10-20,GETI-B.ST,14.696293830871582,14.948230743408203,14.61231517791748,14.7802734375,529603,8.75453569405435,0.0,1.0,yahoo,2024-06-23 23:05:15
2000-10-23,GETI-B.ST,14.948230743408203,15.368124961853027,14.7802734375,15.284146308898926,980008,9.052985723181393,0.0,1.0,yahoo,2024-06-23 23:05:15
2000-10-24,GETI-B.ST,15.116188049316406,15.620060920715332,15.116188049316406,15.620060920715332,540612,9.25195203268416,0.0,1.0,yahoo,2024-06-23 23:05:15
2000-10-25,GETI-B.ST,15.620060920715332,15.955977439880373,15.620060920715332,15.955977439880373,1733353,9.450919471932718,0.0,1.0,yahoo,2024-06-23 23:05:15
2000-10-26,GETI-B.ST,15.788019180297852,16.459850311279297,15.620060920715332,16.375871658325195,1143740,9.69962792368407,0.0,1.0,yahoo,2024-06-23 23:05:15
2000-10-27,GETI-B.ST,15.955977439880373,16.375871658325195,15.955977439880373,15.955977439880373,376178,9.450919471932718,0.0,1.0,yahoo,2024-06-23 23:05:15
2000-10-30,GETI-B.ST,15.955977439880373,15.955977439880373,15.53608226776123,15.53608226776123,127472,9.20221045530847,0.0,1.0,yahoo,2024-06-23 23:05:15
2000-10-31,GETI-B.ST,15.53608226776123,15.53608226776123,15.53608226776123,15.53608226776123,0,9.20221045530847,0.0,1.0,yahoo,2024-06-23 23:05:15
2000-11-01,GETI-B.ST,15.871997833251951,16.123933792114258,15.871997833251951,15.955977439880373,224282,9.450919471932718,0.0,1.0,yahoo,2024-06-23 23:05:15
2000-11-02,GETI-B.ST,15.955977439880373,16.29189109802246,15.620060920715332,16.29189109802246,1023472,9.649885216562588,0.0,1.0,yahoo,2024-06-23 23:05:15
2000-11-03,GETI-B.ST,16.459850311279297,16.459850311279297,15.955977439880373,16.29189109802246,230980,9.649885216562588,0.0,1.0,yahoo,2024-06-23 23:05:15
2000-11-06,GETI-B.ST,16.29189109802246,16.6278076171875,16.039955139160156,16.459850311279297,473869,9.74936950105976,0.0,1.0,yahoo,2024-06-23 23:05:15
2000-11-07,GETI-B.ST,16.459850311279297,16.543827056884766,15.620060920715332,16.20791244506836,159593,9.600143639186896,0.0,1.0,yahoo,2024-06-23 23:05:15
2000-11-08,GETI-B.ST,16.459850311279297,17.21565818786621,16.375871658325195,17.21565818786621,2940872,10.197043697440984,0.0,1.0,yahoo,2024-06-23 23:05:15
2000-11-09,GETI-B.ST,17.047700881958008,17.21565818786621,17.047700881958008,17.047700881958008,655224,10.097560542689601,0.0,1.0,yahoo,2024-06-23 23:05:15
2000-11-10,GETI-B.ST,16.795764923095703,17.047700881958008,16.7117862701416,16.7117862701416,265513,9.898594233186836,0.0,1.0,yahoo,2024-06-23 23:05:15
2000-11-13,GETI-B.ST,16.543827056884766,16.6278076171875,16.29189109802246,16.459850311279297,600448,9.74936950105976,0.0,1.0,yahoo,2024-06-23 23:05:15
2000-11-14,GETI-B.ST,16.29189109802246,17.13167953491211,16.29189109802246,17.13167953491211,688268,10.147302120065293,0.0,1.0,yahoo,2024-06-23 23:05:15
2000-11-15,GETI-B.ST,17.13167953491211,17.299638748168945,16.795764923095703,17.047700881958008,1047287,10.097560542689601,0.0,1.0,yahoo,2024-06-23 23:05:15
2000-11-16,GETI-B.ST,17.13167953491211,17.13167953491211,16.795764923095703,17.047700881958008,122947,10.097560542689601,0.0,1.0,yahoo,2024-06-23 23:05:15
2000-11-17,GETI-B.ST,17.13167953491211,17.803510665893555,17.13167953491211,17.299638748168945,905883,10.246786404562465,0.0,1.0,yahoo,2024-06-23 23:05:15
2000-11-20,GETI-B.ST,17.467594146728516,18.475341796875,17.467594146728516,18.22340583801269,1411635,10.793944885440862,0.0,1.0,yahoo,2024-06-23 23:05:15
2000-11-21,GETI-B.ST,18.22340583801269,18.3073844909668,18.13942527770996,18.22340583801269,543708,10.793944885440862,0.0,1.0,yahoo,2024-06-23 23:05:15
2000-11-22,GETI-B.ST,18.3073844909668,18.3073844909668,17.299638748168945,17.299638748168945,1148479,10.246786404562465,0.0,1.0,yahoo,2024-06-23 23:05:15
2000-11-23,GETI-B.ST,17.467594146728516,18.3913631439209,17.299638748168945,18.3913631439209,593959,10.893428040192246,0.0,1.0,yahoo,2024-06-23 23:05:15
2000-11-24,GETI-B.ST,18.3913631439209,19.06319236755371,18.3073844909668,18.895235061645508,1064696,11.191877504446396,0.0,1.0,yahoo,2024-06-23 23:05:15
2000-11-27,GETI-B.ST,19.31513023376465,20.07093811035156,19.231151580810547,19.65104484558105,2309528,11.639552830573408,0.0,1.0,yahoo,2024-06-23 23:05:15
2000-11-28,GETI-B.ST,19.73502349853516,19.73502349853516,19.231151580810547,19.39910888671875,1020757,11.490328098446335,0.0,1.0,yahoo,2024-06-23 23:05:15
2000-11-29,GETI-B.ST,19.31513023376465,19.39910888671875,18.811256408691406,19.06319236755371,799945,11.291360659197778,0.0,1.0,yahoo,2024-06-23 23:05:15
2000-11-30,GETI-B.ST,19.147172927856445,19.147172927856445,18.811256408691406,18.811256408691406,218209,11.142135927070704,0.0,1.0,yahoo,2024-06-23 23:05:15
2000-12-01,GETI-B.ST,19.06319236755371,19.06319236755371,18.643299102783203,18.643299102783203,251712,11.04265277231932,0.0,1.0,yahoo,2024-06-23 23:05:15
2000-12-04,GETI-B.ST,18.643299102783203,19.39910888671875,18.643299102783203,19.231151580810547,212107,11.390844943694951,0.0,1.0,yahoo,2024-06-23 23:05:15
2000-12-05,GETI-B.ST,19.06319236755371,19.56706619262696,18.811256408691406,19.56706619262696,147953,11.589811253197722,0.0,1.0,yahoo,2024-06-23 23:05:15
2000-12-06,GETI-B.ST,19.56706619262696,19.65104484558105,19.147172927856445,19.147172927856445,350118,11.34110336631926,0.0,1.0,yahoo,2024-06-23 23:05:15
2000-12-07,GETI-B.ST,19.147172927856445,19.48308753967285,18.97921371459961,19.31513023376465,361692,11.440586521070642,0.0,1.0,yahoo,2024-06-23 23:05:15
2000-12-08,GETI-B.ST,19.147172927856445,19.48308753967285,18.97921371459961,19.231151580810547,181533,11.390844943694951,0.0,1.0,yahoo,2024-06-23 23:05:15
2000-12-11,GETI-B.ST,19.31513023376465,19.81900215148925,19.31513023376465,19.65104484558105,344461,11.639552830573408,0.0,1.0,yahoo,2024-06-23 23:05:15
2000-12-12,GETI-B.ST,19.81900215148925,19.81900215148925,19.31513023376465,19.31513023376465,984772,11.440586521070642,0.0,1.0,yahoo,2024-06-23 23:05:15
2000-12-13,GETI-B.ST,19.65104484558105,19.65104484558105,19.31513023376465,19.31513023376465,288584,11.440586521070642,0.0,1.0,yahoo,2024-06-23 23:05:15
2000-12-14,GETI-B.ST,19.31513023376465,19.39910888671875,18.475341796875,18.811256408691406,140630,11.142135927070704,0.0,1.0,yahoo,2024-06-23 23:05:15
2000-12-15,GETI-B.ST,18.5593204498291,18.97921371459961,18.5593204498291,18.643299102783203,560915,11.04265277231932,0.0,1.0,yahoo,2024-06-23 23:05:15
2000-12-18,GETI-B.ST,18.97921371459961,18.97921371459961,18.13942527770996,18.643299102783203,267448,11.04265277231932,0.0,1.0,yahoo,2024-06-23 23:05:15
2000-12-19,GETI-B.ST,18.13942527770996,18.811256408691406,18.13942527770996,18.475341796875,464700,10.943169617567937,0.0,1.0,yahoo,2024-06-23 23:05:15
2000-12-20,GETI-B.ST,18.475341796875,18.475341796875,18.13942527770996,18.13942527770996,596840,10.744202178319382,0.0,1.0,yahoo,2024-06-23 23:05:15
2000-12-21,GETI-B.ST,17.971467971801758,18.22340583801269,17.467594146728516,17.971467971801758,437133,10.644719023568,0.0,1.0,yahoo,2024-06-23 23:05:15
2000-12-22,GETI-B.ST,17.971467971801758,18.643299102783203,17.971467971801758,18.5593204498291,444332,10.992911194943629,0.0,1.0,yahoo,2024-06-23 23:05:15
2000-12-25,GETI-B.ST,18.5593204498291,18.5593204498291,18.5593204498291,18.5593204498291,0,10.992911194943629,0.0,1.0,yahoo,2024-06-23 23:05:15
2000-12-26,GETI-B.ST,18.5593204498291,18.5593204498291,18.5593204498291,18.5593204498291,0,10.992911194943629,0.0,1.0,yahoo,2024-06-23 23:05:15
2000-12-27,GETI-B.ST,19.06319236755371,19.39910888671875,18.643299102783203,18.643299102783203,131580,11.04265277231932,0.0,1.0,yahoo,2024-06-23 23:05:15
2000-12-28,GETI-B.ST,18.811256408691406,18.811256408691406,18.3913631439209,18.811256408691406,113701,11.142135927070704,0.0,1.0,yahoo,2024-06-23 23:05:15
2000-12-29,GETI-B.ST,18.811256408691406,18.895235061645508,18.13942527770996,18.895235061645508,564130,11.191877504446396,0.0,1.0,yahoo,2024-06-23 23:05:15
2001-01-01,GETI-B.ST,18.895235061645508,18.895235061645508,18.895235061645508,18.895235061645508,0,11.191877504446396,0.0,1.0,yahoo,2024-06-23 23:05:15
2001-01-02,GETI-B.ST,18.475341796875,19.48308753967285,18.475341796875,18.5593204498291,103240,10.992911194943629,0.0,1.0,yahoo,2024-06-23 23:05:15
2001-01-03,GETI-B.ST,18.475341796875,19.31513023376465,18.475341796875,18.97921371459961,310834,11.241619081822087,0.0,1.0,yahoo,2024-06-23 23:05:15
2001-01-04,GETI-B.ST,18.97921371459961,19.48308753967285,18.811256408691406,19.39910888671875,228212,11.490328098446335,0.0,1.0,yahoo,2024-06-23 23:05:15
2001-01-05,GETI-B.ST,19.65104484558105,19.81900215148925,19.06319236755371,19.65104484558105,622877,11.639552830573408,0.0,1.0,yahoo,2024-06-23 23:05:15
2001-01-08,GETI-B.ST,19.31513023376465,19.31513023376465,18.895235061645508,19.231151580810547,1161155,11.390844943694951,0.0,1.0,yahoo,2024-06-23 23:05:15
2001-01-09,GETI-B.ST,19.147172927856445,19.231151580810547,18.895235061645508,19.147172927856445,2428189,11.34110336631926,0.0,1.0,yahoo,2024-06-23 23:05:15
2001-01-10,GETI-B.ST,19.147172927856445,19.147172927856445,18.643299102783203,18.643299102783203,188618,11.04265277231932,0.0,1.0,yahoo,2024-06-23 23:05:15
2001-01-11,GETI-B.ST,18.811256408691406,18.811256408691406,18.475341796875,18.727277755737305,72220,11.092394349695013,0.0,1.0,yahoo,2024-06-23 23:05:15
2001-01-12,GETI-B.ST,18.811256408691406,18.811256408691406,18.475341796875,18.5593204498291,369914,10.992911194943629,0.0,1.0,yahoo,2024-06-23 23:05:15
2001-01-15,GETI-B.ST,18.475341796875,19.147172927856445,18.475341796875,18.727277755737305,285107,11.092394349695013,0.0,1.0,yahoo,2024-06-23 23:05:15
2001-01-16,GETI-B.ST,18.727277755737305,18.727277755737305,18.475341796875,18.475341796875,256612,10.943169617567937,0.0,1.0,yahoo,2024-06-23 23:05:15
2001-01-17,GETI-B.ST,18.643299102783203,18.811256408691406,18.3073844909668,18.3073844909668,279862,10.843686462816557,0.0,1.0,yahoo,2024-06-23 23:05:15
2001-01-18,GETI-B.ST,18.22340583801269,18.3073844909668,17.887489318847656,18.22340583801269,159266,10.793944885440862,0.0,1.0,yahoo,2024-06-23 23:05:15
2001-01-19,GETI-B.ST,18.13942527770996,18.727277755737305,18.13942527770996,18.727277755737305,198425,11.092394349695013,0.0,1.0,yahoo,2024-06-23 23:05:15
2001-01-22,GETI-B.ST,18.811256408691406,18.895235061645508,18.5593204498291,18.895235061645508,1884891,11.191877504446396,0.0,1.0,yahoo,2024-06-23 23:05:15
2001-01-23,GETI-B.ST,18.5593204498291,19.231151580810547,18.5593204498291,19.147172927856445,900256,11.34110336631926,0.0,1.0,yahoo,2024-06-23 23:05:15
2001-01-24,GETI-B.ST,19.147172927856445,19.147172927856445,19.147172927856445,19.147172927856445,0,11.34110336631926,0.0,1.0,yahoo,2024-06-23 23:05:15
2001-01-25,GETI-B.ST,20.154918670654297,21.24664306640625,19.65104484558105,21.24664306640625,4324988,12.584645060203128,0.0,1.0,yahoo,2024-06-23 23:05:15
2001-01-26,GETI-B.ST,21.24664306640625,21.24664306640625,21.24664306640625,21.24664306640625,0,12.584645060203128,0.0,1.0,yahoo,2024-06-23 23:05:15
2001-01-29,GETI-B.ST,22.67428207397461,23.09417724609375,22.17041015625,23.09417724609375,5495278,13.678962021959922,0.0,1.0,yahoo,2024-06-23 23:05:15
2001-01-30,GETI-B.ST,23.01019859313965,23.51407051086425,22.926219940185547,23.01019859313965,3160135,13.62922044458423,0.0,1.0,yahoo,2024-06-23 23:05:15
2001-01-31,GETI-B.ST,23.17815589904785,23.43009185791016,23.09417724609375,23.17815589904785,2977256,13.728703599335613,0.0,1.0,yahoo,2024-06-23 23:05:15
2001-02-01,GETI-B.ST,23.26213455200196,23.34611320495605,21.83449363708496,23.01019859313965,1406729,13.62922044458423,0.0,1.0,yahoo,2024-06-23 23:05:15
2001-02-02,GETI-B.ST,22.758262634277344,22.84223937988281,22.0024528503418,22.84223937988281,492892,13.529736160087056,0.0,1.0,yahoo,2024-06-23 23:05:15
2001-02-05,GETI-B.ST,22.2543888092041,23.01019859313965,22.2543888092041,23.01019859313965,2511942,13.62922044458423,0.0,1.0,yahoo,2024-06-23 23:05:15
2001-02-06,GETI-B.ST,23.09417724609375,23.51407051086425,22.84223937988281,23.43009185791016,1392362,13.877928331462691,0.0,1.0,yahoo,2024-06-23 23:05:15
2001-02-07,GETI-B.ST,23.34611320495605,23.43009185791016,23.01019859313965,23.01019859313965,2290714,13.62922044458423,0.0,1.0,yahoo,2024-06-23 23:05:15
2001-02-08,GETI-B.ST,23.01019859313965,23.09417724609375,22.84223937988281,22.84223937988281,462539,13.529736160087056,0.0,1.0,yahoo,2024-06-23 23:05:15
2001-02-09,GETI-B.ST,22.758262634277344,22.926219940185547,22.67428207397461,22.84223937988281,688596,13.529736160087056,0.0,1.0,yahoo,2024-06-23 23:05:15
2001-02-12,GETI-B.ST,22.84223937988281,23.17815589904785,22.84223937988281,23.17815589904785,353142,13.728703599335613,0.0,1.0,yahoo,2024-06-23 23:05:15
2001-02-13,GETI-B.ST,23.17815589904785,23.17815589904785,22.84223937988281,23.09417724609375,116624,13.678962021959922,0.0,1.0,yahoo,2024-06-23 23:05:15
2001-02-14,GETI-B.ST,23.01019859313965,23.34611320495605,22.758262634277344,23.17815589904785,693835,13.728703599335613,0.0,1.0,yahoo,2024-06-23 23:05:15
2001-02-15,GETI-B.ST,23.17815589904785,23.26213455200196,23.01019859313965,23.26213455200196,1352483,13.77844517671131,0.0,1.0,yahoo,2024-06-23 23:05:15
2001-02-16,GETI-B.ST,23.17815589904785,23.26213455200196,23.09417724609375,23.26213455200196,429900,13.77844517671131,0.0,1.0,yahoo,2024-06-23 23:05:15
2001-02-19,GETI-B.ST,23.51407051086425,24.353858947753903,23.01019859313965,24.353858947753903,1400394,14.425086812341084,0.0,1.0,yahoo,2024-06-23 23:05:15
2001-02-20,GETI-B.ST,24.0179443359375,24.77375221252441,23.682029724121094,24.353858947753903,2293929,14.425086812341084,0.0,1.0,yahoo,2024-06-23 23:05:15
2001-02-21,GETI-B.ST,24.0179443359375,24.353858947753903,23.849985122680664,24.353858947753903,1063655,14.425086812341084,0.0,1.0,yahoo,2024-06-23 23:05:15
2001-02-22,GETI-B.ST,24.269880294799805,24.689775466918945,24.1019229888916,24.1019229888916,1266819,14.27586208021401,0.0,1.0,yahoo,2024-06-23 23:05:15
2001-02-23,GETI-B.ST,24.353858947753903,25.36160469055176,24.353858947753903,25.36160469055176,4139263,15.021986870595176,0.0,1.0,yahoo,2024-06-23 23:05:15
2001-02-26,GETI-B.ST,25.44558334350586,26.201393127441406,25.44558334350586,26.033435821533203,2031398,15.419920619346495,0.0,1.0,yahoo,2024-06-23 23:05:15
2001-02-27,GETI-B.ST,26.033435821533203,26.033435821533203,23.849985122680664,24.185901641845703,319443,14.325603657589703,0.0,1.0,yahoo,2024-06-23 23:05:15
2001-02-28,GETI-B.ST,24.185901641845703,25.193647384643555,24.0179443359375,25.193647384643555,404988,14.92250371584379,0.0,1.0,yahoo,2024-06-23 23:05:15
2001-03-01,GETI-B.ST,25.109668731689453,25.109668731689453,24.52181625366211,25.02569007873535,175395,14.823020561092408,0.0,1.0,yahoo,2024-06-23 23:05:15
2001-03-02,GETI-B.ST,24.689775466918945,25.02569007873535,24.353858947753903,24.689775466918945,376207,14.62405425158964,0.0,1.0,yahoo,2024-06-23 23:05:15
2001-03-05,GETI-B.ST,24.353858947753903,24.689775466918945,24.353858947753903,24.353858947753903,286220,14.425086812341084,0.0,1.0,yahoo,2024-06-23 23:05:15
2001-03-06,GETI-B.ST,24.353858947753903,24.353858947753903,23.76600646972656,23.849985122680664,583117,14.126636218341146,0.0,1.0,yahoo,2024-06-23 23:05:15
2001-03-07,GETI-B.ST,23.849985122680664,24.353858947753903,23.849985122680664,24.353858947753903,2135508,14.425086812341084,0.0,1.0,yahoo,2024-06-23 23:05:15
2001-03-08,GETI-B.ST,24.52181625366211,24.689775466918945,24.353858947753903,24.52181625366211,1439970,14.524569967092468,0.0,1.0,yahoo,2024-06-23 23:05:15
2001-03-09,GETI-B.ST,24.85773277282715,24.94171142578125,24.77375221252441,24.77375221252441,113201,14.67379469921954,0.0,1.0,yahoo,2024-06-23 23:05:15
2001-03-12,GETI-B.ST,23.34611320495605,23.51407051086425,22.67428207397461,23.26213455200196,513254,13.77844517671131,0.0,1.0,yahoo,2024-06-23 23:05:15
2001-03-13,GETI-B.ST,23.01019859313965,23.17815589904785,22.506324768066406,23.01019859313965,829316,13.62922044458423,0.0,1.0,yahoo,2024-06-23 23:05:15
2001-03-14,GETI-B.ST,23.01019859313965,23.01019859313965,23.01019859313965,23.01019859313965,0,13.62922044458423,0.0,1.0,yahoo,2024-06-23 23:05:15
2001-03-15,GETI-B.ST,22.506324768066406,23.01019859313965,21.83449363708496,22.758262634277344,2620946,13.479995712457155,0.0,1.0,yahoo,2024-06-23 23:05:15
2001-03-16,GETI-B.ST,22.506324768066406,22.506324768066406,22.17041015625,22.506324768066406,244781,13.330769850584291,0.0,1.0,yahoo,2024-06-23 23:05:15
2001-03-19,GETI-B.ST,22.506324768066406,22.506324768066406,22.17041015625,22.422346115112305,117225,13.2810282732086,0.0,1.0,yahoo,2024-06-23 23:05:15
2001-03-20,GETI-B.ST,22.506324768066406,22.926219940185547,22.506324768066406,22.67428207397461,392670,13.430253005335674,0.0,1.0,yahoo,2024-06-23 23:05:15
2001-03-21,GETI-B.ST,22.506324768066406,22.84223937988281,22.17041015625,22.17041015625,151681,13.131803541081526,0.0,1.0,yahoo,2024-06-23 23:05:15
2001-03-22,GETI-B.ST,22.17041015625,22.506324768066406,20.490833282470703,21.498579025268555,1043673,12.733869792330204,0.0,1.0,yahoo,2024-06-23 23:05:15
2001-03-23,GETI-B.ST,21.66653633117676,22.422346115112305,21.66653633117676,22.17041015625,171370,13.131803541081526,0.0,1.0,yahoo,2024-06-23 23:05:15
2001-03-26,GETI-B.ST,21.66653633117676,23.34611320495605,21.66653633117676,22.67428207397461,303374,13.430253005335674,0.0,1.0,yahoo,2024-06-23 23:05:15
2001-03-27,GETI-B.ST,22.84223937988281,24.52181625366211,22.84223937988281,23.849985122680664,519315,14.126636218341146,0.0,1.0,yahoo,2024-06-23 23:05:15
2001-03-28,GETI-B.ST,23.849985122680664,25.697519302368164,23.849985122680664,25.5295639038086,1749095,15.121471155092351,0.0,1.0,yahoo,2024-06-23 23:05:15
2001-03-29,GETI-B.ST,25.44558334350586,26.537309646606445,24.52181625366211,25.865478515625,1354138,15.320437464595113,0.0,1.0,yahoo,2024-06-23 23:05:15
2001-03-30,GETI-B.ST,25.193647384643555,25.5295639038086,25.02569007873535,25.02569007873535,1589966,14.823020561092408,0.0,1.0,yahoo,2024-06-23 23:05:15
2001-04-02,GETI-B.ST,25.193647384643555,26.201393127441406,25.193647384643555,25.865478515625,1979457,15.320437464595113,0.0,1.0,yahoo,2024-06-23 23:05:15
2001-04-03,GETI-B.ST,25.36160469055176,26.033435821533203,24.353858947753903,25.697519302368164,845373,15.22095318009794,0.0,1.0,yahoo,2024-06-23 23:05:15
2001-04-04,GETI-B.ST,24.185901641845703,25.697519302368164,23.849985122680664,25.5295639038086,902542,15.121471155092351,0.0,1.0,yahoo,2024-06-23 23:05:15
2001-04-05,GETI-B.ST,25.36160469055176,26.117414474487305,25.36160469055176,26.117414474487305,927090,15.469662196722187,0.0,1.0,yahoo,2024-06-23 23:05:15
2001-04-06,GETI-B.ST,26.621288299560547,26.70526695251465,24.689775466918945,25.193647384643555,537933,14.92250371584379,0.0,1.0,yahoo,2024-06-23 23:05:15
2001-04-09,GETI-B.ST,25.193647384643555,26.537309646606445,25.109668731689453,26.033435821533203,990922,15.419920619346495,0.0,1.0,yahoo,2024-06-23 23:05:15
2001-04-10,GETI-B.ST,25.697519302368164,26.201393127441406,25.697519302368164,26.033435821533203,189625,15.419920619346495,0.0,1.0,yahoo,2024-06-23 23:05:15
2001-04-11,GETI-B.ST,26.201393127441406,26.36935043334961,25.865478515625,25.865478515625,468677,15.320437464595113,0.0,1.0,yahoo,2024-06-23 23:05:15
2001-04-12,GETI-B.ST,25.36160469055176,25.36160469055176,24.85773277282715,25.193647384643555,50899,14.92250371584379,0.0,1.0,yahoo,2024-06-23 23:05:15
2001-04-13,GETI-B.ST,25.193647384643555,25.193647384643555,25.193647384643555,25.193647384643555,0,14.92250371584379,0.0,1.0,yahoo,2024-06-23 23:05:15
2001-04-16,GETI-B.ST,25.193647384643555,25.193647384643555,25.193647384643555,25.193647384643555,0,14.92250371584379,0.0,1.0,yahoo,2024-06-23 23:05:15
2001-04-17,GETI-B.ST,24.85773277282715,25.44558334350586,24.689775466918945,25.36160469055176,74280,15.021986870595176,0.0,1.0,yahoo,2024-06-23 23:05:15
2001-04-18,GETI-B.ST,25.5295639038086,25.5295639038086,25.02569007873535,25.193647384643555,375791,14.92250371584379,0.0,1.0,yahoo,2024-06-23 23:05:15
2001-04-19,GETI-B.ST,25.193647384643555,25.61354255676269,24.85773277282715,25.36160469055176,354506,15.021986870595176,0.0,1.0,yahoo,2024-06-23 23:05:15
2001-04-20,GETI-B.ST,25.36160469055176,26.36935043334961,25.193647384643555,25.865478515625,1061886,15.320437464595113,0.0,1.0,yahoo,2024-06-23 23:05:15
2001-04-23,GETI-B.ST,25.9494571685791,26.36935043334961,25.36160469055176,25.61354255676269,375177,15.171212732468035,0.0,1.0,yahoo,2024-06-23 23:05:15
2001-04-24,GETI-B.ST,25.5295639038086,26.201393127441406,25.5295639038086,25.9494571685791,1120324,15.864158773629555,0.797557,1.0,yahoo,2024-06-23 23:05:15
2001-04-25,GETI-B.ST,25.02569007873535,26.537309646606445,25.02569007873535,26.537309646606445,1695004,16.223541437641096,0.0,1.0,yahoo,2024-06-23 23:05:15
2001-04-26,GETI-B.ST,26.201393127441406,26.70526695251465,25.9494571685791,26.537309646606445,3910569,16.223541437641096,0.0,1.0,yahoo,2024-06-23 23:05:15
2001-04-27,GETI-B.ST,26.537309646606445,26.70526695251465,26.36935043334961,26.70526695251465,903346,16.32622186562882,0.0,1.0,yahoo,2024-06-23 23:05:15
2001-04-30,GETI-B.ST,26.537309646606445,28.21688461303711,26.45332908630371,28.21688461303711,495809,17.250346883572842,0.0,1.0,yahoo,2024-06-23 23:05:15
2001-05-01,GETI-B.ST,28.21688461303711,28.21688461303711,28.21688461303711,28.21688461303711,0,17.250346883572842,0.0,1.0,yahoo,2024-06-23 23:05:15
2001-05-02,GETI-B.ST,28.048927307128903,28.048927307128903,27.7130126953125,27.880970001220703,2838292,17.044986027597396,0.0,1.0,yahoo,2024-06-23 23:05:15
2001-05-03,GETI-B.ST,27.964948654174805,28.048927307128903,27.461076736450195,27.7130126953125,2433202,16.94230559960967,0.0,1.0,yahoo,2024-06-23 23:05:15
2001-05-04,GETI-B.ST,27.880970001220703,27.880970001220703,27.461076736450195,27.545055389404297,989171,16.839625171621947,0.0,1.0,yahoo,2024-06-23 23:05:15
2001-05-07,GETI-B.ST,27.545055389404297,27.545055389404297,27.545055389404297,27.545055389404297,0,16.839625171621947,0.0,1.0,yahoo,2024-06-23 23:05:15
2001-05-08,GETI-B.ST,28.048927307128903,28.21688461303711,28.048927307128903,28.048927307128903,302945,17.147666455585117,0.0,1.0,yahoo,2024-06-23 23:05:15
2001-05-09,GETI-B.ST,28.132905960083008,28.804737091064453,28.132905960083008,28.804737091064453,790228,17.609729547584383,0.0,1.0,yahoo,2024-06-23 23:05:15
2001-05-10,GETI-B.ST,28.72075843811035,29.6445255279541,28.55280113220215,29.22463035583496,2441805,17.866430617553693,0.0,1.0,yahoo,2024-06-23 23:05:15
2001-05-11,GETI-B.ST,29.3925895690918,29.560546875,28.63677978515625,28.888715744018555,3095238,17.661069761578247,0.0,1.0,yahoo,2024-06-23 23:05:15
2001-05-14,GETI-B.ST,28.63677978515625,28.888715744018555,28.21688461303711,28.384843826293945,593673,17.353028477615076,0.0,1.0,yahoo,2024-06-23 23:05:15
2001-05-15,GETI-B.ST,28.72075843811035,28.72075843811035,27.12516021728516,28.21688461303711,126954,17.250346883572842,0.0,1.0,yahoo,2024-06-23 23:05:15
2001-05-16,GETI-B.ST,28.048927307128903,28.048927307128903,27.37709617614746,27.37709617614746,193251,16.736943577579716,0.0,1.0,yahoo,2024-06-23 23:05:15
2001-05-17,GETI-B.ST,27.964948654174805,27.964948654174805,26.87322425842285,27.7130126953125,644769,16.94230559960967,0.0,1.0,yahoo,2024-06-23 23:05:15
2001-05-18,GETI-B.ST,27.37709617614746,27.880970001220703,27.37709617614746,27.461076736450195,367687,16.788284957628086,0.0,1.0,yahoo,2024-06-23 23:05:15
2001-05-21,GETI-B.ST,27.7130126953125,27.880970001220703,27.04118156433105,27.37709617614746,444921,16.736943577579716,0.0,1.0,yahoo,2024-06-23 23:05:15
2001-05-22,GETI-B.ST,27.545055389404297,27.545055389404297,26.36935043334961,26.70526695251465,1232072,16.32622186562882,0.0,1.0,yahoo,2024-06-23 23:05:15
2001-05-23,GETI-B.ST,26.87322425842285,27.20913887023925,26.70526695251465,27.20913887023925,161350,16.634263149591987,0.0,1.0,yahoo,2024-06-23 23:05:15
2001-05-24,GETI-B.ST,27.20913887023925,27.20913887023925,27.20913887023925,27.20913887023925,0,16.634263149591987,0.0,1.0,yahoo,2024-06-23 23:05:15
2001-05-25,GETI-B.ST,26.95720291137696,27.461076736450195,26.537309646606445,27.37709617614746,173246,16.736943577579716,0.0,1.0,yahoo,2024-06-23 23:05:15
2001-05-28,GETI-B.ST,26.70526695251465,27.37709617614746,26.36935043334961,27.04118156433105,327398,16.531582721604266,0.0,1.0,yahoo,2024-06-23 23:05:15
2001-05-29,GETI-B.ST,26.87322425842285,27.37709617614746,26.87322425842285,27.04118156433105,553651,16.531582721604266,0.0,1.0,yahoo,2024-06-23 23:05:15
2001-05-30,GETI-B.ST,27.04118156433105,27.964948654174805,27.04118156433105,27.964948654174805,171578,17.096326241591257,0.0,1.0,yahoo,2024-06-23 23:05:15
2001-05-31,GETI-B.ST,28.048927307128903,28.888715744018555,28.048927307128903,28.72075843811035,578580,17.558389333590522,0.0,1.0,yahoo,2024-06-23 23:05:15
2001-06-01,GETI-B.ST,28.72075843811035,29.22463035583496,28.384843826293945,29.22463035583496,1054765,17.866430617553693,0.0,1.0,yahoo,2024-06-23 23:05:15
2001-06-04,GETI-B.ST,29.22463035583496,29.22463035583496,29.22463035583496,29.22463035583496,0,17.866430617553693,0.0,1.0,yahoo,2024-06-23 23:05:15
2001-06-05,GETI-B.ST,29.05667304992676,29.6445255279541,28.72075843811035,29.14065170288086,794140,17.815090403559832,0.0,1.0,yahoo,2024-06-23 23:05:15
2001-06-06,GETI-B.ST,29.14065170288086,29.14065170288086,28.55280113220215,28.888715744018555,387115,17.661069761578247,0.0,1.0,yahoo,2024-06-23 23:05:15
2001-06-07,GETI-B.ST,28.888715744018555,28.888715744018555,28.21688461303711,28.21688461303711,311846,17.250346883572842,0.0,1.0,yahoo,2024-06-23 23:05:15
2001-06-08,GETI-B.ST,28.384843826293945,28.72075843811035,28.21688461303711,28.21688461303711,446880,17.250346883572842,0.0,1.0,yahoo,2024-06-23 23:05:15
2001-06-11,GETI-B.ST,28.55280113220215,28.55280113220215,27.880970001220703,27.880970001220703,226009,17.044986027597396,0.0,1.0,yahoo,2024-06-23 23:05:15
2001-06-12,GETI-B.ST,28.30086326599121,28.30086326599121,27.12516021728516,27.12516021728516,410037,16.58292293559813,0.0,1.0,yahoo,2024-06-23 23:05:15
2001-06-13,GETI-B.ST,27.04118156433105,27.880970001220703,27.04118156433105,27.37709617614746,232630,16.736943577579716,0.0,1.0,yahoo,2024-06-23 23:05:15
2001-06-14,GETI-B.ST,27.7969913482666,28.21688461303711,27.545055389404297,27.7130126953125,82157,16.94230559960967,0.0,1.0,yahoo,2024-06-23 23:05:15
2001-06-15,GETI-B.ST,27.7130126953125,28.21688461303711,27.545055389404297,27.880970001220703,88563,17.044986027597396,0.0,1.0,yahoo,2024-06-23 23:05:15
2001-06-18,GETI-B.ST,28.21688461303711,28.72075843811035,27.7130126953125,28.63677978515625,240453,17.50704911959666,0.0,1.0,yahoo,2024-06-23 23:05:15
2001-06-19,GETI-B.ST,28.55280113220215,29.560546875,28.55280113220215,29.14065170288086,1254339,17.815090403559832,0.0,1.0,yahoo,2024-06-23 23:05:15
2001-06-20,GETI-B.ST,28.55280113220215,29.05667304992676,28.55280113220215,28.888715744018555,1270391,17.661069761578247,0.0,1.0,yahoo,2024-06-23 23:05:15
2001-06-21,GETI-B.ST,28.888715744018555,29.05667304992676,28.55280113220215,28.888715744018555,707898,17.661069761578247,0.0,1.0,yahoo,2024-06-23 23:05:15
2001-06-22,GETI-B.ST,28.888715744018555,28.888715744018555,28.888715744018555,28.888715744018555,0,17.661069761578247,0.0,1.0,yahoo,2024-06-23 23:05:15
2001-06-25,GETI-B.ST,28.804737091064453,29.22463035583496,28.804737091064453,29.22463035583496,2105887,17.866430617553693,0.0,1.0,yahoo,2024-06-23 23:05:15
2001-06-26,GETI-B.ST,29.22463035583496,29.3925895690918,28.972694396972656,29.22463035583496,1690384,17.866430617553693,0.0,1.0,yahoo,2024-06-23 23:05:15
2001-06-27,GETI-B.ST,29.22463035583496,31.4080810546875,29.22463035583496,30.56829261779785,4624368,18.6878763735645,0.0,1.0,yahoo,2024-06-23 23:05:15
2001-06-28,GETI-B.ST,30.56829261779785,30.988187789916992,30.56829261779785,30.82022857666016,1937744,18.84189701554609,0.0,1.0,yahoo,2024-06-23 23:05:15
2001-06-29,GETI-B.ST,30.73624992370605,32.24786758422852,30.73624992370605,31.576038360595703,841908,19.30396010754535,0.0,1.0,yahoo,2024-06-23 23:05:15
2001-07-02,GETI-B.ST,31.911954879760746,32.667762756347656,30.06441879272461,30.316356658935547,2056583,18.533855731582914,0.0,1.0,yahoo,2024-06-23 23:05:15
2001-07-03,GETI-B.ST,30.23237609863281,30.56829261779785,29.812482833862305,30.23237609863281,544416,18.48251435153454,0.0,1.0,yahoo,2024-06-23 23:05:15
2001-07-04,GETI-B.ST,30.23237609863281,30.23237609863281,29.728504180908203,30.23237609863281,616869,18.48251435153454,0.0,1.0,yahoo,2024-06-23 23:05:15
2001-07-05,GETI-B.ST,30.23237609863281,31.911954879760746,30.06441879272461,31.4080810546875,362740,19.20127967955763,0.0,1.0,yahoo,2024-06-23 23:05:15
2001-07-06,GETI-B.ST,31.743995666503903,32.24786758422852,31.4080810546875,31.911954879760746,1889589,19.50932212957531,0.0,1.0,yahoo,2024-06-23 23:05:15
2001-07-09,GETI-B.ST,31.576038360595703,31.576038360595703,30.06441879272461,30.40033531188965,298188,18.58519594557678,0.0,1.0,yahoo,2024-06-23 23:05:15
2001-07-10,GETI-B.ST,30.40033531188965,30.40033531188965,29.6445255279541,29.6445255279541,481663,18.123132853577513,0.0,1.0,yahoo,2024-06-23 23:05:15
2001-07-11,GETI-B.ST,29.896461486816406,30.23237609863281,29.4765682220459,29.728504180908203,310197,18.174473067571373,0.0,1.0,yahoo,2024-06-23 23:05:15
2001-07-12,GETI-B.ST,30.23237609863281,30.90420722961425,30.23237609863281,30.73624992370605,890111,18.79055680155222,0.0,1.0,yahoo,2024-06-23 23:05:15
2001-07-13,GETI-B.ST,30.73624992370605,30.73624992370605,30.73624992370605,30.73624992370605,0,18.79055680155222,0.0,1.0,yahoo,2024-06-23 23:05:15
2001-07-16,GETI-B.ST,29.896461486816406,29.896461486816406,25.865478515625,27.04118156433105,1766594,16.531582721604266,0.0,1.0,yahoo,2024-06-23 23:05:15
2001-07-17,GETI-B.ST,27.545055389404297,27.545055389404297,25.02569007873535,25.193647384643555,1517013,15.40209568163029,0.0,1.0,yahoo,2024-06-23 23:05:15
2001-07-18,GETI-B.ST,26.033435821533203,26.70526695251465,25.193647384643555,26.201393127441406,3835895,16.01817941561114,0.0,1.0,yahoo,2024-06-23 23:05:15
2001-07-19,GETI-B.ST,26.201393127441406,27.37709617614746,26.201393127441406,27.20913887023925,376160,16.634263149591987,0.0,1.0,yahoo,2024-06-23 23:05:15
2001-07-20,GETI-B.ST,27.04118156433105,27.880970001220703,27.04118156433105,27.545055389404297,670609,16.839625171621947,0.0,1.0,yahoo,2024-06-23 23:05:15
2001-07-23,GETI-B.ST,26.537309646606445,26.70526695251465,26.285371780395508,26.537309646606445,208981,16.223541437641096,0.0,1.0,yahoo,2024-06-23 23:05:15
2001-07-24,GETI-B.ST,26.36935043334961,26.537309646606445,25.865478515625,26.201393127441406,88546,16.01817941561114,0.0,1.0,yahoo,2024-06-23 23:05:15
2001-07-25,GETI-B.ST,26.201393127441406,26.70526695251465,26.201393127441406,26.70526695251465,609659,16.32622186562882,0.0,1.0,yahoo,2024-06-23 23:05:15
2001-07-26,GETI-B.ST,26.621288299560547,26.95720291137696,26.621288299560547,26.87322425842285,2114110,16.428902293616545,0.0,1.0,yahoo,2024-06-23 23:05:15
2001-07-27,GETI-B.ST,27.04118156433105,27.04118156433105,26.70526695251465,26.70526695251465,210422,16.32622186562882,0.0,1.0,yahoo,2024-06-23 23:05:15
2001-07-30,GETI-B.ST,27.12516021728516,27.37709617614746,26.95720291137696,27.37709617614746,111039,16.736943577579716,0.0,1.0,yahoo,2024-06-23 23:05:15
2001-07-31,GETI-B.ST,27.37709617614746,28.21688461303711,27.20913887023925,28.21688461303711,369867,17.250346883572842,0.0,1.0,yahoo,2024-06-23 23:05:15
2001-08-01,GETI-B.ST,28.55280113220215,28.55280113220215,28.384843826293945,28.55280113220215,209665,17.455708905602798,0.0,1.0,yahoo,2024-06-23 23:05:15
2001-08-02,GETI-B.ST,28.72075843811035,29.22463035583496,28.384843826293945,28.55280113220215,104550,17.455708905602798,0.0,1.0,yahoo,2024-06-23 23:05:15
2001-08-03,GETI-B.ST,28.888715744018555,28.972694396972656,28.55280113220215,28.63677978515625,82496,17.50704911959666,0.0,1.0,yahoo,2024-06-23 23:05:15
2001-08-06,GETI-B.ST,28.55280113220215,28.55280113220215,27.7130126953125,27.880970001220703,181635,17.044986027597396,0.0,1.0,yahoo,2024-06-23 23:05:15
2001-08-07,GETI-B.ST,28.048927307128903,28.048927307128903,27.545055389404297,28.048927307128903,156765,17.147666455585117,0.0,1.0,yahoo,2024-06-23 23:05:15
2001-08-08,GETI-B.ST,28.048927307128903,28.048927307128903,26.033435821533203,27.20913887023925,1003455,16.634263149591987,0.0,1.0,yahoo,2024-06-23 23:05:15
2001-08-09,GETI-B.ST,26.201393127441406,27.20913887023925,25.865478515625,26.87322425842285,1608369,16.428902293616545,0.0,1.0,yahoo,2024-06-23 23:05:15
2001-08-10,GETI-B.ST,26.45332908630371,27.545055389404297,26.45332908630371,26.78924560546875,541463,16.37756207962268,0.0,1.0,yahoo,2024-06-23 23:05:15
2001-08-13,GETI-B.ST,26.87322425842285,27.04118156433105,26.70526695251465,26.87322425842285,16212,16.428902293616545,0.0,1.0,yahoo,2024-06-23 23:05:15
2001-08-14,GETI-B.ST,26.87322425842285,26.87322425842285,26.201393127441406,26.201393127441406,43546,16.01817941561114,0.0,1.0,yahoo,2024-06-23 23:05:15
2001-08-15,GETI-B.ST,26.201393127441406,26.87322425842285,26.201393127441406,26.87322425842285,738924,16.428902293616545,0.0,1.0,yahoo,2024-06-23 23:05:15
2001-08-16,GETI-B.ST,26.033435821533203,26.87322425842285,26.033435821533203,26.033435821533203,119863,15.915498987623417,0.0,1.0,yahoo,2024-06-23 23:05:15
2001-08-17,GETI-B.ST,26.033435821533203,26.36935043334961,26.033435821533203,26.033435821533203,92743,15.915498987623417,0.0,1.0,yahoo,2024-06-23 23:05:15
2001-08-20,GETI-B.ST,26.537309646606445,26.537309646606445,25.61354255676269,25.865478515625,549543,15.812818559635692,0.0,1.0,yahoo,2024-06-23 23:05:15
2001-08-21,GETI-B.ST,25.5295639038086,26.201393127441406,25.5295639038086,26.033435821533203,64016,15.915498987623417,0.0,1.0,yahoo,2024-06-23 23:05:15
2001-08-22,GETI-B.ST,25.5295639038086,26.537309646606445,25.5295639038086,26.36935043334961,79323,16.120859843598865,0.0,1.0,yahoo,2024-06-23 23:05:15
2001-08-23,GETI-B.ST,25.865478515625,26.36935043334961,25.865478515625,26.36935043334961,188291,16.120859843598865,0.0,1.0,yahoo,2024-06-23 23:05:15
2001-08-24,GETI-B.ST,26.36935043334961,26.70526695251465,26.201393127441406,26.70526695251465,147555,16.32622186562882,0.0,1.0,yahoo,2024-06-23 23:05:15
2001-08-27,GETI-B.ST,26.87322425842285,26.87322425842285,25.865478515625,26.033435821533203,159087,15.915498987623417,0.0,1.0,yahoo,2024-06-23 23:05:15
2001-08-28,GETI-B.ST,26.201393127441406,26.45332908630371,25.865478515625,25.865478515625,414926,15.812818559635692,0.0,1.0,yahoo,2024-06-23 23:05:15
2001-08-29,GETI-B.ST,25.865478515625,26.117414474487305,25.865478515625,26.117414474487305,298170,15.96683920161728,0.0,1.0,yahoo,2024-06-23 23:05:15
2001-08-30,GETI-B.ST,26.201393127441406,26.36935043334961,25.865478515625,26.033435821533203,3110313,15.915498987623417,0.0,1.0,yahoo,2024-06-23 23:05:15
2001-08-31,GETI-B.ST,26.285371780395508,27.880970001220703,26.285371780395508,27.880970001220703,416134,17.044986027597396,0.0,1.0,yahoo,2024-06-23 23:05:15
2001-09-03,GETI-B.ST,27.964948654174805,27.964948654174805,27.20913887023925,27.37709617614746,537635,16.736943577579716,0.0,1.0,yahoo,2024-06-23 23:05:15
2001-09-04,GETI-B.ST,27.545055389404297,27.62903213500977,27.20913887023925,27.37709617614746,179997,16.736943577579716,0.0,1.0,yahoo,2024-06-23 23:05:15
2001-09-05,GETI-B.ST,26.87322425842285,27.04118156433105,26.033435821533203,26.78924560546875,184594,16.37756207962268,0.0,1.0,yahoo,2024-06-23 23:05:15
2001-09-06,GETI-B.ST,26.537309646606445,27.20913887023925,26.033435821533203,27.20913887023925,462527,16.634263149591987,0.0,1.0,yahoo,2024-06-23 23:05:15
2001-09-07,GETI-B.ST,27.20913887023925,27.37709617614746,27.04118156433105,27.04118156433105,656028,16.531582721604266,0.0,1.0,yahoo,2024-06-23 23:05:15
2001-09-10,GETI-B.ST,27.04118156433105,27.04118156433105,26.201393127441406,26.45332908630371,119113,16.172200057592725,0.0,1.0,yahoo,2024-06-23 23:05:15
2001-09-11,GETI-B.ST,26.537309646606445,26.70526695251465,21.83449363708496,24.353858947753903,584438,14.88869237563716,0.0,1.0,yahoo,2024-06-23 23:05:15
2001-09-12,GETI-B.ST,24.689775466918945,25.36160469055176,23.01019859313965,24.269880294799805,652908,14.8373521616433,0.0,1.0,yahoo,2024-06-23 23:05:15
2001-09-13,GETI-B.ST,24.353858947753903,25.36160469055176,24.0179443359375,25.36160469055176,1375983,15.504776109618016,0.0,1.0,yahoo,2024-06-23 23:05:15
2001-09-14,GETI-B.ST,25.36160469055176,25.36160469055176,24.353858947753903,24.437837600708008,121608,14.940032589631024,0.0,1.0,yahoo,2024-06-23 23:05:15
2001-09-17,GETI-B.ST,23.849985122680664,24.689775466918945,22.338367462158203,24.689775466918945,260637,15.094054397667119,0.0,1.0,yahoo,2024-06-23 23:05:15
2001-09-18,GETI-B.ST,24.689775466918945,25.193647384643555,24.689775466918945,24.85773277282715,545101,15.196734825654843,0.0,1.0,yahoo,2024-06-23 23:05:15
2001-09-19,GETI-B.ST,24.85773277282715,25.36160469055176,24.85773277282715,25.02569007873535,409817,15.299415253642566,0.0,1.0,yahoo,2024-06-23 23:05:15
2001-09-20,GETI-B.ST,25.02569007873535,25.109668731689453,24.353858947753903,24.689775466918945,907651,15.094054397667119,0.0,1.0,yahoo,2024-06-23 23:05:15
2001-09-21,GETI-B.ST,24.0179443359375,24.185901641845703,23.17815589904785,23.51407051086425,1367160,14.375289069644031,0.0,1.0,yahoo,2024-06-23 23:05:15
2001-09-24,GETI-B.ST,23.43009185791016,23.59804916381836,23.17815589904785,23.17815589904785,102418,14.169928213668587,0.0,1.0,yahoo,2024-06-23 23:05:15
2001-09-25,GETI-B.ST,23.26213455200196,23.34611320495605,22.338367462158203,22.506324768066406,1450365,13.759205335663184,0.0,1.0,yahoo,2024-06-23 23:05:15
2001-09-26,GETI-B.ST,22.590303421020508,22.67428207397461,22.0024528503418,22.67428207397461,330422,13.861885763650907,0.0,1.0,yahoo,2024-06-23 23:05:15
2001-09-27,GETI-B.ST,22.17041015625,22.17041015625,21.24664306640625,21.582557678222656,1404205,13.194461815676195,0.0,1.0,yahoo,2024-06-23 23:05:15
2001-09-28,GETI-B.ST,21.582557678222656,21.582557678222656,21.582557678222656,21.582557678222656,0,13.194461815676195,0.0,1.0,yahoo,2024-06-23 23:05:15
2001-10-01,GETI-B.ST,22.338367462158203,22.84223937988281,21.83449363708496,22.84223937988281,1395333,13.96456619163863,0.0,1.0,yahoo,2024-06-23 23:05:15
2001-10-02,GETI-B.ST,22.758262634277344,23.01019859313965,22.67428207397461,22.84223937988281,1687514,13.96456619163863,0.0,1.0,yahoo,2024-06-23 23:05:15
2001-10-03,GETI-B.ST,22.84223937988281,23.09417724609375,22.67428207397461,23.01019859313965,1018101,14.067247785680864,0.0,1.0,yahoo,2024-06-23 23:05:15
2001-10-04,GETI-B.ST,23.17815589904785,23.17815589904785,22.67428207397461,22.67428207397461,1796047,13.861885763650907,0.0,1.0,yahoo,2024-06-23 23:05:15
2001-10-05,GETI-B.ST,23.17815589904785,24.85773277282715,23.01019859313965,24.353858947753903,1453586,14.88869237563716,0.0,1.0,yahoo,2024-06-23 23:05:15
2001-10-08,GETI-B.ST,23.682029724121094,24.689775466918945,23.682029724121094,24.185901641845703,148722,14.786011947649438,0.0,1.0,yahoo,2024-06-23 23:05:15
2001-10-09,GETI-B.ST,24.0179443359375,24.185901641845703,23.849985122680664,23.849985122680664,136254,14.580649925619483,0.0,1.0,yahoo,2024-06-23 23:05:15
2001-10-10,GETI-B.ST,23.682029724121094,24.353858947753903,23.682029724121094,24.353858947753903,375183,14.88869237563716,0.0,1.0,yahoo,2024-06-23 23:05:15
2001-10-11,GETI-B.ST,24.689775466918945,25.36160469055176,24.353858947753903,25.193647384643555,829476,15.40209568163029,0.0,1.0,yahoo,2024-06-23 23:05:15
2001-10-12,GETI-B.ST,24.605796813964844,24.77375221252441,24.185901641845703,24.689775466918945,1362676,15.094054397667119,0.0,1.0,yahoo,2024-06-23 23:05:15
2001-10-15,GETI-B.ST,24.353858947753903,24.353858947753903,24.0179443359375,24.185901641845703,329880,14.786011947649438,0.0,1.0,yahoo,2024-06-23 23:05:15
2001-10-16,GETI-B.ST,24.185901641845703,24.185901641845703,24.185901641845703,24.185901641845703,0,14.786011947649438,0.0,1.0,yahoo,2024-06-23 23:05:15
2001-10-17,GETI-B.ST,24.52181625366211,24.52181625366211,24.269880294799805,24.52181625366211,3383888,14.991372803624886,0.0,1.0,yahoo,2024-06-23 23:05:15
2001-10-18,GETI-B.ST,24.185901641845703,25.193647384643555,24.185901641845703,25.193647384643555,2498266,15.40209568163029,0.0,1.0,yahoo,2024-06-23 23:05:15
2001-10-19,GETI-B.ST,25.5295639038086,25.5295639038086,24.689775466918945,24.85773277282715,514820,15.196734825654843,0.0,1.0,yahoo,2024-06-23 23:05:15
2001-10-22,GETI-B.ST,25.193647384643555,26.201393127441406,25.193647384643555,25.697519302368164,1256007,15.71013696559346,0.0,1.0,yahoo,2024-06-23 23:05:15
2001-10-23,GETI-B.ST,26.033435821533203,26.033435821533203,25.02569007873535,25.36160469055176,454793,15.504776109618016,0.0,1.0,yahoo,2024-06-23 23:05:15
2001-10-24,GETI-B.ST,25.5295639038086,25.697519302368164,24.94171142578125,24.94171142578125,245567,15.248075039648704,0.0,1.0,yahoo,2024-06-23 23:05:15
2001-10-25,GETI-B.ST,25.02569007873535,25.36160469055176,24.185901641845703,24.185901641845703,291442,14.786011947649438,0.0,1.0,yahoo,2024-06-23 23:05:15
2001-10-26,GETI-B.ST,24.185901641845703,24.185901641845703,24.185901641845703,24.185901641845703,0,14.786011947649438,0.0,1.0,yahoo,2024-06-23 23:05:15
2001-10-29,GETI-B.ST,24.77375221252441,24.85773277282715,24.605796813964844,24.689775466918945,240000,15.094054397667119,0.0,1.0,yahoo,2024-06-23 23:05:15
2001-10-30,GETI-B.ST,24.605796813964844,24.605796813964844,23.682029724121094,23.849985122680664,121780,14.580649925619483,0.0,1.0,yahoo,2024-06-23 23:05:15
2001-10-31,GETI-B.ST,24.353858947753903,24.689775466918945,24.1019229888916,24.689775466918945,482633,15.094054397667119,0.0,1.0,yahoo,2024-06-23 23:05:15
2001-11-01,GETI-B.ST,24.85773277282715,24.85773277282715,24.605796813964844,24.85773277282715,124942,15.196734825654843,0.0,1.0,yahoo,2024-06-23 23:05:15
2001-11-02,GETI-B.ST,25.02569007873535,25.193647384643555,24.269880294799805,24.269880294799805,478251,14.8373521616433,0.0,1.0,yahoo,2024-06-23 23:05:15
2001-11-05,GETI-B.ST,24.85773277282715,25.02569007873535,24.689775466918945,24.85773277282715,293800,15.196734825654843,0.0,1.0,yahoo,2024-06-23 23:05:15
2001-11-06,GETI-B.ST,25.109668731689453,25.109668731689453,24.689775466918945,24.94171142578125,80282,15.248075039648704,0.0,1.0,yahoo,2024-06-23 23:05:15
2001-11-07,GETI-B.ST,25.109668731689453,25.36160469055176,24.85773277282715,24.85773277282715,90499,15.196734825654843,0.0,1.0,yahoo,2024-06-23 23:05:15
2001-11-08,GETI-B.ST,24.85773277282715,25.193647384643555,24.85773277282715,25.02569007873535,1226201,15.299415253642566,0.0,1.0,yahoo,2024-06-23 23:05:15
2001-11-09,GETI-B.ST,24.94171142578125,25.02569007873535,24.269880294799805,24.353858947753903,147358,14.88869237563716,0.0,1.0,yahoo,2024-06-23 23:05:15
2001-11-12,GETI-B.ST,24.353858947753903,24.605796813964844,24.1019229888916,24.185901641845703,202967,14.786011947649438,0.0,1.0,yahoo,2024-06-23 23:05:15
2001-11-13,GETI-B.ST,24.269880294799805,25.02569007873535,24.269880294799805,25.02569007873535,167429,15.299415253642566,0.0,1.0,yahoo,2024-06-23 23:05:15
2001-11-14,GETI-B.ST,25.193647384643555,25.44558334350586,24.52181625366211,24.52181625366211,531383,14.991372803624886,0.0,1.0,yahoo,2024-06-23 23:05:15
2001-11-15,GETI-B.ST,24.689775466918945,25.36160469055176,24.689775466918945,24.94171142578125,631486,15.248075039648704,0.0,1.0,yahoo,2024-06-23 23:05:15
2001-11-16,GETI-B.ST,25.193647384643555,25.193647384643555,24.689775466918945,25.02569007873535,572989,15.299415253642566,0.0,1.0,yahoo,2024-06-23 23:05:15
2001-11-19,GETI-B.ST,25.193647384643555,25.7814998626709,25.193647384643555,25.697519302368164,455114,15.71013696559346,0.0,1.0,yahoo,2024-06-23 23:05:15
2001-11-20,GETI-B.ST,25.865478515625,25.865478515625,25.44558334350586,25.5295639038086,330267,15.60745770366025,0.0,1.0,yahoo,2024-06-23 23:05:15
2001-11-21,GETI-B.ST,25.5295639038086,25.697519302368164,25.02569007873535,25.02569007873535,127829,15.299415253642566,0.0,1.0,yahoo,2024-06-23 23:05:15
2001-11-22,GETI-B.ST,25.193647384643555,25.193647384643555,24.85773277282715,25.109668731689453,143178,15.350755467636429,0.0,1.0,yahoo,2024-06-23 23:05:15
2001-11-23,GETI-B.ST,25.02569007873535,25.697519302368164,25.02569007873535,25.61354255676269,591958,15.658797917654105,0.0,1.0,yahoo,2024-06-23 23:05:15
2001-11-26,GETI-B.ST,25.61354255676269,25.865478515625,25.193647384643555,25.7814998626709,433906,15.761478345641832,0.0,1.0,yahoo,2024-06-23 23:05:15
2001-11-27,GETI-B.ST,25.5295639038086,26.87322425842285,25.44558334350586,26.537309646606445,742216,16.223541437641096,0.0,1.0,yahoo,2024-06-23 23:05:15
2001-11-28,GETI-B.ST,26.70526695251465,27.20913887023925,26.45332908630371,27.20913887023925,1505730,16.634263149591987,0.0,1.0,yahoo,2024-06-23 23:05:15
2001-11-29,GETI-B.ST,26.87322425842285,27.545055389404297,26.87322425842285,27.29311752319336,843153,16.68560336358585,0.0,1.0,yahoo,2024-06-23 23:05:15
2001-11-30,GETI-B.ST,27.461076736450195,27.7969913482666,27.29311752319336,27.461076736450195,669835,16.788284957628086,0.0,1.0,yahoo,2024-06-23 23:05:15
2001-12-03,GETI-B.ST,27.37709617614746,27.37709617614746,26.95720291137696,27.04118156433105,397350,16.531582721604266,0.0,1.0,yahoo,2024-06-23 23:05:15
2001-12-04,GETI-B.ST,27.20913887023925,28.55280113220215,27.12516021728516,28.55280113220215,956514,17.455708905602798,0.0,1.0,yahoo,2024-06-23 23:05:15
2001-12-05,GETI-B.ST,28.72075843811035,29.22463035583496,27.964948654174805,28.63677978515625,825059,17.50704911959666,0.0,1.0,yahoo,2024-06-23 23:05:15
2001-12-06,GETI-B.ST,28.72075843811035,28.804737091064453,27.880970001220703,28.132905960083008,277450,17.19900666957898,0.0,1.0,yahoo,2024-06-23 23:05:15
2001-12-07,GETI-B.ST,28.384843826293945,28.384843826293945,27.880970001220703,27.880970001220703,421225,17.044986027597396,0.0,1.0,yahoo,2024-06-23 23:05:15
2001-12-10,GETI-B.ST,28.048927307128903,28.048927307128903,27.37709617614746,27.545055389404297,315781,16.839625171621947,0.0,1.0,yahoo,2024-06-23 23:05:15
2001-12-11,GETI-B.ST,27.29311752319336,27.37709617614746,26.70526695251465,26.87322425842285,916099,16.428902293616545,0.0,1.0,yahoo,2024-06-23 23:05:15
2001-12-12,GETI-B.ST,27.12516021728516,27.545055389404297,26.621288299560547,27.37709617614746,485211,16.736943577579716,0.0,1.0,yahoo,2024-06-23 23:05:15
2001-12-13,GETI-B.ST,27.461076736450195,28.21688461303711,27.461076736450195,27.964948654174805,1691545,17.096326241591257,0.0,1.0,yahoo,2024-06-23 23:05:15
2001-12-14,GETI-B.ST,27.7130126953125,27.964948654174805,27.7130126953125,27.7969913482666,992047,16.993645813603532,0.0,1.0,yahoo,2024-06-23 23:05:15
2001-12-17,GETI-B.ST,27.7130126953125,28.21688461303711,27.7130126953125,28.21688461303711,1193211,17.250346883572842,0.0,1.0,yahoo,2024-06-23 23:05:15
2001-12-18,GETI-B.ST,28.132905960083008,28.63677978515625,27.880970001220703,27.880970001220703,1375775,17.044986027597396,0.0,1.0,yahoo,2024-06-23 23:05:15
2001-12-19,GETI-B.ST,28.048927307128903,28.55280113220215,27.880970001220703,28.384843826293945,718079,17.353028477615076,0.0,1.0,yahoo,2024-06-23 23:05:15
2001-12-20,GETI-B.ST,28.55280113220215,28.55280113220215,27.880970001220703,27.880970001220703,213649,17.044986027597396,0.0,1.0,yahoo,2024-06-23 23:05:15
2001-12-21,GETI-B.ST,28.21688461303711,28.384843826293945,27.880970001220703,28.21688461303711,130937,17.250346883572842,0.0,1.0,yahoo,2024-06-23 23:05:15
2001-12-24,GETI-B.ST,28.21688461303711,28.21688461303711,28.21688461303711,28.21688461303711,0,17.250346883572842,0.0,1.0,yahoo,2024-06-23 23:05:15
2001-12-25,GETI-B.ST,28.21688461303711,28.21688461303711,28.21688461303711,28.21688461303711,0,17.250346883572842,0.0,1.0,yahoo,2024-06-23 23:05:15
2001-12-26,GETI-B.ST,28.21688461303711,28.21688461303711,28.21688461303711,28.21688461303711,0,17.250346883572842,0.0,1.0,yahoo,2024-06-23 23:05:15
2001-12-27,GETI-B.ST,28.048927307128903,28.384843826293945,28.048927307128903,28.132905960083008,93190,17.19900666957898,0.0,1.0,yahoo,2024-06-23 23:05:15
2001-12-28,GETI-B.ST,28.30086326599121,28.888715744018555,28.21688461303711,28.888715744018555,217298,17.661069761578247,0.0,1.0,yahoo,2024-06-23 23:05:15
2001-12-31,GETI-B.ST,28.888715744018555,28.888715744018555,28.888715744018555,28.888715744018555,0,17.661069761578247,0.0,1.0,yahoo,2024-06-23 23:05:15
2002-01-01,GETI-B.ST,28.888715744018555,28.888715744018555,28.888715744018555,28.888715744018555,0,17.661069761578247,0.0,1.0,yahoo,2024-06-23 23:05:15
2002-01-02,GETI-B.ST,29.22463035583496,29.22463035583496,28.55280113220215,28.888715744018555,123775,17.661069761578247,0.0,1.0,yahoo,2024-06-23 23:05:15
2002-01-03,GETI-B.ST,28.888715744018555,29.896461486816406,28.888715744018555,29.896461486816406,159814,18.277153495559098,0.0,1.0,yahoo,2024-06-23 23:05:15
2002-01-04,GETI-B.ST,29.980440139770508,29.980440139770508,29.14065170288086,29.6445255279541,184475,18.123132853577513,0.0,1.0,yahoo,2024-06-23 23:05:15
2002-01-07,GETI-B.ST,30.14839744567871,30.14839744567871,29.30861091613769,29.3925895690918,1315075,17.969112211595927,0.0,1.0,yahoo,2024-06-23 23:05:15
2002-01-08,GETI-B.ST,29.3925895690918,29.4765682220459,28.72075843811035,28.72075843811035,492421,17.558389333590522,0.0,1.0,yahoo,2024-06-23 23:05:15
2002-01-09,GETI-B.ST,28.804737091064453,28.888715744018555,28.384843826293945,28.55280113220215,634451,17.455708905602798,0.0,1.0,yahoo,2024-06-23 23:05:15
2002-01-10,GETI-B.ST,28.384843826293945,28.63677978515625,28.21688461303711,28.55280113220215,242317,17.455708905602798,0.0,1.0,yahoo,2024-06-23 23:05:15
2002-01-11,GETI-B.ST,28.72075843811035,29.14065170288086,28.72075843811035,29.05667304992676,1321851,17.76375018956597,0.0,1.0,yahoo,2024-06-23 23:05:15
2002-01-14,GETI-B.ST,28.72075843811035,28.888715744018555,28.55280113220215,28.888715744018555,83437,17.661069761578247,0.0,1.0,yahoo,2024-06-23 23:05:15
2002-01-15,GETI-B.ST,28.888715744018555,29.3925895690918,28.888715744018555,29.3925895690918,558307,17.969112211595927,0.0,1.0,yahoo,2024-06-23 23:05:15
2002-01-16,GETI-B.ST,29.22463035583496,29.3925895690918,29.14065170288086,29.30861091613769,1054039,17.917771997602063,0.0,1.0,yahoo,2024-06-23 23:05:15
2002-01-17,GETI-B.ST,29.30861091613769,29.560546875,29.22463035583496,29.560546875,506699,18.07179263958365,0.0,1.0,yahoo,2024-06-23 23:05:15
2002-01-18,GETI-B.ST,29.560546875,31.07216453552246,29.560546875,30.56829261779785,573781,18.6878763735645,0.0,1.0,yahoo,2024-06-23 23:05:15
2002-01-21,GETI-B.ST,31.07216453552246,31.743995666503903,31.07216453552246,31.576038360595703,716037,19.30396010754535,0.0,1.0,yahoo,2024-06-23 23:05:15
2002-01-22,GETI-B.ST,31.576038360595703,31.576038360595703,30.48431396484375,31.07216453552246,1603856,18.99591765752767,0.0,1.0,yahoo,2024-06-23 23:05:15
2002-01-23,GETI-B.ST,30.90420722961425,31.4920597076416,30.73624992370605,31.3241024017334,1957755,19.149939465563765,0.0,1.0,yahoo,2024-06-23 23:05:15
2002-01-24,GETI-B.ST,31.240123748779297,31.743995666503903,31.240123748779297,31.743995666503903,1170265,19.40664053553307,0.0,1.0,yahoo,2024-06-23 23:05:15
2002-01-25,GETI-B.ST,31.743995666503903,31.743995666503903,30.56829261779785,31.07216453552246,480710,18.99591765752767,0.0,1.0,yahoo,2024-06-23 23:05:15
2002-01-28,GETI-B.ST,31.240123748779297,32.33184814453125,31.240123748779297,32.07991027832031,724414,19.61200139150852,0.0,1.0,yahoo,2024-06-23 23:05:15
2002-01-29,GETI-B.ST,32.75174331665039,32.75174331665039,31.4920597076416,31.911954879760746,1918037,19.50932212957531,0.0,1.0,yahoo,2024-06-23 23:05:15
2002-01-30,GETI-B.ST,31.911954879760746,32.49980545043945,31.911954879760746,31.911954879760746,538457,19.50932212957531,0.0,1.0,yahoo,2024-06-23 23:05:15
2002-01-31,GETI-B.ST,31.911954879760746,32.667762756347656,31.743995666503903,32.07991027832031,763204,19.61200139150852,0.0,1.0,yahoo,2024-06-23 23:05:15
2002-02-01,GETI-B.ST,31.99593162536621,32.415828704833984,31.99593162536621,32.33184814453125,357149,19.766023199544616,0.0,1.0,yahoo,2024-06-23 23:05:15
2002-02-04,GETI-B.ST,32.415828704833984,34.095401763916016,32.07991027832031,34.095401763916016,570655,20.844168859470223,0.0,1.0,yahoo,2024-06-23 23:05:15
2002-02-05,GETI-B.ST,33.591529846191406,33.92744445800781,33.591529846191406,33.92744445800781,1312074,20.7414884314825,0.0,1.0,yahoo,2024-06-23 23:05:15
2002-02-06,GETI-B.ST,33.591529846191406,34.59927749633789,33.4235725402832,34.59927749633789,760560,21.152212475542413,0.0,1.0,yahoo,2024-06-23 23:05:15
2002-02-07,GETI-B.ST,34.43131637573242,34.767234802246094,33.00367736816406,33.00367736816406,645924,20.17674491149551,0.0,1.0,yahoo,2024-06-23 23:05:15
2002-02-08,GETI-B.ST,32.919700622558594,33.591529846191406,32.667762756347656,32.919700622558594,1010582,20.125405863556157,0.0,1.0,yahoo,2024-06-23 23:05:15
2002-02-11,GETI-B.ST,32.919700622558594,33.0876579284668,32.667762756347656,32.667762756347656,239530,19.971384055520065,0.0,1.0,yahoo,2024-06-23 23:05:15
2002-02-12,GETI-B.ST,32.75174331665039,32.75174331665039,31.4920597076416,32.75174331665039,811609,20.022725435568436,0.0,1.0,yahoo,2024-06-23 23:05:15
2002-02-13,GETI-B.ST,33.0876579284668,33.843467712402344,33.0876579284668,33.75948715209961,557717,20.638808003494777,0.0,1.0,yahoo,2024-06-23 23:05:15
2002-02-14,GETI-B.ST,33.75948715209961,33.92744445800781,33.0876579284668,33.67551040649414,130842,20.587468955555423,0.0,1.0,yahoo,2024-06-23 23:05:15
2002-02-15,GETI-B.ST,33.4235725402832,33.92744445800781,33.4235725402832,33.92744445800781,152597,20.7414884314825,0.0,1.0,yahoo,2024-06-23 23:05:15
2002-02-18,GETI-B.ST,33.843467712402344,33.92744445800781,33.67551040649414,33.67551040649414,0,20.587468955555423,0.0,1.0,yahoo,2024-06-23 23:05:15
2002-02-19,GETI-B.ST,33.75948715209961,33.75948715209961,32.75174331665039,32.75174331665039,0,20.022725435568436,0.0,1.0,yahoo,2024-06-23 23:05:15
2002-02-20,GETI-B.ST,32.75174331665039,32.83572006225586,32.58378219604492,32.75174331665039,0,20.022725435568436,0.0,1.0,yahoo,2024-06-23 23:05:15
2002-02-21,GETI-B.ST,32.83572006225586,33.591529846191406,32.83572006225586,32.83572006225586,0,20.074064483507787,0.0,1.0,yahoo,2024-06-23 23:05:15
2002-02-22,GETI-B.ST,32.83572006225586,33.591529846191406,32.75174331665039,33.591529846191406,0,20.536127575507052,0.0,1.0,yahoo,2024-06-23 23:05:15
2002-02-25,GETI-B.ST,33.591529846191406,33.591529846191406,33.255615234375,33.255615234375,0,20.330766719531606,0.0,1.0,yahoo,2024-06-23 23:05:15
2002-02-26,GETI-B.ST,33.50754928588867,33.591529846191406,33.339595794677734,33.50754928588867,0,20.484786195458682,0.0,1.0,yahoo,2024-06-23 23:05:15
2002-02-27,GETI-B.ST,33.591529846191406,33.591529846191406,33.50754928588867,33.591529846191406,0,20.536127575507052,0.0,1.0,yahoo,2024-06-23 23:05:15
2002-02-28,GETI-B.ST,33.591529846191406,33.591529846191406,33.4235725402832,33.591529846191406,0,20.536127575507052,0.0,1.0,yahoo,2024-06-23 23:05:15
2002-03-01,GETI-B.ST,33.591529846191406,33.591529846191406,33.339595794677734,33.339595794677734,0,20.382108099579977,0.0,1.0,yahoo,2024-06-23 23:05:15
2002-03-04,GETI-B.ST,33.75948715209961,34.263362884521484,33.00367736816406,33.0876579284668,0,20.22808629154388,0.0,1.0,yahoo,2024-06-23 23:05:15
2002-03-05,GETI-B.ST,33.171634674072266,33.171634674072266,32.58378219604492,32.667762756347656,0,19.971384055520065,0.0,1.0,yahoo,2024-06-23 23:05:15
2002-03-06,GETI-B.ST,32.667762756347656,32.83572006225586,32.415828704833984,32.75174331665039,0,20.022725435568436,0.0,1.0,yahoo,2024-06-23 23:05:15
2002-03-07,GETI-B.ST,32.75174331665039,32.75174331665039,32.07991027832031,32.24786758422852,0,19.71468181949625,0.0,1.0,yahoo,2024-06-23 23:05:15
2002-03-08,GETI-B.ST,32.24786758422852,32.75174331665039,31.240123748779297,32.75174331665039,0,20.022725435568436,0.0,1.0,yahoo,2024-06-23 23:05:15
2002-03-11,GETI-B.ST,32.415828704833984,32.75174331665039,32.415828704833984,32.667762756347656,0,19.971384055520065,0.0,1.0,yahoo,2024-06-23 23:05:15
2002-03-12,GETI-B.ST,32.58378219604492,32.58378219604492,31.576038360595703,31.827974319458008,0,19.457980749526936,0.0,1.0,yahoo,2024-06-23 23:05:15
2002-03-13,GETI-B.ST,31.827974319458008,31.99593162536621,31.743995666503903,31.911954879760746,0,19.50932212957531,0.0,1.0,yahoo,2024-06-23 23:05:15
2002-03-14,GETI-B.ST,31.911954879760746,32.75174331665039,31.911954879760746,31.911954879760746,0,19.50932212957531,0.0,1.0,yahoo,2024-06-23 23:05:15
2002-03-15,GETI-B.ST,32.16389083862305,32.415828704833984,31.911954879760746,31.99593162536621,0,19.56066117751466,0.0,1.0,yahoo,2024-06-23 23:05:15
2002-03-18,GETI-B.ST,31.911954879760746,32.24786758422852,31.911954879760746,32.07991027832031,0,19.61200139150852,0.0,1.0,yahoo,2024-06-23 23:05:15
2002-03-19,GETI-B.ST,31.911954879760746,32.919700622558594,31.911954879760746,32.83572006225586,0,20.074064483507787,0.0,1.0,yahoo,2024-06-23 23:05:15
2002-03-20,GETI-B.ST,32.415828704833984,32.58378219604492,31.911954879760746,31.99593162536621,0,19.56066117751466,0.0,1.0,yahoo,2024-06-23 23:05:15
2002-03-21,GETI-B.ST,31.911954879760746,31.911954879760746,30.82022857666016,31.911954879760746,0,19.50932212957531,0.0,1.0,yahoo,2024-06-23 23:05:15
2002-03-22,GETI-B.ST,31.911954879760746,31.911954879760746,31.743995666503903,31.743995666503903,0,19.40664053553307,0.0,1.0,yahoo,2024-06-23 23:05:15
2002-03-25,GETI-B.ST,31.743995666503903,32.667762756347656,31.576038360595703,32.49980545043945,0,19.86870362753234,0.0,1.0,yahoo,2024-06-23 23:05:15
2002-03-26,GETI-B.ST,32.24786758422852,32.24786758422852,31.827974319458008,31.99593162536621,0,19.56066117751466,0.0,1.0,yahoo,2024-06-23 23:05:15
2002-03-27,GETI-B.ST,32.16389083862305,32.24786758422852,31.911954879760746,31.99593162536621,0,19.56066117751466,0.0,1.0,yahoo,2024-06-23 23:05:15
2002-03-28,GETI-B.ST,31.99593162536621,31.99593162536621,31.99593162536621,31.99593162536621,0,19.56066117751466,0.0,1.0,yahoo,2024-06-23 23:05:15
2002-03-29,GETI-B.ST,31.99593162536621,31.99593162536621,31.99593162536621,31.99593162536621,0,19.56066117751466,0.0,1.0,yahoo,2024-06-23 23:05:15
2002-04-01,GETI-B.ST,31.99593162536621,31.99593162536621,31.99593162536621,31.99593162536621,0,19.56066117751466,0.0,1.0,yahoo,2024-06-23 23:05:15
2002-04-02,GETI-B.ST,32.24786758422852,32.415828704833984,32.16389083862305,32.24786758422852,724259,19.71468181949625,0.0,1.0,yahoo,2024-06-23 23:05:15
2002-04-03,GETI-B.ST,32.24786758422852,33.4235725402832,32.24786758422852,33.255615234375,714299,20.330766719531606,0.0,1.0,yahoo,2024-06-23 23:05:15
2002-04-04,GETI-B.ST,33.255615234375,33.255615234375,32.16389083862305,32.33184814453125,624181,19.766023199544616,0.0,1.0,yahoo,2024-06-23 23:05:15
2002-04-05,GETI-B.ST,32.415828704833984,32.415828704833984,31.911954879760746,32.07991027832031,317800,19.61200139150852,0.0,1.0,yahoo,2024-06-23 23:05:15
2002-04-08,GETI-B.ST,32.07991027832031,32.07991027832031,31.576038360595703,31.743995666503903,366645,19.40664053553307,0.0,1.0,yahoo,2024-06-23 23:05:15
2002-04-09,GETI-B.ST,31.911954879760746,31.911954879760746,31.660017013549805,31.827974319458008,202104,19.457980749526936,0.0,1.0,yahoo,2024-06-23 23:05:15
2002-04-10,GETI-B.ST,31.743995666503903,31.743995666503903,31.576038360595703,31.743995666503903,791699,19.40664053553307,0.0,1.0,yahoo,2024-06-23 23:05:15
2002-04-11,GETI-B.ST,31.743995666503903,31.911954879760746,31.576038360595703,31.743995666503903,443617,19.40664053553307,0.0,1.0,yahoo,2024-06-23 23:05:15
2002-04-12,GETI-B.ST,31.743995666503903,31.743995666503903,31.4080810546875,31.4080810546875,285488,19.20127967955763,0.0,1.0,yahoo,2024-06-23 23:05:15
2002-04-15,GETI-B.ST,31.576038360595703,31.576038360595703,30.73624992370605,30.82022857666016,287268,18.84189701554609,0.0,1.0,yahoo,2024-06-23 23:05:15
2002-04-16,GETI-B.ST,30.65227127075196,30.65227127075196,29.560546875,30.14839744567871,2340316,18.431174137540683,0.0,1.0,yahoo,2024-06-23 23:05:15
2002-04-17,GETI-B.ST,29.980440139770508,31.4080810546875,29.896461486816406,30.82022857666016,248389,18.84189701554609,0.0,1.0,yahoo,2024-06-23 23:05:15
2002-04-18,GETI-B.ST,31.07216453552246,32.33184814453125,30.90420722961425,31.576038360595703,1010076,19.30396010754535,0.0,1.0,yahoo,2024-06-23 23:05:15
2002-04-19,GETI-B.ST,31.4080810546875,32.24786758422852,31.4080810546875,32.07991027832031,6108706,20.15751310808217,0.854525,1.0,yahoo,2024-06-23 23:05:15
2002-04-22,GETI-B.ST,31.743995666503903,31.827974319458008,31.4920597076416,31.576038360595703,130199,19.840903594582617,0.0,1.0,yahoo,2024-06-23 23:05:15
2002-04-23,GETI-B.ST,31.4920597076416,31.99593162536621,31.4920597076416,31.99593162536621,4056754,20.104744855832244,0.0,1.0,yahoo,2024-06-23 23:05:15
2002-04-24,GETI-B.ST,32.415828704833984,32.58378219604492,31.743995666503903,32.24786758422852,413270,20.263049612582027,0.0,1.0,yahoo,2024-06-23 23:05:15
2002-04-25,GETI-B.ST,31.911954879760746,32.667762756347656,31.911954879760746,31.99593162536621,1476056,20.104744855832244,0.0,1.0,yahoo,2024-06-23 23:05:15
2002-04-26,GETI-B.ST,31.911954879760746,32.75174331665039,31.911954879760746,32.58378219604492,564517,20.474122621581724,0.0,1.0,yahoo,2024-06-23 23:05:15
2002-04-29,GETI-B.ST,32.415828704833984,33.00367736816406,32.33184814453125,32.33184814453125,1648516,20.315819063320493,0.0,1.0,yahoo,2024-06-23 23:05:15
2002-04-30,GETI-B.ST,32.24786758422852,32.58378219604492,31.911954879760746,32.16389083862305,393218,20.210282558820644,0.0,1.0,yahoo,2024-06-23 23:05:15
2002-05-01,GETI-B.ST,32.16389083862305,32.16389083862305,32.16389083862305,32.16389083862305,0,20.210282558820644,0.0,1.0,yahoo,2024-06-23 23:05:15
2002-05-02,GETI-B.ST,32.24786758422852,32.75174331665039,32.24786758422852,32.33184814453125,815253,20.315819063320493,0.0,1.0,yahoo,2024-06-23 23:05:15
2002-05-03,GETI-B.ST,32.33184814453125,32.667762756347656,31.911954879760746,32.07991027832031,920738,20.15751310808217,0.0,1.0,yahoo,2024-06-23 23:05:15
2002-05-06,GETI-B.ST,31.660017013549805,32.07991027832031,31.4080810546875,31.911954879760746,176353,20.05197780207087,0.0,1.0,yahoo,2024-06-23 23:05:15
2002-05-07,GETI-B.ST,30.73624992370605,32.07991027832031,30.73624992370605,31.4920597076416,1841297,19.78813534233269,0.0,1.0,yahoo,2024-06-23 23:05:15
2002-05-08,GETI-B.ST,32.07991027832031,32.07991027832031,31.4920597076416,31.4920597076416,265519,19.78813534233269,0.0,1.0,yahoo,2024-06-23 23:05:15
2002-05-09,GETI-B.ST,31.4920597076416,31.4920597076416,31.4920597076416,31.4920597076416,0,19.78813534233269,0.0,1.0,yahoo,2024-06-23 23:05:15
2002-05-10,GETI-B.ST,32.24786758422852,32.33184814453125,31.07216453552246,31.07216453552246,1665145,19.524292882594516,0.0,1.0,yahoo,2024-06-23 23:05:15
2002-05-13,GETI-B.ST,31.07216453552246,31.743995666503903,31.07216453552246,31.743995666503903,106098,19.946440099082466,0.0,1.0,yahoo,2024-06-23 23:05:15
2002-05-14,GETI-B.ST,31.743995666503903,31.911954879760746,31.4080810546875,31.827974319458008,308756,19.999208351332392,0.0,1.0,yahoo,2024-06-23 23:05:15
2002-05-15,GETI-B.ST,32.07991027832031,32.07991027832031,31.576038360595703,31.576038360595703,506651,19.840903594582617,0.0,1.0,yahoo,2024-06-23 23:05:15
2002-05-16,GETI-B.ST,31.743995666503903,31.743995666503903,31.07216453552246,31.07216453552246,268871,19.524292882594516,0.0,1.0,yahoo,2024-06-23 23:05:15
2002-05-17,GETI-B.ST,30.90420722961425,31.4080810546875,30.56829261779785,31.15614318847656,924036,19.57706113484444,0.0,1.0,yahoo,2024-06-23 23:05:15
2002-05-20,GETI-B.ST,31.15614318847656,31.15614318847656,31.15614318847656,31.15614318847656,0,19.57706113484444,0.0,1.0,yahoo,2024-06-23 23:05:15
2002-05-21,GETI-B.ST,31.15614318847656,31.911954879760746,30.90420722961425,31.660017013549805,557545,19.893671846832543,0.0,1.0,yahoo,2024-06-23 23:05:15
2002-05-22,GETI-B.ST,31.576038360595703,31.743995666503903,31.4080810546875,31.743995666503903,649901,19.946440099082466,0.0,1.0,yahoo,2024-06-23 23:05:15
2002-05-23,GETI-B.ST,31.4920597076416,31.911954879760746,31.4080810546875,31.911954879760746,1159697,20.05197780207087,0.0,1.0,yahoo,2024-06-23 23:05:15
2002-05-24,GETI-B.ST,31.576038360595703,31.827974319458008,31.4080810546875,31.576038360595703,820272,19.840903594582617,0.0,1.0,yahoo,2024-06-23 23:05:15
2002-05-27,GETI-B.ST,31.576038360595703,31.743995666503903,31.3241024017334,31.743995666503903,113778,19.946440099082466,0.0,1.0,yahoo,2024-06-23 23:05:15
2002-05-28,GETI-B.ST,31.743995666503903,31.743995666503903,31.4080810546875,31.660017013549805,356155,19.893671846832543,0.0,1.0,yahoo,2024-06-23 23:05:15
2002-05-29,GETI-B.ST,31.576038360595703,31.576038360595703,30.90420722961425,31.07216453552246,950650,19.524292882594516,0.0,1.0,yahoo,2024-06-23 23:05:15
2002-05-30,GETI-B.ST,30.90420722961425,30.90420722961425,30.06441879272461,30.40033531188965,482544,19.10214686459511,0.0,1.0,yahoo,2024-06-23 23:05:15
2002-05-31,GETI-B.ST,31.07216453552246,31.911954879760746,30.65227127075196,31.911954879760746,725289,20.05197780207087,0.0,1.0,yahoo,2024-06-23 23:05:15
2002-06-03,GETI-B.ST,31.827974319458008,31.911954879760746,30.988187789916992,31.576038360595703,186683,19.840903594582617,0.0,1.0,yahoo,2024-06-23 23:05:15
2002-06-04,GETI-B.ST,31.827974319458008,31.827974319458008,30.90420722961425,31.07216453552246,990029,19.524292882594516,0.0,1.0,yahoo,2024-06-23 23:05:15
2002-06-05,GETI-B.ST,31.07216453552246,31.4080810546875,31.07216453552246,31.240123748779297,390491,19.629830585582916,0.0,1.0,yahoo,2024-06-23 23:05:15
2002-06-06,GETI-B.ST,31.240123748779297,31.911954879760746,31.07216453552246,31.240123748779297,715787,19.629830585582916,0.0,1.0,yahoo,2024-06-23 23:05:15
2002-06-07,GETI-B.ST,31.15614318847656,31.15614318847656,29.812482833862305,29.896461486816406,2389268,18.785536152607012,0.0,1.0,yahoo,2024-06-23 23:05:15
2002-06-10,GETI-B.ST,29.3925895690918,31.07216453552246,29.3925895690918,31.07216453552246,417545,19.524292882594516,0.0,1.0,yahoo,2024-06-23 23:05:15
2002-06-11,GETI-B.ST,30.14839744567871,30.73624992370605,30.06441879272461,30.40033531188965,126222,19.10214686459511,0.0,1.0,yahoo,2024-06-23 23:05:15
2002-06-12,GETI-B.ST,30.06441879272461,30.48431396484375,30.06441879272461,30.40033531188965,2151911,19.10214686459511,0.0,1.0,yahoo,2024-06-23 23:05:15
2002-06-13,GETI-B.ST,30.06441879272461,30.40033531188965,29.980440139770508,30.40033531188965,353702,19.10214686459511,0.0,1.0,yahoo,2024-06-23 23:05:15
2002-06-14,GETI-B.ST,30.23237609863281,30.23237609863281,29.3925895690918,29.3925895690918,518589,18.46892663910746,0.0,1.0,yahoo,2024-06-23 23:05:15
2002-06-17,GETI-B.ST,29.560546875,29.896461486816406,29.3925895690918,29.896461486816406,250277,18.785536152607012,0.0,1.0,yahoo,2024-06-23 23:05:15
2002-06-18,GETI-B.ST,30.48431396484375,30.73624992370605,30.316356658935547,30.316356658935547,376106,19.049378612345187,0.0,1.0,yahoo,2024-06-23 23:05:15
2002-06-19,GETI-B.ST,30.40033531188965,30.48431396484375,30.23237609863281,30.23237609863281,907466,18.99660916160671,0.0,1.0,yahoo,2024-06-23 23:05:15
2002-06-20,GETI-B.ST,30.06441879272461,30.06441879272461,29.05667304992676,29.3925895690918,472767,18.46892663910746,0.0,1.0,yahoo,2024-06-23 23:05:15
2002-06-21,GETI-B.ST,29.3925895690918,29.3925895690918,29.3925895690918,29.3925895690918,0,18.46892663910746,0.0,1.0,yahoo,2024-06-23 23:05:15
2002-06-24,GETI-B.ST,29.3925895690918,29.3925895690918,29.3925895690918,29.3925895690918,0,18.46892663910746,0.0,1.0,yahoo,2024-06-23 23:05:15
2002-06-25,GETI-B.ST,27.964948654174805,28.72075843811035,27.880970001220703,28.72075843811035,384424,18.046779422619505,0.0,1.0,yahoo,2024-06-23 23:05:15
2002-06-26,GETI-B.ST,27.880970001220703,28.21688461303711,26.87322425842285,28.21688461303711,938474,17.730168710631403,0.0,1.0,yahoo,2024-06-23 23:05:15
2002-06-27,GETI-B.ST,28.21688461303711,29.6445255279541,28.21688461303711,28.63677978515625,874916,17.99401117036958,0.0,1.0,yahoo,2024-06-23 23:05:15
2002-06-28,GETI-B.ST,28.72075843811035,30.56829261779785,28.72075843811035,30.23237609863281,428363,18.99660916160671,0.0,1.0,yahoo,2024-06-23 23:05:15
2002-07-01,GETI-B.ST,30.56829261779785,30.65227127075196,29.728504180908203,29.896461486816406,371855,18.785536152607012,0.0,1.0,yahoo,2024-06-23 23:05:15
2002-07-02,GETI-B.ST,29.14065170288086,30.14839744567871,29.14065170288086,29.896461486816406,402256,18.785536152607012,0.0,1.0,yahoo,2024-06-23 23:05:15
2002-07-03,GETI-B.ST,30.23237609863281,30.48431396484375,30.06441879272461,30.23237609863281,476608,18.99660916160671,0.0,1.0,yahoo,2024-06-23 23:05:15
2002-07-04,GETI-B.ST,30.06441879272461,30.23237609863281,29.728504180908203,30.23237609863281,75757,18.99660916160671,0.0,1.0,yahoo,2024-06-23 23:05:15
2002-07-05,GETI-B.ST,30.56829261779785,30.56829261779785,30.14839744567871,30.23237609863281,675557,18.99660916160671,0.0,1.0,yahoo,2024-06-23 23:05:15
2002-07-08,GETI-B.ST,30.23237609863281,30.56829261779785,29.560546875,29.6445255279541,71791,18.627231395857233,0.0,1.0,yahoo,2024-06-23 23:05:15
2002-07-09,GETI-B.ST,29.6445255279541,29.896461486816406,29.22463035583496,29.30861091613769,334042,18.41615838685753,0.0,1.0,yahoo,2024-06-23 23:05:15
2002-07-10,GETI-B.ST,28.55280113220215,28.972694396972656,27.7130126953125,27.880970001220703,590095,17.519095701631702,0.0,1.0,yahoo,2024-06-23 23:05:15
2002-07-11,GETI-B.ST,27.545055389404297,27.7969913482666,27.04118156433105,27.545055389404297,602884,17.308022692632,0.0,1.0,yahoo,2024-06-23 23:05:15
2002-07-12,GETI-B.ST,27.7130126953125,28.30086326599121,27.7130126953125,28.048927307128903,313233,17.62463220613155,0.0,1.0,yahoo,2024-06-23 23:05:15
2002-07-15,GETI-B.ST,28.132905960083008,28.30086326599121,27.880970001220703,27.964948654174805,200824,17.57186395388163,0.0,1.0,yahoo,2024-06-23 23:05:15
2002-07-16,GETI-B.ST,27.7130126953125,28.048927307128903,27.12516021728516,27.37709617614746,1264009,17.2024849896436,0.0,1.0,yahoo,2024-06-23 23:05:15
2002-07-17,GETI-B.ST,27.12516021728516,27.545055389404297,26.201393127441406,26.95720291137696,732083,16.93864372839398,0.0,1.0,yahoo,2024-06-23 23:05:15
2002-07-18,GETI-B.ST,27.7130126953125,28.132905960083008,26.70526695251465,27.37709617614746,233392,17.2024849896436,0.0,1.0,yahoo,2024-06-23 23:05:15
2002-07-19,GETI-B.ST,27.37709617614746,27.7130126953125,26.87322425842285,26.87322425842285,278314,16.885875476144047,0.0,1.0,yahoo,2024-06-23 23:05:15
2002-07-22,GETI-B.ST,26.621288299560547,26.70526695251465,25.865478515625,26.033435821533203,185451,16.358191755156245,0.0,1.0,yahoo,2024-06-23 23:05:15
2002-07-23,GETI-B.ST,26.033435821533203,26.201393127441406,24.52181625366211,25.02569007873535,630998,15.724971529668592,0.0,1.0,yahoo,2024-06-23 23:05:15
2002-07-24,GETI-B.ST,24.353858947753903,24.77375221252441,23.17815589904785,24.269880294799805,1675303,15.250056060930715,0.0,1.0,yahoo,2024-06-23 23:05:15
2002-07-25,GETI-B.ST,25.61354255676269,27.37709617614746,25.02569007873535,26.87322425842285,603068,16.885875476144047,0.0,1.0,yahoo,2024-06-23 23:05:15
2002-07-26,GETI-B.ST,25.5295639038086,27.04118156433105,25.5295639038086,25.865478515625,165678,16.252655250656396,0.0,1.0,yahoo,2024-06-23 23:05:15
2002-07-29,GETI-B.ST,26.87322425842285,27.7130126953125,26.033435821533203,26.95720291137696,146316,16.93864372839398,0.0,1.0,yahoo,2024-06-23 23:05:15
2002-07-30,GETI-B.ST,27.7130126953125,28.55280113220215,27.7130126953125,28.468822479248047,292669,17.88847466586973,0.0,1.0,yahoo,2024-06-23 23:05:15
2002-07-31,GETI-B.ST,29.560546875,30.06441879272461,28.048927307128903,29.980440139770508,189928,18.838304404856935,0.0,1.0,yahoo,2024-06-23 23:05:15
2002-08-01,GETI-B.ST,29.728504180908203,29.980440139770508,28.30086326599121,29.560546875,388330,18.574463143607307,0.0,1.0,yahoo,2024-06-23 23:05:15
2002-08-02,GETI-B.ST,29.4765682220459,29.980440139770508,29.05667304992676,29.560546875,1233971,18.574463143607307,0.0,1.0,yahoo,2024-06-23 23:05:15
2002-08-05,GETI-B.ST,29.30861091613769,30.14839744567871,28.888715744018555,29.05667304992676,181259,18.25785243161921,0.0,1.0,yahoo,2024-06-23 23:05:15
2002-08-06,GETI-B.ST,28.21688461303711,28.72075843811035,27.12516021728516,28.55280113220215,664512,17.941242918119656,0.0,1.0,yahoo,2024-06-23 23:05:15
2002-08-07,GETI-B.ST,29.05667304992676,29.14065170288086,28.048927307128903,28.132905960083008,70017,17.67740045838148,0.0,1.0,yahoo,2024-06-23 23:05:15
2002-08-08,GETI-B.ST,28.21688461303711,28.30086326599121,27.37709617614746,27.37709617614746,141106,17.2024849896436,0.0,1.0,yahoo,2024-06-23 23:05:15
2002-08-09,GETI-B.ST,27.880970001220703,29.05667304992676,27.62903213500977,28.384843826293945,1312122,17.835706413619803,0.0,1.0,yahoo,2024-06-23 23:05:15
2002-08-12,GETI-B.ST,28.55280113220215,28.55280113220215,28.21688461303711,28.384843826293945,250485,17.835706413619803,0.0,1.0,yahoo,2024-06-23 23:05:15
2002-08-13,GETI-B.ST,27.880970001220703,28.63677978515625,27.7969913482666,28.468822479248047,89724,17.88847466586973,0.0,1.0,yahoo,2024-06-23 23:05:15
2002-08-14,GETI-B.ST,28.21688461303711,28.888715744018555,28.21688461303711,28.384843826293945,151425,17.835706413619803,0.0,1.0,yahoo,2024-06-23 23:05:15
2002-08-15,GETI-B.ST,28.72075843811035,29.3925895690918,28.30086326599121,29.3925895690918,265412,18.46892663910746,0.0,1.0,yahoo,2024-06-23 23:05:15
2002-08-16,GETI-B.ST,29.896461486816406,29.896461486816406,28.21688461303711,29.14065170288086,84604,18.310620683869132,0.0,1.0,yahoo,2024-06-23 23:05:15
2002-08-19,GETI-B.ST,29.05667304992676,29.22463035583496,28.888715744018555,29.22463035583496,375433,18.36338893611906,0.0,1.0,yahoo,2024-06-23 23:05:15
2002-08-20,GETI-B.ST,29.728504180908203,29.728504180908203,29.22463035583496,29.30861091613769,768586,18.41615838685753,0.0,1.0,yahoo,2024-06-23 23:05:15
2002-08-21,GETI-B.ST,29.728504180908203,30.06441879272461,29.560546875,29.728504180908203,396826,18.67999964810716,0.0,1.0,yahoo,2024-06-23 23:05:15
2002-08-22,GETI-B.ST,29.812482833862305,30.40033531188965,29.812482833862305,29.896461486816406,439586,18.785536152607012,0.0,1.0,yahoo,2024-06-23 23:05:15
2002-08-23,GETI-B.ST,29.3925895690918,29.6445255279541,29.22463035583496,29.3925895690918,146495,18.46892663910746,0.0,1.0,yahoo,2024-06-23 23:05:15
2002-08-26,GETI-B.ST,29.3925895690918,29.560546875,29.22463035583496,29.3925895690918,836157,18.46892663910746,0.0,1.0,yahoo,2024-06-23 23:05:15
2002-08-27,GETI-B.ST,29.6445255279541,29.6445255279541,29.4765682220459,29.560546875,504889,18.574463143607307,0.0,1.0,yahoo,2024-06-23 23:05:15
2002-08-28,GETI-B.ST,30.06441879272461,30.06441879272461,28.72075843811035,29.728504180908203,954407,18.67999964810716,0.0,1.0,yahoo,2024-06-23 23:05:15
2002-08-29,GETI-B.ST,29.3925895690918,29.560546875,29.05667304992676,29.05667304992676,444076,18.25785243161921,0.0,1.0,yahoo,2024-06-23 23:05:15
2002-08-30,GETI-B.ST,29.30861091613769,29.560546875,29.30861091613769,29.3925895690918,1503414,18.46892663910746,0.0,1.0,yahoo,2024-06-23 23:05:15
2002-09-02,GETI-B.ST,28.468822479248047,29.4765682220459,28.468822479248047,29.4765682220459,188863,18.521694891357384,0.0,1.0,yahoo,2024-06-23 23:05:15
2002-09-03,GETI-B.ST,29.22463035583496,29.22463035583496,28.55280113220215,28.888715744018555,615738,18.152315927119357,0.0,1.0,yahoo,2024-06-23 23:05:15
2002-09-04,GETI-B.ST,28.888715744018555,29.05667304992676,28.21688461303711,28.21688461303711,316942,17.730168710631403,0.0,1.0,yahoo,2024-06-23 23:05:15
2002-09-05,GETI-B.ST,28.55280113220215,28.888715744018555,27.880970001220703,28.048927307128903,297604,17.62463220613155,0.0,1.0,yahoo,2024-06-23 23:05:15
2002-09-06,GETI-B.ST,28.048927307128903,30.06441879272461,28.048927307128903,28.888715744018555,349885,18.152315927119357,0.0,1.0,yahoo,2024-06-23 23:05:15
2002-09-09,GETI-B.ST,29.560546875,29.896461486816406,29.3925895690918,29.560546875,205516,18.574463143607307,0.0,1.0,yahoo,2024-06-23 23:05:15
2002-09-10,GETI-B.ST,29.3925895690918,29.560546875,29.05667304992676,29.3925895690918,539326,18.46892663910746,0.0,1.0,yahoo,2024-06-23 23:05:15
2002-09-11,GETI-B.ST,29.30861091613769,29.812482833862305,29.30861091613769,29.560546875,51655,18.574463143607307,0.0,1.0,yahoo,2024-06-23 23:05:15
2002-09-12,GETI-B.ST,29.812482833862305,29.812482833862305,29.3925895690918,29.3925895690918,41147,18.46892663910746,0.0,1.0,yahoo,2024-06-23 23:05:15
2002-09-13,GETI-B.ST,29.22463035583496,29.560546875,29.22463035583496,29.22463035583496,417533,18.36338893611906,0.0,1.0,yahoo,2024-06-23 23:05:15
2002-09-16,GETI-B.ST,29.728504180908203,29.728504180908203,28.888715744018555,28.888715744018555,224729,18.152315927119357,0.0,1.0,yahoo,2024-06-23 23:05:15
2002-09-17,GETI-B.ST,28.888715744018555,29.896461486816406,28.888715744018555,29.4765682220459,381048,18.521694891357384,0.0,1.0,yahoo,2024-06-23 23:05:15
2002-09-18,GETI-B.ST,29.560546875,29.560546875,28.888715744018555,28.888715744018555,175990,18.152315927119357,0.0,1.0,yahoo,2024-06-23 23:05:15
2002-09-19,GETI-B.ST,29.22463035583496,29.3925895690918,28.55280113220215,28.888715744018555,784161,18.152315927119357,0.0,1.0,yahoo,2024-06-23 23:05:15
2002-09-20,GETI-B.ST,28.888715744018555,29.05667304992676,28.63677978515625,28.72075843811035,429554,18.046779422619505,0.0,1.0,yahoo,2024-06-23 23:05:15
2002-09-23,GETI-B.ST,28.72075843811035,28.972694396972656,27.12516021728516,27.37709617614746,470654,17.2024849896436,0.0,1.0,yahoo,2024-06-23 23:05:15
2002-09-24,GETI-B.ST,26.87322425842285,26.95720291137696,26.033435821533203,26.36935043334961,2402361,16.56926476415595,0.0,1.0,yahoo,2024-06-23 23:05:15
2002-09-25,GETI-B.ST,26.117414474487305,26.70526695251465,25.5295639038086,26.201393127441406,995375,16.463728259656097,0.0,1.0,yahoo,2024-06-23 23:05:15
2002-09-26,GETI-B.ST,26.201393127441406,26.45332908630371,25.9494571685791,26.201393127441406,1653893,16.463728259656097,0.0,1.0,yahoo,2024-06-23 23:05:15
2002-09-27,GETI-B.ST,26.033435821533203,26.45332908630371,25.9494571685791,26.45332908630371,2487263,16.622033016405872,0.0,1.0,yahoo,2024-06-23 23:05:15
2002-09-30,GETI-B.ST,26.36935043334961,26.36935043334961,24.353858947753903,25.5295639038086,431507,16.041582241656698,0.0,1.0,yahoo,2024-06-23 23:05:15
2002-10-01,GETI-B.ST,25.193647384643555,25.5295639038086,24.85773277282715,24.85773277282715,755517,15.619435025168741,0.0,1.0,yahoo,2024-06-23 23:05:15
2002-10-02,GETI-B.ST,25.5295639038086,26.033435821533203,25.5295639038086,26.033435821533203,733863,16.358191755156245,0.0,1.0,yahoo,2024-06-23 23:05:15
2002-10-03,GETI-B.ST,25.865478515625,25.865478515625,24.85773277282715,25.277626037597656,293871,15.883276286418369,0.0,1.0,yahoo,2024-06-23 23:05:15
2002-10-04,GETI-B.ST,25.44558334350586,26.36935043334961,25.277626037597656,26.201393127441406,338061,16.463728259656097,0.0,1.0,yahoo,2024-06-23 23:05:15
2002-10-07,GETI-B.ST,26.285371780395508,27.37709617614746,26.285371780395508,26.70526695251465,699438,16.7803389716442,0.0,1.0,yahoo,2024-06-23 23:05:15
2002-10-08,GETI-B.ST,26.45332908630371,27.20913887023925,26.45332908630371,26.537309646606445,658582,16.674802467144346,0.0,1.0,yahoo,2024-06-23 23:05:15
2002-10-09,GETI-B.ST,26.70526695251465,26.78924560546875,26.45332908630371,26.537309646606445,1151444,16.674802467144346,0.0,1.0,yahoo,2024-06-23 23:05:15
2002-10-10,GETI-B.ST,25.865478515625,26.033435821533203,25.5295639038086,25.7814998626709,819724,16.19988699840647,0.0,1.0,yahoo,2024-06-23 23:05:15
2002-10-11,GETI-B.ST,26.033435821533203,26.033435821533203,24.94171142578125,25.7814998626709,864979,16.19988699840647,0.0,1.0,yahoo,2024-06-23 23:05:15
2002-10-14,GETI-B.ST,25.7814998626709,25.7814998626709,25.109668731689453,25.109668731689453,492528,15.777739781918518,0.0,1.0,yahoo,2024-06-23 23:05:15
2002-10-15,GETI-B.ST,25.5295639038086,25.9494571685791,25.5295639038086,25.9494571685791,720657,16.305423502906322,0.0,1.0,yahoo,2024-06-23 23:05:15
2002-10-16,GETI-B.ST,25.9494571685791,26.033435821533203,25.865478515625,25.9494571685791,620864,16.305423502906322,0.0,1.0,yahoo,2024-06-23 23:05:15
2002-10-17,GETI-B.ST,25.865478515625,28.048927307128903,25.7814998626709,28.048927307128903,1111381,17.62463220613155,0.0,1.0,yahoo,2024-06-23 23:05:15
2002-10-18,GETI-B.ST,28.468822479248047,28.468822479248047,26.87322425842285,27.37709617614746,724902,17.2024849896436,0.0,1.0,yahoo,2024-06-23 23:05:15
2002-10-21,GETI-B.ST,27.37709617614746,28.048927307128903,27.29311752319336,27.29311752319336,588529,17.14971673739368,0.0,1.0,yahoo,2024-06-23 23:05:15
2002-10-22,GETI-B.ST,27.545055389404297,28.55280113220215,27.545055389404297,28.21688461303711,851696,17.730168710631403,0.0,1.0,yahoo,2024-06-23 23:05:15
2002-10-23,GETI-B.ST,28.21688461303711,28.468822479248047,28.048927307128903,28.21688461303711,1204601,17.730168710631403,0.0,1.0,yahoo,2024-06-23 23:05:15
2002-10-24,GETI-B.ST,28.468822479248047,28.55280113220215,26.87322425842285,28.048927307128903,886235,17.62463220613155,0.0,1.0,yahoo,2024-06-23 23:05:15
2002-10-25,GETI-B.ST,27.545055389404297,28.048927307128903,27.37709617614746,27.37709617614746,573049,17.2024849896436,0.0,1.0,yahoo,2024-06-23 23:05:15
2002-10-28,GETI-B.ST,28.048927307128903,28.63677978515625,27.964948654174805,27.964948654174805,971286,17.57186395388163,0.0,1.0,yahoo,2024-06-23 23:05:15
2002-10-29,GETI-B.ST,27.880970001220703,28.30086326599121,27.545055389404297,27.545055389404297,565082,17.308022692632,0.0,1.0,yahoo,2024-06-23 23:05:15
2002-10-30,GETI-B.ST,27.7130126953125,28.048927307128903,27.545055389404297,27.62903213500977,90308,17.36078974639338,0.0,1.0,yahoo,2024-06-23 23:05:15
2002-10-31,GETI-B.ST,28.21688461303711,29.05667304992676,28.048927307128903,28.55280113220215,325343,17.941242918119656,0.0,1.0,yahoo,2024-06-23 23:05:15
2002-11-01,GETI-B.ST,28.72075843811035,29.30861091613769,28.72075843811035,29.22463035583496,621216,18.36338893611906,0.0,1.0,yahoo,2024-06-23 23:05:15
2002-11-04,GETI-B.ST,28.972694396972656,30.14839744567871,28.888715744018555,29.6445255279541,535325,18.627231395857233,0.0,1.0,yahoo,2024-06-23 23:05:15
2002-11-05,GETI-B.ST,29.728504180908203,30.40033531188965,29.560546875,29.560546875,1012677,18.574463143607307,0.0,1.0,yahoo,2024-06-23 23:05:15
2002-11-06,GETI-B.ST,30.06441879272461,30.56829261779785,29.4765682220459,29.6445255279541,535117,18.627231395857233,0.0,1.0,yahoo,2024-06-23 23:05:15
2002-11-07,GETI-B.ST,29.896461486816406,30.56829261779785,29.560546875,29.560546875,190143,18.574463143607307,0.0,1.0,yahoo,2024-06-23 23:05:15
2002-11-08,GETI-B.ST,30.23237609863281,30.23237609863281,29.560546875,29.728504180908203,139207,18.67999964810716,0.0,1.0,yahoo,2024-06-23 23:05:15
2002-11-11,GETI-B.ST,29.728504180908203,29.728504180908203,28.888715744018555,28.888715744018555,75757,18.152315927119357,0.0,1.0,yahoo,2024-06-23 23:05:15
2002-11-12,GETI-B.ST,28.72075843811035,30.14839744567871,28.72075843811035,29.980440139770508,732476,18.838304404856935,0.0,1.0,yahoo,2024-06-23 23:05:15
2002-11-13,GETI-B.ST,29.560546875,31.07216453552246,29.560546875,31.07216453552246,185433,19.524292882594516,0.0,1.0,yahoo,2024-06-23 23:05:15
2002-11-14,GETI-B.ST,31.576038360595703,31.743995666503903,31.07216453552246,31.240123748779297,701456,19.629830585582916,0.0,1.0,yahoo,2024-06-23 23:05:15
2002-11-15,GETI-B.ST,31.240123748779297,31.240123748779297,30.23237609863281,30.56829261779785,446898,19.207683369094962,0.0,1.0,yahoo,2024-06-23 23:05:15
2002-11-18,GETI-B.ST,30.56829261779785,30.56829261779785,30.23237609863281,30.23237609863281,142643,18.99660916160671,0.0,1.0,yahoo,2024-06-23 23:05:15
2002-11-19,GETI-B.ST,30.316356658935547,30.56829261779785,29.728504180908203,30.23237609863281,258213,18.99660916160671,0.0,1.0,yahoo,2024-06-23 23:05:15
2002-11-20,GETI-B.ST,30.06441879272461,30.48431396484375,29.6445255279541,30.316356658935547,70089,19.049378612345187,0.0,1.0,yahoo,2024-06-23 23:05:15
2002-11-21,GETI-B.ST,30.40033531188965,30.40033531188965,29.560546875,29.896461486816406,1940358,18.785536152607012,0.0,1.0,yahoo,2024-06-23 23:05:15
2002-11-22,GETI-B.ST,30.06441879272461,30.06441879272461,28.804737091064453,29.05667304992676,1150176,18.25785243161921,0.0,1.0,yahoo,2024-06-23 23:05:15
2002-11-25,GETI-B.ST,29.05667304992676,29.560546875,28.72075843811035,29.22463035583496,256296,18.36338893611906,0.0,1.0,yahoo,2024-06-23 23:05:15
2002-11-26,GETI-B.ST,29.14065170288086,29.30861091613769,28.384843826293945,28.55280113220215,612678,17.941242918119656,0.0,1.0,yahoo,2024-06-23 23:05:15
2002-11-27,GETI-B.ST,28.55280113220215,29.22463035583496,28.21688461303711,29.22463035583496,1518317,18.36338893611906,0.0,1.0,yahoo,2024-06-23 23:05:15
2002-11-28,GETI-B.ST,29.560546875,30.40033531188965,29.30861091613769,29.728504180908203,695955,18.67999964810716,0.0,1.0,yahoo,2024-06-23 23:05:15
2002-11-29,GETI-B.ST,29.728504180908203,30.23237609863281,29.728504180908203,30.06441879272461,523381,18.89107265710686,0.0,1.0,yahoo,2024-06-23 23:05:15
2002-12-02,GETI-B.ST,29.896461486816406,30.06441879272461,29.6445255279541,29.812482833862305,379214,18.732767900357086,0.0,1.0,yahoo,2024-06-23 23:05:15
2002-12-03,GETI-B.ST,30.14839744567871,30.23237609863281,28.72075843811035,28.888715744018555,339002,18.152315927119357,0.0,1.0,yahoo,2024-06-23 23:05:15
2002-12-04,GETI-B.ST,29.896461486816406,30.56829261779785,29.05667304992676,29.05667304992676,515903,18.25785243161921,0.0,1.0,yahoo,2024-06-23 23:05:15
2002-12-05,GETI-B.ST,29.05667304992676,29.896461486816406,29.05667304992676,29.05667304992676,1000198,18.25785243161921,0.0,1.0,yahoo,2024-06-23 23:05:15
2002-12-06,GETI-B.ST,29.560546875,29.560546875,28.384843826293945,28.384843826293945,430013,17.835706413619803,0.0,1.0,yahoo,2024-06-23 23:05:15
2002-12-09,GETI-B.ST,28.972694396972656,29.05667304992676,27.29311752319336,27.461076736450195,405852,17.255254440382075,0.0,1.0,yahoo,2024-06-23 23:05:15
2002-12-10,GETI-B.ST,27.7130126953125,28.72075843811035,27.7130126953125,28.21688461303711,393313,17.730168710631403,0.0,1.0,yahoo,2024-06-23 23:05:15
2002-12-11,GETI-B.ST,28.132905960083008,28.804737091064453,28.132905960083008,28.30086326599121,500245,17.78293696288133,0.0,1.0,yahoo,2024-06-23 23:05:15
2002-12-12,GETI-B.ST,28.384843826293945,28.384843826293945,27.7130126953125,27.880970001220703,434043,17.519095701631702,0.0,1.0,yahoo,2024-06-23 23:05:15
2002-12-13,GETI-B.ST,27.7969913482666,28.30086326599121,27.37709617614746,27.7130126953125,533056,17.413559197131853,0.0,1.0,yahoo,2024-06-23 23:05:15
2002-12-16,GETI-B.ST,27.7130126953125,28.21688461303711,27.29311752319336,27.964948654174805,982979,17.57186395388163,0.0,1.0,yahoo,2024-06-23 23:05:15
2002-12-17,GETI-B.ST,28.048927307128903,28.55280113220215,27.880970001220703,27.880970001220703,597079,17.519095701631702,0.0,1.0,yahoo,2024-06-23 23:05:15
2002-12-18,GETI-B.ST,27.964948654174805,29.560546875,27.880970001220703,28.804737091064453,1919567,18.09954767486943,0.0,1.0,yahoo,2024-06-23 23:05:15
2002-12-19,GETI-B.ST,29.3925895690918,30.40033531188965,29.05667304992676,30.23237609863281,1080462,18.99660916160671,0.0,1.0,yahoo,2024-06-23 23:05:15
2002-12-20,GETI-B.ST,30.316356658935547,30.90420722961425,30.14839744567871,30.73624992370605,1115959,19.31321987359481,0.0,1.0,yahoo,2024-06-23 23:05:15
2002-12-23,GETI-B.ST,30.316356658935547,30.90420722961425,30.23237609863281,30.23237609863281,270461,18.99660916160671,0.0,1.0,yahoo,2024-06-23 23:05:15
2002-12-24,GETI-B.ST,30.23237609863281,30.23237609863281,30.23237609863281,30.23237609863281,0,18.99660916160671,0.0,1.0,yahoo,2024-06-23 23:05:15
2002-12-25,GETI-B.ST,30.23237609863281,30.23237609863281,30.23237609863281,30.23237609863281,0,18.99660916160671,0.0,1.0,yahoo,2024-06-23 23:05:15
2002-12-26,GETI-B.ST,30.23237609863281,30.23237609863281,30.23237609863281,30.23237609863281,0,18.99660916160671,0.0,1.0,yahoo,2024-06-23 23:05:15
2002-12-27,GETI-B.ST,30.23237609863281,30.40033531188965,29.30861091613769,29.896461486816406,388722,18.785536152607012,0.0,1.0,yahoo,2024-06-23 23:05:15
2002-12-30,GETI-B.ST,29.728504180908203,29.980440139770508,28.804737091064453,29.896461486816406,319526,18.785536152607012,0.0,1.0,yahoo,2024-06-23 23:05:15
2002-12-31,GETI-B.ST,29.896461486816406,29.896461486816406,29.896461486816406,29.896461486816406,0,18.785536152607012,0.0,1.0,yahoo,2024-06-23 23:05:15
2003-01-01,GETI-B.ST,29.896461486816406,29.896461486816406,29.896461486816406,29.896461486816406,0,18.785536152607012,0.0,1.0,yahoo,2024-06-23 23:05:15
2003-01-02,GETI-B.ST,29.560546875,29.812482833862305,28.804737091064453,29.30861091613769,253843,18.41615838685753,0.0,1.0,yahoo,2024-06-23 23:05:15
2003-01-03,GETI-B.ST,29.3925895690918,30.56829261779785,29.3925895690918,30.40033531188965,1152629,19.10214686459511,0.0,1.0,yahoo,2024-06-23 23:05:15
2003-01-06,GETI-B.ST,30.40033531188965,30.40033531188965,30.40033531188965,30.40033531188965,0,19.10214686459511,0.0,1.0,yahoo,2024-06-23 23:05:15
2003-01-07,GETI-B.ST,30.90420722961425,30.90420722961425,30.23237609863281,30.40033531188965,371480,19.10214686459511,0.0,1.0,yahoo,2024-06-23 23:05:15
2003-01-08,GETI-B.ST,30.65227127075196,30.65227127075196,29.896461486816406,29.896461486816406,353219,18.785536152607012,0.0,1.0,yahoo,2024-06-23 23:05:15
2003-01-09,GETI-B.ST,29.812482833862305,30.23237609863281,29.812482833862305,30.14839744567871,224372,18.943840909356787,0.0,1.0,yahoo,2024-06-23 23:05:15
2003-01-10,GETI-B.ST,30.48431396484375,30.56829261779785,30.06441879272461,30.23237609863281,379321,18.99660916160671,0.0,1.0,yahoo,2024-06-23 23:05:15
2003-01-13,GETI-B.ST,30.56829261779785,30.73624992370605,30.40033531188965,30.40033531188965,70136,19.10214686459511,0.0,1.0,yahoo,2024-06-23 23:05:15
2003-01-14,GETI-B.ST,30.40033531188965,30.56829261779785,30.23237609863281,30.23237609863281,140541,18.99660916160671,0.0,1.0,yahoo,2024-06-23 23:05:15
2003-01-15,GETI-B.ST,30.56829261779785,30.56829261779785,29.896461486816406,30.40033531188965,994417,19.10214686459511,0.0,1.0,yahoo,2024-06-23 23:05:15
2003-01-16,GETI-B.ST,30.56829261779785,30.65227127075196,30.06441879272461,30.06441879272461,835228,18.89107265710686,0.0,1.0,yahoo,2024-06-23 23:05:15
2003-01-17,GETI-B.ST,30.06441879272461,30.14839744567871,29.728504180908203,29.728504180908203,1172551,18.67999964810716,0.0,1.0,yahoo,2024-06-23 23:05:15
2003-01-20,GETI-B.ST,29.728504180908203,30.316356658935547,29.728504180908203,29.896461486816406,826654,18.785536152607012,0.0,1.0,yahoo,2024-06-23 23:05:15
2003-01-21,GETI-B.ST,30.40033531188965,30.40033531188965,29.560546875,29.560546875,374939,18.574463143607307,0.0,1.0,yahoo,2024-06-23 23:05:15
2003-01-22,GETI-B.ST,29.812482833862305,29.812482833862305,29.14065170288086,29.22463035583496,469255,18.36338893611906,0.0,1.0,yahoo,2024-06-23 23:05:15
2003-01-23,GETI-B.ST,29.728504180908203,29.728504180908203,29.05667304992676,29.22463035583496,1506034,18.36338893611906,0.0,1.0,yahoo,2024-06-23 23:05:15
2003-01-24,GETI-B.ST,29.6445255279541,29.6445255279541,28.804737091064453,28.804737091064453,635166,18.09954767486943,0.0,1.0,yahoo,2024-06-23 23:05:15
2003-01-27,GETI-B.ST,28.72075843811035,29.22463035583496,28.384843826293945,28.55280113220215,1350560,17.941242918119656,0.0,1.0,yahoo,2024-06-23 23:05:15
2003-01-28,GETI-B.ST,28.72075843811035,28.72075843811035,27.964948654174805,28.132905960083008,319128,17.67740045838148,0.0,1.0,yahoo,2024-06-23 23:05:15
2003-01-29,GETI-B.ST,28.132905960083008,28.72075843811035,27.880970001220703,27.880970001220703,1737027,17.519095701631702,0.0,1.0,yahoo,2024-06-23 23:05:15
2003-01-30,GETI-B.ST,27.880970001220703,28.72075843811035,27.880970001220703,28.468822479248047,1862171,17.88847466586973,0.0,1.0,yahoo,2024-06-23 23:05:15
2003-01-31,GETI-B.ST,28.55280113220215,28.55280113220215,28.048927307128903,28.048927307128903,1198099,17.62463220613155,0.0,1.0,yahoo,2024-06-23 23:05:15
2003-02-03,GETI-B.ST,28.30086326599121,28.888715744018555,28.30086326599121,28.468822479248047,1421012,17.88847466586973,0.0,1.0,yahoo,2024-06-23 23:05:15
2003-02-04,GETI-B.ST,28.55280113220215,28.63677978515625,27.04118156433105,27.62903213500977,1490881,17.36078974639338,0.0,1.0,yahoo,2024-06-23 23:05:15
2003-02-05,GETI-B.ST,27.20913887023925,27.62903213500977,26.70526695251465,26.87322425842285,1280501,16.885875476144047,0.0,1.0,yahoo,2024-06-23 23:05:15
2003-02-06,GETI-B.ST,27.20913887023925,27.545055389404297,26.36935043334961,26.36935043334961,1561137,16.56926476415595,0.0,1.0,yahoo,2024-06-23 23:05:15
2003-02-07,GETI-B.ST,26.36935043334961,27.04118156433105,26.36935043334961,26.70526695251465,604146,16.7803389716442,0.0,1.0,yahoo,2024-06-23 23:05:15
2003-02-10,GETI-B.ST,26.70526695251465,27.545055389404297,25.5295639038086,26.033435821533203,647020,16.358191755156245,0.0,1.0,yahoo,2024-06-23 23:05:15
2003-02-11,GETI-B.ST,27.04118156433105,27.04118156433105,25.7814998626709,26.033435821533203,1148176,16.358191755156245,0.0,1.0,yahoo,2024-06-23 23:05:15
2003-02-12,GETI-B.ST,26.033435821533203,26.033435821533203,25.697519302368164,26.033435821533203,561075,16.358191755156245,0.0,1.0,yahoo,2024-06-23 23:05:15
2003-02-13,GETI-B.ST,26.033435821533203,26.621288299560547,26.033435821533203,26.033435821533203,1402508,16.358191755156245,0.0,1.0,yahoo,2024-06-23 23:05:15
2003-02-14,GETI-B.ST,26.36935043334961,26.36935043334961,25.865478515625,26.033435821533203,669347,16.358191755156245,0.0,1.0,yahoo,2024-06-23 23:05:15
2003-02-17,GETI-B.ST,26.36935043334961,26.36935043334961,25.9494571685791,26.033435821533203,839735,16.358191755156245,0.0,1.0,yahoo,2024-06-23 23:05:15
2003-02-18,GETI-B.ST,26.033435821533203,26.033435821533203,25.865478515625,26.033435821533203,1535541,16.358191755156245,0.0,1.0,yahoo,2024-06-23 23:05:15
2003-02-19,GETI-B.ST,26.033435821533203,27.461076736450195,26.033435821533203,27.37709617614746,519648,17.2024849896436,0.0,1.0,yahoo,2024-06-23 23:05:15
2003-02-20,GETI-B.ST,27.29311752319336,27.7130126953125,27.20913887023925,27.545055389404297,183760,17.308022692632,0.0,1.0,yahoo,2024-06-23 23:05:15
2003-02-21,GETI-B.ST,27.37709617614746,27.545055389404297,27.20913887023925,27.29311752319336,325308,17.14971673739368,0.0,1.0,yahoo,2024-06-23 23:05:15
2003-02-24,GETI-B.ST,27.29311752319336,27.62903213500977,27.29311752319336,27.62903213500977,53388,17.36078974639338,0.0,1.0,yahoo,2024-06-23 23:05:15
2003-02-25,GETI-B.ST,27.37709617614746,27.545055389404297,26.87322425842285,26.87322425842285,213148,16.885875476144047,0.0,1.0,yahoo,2024-06-23 23:05:15
2003-02-26,GETI-B.ST,28.048927307128903,28.048927307128903,26.201393127441406,26.537309646606445,470773,16.674802467144346,0.0,1.0,yahoo,2024-06-23 23:05:15
2003-02-27,GETI-B.ST,26.78924560546875,26.78924560546875,25.36160469055176,25.865478515625,1353495,16.252655250656396,0.0,1.0,yahoo,2024-06-23 23:05:15
2003-02-28,GETI-B.ST,26.117414474487305,26.95720291137696,25.7814998626709,26.95720291137696,1749161,16.93864372839398,0.0,1.0,yahoo,2024-06-23 23:05:15
2003-03-03,GETI-B.ST,26.36935043334961,26.87322425842285,26.201393127441406,26.36935043334961,166208,16.56926476415595,0.0,1.0,yahoo,2024-06-23 23:05:15
2003-03-04,GETI-B.ST,26.033435821533203,26.537309646606445,25.865478515625,26.36935043334961,333869,16.56926476415595,0.0,1.0,yahoo,2024-06-23 23:05:15
2003-03-05,GETI-B.ST,26.36935043334961,26.78924560546875,26.285371780395508,26.78924560546875,456656,16.833107223894125,0.0,1.0,yahoo,2024-06-23 23:05:15
2003-03-06,GETI-B.ST,26.87322425842285,27.37709617614746,26.87322425842285,26.87322425842285,342776,16.885875476144047,0.0,1.0,yahoo,2024-06-23 23:05:15
2003-03-07,GETI-B.ST,26.36935043334961,26.36935043334961,25.36160469055176,25.61354255676269,1434784,16.094350493906617,0.0,1.0,yahoo,2024-06-23 23:05:15
2003-03-10,GETI-B.ST,25.865478515625,26.201393127441406,25.7814998626709,26.201393127441406,305821,16.463728259656097,0.0,1.0,yahoo,2024-06-23 23:05:15
2003-03-11,GETI-B.ST,25.9494571685791,26.117414474487305,25.865478515625,26.033435821533203,238875,16.358191755156245,0.0,1.0,yahoo,2024-06-23 23:05:15
2003-03-12,GETI-B.ST,26.36935043334961,26.36935043334961,25.865478515625,26.033435821533203,158486,16.358191755156245,0.0,1.0,yahoo,2024-06-23 23:05:15
2003-03-13,GETI-B.ST,26.033435821533203,26.537309646606445,25.865478515625,26.537309646606445,394897,16.674802467144346,0.0,1.0,yahoo,2024-06-23 23:05:15
2003-03-14,GETI-B.ST,26.621288299560547,27.7130126953125,26.621288299560547,27.37709617614746,613273,17.2024849896436,0.0,1.0,yahoo,2024-06-23 23:05:15
2003-03-17,GETI-B.ST,26.87322425842285,27.545055389404297,26.78924560546875,27.545055389404297,121334,17.308022692632,0.0,1.0,yahoo,2024-06-23 23:05:15
2003-03-18,GETI-B.ST,27.461076736450195,27.964948654174805,27.37709617614746,27.880970001220703,382465,17.519095701631702,0.0,1.0,yahoo,2024-06-23 23:05:15
2003-03-19,GETI-B.ST,27.545055389404297,27.880970001220703,27.545055389404297,27.7130126953125,644727,17.413559197131853,0.0,1.0,yahoo,2024-06-23 23:05:15
2003-03-20,GETI-B.ST,27.37709617614746,27.880970001220703,27.12516021728516,27.62903213500977,456883,17.36078974639338,0.0,1.0,yahoo,2024-06-23 23:05:15
2003-03-21,GETI-B.ST,27.545055389404297,28.72075843811035,27.545055389404297,28.55280113220215,981294,17.941242918119656,0.0,1.0,yahoo,2024-06-23 23:05:15
2003-03-24,GETI-B.ST,28.384843826293945,28.384843826293945,27.880970001220703,28.384843826293945,66105,17.835706413619803,0.0,1.0,yahoo,2024-06-23 23:05:15
2003-03-25,GETI-B.ST,27.7969913482666,28.21688461303711,27.7969913482666,28.048927307128903,664935,17.62463220613155,0.0,1.0,yahoo,2024-06-23 23:05:15
2003-03-26,GETI-B.ST,28.048927307128903,28.048927307128903,26.87322425842285,26.87322425842285,1015380,16.885875476144047,0.0,1.0,yahoo,2024-06-23 23:05:15
2003-03-27,GETI-B.ST,27.7130126953125,27.7130126953125,26.537309646606445,26.621288299560547,189005,16.727570719394272,0.0,1.0,yahoo,2024-06-23 23:05:15
2003-03-28,GETI-B.ST,26.537309646606445,26.78924560546875,26.45332908630371,26.537309646606445,208117,16.674802467144346,0.0,1.0,yahoo,2024-06-23 23:05:15
2003-03-31,GETI-B.ST,26.537309646606445,26.537309646606445,25.61354255676269,25.7814998626709,330833,16.19988699840647,0.0,1.0,yahoo,2024-06-23 23:05:15
2003-04-01,GETI-B.ST,25.697519302368164,26.87322425842285,25.697519302368164,26.621288299560547,542481,16.727570719394272,0.0,1.0,yahoo,2024-06-23 23:05:15
2003-04-02,GETI-B.ST,27.04118156433105,27.62903213500977,27.04118156433105,27.29311752319336,395563,17.14971673739368,0.0,1.0,yahoo,2024-06-23 23:05:15
2003-04-03,GETI-B.ST,27.461076736450195,27.461076736450195,26.45332908630371,26.45332908630371,1161983,16.622033016405872,0.0,1.0,yahoo,2024-06-23 23:05:15
2003-04-04,GETI-B.ST,26.87322425842285,26.87322425842285,26.201393127441406,26.537309646606445,391890,16.674802467144346,0.0,1.0,yahoo,2024-06-23 23:05:15
2003-04-07,GETI-B.ST,26.87322425842285,26.95720291137696,26.45332908630371,26.87322425842285,2706491,16.885875476144047,0.0,1.0,yahoo,2024-06-23 23:05:15
2003-04-08,GETI-B.ST,26.95720291137696,27.461076736450195,26.87322425842285,27.20913887023925,1008528,17.096948485143745,0.0,1.0,yahoo,2024-06-23 23:05:15
2003-04-09,GETI-B.ST,27.7130126953125,27.964948654174805,27.37709617614746,27.7130126953125,1762015,17.413559197131853,0.0,1.0,yahoo,2024-06-23 23:05:15
2003-04-10,GETI-B.ST,27.880970001220703,27.880970001220703,27.20913887023925,27.7130126953125,589267,17.413559197131853,0.0,1.0,yahoo,2024-06-23 23:05:15
2003-04-11,GETI-B.ST,27.7130126953125,28.30086326599121,27.7130126953125,27.964948654174805,839628,17.57186395388163,0.0,1.0,yahoo,2024-06-23 23:05:15
2003-04-14,GETI-B.ST,27.880970001220703,28.384843826293945,27.37709617614746,28.384843826293945,319759,17.835706413619803,0.0,1.0,yahoo,2024-06-23 23:05:15
2003-04-15,GETI-B.ST,28.55280113220215,29.05667304992676,28.55280113220215,28.72075843811035,1698910,18.046779422619505,0.0,1.0,yahoo,2024-06-23 23:05:15
2003-04-16,GETI-B.ST,28.21688461303711,29.22463035583496,28.21688461303711,29.22463035583496,777368,18.36338893611906,0.0,1.0,yahoo,2024-06-23 23:05:15
2003-04-17,GETI-B.ST,28.21688461303711,29.728504180908203,28.21688461303711,29.728504180908203,683940,18.67999964810716,0.0,1.0,yahoo,2024-06-23 23:05:15
2003-04-18,GETI-B.ST,29.728504180908203,29.728504180908203,29.728504180908203,29.728504180908203,0,18.67999964810716,0.0,1.0,yahoo,2024-06-23 23:05:15
2003-04-21,GETI-B.ST,29.728504180908203,29.728504180908203,29.728504180908203,29.728504180908203,0,18.67999964810716,0.0,1.0,yahoo,2024-06-23 23:05:15
2003-04-22,GETI-B.ST,29.6445255279541,29.728504180908203,28.804737091064453,28.804737091064453,790901,18.09954767486943,0.0,1.0,yahoo,2024-06-23 23:05:15
2003-04-23,GETI-B.ST,29.22463035583496,30.48431396484375,29.05667304992676,30.23237609863281,1854431,18.99660916160671,0.0,1.0,yahoo,2024-06-23 23:05:15
2003-04-24,GETI-B.ST,29.3925895690918,30.65227127075196,29.30861091613769,30.23237609863281,1955367,19.625284260906824,0.968462,1.0,yahoo,2024-06-23 23:05:15
2003-04-25,GETI-B.ST,30.14839744567871,30.316356658935547,29.560546875,29.896461486816406,1034820,19.40722598712836,0.0,1.0,yahoo,2024-06-23 23:05:15
2003-04-28,GETI-B.ST,29.728504180908203,30.23237609863281,29.14065170288086,30.14839744567871,508586,19.57076969246221,0.0,1.0,yahoo,2024-06-23 23:05:15
2003-04-29,GETI-B.ST,30.23237609863281,30.90420722961425,30.23237609863281,30.73624992370605,1052259,19.952372909725927,0.0,1.0,yahoo,2024-06-23 23:05:15
2003-04-30,GETI-B.ST,30.90420722961425,31.4920597076416,30.56829261779785,31.07216453552246,1132309,20.170431183504395,0.0,1.0,yahoo,2024-06-23 23:05:15
2003-05-01,GETI-B.ST,31.07216453552246,31.07216453552246,31.07216453552246,31.07216453552246,0,20.170431183504395,0.0,1.0,yahoo,2024-06-23 23:05:15
2003-05-02,GETI-B.ST,30.988187789916992,31.4080810546875,30.65227127075196,31.15614318847656,598043,20.224945751949008,0.0,1.0,yahoo,2024-06-23 23:05:15
2003-05-05,GETI-B.ST,31.240123748779297,31.911954879760746,31.240123748779297,31.911954879760746,1013481,20.715579344253374,0.0,1.0,yahoo,2024-06-23 23:05:15
2003-05-06,GETI-B.ST,31.743995666503903,32.16389083862305,31.240123748779297,32.16389083862305,1349608,20.879123049587218,0.0,1.0,yahoo,2024-06-23 23:05:15
2003-05-07,GETI-B.ST,32.07991027832031,32.07991027832031,31.07216453552246,31.4080810546875,600341,20.388490695434268,0.0,1.0,yahoo,2024-06-23 23:05:15
2003-05-08,GETI-B.ST,31.240123748779297,31.743995666503903,30.65227127075196,31.07216453552246,356095,20.170431183504395,0.0,1.0,yahoo,2024-06-23 23:05:15
2003-05-09,GETI-B.ST,30.73624992370605,31.07216453552246,30.73624992370605,30.82022857666016,189512,20.006887478170547,0.0,1.0,yahoo,2024-06-23 23:05:15
2003-05-12,GETI-B.ST,30.65227127075196,31.4080810546875,30.56829261779785,31.4080810546875,687101,20.388490695434268,0.0,1.0,yahoo,2024-06-23 23:05:15
2003-05-13,GETI-B.ST,31.3241024017334,31.743995666503903,31.240123748779297,31.576038360595703,710012,20.497519832323498,0.0,1.0,yahoo,2024-06-23 23:05:15
2003-05-14,GETI-B.ST,31.576038360595703,31.576038360595703,31.15614318847656,31.4920597076416,733631,20.44300526387888,0.0,1.0,yahoo,2024-06-23 23:05:15
2003-05-15,GETI-B.ST,31.576038360595703,31.660017013549805,31.4080810546875,31.4080810546875,366955,20.388490695434268,0.0,1.0,yahoo,2024-06-23 23:05:15
2003-05-16,GETI-B.ST,31.660017013549805,32.24786758422852,31.576038360595703,32.07991027832031,583468,20.824607242991192,0.0,1.0,yahoo,2024-06-23 23:05:15
2003-05-19,GETI-B.ST,31.911954879760746,31.911954879760746,31.3241024017334,31.743995666503903,306309,20.606548969212728,0.0,1.0,yahoo,2024-06-23 23:05:15
2003-05-20,GETI-B.ST,31.240123748779297,31.99593162536621,30.988187789916992,31.911954879760746,423154,20.715579344253374,0.0,1.0,yahoo,2024-06-23 23:05:15
2003-05-21,GETI-B.ST,31.743995666503903,31.827974319458008,31.07216453552246,31.827974319458008,1188573,20.661063537657345,0.0,1.0,yahoo,2024-06-23 23:05:15
2003-05-22,GETI-B.ST,31.743995666503903,32.49980545043945,31.576038360595703,32.07991027832031,1463059,20.824607242991192,0.0,1.0,yahoo,2024-06-23 23:05:15
2003-05-23,GETI-B.ST,32.49980545043945,32.919700622558594,32.07991027832031,32.667762756347656,1434909,21.206210460254916,0.0,1.0,yahoo,2024-06-23 23:05:15
2003-05-26,GETI-B.ST,32.667762756347656,32.83572006225586,32.07991027832031,32.667762756347656,354684,21.206210460254916,0.0,1.0,yahoo,2024-06-23 23:05:15
2003-05-27,GETI-B.ST,32.415828704833984,32.919700622558594,31.99593162536621,32.75174331665039,1356353,21.26072626685094,0.0,1.0,yahoo,2024-06-23 23:05:15
2003-05-28,GETI-B.ST,32.919700622558594,33.339595794677734,32.415828704833984,33.339595794677734,745461,21.64232948411466,0.0,1.0,yahoo,2024-06-23 23:05:15
2003-05-29,GETI-B.ST,33.339595794677734,33.339595794677734,33.339595794677734,33.339595794677734,0,21.64232948411466,0.0,1.0,yahoo,2024-06-23 23:05:15
2003-05-30,GETI-B.ST,33.255615234375,33.591529846191406,32.415828704833984,33.591529846191406,5636688,21.8058719512971,0.0,1.0,yahoo,2024-06-23 23:05:15
2003-06-02,GETI-B.ST,33.843467712402344,33.843467712402344,33.0876579284668,33.67551040649414,6671175,21.860387757893125,0.0,1.0,yahoo,2024-06-23 23:05:15
2003-06-03,GETI-B.ST,33.339595794677734,33.591529846191406,33.171634674072266,33.50754928588867,535623,21.751356144701074,0.0,1.0,yahoo,2024-06-23 23:05:15
2003-06-04,GETI-B.ST,33.4235725402832,33.591529846191406,33.339595794677734,33.4235725402832,1051878,21.696842814407866,0.0,1.0,yahoo,2024-06-23 23:05:15
2003-06-05,GETI-B.ST,33.75948715209961,34.43131637573242,33.591529846191406,34.34733963012695,964534,22.29650430545005,0.0,1.0,yahoo,2024-06-23 23:05:15
2003-06-06,GETI-B.ST,34.34733963012695,34.34733963012695,33.591529846191406,34.17938232421875,935390,22.18747516856082,0.0,1.0,yahoo,2024-06-23 23:05:15
2003-06-09,GETI-B.ST,34.17938232421875,34.17938232421875,34.17938232421875,34.17938232421875,0,22.18747516856082,0.0,1.0,yahoo,2024-06-23 23:05:15
2003-06-10,GETI-B.ST,34.263362884521484,34.43131637573242,33.255615234375,33.255615234375,1497937,21.587813677518636,0.0,1.0,yahoo,2024-06-23 23:05:15
2003-06-11,GETI-B.ST,33.4235725402832,34.34733963012695,33.339595794677734,34.17938232421875,3064028,22.18747516856082,0.0,1.0,yahoo,2024-06-23 23:05:15
2003-06-12,GETI-B.ST,34.263362884521484,36.11089324951172,34.263362884521484,35.77497863769531,1863606,23.22325320715993,0.0,1.0,yahoo,2024-06-23 23:05:15
2003-06-13,GETI-B.ST,35.77497863769531,35.77497863769531,34.59927749633789,34.68325424194336,433752,22.514562579228514,0.0,1.0,yahoo,2024-06-23 23:05:15
2003-06-16,GETI-B.ST,34.59927749633789,35.18712615966797,34.59927749633789,35.18712615966797,606581,22.841649989896208,0.0,1.0,yahoo,2024-06-23 23:05:15
2003-06-17,GETI-B.ST,35.18712615966797,36.11089324951172,35.18712615966797,36.11089324951172,628747,23.441311480938396,0.0,1.0,yahoo,2024-06-23 23:05:15
2003-06-18,GETI-B.ST,35.94293594360352,35.94293594360352,35.1031494140625,35.2711067199707,2096052,22.896165796492237,0.0,1.0,yahoo,2024-06-23 23:05:15
2003-06-19,GETI-B.ST,35.019168853759766,35.1031494140625,34.43131637573242,34.43131637573242,699616,22.351017635743258,0.0,1.0,yahoo,2024-06-23 23:05:15
2003-06-20,GETI-B.ST,34.43131637573242,34.43131637573242,34.43131637573242,34.43131637573242,0,22.351017635743258,0.0,1.0,yahoo,2024-06-23 23:05:15
2003-06-23,GETI-B.ST,33.92744445800781,34.43131637573242,33.75948715209961,34.01142501831055,951466,22.07844603167159,0.0,1.0,yahoo,2024-06-23 23:05:15
2003-06-24,GETI-B.ST,34.01142501831055,34.85121154785156,33.50754928588867,33.843467712402344,1508535,21.969416894782356,0.0,1.0,yahoo,2024-06-23 23:05:15
2003-06-25,GETI-B.ST,34.43131637573242,34.68325424194336,34.17938232421875,34.43131637573242,951662,22.351017635743258,0.0,1.0,yahoo,2024-06-23 23:05:15
2003-06-26,GETI-B.ST,34.59927749633789,35.52304458618164,34.263362884521484,34.9351921081543,1021072,22.678107522713773,0.0,1.0,yahoo,2024-06-23 23:05:15
2003-06-27,GETI-B.ST,35.2711067199707,35.2711067199707,34.767234802246094,35.2711067199707,499679,22.896165796492237,0.0,1.0,yahoo,2024-06-23 23:05:15
2003-06-30,GETI-B.ST,35.1031494140625,36.19487380981445,35.1031494140625,35.691001892089844,695842,23.168739876866724,0.0,1.0,yahoo,2024-06-23 23:05:15
2003-07-01,GETI-B.ST,35.52304458618164,36.19487380981445,35.2711067199707,35.77497863769531,616572,23.22325320715993,0.0,1.0,yahoo,2024-06-23 23:05:15
2003-07-02,GETI-B.ST,35.2711067199707,36.6147689819336,35.2711067199707,35.94293594360352,671169,23.332282344049165,0.0,1.0,yahoo,2024-06-23 23:05:15
2003-07-03,GETI-B.ST,36.11089324951172,36.11089324951172,35.691001892089844,35.94293594360352,888849,23.332282344049165,0.0,1.0,yahoo,2024-06-23 23:05:15
2003-07-04,GETI-B.ST,35.94293594360352,36.02691650390625,35.1031494140625,35.52304458618164,904132,23.059710739977493,0.0,1.0,yahoo,2024-06-23 23:05:15
2003-07-07,GETI-B.ST,35.94293594360352,37.286598205566406,35.85895919799805,37.286598205566406,647502,24.204517915465836,0.0,1.0,yahoo,2024-06-23 23:05:15
2003-07-08,GETI-B.ST,37.1186408996582,37.286598205566406,36.95068359375,37.286598205566406,839890,24.204517915465836,0.0,1.0,yahoo,2024-06-23 23:05:15
2003-07-09,GETI-B.ST,37.1186408996582,38.46230316162109,36.95068359375,38.21036529541016,385531,24.804179406508023,0.0,1.0,yahoo,2024-06-23 23:05:15
2003-07-10,GETI-B.ST,38.29434585571289,38.6302604675293,37.20262145996094,37.45455551147461,344568,24.313547052355066,0.0,1.0,yahoo,2024-06-23 23:05:15
2003-07-11,GETI-B.ST,37.62251281738281,37.790470123291016,36.86670303344727,36.86670303344727,374439,23.931943835091353,0.0,1.0,yahoo,2024-06-23 23:05:15
2003-07-14,GETI-B.ST,39.47004699707031,40.22585678100586,38.29434585571289,38.9661750793457,1089989,25.294811760660973,0.0,1.0,yahoo,2024-06-23 23:05:15
2003-07-15,GETI-B.ST,38.88219451904297,39.63800430297852,38.6302604675293,39.05015563964844,397237,25.349327567257,0.0,1.0,yahoo,2024-06-23 23:05:15
2003-07-16,GETI-B.ST,39.30208969116211,41.485538482666016,39.30208969116211,40.645751953125,1631768,26.38510560585611,0.0,1.0,yahoo,2024-06-23 23:05:15
2003-07-17,GETI-B.ST,40.22585678100586,40.309837341308594,38.6302604675293,39.30208969116211,724456,25.512870034439437,0.0,1.0,yahoo,2024-06-23 23:05:15
2003-07-18,GETI-B.ST,39.30208969116211,39.97392272949219,38.6302604675293,38.714237213134766,254605,25.131266817175714,0.0,1.0,yahoo,2024-06-23 23:05:15
2003-07-21,GETI-B.ST,38.46230316162109,38.9661750793457,38.46230316162109,38.714237213134766,434978,25.131266817175714,0.0,1.0,yahoo,2024-06-23 23:05:15
2003-07-22,GETI-B.ST,38.7982177734375,38.7982177734375,38.29434585571289,38.46230316162109,892230,24.967724349993272,0.0,1.0,yahoo,2024-06-23 23:05:15
2003-07-23,GETI-B.ST,38.29434585571289,38.6302604675293,38.21036529541016,38.6302604675293,888956,25.07675348688251,0.0,1.0,yahoo,2024-06-23 23:05:15
2003-07-24,GETI-B.ST,38.46230316162109,39.38607025146485,38.29434585571289,38.29434585571289,759048,24.858695213104046,0.0,1.0,yahoo,2024-06-23 23:05:15
2003-07-25,GETI-B.ST,38.29434585571289,38.29434585571289,38.04240798950195,38.04240798950195,567190,24.69515026961879,0.0,1.0,yahoo,2024-06-23 23:05:15
2003-07-28,GETI-B.ST,37.95842742919922,38.29434585571289,37.45455551147461,38.04240798950195,395587,24.69515026961879,0.0,1.0,yahoo,2024-06-23 23:05:15
2003-07-29,GETI-B.ST,38.21036529541016,38.7982177734375,38.04240798950195,38.21036529541016,238959,24.804179406508023,0.0,1.0,yahoo,2024-06-23 23:05:15
2003-07-30,GETI-B.ST,38.29434585571289,38.7982177734375,37.95842742919922,38.54627990722656,200163,25.022237680286484,0.0,1.0,yahoo,2024-06-23 23:05:15
2003-07-31,GETI-B.ST,38.46230316162109,39.47004699707031,38.12638854980469,39.13413238525391,695800,25.40384089755021,0.0,1.0,yahoo,2024-06-23 23:05:15
2003-08-01,GETI-B.ST,38.9661750793457,39.21811294555664,38.6302604675293,38.9661750793457,226122,25.294811760660973,0.0,1.0,yahoo,2024-06-23 23:05:15
2003-08-04,GETI-B.ST,38.9661750793457,38.9661750793457,38.12638854980469,38.46230316162109,326826,24.967724349993272,0.0,1.0,yahoo,2024-06-23 23:05:15
2003-08-05,GETI-B.ST,38.46230316162109,38.6302604675293,38.04240798950195,38.04240798950195,500489,24.69515026961879,0.0,1.0,yahoo,2024-06-23 23:05:15
2003-08-06,GETI-B.ST,38.21036529541016,38.37832260131836,37.95842742919922,38.12638854980469,559325,24.749666076214815,0.0,1.0,yahoo,2024-06-23 23:05:15
2003-08-07,GETI-B.ST,37.20262145996094,38.21036529541016,37.20262145996094,37.20262145996094,680123,24.15000458517263,0.0,1.0,yahoo,2024-06-23 23:05:15
2003-08-08,GETI-B.ST,37.62251281738281,38.12638854980469,37.538536071777344,38.12638854980469,532925,24.749666076214815,0.0,1.0,yahoo,2024-06-23 23:05:15
2003-08-11,GETI-B.ST,38.29434585571289,38.29434585571289,37.95842742919922,37.95842742919922,515784,24.640634463022764,0.0,1.0,yahoo,2024-06-23 23:05:15
2003-08-12,GETI-B.ST,37.790470123291016,37.95842742919922,37.790470123291016,37.87445068359375,654236,24.586121132729556,0.0,1.0,yahoo,2024-06-23 23:05:15
2003-08-13,GETI-B.ST,37.95842742919922,38.21036529541016,37.790470123291016,38.04240798950195,1019715,24.69515026961879,0.0,1.0,yahoo,2024-06-23 23:05:15
2003-08-14,GETI-B.ST,38.29434585571289,39.13413238525391,37.95842742919922,38.6302604675293,174139,25.07675348688251,0.0,1.0,yahoo,2024-06-23 23:05:15
2003-08-15,GETI-B.ST,39.63800430297852,41.31758117675781,39.47004699707031,40.645751953125,1344731,26.38510560585611,0.0,1.0,yahoo,2024-06-23 23:05:15
2003-08-18,GETI-B.ST,40.981666564941406,43.50103378295898,40.981666564941406,42.6612434387207,960206,27.69345772482971,0.0,1.0,yahoo,2024-06-23 23:05:15
2003-08-19,GETI-B.ST,42.829200744628906,42.99715805053711,41.98941421508789,42.6612434387207,797665,27.69345772482971,0.0,1.0,yahoo,2024-06-23 23:05:15
2003-08-20,GETI-B.ST,42.829200744628906,43.08113861083984,42.409305572509766,42.577266693115234,1210787,27.638944394536505,0.0,1.0,yahoo,2024-06-23 23:05:15
2003-08-21,GETI-B.ST,42.4932861328125,42.829200744628906,42.3253288269043,42.577266693115234,371557,27.638944394536505,0.0,1.0,yahoo,2024-06-23 23:05:15
2003-08-22,GETI-B.ST,42.409305572509766,43.08113861083984,42.3253288269043,43.08113861083984,230647,27.966031805204196,0.0,1.0,yahoo,2024-06-23 23:05:15
2003-08-25,GETI-B.ST,42.74522018432617,43.66898727416992,42.4932861328125,43.24909591674805,345765,28.07506094209343,0.0,1.0,yahoo,2024-06-23 23:05:15
2003-08-26,GETI-B.ST,43.41705322265625,44.0049057006836,42.99715805053711,43.41705322265625,498185,28.184090078982663,0.0,1.0,yahoo,2024-06-23 23:05:15
2003-08-27,GETI-B.ST,43.41705322265625,43.83694839477539,43.08113861083984,43.33307266235352,287185,28.12957427238664,0.0,1.0,yahoo,2024-06-23 23:05:15
2003-08-28,GETI-B.ST,43.66898727416992,44.0049057006836,43.50103378295898,43.66898727416992,208808,28.3476325461651,0.0,1.0,yahoo,2024-06-23 23:05:15
2003-08-29,GETI-B.ST,43.83694839477539,44.08888244628906,43.16511535644531,43.33307266235352,541844,28.12957427238664,0.0,1.0,yahoo,2024-06-23 23:05:15
2003-09-01,GETI-B.ST,43.50103378295898,43.66898727416992,43.33307266235352,43.33307266235352,630391,28.12957427238664,0.0,1.0,yahoo,2024-06-23 23:05:15
2003-09-02,GETI-B.ST,43.66898727416992,43.66898727416992,42.829200744628906,43.16511535644531,679135,28.020545135497404,0.0,1.0,yahoo,2024-06-23 23:05:15
2003-09-03,GETI-B.ST,43.66898727416992,45.34856414794922,43.66898727416992,45.26458740234375,1608976,29.38341306106703,0.0,1.0,yahoo,2024-06-23 23:05:15
2003-09-04,GETI-B.ST,45.34856414794922,46.3563117980957,44.84469223022461,46.3563117980957,1627273,30.09210368899845,0.0,1.0,yahoo,2024-06-23 23:05:15
2003-09-05,GETI-B.ST,46.52426910400391,46.52426910400391,45.68448257446289,46.104373931884766,1239985,29.92855874551319,0.0,1.0,yahoo,2024-06-23 23:05:15
2003-09-08,GETI-B.ST,45.93641662597656,46.52426910400391,45.93641662597656,46.3563117980957,736572,30.09210368899845,0.0,1.0,yahoo,2024-06-23 23:05:15
2003-09-09,GETI-B.ST,46.3563117980957,47.36405944824219,46.3563117980957,47.19609832763672,415765,30.637249373444607,0.0,1.0,yahoo,2024-06-23 23:05:15
2003-09-10,GETI-B.ST,46.52426910400391,47.02814102172852,46.52426910400391,47.02814102172852,443260,30.528220236555377,0.0,1.0,yahoo,2024-06-23 23:05:15
2003-09-11,GETI-B.ST,46.1883544921875,46.69222640991211,46.1883544921875,46.52426910400391,469582,30.201132825887683,0.0,1.0,yahoo,2024-06-23 23:05:15
2003-09-12,GETI-B.ST,46.52426910400391,46.60824966430664,45.180606842041016,45.34856414794922,439396,29.437926391360236,0.0,1.0,yahoo,2024-06-23 23:05:15
2003-09-15,GETI-B.ST,44.5087776184082,46.52426910400391,44.5087776184082,46.104373931884766,408698,29.92855874551319,0.0,1.0,yahoo,2024-06-23 23:05:15
2003-09-16,GETI-B.ST,46.60824966430664,47.02814102172852,46.3563117980957,46.60824966430664,507211,30.255648632483705,0.0,1.0,yahoo,2024-06-23 23:05:15
2003-09-17,GETI-B.ST,46.52426910400391,46.86018371582031,46.1883544921875,46.52426910400391,1518311,30.201132825887683,0.0,1.0,yahoo,2024-06-23 23:05:15
2003-09-18,GETI-B.ST,46.52426910400391,46.86018371582031,45.34856414794922,45.51652526855469,650509,29.54695800455229,0.0,1.0,yahoo,2024-06-23 23:05:15
2003-09-19,GETI-B.ST,46.0203971862793,46.0203971862793,45.34856414794922,45.60050201416016,801368,29.6014713348455,0.0,1.0,yahoo,2024-06-23 23:05:15
2003-09-22,GETI-B.ST,45.26458740234375,45.43254470825195,44.84469223022461,45.180606842041016,524358,29.328897254471006,0.0,1.0,yahoo,2024-06-23 23:05:15
2003-09-23,GETI-B.ST,45.26458740234375,45.43254470825195,44.0049057006836,44.1728630065918,755881,28.674722433135617,0.0,1.0,yahoo,2024-06-23 23:05:15
2003-09-24,GETI-B.ST,44.1728630065918,45.09663009643555,42.577266693115234,42.91318130493164,1001859,27.85700266831497,0.0,1.0,yahoo,2024-06-23 23:05:15
2003-09-25,GETI-B.ST,42.409305572509766,43.16511535644531,42.157371520996094,42.99715805053711,751439,27.911515998608174,0.0,1.0,yahoo,2024-06-23 23:05:15
2003-09-26,GETI-B.ST,42.99715805053711,43.16511535644531,41.98941421508789,42.4932861328125,348147,27.58442858794048,0.0,1.0,yahoo,2024-06-23 23:05:15
2003-09-29,GETI-B.ST,42.4932861328125,44.3408203125,42.4932861328125,43.33307266235352,591547,28.12957427238664,0.0,1.0,yahoo,2024-06-23 23:05:15
2003-09-30,GETI-B.ST,43.66898727416992,45.43254470825195,43.24909591674805,43.24909591674805,874422,28.07506094209343,0.0,1.0,yahoo,2024-06-23 23:05:15
2003-10-01,GETI-B.ST,43.83694839477539,44.928672790527344,43.58501052856445,44.676734924316406,412490,29.00180984380331,0.0,1.0,yahoo,2024-06-23 23:05:15
2003-10-02,GETI-B.ST,44.928672790527344,46.3563117980957,44.928672790527344,46.0203971862793,1608208,29.874045415219985,0.0,1.0,yahoo,2024-06-23 23:05:15
2003-10-03,GETI-B.ST,46.3563117980957,46.3563117980957,45.76845932006836,46.27233123779297,628098,30.03758788240242,0.0,1.0,yahoo,2024-06-23 23:05:15
2003-10-06,GETI-B.ST,46.3563117980957,46.3563117980957,44.59275436401367,45.76845932006836,252670,29.710500471734726,0.0,1.0,yahoo,2024-06-23 23:05:15
2003-10-07,GETI-B.ST,46.0203971862793,46.52426910400391,45.93641662597656,46.3563117980957,829601,30.09210368899845,0.0,1.0,yahoo,2024-06-23 23:05:15
2003-10-08,GETI-B.ST,46.52426910400391,46.94416427612305,46.1883544921875,46.60824966430664,1179708,30.255648632483705,0.0,1.0,yahoo,2024-06-23 23:05:15
2003-10-09,GETI-B.ST,46.60824966430664,46.94416427612305,46.1883544921875,46.3563117980957,410079,30.09210368899845,0.0,1.0,yahoo,2024-06-23 23:05:15
2003-10-10,GETI-B.ST,46.60824966430664,47.951908111572266,46.44029235839844,47.02814102172852,1481873,30.528220236555377,0.0,1.0,yahoo,2024-06-23 23:05:15
2003-10-13,GETI-B.ST,47.36405944824219,48.035888671875,47.02814102172852,47.19609832763672,1705161,30.637249373444607,0.0,1.0,yahoo,2024-06-23 23:05:15
2003-10-14,GETI-B.ST,47.36405944824219,47.36405944824219,46.86018371582031,46.86018371582031,2799771,30.419191099666143,0.0,1.0,yahoo,2024-06-23 23:05:15
2003-10-15,GETI-B.ST,46.86018371582031,47.36405944824219,46.77620697021485,46.86018371582031,981664,30.419191099666143,0.0,1.0,yahoo,2024-06-23 23:05:15
2003-10-16,GETI-B.ST,46.86018371582031,50.38729476928711,45.85243988037109,48.875675201416016,3512712,31.72754321863974,0.0,1.0,yahoo,2024-06-23 23:05:15
2003-10-17,GETI-B.ST,48.11986541748047,49.29557037353516,48.11986541748047,48.875675201416016,675033,31.72754321863974,0.0,1.0,yahoo,2024-06-23 23:05:15
2003-10-20,GETI-B.ST,49.12761306762695,50.72320938110352,49.04363250732422,50.38729476928711,1103730,32.708807926945646,0.0,1.0,yahoo,2024-06-23 23:05:15
2003-10-21,GETI-B.ST,50.97514724731445,51.73095703125,49.12761306762695,49.37955093383789,1607184,32.05463310561026,0.0,1.0,yahoo,2024-06-23 23:05:15
2003-10-22,GETI-B.ST,49.12761306762695,49.37955093383789,47.36405944824219,47.36405944824219,667924,30.74628098663666,0.0,1.0,yahoo,2024-06-23 23:05:15
2003-10-23,GETI-B.ST,46.1883544921875,48.371803283691406,46.1883544921875,48.11986541748047,1246980,31.23691086448679,0.0,1.0,yahoo,2024-06-23 23:05:15
2003-10-24,GETI-B.ST,48.875675201416016,49.21159362792969,48.2038459777832,48.2038459777832,1168449,31.291426671082817,0.0,1.0,yahoo,2024-06-23 23:05:15
2003-10-27,GETI-B.ST,48.79169845581055,48.95965576171875,48.11986541748047,48.62374114990234,246746,31.5640007514573,0.0,1.0,yahoo,2024-06-23 23:05:15
2003-10-28,GETI-B.ST,48.875675201416016,49.04363250732422,48.035888671875,48.45578384399414,1095192,31.454971614568073,0.0,1.0,yahoo,2024-06-23 23:05:15
2003-10-29,GETI-B.ST,48.371803283691406,49.21159362792969,48.371803283691406,48.70771789550781,1566198,31.61851408175051,0.0,1.0,yahoo,2024-06-23 23:05:15
2003-10-30,GETI-B.ST,49.04363250732422,49.21159362792969,46.44029235839844,48.371803283691406,712149,31.400455807972047,0.0,1.0,yahoo,2024-06-23 23:05:15
2003-10-31,GETI-B.ST,48.53976058959961,48.70771789550781,46.94416427612305,47.951908111572266,636589,31.127881727597558,0.0,1.0,yahoo,2024-06-23 23:05:15
2003-11-03,GETI-B.ST,48.28782653808594,50.0513801574707,48.28782653808594,49.63148498535156,869439,32.218175572792696,0.0,1.0,yahoo,2024-06-23 23:05:15
2003-11-04,GETI-B.ST,49.547508239746094,49.8834228515625,49.29557037353516,49.63148498535156,480787,32.218175572792696,0.0,1.0,yahoo,2024-06-23 23:05:15
2003-11-05,GETI-B.ST,49.63148498535156,49.63148498535156,48.79169845581055,48.79169845581055,424106,31.673029888346537,0.0,1.0,yahoo,2024-06-23 23:05:15
2003-11-06,GETI-B.ST,48.875675201416016,49.8834228515625,48.45578384399414,49.8834228515625,542761,32.38172051627795,0.0,1.0,yahoo,2024-06-23 23:05:15
2003-11-07,GETI-B.ST,50.219337463378906,50.38729476928711,49.547508239746094,49.7154655456543,1016333,32.272691379388725,0.0,1.0,yahoo,2024-06-23 23:05:15
2003-11-10,GETI-B.ST,50.0513801574707,50.38729476928711,49.37955093383789,50.219337463378906,285476,32.59977879005642,0.0,1.0,yahoo,2024-06-23 23:05:15
2003-11-11,GETI-B.ST,49.7154655456543,50.38729476928711,49.7154655456543,50.38729476928711,326284,32.708807926945646,0.0,1.0,yahoo,2024-06-23 23:05:15
2003-11-12,GETI-B.ST,50.38729476928711,50.38729476928711,49.8834228515625,50.0513801574707,385668,32.490749653167185,0.0,1.0,yahoo,2024-06-23 23:05:15
2003-11-13,GETI-B.ST,49.63148498535156,50.13536071777344,48.95965576171875,49.12761306762695,477626,31.891088162125,0.0,1.0,yahoo,2024-06-23 23:05:15
2003-11-14,GETI-B.ST,49.46352767944336,49.547508239746094,48.53976058959961,48.53976058959961,888021,31.509484944861278,0.0,1.0,yahoo,2024-06-23 23:05:15
2003-11-17,GETI-B.ST,48.53976058959961,48.875675201416016,48.371803283691406,48.45578384399414,410085,31.454971614568073,0.0,1.0,yahoo,2024-06-23 23:05:15
2003-11-18,GETI-B.ST,48.62374114990234,48.70771789550781,48.035888671875,48.035888671875,673580,31.182397534193584,0.0,1.0,yahoo,2024-06-23 23:05:15
2003-11-19,GETI-B.ST,48.035888671875,48.11986541748047,46.69222640991211,47.02814102172852,296795,30.528220236555377,0.0,1.0,yahoo,2024-06-23 23:05:15
2003-11-20,GETI-B.ST,47.53201675415039,47.699974060058594,47.02814102172852,47.11212158203125,1057885,30.5827360431514,0.0,1.0,yahoo,2024-06-23 23:05:15
2003-11-21,GETI-B.ST,47.61599349975586,47.61599349975586,46.44029235839844,46.44029235839844,463557,30.146619495594475,0.0,1.0,yahoo,2024-06-23 23:05:15
2003-11-24,GETI-B.ST,46.77620697021485,46.86018371582031,45.76845932006836,46.3563117980957,1601177,30.09210368899845,0.0,1.0,yahoo,2024-06-23 23:05:15
2003-11-25,GETI-B.ST,46.3563117980957,47.02814102172852,45.68448257446289,47.02814102172852,3622859,30.528220236555377,0.0,1.0,yahoo,2024-06-23 23:05:15
2003-11-26,GETI-B.ST,47.699974060058594,49.7154655456543,47.699974060058594,48.70771789550781,4325250,31.61851408175051,0.0,1.0,yahoo,2024-06-23 23:05:15
2003-11-27,GETI-B.ST,49.7154655456543,49.7154655456543,49.04363250732422,49.37955093383789,558325,32.05463310561026,0.0,4.0,yahoo,2024-06-23 23:05:15
2003-11-28,GETI-B.ST,49.37955093383789,49.7154655456543,47.699974060058594,47.699974060058594,1007539,30.96433926041512,0.0,1.0,yahoo,2024-06-23 23:05:15
2003-12-01,GETI-B.ST,48.70771789550781,48.70771789550781,47.36405944824219,47.36405944824219,813391,30.74628098663666,0.0,1.0,yahoo,2024-06-23 23:05:15
2003-12-02,GETI-B.ST,47.699974060058594,48.035888671875,47.36405944824219,47.699974060058594,1013706,30.96433926041512,0.0,1.0,yahoo,2024-06-23 23:05:15
2003-12-03,GETI-B.ST,47.699974060058594,48.70771789550781,47.36405944824219,47.36405944824219,836356,30.74628098663666,0.0,1.0,yahoo,2024-06-23 23:05:15
2003-12-04,GETI-B.ST,47.699974060058594,47.699974060058594,45.68448257446289,46.0203971862793,1145197,29.874045415219985,0.0,1.0,yahoo,2024-06-23 23:05:15
2003-12-05,GETI-B.ST,46.0203971862793,46.3563117980957,45.01264953613281,45.01264953613281,953816,29.219868117581775,0.0,1.0,yahoo,2024-06-23 23:05:15
2003-12-08,GETI-B.ST,45.01264953613281,46.0203971862793,44.676734924316406,45.68448257446289,401686,29.65598714144152,0.0,1.0,yahoo,2024-06-23 23:05:15
2003-12-09,GETI-B.ST,45.68448257446289,46.0203971862793,45.01264953613281,45.01264953613281,607188,29.219868117581775,0.0,1.0,yahoo,2024-06-23 23:05:15
2003-12-10,GETI-B.ST,45.34856414794922,46.0203971862793,45.34856414794922,45.68448257446289,1194692,29.65598714144152,0.0,1.0,yahoo,2024-06-23 23:05:15
2003-12-11,GETI-B.ST,45.68448257446289,45.68448257446289,45.01264953613281,45.68448257446289,484479,29.65598714144152,0.0,1.0,yahoo,2024-06-23 23:05:15
2003-12-12,GETI-B.ST,45.34856414794922,45.68448257446289,45.01264953613281,45.68448257446289,533336,29.65598714144152,0.0,1.0,yahoo,2024-06-23 23:05:15
2003-12-15,GETI-B.ST,45.68448257446289,45.68448257446289,45.01264953613281,45.34856414794922,454235,29.437926391360236,0.0,1.0,yahoo,2024-06-23 23:05:15
2003-12-16,GETI-B.ST,45.34856414794922,45.68448257446289,44.0049057006836,44.3408203125,866309,28.783751570024847,0.0,1.0,yahoo,2024-06-23 23:05:15
2003-12-17,GETI-B.ST,44.3408203125,45.68448257446289,44.3408203125,45.68448257446289,1372167,29.65598714144152,0.0,1.0,yahoo,2024-06-23 23:05:15
2003-12-18,GETI-B.ST,45.68448257446289,48.035888671875,45.68448257446289,47.02814102172852,914514,30.528220236555377,0.0,1.0,yahoo,2024-06-23 23:05:15
2003-12-19,GETI-B.ST,47.36405944824219,48.035888671875,47.02814102172852,47.699974060058594,520092,30.96433926041512,0.0,1.0,yahoo,2024-06-23 23:05:15
2003-12-22,GETI-B.ST,48.035888671875,48.035888671875,46.3563117980957,46.3563117980957,346539,30.09210368899845,0.0,1.0,yahoo,2024-06-23 23:05:15
2003-12-23,GETI-B.ST,47.02814102172852,47.02814102172852,45.68448257446289,47.02814102172852,318397,30.528220236555377,0.0,1.0,yahoo,2024-06-23 23:05:15
2003-12-24,GETI-B.ST,47.02814102172852,47.02814102172852,47.02814102172852,47.02814102172852,0,30.528220236555377,0.0,1.0,yahoo,2024-06-23 23:05:15
2003-12-25,GETI-B.ST,47.02814102172852,47.02814102172852,47.02814102172852,47.02814102172852,0,30.528220236555377,0.0,1.0,yahoo,2024-06-23 23:05:15
2003-12-26,GETI-B.ST,47.02814102172852,47.02814102172852,47.02814102172852,47.02814102172852,0,30.528220236555377,0.0,1.0,yahoo,2024-06-23 23:05:15
2003-12-29,GETI-B.ST,47.02814102172852,47.699974060058594,46.69222640991211,47.02814102172852,293846,30.528220236555377,0.0,1.0,yahoo,2024-06-23 23:05:15
2003-12-30,GETI-B.ST,47.699974060058594,48.035888671875,46.3563117980957,46.3563117980957,490008,30.09210368899845,0.0,1.0,yahoo,2024-06-23 23:05:15
2003-12-31,GETI-B.ST,46.3563117980957,46.3563117980957,46.3563117980957,46.3563117980957,0,30.09210368899845,0.0,1.0,yahoo,2024-06-23 23:05:15
2004-01-01,GETI-B.ST,46.3563117980957,46.3563117980957,46.3563117980957,46.3563117980957,0,30.09210368899845,0.0,1.0,yahoo,2024-06-23 23:05:15
2004-01-02,GETI-B.ST,47.02814102172852,48.035888671875,47.02814102172852,47.36405944824219,274710,30.74628098663666,0.0,1.0,yahoo,2024-06-23 23:05:15
2004-01-05,GETI-B.ST,47.36405944824219,47.36405944824219,46.69222640991211,46.69222640991211,910896,30.31016196277691,0.0,1.0,yahoo,2024-06-23 23:05:15
2004-01-06,GETI-B.ST,46.69222640991211,46.69222640991211,46.69222640991211,46.69222640991211,0,30.31016196277691,0.0,1.0,yahoo,2024-06-23 23:05:15
2004-01-07,GETI-B.ST,47.02814102172852,48.035888671875,46.69222640991211,48.035888671875,545755,31.182397534193584,0.0,1.0,yahoo,2024-06-23 23:05:15
2004-01-08,GETI-B.ST,48.371803283691406,50.38729476928711,48.371803283691406,49.7154655456543,1255006,32.272691379388725,0.0,1.0,yahoo,2024-06-23 23:05:15
2004-01-09,GETI-B.ST,49.7154655456543,49.7154655456543,47.36405944824219,48.371803283691406,1195040,31.400455807972047,0.0,1.0,yahoo,2024-06-23 23:05:15
2004-01-12,GETI-B.ST,48.035888671875,48.035888671875,43.66898727416992,45.68448257446289,1938622,29.65598714144152,0.0,1.0,yahoo,2024-06-23 23:05:15
2004-01-13,GETI-B.ST,46.0203971862793,47.02814102172852,46.0203971862793,46.3563117980957,1211765,30.09210368899845,0.0,1.0,yahoo,2024-06-23 23:05:15
2004-01-14,GETI-B.ST,46.3563117980957,46.69222640991211,45.34856414794922,45.34856414794922,564061,29.437926391360236,0.0,1.0,yahoo,2024-06-23 23:05:15
2004-01-15,GETI-B.ST,46.0203971862793,46.3563117980957,45.34856414794922,46.0203971862793,1016958,29.874045415219985,0.0,1.0,yahoo,2024-06-23 23:05:15
2004-01-16,GETI-B.ST,45.68448257446289,46.0203971862793,45.01264953613281,45.34856414794922,831298,29.437926391360236,0.0,1.0,yahoo,2024-06-23 23:05:15
2004-01-19,GETI-B.ST,45.01264953613281,45.34856414794922,44.3408203125,44.676734924316406,791870,29.00180984380331,0.0,1.0,yahoo,2024-06-23 23:05:15
2004-01-20,GETI-B.ST,44.676734924316406,45.34856414794922,44.3408203125,44.676734924316406,1310482,29.00180984380331,0.0,1.0,yahoo,2024-06-23 23:05:15
2004-01-21,GETI-B.ST,45.01264953613281,45.01264953613281,44.0049057006836,44.0049057006836,2526605,28.565693296246387,0.0,1.0,yahoo,2024-06-23 23:05:15
2004-01-22,GETI-B.ST,44.3408203125,45.68448257446289,44.3408203125,45.34856414794922,4289490,29.437926391360236,0.0,1.0,yahoo,2024-06-23 23:05:15
2004-01-23,GETI-B.ST,45.34856414794922,45.34856414794922,44.676734924316406,44.676734924316406,3105157,29.00180984380331,0.0,1.0,yahoo,2024-06-23 23:05:15
2004-01-26,GETI-B.ST,45.01264953613281,45.68448257446289,42.99715805053711,45.68448257446289,5060157,29.65598714144152,0.0,1.0,yahoo,2024-06-23 23:05:15
2004-01-27,GETI-B.ST,46.0203971862793,46.69222640991211,45.34856414794922,45.68448257446289,6920734,29.65598714144152,0.0,1.0,yahoo,2024-06-23 23:05:15
2004-01-28,GETI-B.ST,45.34856414794922,45.68448257446289,45.01264953613281,45.68448257446289,3063450,29.65598714144152,0.0,1.0,yahoo,2024-06-23 23:05:15
2004-01-29,GETI-B.ST,45.68448257446289,46.69222640991211,45.34856414794922,46.3563117980957,4024587,30.09210368899845,0.0,1.0,yahoo,2024-06-23 23:05:15
2004-01-30,GETI-B.ST,46.69222640991211,47.36405944824219,46.69222640991211,47.36405944824219,4280589,30.74628098663666,0.0,1.0,yahoo,2024-06-23 23:05:15
2004-02-02,GETI-B.ST,47.699974060058594,48.371803283691406,47.02814102172852,48.035888671875,3290621,31.182397534193584,0.0,1.0,yahoo,2024-06-23 23:05:15
2004-02-03,GETI-B.ST,48.035888671875,49.37955093383789,47.36405944824219,49.37955093383789,3293115,32.05463310561026,0.0,1.0,yahoo,2024-06-23 23:05:15
2004-02-04,GETI-B.ST,49.37955093383789,50.38729476928711,49.04363250732422,50.38729476928711,4696767,32.708807926945646,0.0,1.0,yahoo,2024-06-23 23:05:15
2004-02-05,GETI-B.ST,50.0513801574707,51.05912780761719,50.0513801574707,50.72320938110352,3039581,32.92686620072411,0.0,1.0,yahoo,2024-06-23 23:05:15
2004-02-06,GETI-B.ST,51.05912780761719,51.73095703125,50.72320938110352,51.05912780761719,2425662,33.1449269508054,0.0,1.0,yahoo,2024-06-23 23:05:15
2004-02-09,GETI-B.ST,51.05912780761719,51.3950424194336,50.0513801574707,50.38729476928711,976546,32.708807926945646,0.0,1.0,yahoo,2024-06-23 23:05:15
2004-02-10,GETI-B.ST,50.0513801574707,50.38729476928711,49.7154655456543,50.0513801574707,796931,32.490749653167185,0.0,1.0,yahoo,2024-06-23 23:05:15
2004-02-11,GETI-B.ST,50.0513801574707,50.72320938110352,49.7154655456543,50.38729476928711,761361,32.708807926945646,0.0,1.0,yahoo,2024-06-23 23:05:15
2004-02-12,GETI-B.ST,50.72320938110352,51.3950424194336,50.38729476928711,51.3950424194336,1362849,33.362985224583866,0.0,1.0,yahoo,2024-06-23 23:05:15
2004-02-13,GETI-B.ST,51.3950424194336,52.40278625488281,51.05912780761719,52.066871643066406,2199124,33.79910177214079,0.0,1.0,yahoo,2024-06-23 23:05:15
2004-02-16,GETI-B.ST,52.066871643066406,52.40278625488281,51.3950424194336,51.73095703125,570295,33.58104349836232,0.0,1.0,yahoo,2024-06-23 23:05:15
2004-02-17,GETI-B.ST,51.73095703125,51.73095703125,51.05912780761719,51.3950424194336,614065,33.362985224583866,0.0,1.0,yahoo,2024-06-23 23:05:15
2004-02-18,GETI-B.ST,51.73095703125,52.066871643066406,51.05912780761719,51.3950424194336,1027887,33.362985224583866,0.0,1.0,yahoo,2024-06-23 23:05:15
2004-02-19,GETI-B.ST,51.73095703125,52.066871643066406,51.3950424194336,51.73095703125,1134464,33.58104349836232,0.0,1.0,yahoo,2024-06-23 23:05:15
2004-02-20,GETI-B.ST,52.066871643066406,52.066871643066406,51.3950424194336,52.066871643066406,592676,33.79910177214079,0.0,1.0,yahoo,2024-06-23 23:05:15
2004-02-23,GETI-B.ST,52.066871643066406,52.40278625488281,52.066871643066406,52.40278625488281,697805,34.01716004591925,0.0,1.0,yahoo,2024-06-23 23:05:15
2004-02-24,GETI-B.ST,52.40278625488281,52.40278625488281,51.73095703125,52.40278625488281,926818,34.01716004591925,0.0,1.0,yahoo,2024-06-23 23:05:15
2004-02-25,GETI-B.ST,52.40278625488281,52.40278625488281,51.73095703125,52.40278625488281,1850071,34.01716004591925,0.0,1.0,yahoo,2024-06-23 23:05:15
2004-02-26,GETI-B.ST,52.40278625488281,53.4105339050293,51.73095703125,52.066871643066406,669396,33.79910177214079,0.0,1.0,yahoo,2024-06-23 23:05:15
2004-02-27,GETI-B.ST,52.40278625488281,54.41827774047852,52.066871643066406,53.7464485168457,2475430,34.88939561733592,0.0,1.0,yahoo,2024-06-23 23:05:15
2004-03-01,GETI-B.ST,54.08236312866211,57.1056022644043,53.7464485168457,56.09785461425781,1628779,36.415806010087984,0.0,1.0,yahoo,2024-06-23 23:05:15
2004-03-02,GETI-B.ST,56.43376922607422,57.1056022644043,55.426025390625,55.761940002441406,1332536,36.19774773630952,0.0,1.0,yahoo,2024-06-23 23:05:15
2004-03-03,GETI-B.ST,55.761940002441406,56.09785461425781,54.41827774047852,54.75419616699219,1567011,35.543572914974135,0.0,1.0,yahoo,2024-06-23 23:05:15
2004-03-04,GETI-B.ST,55.090110778808594,55.426025390625,54.08236312866211,54.08236312866211,513118,35.10745389111438,0.0,1.0,yahoo,2024-06-23 23:05:15
2004-03-05,GETI-B.ST,53.4105339050293,56.09785461425781,53.07461929321289,53.4105339050293,1851940,34.67133734355746,0.0,1.0,yahoo,2024-06-23 23:05:15
2004-03-08,GETI-B.ST,53.4105339050293,55.090110778808594,53.4105339050293,55.090110778808594,675077,35.761631188752595,0.0,1.0,yahoo,2024-06-23 23:05:15
2004-03-09,GETI-B.ST,55.090110778808594,55.090110778808594,52.73870468139648,52.73870468139648,1008733,34.235220796000526,0.0,1.0,yahoo,2024-06-23 23:05:15
2004-03-10,GETI-B.ST,52.73870468139648,54.41827774047852,52.40278625488281,54.08236312866211,728691,35.10745389111438,0.0,1.0,yahoo,2024-06-23 23:05:15
2004-03-11,GETI-B.ST,53.7464485168457,53.7464485168457,51.05912780761719,52.40278625488281,1208517,34.01716004591925,0.0,1.0,yahoo,2024-06-23 23:05:15
2004-03-12,GETI-B.ST,51.73095703125,53.07461929321289,51.3950424194336,52.73870468139648,440637,34.235220796000526,0.0,1.0,yahoo,2024-06-23 23:05:15
2004-03-15,GETI-B.ST,53.7464485168457,53.7464485168457,52.40278625488281,52.73870468139648,270917,34.235220796000526,0.0,1.0,yahoo,2024-06-23 23:05:15
2004-03-16,GETI-B.ST,53.4105339050293,53.7464485168457,51.73095703125,52.40278625488281,531294,34.01716004591925,0.0,1.0,yahoo,2024-06-23 23:05:15
2004-03-17,GETI-B.ST,52.40278625488281,54.41827774047852,52.40278625488281,54.08236312866211,1603873,35.10745389111438,0.0,1.0,yahoo,2024-06-23 23:05:15
2004-03-18,GETI-B.ST,54.75419616699219,55.090110778808594,54.41827774047852,54.75419616699219,1535467,35.543572914974135,0.0,1.0,yahoo,2024-06-23 23:05:15
2004-03-19,GETI-B.ST,54.41827774047852,55.090110778808594,53.4105339050293,53.4105339050293,1302353,34.67133734355746,0.0,1.0,yahoo,2024-06-23 23:05:15
2004-03-22,GETI-B.ST,53.4105339050293,53.4105339050293,51.73095703125,52.40278625488281,750919,34.01716004591925,0.0,1.0,yahoo,2024-06-23 23:05:15
2004-03-23,GETI-B.ST,52.40278625488281,54.75419616699219,52.40278625488281,54.08236312866211,956046,35.10745389111438,0.0,1.0,yahoo,2024-06-23 23:05:15
2004-03-24,GETI-B.ST,54.08236312866211,55.426025390625,53.7464485168457,55.090110778808594,1125143,35.761631188752595,0.0,1.0,yahoo,2024-06-23 23:05:15
2004-03-25,GETI-B.ST,55.090110778808594,55.090110778808594,53.7464485168457,55.090110778808594,557938,35.761631188752595,0.0,1.0,yahoo,2024-06-23 23:05:15
2004-03-26,GETI-B.ST,55.090110778808594,55.090110778808594,54.08236312866211,54.41827774047852,423855,35.32551216489286,0.0,1.0,yahoo,2024-06-23 23:05:15
2004-03-29,GETI-B.ST,54.41827774047852,55.426025390625,54.08236312866211,54.75419616699219,638960,35.543572914974135,0.0,1.0,yahoo,2024-06-23 23:05:15
2004-03-30,GETI-B.ST,54.41827774047852,55.090110778808594,54.41827774047852,54.75419616699219,264129,35.543572914974135,0.0,1.0,yahoo,2024-06-23 23:05:15
2004-03-31,GETI-B.ST,54.75419616699219,54.75419616699219,54.08236312866211,54.41827774047852,486457,35.32551216489286,0.0,1.0,yahoo,2024-06-23 23:05:15
2004-04-01,GETI-B.ST,54.41827774047852,54.75419616699219,54.08236312866211,54.41827774047852,965670,35.32551216489286,0.0,1.0,yahoo,2024-06-23 23:05:15
2004-04-02,GETI-B.ST,54.08236312866211,54.41827774047852,53.4105339050293,54.41827774047852,787460,35.32551216489286,0.0,1.0,yahoo,2024-06-23 23:05:15
2004-04-05,GETI-B.ST,54.41827774047852,55.090110778808594,54.41827774047852,54.75419616699219,1057744,35.543572914974135,0.0,1.0,yahoo,2024-06-23 23:05:15
2004-04-06,GETI-B.ST,55.090110778808594,55.090110778808594,54.41827774047852,55.090110778808594,331227,35.761631188752595,0.0,1.0,yahoo,2024-06-23 23:05:15
2004-04-07,GETI-B.ST,54.75419616699219,57.4415168762207,54.75419616699219,56.43376922607422,961048,36.63386428386645,0.0,1.0,yahoo,2024-06-23 23:05:15
2004-04-08,GETI-B.ST,56.76968765258789,57.1056022644043,55.761940002441406,56.09785461425781,461503,36.415806010087984,0.0,1.0,yahoo,2024-06-23 23:05:15
2004-04-09,GETI-B.ST,56.09785461425781,56.09785461425781,56.09785461425781,56.09785461425781,0,36.415806010087984,0.0,1.0,yahoo,2024-06-23 23:05:15
2004-04-12,GETI-B.ST,56.09785461425781,56.09785461425781,56.09785461425781,56.09785461425781,0,36.415806010087984,0.0,1.0,yahoo,2024-06-23 23:05:15
2004-04-13,GETI-B.ST,56.43376922607422,56.43376922607422,55.426025390625,55.426025390625,340006,35.979689462531056,0.0,1.0,yahoo,2024-06-23 23:05:15
2004-04-14,GETI-B.ST,55.761940002441406,55.761940002441406,54.41827774047852,54.41827774047852,722283,35.32551216489286,0.0,1.0,yahoo,2024-06-23 23:05:15
2004-04-15,GETI-B.ST,55.090110778808594,55.090110778808594,53.7464485168457,53.7464485168457,841719,34.88939561733592,0.0,1.0,yahoo,2024-06-23 23:05:15
2004-04-16,GETI-B.ST,54.41827774047852,57.1056022644043,54.41827774047852,56.43376922607422,3509485,36.63386428386645,0.0,1.0,yahoo,2024-06-23 23:05:15
2004-04-19,GETI-B.ST,57.1056022644043,57.1056022644043,56.09785461425781,56.43376922607422,189610,36.63386428386645,0.0,1.0,yahoo,2024-06-23 23:05:15
2004-04-20,GETI-B.ST,56.43376922607422,58.11334609985352,56.43376922607422,57.1056022644043,725988,37.0699833077262,0.0,1.0,yahoo,2024-06-23 23:05:15
2004-04-21,GETI-B.ST,57.1056022644043,58.44926452636719,56.09785461425781,56.76968765258789,2166349,36.85192503394773,0.0,1.0,yahoo,2024-06-23 23:05:15
2004-04-22,GETI-B.ST,57.4415168762207,58.44926452636719,55.761940002441406,55.761940002441406,1290101,36.99973859119865,1.230516,1.0,yahoo,2024-06-23 23:05:15
2004-04-23,GETI-B.ST,56.43376922607422,57.1056022644043,56.09785461425781,57.1056022644043,1583534,37.891299258659444,0.0,1.0,yahoo,2024-06-23 23:05:15
2004-04-26,GETI-B.ST,56.76968765258789,57.1056022644043,56.09785461425781,56.43376922607422,430236,37.44551765934538,0.0,1.0,yahoo,2024-06-23 23:05:15
2004-04-27,GETI-B.ST,56.43376922607422,56.76968765258789,55.761940002441406,56.43376922607422,1006529,37.44551765934538,0.0,1.0,yahoo,2024-06-23 23:05:15
2004-04-28,GETI-B.ST,56.43376922607422,57.4415168762207,56.43376922607422,56.43376922607422,732364,37.44551765934538,0.0,1.0,yahoo,2024-06-23 23:05:15
2004-04-29,GETI-B.ST,56.76968765258789,57.77743148803711,56.76968765258789,57.77743148803711,610275,38.33707832680617,0.0,1.0,yahoo,2024-06-23 23:05:15
2004-04-30,GETI-B.ST,57.4415168762207,59.12109375,57.1056022644043,59.12109375,820848,39.22863899426697,0.0,1.0,yahoo,2024-06-23 23:05:15
2004-05-03,GETI-B.ST,59.12109375,59.79292297363281,58.44926452636719,59.457008361816406,931050,39.45152852834033,0.0,1.0,yahoo,2024-06-23 23:05:15
2004-05-04,GETI-B.ST,59.79292297363281,62.14433288574219,59.457008361816406,61.1365852355957,2452682,40.565978729874494,0.0,1.0,yahoo,2024-06-23 23:05:15
2004-05-05,GETI-B.ST,61.80841445922852,61.80841445922852,59.457008361816406,60.12883758544922,790257,39.89730759648706,0.0,1.0,yahoo,2024-06-23 23:05:15
2004-05-06,GETI-B.ST,60.12883758544922,60.8006706237793,58.44926452636719,59.79292297363281,2000139,39.6744180624137,0.0,1.0,yahoo,2024-06-23 23:05:15
2004-05-07,GETI-B.ST,59.12109375,59.457008361816406,57.77743148803711,58.7851791381836,3537087,39.00574946019361,0.0,1.0,yahoo,2024-06-23 23:05:15
2004-05-10,GETI-B.ST,57.77743148803711,57.77743148803711,56.43376922607422,56.60173034667969,966380,37.556964957549404,0.0,1.0,yahoo,2024-06-23 23:05:15
2004-05-11,GETI-B.ST,57.4415168762207,57.4415168762207,56.937644958496094,57.4415168762207,396079,38.11418879273281,0.0,1.0,yahoo,2024-06-23 23:05:15
2004-05-12,GETI-B.ST,57.77743148803711,57.77743148803711,56.09785461425781,56.09785461425781,531081,37.22262812527201,0.0,1.0,yahoo,2024-06-23 23:05:15
2004-05-13,GETI-B.ST,57.1056022644043,57.2735595703125,55.090110778808594,55.761940002441406,576489,36.99973859119865,0.0,1.0,yahoo,2024-06-23 23:05:15
2004-05-14,GETI-B.ST,55.761940002441406,58.44926452636719,55.426025390625,58.44926452636719,719894,38.782859926120246,0.0,1.0,yahoo,2024-06-23 23:05:15
2004-05-17,GETI-B.ST,58.11334609985352,58.7851791381836,57.4415168762207,57.94538879394531,436194,38.44852309384285,0.0,1.0,yahoo,2024-06-23 23:05:15
2004-05-18,GETI-B.ST,58.11334609985352,60.29679870605469,58.11334609985352,60.29679870605469,1169779,40.00875489469109,0.0,1.0,yahoo,2024-06-23 23:05:15
2004-05-19,GETI-B.ST,60.46475601196289,60.8006706237793,57.77743148803711,58.44926452636719,1023042,38.782859926120246,0.0,1.0,yahoo,2024-06-23 23:05:15
2004-05-20,GETI-B.ST,58.44926452636719,58.44926452636719,58.44926452636719,58.44926452636719,0,38.782859926120246,0.0,1.0,yahoo,2024-06-23 23:05:15
2004-05-21,GETI-B.ST,58.44926452636719,58.44926452636719,56.43376922607422,56.76968765258789,710143,37.668409724586084,0.0,1.0,yahoo,2024-06-23 23:05:15
2004-05-24,GETI-B.ST,56.76968765258789,57.77743148803711,56.76968765258789,57.2735595703125,349722,38.002744025696124,0.0,1.0,yahoo,2024-06-23 23:05:15
2004-05-25,GETI-B.ST,57.4415168762207,59.457008361816406,57.4415168762207,58.44926452636719,577336,38.782859926120246,0.0,1.0,yahoo,2024-06-23 23:05:15
2004-05-26,GETI-B.ST,59.12109375,59.2890510559082,58.44926452636719,59.12109375,569533,39.22863899426697,0.0,1.0,yahoo,2024-06-23 23:05:15
2004-05-27,GETI-B.ST,59.62496566772461,59.960880279541016,59.12109375,59.79292297363281,553798,39.6744180624137,0.0,1.0,yahoo,2024-06-23 23:05:15
2004-05-28,GETI-B.ST,59.79292297363281,59.79292297363281,58.44926452636719,58.44926452636719,364222,38.782859926120246,0.0,1.0,yahoo,2024-06-23 23:05:15
2004-05-31,GETI-B.ST,58.44926452636719,58.44926452636719,58.44926452636719,58.44926452636719,0,38.782859926120246,0.0,1.0,yahoo,2024-06-23 23:05:15
2004-06-01,GETI-B.ST,58.11334609985352,59.12109375,57.4415168762207,57.609474182128906,645912,38.22563355976949,0.0,1.0,yahoo,2024-06-23 23:05:15
2004-06-02,GETI-B.ST,58.11334609985352,59.12109375,58.11334609985352,58.7851791381836,532731,39.00574946019361,0.0,1.0,yahoo,2024-06-23 23:05:15
2004-06-03,GETI-B.ST,58.44926452636719,59.79292297363281,58.44926452636719,59.2890510559082,670023,39.34008376130365,0.0,1.0,yahoo,2024-06-23 23:05:15
2004-06-04,GETI-B.ST,59.2890510559082,59.79292297363281,58.7851791381836,58.7851791381836,175978,39.00574946019361,0.0,1.0,yahoo,2024-06-23 23:05:15
2004-06-07,GETI-B.ST,59.12109375,60.12883758544922,59.12109375,59.79292297363281,540447,39.6744180624137,0.0,1.0,yahoo,2024-06-23 23:05:15
2004-06-08,GETI-B.ST,59.457008361816406,59.79292297363281,59.2890510559082,59.79292297363281,862470,39.6744180624137,0.0,1.0,yahoo,2024-06-23 23:05:15
2004-06-09,GETI-B.ST,59.457008361816406,59.79292297363281,59.2890510559082,59.79292297363281,608653,39.6744180624137,0.0,1.0,yahoo,2024-06-23 23:05:15
2004-06-10,GETI-B.ST,60.12883758544922,60.12883758544922,59.12109375,59.62496566772461,1391599,39.56297329537701,0.0,1.0,yahoo,2024-06-23 23:05:15
2004-06-11,GETI-B.ST,59.2890510559082,61.1365852355957,59.2890510559082,61.1365852355957,779723,40.565978729874494,0.0,1.0,yahoo,2024-06-23 23:05:15
2004-06-14,GETI-B.ST,60.29679870605469,61.1365852355957,60.12883758544922,60.8006706237793,1851326,40.343089195801134,0.0,1.0,yahoo,2024-06-23 23:05:15
2004-06-15,GETI-B.ST,60.8006706237793,62.480247497558594,60.8006706237793,61.80841445922852,1418726,41.01175779802123,0.0,1.0,yahoo,2024-06-23 23:05:15
2004-06-16,GETI-B.ST,61.80841445922852,63.152076721191406,60.8006706237793,62.9841194152832,2134610,41.791873698445336,0.0,1.0,yahoo,2024-06-23 23:05:15
2004-06-17,GETI-B.ST,62.816162109375,63.152076721191406,62.31229019165039,63.152076721191406,1361005,41.903318465482016,0.0,1.0,yahoo,2024-06-23 23:05:15
2004-06-18,GETI-B.ST,62.31229019165039,62.480247497558594,61.64045715332031,62.31229019165039,954538,41.34609463029861,0.0,1.0,yahoo,2024-06-23 23:05:15
2004-06-21,GETI-B.ST,62.31229019165039,62.816162109375,61.976375579833984,62.480247497558594,447778,41.457539397335296,0.0,1.0,yahoo,2024-06-23 23:05:15
2004-06-22,GETI-B.ST,62.816162109375,62.816162109375,61.80841445922852,61.976375579833984,549867,41.12320509622525,0.0,1.0,yahoo,2024-06-23 23:05:15
2004-06-23,GETI-B.ST,61.976375579833984,62.9841194152832,61.30454254150391,61.47249984741211,496229,40.788868263947855,0.0,1.0,yahoo,2024-06-23 23:05:15
2004-06-24,GETI-B.ST,61.47249984741211,62.14433288574219,60.12883758544922,60.12883758544922,785503,39.89730759648706,0.0,1.0,yahoo,2024-06-23 23:05:15
2004-06-25,GETI-B.ST,60.12883758544922,60.12883758544922,60.12883758544922,60.12883758544922,0,39.89730759648706,0.0,1.0,yahoo,2024-06-23 23:05:15
2004-06-28,GETI-B.ST,59.960880279541016,60.8006706237793,58.9531364440918,59.79292297363281,3288343,39.6744180624137,0.0,1.0,yahoo,2024-06-23 23:05:15
2004-06-29,GETI-B.ST,60.12883758544922,60.46475601196289,60.12883758544922,60.29679870605469,807267,40.00875489469109,0.0,1.0,yahoo,2024-06-23 23:05:15
2004-06-30,GETI-B.ST,60.29679870605469,60.46475601196289,59.79292297363281,59.79292297363281,955941,39.6744180624137,0.0,1.0,yahoo,2024-06-23 23:05:15
2004-07-01,GETI-B.ST,59.62496566772461,60.8006706237793,59.62496566772461,60.46475601196289,662530,40.12019966172777,0.0,1.0,yahoo,2024-06-23 23:05:15
2004-07-02,GETI-B.ST,60.46475601196289,60.8006706237793,60.29679870605469,60.29679870605469,446642,40.00875489469109,0.0,1.0,yahoo,2024-06-23 23:05:15
2004-07-05,GETI-B.ST,60.46475601196289,60.46475601196289,57.1056022644043,57.4415168762207,1768673,38.11418879273281,0.0,1.0,yahoo,2024-06-23 23:05:15
2004-07-06,GETI-B.ST,57.77743148803711,58.11334609985352,57.609474182128906,57.94538879394531,1297856,38.44852309384285,0.0,1.0,yahoo,2024-06-23 23:05:15
2004-07-07,GETI-B.ST,57.609474182128906,57.609474182128906,56.09785461425781,56.60173034667969,856253,37.556964957549404,0.0,1.0,yahoo,2024-06-23 23:05:15
2004-07-08,GETI-B.ST,56.43376922607422,57.1056022644043,55.090110778808594,56.937644958496094,1207320,37.779854491622764,0.0,1.0,yahoo,2024-06-23 23:05:15
2004-07-09,GETI-B.ST,57.2735595703125,57.2735595703125,56.43376922607422,57.2735595703125,800856,38.002744025696124,0.0,1.0,yahoo,2024-06-23 23:05:15
2004-07-12,GETI-B.ST,57.4415168762207,58.11334609985352,57.1056022644043,57.77743148803711,370813,38.33707832680617,0.0,1.0,yahoo,2024-06-23 23:05:15
2004-07-13,GETI-B.ST,58.28130340576172,58.28130340576172,57.1056022644043,57.77743148803711,719572,38.33707832680617,0.0,1.0,yahoo,2024-06-23 23:05:15
2004-07-14,GETI-B.ST,57.77743148803711,58.44926452636719,57.4415168762207,57.77743148803711,734051,38.33707832680617,0.0,1.0,yahoo,2024-06-23 23:05:15
2004-07-15,GETI-B.ST,58.7851791381836,59.2890510559082,57.4415168762207,59.12109375,767438,39.22863899426697,0.0,1.0,yahoo,2024-06-23 23:05:15
2004-07-16,GETI-B.ST,58.7851791381836,59.12109375,57.4415168762207,57.94538879394531,678398,38.44852309384285,0.0,1.0,yahoo,2024-06-23 23:05:15
2004-07-19,GETI-B.ST,58.11334609985352,58.11334609985352,56.76968765258789,56.937644958496094,618073,37.779854491622764,0.0,1.0,yahoo,2024-06-23 23:05:15
2004-07-20,GETI-B.ST,56.60173034667969,57.1056022644043,56.265811920166016,56.937644958496094,945662,37.779854491622764,0.0,1.0,yahoo,2024-06-23 23:05:15
2004-07-21,GETI-B.ST,57.1056022644043,57.609474182128906,56.937644958496094,57.1056022644043,515659,37.891299258659444,0.0,1.0,yahoo,2024-06-23 23:05:15
2004-07-22,GETI-B.ST,57.1056022644043,57.4415168762207,56.43376922607422,57.1056022644043,751076,37.891299258659444,0.0,1.0,yahoo,2024-06-23 23:05:15
2004-07-23,GETI-B.ST,56.76968765258789,57.2735595703125,56.76968765258789,56.76968765258789,795641,37.668409724586084,0.0,1.0,yahoo,2024-06-23 23:05:15
2004-07-26,GETI-B.ST,55.92989730834961,56.937644958496094,55.090110778808594,56.09785461425781,326799,37.22262812527201,0.0,1.0,yahoo,2024-06-23 23:05:15
2004-07-27,GETI-B.ST,56.09785461425781,56.43376922607422,55.090110778808594,55.5939826965332,1505242,36.88829382416197,0.0,1.0,yahoo,2024-06-23 23:05:15
2004-07-28,GETI-B.ST,55.426025390625,57.2735595703125,55.426025390625,57.2735595703125,1469627,38.002744025696124,0.0,1.0,yahoo,2024-06-23 23:05:15
2004-07-29,GETI-B.ST,56.76968765258789,59.12109375,56.76968765258789,58.7851791381836,611898,39.00574946019361,0.0,1.0,yahoo,2024-06-23 23:05:15
2004-07-30,GETI-B.ST,59.12109375,60.29679870605469,57.77743148803711,59.457008361816406,749441,39.45152852834033,0.0,1.0,yahoo,2024-06-23 23:05:15
2004-08-02,GETI-B.ST,59.2890510559082,60.29679870605469,58.44926452636719,59.2890510559082,1475410,39.34008376130365,0.0,1.0,yahoo,2024-06-23 23:05:15
2004-08-03,GETI-B.ST,59.79292297363281,59.960880279541016,59.2890510559082,59.62496566772461,1547736,39.56297329537701,0.0,1.0,yahoo,2024-06-23 23:05:15
2004-08-04,GETI-B.ST,59.457008361816406,59.62496566772461,58.44926452636719,58.61722183227539,315570,38.894304693156926,0.0,1.0,yahoo,2024-06-23 23:05:15
2004-08-05,GETI-B.ST,58.61722183227539,58.7851791381836,57.1056022644043,57.4415168762207,1468594,38.11418879273281,0.0,1.0,yahoo,2024-06-23 23:05:15
2004-08-06,GETI-B.ST,56.43376922607422,56.76968765258789,55.5939826965332,56.09785461425781,1278014,37.22262812527201,0.0,1.0,yahoo,2024-06-23 23:05:15
2004-08-09,GETI-B.ST,56.60173034667969,56.60173034667969,55.5939826965332,55.761940002441406,566054,36.99973859119865,0.0,1.0,yahoo,2024-06-23 23:05:15
2004-08-10,GETI-B.ST,55.5939826965332,56.43376922607422,55.426025390625,56.265811920166016,500581,37.33407289230869,0.0,1.0,yahoo,2024-06-23 23:05:15
2004-08-11,GETI-B.ST,56.265811920166016,58.11334609985352,56.09785461425781,56.09785461425781,481115,37.22262812527201,0.0,1.0,yahoo,2024-06-23 23:05:15
2004-08-12,GETI-B.ST,56.09785461425781,56.60173034667969,55.2580680847168,56.09785461425781,764396,37.22262812527201,0.0,1.0,yahoo,2024-06-23 23:05:15
2004-08-13,GETI-B.ST,55.761940002441406,56.09785461425781,54.586238861083984,54.586238861083984,343535,36.219625221941875,0.0,1.0,yahoo,2024-06-23 23:05:15
2004-08-16,GETI-B.ST,54.75419616699219,55.426025390625,54.25032043457031,55.426025390625,406255,36.77684905712528,0.0,1.0,yahoo,2024-06-23 23:05:15
2004-08-17,GETI-B.ST,55.5939826965332,56.60173034667969,55.5939826965332,56.265811920166016,448763,37.33407289230869,0.0,1.0,yahoo,2024-06-23 23:05:15
2004-08-18,GETI-B.ST,56.265811920166016,57.77743148803711,55.92989730834961,57.4415168762207,652932,38.11418879273281,0.0,1.0,yahoo,2024-06-23 23:05:15
2004-08-19,GETI-B.ST,57.609474182128906,57.77743148803711,56.60173034667969,56.60173034667969,487404,37.556964957549404,0.0,1.0,yahoo,2024-06-23 23:05:15
2004-08-20,GETI-B.ST,56.60173034667969,57.609474182128906,56.09785461425781,57.4415168762207,515466,38.11418879273281,0.0,1.0,yahoo,2024-06-23 23:05:15
2004-08-23,GETI-B.ST,57.609474182128906,58.61722183227539,57.1056022644043,57.94538879394531,651321,38.44852309384285,0.0,1.0,yahoo,2024-06-23 23:05:15
2004-08-24,GETI-B.ST,58.11334609985352,58.44926452636719,57.77743148803711,58.11334609985352,464835,38.55996786087954,0.0,1.0,yahoo,2024-06-23 23:05:15
2004-08-25,GETI-B.ST,58.11334609985352,58.28130340576172,56.76968765258789,56.76968765258789,1409364,37.668409724586084,0.0,1.0,yahoo,2024-06-23 23:05:15
2004-08-26,GETI-B.ST,57.609474182128906,57.609474182128906,56.76968765258789,56.76968765258789,304087,37.668409724586084,0.0,1.0,yahoo,2024-06-23 23:05:15
2004-08-27,GETI-B.ST,57.1056022644043,57.1056022644043,56.43376922607422,57.1056022644043,415094,37.891299258659444,0.0,1.0,yahoo,2024-06-23 23:05:15
2004-08-30,GETI-B.ST,57.1056022644043,57.609474182128906,56.76968765258789,56.937644958496094,155228,37.779854491622764,0.0,1.0,yahoo,2024-06-23 23:05:15
2004-08-31,GETI-B.ST,56.76968765258789,57.2735595703125,55.92989730834961,55.92989730834961,527560,37.11118335823533,0.0,1.0,yahoo,2024-06-23 23:05:15
2004-09-01,GETI-B.ST,56.43376922607422,57.1056022644043,56.09785461425781,57.1056022644043,1100747,37.891299258659444,0.0,1.0,yahoo,2024-06-23 23:05:15
2004-09-02,GETI-B.ST,56.60173034667969,57.1056022644043,56.60173034667969,56.937644958496094,1655445,37.779854491622764,0.0,1.0,yahoo,2024-06-23 23:05:15
2004-09-03,GETI-B.ST,56.937644958496094,57.2735595703125,56.09785461425781,57.2735595703125,1168852,38.002744025696124,0.0,1.0,yahoo,2024-06-23 23:05:15
2004-09-06,GETI-B.ST,57.1056022644043,57.4415168762207,56.76968765258789,57.1056022644043,435093,37.891299258659444,0.0,1.0,yahoo,2024-06-23 23:05:15
2004-09-07,GETI-B.ST,56.76968765258789,57.609474182128906,56.09785461425781,56.76968765258789,1491898,37.668409724586084,0.0,1.0,yahoo,2024-06-23 23:05:15
2004-09-08,GETI-B.ST,56.43376922607422,56.76968765258789,55.2580680847168,56.60173034667969,311233,37.556964957549404,0.0,1.0,yahoo,2024-06-23 23:05:15
2004-09-09,GETI-B.ST,55.761940002441406,56.43376922607422,55.426025390625,55.5939826965332,888191,36.88829382416197,0.0,1.0,yahoo,2024-06-23 23:05:15
2004-09-10,GETI-B.ST,55.761940002441406,56.76968765258789,55.761940002441406,55.92989730834961,787043,37.11118335823533,0.0,1.0,yahoo,2024-06-23 23:05:15
2004-09-13,GETI-B.ST,55.92989730834961,56.43376922607422,55.92989730834961,56.265811920166016,546087,37.33407289230869,0.0,1.0,yahoo,2024-06-23 23:05:15
2004-09-14,GETI-B.ST,56.09785461425781,56.265811920166016,55.426025390625,55.92989730834961,1167888,37.11118335823533,0.0,1.0,yahoo,2024-06-23 23:05:15
2004-09-15,GETI-B.ST,55.92989730834961,56.937644958496094,55.92989730834961,56.76968765258789,1358601,37.668409724586084,0.0,1.0,yahoo,2024-06-23 23:05:15
2004-09-16,GETI-B.ST,56.76968765258789,58.44926452636719,56.60173034667969,57.94538879394531,1343585,38.44852309384285,0.0,1.0,yahoo,2024-06-23 23:05:15
2004-09-17,GETI-B.ST,58.28130340576172,58.44926452636719,57.77743148803711,57.77743148803711,557683,38.33707832680617,0.0,1.0,yahoo,2024-06-23 23:05:15
2004-09-20,GETI-B.ST,57.77743148803711,57.94538879394531,57.1056022644043,57.609474182128906,573638,38.22563355976949,0.0,1.0,yahoo,2024-06-23 23:05:15
2004-09-21,GETI-B.ST,57.4415168762207,58.44926452636719,57.2735595703125,57.94538879394531,596805,38.44852309384285,0.0,1.0,yahoo,2024-06-23 23:05:15
2004-09-22,GETI-B.ST,58.44926452636719,59.960880279541016,58.11334609985352,59.62496566772461,1370266,39.56297329537701,0.0,1.0,yahoo,2024-06-23 23:05:15
2004-09-23,GETI-B.ST,59.62496566772461,59.62496566772461,58.61722183227539,59.12109375,330739,39.22863899426697,0.0,1.0,yahoo,2024-06-23 23:05:15
2004-09-24,GETI-B.ST,59.12109375,59.12109375,58.44926452636719,58.44926452636719,192438,38.782859926120246,0.0,1.0,yahoo,2024-06-23 23:05:15
2004-09-27,GETI-B.ST,58.9531364440918,59.62496566772461,57.94538879394531,58.28130340576172,359690,38.67141262791622,0.0,1.0,yahoo,2024-06-23 23:05:15
2004-09-28,GETI-B.ST,57.77743148803711,58.28130340576172,56.76968765258789,57.4415168762207,782508,38.11418879273281,0.0,1.0,yahoo,2024-06-23 23:05:15
2004-09-29,GETI-B.ST,57.609474182128906,59.457008361816406,57.609474182128906,59.457008361816406,884891,39.45152852834033,0.0,1.0,yahoo,2024-06-23 23:05:15
2004-09-30,GETI-B.ST,59.12109375,59.79292297363281,58.9531364440918,59.457008361816406,389050,39.45152852834033,0.0,1.0,yahoo,2024-06-23 23:05:15
2004-10-01,GETI-B.ST,59.457008361816406,60.12883758544922,59.2890510559082,59.62496566772461,714267,39.56297329537701,0.0,1.0,yahoo,2024-06-23 23:05:15
2004-10-04,GETI-B.ST,59.960880279541016,60.8006706237793,59.960880279541016,60.63271331787109,517642,40.23164442876445,0.0,1.0,yahoo,2024-06-23 23:05:15
2004-10-05,GETI-B.ST,60.8006706237793,60.8006706237793,58.7851791381836,59.12109375,531980,39.22863899426697,0.0,1.0,yahoo,2024-06-23 23:05:15
2004-10-06,GETI-B.ST,58.7851791381836,59.62496566772461,58.11334609985352,58.44926452636719,868370,38.782859926120246,0.0,1.0,yahoo,2024-06-23 23:05:15
2004-10-07,GETI-B.ST,58.44926452636719,59.457008361816406,58.44926452636719,58.9531364440918,694246,39.117194227230286,0.0,1.0,yahoo,2024-06-23 23:05:15
2004-10-08,GETI-B.ST,58.9531364440918,59.12109375,58.11334609985352,58.28130340576172,833735,38.67141262791622,0.0,1.0,yahoo,2024-06-23 23:05:15
2004-10-11,GETI-B.ST,54.92215347290039,55.5939826965332,53.07461929321289,54.41827774047852,8398319,36.108177923737856,0.0,1.0,yahoo,2024-06-23 23:05:15
2004-10-12,GETI-B.ST,54.75419616699219,55.92989730834961,54.75419616699219,55.5939826965332,4639770,36.88829382416197,0.0,1.0,yahoo,2024-06-23 23:05:15
2004-10-13,GETI-B.ST,56.09785461425781,56.60173034667969,55.92989730834961,55.92989730834961,2072376,37.11118335823533,0.0,1.0,yahoo,2024-06-23 23:05:15
2004-10-14,GETI-B.ST,56.43376922607422,56.43376922607422,54.75419616699219,55.090110778808594,880232,36.55395952305192,0.0,1.0,yahoo,2024-06-23 23:05:15
2004-10-15,GETI-B.ST,55.2580680847168,55.2580680847168,53.91440582275391,54.41827774047852,1596653,36.108177923737856,0.0,1.0,yahoo,2024-06-23 23:05:15
2004-10-18,GETI-B.ST,54.75419616699219,55.090110778808594,52.90665817260742,53.5784912109375,2733364,35.55095408855444,0.0,1.0,yahoo,2024-06-23 23:05:15
2004-10-19,GETI-B.ST,54.25032043457031,54.92215347290039,53.4105339050293,53.4105339050293,1913973,35.43950932151776,0.0,1.0,yahoo,2024-06-23 23:05:15
2004-10-20,GETI-B.ST,53.24257659912109,53.4105339050293,51.8989143371582,52.40278625488281,2180571,34.77083818813033,0.0,1.0,yahoo,2024-06-23 23:05:15
2004-10-21,GETI-B.ST,52.73870468139648,52.90665817260742,52.066871643066406,52.73870468139648,1494933,34.99373025337103,0.0,1.0,yahoo,2024-06-23 23:05:15
2004-10-22,GETI-B.ST,53.5784912109375,54.08236312866211,53.07461929321289,53.7464485168457,1299017,35.66239885559112,0.0,1.0,yahoo,2024-06-23 23:05:15
2004-10-25,GETI-B.ST,53.24257659912109,53.7464485168457,52.90665817260742,53.4105339050293,505009,35.43950932151776,0.0,1.0,yahoo,2024-06-23 23:05:15
2004-10-26,GETI-B.ST,53.4105339050293,53.7464485168457,52.23482894897461,53.07461929321289,1165619,35.216619787444394,0.0,1.0,yahoo,2024-06-23 23:05:15
2004-10-27,GETI-B.ST,53.5784912109375,53.5784912109375,52.40278625488281,52.570743560791016,753493,34.88228295516701,0.0,1.0,yahoo,2024-06-23 23:05:15
2004-10-28,GETI-B.ST,52.90665817260742,53.4105339050293,52.570743560791016,52.73870468139648,643224,34.99373025337103,0.0,1.0,yahoo,2024-06-23 23:05:15
2004-10-29,GETI-B.ST,52.570743560791016,53.91440582275391,52.570743560791016,53.24257659912109,584724,35.328064554481074,0.0,1.0,yahoo,2024-06-23 23:05:15
2004-11-01,GETI-B.ST,53.5784912109375,54.41827774047852,53.07461929321289,53.5784912109375,643322,35.55095408855444,0.0,1.0,yahoo,2024-06-23 23:05:15
2004-11-02,GETI-B.ST,53.7464485168457,54.25032043457031,53.4105339050293,54.08236312866211,1703048,35.88528838966449,0.0,1.0,yahoo,2024-06-23 23:05:15
2004-11-03,GETI-B.ST,54.41827774047852,55.090110778808594,54.25032043457031,54.75419616699219,1573396,36.331069988978555,0.0,1.0,yahoo,2024-06-23 23:05:15
2004-11-04,GETI-B.ST,55.090110778808594,55.090110778808594,54.25032043457031,54.586238861083984,895876,36.219625221941875,0.0,1.0,yahoo,2024-06-23 23:05:15
2004-11-05,GETI-B.ST,54.75419616699219,54.75419616699219,54.08236312866211,54.41827774047852,294720,36.108177923737856,0.0,1.0,yahoo,2024-06-23 23:05:15
2004-11-08,GETI-B.ST,54.08236312866211,54.75419616699219,53.7464485168457,53.7464485168457,1240716,35.66239885559112,0.0,1.0,yahoo,2024-06-23 23:05:15
2004-11-09,GETI-B.ST,53.5784912109375,54.586238861083984,53.5784912109375,53.7464485168457,774814,35.66239885559112,0.0,1.0,yahoo,2024-06-23 23:05:15
2004-11-10,GETI-B.ST,53.5784912109375,54.75419616699219,53.5784912109375,54.41827774047852,943373,36.108177923737856,0.0,1.0,yahoo,2024-06-23 23:05:15
2004-11-11,GETI-B.ST,54.41827774047852,55.426025390625,54.41827774047852,55.090110778808594,908330,36.55395952305192,0.0,1.0,yahoo,2024-06-23 23:05:15
2004-11-12,GETI-B.ST,55.090110778808594,55.5939826965332,54.25032043457031,54.41827774047852,1066700,36.108177923737856,0.0,1.0,yahoo,2024-06-23 23:05:15
2004-11-15,GETI-B.ST,54.75419616699219,54.92215347290039,54.25032043457031,54.586238861083984,787780,36.219625221941875,0.0,1.0,yahoo,2024-06-23 23:05:15
2004-11-16,GETI-B.ST,54.92215347290039,54.92215347290039,53.7464485168457,53.7464485168457,1228020,35.66239885559112,0.0,1.0,yahoo,2024-06-23 23:05:15
2004-11-17,GETI-B.ST,53.7464485168457,55.5939826965332,53.7464485168457,55.5939826965332,881271,36.88829382416197,0.0,1.0,yahoo,2024-06-23 23:05:15
2004-11-18,GETI-B.ST,55.5939826965332,56.265811920166016,55.090110778808594,55.426025390625,768227,36.77684905712528,0.0,1.0,yahoo,2024-06-23 23:05:15
2004-11-19,GETI-B.ST,55.426025390625,55.761940002441406,54.92215347290039,54.92215347290039,497400,36.44251475601524,0.0,1.0,yahoo,2024-06-23 23:05:15
2004-11-22,GETI-B.ST,54.75419616699219,55.5939826965332,54.586238861083984,55.426025390625,603461,36.77684905712528,0.0,1.0,yahoo,2024-06-23 23:05:15
2004-11-23,GETI-B.ST,55.426025390625,55.92989730834961,54.92215347290039,54.92215347290039,660824,36.44251475601524,0.0,1.0,yahoo,2024-06-23 23:05:15
2004-11-24,GETI-B.ST,55.090110778808594,55.2580680847168,54.25032043457031,54.41827774047852,1230762,36.108177923737856,0.0,1.0,yahoo,2024-06-23 23:05:15
2004-11-25,GETI-B.ST,54.41827774047852,54.92215347290039,54.25032043457031,54.75419616699219,1110266,36.331069988978555,0.0,1.0,yahoo,2024-06-23 23:05:15
2004-11-26,GETI-B.ST,54.92215347290039,55.090110778808594,54.41827774047852,54.586238861083984,533246,36.219625221941875,0.0,1.0,yahoo,2024-06-23 23:05:15
2004-11-29,GETI-B.ST,54.586238861083984,55.2580680847168,54.586238861083984,55.2580680847168,941470,36.6654042900886,0.0,1.0,yahoo,2024-06-23 23:05:15
2004-11-30,GETI-B.ST,55.2580680847168,56.60173034667969,55.2580680847168,56.09785461425781,1871209,37.22262812527201,0.0,1.0,yahoo,2024-06-23 23:05:15
2004-12-01,GETI-B.ST,56.265811920166016,56.60173034667969,55.92989730834961,56.265811920166016,843729,37.33407289230869,0.0,1.0,yahoo,2024-06-23 23:05:15
2004-12-02,GETI-B.ST,56.76968765258789,56.76968765258789,56.265811920166016,56.76968765258789,1733256,37.668409724586084,0.0,1.0,yahoo,2024-06-23 23:05:15
2004-12-03,GETI-B.ST,56.937644958496094,57.609474182128906,56.76968765258789,57.609474182128906,1702381,38.22563355976949,0.0,1.0,yahoo,2024-06-23 23:05:15
2004-12-06,GETI-B.ST,57.609474182128906,58.44926452636719,57.2735595703125,57.94538879394531,1843814,38.44852309384285,0.0,1.0,yahoo,2024-06-23 23:05:15
2004-12-07,GETI-B.ST,57.77743148803711,58.9531364440918,57.77743148803711,57.77743148803711,2048206,38.33707832680617,0.0,1.0,yahoo,2024-06-23 23:05:15
2004-12-08,GETI-B.ST,57.77743148803711,58.11334609985352,57.2735595703125,57.77743148803711,1424137,38.33707832680617,0.0,1.0,yahoo,2024-06-23 23:05:15
2004-12-09,GETI-B.ST,57.77743148803711,57.77743148803711,56.60173034667969,57.1056022644043,844269,37.891299258659444,0.0,1.0,yahoo,2024-06-23 23:05:15
2004-12-10,GETI-B.ST,57.1056022644043,57.1056022644043,55.92989730834961,56.265811920166016,734423,37.33407289230869,0.0,1.0,yahoo,2024-06-23 23:05:15
2004-12-13,GETI-B.ST,56.265811920166016,56.43376922607422,55.92989730834961,56.09785461425781,1425874,37.22262812527201,0.0,1.0,yahoo,2024-06-23 23:05:15
2004-12-14,GETI-B.ST,56.09785461425781,56.265811920166016,55.090110778808594,55.426025390625,1687846,36.77684905712528,0.0,1.0,yahoo,2024-06-23 23:05:15
2004-12-15,GETI-B.ST,55.426025390625,56.09785461425781,55.426025390625,55.5939826965332,1790071,36.88829382416197,0.0,1.0,yahoo,2024-06-23 23:05:15
2004-12-16,GETI-B.ST,55.761940002441406,55.92989730834961,55.2580680847168,55.2580680847168,556991,36.6654042900886,0.0,1.0,yahoo,2024-06-23 23:05:15
2004-12-17,GETI-B.ST,55.2580680847168,55.761940002441406,55.090110778808594,55.090110778808594,656771,36.55395952305192,0.0,1.0,yahoo,2024-06-23 23:05:15
2004-12-20,GETI-B.ST,55.426025390625,55.761940002441406,55.090110778808594,55.426025390625,413852,36.77684905712528,0.0,1.0,yahoo,2024-06-23 23:05:15
2004-12-21,GETI-B.ST,55.5939826965332,55.92989730834961,55.2580680847168,55.426025390625,814480,36.77684905712528,0.0,1.0,yahoo,2024-06-23 23:05:15
2004-12-22,GETI-B.ST,55.5939826965332,55.92989730834961,55.2580680847168,55.5939826965332,885561,36.88829382416197,0.0,1.0,yahoo,2024-06-23 23:05:15
2004-12-23,GETI-B.ST,55.761940002441406,55.761940002441406,54.41827774047852,54.92215347290039,789623,36.44251475601524,0.0,1.0,yahoo,2024-06-23 23:05:15
2004-12-24,GETI-B.ST,54.92215347290039,54.92215347290039,54.92215347290039,54.92215347290039,0,36.44251475601524,0.0,1.0,yahoo,2024-06-23 23:05:15
2004-12-27,GETI-B.ST,54.75419616699219,55.2580680847168,54.75419616699219,54.75419616699219,443388,36.331069988978555,0.0,1.0,yahoo,2024-06-23 23:05:15
2004-12-28,GETI-B.ST,54.586238861083984,55.426025390625,54.586238861083984,55.426025390625,701633,36.77684905712528,0.0,1.0,yahoo,2024-06-23 23:05:15
2004-12-29,GETI-B.ST,55.761940002441406,55.761940002441406,55.2580680847168,55.426025390625,272463,36.77684905712528,0.0,1.0,yahoo,2024-06-23 23:05:15
2004-12-30,GETI-B.ST,55.761940002441406,56.09785461425781,55.090110778808594,55.5939826965332,625913,36.88829382416197,0.0,1.0,yahoo,2024-06-23 23:05:15
2004-12-31,GETI-B.ST,55.5939826965332,55.5939826965332,55.5939826965332,55.5939826965332,0,36.88829382416197,0.0,1.0,yahoo,2024-06-23 23:05:15
2005-01-03,GETI-B.ST,55.761940002441406,56.43376922607422,55.761940002441406,56.265811920166016,670619,37.33407289230869,0.0,1.0,yahoo,2024-06-23 23:05:15
2005-01-04,GETI-B.ST,56.09785461425781,56.76968765258789,55.92989730834961,56.60173034667969,672214,37.556964957549404,0.0,1.0,yahoo,2024-06-23 23:05:15
2005-01-05,GETI-B.ST,56.09785461425781,56.09785461425781,55.426025390625,55.761940002441406,805360,36.99973859119865,0.0,1.0,yahoo,2024-06-23 23:05:15
2005-01-06,GETI-B.ST,55.761940002441406,55.761940002441406,55.761940002441406,55.761940002441406,0,36.99973859119865,0.0,1.0,yahoo,2024-06-23 23:05:15
2005-01-07,GETI-B.ST,56.09785461425781,56.60173034667969,55.761940002441406,56.43376922607422,784161,37.44551765934538,0.0,1.0,yahoo,2024-06-23 23:05:15
2005-01-10,GETI-B.ST,56.43376922607422,57.77743148803711,56.265811920166016,57.609474182128906,1229117,38.22563355976949,0.0,1.0,yahoo,2024-06-23 23:05:15
2005-01-11,GETI-B.ST,57.609474182128906,57.77743148803711,57.2735595703125,57.77743148803711,812762,38.33707832680617,0.0,1.0,yahoo,2024-06-23 23:05:15
2005-01-12,GETI-B.ST,58.11334609985352,58.11334609985352,56.60173034667969,56.937644958496094,1099561,37.779854491622764,0.0,1.0,yahoo,2024-06-23 23:05:15
2005-01-13,GETI-B.ST,57.4415168762207,57.609474182128906,57.1056022644043,57.4415168762207,365697,38.11418879273281,0.0,1.0,yahoo,2024-06-23 23:05:15
2005-01-14,GETI-B.ST,57.4415168762207,57.609474182128906,56.76968765258789,56.76968765258789,487618,37.668409724586084,0.0,1.0,yahoo,2024-06-23 23:05:15
2005-01-17,GETI-B.ST,57.1056022644043,57.2735595703125,56.265811920166016,56.265811920166016,488758,37.33407289230869,0.0,1.0,yahoo,2024-06-23 23:05:15
2005-01-18,GETI-B.ST,56.265811920166016,56.60173034667969,55.92989730834961,56.43376922607422,513629,37.44551765934538,0.0,1.0,yahoo,2024-06-23 23:05:15
2005-01-19,GETI-B.ST,57.1056022644043,57.4415168762207,56.76968765258789,57.2735595703125,760416,38.002744025696124,0.0,1.0,yahoo,2024-06-23 23:05:15
2005-01-20,GETI-B.ST,57.1056022644043,58.61722183227539,56.937644958496094,58.61722183227539,1214919,38.894304693156926,0.0,1.0,yahoo,2024-06-23 23:05:15
2005-01-21,GETI-B.ST,58.28130340576172,58.44926452636719,57.77743148803711,58.28130340576172,1310287,38.67141262791622,0.0,1.0,yahoo,2024-06-23 23:05:15
2005-01-24,GETI-B.ST,58.44926452636719,58.44926452636719,57.77743148803711,57.94538879394531,809256,38.44852309384285,0.0,1.0,yahoo,2024-06-23 23:05:15
2005-01-25,GETI-B.ST,58.28130340576172,62.6482048034668,57.609474182128906,61.64045715332031,9795041,40.90031303098454,0.0,1.0,yahoo,2024-06-23 23:05:15
2005-01-26,GETI-B.ST,61.64045715332031,61.80841445922852,60.46475601196289,60.8006706237793,3989617,40.343089195801134,0.0,1.0,yahoo,2024-06-23 23:05:15
2005-01-27,GETI-B.ST,61.1365852355957,61.30454254150391,59.62496566772461,60.29679870605469,3412997,40.00875489469109,0.0,1.0,yahoo,2024-06-23 23:05:15
2005-01-28,GETI-B.ST,60.12883758544922,62.14433288574219,60.12883758544922,60.46475601196289,2101127,40.12019966172777,0.0,1.0,yahoo,2024-06-23 23:05:15
2005-01-31,GETI-B.ST,60.9686279296875,61.1365852355957,60.29679870605469,61.1365852355957,2131888,40.565978729874494,0.0,1.0,yahoo,2024-06-23 23:05:15
2005-02-01,GETI-B.ST,61.30454254150391,61.47249984741211,60.46475601196289,60.46475601196289,1717754,40.12019966172777,0.0,1.0,yahoo,2024-06-23 23:05:15
2005-02-02,GETI-B.ST,61.1365852355957,61.976375579833984,60.9686279296875,61.47249984741211,2649599,40.788868263947855,0.0,1.0,yahoo,2024-06-23 23:05:15
2005-02-03,GETI-B.ST,62.31229019165039,63.48799133300781,61.976375579833984,63.152076721191406,2678891,41.903318465482016,0.0,1.0,yahoo,2024-06-23 23:05:15
2005-02-04,GETI-B.ST,63.32003402709961,63.32003402709961,62.31229019165039,62.480247497558594,2503507,41.457539397335296,0.0,1.0,yahoo,2024-06-23 23:05:15
2005-02-07,GETI-B.ST,62.9841194152832,63.152076721191406,62.31229019165039,62.31229019165039,1376570,41.34609463029861,0.0,1.0,yahoo,2024-06-23 23:05:15
2005-02-08,GETI-B.ST,62.480247497558594,63.655948638916016,62.31229019165039,63.48799133300781,1080949,42.12620799955538,0.0,1.0,yahoo,2024-06-23 23:05:15
2005-02-09,GETI-B.ST,63.82390975952149,65.67144012451172,63.655948638916016,65.16757202148438,1511495,43.24066073225689,0.0,1.0,yahoo,2024-06-23 23:05:15
2005-02-10,GETI-B.ST,65.16757202148438,65.16757202148438,63.82390975952149,64.15982055664062,678266,42.57198706770211,0.0,1.0,yahoo,2024-06-23 23:05:15
2005-02-11,GETI-B.ST,64.49573516845703,65.50348663330078,64.3277816772461,65.50348663330078,797410,43.46355026633025,0.0,1.0,yahoo,2024-06-23 23:05:15
2005-02-14,GETI-B.ST,65.16757202148438,65.50348663330078,64.9996109008789,65.33552551269531,575600,43.352102968126225,0.0,1.0,yahoo,2024-06-23 23:05:15
2005-02-15,GETI-B.ST,65.33552551269531,66.51123046875,65.16757202148438,65.83940124511719,843024,43.68643980040361,0.0,1.0,yahoo,2024-06-23 23:05:15
2005-02-16,GETI-B.ST,65.83940124511719,65.83940124511719,64.9996109008789,65.33552551269531,980803,43.352102968126225,0.0,1.0,yahoo,2024-06-23 23:05:15
2005-02-17,GETI-B.ST,65.50348663330078,66.1753158569336,65.50348663330078,66.00735473632812,817118,43.79788203627295,0.0,1.0,yahoo,2024-06-23 23:05:15
2005-02-18,GETI-B.ST,66.1753158569336,67.85488891601562,66.00735473632812,67.18305969238281,1616833,44.57799793669707,0.0,1.0,yahoo,2024-06-23 23:05:15
2005-02-21,GETI-B.ST,66.8471450805664,67.85488891601562,65.50348663330078,66.1753158569336,2344395,43.90932933447698,0.0,1.0,yahoo,2024-06-23 23:05:15
2005-02-22,GETI-B.ST,65.83940124511719,66.8471450805664,64.9996109008789,66.51123046875,1648559,44.13221886855034,0.0,1.0,yahoo,2024-06-23 23:05:15
2005-02-23,GETI-B.ST,65.83940124511719,67.18305969238281,65.83940124511719,67.01510620117188,2903300,44.46655570082773,0.0,1.0,yahoo,2024-06-23 23:05:15
2005-02-24,GETI-B.ST,66.51123046875,67.51897430419922,66.00735473632812,67.51897430419922,651202,44.800887470770434,0.0,1.0,yahoo,2024-06-23 23:05:15
2005-02-25,GETI-B.ST,67.51897430419922,67.51897430419922,66.1753158569336,67.18305969238281,609725,44.57799793669707,0.0,1.0,yahoo,2024-06-23 23:05:15
2005-02-28,GETI-B.ST,67.51897430419922,67.51897430419922,66.1753158569336,66.51123046875,735469,44.13221886855034,0.0,1.0,yahoo,2024-06-23 23:05:15
2005-03-01,GETI-B.ST,66.34326934814453,66.8471450805664,66.1753158569336,66.34326934814453,559444,44.02077157034631,0.0,1.0,yahoo,2024-06-23 23:05:15
2005-03-02,GETI-B.ST,66.34326934814453,67.01510620117188,66.1753158569336,66.8471450805664,646890,44.355108402623706,0.0,1.0,yahoo,2024-06-23 23:05:15
2005-03-03,GETI-B.ST,66.1753158569336,67.51897430419922,66.1753158569336,66.34326934814453,1465058,44.02077157034631,0.0,1.0,yahoo,2024-06-23 23:05:15
2005-03-04,GETI-B.ST,66.51123046875,66.67919158935547,66.00735473632812,66.34326934814453,955696,44.02077157034631,0.0,1.0,yahoo,2024-06-23 23:05:15
2005-03-07,GETI-B.ST,66.51123046875,67.01510620117188,66.00735473632812,66.67919158935547,691334,44.243666166754366,0.0,1.0,yahoo,2024-06-23 23:05:15
2005-03-08,GETI-B.ST,66.8471450805664,67.01510620117188,66.34326934814453,66.8471450805664,717808,44.355108402623706,0.0,1.0,yahoo,2024-06-23 23:05:15
2005-03-09,GETI-B.ST,66.8471450805664,68.86264038085938,66.51123046875,67.18305969238281,1085763,44.57799793669707,0.0,1.0,yahoo,2024-06-23 23:05:15
2005-03-10,GETI-B.ST,67.85488891601562,67.85488891601562,66.8471450805664,66.8471450805664,685726,44.355108402623706,0.0,1.0,yahoo,2024-06-23 23:05:15
2005-03-11,GETI-B.ST,67.18305969238281,67.51897430419922,66.51123046875,66.51123046875,369042,44.13221886855034,0.0,1.0,yahoo,2024-06-23 23:05:15
2005-03-14,GETI-B.ST,66.67919158935547,67.51897430419922,66.1753158569336,67.18305969238281,365041,44.57799793669707,0.0,1.0,yahoo,2024-06-23 23:05:15
2005-03-15,GETI-B.ST,67.51897430419922,68.19080352783203,67.18305969238281,68.19080352783203,596598,45.24666653891716,0.0,1.0,yahoo,2024-06-23 23:05:15
2005-03-16,GETI-B.ST,67.85488891601562,68.86264038085938,66.8471450805664,67.18305969238281,814962,44.57799793669707,0.0,1.0,yahoo,2024-06-23 23:05:15
2005-03-17,GETI-B.ST,68.19080352783203,68.19080352783203,66.67919158935547,67.01510620117188,690373,44.46655570082773,0.0,1.0,yahoo,2024-06-23 23:05:15
2005-03-18,GETI-B.ST,67.18305969238281,67.51897430419922,66.8471450805664,67.18305969238281,492962,44.57799793669707,0.0,1.0,yahoo,2024-06-23 23:05:15
2005-03-21,GETI-B.ST,66.67919158935547,68.19080352783203,66.67919158935547,67.85488891601562,585022,45.023777004843794,0.0,1.0,yahoo,2024-06-23 23:05:15
2005-03-22,GETI-B.ST,67.85488891601562,68.52672576904297,67.51897430419922,68.19080352783203,560334,45.24666653891716,0.0,1.0,yahoo,2024-06-23 23:05:15
2005-03-23,GETI-B.ST,68.19080352783203,69.53446960449219,67.85488891601562,68.86264038085938,637672,45.692450669398575,0.0,1.0,yahoo,2024-06-23 23:05:15
2005-03-24,GETI-B.ST,69.19855499267578,71.21404266357422,69.19855499267578,70.87812805175781,728923,47.02978787383876,0.0,1.0,yahoo,2024-06-23 23:05:15
2005-03-25,GETI-B.ST,70.87812805175781,70.87812805175781,70.87812805175781,70.87812805175781,0,47.02978787383876,0.0,1.0,yahoo,2024-06-23 23:05:15
2005-03-28,GETI-B.ST,70.87812805175781,70.87812805175781,70.87812805175781,70.87812805175781,0,47.02978787383876,0.0,1.0,yahoo,2024-06-23 23:05:15
2005-03-29,GETI-B.ST,71.21404266357422,73.5654525756836,70.206298828125,70.206298828125,1314965,46.58400880569203,0.0,1.0,yahoo,2024-06-23 23:05:15
2005-03-30,GETI-B.ST,70.5422134399414,70.87812805175781,69.53446960449219,69.53446960449219,599788,46.1382297375453,0.0,1.0,yahoo,2024-06-23 23:05:15
2005-03-31,GETI-B.ST,70.206298828125,71.54995727539062,69.8703842163086,70.87812805175781,822454,47.02978787383876,0.0,1.0,yahoo,2024-06-23 23:05:15
2005-04-01,GETI-B.ST,71.88587188720703,72.22178649902344,70.87812805175781,71.21404266357422,883105,47.25267740791212,0.0,1.0,yahoo,2024-06-23 23:05:15
2005-04-04,GETI-B.ST,71.54995727539062,71.88587188720703,70.87812805175781,71.21404266357422,819795,47.25267740791212,0.0,1.0,yahoo,2024-06-23 23:05:15
2005-04-05,GETI-B.ST,71.21404266357422,71.88587188720703,70.87812805175781,71.21404266357422,1335096,47.25267740791212,0.0,1.0,yahoo,2024-06-23 23:05:15
2005-04-06,GETI-B.ST,71.21404266357422,71.54995727539062,70.5422134399414,71.54995727539062,983743,47.47556694198548,0.0,1.0,yahoo,2024-06-23 23:05:15
2005-04-07,GETI-B.ST,71.21404266357422,72.55770874023438,71.21404266357422,71.21404266357422,948305,47.25267740791212,0.0,1.0,yahoo,2024-06-23 23:05:15
2005-04-08,GETI-B.ST,72.22178649902344,72.55770874023438,70.5422134399414,71.54995727539062,1127235,47.47556694198548,0.0,1.0,yahoo,2024-06-23 23:05:15
2005-04-11,GETI-B.ST,71.54995727539062,72.22178649902344,71.21404266357422,71.54995727539062,532623,47.47556694198548,0.0,1.0,yahoo,2024-06-23 23:05:15
2005-04-12,GETI-B.ST,71.88587188720703,72.22178649902344,71.21404266357422,71.54995727539062,680007,47.47556694198548,0.0,1.0,yahoo,2024-06-23 23:05:15
2005-04-13,GETI-B.ST,72.22178649902344,72.89362335205078,71.54995727539062,72.22178649902344,1605944,47.921346010132204,0.0,1.0,yahoo,2024-06-23 23:05:15
2005-04-14,GETI-B.ST,71.88587188720703,73.5654525756836,71.54995727539062,72.22178649902344,2511435,47.921346010132204,0.0,1.0,yahoo,2024-06-23 23:05:15
2005-04-15,GETI-B.ST,72.22178649902344,72.55770874023438,70.87812805175781,71.54995727539062,2007450,47.47556694198548,0.0,1.0,yahoo,2024-06-23 23:05:15
2005-04-18,GETI-B.ST,70.5422134399414,72.89362335205078,69.8703842163086,72.22178649902344,3045794,47.921346010132204,0.0,1.0,yahoo,2024-06-23 23:05:15
2005-04-19,GETI-B.ST,71.88587188720703,75.24502563476562,71.88587188720703,74.2372817993164,2965254,49.25868827690708,0.0,1.0,yahoo,2024-06-23 23:05:15
2005-04-20,GETI-B.ST,73.5654525756836,73.5654525756836,70.5422134399414,72.22178649902344,1822096,48.91225336059353,1.503964,1.0,yahoo,2024-06-23 23:05:15
2005-04-21,GETI-B.ST,71.88587188720703,71.88587188720703,70.87812805175781,71.21404266357422,1315312,48.22975817193277,0.0,1.0,yahoo,2024-06-23 23:05:15
2005-04-22,GETI-B.ST,71.54995727539062,71.88587188720703,70.87812805175781,71.21404266357422,557714,48.22975817193277,0.0,1.0,yahoo,2024-06-23 23:05:15
2005-04-25,GETI-B.ST,71.21404266357422,71.54995727539062,70.87812805175781,70.87812805175781,557591,48.00225977571252,0.0,1.0,yahoo,2024-06-23 23:05:15
2005-04-26,GETI-B.ST,71.21404266357422,71.54995727539062,70.5422134399414,70.5422134399414,615640,47.77476137949226,0.0,1.0,yahoo,2024-06-23 23:05:15
2005-04-27,GETI-B.ST,70.206298828125,70.5422134399414,68.52672576904297,69.53446960449219,698351,47.092266190831495,0.0,1.0,yahoo,2024-06-23 23:05:15
2005-04-28,GETI-B.ST,69.8703842163086,69.8703842163086,68.19080352783203,68.52672576904297,656083,46.40977100217073,0.0,1.0,yahoo,2024-06-23 23:05:15
2005-04-29,GETI-B.ST,68.19080352783203,69.19855499267578,66.51123046875,68.52672576904297,1261548,46.40977100217073,0.0,1.0,yahoo,2024-06-23 23:05:15
2005-05-02,GETI-B.ST,68.19080352783203,71.21404266357422,68.19080352783203,71.21404266357422,842087,48.22975817193277,0.0,1.0,yahoo,2024-06-23 23:05:15
2005-05-03,GETI-B.ST,71.21404266357422,72.22178649902344,70.87812805175781,71.21404266357422,1143306,48.22975817193277,0.0,1.0,yahoo,2024-06-23 23:05:15
2005-05-04,GETI-B.ST,71.54995727539062,71.54995727539062,71.21404266357422,71.21404266357422,366480,48.22975817193277,0.0,1.0,yahoo,2024-06-23 23:05:15
2005-05-05,GETI-B.ST,71.21404266357422,71.21404266357422,71.21404266357422,71.21404266357422,0,48.22975817193277,0.0,1.0,yahoo,2024-06-23 23:05:15
2005-05-06,GETI-B.ST,70.87812805175781,72.55770874023438,70.5422134399414,71.88587188720703,931852,48.68475496437328,0.0,1.0,yahoo,2024-06-23 23:05:15
2005-05-09,GETI-B.ST,71.88587188720703,73.9013671875,71.88587188720703,72.22178649902344,1965337,48.91225336059353,0.0,1.0,yahoo,2024-06-23 23:05:15
2005-05-10,GETI-B.ST,71.88587188720703,72.89362335205078,70.87812805175781,70.87812805175781,723246,48.00225977571252,0.0,1.0,yahoo,2024-06-23 23:05:15
2005-05-11,GETI-B.ST,70.87812805175781,71.54995727539062,70.5422134399414,70.87812805175781,460547,48.00225977571252,0.0,1.0,yahoo,2024-06-23 23:05:15
2005-05-12,GETI-B.ST,70.87812805175781,71.54995727539062,70.5422134399414,70.87812805175781,495267,48.00225977571252,0.0,1.0,yahoo,2024-06-23 23:05:15
2005-05-13,GETI-B.ST,71.21404266357422,71.54995727539062,70.5422134399414,71.21404266357422,317715,48.22975817193277,0.0,1.0,yahoo,2024-06-23 23:05:15
2005-05-16,GETI-B.ST,70.87812805175781,71.88587188720703,70.87812805175781,70.87812805175781,1184374,48.00225977571252,0.0,1.0,yahoo,2024-06-23 23:05:15
2005-05-17,GETI-B.ST,71.21404266357422,71.88587188720703,71.21404266357422,71.88587188720703,463220,48.68475496437328,0.0,1.0,yahoo,2024-06-23 23:05:15
2005-05-18,GETI-B.ST,71.88587188720703,72.89362335205078,71.54995727539062,71.88587188720703,661648,48.68475496437328,0.0,1.0,yahoo,2024-06-23 23:05:15
2005-05-19,GETI-B.ST,72.89362335205078,72.89362335205078,71.88587188720703,71.88587188720703,742081,48.68475496437328,0.0,1.0,yahoo,2024-06-23 23:05:15
2005-05-20,GETI-B.ST,72.22178649902344,72.55770874023438,71.21404266357422,71.88587188720703,716755,48.68475496437328,0.0,1.0,yahoo,2024-06-23 23:05:15
2005-05-23,GETI-B.ST,71.54995727539062,72.22178649902344,71.54995727539062,72.22178649902344,654447,48.91225336059353,0.0,1.0,yahoo,2024-06-23 23:05:15
2005-05-24,GETI-B.ST,71.88587188720703,72.22178649902344,71.21404266357422,71.54995727539062,1065978,48.45725656815303,0.0,1.0,yahoo,2024-06-23 23:05:15
2005-05-25,GETI-B.ST,71.21404266357422,71.88587188720703,71.21404266357422,71.88587188720703,811374,48.68475496437328,0.0,1.0,yahoo,2024-06-23 23:05:15
2005-05-26,GETI-B.ST,71.54995727539062,72.22178649902344,71.54995727539062,72.22178649902344,388581,48.91225336059353,0.0,1.0,yahoo,2024-06-23 23:05:15
2005-05-27,GETI-B.ST,72.22178649902344,72.22178649902344,71.54995727539062,72.22178649902344,645677,48.91225336059353,0.0,1.0,yahoo,2024-06-23 23:05:15
2005-05-30,GETI-B.ST,72.22178649902344,72.22178649902344,71.88587188720703,71.88587188720703,122000,48.68475496437328,0.0,1.0,yahoo,2024-06-23 23:05:15
2005-05-31,GETI-B.ST,71.88587188720703,72.89362335205078,71.88587188720703,72.55770874023438,1119551,49.139756923826354,0.0,1.0,yahoo,2024-06-23 23:05:15
2005-06-01,GETI-B.ST,72.89362335205078,73.5654525756836,72.55770874023438,72.89362335205078,581726,49.36725532004661,0.0,1.0,yahoo,2024-06-23 23:05:15
2005-06-02,GETI-B.ST,72.55770874023438,72.89362335205078,70.206298828125,70.5422134399414,2246652,47.77476137949226,0.0,1.0,yahoo,2024-06-23 23:05:15
2005-06-03,GETI-B.ST,70.5422134399414,70.87812805175781,69.19855499267578,69.19855499267578,5990977,46.86476779461124,0.0,1.0,yahoo,2024-06-23 23:05:15
2005-06-06,GETI-B.ST,70.5422134399414,70.5422134399414,70.5422134399414,70.5422134399414,0,47.77476137949226,0.0,1.0,yahoo,2024-06-23 23:05:15
2005-06-07,GETI-B.ST,69.8703842163086,71.21404266357422,69.53446960449219,70.87812805175781,1153592,48.00225977571252,0.0,1.0,yahoo,2024-06-23 23:05:15
2005-06-08,GETI-B.ST,70.87812805175781,71.54995727539062,70.5422134399414,71.21404266357422,1025306,48.22975817193277,0.0,1.0,yahoo,2024-06-23 23:05:15
2005-06-09,GETI-B.ST,71.21404266357422,72.22178649902344,70.87812805175781,72.22178649902344,465935,48.91225336059353,0.0,1.0,yahoo,2024-06-23 23:05:15
2005-06-10,GETI-B.ST,72.22178649902344,72.89362335205078,71.21404266357422,72.22178649902344,1117065,48.91225336059353,0.0,1.0,yahoo,2024-06-23 23:05:15
2005-06-13,GETI-B.ST,72.22178649902344,72.55770874023438,70.87812805175781,72.22178649902344,744047,48.91225336059353,0.0,1.0,yahoo,2024-06-23 23:05:15
2005-06-14,GETI-B.ST,72.22178649902344,72.22178649902344,71.54995727539062,72.22178649902344,713120,48.91225336059353,0.0,1.0,yahoo,2024-06-23 23:05:15
2005-06-15,GETI-B.ST,72.22178649902344,72.22178649902344,71.88587188720703,72.22178649902344,438067,48.91225336059353,0.0,1.0,yahoo,2024-06-23 23:05:15
2005-06-16,GETI-B.ST,71.88587188720703,72.22178649902344,71.21404266357422,71.88587188720703,655532,48.68475496437328,0.0,1.0,yahoo,2024-06-23 23:05:15
2005-06-17,GETI-B.ST,71.88587188720703,73.22953796386719,71.88587188720703,72.89362335205078,565971,49.36725532004661,0.0,1.0,yahoo,2024-06-23 23:05:15
2005-06-20,GETI-B.ST,73.22953796386719,73.9013671875,72.55770874023438,72.55770874023438,548105,49.139756923826354,0.0,1.0,yahoo,2024-06-23 23:05:15
2005-06-21,GETI-B.ST,73.22953796386719,75.24502563476562,73.22953796386719,74.90911102294922,827754,50.73224569736814,0.0,1.0,yahoo,2024-06-23 23:05:15
2005-06-22,GETI-B.ST,75.24502563476562,75.58094024658203,74.2372817993164,74.2372817993164,807041,50.27724890492763,0.0,1.0,yahoo,2024-06-23 23:05:15
2005-06-23,GETI-B.ST,74.2372817993164,74.90911102294922,72.55770874023438,73.22953796386719,970304,49.594753716266865,0.0,1.0,yahoo,2024-06-23 23:05:15
2005-06-24,GETI-B.ST,73.22953796386719,73.22953796386719,73.22953796386719,73.22953796386719,0,49.594753716266865,0.0,1.0,yahoo,2024-06-23 23:05:15
2005-06-27,GETI-B.ST,72.55770874023438,73.22953796386719,71.88587188720703,73.22953796386719,798397,49.594753716266865,0.0,1.0,yahoo,2024-06-23 23:05:15
2005-06-28,GETI-B.ST,73.22953796386719,73.9013671875,72.89362335205078,73.9013671875,526134,50.049750508707376,0.0,1.0,yahoo,2024-06-23 23:05:15
2005-06-29,GETI-B.ST,73.5654525756836,73.5654525756836,70.5422134399414,71.54995727539062,2036580,48.45725656815303,0.0,1.0,yahoo,2024-06-23 23:05:15
2005-06-30,GETI-B.ST,71.21404266357422,71.54995727539062,70.87812805175781,71.54995727539062,723092,48.45725656815303,0.0,1.0,yahoo,2024-06-23 23:05:15
2005-07-01,GETI-B.ST,71.21404266357422,71.54995727539062,70.5422134399414,70.87812805175781,1506382,48.00225977571252,0.0,1.0,yahoo,2024-06-23 23:05:15
2005-07-04,GETI-B.ST,70.87812805175781,71.21404266357422,70.206298828125,71.21404266357422,860510,48.22975817193277,0.0,1.0,yahoo,2024-06-23 23:05:15
2005-07-05,GETI-B.ST,71.21404266357422,72.55770874023438,70.206298828125,72.55770874023438,1038385,49.139756923826354,0.0,1.0,yahoo,2024-06-23 23:05:15
2005-07-06,GETI-B.ST,72.22178649902344,72.89362335205078,71.54995727539062,71.88587188720703,423548,48.68475496437328,0.0,1.0,yahoo,2024-06-23 23:05:15
2005-07-07,GETI-B.ST,72.22178649902344,72.22178649902344,67.51897430419922,71.21404266357422,1290167,48.22975817193277,0.0,1.0,yahoo,2024-06-23 23:05:15
2005-07-08,GETI-B.ST,71.21404266357422,71.54995727539062,70.5422134399414,70.87812805175781,564876,48.00225977571252,0.0,1.0,yahoo,2024-06-23 23:05:15
2005-07-11,GETI-B.ST,71.21404266357422,72.22178649902344,70.87812805175781,71.54995727539062,856738,48.45725656815303,0.0,1.0,yahoo,2024-06-23 23:05:15
2005-07-12,GETI-B.ST,71.21404266357422,71.54995727539062,67.51897430419922,68.52672576904297,3860415,46.40977100217073,0.0,1.0,yahoo,2024-06-23 23:05:15
2005-07-13,GETI-B.ST,68.52672576904297,69.8703842163086,68.52672576904297,69.19855499267578,3983106,46.86476779461124,0.0,1.0,yahoo,2024-06-23 23:05:15
2005-07-14,GETI-B.ST,69.53446960449219,69.8703842163086,68.52672576904297,69.19855499267578,1463925,46.86476779461124,0.0,1.0,yahoo,2024-06-23 23:05:15
2005-07-15,GETI-B.ST,69.19855499267578,69.19855499267578,68.19080352783203,69.19855499267578,1020097,46.86476779461124,0.0,1.0,yahoo,2024-06-23 23:05:15
2005-07-18,GETI-B.ST,68.86264038085938,69.19855499267578,68.19080352783203,68.52672576904297,898003,46.40977100217073,0.0,1.0,yahoo,2024-06-23 23:05:15
2005-07-19,GETI-B.ST,68.52672576904297,68.86264038085938,66.8471450805664,67.18305969238281,1141103,45.49977225027715,0.0,1.0,yahoo,2024-06-23 23:05:15
2005-07-20,GETI-B.ST,67.51897430419922,67.85488891601562,67.01510620117188,67.51897430419922,974443,45.7272706464974,0.0,1.0,yahoo,2024-06-23 23:05:15
2005-07-21,GETI-B.ST,68.52672576904297,69.8703842163086,68.52672576904297,69.19855499267578,758500,46.86476779461124,0.0,1.0,yahoo,2024-06-23 23:05:15
2005-07-22,GETI-B.ST,69.53446960449219,70.206298828125,69.19855499267578,69.53446960449219,1271842,47.092266190831495,0.0,1.0,yahoo,2024-06-23 23:05:15
2005-07-25,GETI-B.ST,69.8703842163086,69.8703842163086,69.53446960449219,69.53446960449219,338351,47.092266190831495,0.0,1.0,yahoo,2024-06-23 23:05:15
2005-07-26,GETI-B.ST,69.53446960449219,69.8703842163086,68.52672576904297,69.8703842163086,1451166,47.31976458705175,0.0,1.0,yahoo,2024-06-23 23:05:15
2005-07-27,GETI-B.ST,69.53446960449219,69.8703842163086,68.86264038085938,69.8703842163086,263286,47.31976458705175,0.0,1.0,yahoo,2024-06-23 23:05:15
2005-07-28,GETI-B.ST,69.8703842163086,70.206298828125,69.19855499267578,69.19855499267578,460555,46.86476779461124,0.0,1.0,yahoo,2024-06-23 23:05:15
2005-07-29,GETI-B.ST,69.53446960449219,69.8703842163086,69.19855499267578,69.53446960449219,336806,47.092266190831495,0.0,1.0,yahoo,2024-06-23 23:05:15
2005-08-01,GETI-B.ST,69.8703842163086,70.206298828125,69.19855499267578,69.53446960449219,281797,47.092266190831495,0.0,1.0,yahoo,2024-06-23 23:05:15
2005-08-02,GETI-B.ST,69.53446960449219,70.5422134399414,69.53446960449219,69.8703842163086,556677,47.31976458705175,0.0,1.0,yahoo,2024-06-23 23:05:15
2005-08-03,GETI-B.ST,70.206298828125,70.87812805175781,70.206298828125,70.206298828125,545387,47.547262983272006,0.0,1.0,yahoo,2024-06-23 23:05:15
2005-08-04,GETI-B.ST,70.5422134399414,70.5422134399414,68.86264038085938,69.53446960449219,857970,47.092266190831495,0.0,1.0,yahoo,2024-06-23 23:05:15
2005-08-05,GETI-B.ST,70.206298828125,70.206298828125,68.86264038085938,69.53446960449219,890971,47.092266190831495,0.0,1.0,yahoo,2024-06-23 23:05:15
2005-08-08,GETI-B.ST,69.19855499267578,69.53446960449219,68.52672576904297,68.52672576904297,630995,46.40977100217073,0.0,1.0,yahoo,2024-06-23 23:05:15
2005-08-09,GETI-B.ST,68.52672576904297,69.19855499267578,68.19080352783203,68.52672576904297,1122829,46.40977100217073,0.0,1.0,yahoo,2024-06-23 23:05:15
2005-08-10,GETI-B.ST,68.86264038085938,69.53446960449219,68.52672576904297,69.19855499267578,1073112,46.86476779461124,0.0,1.0,yahoo,2024-06-23 23:05:15
2005-08-11,GETI-B.ST,69.19855499267578,69.53446960449219,68.86264038085938,69.53446960449219,550333,47.092266190831495,0.0,1.0,yahoo,2024-06-23 23:05:15
2005-08-12,GETI-B.ST,69.53446960449219,70.206298828125,69.19855499267578,69.8703842163086,1019408,47.31976458705175,0.0,1.0,yahoo,2024-06-23 23:05:15
2005-08-15,GETI-B.ST,69.19855499267578,70.206298828125,69.19855499267578,69.53446960449219,336382,47.092266190831495,0.0,1.0,yahoo,2024-06-23 23:05:15
2005-08-16,GETI-B.ST,70.206298828125,70.5422134399414,69.8703842163086,70.5422134399414,376767,47.77476137949226,0.0,1.0,yahoo,2024-06-23 23:05:15
2005-08-17,GETI-B.ST,70.5422134399414,73.9013671875,70.5422134399414,73.9013671875,2451531,50.049750508707376,0.0,1.0,yahoo,2024-06-23 23:05:15
2005-08-18,GETI-B.ST,73.5654525756836,73.9013671875,72.89362335205078,72.89362335205078,897087,49.36725532004661,0.0,1.0,yahoo,2024-06-23 23:05:15
2005-08-19,GETI-B.ST,72.55770874023438,72.89362335205078,71.21404266357422,72.22178649902344,763382,48.91225336059353,0.0,1.0,yahoo,2024-06-23 23:05:15
2005-08-22,GETI-B.ST,72.22178649902344,73.22953796386719,71.88587188720703,72.55770874023438,464600,49.139756923826354,0.0,1.0,yahoo,2024-06-23 23:05:15
2005-08-23,GETI-B.ST,72.55770874023438,72.55770874023438,70.5422134399414,70.87812805175781,828272,48.00225977571252,0.0,1.0,yahoo,2024-06-23 23:05:15
2005-08-24,GETI-B.ST,70.87812805175781,71.21404266357422,69.8703842163086,70.87812805175781,707676,48.00225977571252,0.0,1.0,yahoo,2024-06-23 23:05:15
2005-08-25,GETI-B.ST,70.206298828125,70.5422134399414,69.19855499267578,69.8703842163086,658030,47.31976458705175,0.0,1.0,yahoo,2024-06-23 23:05:15
2005-08-26,GETI-B.ST,70.206298828125,71.54995727539062,70.206298828125,70.206298828125,645674,47.547262983272006,0.0,1.0,yahoo,2024-06-23 23:05:15
2005-08-29,GETI-B.ST,69.8703842163086,70.5422134399414,69.53446960449219,70.206298828125,168390,47.547262983272006,0.0,1.0,yahoo,2024-06-23 23:05:15
2005-08-30,GETI-B.ST,70.5422134399414,71.21404266357422,69.53446960449219,69.53446960449219,797830,47.092266190831495,0.0,1.0,yahoo,2024-06-23 23:05:15
2005-08-31,GETI-B.ST,69.8703842163086,71.21404266357422,69.8703842163086,70.5422134399414,633679,47.77476137949226,0.0,1.0,yahoo,2024-06-23 23:05:15
2005-09-01,GETI-B.ST,70.5422134399414,71.21404266357422,69.8703842163086,71.21404266357422,430979,48.22975817193277,0.0,1.0,yahoo,2024-06-23 23:05:15
2005-09-02,GETI-B.ST,70.87812805175781,71.21404266357422,69.8703842163086,70.5422134399414,510776,47.77476137949226,0.0,1.0,yahoo,2024-06-23 23:05:15
2005-09-05,GETI-B.ST,70.5422134399414,71.54995727539062,69.8703842163086,71.21404266357422,501413,48.22975817193277,0.0,1.0,yahoo,2024-06-23 23:05:15
2005-09-06,GETI-B.ST,71.54995727539062,71.88587188720703,71.21404266357422,71.21404266357422,673421,48.22975817193277,0.0,1.0,yahoo,2024-06-23 23:05:15
2005-09-07,GETI-B.ST,71.54995727539062,72.22178649902344,71.21404266357422,71.21404266357422,1102289,48.22975817193277,0.0,1.0,yahoo,2024-06-23 23:05:15
2005-09-08,GETI-B.ST,71.88587188720703,72.22178649902344,71.21404266357422,71.21404266357422,541620,48.22975817193277,0.0,1.0,yahoo,2024-06-23 23:05:15
2005-09-09,GETI-B.ST,71.21404266357422,71.88587188720703,70.87812805175781,71.21404266357422,496748,48.22975817193277,0.0,1.0,yahoo,2024-06-23 23:05:15
2005-09-12,GETI-B.ST,71.54995727539062,73.5654525756836,71.54995727539062,73.5654525756836,2188018,49.82225211248712,0.0,1.0,yahoo,2024-06-23 23:05:15
2005-09-13,GETI-B.ST,73.5654525756836,73.9013671875,73.22953796386719,73.5654525756836,1282710,49.82225211248712,0.0,1.0,yahoo,2024-06-23 23:05:15
2005-09-14,GETI-B.ST,73.5654525756836,74.90911102294922,73.5654525756836,74.57319641113281,1412970,50.50474730114789,0.0,1.0,yahoo,2024-06-23 23:05:15
2005-09-15,GETI-B.ST,74.2372817993164,74.2372817993164,73.22953796386719,74.2372817993164,1041640,50.27724890492763,0.0,1.0,yahoo,2024-06-23 23:05:15
2005-09-16,GETI-B.ST,73.22953796386719,73.5654525756836,72.55770874023438,72.89362335205078,704835,49.36725532004661,0.0,1.0,yahoo,2024-06-23 23:05:15
2005-09-19,GETI-B.ST,72.89362335205078,74.90911102294922,72.55770874023438,74.2372817993164,719173,50.27724890492763,0.0,1.0,yahoo,2024-06-23 23:05:15
2005-09-20,GETI-B.ST,74.2372817993164,74.57319641113281,73.22953796386719,73.9013671875,367236,50.049750508707376,0.0,1.0,yahoo,2024-06-23 23:05:15
2005-09-21,GETI-B.ST,73.22953796386719,74.2372817993164,73.22953796386719,73.5654525756836,529429,49.82225211248712,0.0,1.0,yahoo,2024-06-23 23:05:15
2005-09-22,GETI-B.ST,73.5654525756836,73.9013671875,72.55770874023438,72.89362335205078,507068,49.36725532004661,0.0,1.0,yahoo,2024-06-23 23:05:15
2005-09-23,GETI-B.ST,72.55770874023438,73.5654525756836,72.55770874023438,73.22953796386719,486186,49.594753716266865,0.0,1.0,yahoo,2024-06-23 23:05:15
2005-09-26,GETI-B.ST,73.22953796386719,73.9013671875,72.89362335205078,73.9013671875,399325,50.049750508707376,0.0,1.0,yahoo,2024-06-23 23:05:15
2005-09-27,GETI-B.ST,73.5654525756836,73.9013671875,73.22953796386719,73.5654525756836,285522,49.82225211248712,0.0,1.0,yahoo,2024-06-23 23:05:15
2005-09-28,GETI-B.ST,73.22953796386719,73.22953796386719,71.21404266357422,71.88587188720703,2986906,48.68475496437328,0.0,1.0,yahoo,2024-06-23 23:05:15
2005-09-29,GETI-B.ST,71.54995727539062,71.88587188720703,71.21404266357422,71.21404266357422,2077934,48.22975817193277,0.0,1.0,yahoo,2024-06-23 23:05:15
2005-09-30,GETI-B.ST,71.21404266357422,71.88587188720703,71.21404266357422,71.88587188720703,615692,48.68475496437328,0.0,1.0,yahoo,2024-06-23 23:05:15
2005-10-03,GETI-B.ST,71.88587188720703,72.22178649902344,71.21404266357422,71.88587188720703,740875,48.68475496437328,0.0,1.0,yahoo,2024-06-23 23:05:15
2005-10-04,GETI-B.ST,71.88587188720703,72.89362335205078,71.54995727539062,72.55770874023438,938965,49.139756923826354,0.0,1.0,yahoo,2024-06-23 23:05:15
2005-10-05,GETI-B.ST,72.22178649902344,72.22178649902344,71.21404266357422,71.88587188720703,735323,48.68475496437328,0.0,1.0,yahoo,2024-06-23 23:05:15
2005-10-06,GETI-B.ST,71.21404266357422,71.21404266357422,70.206298828125,70.5422134399414,1051203,47.77476137949226,0.0,1.0,yahoo,2024-06-23 23:05:15
2005-10-07,GETI-B.ST,70.206298828125,70.5422134399414,69.8703842163086,70.206298828125,1358044,47.547262983272006,0.0,1.0,yahoo,2024-06-23 23:05:15
2005-10-10,GETI-B.ST,70.5422134399414,71.21404266357422,70.206298828125,70.5422134399414,914639,47.77476137949226,0.0,1.0,yahoo,2024-06-23 23:05:15
2005-10-11,GETI-B.ST,70.5422134399414,70.5422134399414,69.53446960449219,69.8703842163086,1397417,47.31976458705175,0.0,1.0,yahoo,2024-06-23 23:05:15
2005-10-12,GETI-B.ST,69.8703842163086,70.87812805175781,69.53446960449219,70.5422134399414,1238819,47.77476137949226,0.0,1.0,yahoo,2024-06-23 23:05:15
2005-10-13,GETI-B.ST,70.5422134399414,70.87812805175781,69.8703842163086,70.5422134399414,677916,47.77476137949226,0.0,1.0,yahoo,2024-06-23 23:05:15
2005-10-14,GETI-B.ST,70.5422134399414,70.5422134399414,69.19855499267578,69.8703842163086,1472329,47.31976458705175,0.0,1.0,yahoo,2024-06-23 23:05:15
2005-10-17,GETI-B.ST,70.206298828125,70.5422134399414,69.8703842163086,70.206298828125,798079,47.547262983272006,0.0,1.0,yahoo,2024-06-23 23:05:15
2005-10-18,GETI-B.ST,69.8703842163086,70.87812805175781,68.19080352783203,68.52672576904297,2028768,46.40977100217073,0.0,1.0,yahoo,2024-06-23 23:05:15
2005-10-19,GETI-B.ST,68.52672576904297,68.86264038085938,66.67919158935547,66.8471450805664,2334475,45.27227385405689,0.0,1.0,yahoo,2024-06-23 23:05:15
2005-10-20,GETI-B.ST,67.85488891601562,68.19080352783203,67.01510620117188,67.01510620117188,1091362,45.3860256356733,0.0,1.0,yahoo,2024-06-23 23:05:15
2005-10-21,GETI-B.ST,67.01510620117188,67.01510620117188,65.16757202148438,65.83940124511719,998559,44.589778665396125,0.0,1.0,yahoo,2024-06-23 23:05:15
2005-10-24,GETI-B.ST,66.1753158569336,67.18305969238281,66.1753158569336,66.8471450805664,1520704,45.27227385405689,0.0,1.0,yahoo,2024-06-23 23:05:15
2005-10-25,GETI-B.ST,67.51897430419922,67.51897430419922,66.51123046875,66.51123046875,399649,45.044775457836636,0.0,1.0,yahoo,2024-06-23 23:05:15
2005-10-26,GETI-B.ST,66.8471450805664,67.18305969238281,66.67919158935547,67.18305969238281,521481,45.49977225027715,0.0,1.0,yahoo,2024-06-23 23:05:15
2005-10-27,GETI-B.ST,67.18305969238281,67.18305969238281,65.83940124511719,66.51123046875,695362,45.044775457836636,0.0,1.0,yahoo,2024-06-23 23:05:15
2005-10-28,GETI-B.ST,66.51123046875,66.67919158935547,66.00735473632812,66.34326934814453,615573,44.93102367622023,0.0,1.0,yahoo,2024-06-23 23:05:15
2005-10-31,GETI-B.ST,66.8471450805664,67.51897430419922,66.51123046875,66.8471450805664,1043301,45.27227385405689,0.0,1.0,yahoo,2024-06-23 23:05:15
2005-11-01,GETI-B.ST,67.18305969238281,68.19080352783203,66.8471450805664,67.51897430419922,1211997,45.7272706464974,0.0,1.0,yahoo,2024-06-23 23:05:15
2005-11-02,GETI-B.ST,67.85488891601562,67.85488891601562,66.67919158935547,67.85488891601562,1266078,45.95476904271766,0.0,1.0,yahoo,2024-06-23 23:05:15
2005-11-03,GETI-B.ST,67.85488891601562,68.86264038085938,67.18305969238281,68.52672576904297,1205058,46.40977100217073,0.0,1.0,yahoo,2024-06-23 23:05:15
2005-11-04,GETI-B.ST,68.52672576904297,68.52672576904297,67.51897430419922,67.51897430419922,463660,45.7272706464974,0.0,1.0,yahoo,2024-06-23 23:05:15
2005-11-07,GETI-B.ST,67.85488891601562,68.52672576904297,67.51897430419922,68.19080352783203,584766,46.18226743893791,0.0,1.0,yahoo,2024-06-23 23:05:15
2005-11-08,GETI-B.ST,68.52672576904297,69.19855499267578,68.52672576904297,68.86264038085938,965459,46.637269398390984,0.0,1.0,yahoo,2024-06-23 23:05:15
2005-11-09,GETI-B.ST,68.86264038085938,69.8703842163086,68.86264038085938,69.53446960449219,731075,47.092266190831495,0.0,1.0,yahoo,2024-06-23 23:05:15
2005-11-10,GETI-B.ST,69.8703842163086,70.03833770751953,69.53446960449219,69.53446960449219,326972,47.092266190831495,0.0,1.0,yahoo,2024-06-23 23:05:15
2005-11-11,GETI-B.ST,69.8703842163086,70.87812805175781,69.53446960449219,70.5422134399414,1062208,47.77476137949226,0.0,1.0,yahoo,2024-06-23 23:05:15
2005-11-14,GETI-B.ST,70.5422134399414,70.5422134399414,69.8703842163086,70.5422134399414,924950,47.77476137949226,0.0,1.0,yahoo,2024-06-23 23:05:15
2005-11-15,GETI-B.ST,70.206298828125,70.87812805175781,70.206298828125,70.5422134399414,803994,47.77476137949226,0.0,1.0,yahoo,2024-06-23 23:05:15
2005-11-16,GETI-B.ST,70.5422134399414,70.87812805175781,69.53446960449219,69.53446960449219,481587,47.092266190831495,0.0,1.0,yahoo,2024-06-23 23:05:15
2005-11-17,GETI-B.ST,69.8703842163086,69.8703842163086,68.86264038085938,69.53446960449219,632818,47.092266190831495,0.0,1.0,yahoo,2024-06-23 23:05:15
2005-11-18,GETI-B.ST,69.8703842163086,69.8703842163086,69.19855499267578,69.19855499267578,420455,46.86476779461124,0.0,1.0,yahoo,2024-06-23 23:05:15
2005-11-21,GETI-B.ST,69.53446960449219,69.8703842163086,68.86264038085938,69.19855499267578,555759,46.86476779461124,0.0,1.0,yahoo,2024-06-23 23:05:15
2005-11-22,GETI-B.ST,69.53446960449219,70.206298828125,69.19855499267578,69.53446960449219,535536,47.092266190831495,0.0,1.0,yahoo,2024-06-23 23:05:15
2005-11-23,GETI-B.ST,69.53446960449219,70.206298828125,69.53446960449219,70.206298828125,464658,47.547262983272006,0.0,1.0,yahoo,2024-06-23 23:05:15
2005-11-24,GETI-B.ST,69.8703842163086,70.5422134399414,69.53446960449219,69.53446960449219,726403,47.092266190831495,0.0,1.0,yahoo,2024-06-23 23:05:15
2005-11-25,GETI-B.ST,69.53446960449219,70.206298828125,69.53446960449219,69.8703842163086,510886,47.31976458705175,0.0,1.0,yahoo,2024-06-23 23:05:15
2005-11-28,GETI-B.ST,70.206298828125,70.87812805175781,69.8703842163086,70.5422134399414,754600,47.77476137949226,0.0,1.0,yahoo,2024-06-23 23:05:15
2005-11-29,GETI-B.ST,70.5422134399414,70.87812805175781,69.8703842163086,70.206298828125,582119,47.547262983272006,0.0,1.0,yahoo,2024-06-23 23:05:15
2005-11-30,GETI-B.ST,70.206298828125,70.5422134399414,69.8703842163086,69.8703842163086,1448399,47.31976458705175,0.0,1.0,yahoo,2024-06-23 23:05:15
2005-12-01,GETI-B.ST,69.53446960449219,70.5422134399414,69.19855499267578,70.5422134399414,872106,47.77476137949226,0.0,1.0,yahoo,2024-06-23 23:05:15
2005-12-02,GETI-B.ST,70.206298828125,71.21404266357422,69.8703842163086,70.5422134399414,708037,47.77476137949226,0.0,1.0,yahoo,2024-06-23 23:05:15
2005-12-05,GETI-B.ST,70.87812805175781,70.87812805175781,69.53446960449219,69.53446960449219,918588,47.092266190831495,0.0,1.0,yahoo,2024-06-23 23:05:15
2005-12-06,GETI-B.ST,69.53446960449219,70.5422134399414,69.53446960449219,69.8703842163086,678150,47.31976458705175,0.0,1.0,yahoo,2024-06-23 23:05:15
2005-12-07,GETI-B.ST,69.8703842163086,70.206298828125,69.53446960449219,69.53446960449219,1162807,47.092266190831495,0.0,1.0,yahoo,2024-06-23 23:05:15
2005-12-08,GETI-B.ST,69.8703842163086,70.87812805175781,69.53446960449219,70.5422134399414,736048,47.77476137949226,0.0,1.0,yahoo,2024-06-23 23:05:15
2005-12-09,GETI-B.ST,70.5422134399414,70.87812805175781,69.8703842163086,69.8703842163086,515720,47.31976458705175,0.0,1.0,yahoo,2024-06-23 23:05:15
2005-12-12,GETI-B.ST,70.206298828125,70.5422134399414,70.206298828125,70.206298828125,360330,47.547262983272006,0.0,1.0,yahoo,2024-06-23 23:05:15
2005-12-13,GETI-B.ST,70.206298828125,70.5422134399414,70.206298828125,70.5422134399414,540966,47.77476137949226,0.0,1.0,yahoo,2024-06-23 23:05:15
2005-12-14,GETI-B.ST,70.206298828125,70.5422134399414,69.8703842163086,70.206298828125,952220,47.547262983272006,0.0,1.0,yahoo,2024-06-23 23:05:15
2005-12-15,GETI-B.ST,69.8703842163086,70.206298828125,69.19855499267578,69.19855499267578,926243,46.86476779461124,0.0,1.0,yahoo,2024-06-23 23:05:15
2005-12-16,GETI-B.ST,69.19855499267578,72.55770874023438,69.19855499267578,72.55770874023438,1339147,49.139756923826354,0.0,1.0,yahoo,2024-06-23 23:05:15
2005-12-19,GETI-B.ST,72.55770874023438,72.55770874023438,71.88587188720703,72.22178649902344,725191,48.91225336059353,0.0,1.0,yahoo,2024-06-23 23:05:15
2005-12-20,GETI-B.ST,71.88587188720703,73.5654525756836,71.54995727539062,72.89362335205078,1203376,49.36725532004661,0.0,1.0,yahoo,2024-06-23 23:05:15
2005-12-21,GETI-B.ST,72.89362335205078,73.5654525756836,72.22178649902344,72.89362335205078,702200,49.36725532004661,0.0,1.0,yahoo,2024-06-23 23:05:15
2005-12-22,GETI-B.ST,72.89362335205078,74.2372817993164,72.89362335205078,73.9013671875,779796,50.049750508707376,0.0,1.0,yahoo,2024-06-23 23:05:15
2005-12-23,GETI-B.ST,73.5654525756836,74.2372817993164,73.22953796386719,73.5654525756836,306356,49.82225211248712,0.0,1.0,yahoo,2024-06-23 23:05:15
2005-12-26,GETI-B.ST,73.5654525756836,73.5654525756836,73.5654525756836,73.5654525756836,0,49.82225211248712,0.0,1.0,yahoo,2024-06-23 23:05:15
2005-12-27,GETI-B.ST,73.9013671875,74.90911102294922,73.5654525756836,74.90911102294922,375587,50.73224569736814,0.0,1.0,yahoo,2024-06-23 23:05:15
2005-12-28,GETI-B.ST,74.57319641113281,75.58094024658203,74.2372817993164,75.24502563476562,821443,50.95974409358839,0.0,1.0,yahoo,2024-06-23 23:05:15
2005-12-29,GETI-B.ST,75.24502563476562,75.58094024658203,74.57319641113281,74.90911102294922,736785,50.73224569736814,0.0,1.0,yahoo,2024-06-23 23:05:15
2005-12-30,GETI-B.ST,74.90911102294922,74.90911102294922,73.5654525756836,73.5654525756836,632591,49.82225211248712,0.0,1.0,yahoo,2024-06-23 23:05:15
2006-01-02,GETI-B.ST,73.9013671875,74.90911102294922,72.55770874023438,74.57319641113281,371373,50.50474730114789,0.0,1.0,yahoo,2024-06-23 23:05:15
2006-01-03,GETI-B.ST,74.90911102294922,76.25277709960938,74.57319641113281,75.24502563476562,1188144,50.95974409358839,0.0,1.0,yahoo,2024-06-23 23:05:15
2006-01-04,GETI-B.ST,75.24502563476562,75.58094024658203,73.9013671875,74.90911102294922,557411,50.73224569736814,0.0,1.0,yahoo,2024-06-23 23:05:15
2006-01-05,GETI-B.ST,74.57319641113281,74.90911102294922,74.2372817993164,74.57319641113281,748559,50.50474730114789,0.0,1.0,yahoo,2024-06-23 23:05:15
2006-01-06,GETI-B.ST,74.57319641113281,74.57319641113281,74.57319641113281,74.57319641113281,0,50.50474730114789,0.0,1.0,yahoo,2024-06-23 23:05:15
2006-01-09,GETI-B.ST,75.24502563476562,75.91686248779297,74.57319641113281,75.24502563476562,1636318,50.95974409358839,0.0,1.0,yahoo,2024-06-23 23:05:15
2006-01-10,GETI-B.ST,75.24502563476562,75.24502563476562,74.2372817993164,74.90911102294922,882974,50.73224569736814,0.0,1.0,yahoo,2024-06-23 23:05:15
2006-01-11,GETI-B.ST,74.90911102294922,75.24502563476562,73.9013671875,75.24502563476562,1138224,50.95974409358839,0.0,1.0,yahoo,2024-06-23 23:05:15
2006-01-12,GETI-B.ST,75.58094024658203,76.25277709960938,74.2372817993164,75.58094024658203,1660766,51.187242489808646,0.0,1.0,yahoo,2024-06-23 23:05:15
2006-01-13,GETI-B.ST,75.58094024658203,75.58094024658203,74.90911102294922,75.58094024658203,748535,51.187242489808646,0.0,1.0,yahoo,2024-06-23 23:05:15
2006-01-16,GETI-B.ST,75.58094024658203,77.596435546875,74.90911102294922,77.2605209350586,1183204,52.32473963792249,0.0,1.0,yahoo,2024-06-23 23:05:15
2006-01-17,GETI-B.ST,77.9323501586914,79.94784545898438,77.2605209350586,78.94009399414062,2310963,53.46223161902376,0.0,1.0,yahoo,2024-06-23 23:05:15
2006-01-18,GETI-B.ST,77.9323501586914,77.9323501586914,76.25277709960938,76.92460632324219,1343100,52.097241241702235,0.0,1.0,yahoo,2024-06-23 23:05:15
2006-01-19,GETI-B.ST,77.2605209350586,77.9323501586914,77.2605209350586,77.2605209350586,533598,52.32473963792249,0.0,1.0,yahoo,2024-06-23 23:05:15
2006-01-20,GETI-B.ST,77.596435546875,78.26826477050781,77.596435546875,77.596435546875,637886,52.552238034142746,0.0,1.0,yahoo,2024-06-23 23:05:15
2006-01-23,GETI-B.ST,76.58869171142578,76.58869171142578,75.24502563476562,75.58094024658203,648069,51.187242489808646,0.0,1.0,yahoo,2024-06-23 23:05:15
2006-01-24,GETI-B.ST,75.24502563476562,76.58869171142578,74.90911102294922,75.24502563476562,816129,50.95974409358839,0.0,1.0,yahoo,2024-06-23 23:05:15
2006-01-25,GETI-B.ST,75.58094024658203,78.26826477050781,75.58094024658203,77.596435546875,2524904,52.552238034142746,0.0,1.0,yahoo,2024-06-23 23:05:15
2006-01-26,GETI-B.ST,77.9323501586914,81.6274185180664,77.9323501586914,80.61967468261719,4087702,54.5997287671376,0.0,1.0,yahoo,2024-06-23 23:05:15
2006-01-27,GETI-B.ST,81.6274185180664,81.96333312988281,78.94009399414062,79.27600860595703,1104772,53.68973001524402,0.0,1.0,yahoo,2024-06-23 23:05:15
2006-01-30,GETI-B.ST,79.61192321777344,80.61967468261719,78.60417938232422,78.60417938232422,949219,53.234733222803506,0.0,1.0,yahoo,2024-06-23 23:05:15
2006-01-31,GETI-B.ST,79.27600860595703,80.28376007080078,78.94009399414062,79.94784545898438,984953,54.144731974697095,0.0,1.0,yahoo,2024-06-23 23:05:15
2006-02-01,GETI-B.ST,80.28376007080078,80.61967468261719,79.27600860595703,79.61192321777344,1166923,53.91722841146427,0.0,1.0,yahoo,2024-06-23 23:05:15
2006-02-02,GETI-B.ST,80.28376007080078,80.28376007080078,78.60417938232422,78.94009399414062,1531848,53.46223161902376,0.0,1.0,yahoo,2024-06-23 23:05:15
2006-02-03,GETI-B.ST,78.26826477050781,78.94009399414062,77.596435546875,78.60417938232422,1295662,53.234733222803506,0.0,1.0,yahoo,2024-06-23 23:05:15
2006-02-06,GETI-B.ST,78.60417938232422,79.27600860595703,77.9323501586914,78.60417938232422,1112768,53.234733222803506,0.0,1.0,yahoo,2024-06-23 23:05:15
2006-02-07,GETI-B.ST,78.60417938232422,78.60417938232422,77.596435546875,77.9323501586914,815193,52.779736430362995,0.0,1.0,yahoo,2024-06-23 23:05:15
2006-02-08,GETI-B.ST,77.596435546875,77.596435546875,76.92460632324219,76.92460632324219,1049691,52.097241241702235,0.0,1.0,yahoo,2024-06-23 23:05:15
2006-02-09,GETI-B.ST,76.92460632324219,78.26826477050781,76.92460632324219,77.9323501586914,760947,52.779736430362995,0.0,1.0,yahoo,2024-06-23 23:05:15
2006-02-10,GETI-B.ST,77.9323501586914,77.9323501586914,77.2605209350586,77.2605209350586,447471,52.32473963792249,0.0,1.0,yahoo,2024-06-23 23:05:15
2006-02-13,GETI-B.ST,77.596435546875,77.596435546875,75.58094024658203,75.91686248779297,1142625,51.41474605304147,0.0,1.0,yahoo,2024-06-23 23:05:15
2006-02-14,GETI-B.ST,76.25277709960938,76.92460632324219,75.91686248779297,76.25277709960938,1168663,51.642244449261725,0.0,1.0,yahoo,2024-06-23 23:05:15
2006-02-15,GETI-B.ST,76.92460632324219,77.2605209350586,76.58869171142578,76.92460632324219,868708,52.097241241702235,0.0,1.0,yahoo,2024-06-23 23:05:15
2006-02-16,GETI-B.ST,77.596435546875,77.596435546875,76.58869171142578,77.596435546875,350872,52.552238034142746,0.0,1.0,yahoo,2024-06-23 23:05:15
2006-02-17,GETI-B.ST,77.2605209350586,77.9323501586914,76.92460632324219,77.2605209350586,437854,52.32473963792249,0.0,1.0,yahoo,2024-06-23 23:05:15
2006-02-20,GETI-B.ST,77.596435546875,77.596435546875,76.92460632324219,76.92460632324219,277450,52.097241241702235,0.0,1.0,yahoo,2024-06-23 23:05:15
2006-02-21,GETI-B.ST,76.92460632324219,78.26826477050781,76.92460632324219,77.9323501586914,488023,52.779736430362995,0.0,1.0,yahoo,2024-06-23 23:05:15
2006-02-22,GETI-B.ST,77.9323501586914,78.26826477050781,77.596435546875,77.596435546875,840290,52.552238034142746,0.0,1.0,yahoo,2024-06-23 23:05:15
2006-02-23,GETI-B.ST,77.9323501586914,77.9323501586914,76.58869171142578,76.92460632324219,1561488,52.097241241702235,0.0,1.0,yahoo,2024-06-23 23:05:15
2006-02-24,GETI-B.ST,77.2605209350586,77.9323501586914,76.92460632324219,77.596435546875,1013850,52.552238034142746,0.0,1.0,yahoo,2024-06-23 23:05:15
2006-02-27,GETI-B.ST,77.2605209350586,79.61192321777344,77.2605209350586,79.27600860595703,763022,53.68973001524402,0.0,1.0,yahoo,2024-06-23 23:05:15
2006-02-28,GETI-B.ST,79.27600860595703,79.61192321777344,76.92460632324219,76.92460632324219,1685228,52.097241241702235,0.0,1.0,yahoo,2024-06-23 23:05:15
2006-03-01,GETI-B.ST,76.92460632324219,79.61192321777344,76.92460632324219,78.94009399414062,1780451,53.46223161902376,0.0,1.0,yahoo,2024-06-23 23:05:15
2006-03-02,GETI-B.ST,78.94009399414062,79.61192321777344,78.26826477050781,78.60417938232422,749980,53.234733222803506,0.0,1.0,yahoo,2024-06-23 23:05:15
2006-03-03,GETI-B.ST,78.60417938232422,78.94009399414062,78.26826477050781,78.60417938232422,828332,53.234733222803506,0.0,1.0,yahoo,2024-06-23 23:05:15
2006-03-06,GETI-B.ST,78.60417938232422,78.94009399414062,78.26826477050781,78.60417938232422,304822,53.234733222803506,0.0,1.0,yahoo,2024-06-23 23:05:15
2006-03-07,GETI-B.ST,78.26826477050781,78.26826477050781,77.596435546875,77.596435546875,436565,52.552238034142746,0.0,1.0,yahoo,2024-06-23 23:05:15
2006-03-08,GETI-B.ST,77.9323501586914,78.94009399414062,77.596435546875,78.60417938232422,974584,53.234733222803506,0.0,1.0,yahoo,2024-06-23 23:05:15
2006-03-09,GETI-B.ST,78.94009399414062,80.28376007080078,78.94009399414062,79.94784545898438,1419728,54.144731974697095,0.0,1.0,yahoo,2024-06-23 23:05:15
2006-03-10,GETI-B.ST,79.94784545898438,80.61967468261719,79.27600860595703,79.94784545898438,1183671,54.144731974697095,0.0,1.0,yahoo,2024-06-23 23:05:15
2006-03-13,GETI-B.ST,79.94784545898438,81.29150390625,79.94784545898438,80.9555892944336,810512,54.827227163357854,0.0,1.0,yahoo,2024-06-23 23:05:15
2006-03-14,GETI-B.ST,81.29150390625,82.97107696533203,80.9555892944336,82.97107696533203,1145479,56.19221754067939,0.0,1.0,yahoo,2024-06-23 23:05:15
2006-03-15,GETI-B.ST,83.30699920654297,84.31474304199219,82.97107696533203,83.97882843017578,2007232,56.87471789635271,0.0,1.0,yahoo,2024-06-23 23:05:15
2006-03-16,GETI-B.ST,83.64291381835938,83.64291381835938,81.29150390625,82.63516235351562,606190,55.96471914445913,0.0,1.0,yahoo,2024-06-23 23:05:15
2006-03-17,GETI-B.ST,82.63516235351562,82.97107696533203,81.96333312988281,82.63516235351562,497561,55.96471914445913,0.0,1.0,yahoo,2024-06-23 23:05:15
2006-03-20,GETI-B.ST,82.63516235351562,83.30699920654297,81.6274185180664,81.6274185180664,493319,55.282223955798365,0.0,1.0,yahoo,2024-06-23 23:05:15
2006-03-21,GETI-B.ST,81.6274185180664,83.30699920654297,81.6274185180664,82.63516235351562,369706,55.96471914445913,0.0,1.0,yahoo,2024-06-23 23:05:15
2006-03-22,GETI-B.ST,82.63516235351562,83.64291381835938,82.29924774169922,82.97107696533203,588195,56.19221754067939,0.0,1.0,yahoo,2024-06-23 23:05:15
2006-03-23,GETI-B.ST,83.30699920654297,84.986572265625,82.97107696533203,83.64291381835938,686533,56.64721950013246,0.0,1.0,yahoo,2024-06-23 23:05:15
2006-03-24,GETI-B.ST,83.64291381835938,85.3224868774414,82.29924774169922,82.29924774169922,695207,55.737220748238876,0.0,1.0,yahoo,2024-06-23 23:05:15
2006-03-27,GETI-B.ST,82.29924774169922,82.29924774169922,81.29150390625,81.29150390625,745052,55.05472555957811,0.0,1.0,yahoo,2024-06-23 23:05:15
2006-03-28,GETI-B.ST,81.29150390625,82.63516235351562,80.9555892944336,80.9555892944336,783480,54.827227163357854,0.0,1.0,yahoo,2024-06-23 23:05:15
2006-03-29,GETI-B.ST,80.9555892944336,81.6274185180664,80.61967468261719,80.9555892944336,912180,54.827227163357854,0.0,1.0,yahoo,2024-06-23 23:05:15
2006-03-30,GETI-B.ST,81.29150390625,84.6506576538086,80.9555892944336,84.6506576538086,731203,57.329714688793224,0.0,1.0,yahoo,2024-06-23 23:05:15
2006-03-31,GETI-B.ST,83.64291381835938,84.6506576538086,83.64291381835938,84.6506576538086,688133,57.329714688793224,0.0,1.0,yahoo,2024-06-23 23:05:15
2006-04-03,GETI-B.ST,84.6506576538086,88.681640625,84.6506576538086,88.00981140136719,1245861,59.60470381800834,0.0,1.0,yahoo,2024-06-23 23:05:15
2006-04-04,GETI-B.ST,87.67389678955078,87.67389678955078,85.99431610107422,86.66614532470703,967298,58.69470506611476,0.0,1.0,yahoo,2024-06-23 23:05:15
2006-04-05,GETI-B.ST,87.33798217773438,90.02529907226562,87.33798217773438,89.35346984863281,1151037,60.51469740288936,0.0,1.0,yahoo,2024-06-23 23:05:15
2006-04-06,GETI-B.ST,89.68938446044922,90.69712829589844,88.3457260131836,90.02529907226562,747849,60.96969419532987,0.0,1.0,yahoo,2024-06-23 23:05:15
2006-04-07,GETI-B.ST,90.02529907226562,90.69712829589844,87.33798217773438,87.67389678955078,621704,59.377205421788084,0.0,1.0,yahoo,2024-06-23 23:05:15
2006-04-10,GETI-B.ST,87.67389678955078,88.3457260131836,86.66614532470703,87.67389678955078,532689,59.377205421788084,0.0,1.0,yahoo,2024-06-23 23:05:15
2006-04-11,GETI-B.ST,87.00206756591797,87.00206756591797,84.986572265625,84.986572265625,662911,57.55721308501348,0.0,1.0,yahoo,2024-06-23 23:05:15
2006-04-12,GETI-B.ST,84.986572265625,85.65840148925781,84.31474304199219,84.986572265625,799347,57.55721308501348,0.0,1.0,yahoo,2024-06-23 23:05:15
2006-04-13,GETI-B.ST,84.986572265625,84.986572265625,83.64291381835938,83.97882843017578,292814,56.87471789635271,0.0,1.0,yahoo,2024-06-23 23:05:15
2006-04-14,GETI-B.ST,83.97882843017578,83.97882843017578,83.97882843017578,83.97882843017578,0,56.87471789635271,0.0,1.0,yahoo,2024-06-23 23:05:15
2006-04-17,GETI-B.ST,83.97882843017578,83.97882843017578,83.97882843017578,83.97882843017578,0,56.87471789635271,0.0,1.0,yahoo,2024-06-23 23:05:15
2006-04-18,GETI-B.ST,83.97882843017578,84.31474304199219,83.64291381835938,83.64291381835938,1241064,56.64721950013246,0.0,1.0,yahoo,2024-06-23 23:05:15
2006-04-19,GETI-B.ST,84.31474304199219,84.6506576538086,83.97882843017578,83.97882843017578,952726,56.87471789635271,0.0,1.0,yahoo,2024-06-23 23:05:15
2006-04-20,GETI-B.ST,84.31474304199219,86.33023071289062,81.29150390625,84.6506576538086,2025053,57.329714688793224,0.0,1.0,yahoo,2024-06-23 23:05:15
2006-04-21,GETI-B.ST,83.97882843017578,87.33798217773438,83.30699920654297,84.986572265625,777624,58.82401257825004,1.822987,1.0,yahoo,2024-06-23 23:05:15
2006-04-24,GETI-B.ST,85.3224868774414,85.65840148925781,83.30699920654297,84.31474304199219,1108489,58.359001581243426,0.0,1.0,yahoo,2024-06-23 23:05:15
2006-04-25,GETI-B.ST,84.6506576538086,85.3224868774414,83.97882843017578,84.986572265625,767784,58.82401257825004,0.0,1.0,yahoo,2024-06-23 23:05:15
2006-04-26,GETI-B.ST,85.3224868774414,86.33023071289062,84.986572265625,85.65840148925781,796924,59.28902357525665,0.0,1.0,yahoo,2024-06-23 23:05:15
2006-04-27,GETI-B.ST,85.99431610107422,85.99431610107422,82.97107696533203,84.6506576538086,3791603,58.591507079746734,0.0,1.0,yahoo,2024-06-23 23:05:15
2006-04-28,GETI-B.ST,84.6506576538086,85.99431610107422,84.31474304199219,85.65840148925781,811302,59.28902357525665,0.0,1.0,yahoo,2024-06-23 23:05:15
2006-05-01,GETI-B.ST,85.65840148925781,85.65840148925781,85.65840148925781,85.65840148925781,0,59.28902357525665,0.0,1.0,yahoo,2024-06-23 23:05:15
2006-05-02,GETI-B.ST,85.99431610107422,85.99431610107422,83.97882843017578,84.31474304199219,1523866,58.359001581243426,0.0,1.0,yahoo,2024-06-23 23:05:15
2006-05-03,GETI-B.ST,84.31474304199219,85.3224868774414,83.97882843017578,84.986572265625,814028,58.82401257825004,0.0,1.0,yahoo,2024-06-23 23:05:15
2006-05-04,GETI-B.ST,84.6506576538086,85.3224868774414,84.31474304199219,84.6506576538086,544357,58.591507079746734,0.0,1.0,yahoo,2024-06-23 23:05:15
2006-05-05,GETI-B.ST,84.986572265625,85.99431610107422,84.6506576538086,85.99431610107422,670800,59.52152907375995,0.0,1.0,yahoo,2024-06-23 23:05:15
2006-05-08,GETI-B.ST,85.65840148925781,85.99431610107422,85.3224868774414,85.65840148925781,453830,59.28902357525665,0.0,1.0,yahoo,2024-06-23 23:05:15
2006-05-09,GETI-B.ST,85.65840148925781,86.33023071289062,85.3224868774414,85.65840148925781,542968,59.28902357525665,0.0,1.0,yahoo,2024-06-23 23:05:15
2006-05-10,GETI-B.ST,85.65840148925781,87.33798217773438,84.986572265625,87.00206756591797,612050,60.21905085000525,0.0,1.0,yahoo,2024-06-23 23:05:15
2006-05-11,GETI-B.ST,86.66614532470703,87.33798217773438,85.3224868774414,85.99431610107422,529093,59.52152907375995,0.0,1.0,yahoo,2024-06-23 23:05:15
2006-05-12,GETI-B.ST,85.65840148925781,85.65840148925781,83.30699920654297,83.30699920654297,785375,57.66148508573352,0.0,1.0,yahoo,2024-06-23 23:05:15
2006-05-15,GETI-B.ST,83.30699920654297,83.30699920654297,81.29150390625,82.97107696533203,1051311,57.42897430649482,0.0,1.0,yahoo,2024-06-23 23:05:15
2006-05-16,GETI-B.ST,82.29924774169922,82.63516235351562,81.29150390625,82.29924774169922,1056476,56.963963309488214,0.0,1.0,yahoo,2024-06-23 23:05:15
2006-05-17,GETI-B.ST,82.63516235351562,82.97107696533203,77.596435546875,78.60417938232422,1448061,54.40639754521647,0.0,1.0,yahoo,2024-06-23 23:05:15
2006-05-18,GETI-B.ST,76.58869171142578,79.61192321777344,74.57319641113281,77.596435546875,1514730,53.708881049706555,0.0,1.0,yahoo,2024-06-23 23:05:15
2006-05-19,GETI-B.ST,77.596435546875,78.60417938232422,76.25277709960938,77.596435546875,1150478,53.708881049706555,0.0,1.0,yahoo,2024-06-23 23:05:15
2006-05-22,GETI-B.ST,77.596435546875,77.596435546875,73.22953796386719,74.2372817993164,1145678,51.38382078393812,0.0,1.0,yahoo,2024-06-23 23:05:15
2006-05-23,GETI-B.ST,72.22178649902344,78.94009399414062,72.22178649902344,78.26826477050781,1636419,54.17389204671316,0.0,1.0,yahoo,2024-06-23 23:05:15
2006-05-24,GETI-B.ST,78.94009399414062,79.27600860595703,76.92460632324219,77.2605209350586,995859,53.476375551203255,0.0,1.0,yahoo,2024-06-23 23:05:15
2006-05-25,GETI-B.ST,77.2605209350586,77.2605209350586,77.2605209350586,77.2605209350586,0,53.476375551203255,0.0,1.0,yahoo,2024-06-23 23:05:15
2006-05-26,GETI-B.ST,79.27600860595703,80.61967468261719,78.94009399414062,79.94784545898438,1345029,55.33642481996508,0.0,1.0,yahoo,2024-06-23 23:05:15
2006-05-29,GETI-B.ST,80.28376007080078,81.6274185180664,80.28376007080078,80.28376007080078,896313,55.56893031846838,0.0,1.0,yahoo,2024-06-23 23:05:15
2006-05-30,GETI-B.ST,80.61967468261719,80.9555892944336,77.2605209350586,77.2605209350586,1218051,53.476375551203255,0.0,1.0,yahoo,2024-06-23 23:05:15
2006-05-31,GETI-B.ST,77.2605209350586,79.61192321777344,76.58869171142578,78.94009399414062,1288833,54.63890304371977,0.0,1.0,yahoo,2024-06-23 23:05:15
2006-06-01,GETI-B.ST,79.27600860595703,83.64291381835938,78.60417938232422,83.30699920654297,2079678,57.66148508573352,0.0,1.0,yahoo,2024-06-23 23:05:15
2006-06-02,GETI-B.ST,83.64291381835938,84.6506576538086,82.63516235351562,83.64291381835938,1291629,57.89399058423682,0.0,1.0,yahoo,2024-06-23 23:05:15
2006-06-05,GETI-B.ST,83.97882843017578,83.97882843017578,82.29924774169922,82.97107696533203,488219,57.42897430649482,0.0,1.0,yahoo,2024-06-23 23:05:15
2006-06-06,GETI-B.ST,82.97107696533203,82.97107696533203,82.97107696533203,82.97107696533203,0,57.42897430649482,0.0,1.0,yahoo,2024-06-23 23:05:15
2006-06-07,GETI-B.ST,81.96333312988281,82.97107696533203,81.29150390625,81.29150390625,830578,56.2664468139783,0.0,1.0,yahoo,2024-06-23 23:05:15
2006-06-08,GETI-B.ST,80.28376007080078,82.29924774169922,78.60417938232422,78.94009399414062,1261529,54.63890304371977,0.0,1.0,yahoo,2024-06-23 23:05:15
2006-06-09,GETI-B.ST,80.9555892944336,81.96333312988281,79.61192321777344,79.94784545898438,844257,55.33642481996508,0.0,1.0,yahoo,2024-06-23 23:05:15
2006-06-12,GETI-B.ST,79.94784545898438,79.94784545898438,77.596435546875,78.26826477050781,884478,54.17389204671316,0.0,1.0,yahoo,2024-06-23 23:05:15
2006-06-13,GETI-B.ST,77.2605209350586,77.596435546875,74.57319641113281,75.91686248779297,1261792,52.54635355719003,0.0,1.0,yahoo,2024-06-23 23:05:15
2006-06-14,GETI-B.ST,76.25277709960938,77.596435546875,75.24502563476562,77.2605209350586,709531,53.476375551203255,0.0,1.0,yahoo,2024-06-23 23:05:15
2006-06-15,GETI-B.ST,77.2605209350586,77.2605209350586,77.2605209350586,77.2605209350586,0,53.476375551203255,0.0,1.0,yahoo,2024-06-23 23:05:15
2006-06-16,GETI-B.ST,77.2605209350586,77.2605209350586,77.2605209350586,77.2605209350586,0,53.476375551203255,0.0,1.0,yahoo,2024-06-23 23:05:15
2006-06-19,GETI-B.ST,79.94784545898438,80.9555892944336,79.27600860595703,80.28376007080078,313864,55.56893031846838,0.0,1.0,yahoo,2024-06-23 23:05:15
2006-06-20,GETI-B.ST,79.94784545898438,81.29150390625,79.61192321777344,81.29150390625,483190,56.2664468139783,0.0,1.0,yahoo,2024-06-23 23:05:15
2006-06-21,GETI-B.ST,81.29150390625,82.29924774169922,80.61967468261719,80.9555892944336,767392,56.03394131547499,0.0,1.0,yahoo,2024-06-23 23:05:15
2006-06-22,GETI-B.ST,81.96333312988281,82.29924774169922,80.9555892944336,81.96333312988281,392183,56.73145781098491,0.0,1.0,yahoo,2024-06-23 23:05:15
2006-06-23,GETI-B.ST,81.96333312988281,81.96333312988281,81.96333312988281,81.96333312988281,0,56.73145781098491,0.0,1.0,yahoo,2024-06-23 23:05:15
2006-06-26,GETI-B.ST,81.96333312988281,81.96333312988281,80.61967468261719,80.61967468261719,391540,55.80143581697169,0.0,1.0,yahoo,2024-06-23 23:05:15
2006-06-27,GETI-B.ST,80.9555892944336,81.6274185180664,79.61192321777344,79.61192321777344,599789,55.10391404072639,0.0,1.0,yahoo,2024-06-23 23:05:15
2006-06-28,GETI-B.ST,79.27600860595703,81.6274185180664,76.58869171142578,81.29150390625,572553,56.2664468139783,0.0,1.0,yahoo,2024-06-23 23:05:15
2006-06-29,GETI-B.ST,81.6274185180664,83.64291381835938,81.29150390625,83.64291381835938,565041,57.89399058423682,0.0,1.0,yahoo,2024-06-23 23:05:15
2006-06-30,GETI-B.ST,83.97882843017578,84.986572265625,82.29924774169922,82.29924774169922,759310,56.963963309488214,0.0,1.0,yahoo,2024-06-23 23:05:15
2006-07-03,GETI-B.ST,82.29924774169922,82.29924774169922,80.28376007080078,81.6274185180664,524873,56.4989523124816,0.0,1.0,yahoo,2024-06-23 23:05:15
2006-07-04,GETI-B.ST,81.96333312988281,84.31474304199219,81.96333312988281,83.97882843017578,688871,58.126496082740125,0.0,1.0,yahoo,2024-06-23 23:05:15
2006-07-05,GETI-B.ST,83.97882843017578,83.97882843017578,80.28376007080078,80.9555892944336,582573,56.03394131547499,0.0,1.0,yahoo,2024-06-23 23:05:15
2006-07-06,GETI-B.ST,80.9555892944336,82.97107696533203,80.28376007080078,80.61967468261719,906274,55.80143581697169,0.0,1.0,yahoo,2024-06-23 23:05:15
2006-07-07,GETI-B.ST,80.9555892944336,81.29150390625,79.94784545898438,79.94784545898438,589638,55.33642481996508,0.0,1.0,yahoo,2024-06-23 23:05:15
2006-07-10,GETI-B.ST,80.9555892944336,82.63516235351562,80.9555892944336,81.96333312988281,437250,56.73145781098491,0.0,1.0,yahoo,2024-06-23 23:05:15
2006-07-11,GETI-B.ST,82.63516235351562,82.63516235351562,80.61967468261719,81.29150390625,472434,56.2664468139783,0.0,1.0,yahoo,2024-06-23 23:05:15
2006-07-12,GETI-B.ST,81.96333312988281,82.97107696533203,81.6274185180664,82.63516235351562,311108,57.196468807991515,0.0,1.0,yahoo,2024-06-23 23:05:15
2006-07-13,GETI-B.ST,81.96333312988281,82.29924774169922,79.27600860595703,80.9555892944336,465772,56.03394131547499,0.0,1.0,yahoo,2024-06-23 23:05:15
2006-07-14,GETI-B.ST,80.61967468261719,81.6274185180664,78.60417938232422,78.60417938232422,992973,54.40639754521647,0.0,1.0,yahoo,2024-06-23 23:05:15
2006-07-17,GETI-B.ST,79.27600860595703,79.94784545898438,77.596435546875,77.9323501586914,758703,53.94138654820986,0.0,1.0,yahoo,2024-06-23 23:05:15
2006-07-18,GETI-B.ST,78.94009399414062,80.61967468261719,77.9323501586914,77.9323501586914,741139,53.94138654820986,0.0,1.0,yahoo,2024-06-23 23:05:15
2006-07-19,GETI-B.ST,79.61192321777344,82.29924774169922,79.27600860595703,82.29924774169922,626704,56.963963309488214,0.0,1.0,yahoo,2024-06-23 23:05:15
2006-07-20,GETI-B.ST,82.63516235351562,82.63516235351562,81.29150390625,81.29150390625,808578,56.2664468139783,0.0,1.0,yahoo,2024-06-23 23:05:15
2006-07-21,GETI-B.ST,81.96333312988281,82.63516235351562,80.61967468261719,81.96333312988281,679013,56.73145781098491,0.0,1.0,yahoo,2024-06-23 23:05:15
2006-07-24,GETI-B.ST,81.96333312988281,84.986572265625,81.6274185180664,84.31474304199219,684752,58.359001581243426,0.0,1.0,yahoo,2024-06-23 23:05:15
2006-07-25,GETI-B.ST,84.31474304199219,85.65840148925781,84.31474304199219,84.986572265625,556719,58.82401257825004,0.0,1.0,yahoo,2024-06-23 23:05:15
2006-07-26,GETI-B.ST,85.3224868774414,85.99431610107422,84.6506576538086,85.99431610107422,846741,59.52152907375995,0.0,1.0,yahoo,2024-06-23 23:05:15
2006-07-27,GETI-B.ST,86.33023071289062,88.00981140136719,85.3224868774414,87.00206756591797,818625,60.21905085000525,0.0,1.0,yahoo,2024-06-23 23:05:15
2006-07-28,GETI-B.ST,87.00206756591797,88.00981140136719,86.33023071289062,87.67389678955078,624204,60.68406184701187,0.0,1.0,yahoo,2024-06-23 23:05:15
2006-07-31,GETI-B.ST,87.67389678955078,88.3457260131836,86.66614532470703,87.33798217773438,812575,60.45155634850856,0.0,1.0,yahoo,2024-06-23 23:05:15
2006-08-01,GETI-B.ST,87.00206756591797,88.3457260131836,86.33023071289062,88.00981140136719,840978,60.91656734551517,0.0,1.0,yahoo,2024-06-23 23:05:15
2006-08-02,GETI-B.ST,88.3457260131836,89.0175552368164,87.67389678955078,88.00981140136719,1477102,60.91656734551517,0.0,1.0,yahoo,2024-06-23 23:05:15
2006-08-03,GETI-B.ST,88.00981140136719,88.00981140136719,87.00206756591797,87.00206756591797,390788,60.21905085000525,0.0,1.0,yahoo,2024-06-23 23:05:15
2006-08-04,GETI-B.ST,87.67389678955078,88.00981140136719,87.00206756591797,87.33798217773438,164608,60.45155634850856,0.0,1.0,yahoo,2024-06-23 23:05:15
2006-08-07,GETI-B.ST,87.33798217773438,88.681640625,87.00206756591797,87.33798217773438,786393,60.45155634850856,0.0,1.0,yahoo,2024-06-23 23:05:15
2006-08-08,GETI-B.ST,87.67389678955078,88.3457260131836,87.00206756591797,87.33798217773438,312217,60.45155634850856,0.0,1.0,yahoo,2024-06-23 23:05:15
2006-08-09,GETI-B.ST,87.00206756591797,88.681640625,87.00206756591797,88.681640625,3568517,61.38157834252178,0.0,1.0,yahoo,2024-06-23 23:05:15
2006-08-10,GETI-B.ST,88.681640625,88.681640625,86.66614532470703,87.33798217773438,435136,60.45155634850856,0.0,1.0,yahoo,2024-06-23 23:05:15
2006-08-11,GETI-B.ST,87.33798217773438,89.0175552368164,87.33798217773438,88.681640625,248107,61.38157834252178,0.0,1.0,yahoo,2024-06-23 23:05:15
2006-08-14,GETI-B.ST,89.35346984863281,89.68938446044922,87.67389678955078,88.3457260131836,392819,61.14907284401848,0.0,1.0,yahoo,2024-06-23 23:05:15
2006-08-15,GETI-B.ST,88.681640625,88.681640625,87.67389678955078,88.681640625,695593,61.38157834252178,0.0,1.0,yahoo,2024-06-23 23:05:15
2006-08-16,GETI-B.ST,89.0175552368164,89.35346984863281,88.3457260131836,88.681640625,878876,61.38157834252178,0.0,1.0,yahoo,2024-06-23 23:05:15
2006-08-17,GETI-B.ST,89.0175552368164,89.35346984863281,88.3457260131836,89.0175552368164,782963,61.614083841025085,0.0,1.0,yahoo,2024-06-23 23:05:15
2006-08-18,GETI-B.ST,89.0175552368164,89.35346984863281,88.3457260131836,88.3457260131836,408494,61.14907284401848,0.0,1.0,yahoo,2024-06-23 23:05:15
2006-08-21,GETI-B.ST,88.681640625,88.681640625,87.00206756591797,87.67389678955078,979057,60.68406184701187,0.0,1.0,yahoo,2024-06-23 23:05:15
2006-08-22,GETI-B.ST,87.67389678955078,89.68938446044922,87.67389678955078,89.35346984863281,478319,61.846589339528386,0.0,1.0,yahoo,2024-06-23 23:05:15
2006-08-23,GETI-B.ST,89.0175552368164,90.36121368408205,89.0175552368164,89.0175552368164,761528,61.614083841025085,0.0,1.0,yahoo,2024-06-23 23:05:15
2006-08-24,GETI-B.ST,89.0175552368164,90.36121368408205,88.00981140136719,90.02529907226562,754590,62.311600336534994,0.0,1.0,yahoo,2024-06-23 23:05:15
2006-08-25,GETI-B.ST,89.68938446044922,90.02529907226562,88.3457260131836,88.681640625,898640,61.38157834252178,0.0,1.0,yahoo,2024-06-23 23:05:15
2006-08-28,GETI-B.ST,88.3457260131836,88.681640625,88.00981140136719,88.681640625,323117,61.38157834252178,0.0,1.0,yahoo,2024-06-23 23:05:15
2006-08-29,GETI-B.ST,88.3457260131836,88.681640625,87.33798217773438,88.00981140136719,1027651,60.91656734551517,0.0,1.0,yahoo,2024-06-23 23:05:15
2006-08-30,GETI-B.ST,88.3457260131836,88.3457260131836,87.67389678955078,88.00981140136719,786287,60.91656734551517,0.0,1.0,yahoo,2024-06-23 23:05:15
2006-08-31,GETI-B.ST,88.00981140136719,88.681640625,87.67389678955078,88.681640625,1405339,61.38157834252178,0.0,1.0,yahoo,2024-06-23 23:05:15
2006-09-01,GETI-B.ST,89.35346984863281,92.376708984375,89.35346984863281,90.02529907226562,1522386,62.311600336534994,0.0,1.0,yahoo,2024-06-23 23:05:15
2006-09-04,GETI-B.ST,90.36121368408205,92.376708984375,90.02529907226562,92.376708984375,887981,63.93914410679352,0.0,1.0,yahoo,2024-06-23 23:05:15
2006-09-05,GETI-B.ST,92.0407943725586,92.376708984375,90.36121368408205,91.7048797607422,767785,63.47413310978692,0.0,1.0,yahoo,2024-06-23 23:05:15
2006-09-06,GETI-B.ST,91.36896514892578,91.7048797607422,90.69712829589844,91.03305053710938,670920,63.009122112780304,0.0,1.0,yahoo,2024-06-23 23:05:15
2006-09-07,GETI-B.ST,91.03305053710938,91.03305053710938,89.35346984863281,89.35346984863281,607205,61.846589339528386,0.0,1.0,yahoo,2024-06-23 23:05:15
2006-09-08,GETI-B.ST,89.68938446044922,90.69712829589844,89.35346984863281,89.35346984863281,747814,61.846589339528386,0.0,1.0,yahoo,2024-06-23 23:05:15
2006-09-11,GETI-B.ST,89.68938446044922,90.69712829589844,89.0175552368164,89.68938446044922,290245,62.07909483803169,0.0,1.0,yahoo,2024-06-23 23:05:15
2006-09-12,GETI-B.ST,90.02529907226562,90.36121368408205,88.681640625,88.681640625,1015568,61.38157834252178,0.0,1.0,yahoo,2024-06-23 23:05:15
2006-09-13,GETI-B.ST,89.0175552368164,89.68938446044922,88.3457260131836,89.0175552368164,878337,61.614083841025085,0.0,1.0,yahoo,2024-06-23 23:05:15
2006-09-14,GETI-B.ST,89.0175552368164,90.02529907226562,88.681640625,89.0175552368164,554749,61.614083841025085,0.0,1.0,yahoo,2024-06-23 23:05:15
2006-09-15,GETI-B.ST,89.0175552368164,89.0175552368164,87.67389678955078,88.3457260131836,662155,61.14907284401848,0.0,1.0,yahoo,2024-06-23 23:05:15
2006-09-18,GETI-B.ST,88.681640625,89.68938446044922,88.681640625,89.68938446044922,570329,62.07909483803169,0.0,1.0,yahoo,2024-06-23 23:05:15
2006-09-19,GETI-B.ST,90.02529907226562,90.36121368408205,89.35346984863281,89.35346984863281,1303045,61.846589339528386,0.0,1.0,yahoo,2024-06-23 23:05:15
2006-09-20,GETI-B.ST,89.35346984863281,89.68938446044922,88.681640625,89.0175552368164,569341,61.614083841025085,0.0,1.0,yahoo,2024-06-23 23:05:15
2006-09-21,GETI-B.ST,89.35346984863281,89.68938446044922,89.0175552368164,89.68938446044922,696715,62.07909483803169,0.0,1.0,yahoo,2024-06-23 23:05:15
2006-09-22,GETI-B.ST,89.35346984863281,90.02529907226562,88.681640625,89.0175552368164,862005,61.614083841025085,0.0,1.0,yahoo,2024-06-23 23:05:15
2006-09-25,GETI-B.ST,89.52143096923828,89.68938446044922,88.51367950439453,88.51367950439453,619377,61.26532295290243,0.0,1.0,yahoo,2024-06-23 23:05:15
2006-09-26,GETI-B.ST,89.0175552368164,90.36121368408205,89.0175552368164,89.85734558105469,995371,62.19535022765104,0.0,1.0,yahoo,2024-06-23 23:05:15
2006-09-27,GETI-B.ST,90.1932601928711,91.36896514892578,90.1932601928711,91.03305053710938,740063,63.009122112780304,0.0,1.0,yahoo,2024-06-23 23:05:15
2006-09-28,GETI-B.ST,91.20100402832033,91.36896514892578,89.85734558105469,89.85734558105469,265623,62.19535022765104,0.0,1.0,yahoo,2024-06-23 23:05:15
2006-09-29,GETI-B.ST,90.02529907226562,90.69712829589844,89.35346984863281,90.02529907226562,654222,62.311600336534994,0.0,1.0,yahoo,2024-06-23 23:05:15
2006-10-02,GETI-B.ST,90.69712829589844,91.03305053710938,90.5291748046875,90.8650894165039,610292,62.89286672316096,0.0,1.0,yahoo,2024-06-23 23:05:15
2006-10-03,GETI-B.ST,90.5291748046875,91.03305053710938,89.52143096923828,90.02529907226562,495720,62.311600336534994,0.0,1.0,yahoo,2024-06-23 23:05:15
2006-10-04,GETI-B.ST,90.5291748046875,91.20100402832033,90.1932601928711,90.8650894165039,803580,62.89286672316096,0.0,1.0,yahoo,2024-06-23 23:05:15
2006-10-05,GETI-B.ST,91.36896514892578,92.0407943725586,91.20100402832033,91.87283325195312,667821,63.590383218670866,0.0,1.0,yahoo,2024-06-23 23:05:15
2006-10-06,GETI-B.ST,91.87283325195312,92.54467010498048,90.1932601928711,91.36896514892578,511177,63.241627611283604,0.0,1.0,yahoo,2024-06-23 23:05:15
2006-10-09,GETI-B.ST,91.53691864013672,92.0407943725586,91.03305053710938,91.20100402832033,349680,63.12537222166427,0.0,1.0,yahoo,2024-06-23 23:05:15
2006-10-10,GETI-B.ST,91.36896514892578,91.36896514892578,90.69712829589844,91.03305053710938,349530,63.009122112780304,0.0,1.0,yahoo,2024-06-23 23:05:15
2006-10-11,GETI-B.ST,91.20100402832033,91.36896514892578,90.36121368408205,90.69712829589844,465236,62.77661133354161,0.0,1.0,yahoo,2024-06-23 23:05:15
2006-10-12,GETI-B.ST,90.69712829589844,91.03305053710938,90.02529907226562,90.36121368408205,779087,62.54410583503831,0.0,1.0,yahoo,2024-06-23 23:05:15
2006-10-13,GETI-B.ST,90.69712829589844,90.69712829589844,89.18551635742188,89.85734558105469,832986,62.19535022765104,0.0,1.0,yahoo,2024-06-23 23:05:15
2006-10-16,GETI-B.ST,90.02529907226562,90.02529907226562,88.3457260131836,88.3457260131836,676721,61.14907284401848,0.0,1.0,yahoo,2024-06-23 23:05:15
2006-10-17,GETI-B.ST,88.681640625,89.18551635742188,87.1700210571289,87.67389678955078,1133879,60.68406184701187,0.0,1.0,yahoo,2024-06-23 23:05:15
2006-10-18,GETI-B.ST,87.84185028076172,90.02529907226562,85.82636260986328,86.4981918334961,2066954,59.870289961882605,0.0,1.0,yahoo,2024-06-23 23:05:15
2006-10-19,GETI-B.ST,86.66614532470703,86.66614532470703,85.82636260986328,86.4981918334961,1470701,59.870289961882605,0.0,1.0,yahoo,2024-06-23 23:05:15
2006-10-20,GETI-B.ST,86.66614532470703,88.681640625,86.33023071289062,88.3457260131836,2785967,61.14907284401848,0.0,1.0,yahoo,2024-06-23 23:05:15
2006-10-23,GETI-B.ST,88.681640625,89.0175552368164,88.3457260131836,88.681640625,1876383,61.38157834252178,0.0,1.0,yahoo,2024-06-23 23:05:15
2006-10-24,GETI-B.ST,88.681640625,88.681640625,86.33023071289062,86.66614532470703,2068990,59.98654007076656,0.0,1.0,yahoo,2024-06-23 23:05:15
2006-10-25,GETI-B.ST,87.00206756591797,88.17776489257812,86.8341064453125,87.84185028076172,1425965,60.80031195589582,0.0,1.0,yahoo,2024-06-23 23:05:15
2006-10-26,GETI-B.ST,88.681640625,88.681640625,86.4981918334961,86.66614532470703,851586,59.98654007076656,0.0,1.0,yahoo,2024-06-23 23:05:15
2006-10-27,GETI-B.ST,87.00206756591797,87.00206756591797,85.65840148925781,86.4981918334961,713173,59.870289961882605,0.0,1.0,yahoo,2024-06-23 23:05:15
2006-10-30,GETI-B.ST,85.99431610107422,85.99431610107422,83.97882843017578,85.15453338623047,1005013,58.94026796786939,0.0,1.0,yahoo,2024-06-23 23:05:15
2006-10-31,GETI-B.ST,85.3224868774414,85.99431610107422,84.81861114501953,85.82636260986328,846749,59.405278964876,0.0,1.0,yahoo,2024-06-23 23:05:15
2006-11-01,GETI-B.ST,85.99431610107422,87.50593566894531,85.82636260986328,86.16227722167969,2079987,59.6377844633793,0.0,1.0,yahoo,2024-06-23 23:05:15
2006-11-02,GETI-B.ST,86.16227722167969,87.33798217773438,85.99431610107422,87.33798217773438,1461640,60.45155634850856,0.0,1.0,yahoo,2024-06-23 23:05:15
2006-11-03,GETI-B.ST,87.33798217773438,87.33798217773438,86.4981918334961,86.4981918334961,273527,59.870289961882605,0.0,1.0,yahoo,2024-06-23 23:05:15
2006-11-06,GETI-B.ST,86.33023071289062,88.17776489257812,86.16227722167969,88.00981140136719,742563,60.91656734551517,0.0,1.0,yahoo,2024-06-23 23:05:15
2006-11-07,GETI-B.ST,88.3457260131836,89.0175552368164,86.66614532470703,87.00206756591797,1131527,60.21905085000525,0.0,1.0,yahoo,2024-06-23 23:05:15
2006-11-08,GETI-B.ST,87.1700210571289,88.84960174560547,87.1700210571289,88.00981140136719,1035405,60.91656734551517,0.0,1.0,yahoo,2024-06-23 23:05:15
2006-11-09,GETI-B.ST,88.51367950439453,88.84960174560547,87.33798217773438,88.00981140136719,1005289,60.91656734551517,0.0,1.0,yahoo,2024-06-23 23:05:15
2006-11-10,GETI-B.ST,88.00981140136719,88.17776489257812,87.00206756591797,87.1700210571289,785031,60.33530095888921,0.0,1.0,yahoo,2024-06-23 23:05:15
2006-11-13,GETI-B.ST,87.33798217773438,87.84185028076172,86.4981918334961,86.8341064453125,666310,60.102795460385906,0.0,1.0,yahoo,2024-06-23 23:05:15
2006-11-14,GETI-B.ST,87.00206756591797,88.00981140136719,86.8341064453125,87.84185028076172,523654,60.80031195589582,0.0,1.0,yahoo,2024-06-23 23:05:15
2006-11-15,GETI-B.ST,88.17776489257812,89.18551635742188,88.00981140136719,89.0175552368164,941360,61.614083841025085,0.0,1.0,yahoo,2024-06-23 23:05:15
2006-11-16,GETI-B.ST,88.84960174560547,89.85734558105469,88.84960174560547,89.52143096923828,850172,61.96284472914773,0.0,1.0,yahoo,2024-06-23 23:05:15
2006-11-17,GETI-B.ST,89.85734558105469,90.02529907226562,87.84185028076172,89.35346984863281,978755,61.846589339528386,0.0,1.0,yahoo,2024-06-23 23:05:15
2006-11-20,GETI-B.ST,88.681640625,89.35346984863281,88.51367950439453,88.84960174560547,491306,61.497833732141125,0.0,1.0,yahoo,2024-06-23 23:05:15
2006-11-21,GETI-B.ST,89.18551635742188,90.36121368408205,89.0175552368164,89.52143096923828,655171,61.96284472914773,0.0,1.0,yahoo,2024-06-23 23:05:15
2006-11-22,GETI-B.ST,89.85734558105469,90.5291748046875,88.51367950439453,89.18551635742188,915966,61.73033923064443,0.0,1.0,yahoo,2024-06-23 23:05:15
2006-11-23,GETI-B.ST,89.35346984863281,89.52143096923828,89.0175552368164,89.18551635742188,247956,61.73033923064443,0.0,1.0,yahoo,2024-06-23 23:05:15
2006-11-24,GETI-B.ST,89.18551635742188,89.35346984863281,87.67389678955078,87.67389678955078,382182,60.68406184701187,0.0,1.0,yahoo,2024-06-23 23:05:15
2006-11-27,GETI-B.ST,88.00981140136719,89.18551635742188,88.00981140136719,88.3457260131836,516250,61.14907284401848,0.0,1.0,yahoo,2024-06-23 23:05:15
2006-11-28,GETI-B.ST,87.50593566894531,88.17776489257812,84.6506576538086,85.99431610107422,2383554,59.52152907375995,0.0,1.0,yahoo,2024-06-23 23:05:15
2006-11-29,GETI-B.ST,86.66614532470703,89.0175552368164,86.4981918334961,88.00981140136719,978773,60.91656734551517,0.0,1.0,yahoo,2024-06-23 23:05:15
2006-11-30,GETI-B.ST,88.681640625,88.84960174560547,86.66614532470703,86.66614532470703,796866,59.98654007076656,0.0,1.0,yahoo,2024-06-23 23:05:15
2006-12-01,GETI-B.ST,86.66614532470703,87.84185028076172,85.82636260986328,85.82636260986328,726616,59.405278964876,0.0,1.0,yahoo,2024-06-23 23:05:15
2006-12-04,GETI-B.ST,85.99431610107422,86.8341064453125,85.65840148925781,85.99431610107422,558349,59.52152907375995,0.0,1.0,yahoo,2024-06-23 23:05:15
2006-12-05,GETI-B.ST,86.33023071289062,87.67389678955078,86.33023071289062,86.8341064453125,639671,60.102795460385906,0.0,1.0,yahoo,2024-06-23 23:05:15
2006-12-06,GETI-B.ST,87.1700210571289,88.51367950439453,86.33023071289062,87.50593566894531,843379,60.567806457392514,0.0,1.0,yahoo,2024-06-23 23:05:15
2006-12-07,GETI-B.ST,87.33798217773438,87.50593566894531,86.4981918334961,86.8341064453125,1057718,60.102795460385906,0.0,1.0,yahoo,2024-06-23 23:05:15
2006-12-08,GETI-B.ST,88.681640625,93.8883285522461,88.681640625,93.72036743164062,2421811,64.86916610080674,0.0,1.0,yahoo,2024-06-23 23:05:15
2006-12-11,GETI-B.ST,95.7358627319336,99.4309310913086,95.7358627319336,97.41543579101562,1964422,67.42673186507848,0.0,1.0,yahoo,2024-06-23 23:05:15
2006-12-12,GETI-B.ST,97.41543579101562,99.766845703125,97.24748229980467,98.75910186767578,1666128,68.35675913982709,0.0,1.0,yahoo,2024-06-23 23:05:15
2006-12-13,GETI-B.ST,98.75910186767578,98.75910186767578,96.7436065673828,98.59114074707033,1495933,68.24050375020775,0.0,1.0,yahoo,2024-06-23 23:05:15
2006-12-14,GETI-B.ST,99.0950164794922,99.26296997070312,97.07952117919922,97.07952117919922,980142,67.19422636657518,0.0,1.0,yahoo,2024-06-23 23:05:15
2006-12-15,GETI-B.ST,97.07952117919922,101.11050415039062,97.07952117919922,100.77458953857422,1196419,69.75179213084691,0.0,1.0,yahoo,2024-06-23 23:05:15
2006-12-18,GETI-B.ST,102.11825561523438,103.4619140625,100.77458953857422,100.77458953857422,954923,69.75179213084691,0.0,1.0,yahoo,2024-06-23 23:05:15
2006-12-19,GETI-B.ST,100.77458953857422,102.7900848388672,99.766845703125,102.11825561523438,1072620,70.68181940559552,0.0,1.0,yahoo,2024-06-23 23:05:15
2006-12-20,GETI-B.ST,102.45417022705078,105.81332397460938,102.45417022705078,105.81332397460938,1711054,73.23938516986726,0.0,1.0,yahoo,2024-06-23 23:05:15
2006-12-21,GETI-B.ST,105.81332397460938,107.156982421875,105.14149475097656,107.156982421875,1033852,74.16940716388048,0.0,1.0,yahoo,2024-06-23 23:05:15
2006-12-22,GETI-B.ST,106.14923858642578,107.8288116455078,104.1337432861328,104.1337432861328,665377,72.07685239661534,0.0,1.0,yahoo,2024-06-23 23:05:15
2006-12-25,GETI-B.ST,104.1337432861328,104.1337432861328,104.1337432861328,104.1337432861328,0,72.07685239661534,0.0,1.0,yahoo,2024-06-23 23:05:15
2006-12-26,GETI-B.ST,104.1337432861328,104.1337432861328,104.1337432861328,104.1337432861328,0,72.07685239661534,0.0,1.0,yahoo,2024-06-23 23:05:15
2006-12-27,GETI-B.ST,105.47740936279295,106.4851531982422,105.14149475097656,106.14923858642578,437518,73.47189066837056,0.0,1.0,yahoo,2024-06-23 23:05:15
2006-12-28,GETI-B.ST,106.14923858642578,106.4851531982422,105.14149475097656,105.47740936279295,436883,73.00687967136395,0.0,1.0,yahoo,2024-06-23 23:05:15
2006-12-29,GETI-B.ST,106.14923858642578,106.14923858642578,103.1259994506836,103.1259994506836,374840,71.37933590110543,0.0,1.0,yahoo,2024-06-23 23:05:15
2007-01-02,GETI-B.ST,102.45417022705078,107.4928970336914,102.45417022705078,106.8210678100586,1032435,73.93690166537718,0.0,1.0,yahoo,2024-06-23 23:05:15
2007-01-03,GETI-B.ST,104.1337432861328,104.80557250976562,102.45417022705078,103.4619140625,2146235,71.61184139960874,0.0,1.0,yahoo,2024-06-23 23:05:15
2007-01-04,GETI-B.ST,103.1259994506836,103.1259994506836,99.93479919433594,100.60663604736328,2025084,69.63554202196296,0.0,1.0,yahoo,2024-06-23 23:05:15
2007-01-05,GETI-B.ST,100.60663604736328,100.60663604736328,98.75910186767578,100.27072143554688,1031560,69.40303652345965,0.0,1.0,yahoo,2024-06-23 23:05:15
2007-01-08,GETI-B.ST,99.93479919433594,100.4386749267578,99.4309310913086,99.59888458251952,1139965,68.93802024571764,0.0,1.0,yahoo,2024-06-23 23:05:15
2007-01-09,GETI-B.ST,100.1027603149414,102.7900848388672,100.1027603149414,100.4386749267578,1323460,69.5192866323436,0.0,1.0,yahoo,2024-06-23 23:05:15
2007-01-10,GETI-B.ST,100.77458953857422,102.7900848388672,100.60663604736328,102.11825561523438,1778149,70.68181940559552,0.0,1.0,yahoo,2024-06-23 23:05:15
2007-01-11,GETI-B.ST,102.7900848388672,102.7900848388672,101.44641876220705,101.78233337402344,1278140,70.44930862635682,0.0,1.0,yahoo,2024-06-23 23:05:15
2007-01-12,GETI-B.ST,102.11825561523438,103.7978286743164,100.77458953857422,102.7900848388672,2288259,71.14683040260215,0.0,1.0,yahoo,2024-06-23 23:05:15
2007-01-15,GETI-B.ST,103.4619140625,104.80557250976562,103.4619140625,103.4619140625,746074,71.61184139960874,0.0,1.0,yahoo,2024-06-23 23:05:15
2007-01-16,GETI-B.ST,103.4619140625,105.81332397460938,103.4619140625,104.80557250976562,2135204,72.54186339362197,0.0,1.0,yahoo,2024-06-23 23:05:15
2007-01-17,GETI-B.ST,104.46965789794922,106.14923858642578,103.7978286743164,105.81332397460938,2791871,73.23938516986726,0.0,1.0,yahoo,2024-06-23 23:05:15
2007-01-18,GETI-B.ST,105.81332397460938,105.81332397460938,102.45417022705078,102.7900848388672,1715167,71.14683040260215,0.0,1.0,yahoo,2024-06-23 23:05:15
2007-01-19,GETI-B.ST,102.7900848388672,103.4619140625,102.11825561523438,102.45417022705078,1105436,70.91432490409883,0.0,1.0,yahoo,2024-06-23 23:05:15
2007-01-22,GETI-B.ST,103.1259994506836,103.7978286743164,101.44641876220705,103.1259994506836,1582863,71.37933590110543,0.0,1.0,yahoo,2024-06-23 23:05:15
2007-01-23,GETI-B.ST,103.4619140625,103.4619140625,100.77458953857422,101.11050415039062,1118197,69.98429762935022,0.0,1.0,yahoo,2024-06-23 23:05:15
2007-01-24,GETI-B.ST,101.44641876220705,103.1259994506836,99.59888458251952,101.78233337402344,2831774,70.44930862635682,0.0,1.0,yahoo,2024-06-23 23:05:15
2007-01-25,GETI-B.ST,102.45417022705078,103.7978286743164,102.45417022705078,103.1259994506836,1242070,71.37933590110543,0.0,1.0,yahoo,2024-06-23 23:05:15
2007-01-26,GETI-B.ST,102.7900848388672,102.7900848388672,100.77458953857422,102.11825561523438,1388187,70.68181940559552,0.0,1.0,yahoo,2024-06-23 23:05:15
2007-01-29,GETI-B.ST,102.45417022705078,102.45417022705078,100.4386749267578,101.11050415039062,867188,69.98429762935022,0.0,1.0,yahoo,2024-06-23 23:05:15
2007-01-30,GETI-B.ST,101.11050415039062,102.45417022705078,100.77458953857422,101.44641876220705,1534264,70.21680312785354,0.0,1.0,yahoo,2024-06-23 23:05:15
2007-01-31,GETI-B.ST,101.44641876220705,102.11825561523438,101.11050415039062,101.44641876220705,1582461,70.21680312785354,0.0,1.0,yahoo,2024-06-23 23:05:15
2007-02-01,GETI-B.ST,102.11825561523438,102.45417022705078,101.44641876220705,101.44641876220705,1087198,70.21680312785354,0.0,1.0,yahoo,2024-06-23 23:05:15
2007-02-02,GETI-B.ST,101.44641876220705,105.47740936279295,101.44641876220705,105.47740936279295,2716183,73.00687967136395,0.0,1.0,yahoo,2024-06-23 23:05:15
2007-02-05,GETI-B.ST,105.81332397460938,106.8210678100586,103.4619140625,103.4619140625,1615045,71.61184139960874,0.0,1.0,yahoo,2024-06-23 23:05:15
2007-02-06,GETI-B.ST,104.1337432861328,106.14923858642578,103.7978286743164,104.46965789794922,1734627,72.30935789511865,0.0,1.0,yahoo,2024-06-23 23:05:15
2007-02-07,GETI-B.ST,105.14149475097656,105.14149475097656,102.45417022705078,103.4619140625,2326980,71.61184139960874,0.0,1.0,yahoo,2024-06-23 23:05:15
2007-02-08,GETI-B.ST,103.7978286743164,104.46965789794922,102.7900848388672,104.46965789794922,1077569,72.30935789511865,0.0,1.0,yahoo,2024-06-23 23:05:15
2007-02-09,GETI-B.ST,104.80557250976562,104.80557250976562,102.11825561523438,103.4619140625,999062,71.61184139960874,0.0,1.0,yahoo,2024-06-23 23:05:15
2007-02-12,GETI-B.ST,103.1259994506836,103.1259994506836,101.44641876220705,102.11825561523438,850087,70.68181940559552,0.0,1.0,yahoo,2024-06-23 23:05:15
2007-02-13,GETI-B.ST,102.11825561523438,103.1259994506836,101.78233337402344,102.11825561523438,1127943,70.68181940559552,0.0,1.0,yahoo,2024-06-23 23:05:15
2007-02-14,GETI-B.ST,102.45417022705078,102.7900848388672,101.78233337402344,101.78233337402344,1093233,70.44930862635682,0.0,1.0,yahoo,2024-06-23 23:05:15
2007-02-15,GETI-B.ST,101.78233337402344,102.11825561523438,100.60663604736328,101.11050415039062,1693272,69.98429762935022,0.0,1.0,yahoo,2024-06-23 23:05:15
2007-02-16,GETI-B.ST,101.11050415039062,101.11050415039062,98.92705535888672,99.4309310913086,2090367,68.82177013683369,0.0,1.0,yahoo,2024-06-23 23:05:15
2007-02-19,GETI-B.ST,99.4309310913086,101.11050415039062,96.7436065673828,100.60663604736328,1692149,69.63554202196296,0.0,1.0,yahoo,2024-06-23 23:05:15
2007-02-20,GETI-B.ST,100.60663604736328,101.11050415039062,99.4309310913086,99.766845703125,1097377,69.054275635337,0.0,1.0,yahoo,2024-06-23 23:05:15
2007-02-21,GETI-B.ST,99.766845703125,99.93479919433594,98.2552261352539,98.42318725585938,1497490,68.12425364132378,0.0,1.0,yahoo,2024-06-23 23:05:15
2007-02-22,GETI-B.ST,98.75910186767578,100.1027603149414,98.2552261352539,99.766845703125,1865936,69.054275635337,0.0,1.0,yahoo,2024-06-23 23:05:15
2007-02-23,GETI-B.ST,100.27072143554688,101.11050415039062,100.27072143554688,100.4386749267578,1668343,69.5192866323436,0.0,1.0,yahoo,2024-06-23 23:05:15
2007-02-26,GETI-B.ST,101.11050415039062,103.4619140625,101.11050415039062,102.7900848388672,1533956,71.14683040260215,0.0,1.0,yahoo,2024-06-23 23:05:15
2007-02-27,GETI-B.ST,102.7900848388672,102.7900848388672,97.07952117919922,98.2552261352539,1974430,68.00799825170444,0.0,1.0,yahoo,2024-06-23 23:05:15
2007-02-28,GETI-B.ST,95.3999481201172,99.59888458251952,95.23198699951172,97.41543579101562,1738165,67.42673186507848,0.0,1.0,yahoo,2024-06-23 23:05:15
2007-03-01,GETI-B.ST,98.08727264404295,99.0950164794922,95.3999481201172,98.08727264404295,1301269,67.89174814282048,0.0,1.0,yahoo,2024-06-23 23:05:15
2007-03-02,GETI-B.ST,98.42318725585938,99.4309310913086,97.24748229980467,97.9193115234375,1292087,67.77549275320114,0.0,1.0,yahoo,2024-06-23 23:05:15
2007-03-05,GETI-B.ST,97.41543579101562,98.59114074707033,96.07177734375,97.41543579101562,2444465,67.42673186507848,0.0,1.0,yahoo,2024-06-23 23:05:15
2007-03-06,GETI-B.ST,98.08727264404295,99.0950164794922,97.41543579101562,97.75135040283205,672802,67.6592373635818,0.0,1.0,yahoo,2024-06-23 23:05:15
2007-03-07,GETI-B.ST,99.0950164794922,99.766845703125,98.2552261352539,99.4309310913086,889521,68.82177013683369,0.0,1.0,yahoo,2024-06-23 23:05:15
2007-03-08,GETI-B.ST,98.75910186767578,101.78233337402344,98.75910186767578,100.77458953857422,1213167,69.75179213084691,0.0,1.0,yahoo,2024-06-23 23:05:15
2007-03-09,GETI-B.ST,101.11050415039062,102.45417022705078,98.92705535888672,101.78233337402344,1179420,70.44930862635682,0.0,1.0,yahoo,2024-06-23 23:05:15
2007-03-12,GETI-B.ST,102.11825561523438,103.1259994506836,101.11050415039062,102.45417022705078,857684,70.91432490409883,0.0,1.0,yahoo,2024-06-23 23:05:15
2007-03-13,GETI-B.ST,102.45417022705078,102.45417022705078,100.77458953857422,101.78233337402344,2835512,70.44930862635682,0.0,1.0,yahoo,2024-06-23 23:05:15
2007-03-14,GETI-B.ST,100.4386749267578,101.78233337402344,99.4309310913086,99.4309310913086,1264875,68.82177013683369,0.0,1.0,yahoo,2024-06-23 23:05:15
2007-03-15,GETI-B.ST,102.11825561523438,102.45417022705078,99.4309310913086,100.4386749267578,682602,69.5192866323436,0.0,1.0,yahoo,2024-06-23 23:05:15
2007-03-16,GETI-B.ST,99.766845703125,101.78233337402344,99.766845703125,101.11050415039062,590211,69.98429762935022,0.0,1.0,yahoo,2024-06-23 23:05:15
2007-03-19,GETI-B.ST,101.78233337402344,103.4619140625,101.78233337402344,103.1259994506836,780125,71.37933590110543,0.0,1.0,yahoo,2024-06-23 23:05:15
2007-03-20,GETI-B.ST,102.45417022705078,103.1259994506836,100.77458953857422,102.7900848388672,817853,71.14683040260215,0.0,1.0,yahoo,2024-06-23 23:05:15
2007-03-21,GETI-B.ST,102.7900848388672,104.80557250976562,102.7900848388672,104.80557250976562,1381662,72.54186339362197,0.0,1.0,yahoo,2024-06-23 23:05:15
2007-03-22,GETI-B.ST,105.81332397460938,106.4851531982422,104.1337432861328,104.80557250976562,848618,72.54186339362197,0.0,1.0,yahoo,2024-06-23 23:05:15
2007-03-23,GETI-B.ST,104.80557250976562,105.47740936279295,104.46965789794922,105.14149475097656,587414,72.77437417286066,0.0,1.0,yahoo,2024-06-23 23:05:15
2007-03-26,GETI-B.ST,105.14149475097656,105.47740936279295,103.7978286743164,103.7978286743164,385236,71.84434689811205,0.0,1.0,yahoo,2024-06-23 23:05:15
2007-03-27,GETI-B.ST,104.80557250976562,104.80557250976562,101.44641876220705,103.4619140625,743074,71.61184139960874,0.0,1.0,yahoo,2024-06-23 23:05:15
2007-03-28,GETI-B.ST,103.4619140625,105.81332397460938,103.1259994506836,105.14149475097656,760115,72.77437417286066,0.0,1.0,yahoo,2024-06-23 23:05:15
2007-03-29,GETI-B.ST,105.14149475097656,106.14923858642578,104.80557250976562,105.14149475097656,569475,72.77437417286066,0.0,1.0,yahoo,2024-06-23 23:05:15
2007-03-30,GETI-B.ST,105.14149475097656,107.156982421875,104.46965789794922,106.8210678100586,820864,73.93690166537718,0.0,1.0,yahoo,2024-06-23 23:05:15
2007-04-02,GETI-B.ST,106.4851531982422,109.17247772216795,105.47740936279295,107.156982421875,1530149,74.16940716388048,0.0,1.0,yahoo,2024-06-23 23:05:15
2007-04-03,GETI-B.ST,108.50064086914062,109.50839233398438,107.156982421875,108.50064086914062,751068,75.0994291578937,0.0,1.0,yahoo,2024-06-23 23:05:15
2007-04-04,GETI-B.ST,109.17247772216795,109.17247772216795,106.4851531982422,108.50064086914062,509400,75.0994291578937,0.0,1.0,yahoo,2024-06-23 23:05:15
2007-04-05,GETI-B.ST,108.83655548095705,109.84430694580078,108.16472625732422,109.17247772216795,333447,75.56444543563569,0.0,1.0,yahoo,2024-06-23 23:05:15
2007-04-10,GETI-B.ST,109.50839233398438,111.1879653930664,109.17247772216795,110.1802215576172,587232,76.26196193114562,0.0,1.0,yahoo,2024-06-23 23:05:15
2007-04-11,GETI-B.ST,109.84430694580078,110.1802215576172,107.4928970336914,107.8288116455078,837486,74.63441816088708,0.0,1.0,yahoo,2024-06-23 23:05:15
2007-04-12,GETI-B.ST,107.156982421875,109.17247772216795,105.47740936279295,108.50064086914062,773418,75.0994291578937,0.0,1.0,yahoo,2024-06-23 23:05:15
2007-04-13,GETI-B.ST,107.8288116455078,109.50839233398438,106.14923858642578,107.156982421875,783361,74.16940716388048,0.0,1.0,yahoo,2024-06-23 23:05:15
2007-04-16,GETI-B.ST,107.8288116455078,108.16472625732422,106.14923858642578,107.156982421875,749054,74.16940716388048,0.0,1.0,yahoo,2024-06-23 23:05:15
2007-04-17,GETI-B.ST,106.8210678100586,106.8210678100586,103.7978286743164,104.1337432861328,1659333,72.07685239661534,0.0,1.0,yahoo,2024-06-23 23:05:15
2007-04-18,GETI-B.ST,104.1337432861328,104.1337432861328,102.7900848388672,103.1259994506836,1165808,71.37933590110543,0.0,1.0,yahoo,2024-06-23 23:05:15
2007-04-19,GETI-B.ST,103.7978286743164,107.8288116455078,102.7900848388672,104.80557250976562,1998406,72.54186339362197,0.0,1.0,yahoo,2024-06-23 23:05:15
2007-04-20,GETI-B.ST,104.80557250976562,104.80557250976562,100.27072143554688,102.7900848388672,1718803,72.53466450107189,2.005286,1.0,yahoo,2024-06-23 23:05:15
2007-04-23,GETI-B.ST,103.1259994506836,105.47740936279295,103.1259994506836,105.14149475097656,1296469,74.19395614721377,0.0,1.0,yahoo,2024-06-23 23:05:15
2007-04-24,GETI-B.ST,105.14149475097656,105.14149475097656,103.7978286743164,104.1337432861328,1482686,73.48282807958456,0.0,1.0,yahoo,2024-06-23 23:05:15
2007-04-25,GETI-B.ST,103.7978286743164,106.8210678100586,102.7900848388672,106.4851531982422,1217899,75.14211972572647,0.0,1.0,yahoo,2024-06-23 23:05:15
2007-04-26,GETI-B.ST,106.8210678100586,107.156982421875,105.14149475097656,107.156982421875,1043350,75.6162015149828,0.0,1.0,yahoo,2024-06-23 23:05:15
2007-04-27,GETI-B.ST,106.14923858642578,106.8210678100586,105.14149475097656,105.14149475097656,1954907,74.19395614721377,0.0,1.0,yahoo,2024-06-23 23:05:15
2007-04-30,GETI-B.ST,104.1337432861328,104.80557250976562,103.7978286743164,103.7978286743164,189290,73.2457871849564,0.0,1.0,yahoo,2024-06-23 23:05:15
2007-05-02,GETI-B.ST,104.80557250976562,105.47740936279295,103.1259994506836,103.1259994506836,1035068,72.77170539570005,0.0,1.0,yahoo,2024-06-23 23:05:15
2007-05-03,GETI-B.ST,104.1337432861328,105.14149475097656,103.1259994506836,104.1337432861328,2466002,73.48282807958456,0.0,1.0,yahoo,2024-06-23 23:05:15
2007-05-04,GETI-B.ST,104.80557250976562,105.81332397460938,104.80557250976562,104.80557250976562,1057195,73.95690986884092,0.0,1.0,yahoo,2024-06-23 23:05:15
2007-05-07,GETI-B.ST,105.14149475097656,105.47740936279295,103.7978286743164,104.46965789794922,671236,73.71986897421274,0.0,1.0,yahoo,2024-06-23 23:05:15
2007-05-08,GETI-B.ST,104.46965789794922,105.81332397460938,102.45417022705078,103.4619140625,971648,73.00874629032823,0.0,1.0,yahoo,2024-06-23 23:05:15
2007-05-09,GETI-B.ST,104.1337432861328,105.14149475097656,104.1337432861328,104.80557250976562,1465781,73.95690986884092,0.0,1.0,yahoo,2024-06-23 23:05:15
2007-05-10,GETI-B.ST,104.80557250976562,105.14149475097656,101.78233337402344,103.1259994506836,750418,72.77170539570005,0.0,1.0,yahoo,2024-06-23 23:05:15
2007-05-11,GETI-B.ST,102.7900848388672,103.7978286743164,101.44641876220705,103.4619140625,832607,73.00874629032823,0.0,1.0,yahoo,2024-06-23 23:05:15
2007-05-14,GETI-B.ST,104.1337432861328,104.46965789794922,103.1259994506836,103.7978286743164,476128,73.2457871849564,0.0,1.0,yahoo,2024-06-23 23:05:15
2007-05-15,GETI-B.ST,103.1259994506836,106.8210678100586,102.7900848388672,105.81332397460938,1001637,74.66803793647011,0.0,1.0,yahoo,2024-06-23 23:05:15
2007-05-16,GETI-B.ST,106.14923858642578,106.4851531982422,103.4619140625,103.4619140625,371989,73.00874629032823,0.0,1.0,yahoo,2024-06-23 23:05:15
2007-05-18,GETI-B.ST,104.46965789794922,107.156982421875,104.1337432861328,106.8210678100586,1340133,75.37916062035464,0.0,1.0,yahoo,2024-06-23 23:05:15
2007-05-21,GETI-B.ST,107.4928970336914,109.17247772216795,104.1337432861328,105.47740936279295,947549,74.43099704184193,0.0,1.0,yahoo,2024-06-23 23:05:15
2007-05-22,GETI-B.ST,106.4851531982422,107.156982421875,105.47740936279295,106.14923858642578,633613,74.9050788310983,0.0,1.0,yahoo,2024-06-23 23:05:15
2007-05-23,GETI-B.ST,106.14923858642578,108.50064086914062,106.14923858642578,107.156982421875,890940,75.6162015149828,0.0,1.0,yahoo,2024-06-23 23:05:15
2007-05-24,GETI-B.ST,106.4851531982422,107.156982421875,106.14923858642578,106.4851531982422,865981,75.14211972572647,0.0,1.0,yahoo,2024-06-23 23:05:15
2007-05-25,GETI-B.ST,105.81332397460938,108.83655548095705,105.81332397460938,108.83655548095705,802635,76.80140598812368,0.0,1.0,yahoo,2024-06-23 23:05:15
2007-05-28,GETI-B.ST,108.83655548095705,110.5161361694336,108.50064086914062,110.5161361694336,940987,77.98661584500921,0.0,1.0,yahoo,2024-06-23 23:05:15
2007-05-29,GETI-B.ST,110.5161361694336,110.85205078125,109.50839233398438,109.50839233398438,1171012,77.2754931611247,0.0,1.0,yahoo,2024-06-23 23:05:15
2007-05-30,GETI-B.ST,109.50839233398438,109.50839233398438,107.4928970336914,108.16472625732422,693201,76.32732419886733,0.0,1.0,yahoo,2024-06-23 23:05:15
2007-05-31,GETI-B.ST,109.50839233398438,110.1802215576172,107.8288116455078,108.16472625732422,862308,76.32732419886733,0.0,1.0,yahoo,2024-06-23 23:05:15
2007-06-01,GETI-B.ST,108.16472625732422,108.83655548095705,107.4928970336914,108.16472625732422,1038242,76.32732419886733,0.0,1.0,yahoo,2024-06-23 23:05:15
2007-06-04,GETI-B.ST,107.4928970336914,108.83655548095705,105.81332397460938,106.4851531982422,592668,75.14211972572647,0.0,1.0,yahoo,2024-06-23 23:05:15
2007-06-05,GETI-B.ST,106.4851531982422,107.8288116455078,105.47740936279295,106.4851531982422,759008,75.14211972572647,0.0,1.0,yahoo,2024-06-23 23:05:15
2007-06-07,GETI-B.ST,106.4851531982422,106.4851531982422,101.78233337402344,102.45417022705078,1298553,72.29762360644371,0.0,1.0,yahoo,2024-06-23 23:05:15
2007-06-08,GETI-B.ST,101.44641876220705,103.4619140625,99.0950164794922,101.78233337402344,1159028,71.82353643344268,0.0,1.0,yahoo,2024-06-23 23:05:15
2007-06-11,GETI-B.ST,103.1259994506836,103.7978286743164,100.77458953857422,102.45417022705078,986875,72.29762360644371,0.0,1.0,yahoo,2024-06-23 23:05:15
2007-06-12,GETI-B.ST,102.11825561523438,103.1259994506836,100.4386749267578,100.77458953857422,1013882,71.11241374955817,0.0,1.0,yahoo,2024-06-23 23:05:15
2007-06-13,GETI-B.ST,100.77458953857422,102.45417022705078,98.08727264404295,101.11050415039062,2060921,71.34945464418634,0.0,1.0,yahoo,2024-06-23 23:05:15
2007-06-14,GETI-B.ST,102.11825561523438,103.4619140625,101.11050415039062,101.78233337402344,1036588,71.82353643344268,0.0,1.0,yahoo,2024-06-23 23:05:15
2007-06-15,GETI-B.ST,101.44641876220705,102.7900848388672,101.44641876220705,102.45417022705078,1179904,72.29762360644371,0.0,1.0,yahoo,2024-06-23 23:05:15
2007-06-18,GETI-B.ST,103.1259994506836,103.4619140625,101.78233337402344,101.78233337402344,676847,71.82353643344268,0.0,1.0,yahoo,2024-06-23 23:05:15
2007-06-19,GETI-B.ST,102.11825561523438,102.7900848388672,101.44641876220705,101.78233337402344,613242,71.82353643344268,0.0,1.0,yahoo,2024-06-23 23:05:15
2007-06-20,GETI-B.ST,101.78233337402344,102.7900848388672,99.93479919433594,100.4386749267578,1066673,70.87537285492998,0.0,1.0,yahoo,2024-06-23 23:05:15
2007-06-21,GETI-B.ST,100.1027603149414,100.4386749267578,99.0950164794922,99.93479919433594,894628,70.51980882111539,0.0,1.0,yahoo,2024-06-23 23:05:15
2007-06-25,GETI-B.ST,99.4309310913086,101.78233337402344,98.08727264404295,101.44641876220705,1157092,71.58649553881452,0.0,1.0,yahoo,2024-06-23 23:05:15
2007-06-26,GETI-B.ST,100.27072143554688,100.27072143554688,98.08727264404295,99.59888458251952,1003422,70.28276792648721,0.0,1.0,yahoo,2024-06-23 23:05:15
2007-06-27,GETI-B.ST,99.26296997070312,100.60663604736328,98.59114074707033,99.766845703125,951086,70.40129106567365,0.0,1.0,yahoo,2024-06-23 23:05:15
2007-06-28,GETI-B.ST,100.27072143554688,102.7900848388672,99.59888458251952,102.11825561523438,1094647,72.06058271181554,0.0,1.0,yahoo,2024-06-23 23:05:15
2007-06-29,GETI-B.ST,103.1259994506836,103.1259994506836,98.92705535888672,99.59888458251952,1415699,70.28276792648721,0.0,1.0,yahoo,2024-06-23 23:05:15
2007-07-02,GETI-B.ST,100.1027603149414,100.4386749267578,98.42318725585938,98.75910186767578,882645,69.69016838178914,0.0,1.0,yahoo,2024-06-23 23:05:15
2007-07-03,GETI-B.ST,99.4309310913086,100.1027603149414,98.75910186767578,99.766845703125,985748,70.40129106567365,0.0,1.0,yahoo,2024-06-23 23:05:15
2007-07-04,GETI-B.ST,99.59888458251952,100.77458953857422,99.26296997070312,99.26296997070312,572430,70.04572703185904,0.0,1.0,yahoo,2024-06-23 23:05:15
2007-07-05,GETI-B.ST,99.26296997070312,101.44641876220705,99.0950164794922,101.11050415039062,963920,71.34945464418634,0.0,1.0,yahoo,2024-06-23 23:05:15
2007-07-06,GETI-B.ST,101.11050415039062,103.4619140625,101.11050415039062,102.7900848388672,856488,72.53466450107189,0.0,1.0,yahoo,2024-06-23 23:05:15
2007-07-09,GETI-B.ST,102.45417022705078,103.4619140625,99.93479919433594,100.60663604736328,2530235,70.99389599411641,0.0,1.0,yahoo,2024-06-23 23:05:15
2007-07-10,GETI-B.ST,100.4386749267578,101.11050415039062,97.75135040283205,99.0950164794922,2227493,69.92720927641732,0.0,1.0,yahoo,2024-06-23 23:05:15
2007-07-11,GETI-B.ST,98.42318725585938,99.93479919433594,98.08727264404295,99.766845703125,1136972,70.40129106567365,0.0,1.0,yahoo,2024-06-23 23:05:15
2007-07-12,GETI-B.ST,99.0950164794922,100.77458953857422,99.0950164794922,100.4386749267578,671633,70.87537285492998,0.0,1.0,yahoo,2024-06-23 23:05:15
2007-07-13,GETI-B.ST,101.11050415039062,101.78233337402344,98.92705535888672,99.26296997070312,899938,70.04572703185904,0.0,1.0,yahoo,2024-06-23 23:05:15
2007-07-16,GETI-B.ST,99.93479919433594,102.7900848388672,99.93479919433594,102.11825561523438,1022491,72.06058271181554,0.0,1.0,yahoo,2024-06-23 23:05:15
2007-07-17,GETI-B.ST,102.45417022705078,104.46965789794922,101.78233337402344,102.7900848388672,1469095,72.53466450107189,0.0,1.0,yahoo,2024-06-23 23:05:15
2007-07-18,GETI-B.ST,103.4619140625,105.47740936279295,103.1259994506836,104.1337432861328,1264166,73.48282807958456,0.0,1.0,yahoo,2024-06-23 23:05:15
2007-07-19,GETI-B.ST,105.14149475097656,106.14923858642578,103.4619140625,104.46965789794922,701075,73.71986897421274,0.0,1.0,yahoo,2024-06-23 23:05:15
2007-07-20,GETI-B.ST,104.1337432861328,105.47740936279295,103.4619140625,103.7978286743164,638928,73.2457871849564,0.0,1.0,yahoo,2024-06-23 23:05:15
2007-07-23,GETI-B.ST,104.1337432861328,106.14923858642578,104.1337432861328,105.47740936279295,674607,74.43099704184193,0.0,1.0,yahoo,2024-06-23 23:05:15
2007-07-24,GETI-B.ST,105.81332397460938,105.81332397460938,104.1337432861328,104.1337432861328,668363,73.48282807958456,0.0,1.0,yahoo,2024-06-23 23:05:15
2007-07-25,GETI-B.ST,104.1337432861328,104.46965789794922,102.7900848388672,104.1337432861328,1173441,73.48282807958456,0.0,1.0,yahoo,2024-06-23 23:05:15
2007-07-26,GETI-B.ST,104.1337432861328,105.14149475097656,102.11825561523438,102.7900848388672,684913,72.53466450107189,0.0,1.0,yahoo,2024-06-23 23:05:15
2007-07-27,GETI-B.ST,101.78233337402344,104.46965789794922,101.44641876220705,102.45417022705078,741020,72.29762360644371,0.0,1.0,yahoo,2024-06-23 23:05:15
2007-07-30,GETI-B.ST,103.1259994506836,104.80557250976562,100.4386749267578,100.77458953857422,964429,71.11241374955817,0.0,1.0,yahoo,2024-06-23 23:05:15
2007-07-31,GETI-B.ST,101.78233337402344,102.11825561523438,100.4386749267578,100.77458953857422,1160072,71.11241374955817,0.0,1.0,yahoo,2024-06-23 23:05:15
2007-08-01,GETI-B.ST,99.59888458251952,101.44641876220705,98.2552261352539,100.77458953857422,697376,71.11241374955817,0.0,1.0,yahoo,2024-06-23 23:05:15
2007-08-02,GETI-B.ST,100.77458953857422,103.1259994506836,100.77458953857422,101.44641876220705,712914,71.58649553881452,0.0,1.0,yahoo,2024-06-23 23:05:15
2007-08-03,GETI-B.ST,101.44641876220705,101.78233337402344,98.92705535888672,99.4309310913086,751219,70.16425017104548,0.0,1.0,yahoo,2024-06-23 23:05:15
2007-08-06,GETI-B.ST,98.59114074707033,100.77458953857422,97.5833969116211,99.766845703125,387505,70.40129106567365,0.0,1.0,yahoo,2024-06-23 23:05:15
2007-08-07,GETI-B.ST,100.60663604736328,103.1259994506836,100.1027603149414,102.45417022705078,1125547,72.29762360644371,0.0,1.0,yahoo,2024-06-23 23:05:15
2007-08-08,GETI-B.ST,102.45417022705078,103.7978286743164,102.45417022705078,103.4619140625,1164470,73.00874629032823,0.0,1.0,yahoo,2024-06-23 23:05:15
2007-08-09,GETI-B.ST,103.1259994506836,104.80557250976562,101.11050415039062,103.4619140625,1879641,73.00874629032823,0.0,1.0,yahoo,2024-06-23 23:05:15
2007-08-10,GETI-B.ST,100.77458953857422,105.47740936279295,100.27072143554688,101.78233337402344,1120560,71.82353643344268,0.0,1.0,yahoo,2024-06-23 23:05:15
2007-08-13,GETI-B.ST,102.45417022705078,103.7978286743164,101.44641876220705,102.7900848388672,721754,72.53466450107189,0.0,1.0,yahoo,2024-06-23 23:05:15
2007-08-14,GETI-B.ST,102.45417022705078,104.46965789794922,102.45417022705078,102.45417022705078,945687,72.29762360644371,0.0,1.0,yahoo,2024-06-23 23:05:15
2007-08-15,GETI-B.ST,101.44641876220705,102.7900848388672,100.27072143554688,101.11050415039062,755720,71.34945464418634,0.0,1.0,yahoo,2024-06-23 23:05:15
2007-08-16,GETI-B.ST,99.0950164794922,99.26296997070312,96.91156768798828,98.08727264404295,1232984,69.21608659253278,0.0,1.0,yahoo,2024-06-23 23:05:15
2007-08-17,GETI-B.ST,96.7436065673828,100.4386749267578,96.23973846435548,99.4309310913086,824554,70.16425017104548,0.0,1.0,yahoo,2024-06-23 23:05:15
2007-08-20,GETI-B.ST,100.60663604736328,101.11050415039062,98.92705535888672,100.27072143554688,416535,70.75685509948825,0.0,1.0,yahoo,2024-06-23 23:05:15
2007-08-21,GETI-B.ST,100.77458953857422,101.11050415039062,99.59888458251952,100.4386749267578,423438,70.87537285492998,0.0,1.0,yahoo,2024-06-23 23:05:15
2007-08-22,GETI-B.ST,100.77458953857422,101.44641876220705,99.59888458251952,100.4386749267578,599170,70.87537285492998,0.0,1.0,yahoo,2024-06-23 23:05:15
2007-08-23,GETI-B.ST,101.11050415039062,101.78233337402344,100.77458953857422,101.44641876220705,527674,71.58649553881452,0.0,1.0,yahoo,2024-06-23 23:05:15
2007-08-24,GETI-B.ST,101.44641876220705,101.44641876220705,100.1027603149414,100.1027603149414,449526,70.63833196030183,0.0,1.0,yahoo,2024-06-23 23:05:15
2007-08-27,GETI-B.ST,100.4386749267578,101.11050415039062,99.4309310913086,100.77458953857422,624828,71.11241374955817,0.0,1.0,yahoo,2024-06-23 23:05:15
2007-08-28,GETI-B.ST,100.77458953857422,101.44641876220705,99.59888458251952,99.59888458251952,463341,70.28276792648721,0.0,1.0,yahoo,2024-06-23 23:05:15
2007-08-29,GETI-B.ST,99.0950164794922,100.60663604736328,98.75910186767578,99.93479919433594,641109,70.51980882111539,0.0,1.0,yahoo,2024-06-23 23:05:15
2007-08-30,GETI-B.ST,100.4386749267578,100.60663604736328,97.5833969116211,99.4309310913086,1016845,70.16425017104548,0.0,1.0,yahoo,2024-06-23 23:05:15
2007-08-31,GETI-B.ST,99.93479919433594,101.44641876220705,99.766845703125,101.11050415039062,568687,71.34945464418634,0.0,1.0,yahoo,2024-06-23 23:05:15
2007-09-03,GETI-B.ST,101.78233337402344,102.11825561523438,100.27072143554688,100.77458953857422,321886,71.11241374955817,0.0,1.0,yahoo,2024-06-23 23:05:15
2007-09-04,GETI-B.ST,101.44641876220705,101.78233337402344,100.60663604736328,101.78233337402344,306563,71.82353643344268,0.0,1.0,yahoo,2024-06-23 23:05:15
2007-09-05,GETI-B.ST,101.78233337402344,102.11825561523438,98.42318725585938,98.42318725585938,698866,69.45312748716096,0.0,1.0,yahoo,2024-06-23 23:05:15
2007-09-06,GETI-B.ST,99.26296997070312,101.11050415039062,98.42318725585938,101.11050415039062,575584,71.34945464418634,0.0,1.0,yahoo,2024-06-23 23:05:15
2007-09-07,GETI-B.ST,100.1027603149414,100.77458953857422,98.75910186767578,99.0950164794922,611576,69.92720927641732,0.0,1.0,yahoo,2024-06-23 23:05:15
2007-09-10,GETI-B.ST,99.0950164794922,99.766845703125,98.2552261352539,98.2552261352539,512081,69.33460434797453,0.0,1.0,yahoo,2024-06-23 23:05:15
2007-09-11,GETI-B.ST,98.75910186767578,102.11825561523438,98.75910186767578,101.78233337402344,944383,71.82353643344268,0.0,1.0,yahoo,2024-06-23 23:05:15
2007-09-12,GETI-B.ST,101.78233337402344,102.7900848388672,101.44641876220705,102.7900848388672,741529,72.53466450107189,0.0,1.0,yahoo,2024-06-23 23:05:15
2007-09-13,GETI-B.ST,102.7900848388672,103.1259994506836,99.4309310913086,102.45417022705078,722341,72.29762360644371,0.0,1.0,yahoo,2024-06-23 23:05:15
2007-09-14,GETI-B.ST,102.45417022705078,102.7900848388672,101.11050415039062,101.78233337402344,341248,71.82353643344268,0.0,1.0,yahoo,2024-06-23 23:05:15
2007-09-17,GETI-B.ST,101.44641876220705,101.78233337402344,99.93479919433594,101.78233337402344,571258,71.82353643344268,0.0,1.0,yahoo,2024-06-23 23:05:15
2007-09-18,GETI-B.ST,101.44641876220705,103.4619140625,101.44641876220705,101.78233337402344,809479,71.82353643344268,0.0,1.0,yahoo,2024-06-23 23:05:15
2007-09-19,GETI-B.ST,103.4619140625,103.4619140625,100.77458953857422,102.11825561523438,1159704,72.06058271181554,0.0,1.0,yahoo,2024-06-23 23:05:15
2007-09-20,GETI-B.ST,102.45417022705078,102.45417022705078,101.11050415039062,101.78233337402344,375003,71.82353643344268,0.0,1.0,yahoo,2024-06-23 23:05:15
2007-09-21,GETI-B.ST,101.11050415039062,102.11825561523438,100.27072143554688,102.11825561523438,702352,72.06058271181554,0.0,1.0,yahoo,2024-06-23 23:05:15
2007-09-24,GETI-B.ST,101.78233337402344,103.1259994506836,101.11050415039062,101.78233337402344,420878,71.82353643344268,0.0,1.0,yahoo,2024-06-23 23:05:15
2007-09-25,GETI-B.ST,101.78233337402344,102.11825561523438,100.27072143554688,101.11050415039062,988383,71.34945464418634,0.0,1.0,yahoo,2024-06-23 23:05:15
2007-09-26,GETI-B.ST,101.11050415039062,103.1259994506836,100.77458953857422,103.1259994506836,682291,72.77170539570005,0.0,1.0,yahoo,2024-06-23 23:05:15
2007-09-27,GETI-B.ST,103.4619140625,103.4619140625,102.45417022705078,103.4619140625,861358,73.00874629032823,0.0,1.0,yahoo,2024-06-23 23:05:15
2007-09-28,GETI-B.ST,102.7900848388672,104.80557250976562,102.45417022705078,104.80557250976562,987542,73.95690986884092,0.0,1.0,yahoo,2024-06-23 23:05:15
2007-10-01,GETI-B.ST,105.14149475097656,106.14923858642578,104.1337432861328,106.14923858642578,619142,74.9050788310983,0.0,1.0,yahoo,2024-06-23 23:05:15
2007-10-02,GETI-B.ST,106.14923858642578,106.14923858642578,103.4619140625,103.7978286743164,901401,73.2457871849564,0.0,1.0,yahoo,2024-06-23 23:05:15
2007-10-03,GETI-B.ST,103.7978286743164,105.47740936279295,103.4619140625,104.1337432861328,1460085,73.48282807958456,0.0,1.0,yahoo,2024-06-23 23:05:15
2007-10-04,GETI-B.ST,104.1337432861328,105.47740936279295,104.1337432861328,104.80557250976562,760172,73.95690986884092,0.0,1.0,yahoo,2024-06-23 23:05:15
2007-10-05,GETI-B.ST,105.81332397460938,106.4851531982422,104.80557250976562,106.4851531982422,459553,75.14211972572647,0.0,1.0,yahoo,2024-06-23 23:05:15
2007-10-08,GETI-B.ST,106.14923858642578,106.8210678100586,105.14149475097656,106.14923858642578,1016608,74.9050788310983,0.0,1.0,yahoo,2024-06-23 23:05:15
2007-10-09,GETI-B.ST,106.14923858642578,106.8210678100586,105.14149475097656,106.8210678100586,1101615,75.37916062035464,0.0,1.0,yahoo,2024-06-23 23:05:15
2007-10-10,GETI-B.ST,106.4851531982422,109.17247772216795,106.4851531982422,108.83655548095705,923600,76.80140598812368,0.0,1.0,yahoo,2024-06-23 23:05:15
2007-10-11,GETI-B.ST,108.50064086914062,110.1802215576172,107.8288116455078,110.1802215576172,834948,77.74957495038105,0.0,1.0,yahoo,2024-06-23 23:05:15
2007-10-12,GETI-B.ST,108.83655548095705,109.50839233398438,107.4928970336914,109.17247772216795,515164,77.03845226649652,0.0,1.0,yahoo,2024-06-23 23:05:15
2007-10-15,GETI-B.ST,109.17247772216795,110.1802215576172,108.83655548095705,109.17247772216795,480539,77.03845226649652,0.0,1.0,yahoo,2024-06-23 23:05:15
2007-10-16,GETI-B.ST,109.17247772216795,109.17247772216795,105.47740936279295,108.83655548095705,1010945,76.80140598812368,0.0,1.0,yahoo,2024-06-23 23:05:15
2007-10-17,GETI-B.ST,108.50064086914062,109.17247772216795,107.156982421875,108.16472625732422,658569,76.32732419886733,0.0,1.0,yahoo,2024-06-23 23:05:15
2007-10-18,GETI-B.ST,107.8288116455078,108.16472625732422,105.14149475097656,106.14923858642578,1077067,74.9050788310983,0.0,1.0,yahoo,2024-06-23 23:05:15
2007-10-19,GETI-B.ST,105.81332397460938,107.156982421875,105.14149475097656,106.14923858642578,752939,74.9050788310983,0.0,1.0,yahoo,2024-06-23 23:05:15
2007-10-22,GETI-B.ST,104.80557250976562,105.81332397460938,103.4619140625,104.80557250976562,554342,73.95690986884092,0.0,1.0,yahoo,2024-06-23 23:05:15
2007-10-23,GETI-B.ST,104.46965789794922,108.16472625732422,104.46965789794922,107.156982421875,1022553,75.6162015149828,0.0,1.0,yahoo,2024-06-23 23:05:15
2007-10-24,GETI-B.ST,107.8288116455078,111.85979461669922,106.4851531982422,108.83655548095705,1455753,76.80140598812368,0.0,1.0,yahoo,2024-06-23 23:05:15
2007-10-25,GETI-B.ST,109.17247772216795,110.85205078125,108.16472625732422,109.17247772216795,620775,77.03845226649652,0.0,1.0,yahoo,2024-06-23 23:05:15
2007-10-26,GETI-B.ST,109.17247772216795,110.85205078125,108.50064086914062,110.5161361694336,651070,77.98661584500921,0.0,1.0,yahoo,2024-06-23 23:05:15
2007-10-29,GETI-B.ST,111.5238800048828,113.8752899169922,110.5161361694336,112.53162384033205,965993,79.40886121277826,0.0,1.0,yahoo,2024-06-23 23:05:15
2007-10-30,GETI-B.ST,112.53162384033205,112.86754608154295,110.85205078125,112.19570922851562,549072,79.17182031815008,0.0,1.0,yahoo,2024-06-23 23:05:15
2007-10-31,GETI-B.ST,112.86754608154295,113.20346069335938,110.5161361694336,112.86754608154295,910809,79.64590749115109,0.0,1.0,yahoo,2024-06-23 23:05:15
2007-11-01,GETI-B.ST,113.20346069335938,116.56261444091795,112.86754608154295,115.89077758789062,1258147,81.77927554280465,0.0,1.0,yahoo,2024-06-23 23:05:15
2007-11-02,GETI-B.ST,114.2112045288086,117.23444366455078,114.2112045288086,116.22669219970705,375450,82.01631643743283,0.0,1.0,yahoo,2024-06-23 23:05:15
2007-11-05,GETI-B.ST,119.24993133544922,121.2654266357422,111.5238800048828,115.55486297607422,1492074,81.54223464817649,0.0,1.0,yahoo,2024-06-23 23:05:15
2007-11-06,GETI-B.ST,117.5703582763672,120.59359741210938,114.547119140625,119.58584594726562,1425220,84.38673076745924,0.0,1.0,yahoo,2024-06-23 23:05:15
2007-11-07,GETI-B.ST,119.92176055908205,120.59359741210938,116.22669219970705,117.23444366455078,1343417,82.72744450506202,0.0,1.0,yahoo,2024-06-23 23:05:15
2007-11-08,GETI-B.ST,115.89077758789062,118.2421875,114.2112045288086,116.56261444091795,1486035,82.25336271580568,0.0,1.0,yahoo,2024-06-23 23:05:15
2007-11-09,GETI-B.ST,117.5703582763672,118.2421875,114.547119140625,114.8830337524414,1196987,81.06815285892014,0.0,1.0,yahoo,2024-06-23 23:05:15
2007-11-12,GETI-B.ST,114.2112045288086,116.89852905273438,112.86754608154295,115.2189483642578,627443,81.3051937535483,0.0,1.0,yahoo,2024-06-23 23:05:15
2007-11-13,GETI-B.ST,114.8830337524414,116.22669219970705,113.53937530517578,115.2189483642578,1108627,81.3051937535483,0.0,1.0,yahoo,2024-06-23 23:05:15
2007-11-14,GETI-B.ST,116.56261444091795,116.89852905273438,112.19570922851562,115.2189483642578,1582038,81.3051937535483,0.0,1.0,yahoo,2024-06-23 23:05:15
2007-11-15,GETI-B.ST,114.8830337524414,115.89077758789062,112.19570922851562,112.53162384033205,765358,79.40886121277826,0.0,1.0,yahoo,2024-06-23 23:05:15
2007-11-16,GETI-B.ST,111.85979461669922,116.89852905273438,111.85979461669922,115.2189483642578,1872783,81.3051937535483,0.0,1.0,yahoo,2024-06-23 23:05:15
2007-11-19,GETI-B.ST,115.89077758789062,116.89852905273438,111.85979461669922,112.19570922851562,1642678,79.17182031815008,0.0,1.0,yahoo,2024-06-23 23:05:15
2007-11-20,GETI-B.ST,113.20346069335938,113.8752899169922,110.1802215576172,113.53937530517578,1664587,80.11998928040745,0.0,1.0,yahoo,2024-06-23 23:05:15
2007-11-21,GETI-B.ST,111.85979461669922,112.86754608154295,110.5161361694336,111.85979461669922,1646276,78.9347794235219,0.0,1.0,yahoo,2024-06-23 23:05:15
2007-11-22,GETI-B.ST,111.5238800048828,112.53162384033205,109.50839233398438,111.1879653930664,1131493,78.46069763426556,0.0,1.0,yahoo,2024-06-23 23:05:15
2007-11-23,GETI-B.ST,111.5238800048828,112.86754608154295,109.84430694580078,110.1802215576172,1227410,77.74957495038105,0.0,1.0,yahoo,2024-06-23 23:05:15
2007-11-26,GETI-B.ST,110.85205078125,111.85979461669922,110.1802215576172,110.1802215576172,953377,77.74957495038105,0.0,1.0,yahoo,2024-06-23 23:05:15
2007-11-27,GETI-B.ST,109.17247772216795,110.85205078125,108.83655548095705,110.1802215576172,1057778,77.74957495038105,0.0,1.0,yahoo,2024-06-23 23:05:15
2007-11-28,GETI-B.ST,110.5161361694336,111.1879653930664,106.4851531982422,110.85205078125,2036120,78.22365673963739,0.0,1.0,yahoo,2024-06-23 23:05:15
2007-11-29,GETI-B.ST,110.85205078125,111.85979461669922,108.83655548095705,110.5161361694336,2052453,77.98661584500921,0.0,1.0,yahoo,2024-06-23 23:05:15
2007-11-30,GETI-B.ST,111.5238800048828,112.53162384033205,107.4928970336914,108.16472625732422,1908670,76.32732419886733,0.0,1.0,yahoo,2024-06-23 23:05:15
2007-12-03,GETI-B.ST,107.8288116455078,112.53162384033205,107.4928970336914,109.17247772216795,1792416,77.03845226649652,0.0,1.0,yahoo,2024-06-23 23:05:15
2007-12-04,GETI-B.ST,108.83655548095705,111.85979461669922,108.50064086914062,110.85205078125,1084402,78.22365673963739,0.0,1.0,yahoo,2024-06-23 23:05:15
2007-12-05,GETI-B.ST,112.19570922851562,113.20346069335938,110.85205078125,112.53162384033205,860370,79.40886121277826,0.0,1.0,yahoo,2024-06-23 23:05:15
2007-12-06,GETI-B.ST,113.20346069335938,115.55486297607422,111.85979461669922,114.547119140625,1222763,80.83111196429196,0.0,1.0,yahoo,2024-06-23 23:05:15
2007-12-07,GETI-B.ST,115.89077758789062,119.58584594726562,114.547119140625,119.58584594726562,1910331,84.38673076745924,0.0,1.0,yahoo,2024-06-23 23:05:15
2007-12-10,GETI-B.ST,118.9140167236328,118.9140167236328,115.55486297607422,116.56261444091795,721912,82.25336271580568,0.0,1.0,yahoo,2024-06-23 23:05:15
2007-12-11,GETI-B.ST,116.89852905273438,118.5781021118164,114.547119140625,118.5781021118164,1014758,83.67560808357472,0.0,1.0,yahoo,2024-06-23 23:05:15
2007-12-12,GETI-B.ST,115.55486297607422,118.5781021118164,115.55486297607422,116.89852905273438,616171,82.49040361043386,0.0,1.0,yahoo,2024-06-23 23:05:15
2007-12-13,GETI-B.ST,115.89077758789062,117.9062728881836,112.53162384033205,112.53162384033205,932787,79.40886121277826,0.0,1.0,yahoo,2024-06-23 23:05:15
2007-12-14,GETI-B.ST,113.20346069335938,117.9062728881836,112.19570922851562,117.5703582763672,1571585,82.96448539969022,0.0,1.0,yahoo,2024-06-23 23:05:15
2007-12-17,GETI-B.ST,116.22669219970705,119.24993133544922,115.55486297607422,117.5703582763672,1650393,82.96448539969022,0.0,1.0,yahoo,2024-06-23 23:05:15
2007-12-18,GETI-B.ST,116.56261444091795,118.9140167236328,115.2189483642578,115.89077758789062,602339,81.77927554280465,0.0,1.0,yahoo,2024-06-23 23:05:15
2007-12-19,GETI-B.ST,115.89077758789062,117.23444366455078,115.2189483642578,115.89077758789062,1095546,81.77927554280465,0.0,1.0,yahoo,2024-06-23 23:05:15
2007-12-20,GETI-B.ST,116.22669219970705,119.24993133544922,115.89077758789062,117.23444366455078,521851,82.72744450506202,0.0,1.0,yahoo,2024-06-23 23:05:15
2007-12-21,GETI-B.ST,118.5781021118164,119.92176055908205,116.56261444091795,117.9062728881836,668035,83.20152629431837,0.0,1.0,yahoo,2024-06-23 23:05:15
2007-12-27,GETI-B.ST,117.5703582763672,120.59359741210938,117.5703582763672,118.5781021118164,510857,83.67560808357472,0.0,1.0,yahoo,2024-06-23 23:05:15
2007-12-28,GETI-B.ST,117.9062728881836,119.58584594726562,115.89077758789062,116.56261444091795,587088,82.25336271580568,0.0,1.0,yahoo,2024-06-23 23:05:15
2008-01-02,GETI-B.ST,115.89077758789062,117.5703582763672,115.89077758789062,116.22669219970705,564663,82.01631643743283,0.0,1.0,yahoo,2024-06-23 23:05:15
2008-01-03,GETI-B.ST,115.55486297607422,115.89077758789062,112.19570922851562,112.19570922851562,868909,79.17182031815008,0.0,1.0,yahoo,2024-06-23 23:05:15
2008-01-04,GETI-B.ST,112.53162384033205,113.8752899169922,110.85205078125,111.1879653930664,764488,78.46069763426556,0.0,1.0,yahoo,2024-06-23 23:05:15
2008-01-07,GETI-B.ST,112.53162384033205,116.56261444091795,111.5238800048828,114.547119140625,1241778,80.83111196429196,0.0,1.0,yahoo,2024-06-23 23:05:15
2008-01-08,GETI-B.ST,114.8830337524414,115.89077758789062,112.19570922851562,112.53162384033205,894823,79.40886121277826,0.0,1.0,yahoo,2024-06-23 23:05:15
2008-01-09,GETI-B.ST,111.5238800048828,112.86754608154295,109.84430694580078,111.85979461669922,977049,78.9347794235219,0.0,1.0,yahoo,2024-06-23 23:05:15
2008-01-10,GETI-B.ST,112.19570922851562,113.53937530517578,110.5161361694336,112.53162384033205,1052600,79.40886121277826,0.0,1.0,yahoo,2024-06-23 23:05:15
2008-01-11,GETI-B.ST,112.19570922851562,115.89077758789062,111.5238800048828,115.2189483642578,2129904,81.3051937535483,0.0,1.0,yahoo,2024-06-23 23:05:15
2008-01-14,GETI-B.ST,113.53937530517578,116.22669219970705,112.86754608154295,115.2189483642578,596602,81.3051937535483,0.0,1.0,yahoo,2024-06-23 23:05:15
2008-01-15,GETI-B.ST,114.2112045288086,116.22669219970705,108.50064086914062,108.83655548095705,1088012,76.80140598812368,0.0,1.0,yahoo,2024-06-23 23:05:15
2008-01-16,GETI-B.ST,106.14923858642578,110.1802215576172,103.1259994506836,106.8210678100586,2255781,75.37916062035464,0.0,1.0,yahoo,2024-06-23 23:05:15
2008-01-17,GETI-B.ST,107.156982421875,110.1802215576172,107.156982421875,108.50064086914062,1671113,76.5643650934955,0.0,1.0,yahoo,2024-06-23 23:05:15
2008-01-18,GETI-B.ST,107.156982421875,109.84430694580078,106.14923858642578,107.8288116455078,908772,76.09028330423914,0.0,1.0,yahoo,2024-06-23 23:05:15
2008-01-21,GETI-B.ST,106.4851531982422,107.156982421875,103.4619140625,104.46965789794922,1482646,73.71986897421274,0.0,1.0,yahoo,2024-06-23 23:05:15
2008-01-22,GETI-B.ST,99.766845703125,109.50839233398438,99.4309310913086,107.4928970336914,1694901,75.85324240961098,0.0,1.0,yahoo,2024-06-23 23:05:15
2008-01-23,GETI-B.ST,109.84430694580078,110.85205078125,104.80557250976562,108.83655548095705,2033091,76.80140598812368,0.0,1.0,yahoo,2024-06-23 23:05:15
2008-01-24,GETI-B.ST,110.5161361694336,113.53937530517578,110.1802215576172,112.53162384033205,1212491,79.40886121277826,0.0,1.0,yahoo,2024-06-23 23:05:15
2008-01-25,GETI-B.ST,113.53937530517578,114.8830337524414,111.85979461669922,113.20346069335938,1443493,79.88294838577927,0.0,1.0,yahoo,2024-06-23 23:05:15
2008-01-28,GETI-B.ST,112.86754608154295,113.53937530517578,108.16472625732422,111.5238800048828,1690128,78.69773852889372,0.0,1.0,yahoo,2024-06-23 23:05:15
2008-01-29,GETI-B.ST,111.85979461669922,111.85979461669922,103.7978286743164,105.81332397460938,3249643,74.66803793647011,0.0,1.0,yahoo,2024-06-23 23:05:15
2008-01-30,GETI-B.ST,105.81332397460938,106.14923858642578,102.11825561523438,102.7900848388672,2158954,72.53466450107189,0.0,1.0,yahoo,2024-06-23 23:05:15
2008-01-31,GETI-B.ST,102.7900848388672,103.4619140625,97.9193115234375,99.59888458251952,2777784,70.28276792648721,0.0,1.0,yahoo,2024-06-23 23:05:15
2008-02-01,GETI-B.ST,100.4386749267578,103.1259994506836,98.75910186767578,100.77458953857422,2365871,71.11241374955817,0.0,1.0,yahoo,2024-06-23 23:05:15
2008-02-04,GETI-B.ST,102.11825561523438,103.1259994506836,100.60663604736328,101.11050415039062,836329,71.34945464418634,0.0,1.0,yahoo,2024-06-23 23:05:15
2008-02-05,GETI-B.ST,101.11050415039062,101.44641876220705,98.75910186767578,99.26296997070312,1013512,70.04572703185904,0.0,1.0,yahoo,2024-06-23 23:05:15
2008-02-06,GETI-B.ST,98.08727264404295,100.4386749267578,98.08727264404295,99.766845703125,814799,70.40129106567365,0.0,1.0,yahoo,2024-06-23 23:05:15
2008-02-07,GETI-B.ST,99.0950164794922,99.4309310913086,96.4076919555664,97.75135040283205,1022315,68.97904031415995,0.0,1.0,yahoo,2024-06-23 23:05:15
2008-02-08,GETI-B.ST,98.59114074707033,98.75910186767578,95.23198699951172,96.91156768798828,1134458,68.38644076946184,0.0,1.0,yahoo,2024-06-23 23:05:15
2008-02-11,GETI-B.ST,97.07952117919922,97.75135040283205,95.90381622314452,97.24748229980467,1174467,68.62348166409001,0.0,1.0,yahoo,2024-06-23 23:05:15
2008-02-12,GETI-B.ST,98.59114074707033,100.27072143554688,96.91156768798828,100.1027603149414,1514607,70.63833196030183,0.0,1.0,yahoo,2024-06-23 23:05:15
2008-02-13,GETI-B.ST,99.93479919433594,102.11825561523438,99.0950164794922,100.27072143554688,1205452,70.75685509948825,0.0,1.0,yahoo,2024-06-23 23:05:15
2008-02-14,GETI-B.ST,102.11825561523438,103.7978286743164,101.11050415039062,102.11825561523438,1386795,72.06058271181554,0.0,1.0,yahoo,2024-06-23 23:05:15
2008-02-15,GETI-B.ST,102.11825561523438,102.45417022705078,99.59888458251952,101.11050415039062,1035240,71.34945464418634,0.0,1.0,yahoo,2024-06-23 23:05:15
2008-02-18,GETI-B.ST,102.11825561523438,103.1259994506836,101.44641876220705,102.7900848388672,403454,72.53466450107189,0.0,1.0,yahoo,2024-06-23 23:05:15
2008-02-19,GETI-B.ST,103.1259994506836,105.14149475097656,101.78233337402344,104.46965789794922,905217,73.71986897421274,0.0,1.0,yahoo,2024-06-23 23:05:15
2008-02-20,GETI-B.ST,103.7978286743164,105.14149475097656,102.45417022705078,102.7900848388672,921701,72.53466450107189,0.0,1.0,yahoo,2024-06-23 23:05:15
2008-02-21,GETI-B.ST,103.7978286743164,107.4928970336914,102.7900848388672,106.8210678100586,905900,75.37916062035464,0.0,1.0,yahoo,2024-06-23 23:05:15
2008-02-22,GETI-B.ST,106.14923858642578,108.50064086914062,104.46965789794922,106.8210678100586,1156087,75.37916062035464,0.0,1.0,yahoo,2024-06-23 23:05:15
2008-02-25,GETI-B.ST,107.156982421875,108.83655548095705,106.14923858642578,107.156982421875,994531,75.6162015149828,0.0,1.0,yahoo,2024-06-23 23:05:15
2008-02-26,GETI-B.ST,108.74108123779295,110.44548797607422,107.03667449951172,108.74108123779295,828897,76.73403380716618,0.0,1.0,yahoo,2024-06-23 23:05:15
2008-02-27,GETI-B.ST,108.74108123779295,109.08196258544922,106.0140380859375,109.08196258544922,703864,76.9745795195827,0.0,1.0,yahoo,2024-06-23 23:05:15
2008-02-28,GETI-B.ST,109.08196258544922,109.08196258544922,106.0140380859375,107.03667449951172,585265,75.53130524508362,0.0,1.0,yahoo,2024-06-23 23:05:15
2008-02-29,GETI-B.ST,106.69580078125,108.40019989013672,106.35491943359376,107.71843719482422,788208,76.01239666991664,0.0,1.0,yahoo,2024-06-23 23:05:15
2008-03-03,GETI-B.ST,106.35491943359376,107.37755584716795,102.605224609375,104.6505126953125,1572612,73.84749064191269,0.0,1.0,yahoo,2024-06-23 23:05:15
2008-03-04,GETI-B.ST,104.6505126953125,106.69580078125,104.30963134765624,106.0140380859375,1143746,74.80967349157875,0.0,1.0,yahoo,2024-06-23 23:05:15
2008-03-05,GETI-B.ST,107.71843719482422,111.46813201904295,106.35491943359376,110.44548797607422,1768299,77.93676236924877,0.0,1.0,yahoo,2024-06-23 23:05:15
2008-03-06,GETI-B.ST,111.12725067138672,111.12725067138672,107.37755584716795,108.05931854248048,1211665,76.25294238233317,0.0,1.0,yahoo,2024-06-23 23:05:15
2008-03-07,GETI-B.ST,107.03667449951172,110.78636932373048,106.69580078125,110.78636932373048,1328473,78.17730808166529,0.0,1.0,yahoo,2024-06-23 23:05:15
2008-03-10,GETI-B.ST,110.10460662841795,110.78636932373048,106.69580078125,109.08196258544922,1112755,76.9745795195827,0.0,1.0,yahoo,2024-06-23 23:05:15
2008-03-11,GETI-B.ST,109.08196258544922,109.08196258544922,105.67315673828124,106.69580078125,1441882,75.29076491641177,0.0,1.0,yahoo,2024-06-23 23:05:15
2008-03-12,GETI-B.ST,107.37755584716795,109.42284393310548,105.67315673828124,107.37755584716795,1109286,75.77185095750012,0.0,1.0,yahoo,2024-06-23 23:05:15
2008-03-13,GETI-B.ST,105.67315673828124,107.03667449951172,103.62786865234376,104.6505126953125,1380909,73.84749064191269,0.0,1.0,yahoo,2024-06-23 23:05:15
2008-03-14,GETI-B.ST,104.99139404296876,106.0140380859375,102.605224609375,103.2869873046875,1080507,72.88530779224664,0.0,1.0,yahoo,2024-06-23 23:05:15
2008-03-17,GETI-B.ST,100.21905517578124,104.30963134765624,99.878173828125,101.75302124023438,1028980,71.80285208637231,0.0,1.0,yahoo,2024-06-23 23:05:15
2008-03-18,GETI-B.ST,103.62786865234376,103.96875,101.9234619140625,103.2869873046875,608275,72.88530779224664,0.0,1.0,yahoo,2024-06-23 23:05:15
2008-03-19,GETI-B.ST,104.99139404296876,104.99139404296876,100.04861450195312,100.21905517578124,1241470,70.72039638049799,0.0,1.0,yahoo,2024-06-23 23:05:15
2008-03-20,GETI-B.ST,99.878173828125,103.2869873046875,98.68508911132812,102.94610595703124,1314358,72.6447620798301,0.0,1.0,yahoo,2024-06-23 23:05:15
2008-03-25,GETI-B.ST,103.96875,103.96875,101.07125854492188,101.9234619140625,940206,71.92312494258057,0.0,1.0,yahoo,2024-06-23 23:05:15
2008-03-26,GETI-B.ST,101.75302124023438,102.94610595703124,101.41213989257812,102.605224609375,632353,72.4042163674136,0.0,1.0,yahoo,2024-06-23 23:05:15
2008-03-27,GETI-B.ST,104.30963134765624,105.67315673828124,102.26434326171876,104.6505126953125,1130050,73.84749064191269,0.0,1.0,yahoo,2024-06-23 23:05:15
2008-03-28,GETI-B.ST,105.67315673828124,105.67315673828124,103.2869873046875,103.96875,545627,73.36639921707966,0.0,1.0,yahoo,2024-06-23 23:05:15
2008-03-31,GETI-B.ST,104.30963134765624,106.35491943359376,103.2869873046875,104.99139404296876,1367946,74.08803635432922,0.0,1.0,yahoo,2024-06-23 23:05:15
2008-04-01,GETI-B.ST,104.99139404296876,110.44548797607422,104.99139404296876,110.44548797607422,1505392,77.93676236924877,0.0,1.0,yahoo,2024-06-23 23:05:15
2008-04-02,GETI-B.ST,111.12725067138672,111.12725067138672,107.71843719482422,109.42284393310548,1021068,77.21512523199922,0.0,1.0,yahoo,2024-06-23 23:05:15
2008-04-03,GETI-B.ST,110.10460662841795,110.10460662841795,106.69580078125,107.37755584716795,882656,75.77185095750012,0.0,1.0,yahoo,2024-06-23 23:05:15
2008-04-04,GETI-B.ST,107.37755584716795,108.74108123779295,105.332275390625,105.67315673828124,1141072,74.56912777916223,0.0,1.0,yahoo,2024-06-23 23:05:15
2008-04-07,GETI-B.ST,110.10460662841795,110.10460662841795,103.96875,107.37755584716795,2504723,75.77185095750012,0.0,1.0,yahoo,2024-06-23 23:05:15
2008-04-08,GETI-B.ST,105.67315673828124,106.0140380859375,104.30963134765624,104.99139404296876,654348,74.08803635432922,0.0,1.0,yahoo,2024-06-23 23:05:15
2008-04-09,GETI-B.ST,103.96875,105.332275390625,102.94610595703124,103.96875,914893,73.36639921707966,0.0,1.0,yahoo,2024-06-23 23:05:15
2008-04-10,GETI-B.ST,104.6505126953125,104.6505126953125,99.36685180664062,100.90081787109376,2596671,71.20148780533103,0.0,1.0,yahoo,2024-06-23 23:05:15
2008-04-11,GETI-B.ST,101.07125854492188,102.26434326171876,97.49200439453124,98.17376708984376,1554203,69.27712210599891,0.0,1.0,yahoo,2024-06-23 23:05:15
2008-04-14,GETI-B.ST,97.151123046875,99.70773315429688,96.63980102539062,99.70773315429688,1339648,70.35957781187322,0.0,1.0,yahoo,2024-06-23 23:05:15
2008-04-15,GETI-B.ST,100.73037719726562,101.75302124023438,98.34420776367188,100.90081787109376,1497834,71.20148780533103,0.0,1.0,yahoo,2024-06-23 23:05:15
2008-04-16,GETI-B.ST,100.90081787109376,101.58258056640624,97.151123046875,97.8328857421875,1227845,69.0365763935824,0.0,1.0,yahoo,2024-06-23 23:05:15
2008-04-17,GETI-B.ST,98.00332641601562,103.62786865234376,96.98068237304688,101.9234619140625,3697373,71.92312494258057,0.0,1.0,yahoo,2024-06-23 23:05:15
2008-04-18,GETI-B.ST,101.9234619140625,104.6505126953125,101.41213989257812,103.2869873046875,1491543,74.5081164998648,2.219923,1.0,yahoo,2024-06-23 23:05:15
2008-04-21,GETI-B.ST,102.605224609375,103.96875,101.24169921875,101.75302124023438,742176,73.40155966032839,0.0,1.0,yahoo,2024-06-23 23:05:15
2008-04-22,GETI-B.ST,101.24169921875,104.30963134765624,101.24169921875,103.96875,640567,74.99991953965876,0.0,1.0,yahoo,2024-06-23 23:05:15
2008-04-23,GETI-B.ST,103.96875,104.99139404296876,103.62786865234376,104.6505126953125,791554,75.49172257945271,0.0,1.0,yahoo,2024-06-23 23:05:15
2008-04-24,GETI-B.ST,104.6505126953125,105.332275390625,103.2869873046875,103.96875,665057,74.99991953965876,0.0,1.0,yahoo,2024-06-23 23:05:15
2008-04-25,GETI-B.ST,104.99139404296876,105.332275390625,103.96875,104.6505126953125,498886,75.49172257945271,0.0,1.0,yahoo,2024-06-23 23:05:15
2008-04-28,GETI-B.ST,104.6505126953125,107.03667449951172,104.6505126953125,105.67315673828124,1075820,76.22942713914365,0.0,1.0,yahoo,2024-06-23 23:05:15
2008-04-29,GETI-B.ST,106.35491943359376,106.35491943359376,102.26434326171876,102.94610595703124,1210649,74.26221497996781,0.0,1.0,yahoo,2024-06-23 23:05:15
2008-04-30,GETI-B.ST,103.2869873046875,104.30963134765624,102.26434326171876,104.30963134765624,529263,75.24582105955572,0.0,1.0,yahoo,2024-06-23 23:05:15
2008-05-02,GETI-B.ST,104.6505126953125,106.35491943359376,103.96875,106.35491943359376,535330,76.72123017893763,0.0,1.0,yahoo,2024-06-23 23:05:15
2008-05-05,GETI-B.ST,106.0140380859375,106.69580078125,104.99139404296876,106.0140380859375,232064,76.47532865904064,0.0,1.0,yahoo,2024-06-23 23:05:15
2008-05-06,GETI-B.ST,104.30963134765624,107.71843719482422,104.30963134765624,107.71843719482422,427759,77.7048307549105,0.0,1.0,yahoo,2024-06-23 23:05:15
2008-05-07,GETI-B.ST,107.37755584716795,108.74108123779295,107.03667449951172,108.40019989013672,468766,78.19663379470447,0.0,1.0,yahoo,2024-06-23 23:05:15
2008-05-08,GETI-B.ST,107.37755584716795,109.08196258544922,107.03667449951172,109.08196258544922,462728,78.68843683449843,0.0,1.0,yahoo,2024-06-23 23:05:15
2008-05-09,GETI-B.ST,108.74108123779295,108.74108123779295,107.37755584716795,108.40019989013672,480522,78.19663379470447,0.0,1.0,yahoo,2024-06-23 23:05:15
2008-05-12,GETI-B.ST,108.40019989013672,110.44548797607422,107.37755584716795,110.10460662841795,477109,79.42614139418936,0.0,1.0,yahoo,2024-06-23 23:05:15
2008-05-13,GETI-B.ST,109.76372528076172,110.44548797607422,109.08196258544922,109.76372528076172,590035,79.18023987429238,0.0,1.0,yahoo,2024-06-23 23:05:15
2008-05-14,GETI-B.ST,108.74108123779295,111.12725067138672,108.40019989013672,110.44548797607422,533166,79.67204291408635,0.0,1.0,yahoo,2024-06-23 23:05:15
2008-05-15,GETI-B.ST,110.44548797607422,111.80901336669922,109.76372528076172,110.44548797607422,361225,79.67204291408635,0.0,1.0,yahoo,2024-06-23 23:05:15
2008-05-16,GETI-B.ST,110.44548797607422,112.49077606201172,110.44548797607422,111.12725067138672,366552,80.16384595388031,0.0,1.0,yahoo,2024-06-23 23:05:15
2008-05-19,GETI-B.ST,111.46813201904295,112.83165740966795,111.46813201904295,112.49077606201172,472127,81.14745203346823,0.0,1.0,yahoo,2024-06-23 23:05:15
2008-05-20,GETI-B.ST,112.49077606201172,112.49077606201172,109.76372528076172,109.76372528076172,408745,79.18023987429238,0.0,1.0,yahoo,2024-06-23 23:05:15
2008-05-21,GETI-B.ST,108.74108123779295,110.10460662841795,106.35491943359376,109.42284393310548,806963,78.93433835439542,0.0,1.0,yahoo,2024-06-23 23:05:15
2008-05-22,GETI-B.ST,108.74108123779295,111.46813201904295,108.74108123779295,109.76372528076172,437894,79.18023987429238,0.0,1.0,yahoo,2024-06-23 23:05:15
2008-05-23,GETI-B.ST,110.44548797607422,110.78636932373048,109.08196258544922,109.42284393310548,759874,78.93433835439542,0.0,1.0,yahoo,2024-06-23 23:05:15
2008-05-26,GETI-B.ST,109.42284393310548,112.14989471435548,109.42284393310548,111.80901336669922,386045,80.65564899367428,0.0,1.0,yahoo,2024-06-23 23:05:15
2008-05-27,GETI-B.ST,111.80901336669922,111.80901336669922,109.76372528076172,110.78636932373048,429551,79.91794443398334,0.0,1.0,yahoo,2024-06-23 23:05:15
2008-05-28,GETI-B.ST,110.78636932373048,111.80901336669922,108.40019989013672,109.08196258544922,668705,78.68843683449843,0.0,1.0,yahoo,2024-06-23 23:05:15
2008-05-29,GETI-B.ST,110.10460662841795,111.46813201904295,108.74108123779295,110.78636932373048,563692,79.91794443398334,0.0,1.0,yahoo,2024-06-23 23:05:15
2008-05-30,GETI-B.ST,110.78636932373048,111.46813201904295,109.42284393310548,111.12725067138672,569114,80.16384595388031,0.0,1.0,yahoo,2024-06-23 23:05:15
2008-06-02,GETI-B.ST,110.44548797607422,111.46813201904295,109.42284393310548,110.44548797607422,415240,79.67204291408635,0.0,1.0,yahoo,2024-06-23 23:05:15
2008-06-03,GETI-B.ST,110.78636932373048,112.14989471435548,110.44548797607422,111.80901336669922,541734,80.65564899367428,0.0,1.0,yahoo,2024-06-23 23:05:15
2008-06-04,GETI-B.ST,110.78636932373048,111.12725067138672,108.05931854248048,108.40019989013672,728817,78.19663379470447,0.0,1.0,yahoo,2024-06-23 23:05:15
2008-06-05,GETI-B.ST,108.74108123779295,110.10460662841795,107.71843719482422,108.40019989013672,533436,78.19663379470447,0.0,1.0,yahoo,2024-06-23 23:05:15
2008-06-09,GETI-B.ST,107.37755584716795,107.37755584716795,103.96875,105.332275390625,808572,75.98352561924668,0.0,1.0,yahoo,2024-06-23 23:05:15
2008-06-10,GETI-B.ST,104.6505126953125,105.332275390625,103.62786865234376,103.96875,400878,74.99991953965876,0.0,1.0,yahoo,2024-06-23 23:05:15
2008-06-11,GETI-B.ST,103.96875,106.35491943359376,103.96875,105.332275390625,855497,75.98352561924668,0.0,1.0,yahoo,2024-06-23 23:05:15
2008-06-12,GETI-B.ST,105.67315673828124,107.37755584716795,104.6505126953125,106.69580078125,455026,76.9671316988346,0.0,1.0,yahoo,2024-06-23 23:05:15
2008-06-13,GETI-B.ST,107.03667449951172,107.03667449951172,104.6505126953125,105.67315673828124,367937,76.22942713914365,0.0,1.0,yahoo,2024-06-23 23:05:15
2008-06-16,GETI-B.ST,106.35491943359376,108.40019989013672,106.0140380859375,107.71843719482422,545627,77.7048307549105,0.0,1.0,yahoo,2024-06-23 23:05:15
2008-06-17,GETI-B.ST,108.40019989013672,110.10460662841795,108.40019989013672,109.08196258544922,609256,78.68843683449843,0.0,1.0,yahoo,2024-06-23 23:05:15
2008-06-18,GETI-B.ST,109.42284393310548,111.46813201904295,108.05931854248048,108.40019989013672,906779,78.19663379470447,0.0,1.0,yahoo,2024-06-23 23:05:15
2008-06-19,GETI-B.ST,108.74108123779295,111.12725067138672,106.0140380859375,109.76372528076172,1746225,79.18023987429238,0.0,1.0,yahoo,2024-06-23 23:05:15
2008-06-23,GETI-B.ST,109.08196258544922,109.76372528076172,106.69580078125,107.71843719482422,2246312,77.7048307549105,0.0,1.0,yahoo,2024-06-23 23:05:15
2008-06-24,GETI-B.ST,107.37755584716795,108.05931854248048,102.94610595703124,103.62786865234376,1121921,74.75401801976179,0.0,1.0,yahoo,2024-06-23 23:05:15
2008-06-25,GETI-B.ST,104.6505126953125,104.99139404296876,102.605224609375,104.99139404296876,702812,75.7376240993497,0.0,1.0,yahoo,2024-06-23 23:05:15
2008-06-26,GETI-B.ST,104.6505126953125,104.6505126953125,100.04861450195312,100.21905517578124,828838,72.29500282079196,0.0,1.0,yahoo,2024-06-23 23:05:15
2008-06-27,GETI-B.ST,99.70773315429688,103.62786865234376,98.17376708984376,102.94610595703124,1072881,74.26221497996781,0.0,1.0,yahoo,2024-06-23 23:05:15
2008-06-30,GETI-B.ST,102.26434326171876,102.605224609375,98.85552978515624,100.5599365234375,956101,72.54090434068895,0.0,1.0,yahoo,2024-06-23 23:05:15
2008-07-01,GETI-B.ST,100.21905517578124,100.21905517578124,95.78759765625,96.4693603515625,1709871,69.59008610192518,0.0,1.0,yahoo,2024-06-23 23:05:15
2008-07-02,GETI-B.ST,96.98068237304688,98.34420776367188,96.29891967773438,96.4693603515625,1402139,69.59008610192518,0.0,1.0,yahoo,2024-06-23 23:05:15
2008-07-03,GETI-B.ST,95.95803833007812,95.95803833007812,93.74231719970705,93.91275024414062,1818459,67.74582470269783,0.0,1.0,yahoo,2024-06-23 23:05:15
2008-07-04,GETI-B.ST,94.59452056884766,98.17376708984376,94.424072265625,97.66244506835938,2370610,70.45074142156462,0.0,1.0,yahoo,2024-06-23 23:05:15
2008-07-07,GETI-B.ST,97.66244506835938,100.90081787109376,96.98068237304688,99.70773315429688,659823,71.9261505409465,0.0,1.0,yahoo,2024-06-23 23:05:15
2008-07-08,GETI-B.ST,98.34420776367188,98.34420776367188,93.91275024414062,94.25363159179688,2039812,67.9917262225948,0.0,1.0,yahoo,2024-06-23 23:05:15
2008-07-09,GETI-B.ST,95.61715698242188,95.61715698242188,92.8901138305664,94.76495361328124,1654573,68.36057850244028,0.0,1.0,yahoo,2024-06-23 23:05:15
2008-07-10,GETI-B.ST,93.5718765258789,95.95803833007812,92.8901138305664,94.08319854736328,1430234,67.86878096626135,0.0,1.0,yahoo,2024-06-23 23:05:15
2008-07-11,GETI-B.ST,94.59452056884766,94.76495361328124,91.01526641845705,91.86746978759766,834631,66.27042108693098,0.0,1.0,yahoo,2024-06-23 23:05:15
2008-07-14,GETI-B.ST,91.86746978759766,91.86746978759766,88.1177749633789,89.99262237548828,1409130,64.9179627274976,0.0,1.0,yahoo,2024-06-23 23:05:15
2008-07-15,GETI-B.ST,89.4813003540039,90.67438507080078,88.45865631103516,90.33350372314452,2028604,65.16386424739456,0.0,1.0,yahoo,2024-06-23 23:05:15
2008-07-16,GETI-B.ST,91.18570709228516,92.71967315673828,88.62909698486328,91.86746978759766,1430134,66.27042108693098,0.0,1.0,yahoo,2024-06-23 23:05:15
2008-07-17,GETI-B.ST,92.03791046142578,93.5718765258789,90.8448257446289,91.86746978759766,1289462,66.27042108693098,0.0,1.0,yahoo,2024-06-23 23:05:15
2008-07-18,GETI-B.ST,91.01526641845705,94.424072265625,90.67438507080078,94.424072265625,870986,68.1146769825433,0.0,1.0,yahoo,2024-06-23 23:05:15
2008-07-21,GETI-B.ST,94.424072265625,95.1058349609375,93.40143585205078,94.424072265625,865009,68.1146769825433,0.0,1.0,yahoo,2024-06-23 23:05:15
2008-07-22,GETI-B.ST,94.08319854736328,94.08319854736328,91.69702911376952,92.2083511352539,1303643,66.51632260682797,0.0,1.0,yahoo,2024-06-23 23:05:15
2008-07-23,GETI-B.ST,92.71967315673828,95.95803833007812,92.37879180908205,95.44671630859376,864716,68.85238154223426,0.0,1.0,yahoo,2024-06-23 23:05:15
2008-07-24,GETI-B.ST,96.12847900390624,96.12847900390624,93.40143585205078,93.91275024414062,928889,67.74582470269783,0.0,1.0,yahoo,2024-06-23 23:05:15
2008-07-25,GETI-B.ST,93.91275024414062,95.61715698242188,93.40143585205078,95.27627563476562,744922,68.72943078228575,0.0,1.0,yahoo,2024-06-23 23:05:15
2008-07-28,GETI-B.ST,95.27627563476562,96.4693603515625,94.76495361328124,95.1058349609375,340010,68.60648002233727,0.0,1.0,yahoo,2024-06-23 23:05:15
2008-07-29,GETI-B.ST,93.5718765258789,95.1058349609375,92.03791046142578,94.59452056884766,592141,68.23763324610682,0.0,1.0,yahoo,2024-06-23 23:05:15
2008-07-30,GETI-B.ST,95.78759765625,97.32156372070312,94.76495361328124,96.81024169921876,1062540,69.83598762182217,0.0,1.0,yahoo,2024-06-23 23:05:15
2008-07-31,GETI-B.ST,97.32156372070312,97.49200439453124,95.61715698242188,96.12847900390624,1029977,69.34418458202819,0.0,1.0,yahoo,2024-06-23 23:05:15
2008-08-01,GETI-B.ST,96.29891967773438,96.98068237304688,94.59452056884766,96.29891967773438,761702,69.4671353419767,0.0,1.0,yahoo,2024-06-23 23:05:15
2008-08-04,GETI-B.ST,95.44671630859376,97.49200439453124,95.27627563476562,96.63980102539062,825067,69.71303686187368,0.0,1.0,yahoo,2024-06-23 23:05:15
2008-08-05,GETI-B.ST,96.63980102539062,99.36685180664062,96.4693603515625,98.17376708984376,871418,70.8195937014101,0.0,1.0,yahoo,2024-06-23 23:05:15
2008-08-06,GETI-B.ST,100.90081787109376,102.26434326171876,99.53729248046876,102.26434326171876,1124145,73.77041194017386,0.0,1.0,yahoo,2024-06-23 23:05:15
2008-08-07,GETI-B.ST,101.24169921875,102.09390258789062,100.21905517578124,100.21905517578124,792211,72.29500282079196,0.0,1.0,yahoo,2024-06-23 23:05:15
2008-08-08,GETI-B.ST,100.38949584960938,101.24169921875,97.66244506835938,99.70773315429688,501054,71.9261505409465,0.0,1.0,yahoo,2024-06-23 23:05:15
2008-08-11,GETI-B.ST,100.04861450195312,101.9234619140625,99.878173828125,100.90081787109376,484479,72.78680586058594,0.0,1.0,yahoo,2024-06-23 23:05:15
2008-08-12,GETI-B.ST,101.9234619140625,101.9234619140625,99.53729248046876,100.04861450195312,1232541,72.17205206084348,0.0,1.0,yahoo,2024-06-23 23:05:15
2008-08-13,GETI-B.ST,100.21905517578124,101.07125854492188,99.53729248046876,99.878173828125,627784,72.04910130089499,0.0,1.0,yahoo,2024-06-23 23:05:15
2008-08-14,GETI-B.ST,100.73037719726562,101.24169921875,97.66244506835938,98.85552978515624,1012523,71.31139674120404,0.0,1.0,yahoo,2024-06-23 23:05:15
2008-08-15,GETI-B.ST,98.68508911132812,98.85552978515624,97.151123046875,98.34420776367188,852203,70.94254446135858,0.0,1.0,yahoo,2024-06-23 23:05:15
2008-08-18,GETI-B.ST,98.85552978515624,98.85552978515624,97.8328857421875,98.5146484375,607296,71.06549522130707,0.0,1.0,yahoo,2024-06-23 23:05:15
2008-08-19,GETI-B.ST,98.34420776367188,98.34420776367188,96.63980102539062,97.151123046875,949625,70.08188914171915,0.0,1.0,yahoo,2024-06-23 23:05:15
2008-08-20,GETI-B.ST,97.151123046875,98.5146484375,97.151123046875,98.5146484375,521164,71.06549522130707,0.0,1.0,yahoo,2024-06-23 23:05:15
2008-08-21,GETI-B.ST,98.17376708984376,98.85552978515624,97.32156372070312,97.8328857421875,430321,70.57369218151311,0.0,1.0,yahoo,2024-06-23 23:05:15
2008-08-22,GETI-B.ST,98.00332641601562,100.5599365234375,97.49200439453124,100.5599365234375,1116481,72.54090434068895,0.0,1.0,yahoo,2024-06-23 23:05:15
2008-08-25,GETI-B.ST,100.5599365234375,100.73037719726562,98.68508911132812,98.85552978515624,289518,71.31139674120404,0.0,1.0,yahoo,2024-06-23 23:05:15
2008-08-26,GETI-B.ST,98.5146484375,99.36685180664062,96.98068237304688,98.5146484375,871510,71.06549522130707,0.0,1.0,yahoo,2024-06-23 23:05:15
2008-08-27,GETI-B.ST,98.00332641601562,99.70773315429688,97.32156372070312,99.70773315429688,739102,71.9261505409465,0.0,1.0,yahoo,2024-06-23 23:05:15
2008-08-28,GETI-B.ST,99.53729248046876,102.09390258789062,99.1964111328125,102.09390258789062,7627,73.64746118022536,0.0,1.0,yahoo,2024-06-23 23:05:15
2008-08-29,GETI-B.ST,101.41213989257812,102.605224609375,100.21905517578124,100.5599365234375,1849336,72.54090434068895,0.0,1.0,yahoo,2024-06-23 23:05:15
2008-09-01,GETI-B.ST,100.5599365234375,102.605224609375,99.70773315429688,102.605224609375,690266,74.01631346007083,0.0,1.0,yahoo,2024-06-23 23:05:15
2008-09-02,GETI-B.ST,102.26434326171876,104.30963134765624,101.24169921875,104.30963134765624,634908,75.24582105955572,0.0,1.0,yahoo,2024-06-23 23:05:15
2008-09-03,GETI-B.ST,106.0140380859375,109.42284393310548,104.6505126953125,106.0140380859375,1803826,76.47532865904064,0.0,1.0,yahoo,2024-06-23 23:05:15
2008-09-04,GETI-B.ST,105.332275390625,106.35491943359376,102.605224609375,102.94610595703124,862670,74.26221497996781,0.0,1.0,yahoo,2024-06-23 23:05:15
2008-09-05,GETI-B.ST,101.9234619140625,105.332275390625,101.75302124023438,103.2869873046875,1252251,74.5081164998648,0.0,1.0,yahoo,2024-06-23 23:05:15
2008-09-08,GETI-B.ST,104.6505126953125,106.0140380859375,104.6505126953125,104.99139404296876,783771,75.7376240993497,0.0,1.0,yahoo,2024-06-23 23:05:15
2008-09-09,GETI-B.ST,103.62786865234376,105.67315673828124,102.94610595703124,103.62786865234376,961401,74.75401801976179,0.0,1.0,yahoo,2024-06-23 23:05:15
2008-09-10,GETI-B.ST,103.96875,105.67315673828124,102.94610595703124,104.99139404296876,810690,75.7376240993497,0.0,1.0,yahoo,2024-06-23 23:05:15
2008-09-11,GETI-B.ST,104.30963134765624,105.332275390625,102.26434326171876,103.96875,711704,74.99991953965876,0.0,1.0,yahoo,2024-06-23 23:05:15
2008-09-12,GETI-B.ST,104.99139404296876,105.67315673828124,103.62786865234376,105.67315673828124,661761,76.22942713914365,0.0,1.0,yahoo,2024-06-23 23:05:15
2008-09-15,GETI-B.ST,102.94610595703124,103.2869873046875,101.41213989257812,102.94610595703124,1006897,74.26221497996781,0.0,1.0,yahoo,2024-06-23 23:05:15
2008-09-16,GETI-B.ST,101.58258056640624,101.9234619140625,97.8328857421875,99.1964111328125,2117462,71.55729826110102,0.0,1.0,yahoo,2024-06-23 23:05:15
2008-09-17,GETI-B.ST,99.70773315429688,101.58258056640624,98.17376708984376,98.68508911132812,2063688,71.18844598125555,0.0,1.0,yahoo,2024-06-23 23:05:15
2008-09-18,GETI-B.ST,98.00332641601562,100.04861450195312,95.61715698242188,96.29891967773438,2149788,69.4671353419767,0.0,1.0,yahoo,2024-06-23 23:05:15
2008-09-19,GETI-B.ST,99.53729248046876,104.30963134765624,98.34420776367188,102.09390258789062,2036809,73.64746118022536,0.0,1.0,yahoo,2024-06-23 23:05:15
2008-09-22,GETI-B.ST,103.96875,104.30963134765624,101.07125854492188,102.26434326171876,1569893,73.77041194017386,0.0,1.0,yahoo,2024-06-23 23:05:15
2008-09-23,GETI-B.ST,101.9234619140625,102.26434326171876,99.53729248046876,101.24169921875,599197,73.03270738048292,0.0,1.0,yahoo,2024-06-23 23:05:15
2008-09-24,GETI-B.ST,102.26434326171876,102.26434326171876,98.5146484375,98.85552978515624,663900,71.31139674120404,0.0,1.0,yahoo,2024-06-23 23:05:15
2008-09-25,GETI-B.ST,99.36685180664062,100.5599365234375,99.02597045898438,100.04861450195312,801095,72.17205206084348,0.0,1.0,yahoo,2024-06-23 23:05:15
2008-09-26,GETI-B.ST,99.36685180664062,99.36685180664062,97.151123046875,97.32156372070312,724707,70.20483990166764,0.0,1.0,yahoo,2024-06-23 23:05:15
2008-09-29,GETI-B.ST,97.8328857421875,98.00332641601562,94.76495361328124,94.76495361328124,459589,68.36057850244028,0.0,1.0,yahoo,2024-06-23 23:05:15
2008-09-30,GETI-B.ST,92.71967315673828,98.85552978515624,92.71967315673828,96.12847900390624,1598765,69.34418458202819,0.0,1.0,yahoo,2024-06-23 23:05:15
2008-10-01,GETI-B.ST,97.8328857421875,97.8328857421875,96.29891967773438,96.4693603515625,1127101,69.59008610192518,0.0,1.0,yahoo,2024-06-23 23:05:15
2008-10-02,GETI-B.ST,99.1964111328125,99.1964111328125,92.03791046142578,92.8901138305664,1326283,67.00812564662192,0.0,1.0,yahoo,2024-06-23 23:05:15
2008-10-03,GETI-B.ST,93.5718765258789,93.5718765258789,91.18570709228516,92.71967315673828,2372785,66.88517488667344,0.0,1.0,yahoo,2024-06-23 23:05:15
2008-10-06,GETI-B.ST,91.35614776611328,91.35614776611328,84.36808013916016,85.04984283447266,1406953,61.35239068899138,0.0,1.0,yahoo,2024-06-23 23:05:15
2008-10-07,GETI-B.ST,86.0724868774414,86.92469024658203,80.27751159667969,81.64102935791016,3606220,58.89337549002157,0.0,1.0,yahoo,2024-06-23 23:05:15
2008-10-08,GETI-B.ST,77.89134216308594,81.12970733642578,74.99385070800781,80.27751159667969,1849280,57.90977491404868,0.0,1.0,yahoo,2024-06-23 23:05:15
2008-10-09,GETI-B.ST,81.81147766113281,81.9819107055664,76.69825744628906,76.69825744628906,1499996,55.327808955130386,0.0,1.0,yahoo,2024-06-23 23:05:15
2008-10-10,GETI-B.ST,73.63032531738281,75.50517272949219,71.24415588378906,73.80076599121094,2168082,53.237646036006055,0.0,1.0,yahoo,2024-06-23 23:05:15
2008-10-13,GETI-B.ST,78.40266418457031,79.08442687988281,74.82341003417969,76.86869812011719,1830881,55.45075971507888,0.0,1.0,yahoo,2024-06-23 23:05:15
2008-10-14,GETI-B.ST,81.47059631347656,81.47059631347656,77.38002014160156,80.61839294433594,2192249,58.155676433945665,0.0,1.0,yahoo,2024-06-23 23:05:15
2008-10-15,GETI-B.ST,82.32279205322266,82.32279205322266,74.82341003417969,76.52781677246094,2220251,55.2048581951819,0.0,1.0,yahoo,2024-06-23 23:05:15
2008-10-16,GETI-B.ST,73.28944396972656,80.10707092285156,69.53975677490234,75.67561340332031,3613365,54.59010439543945,0.0,1.0,yahoo,2024-06-23 23:05:15
2008-10-17,GETI-B.ST,77.72090148925781,78.40266418457031,72.77812194824219,74.99385070800781,2204608,54.09830135564549,0.0,1.0,yahoo,2024-06-23 23:05:15
2008-10-20,GETI-B.ST,76.35737609863281,76.69825744628906,74.48252868652344,76.01649475097656,1364550,54.83600591533643,0.0,1.0,yahoo,2024-06-23 23:05:15
2008-10-21,GETI-B.ST,77.38002014160156,78.40266418457031,76.18693542480469,76.52781677246094,1000241,55.2048581951819,0.0,1.0,yahoo,2024-06-23 23:05:15
2008-10-22,GETI-B.ST,77.03913879394531,77.38002014160156,72.60768127441406,73.11900329589844,925051,52.7458429962121,0.0,1.0,yahoo,2024-06-23 23:05:15
2008-10-23,GETI-B.ST,72.26679992675781,74.65296936035156,71.24415588378906,73.28944396972656,1902510,52.868793756160585,0.0,1.0,yahoo,2024-06-23 23:05:15
2008-10-24,GETI-B.ST,70.56239318847656,70.73283386230469,65.61962127685547,68.00579071044922,1793303,49.05732570137243,0.0,1.0,yahoo,2024-06-23 23:05:15
2008-10-27,GETI-B.ST,66.4718246459961,66.4718246459961,62.21080780029297,64.08565521240234,1262912,46.22945822255715,0.0,1.0,yahoo,2024-06-23 23:05:15
2008-10-28,GETI-B.ST,64.76741790771484,68.85798645019531,64.4265365600586,67.66490936279297,2322803,48.811424181475445,0.0,1.0,yahoo,2024-06-23 23:05:15
2008-10-29,GETI-B.ST,70.90327453613281,70.90327453613281,66.4718246459961,69.71018981933594,1310582,50.28682779724229,0.0,1.0,yahoo,2024-06-23 23:05:15
2008-10-30,GETI-B.ST,71.58503723144531,73.97120666503906,69.53975677490234,72.60768127441406,1235072,52.37699071636662,0.0,1.0,yahoo,2024-06-23 23:05:15
2008-10-31,GETI-B.ST,72.60768127441406,75.16429138183594,72.26679992675781,73.28944396972656,480004,52.868793756160585,0.0,1.0,yahoo,2024-06-23 23:05:15
2008-11-03,GETI-B.ST,75.50517272949219,76.35737609863281,73.97120666503906,76.18693542480469,727376,54.95895667528492,0.0,1.0,yahoo,2024-06-23 23:05:15
2008-11-04,GETI-B.ST,77.38002014160156,81.12970733642578,75.67561340332031,80.44795227050781,849363,58.03272567399718,0.0,1.0,yahoo,2024-06-23 23:05:15
2008-11-05,GETI-B.ST,81.81147766113281,83.00455474853516,77.38002014160156,78.57310485839844,1145994,56.680267314563785,0.0,1.0,yahoo,2024-06-23 23:05:15
2008-11-06,GETI-B.ST,76.69825744628906,77.72090148925781,73.97120666503906,74.31208801269531,1103899,53.606498315851525,0.0,1.0,yahoo,2024-06-23 23:05:15
2008-11-07,GETI-B.ST,73.97120666503906,74.99385070800781,72.09635925292969,73.28944396972656,1087801,52.868793756160585,0.0,1.0,yahoo,2024-06-23 23:05:15
2008-11-10,GETI-B.ST,74.48252868652344,75.84605407714844,74.48252868652344,75.33473205566406,677767,54.344202875542464,0.0,1.0,yahoo,2024-06-23 23:05:15
2008-11-11,GETI-B.ST,75.16429138183594,75.16429138183594,71.75547790527344,72.26679992675781,326475,52.131089196469645,0.0,1.0,yahoo,2024-06-23 23:05:15
2008-11-12,GETI-B.ST,73.45988464355469,74.65296936035156,72.26679992675781,73.28944396972656,550730,52.868793756160585,0.0,1.0,yahoo,2024-06-23 23:05:15
2008-11-13,GETI-B.ST,71.92591857910156,73.11900329589844,70.90327453613281,70.90327453613281,486857,51.14748311688172,0.0,1.0,yahoo,2024-06-23 23:05:15
2008-11-14,GETI-B.ST,72.77812194824219,73.97120666503906,71.75547790527344,73.28944396972656,669102,52.868793756160585,0.0,1.0,yahoo,2024-06-23 23:05:15
2008-11-17,GETI-B.ST,73.63032531738281,74.14164733886719,69.36930847167969,70.90327453613281,738769,51.14748311688172,0.0,1.0,yahoo,2024-06-23 23:05:15
2008-11-18,GETI-B.ST,70.56239318847656,71.24415588378906,68.17623138427734,70.22151184082031,558592,50.65568007708776,0.0,1.0,yahoo,2024-06-23 23:05:15
2008-11-19,GETI-B.ST,70.05107116699219,70.22151184082031,66.4718246459961,66.98314666748047,502471,48.31962114168148,0.0,1.0,yahoo,2024-06-23 23:05:15
2008-11-20,GETI-B.ST,66.13094329833984,67.32402801513672,63.40389251708984,64.76741790771484,880138,46.721261262351106,0.0,1.0,yahoo,2024-06-23 23:05:15
2008-11-21,GETI-B.ST,65.1082992553711,67.66490936279297,63.0630111694336,64.08565521240234,1094071,46.22945822255715,0.0,1.0,yahoo,2024-06-23 23:05:15
2008-11-24,GETI-B.ST,66.13094329833984,66.81270599365234,65.1082992553711,66.81270599365234,1394307,48.19667038173299,0.0,1.0,yahoo,2024-06-23 23:05:15
2008-11-25,GETI-B.ST,68.17623138427734,70.22151184082031,66.30138397216797,70.22151184082031,1670291,50.65568007708776,0.0,1.0,yahoo,2024-06-23 23:05:15
2008-11-26,GETI-B.ST,70.1867446899414,71.40284729003906,67.75453186035156,69.4918212890625,720068,50.1293033276252,0.0,1.0,yahoo,2024-06-23 23:05:15
2008-11-27,GETI-B.ST,69.83928680419922,70.88166046142578,65.843505859375,68.62317657470703,854252,49.502689237475906,0.0,1.0,yahoo,2024-06-23 23:05:15
2008-11-28,GETI-B.ST,68.27571868896484,68.44944763183594,66.19096374511719,67.23333740234375,833534,48.50010118962199,0.0,1.0,yahoo,2024-06-23 23:05:15
2008-12-01,GETI-B.ST,68.10198974609375,68.27571868896484,63.0638313293457,63.93247985839844,587031,46.11896214343961,0.0,1.0,yahoo,2024-06-23 23:05:15
2008-12-02,GETI-B.ST,62.54264068603516,66.53842163085938,61.50026321411133,66.53842163085938,945888,47.99880991750255,0.0,1.0,yahoo,2024-06-23 23:05:15
2008-12-03,GETI-B.ST,66.71215057373047,67.75453186035156,65.32231140136719,66.19096374511719,2034459,47.748164281442826,0.0,1.0,yahoo,2024-06-23 23:05:15
2008-12-04,GETI-B.ST,65.6697769165039,68.97063446044922,65.6697769165039,68.27571868896484,1855816,49.25204360141618,0.0,1.0,yahoo,2024-06-23 23:05:15
2008-12-05,GETI-B.ST,67.05960845947266,67.92826080322266,64.27993774414062,65.843505859375,1540945,47.4975186453831,0.0,1.0,yahoo,2024-06-23 23:05:15
2008-12-08,GETI-B.ST,68.44944763183594,71.05538940429688,66.71215057373047,70.88166046142578,1722897,51.13189137547912,0.0,1.0,yahoo,2024-06-23 23:05:15
2008-12-09,GETI-B.ST,70.1867446899414,74.7037124633789,69.3180923461914,73.66133117675781,2238418,53.13706196757192,0.0,1.0,yahoo,2024-06-23 23:05:15
2008-12-10,GETI-B.ST,73.48760223388672,74.87744140625,71.40284729003906,74.7037124633789,1146298,53.88900437936611,0.0,1.0,yahoo,2024-06-23 23:05:15
2008-12-11,GETI-B.ST,73.83506774902344,74.00879669189453,69.6655502319336,72.09777069091797,2036269,52.00915660530318,0.0,1.0,yahoo,2024-06-23 23:05:15
2008-12-12,GETI-B.ST,69.4918212890625,71.40284729003906,69.3180923461914,70.5342025756836,1764941,50.8812457394194,0.0,1.0,yahoo,2024-06-23 23:05:15
2008-12-15,GETI-B.ST,69.4918212890625,73.31387329101562,66.88587951660156,70.70793151855469,1792177,51.00656855744926,0.0,1.0,yahoo,2024-06-23 23:05:15
2008-12-16,GETI-B.ST,70.1867446899414,71.75031280517578,70.1867446899414,70.3604736328125,1074248,50.75592292138954,0.0,1.0,yahoo,2024-06-23 23:05:15
2008-12-17,GETI-B.ST,70.88166046142578,70.88166046142578,67.05960845947266,68.44944763183594,1487597,49.37736641944604,0.0,1.0,yahoo,2024-06-23 23:05:15
2008-12-18,GETI-B.ST,67.75453186035156,69.3180923461914,66.71215057373047,67.75453186035156,2351092,48.8760751473266,0.0,1.0,yahoo,2024-06-23 23:05:15
2008-12-19,GETI-B.ST,67.05960845947266,68.10198974609375,63.0638313293457,65.32231140136719,2635063,47.12154468767849,0.0,1.0,yahoo,2024-06-23 23:05:15
2008-12-22,GETI-B.ST,65.843505859375,65.843505859375,64.974853515625,65.32231140136719,1058923,47.12154468767849,0.0,1.0,yahoo,2024-06-23 23:05:15
2008-12-23,GETI-B.ST,65.1485824584961,66.0172348022461,64.974853515625,65.1485824584961,1793697,46.99622186964863,0.0,1.0,yahoo,2024-06-23 23:05:15
2008-12-29,GETI-B.ST,64.8011245727539,64.974853515625,63.0638313293457,64.27993774414062,1010104,46.369607779499326,0.0,1.0,yahoo,2024-06-23 23:05:15
2008-12-30,GETI-B.ST,64.10620880126953,65.1485824584961,63.58501815795898,64.974853515625,762753,46.87089905161877,0.0,1.0,yahoo,2024-06-23 23:05:15
2009-01-02,GETI-B.ST,65.49604797363281,68.27571868896484,65.49604797363281,68.27571868896484,647657,49.25204360141618,0.0,1.0,yahoo,2024-06-23 23:05:15
2009-01-05,GETI-B.ST,68.62317657470703,70.1867446899414,67.75453186035156,68.44944763183594,573060,49.37736641944604,0.0,1.0,yahoo,2024-06-23 23:05:15
2009-01-07,GETI-B.ST,69.83928680419922,71.22911834716797,68.79690551757812,70.01301574707031,730500,50.50527728532982,0.0,1.0,yahoo,2024-06-23 23:05:15
2009-01-08,GETI-B.ST,68.79690551757812,70.70793151855469,68.44944763183594,69.4918212890625,1751640,50.1293033276252,0.0,1.0,yahoo,2024-06-23 23:05:15
2009-01-09,GETI-B.ST,71.22911834716797,71.75031280517578,68.97063446044922,69.83928680419922,1442788,50.37995446729996,0.0,1.0,yahoo,2024-06-23 23:05:15
2009-01-12,GETI-B.ST,70.3604736328125,70.5342025756836,68.27571868896484,68.62317657470703,1278685,49.502689237475906,0.0,1.0,yahoo,2024-06-23 23:05:15
2009-01-13,GETI-B.ST,68.79690551757812,71.57657623291016,68.62317657470703,70.70793151855469,1250716,51.00656855744926,0.0,1.0,yahoo,2024-06-23 23:05:15
2009-01-14,GETI-B.ST,71.22911834716797,71.57657623291016,67.75453186035156,67.75453186035156,1359079,48.8760751473266,0.0,1.0,yahoo,2024-06-23 23:05:15
2009-01-15,GETI-B.ST,68.27571868896484,68.79690551757812,66.88587951660156,67.75453186035156,2474496,48.8760751473266,0.0,1.0,yahoo,2024-06-23 23:05:15
2009-01-16,GETI-B.ST,68.62317657470703,71.92404174804688,68.10198974609375,71.22911834716797,1799344,51.382537011538844,0.0,1.0,yahoo,2024-06-23 23:05:15
2009-01-19,GETI-B.ST,71.57657623291016,72.61895751953125,69.6655502319336,69.6655502319336,1357664,50.25462614565507,0.0,1.0,yahoo,2024-06-23 23:05:15
2009-01-20,GETI-B.ST,70.1867446899414,72.27149963378906,68.97063446044922,69.3180923461914,1417992,50.003980509595344,0.0,1.0,yahoo,2024-06-23 23:05:15
2009-01-21,GETI-B.ST,69.14436340332031,71.57657623291016,68.10198974609375,69.6655502319336,1345555,50.25462614565507,0.0,1.0,yahoo,2024-06-23 23:05:15
2009-01-22,GETI-B.ST,71.40284729003906,71.92404174804688,69.6655502319336,69.83928680419922,1122503,50.37995446729996,0.0,1.0,yahoo,2024-06-23 23:05:15
2009-01-23,GETI-B.ST,70.5342025756836,70.70793151855469,67.75453186035156,67.75453186035156,1353986,48.8760751473266,0.0,1.0,yahoo,2024-06-23 23:05:15
2009-01-26,GETI-B.ST,69.3180923461914,77.48338317871094,67.58080291748047,76.09355163574219,2757600,54.89159242722003,0.0,1.0,yahoo,2024-06-23 23:05:15
2009-01-27,GETI-B.ST,76.44100952148438,77.13592529296875,74.35625457763672,76.78846740722656,2039238,55.39288369933947,0.0,1.0,yahoo,2024-06-23 23:05:15
2009-01-28,GETI-B.ST,77.83084106445312,78.35203552246094,75.39862823486328,76.61473846435547,1436491,55.26756088130961,0.0,1.0,yahoo,2024-06-23 23:05:15
2009-01-29,GETI-B.ST,76.96219635009766,77.13592529296875,75.74608612060547,75.9198226928711,32234,54.766269609190175,0.0,1.0,yahoo,2024-06-23 23:05:15
2009-01-30,GETI-B.ST,76.26728057861328,79.91559600830078,75.39862823486328,77.65711212158203,1596112,56.019497789488774,0.0,1.0,yahoo,2024-06-23 23:05:15
2009-02-02,GETI-B.ST,78.52576446533203,78.52576446533203,75.57235717773438,76.44100952148438,736741,55.142238063279756,0.0,1.0,yahoo,2024-06-23 23:05:15
2009-02-03,GETI-B.ST,76.61473846435547,79.3944091796875,76.61473846435547,78.00457000732422,1672875,56.2701434255485,0.0,1.0,yahoo,2024-06-23 23:05:15
2009-02-04,GETI-B.ST,78.35203552246094,82.17407989501953,77.48338317871094,81.13170623779297,1827817,58.52596515731605,0.0,1.0,yahoo,2024-06-23 23:05:15
2009-02-05,GETI-B.ST,81.13170623779297,81.30543518066406,79.04695129394531,79.91559600830078,1154987,57.64869992749199,0.0,1.0,yahoo,2024-06-23 23:05:15
2009-02-06,GETI-B.ST,80.78424835205078,82.34780883789062,78.87322235107422,81.13170623779297,1975754,58.52596515731605,0.0,1.0,yahoo,2024-06-23 23:05:15
2009-02-09,GETI-B.ST,81.82662200927734,82.17407989501953,78.87322235107422,78.87322235107422,1277160,56.89676301931283,0.0,1.0,yahoo,2024-06-23 23:05:15
2009-02-10,GETI-B.ST,79.5681381225586,80.61051940917969,78.52576446533203,79.74186706542969,1105545,57.52337710946213,0.0,1.0,yahoo,2024-06-23 23:05:15
2009-02-11,GETI-B.ST,79.91559600830078,80.95797729492188,78.87322235107422,80.61051940917969,500549,58.14999670322647,0.0,1.0,yahoo,2024-06-23 23:05:15
2009-02-12,GETI-B.ST,81.13170623779297,81.13170623779297,76.96219635009766,77.83084106445312,2165397,56.14482060751863,0.0,1.0,yahoo,2024-06-23 23:05:15
2009-02-13,GETI-B.ST,78.35203552246094,78.52576446533203,76.61473846435547,77.65711212158203,904536,56.019497789488774,0.0,1.0,yahoo,2024-06-23 23:05:15
2009-02-16,GETI-B.ST,77.48338317871094,78.35203552246094,76.78846740722656,77.83084106445312,815811,56.14482060751863,0.0,1.0,yahoo,2024-06-23 23:05:15
2009-02-17,GETI-B.ST,77.83084106445312,77.83084106445312,74.00879669189453,74.87744140625,840838,54.01432719739598,0.0,1.0,yahoo,2024-06-23 23:05:15
2009-02-18,GETI-B.ST,74.52998352050781,75.74608612060547,73.66133117675781,75.74608612060547,734985,54.640941287545274,0.0,1.0,yahoo,2024-06-23 23:05:15
2009-02-19,GETI-B.ST,75.57235717773438,75.57235717773438,73.48760223388672,74.7037124633789,1065639,53.88900437936611,0.0,1.0,yahoo,2024-06-23 23:05:15
2009-02-20,GETI-B.ST,74.7037124633789,76.26728057861328,73.66133117675781,75.74608612060547,1080689,54.640941287545274,0.0,1.0,yahoo,2024-06-23 23:05:15
2009-02-23,GETI-B.ST,76.26728057861328,76.78846740722656,73.48760223388672,74.00879669189453,802700,53.387713107246675,0.0,1.0,yahoo,2024-06-23 23:05:15
2009-02-24,GETI-B.ST,73.66133117675781,75.22489929199219,73.14014434814453,74.35625457763672,1449918,53.6383587433064,0.0,1.0,yahoo,2024-06-23 23:05:15
2009-02-25,GETI-B.ST,75.22489929199219,75.74608612060547,71.75031280517578,73.14014434814453,1936306,52.76109351348234,0.0,1.0,yahoo,2024-06-23 23:05:15
2009-02-26,GETI-B.ST,73.14014434814453,74.00879669189453,71.57657623291016,73.66133117675781,772928,53.13706196757192,0.0,1.0,yahoo,2024-06-23 23:05:15
2009-02-27,GETI-B.ST,72.96641540527344,72.96641540527344,71.05538940429688,72.44522857666016,873216,52.2598022413629,0.0,1.0,yahoo,2024-06-23 23:05:15
2009-03-02,GETI-B.ST,71.75031280517578,71.75031280517578,69.3180923461914,69.4918212890625,980731,50.1293033276252,0.0,1.0,yahoo,2024-06-23 23:05:15
2009-03-03,GETI-B.ST,69.4918212890625,69.83928680419922,66.88587951660156,67.40706634521484,1831652,48.625424007651844,0.0,1.0,yahoo,2024-06-23 23:05:15
2009-03-04,GETI-B.ST,68.10198974609375,70.70793151855469,67.75453186035156,70.70793151855469,1652577,51.00656855744926,0.0,1.0,yahoo,2024-06-23 23:05:15
2009-03-05,GETI-B.ST,70.01301574707031,70.88166046142578,68.62317657470703,69.3180923461914,968345,50.003980509595344,0.0,1.0,yahoo,2024-06-23 23:05:15
2009-03-06,GETI-B.ST,68.27571868896484,69.3180923461914,67.58080291748047,68.44944763183594,1244913,49.37736641944604,0.0,1.0,yahoo,2024-06-23 23:05:15
2009-03-09,GETI-B.ST,68.79690551757812,68.97063446044922,64.974853515625,66.53842163085938,1500694,47.99880991750255,0.0,1.0,yahoo,2024-06-23 23:05:15
2009-03-10,GETI-B.ST,66.88587951660156,66.88587951660156,65.1485824584961,66.36469268798828,1574821,47.87348709947268,0.0,1.0,yahoo,2024-06-23 23:05:15
2009-03-11,GETI-B.ST,66.53842163085938,66.71215057373047,62.36891174316406,64.10620880126953,4104406,46.24428496146947,0.0,1.0,yahoo,2024-06-23 23:05:15
2009-03-12,GETI-B.ST,64.45366668701172,67.23333740234375,64.45366668701172,66.88587951660156,1617656,48.249455553562264,0.0,1.0,yahoo,2024-06-23 23:05:15
2009-03-13,GETI-B.ST,68.10198974609375,68.62317657470703,66.71215057373047,68.27571868896484,1056206,49.25204360141618,0.0,1.0,yahoo,2024-06-23 23:05:15
2009-03-16,GETI-B.ST,68.44944763183594,69.14436340332031,67.40706634521484,68.27571868896484,904571,49.25204360141618,0.0,1.0,yahoo,2024-06-23 23:05:15
2009-03-17,GETI-B.ST,67.58080291748047,69.14436340332031,67.05960845947266,67.05960845947266,610258,48.37477837159213,0.0,1.0,yahoo,2024-06-23 23:05:15
2009-03-18,GETI-B.ST,67.58080291748047,68.10198974609375,66.88587951660156,67.92826080322266,962162,49.00139796535646,0.0,1.0,yahoo,2024-06-23 23:05:15
2009-03-19,GETI-B.ST,68.27571868896484,68.27571868896484,66.19096374511719,66.71215057373047,972810,48.124132735532406,0.0,1.0,yahoo,2024-06-23 23:05:15
2009-03-20,GETI-B.ST,66.88587951660156,66.88587951660156,65.1485824584961,65.32231140136719,944080,47.12154468767849,0.0,1.0,yahoo,2024-06-23 23:05:15
2009-03-23,GETI-B.ST,66.71215057373047,66.71215057373047,63.58501815795898,65.32231140136719,1119430,47.12154468767849,0.0,1.0,yahoo,2024-06-23 23:05:15
2009-03-24,GETI-B.ST,57.504486083984375,57.85194396972656,53.33497619628906,55.246002197265625,12818631,39.85279922748646,0.0,1.0,yahoo,2024-06-23 23:05:15
2009-03-25,GETI-B.ST,55.59346008300781,57.504486083984375,55.246002197265625,55.59346008300781,3349035,40.10344486354618,0.0,1.0,yahoo,2024-06-23 23:05:15
2009-03-26,GETI-B.ST,56.46210861206055,57.15702438354492,54.551082611083984,56.98329544067383,52092,41.10603015959258,0.0,1.0,yahoo,2024-06-23 23:05:15
2009-03-27,GETI-B.ST,57.330753326416016,57.504486083984375,56.46210861206055,56.98329544067383,1506696,41.10603015959258,0.0,1.0,yahoo,2024-06-23 23:05:15
2009-03-30,GETI-B.ST,56.63583755493164,56.63583755493164,55.246002197265625,55.246002197265625,1494234,39.85279922748646,0.0,1.0,yahoo,2024-06-23 23:05:15
2009-03-31,GETI-B.ST,55.767189025878906,56.809566497802734,55.07226943969727,55.41973114013672,3437151,39.978122045516315,0.0,1.0,yahoo,2024-06-23 23:05:15
2009-04-01,GETI-B.ST,55.767189025878906,55.767189025878906,55.767189025878906,55.767189025878906,4378484,40.22876768157604,0.0,1.0,yahoo,2024-06-23 23:05:15
2009-04-02,GETI-B.ST,58.89432144165039,60.4578857421875,56.98329544067383,57.67821502685547,3161256,41.60732418351954,0.0,1.0,yahoo,2024-06-23 23:05:15
2009-04-03,GETI-B.ST,57.85194396972656,58.5468635559082,55.94091796875,56.46210861206055,2026222,40.730061705503,0.0,1.0,yahoo,2024-06-23 23:05:15
2009-04-06,GETI-B.ST,57.15702438354492,57.67821502685547,55.767189025878906,55.94091796875,1667919,40.354090499605896,0.0,1.0,yahoo,2024-06-23 23:05:15
2009-04-07,GETI-B.ST,56.28837966918945,56.28837966918945,54.37735366821289,54.72481155395508,3199279,39.47682802158936,0.0,1.0,yahoo,2024-06-23 23:05:15
2009-04-08,GETI-B.ST,54.2036247253418,56.809566497802734,53.68243408203125,56.63583755493164,1562298,40.855384523532855,0.0,1.0,yahoo,2024-06-23 23:05:15
2009-04-09,GETI-B.ST,57.15702438354492,57.330753326416016,56.46210861206055,57.330753326416016,421951,41.35667579565229,0.0,1.0,yahoo,2024-06-23 23:05:15
2009-04-14,GETI-B.ST,56.98329544067383,58.89432144165039,56.98329544067383,57.330753326416016,2230535,41.35667579565229,0.0,1.0,yahoo,2024-06-23 23:05:15
2009-04-15,GETI-B.ST,57.15702438354492,59.06805038452149,57.15702438354492,57.67821502685547,1447437,41.60732418351954,0.0,1.0,yahoo,2024-06-23 23:05:15
2009-04-16,GETI-B.ST,58.5468635559082,61.15280532836914,58.025672912597656,60.80534744262695,2260864,43.86314316347957,0.0,1.0,yahoo,2024-06-23 23:05:15
2009-04-17,GETI-B.ST,61.50026321411133,64.27993774414062,61.50026321411133,62.89010238647461,1970097,45.36702248345293,0.0,1.0,yahoo,2024-06-23 23:05:15
2009-04-20,GETI-B.ST,63.93247985839844,63.93247985839844,61.15280532836914,61.50026321411133,1092639,44.36443443559901,0.0,1.0,yahoo,2024-06-23 23:05:15
2009-04-21,GETI-B.ST,61.32653427124024,63.0638313293457,59.41550827026367,60.284156799316406,2678284,43.487171957582476,0.0,1.0,yahoo,2024-06-23 23:05:15
2009-04-22,GETI-B.ST,60.4578857421875,62.36891174316406,59.58924102783203,61.84772491455078,2121101,46.35501458543015,2.262761,1.0,yahoo,2024-06-23 23:05:15
2009-04-23,GETI-B.ST,61.84772491455078,63.58501815795898,60.63161849975586,62.89010238647461,2136209,47.13627894044581,0.0,1.0,yahoo,2024-06-23 23:05:15
2009-04-24,GETI-B.ST,63.2375602722168,63.41128921508789,62.02145385742188,63.2375602722168,1301138,47.396699439076194,0.0,1.0,yahoo,2024-06-23 23:05:15
2009-04-27,GETI-B.ST,63.58501815795898,63.93247985839844,61.84772491455078,62.89010238647461,1053309,47.13627894044581,0.0,1.0,yahoo,2024-06-23 23:05:15
2009-04-28,GETI-B.ST,63.0638313293457,63.58501815795898,61.50026321411133,63.41128921508789,929328,47.526909688391385,0.0,1.0,yahoo,2024-06-23 23:05:15
2009-04-29,GETI-B.ST,63.58501815795898,64.62739562988281,62.71637344360352,62.89010238647461,1679327,47.13627894044581,0.0,1.0,yahoo,2024-06-23 23:05:15
2009-04-30,GETI-B.ST,64.27993774414062,66.0172348022461,63.93247985839844,65.49604797363281,1251332,49.08944125754724,0.0,1.0,yahoo,2024-06-23 23:05:15
2009-05-04,GETI-B.ST,66.71215057373047,67.05960845947266,64.62739562988281,66.19096374511719,1169305,49.610282254808006,0.0,1.0,yahoo,2024-06-23 23:05:15
2009-05-05,GETI-B.ST,66.19096374511719,69.3180923461914,66.19096374511719,66.88587951660156,2915819,50.13112325206876,0.0,1.0,yahoo,2024-06-23 23:05:15
2009-05-06,GETI-B.ST,67.23333740234375,68.10198974609375,66.71215057373047,67.40706634521484,1178387,50.521754000014326,0.0,1.0,yahoo,2024-06-23 23:05:15
2009-05-07,GETI-B.ST,67.58080291748047,68.10198974609375,65.49604797363281,66.0172348022461,1630351,49.480072005492815,0.0,1.0,yahoo,2024-06-23 23:05:15
2009-05-08,GETI-B.ST,66.88587951660156,68.10198974609375,66.71215057373047,68.10198974609375,806987,51.042600715524145,0.0,1.0,yahoo,2024-06-23 23:05:15
2009-05-11,GETI-B.ST,68.79690551757812,68.97063446044922,65.843505859375,66.19096374511719,1056281,49.610282254808006,0.0,1.0,yahoo,2024-06-23 23:05:15
2009-05-12,GETI-B.ST,66.53842163085938,68.10198974609375,65.843505859375,67.58080291748047,1008948,50.65196996757858,0.0,1.0,yahoo,2024-06-23 23:05:15
2009-05-13,GETI-B.ST,68.44944763183594,68.79690551757812,65.49604797363281,66.0172348022461,2093001,49.480072005492815,0.0,1.0,yahoo,2024-06-23 23:05:15
2009-05-14,GETI-B.ST,66.0172348022461,67.23333740234375,65.32231140136719,67.05960845947266,878917,50.26133350138395,0.0,1.0,yahoo,2024-06-23 23:05:15
2009-05-15,GETI-B.ST,67.40706634521484,67.75453186035156,65.32231140136719,65.6697769165039,1215902,49.219651506862434,0.0,1.0,yahoo,2024-06-23 23:05:15
2009-05-18,GETI-B.ST,65.6697769165039,67.23333740234375,64.8011245727539,67.05960845947266,834942,50.26133350138395,0.0,1.0,yahoo,2024-06-23 23:05:15
2009-05-19,GETI-B.ST,67.40706634521484,68.97063446044922,66.53842163085938,67.05960845947266,1024658,50.26133350138395,0.0,1.0,yahoo,2024-06-23 23:05:15
2009-05-20,GETI-B.ST,67.40706634521484,69.14436340332031,67.05960845947266,69.14436340332031,702796,51.82386221141528,0.0,1.0,yahoo,2024-06-23 23:05:15
2009-05-22,GETI-B.ST,68.27571868896484,68.97063446044922,66.71215057373047,67.75453186035156,1176155,50.782180216893764,0.0,1.0,yahoo,2024-06-23 23:05:15
2009-05-25,GETI-B.ST,68.10198974609375,70.01301574707031,66.88587951660156,69.14436340332031,966057,51.82386221141528,0.0,1.0,yahoo,2024-06-23 23:05:15
2009-05-26,GETI-B.ST,68.79690551757812,70.01301574707031,66.88587951660156,67.58080291748047,1847033,50.65196996757858,0.0,1.0,yahoo,2024-06-23 23:05:15
2009-05-27,GETI-B.ST,68.44944763183594,68.79690551757812,67.75453186035156,68.10198974609375,814423,51.042600715524145,0.0,1.0,yahoo,2024-06-23 23:05:15
2009-05-28,GETI-B.ST,68.10198974609375,72.27149963378906,67.58080291748047,71.57657623291016,2284582,53.64681142007699,0.0,1.0,yahoo,2024-06-23 23:05:15
2009-05-29,GETI-B.ST,71.75031280517578,72.79268646240234,70.5342025756836,70.70793151855469,1668305,52.99576017350105,0.0,1.0,yahoo,2024-06-23 23:05:15
2009-06-01,GETI-B.ST,71.40284729003906,72.61895751953125,70.70793151855469,71.22911834716797,1121767,53.38639092144661,0.0,1.0,yahoo,2024-06-23 23:05:15
2009-06-02,GETI-B.ST,71.40284729003906,72.09777069091797,71.05538940429688,71.40284729003906,1006660,53.5166011707618,0.0,1.0,yahoo,2024-06-23 23:05:15
2009-06-03,GETI-B.ST,70.88166046142578,71.05538940429688,69.14436340332031,69.3180923461914,1853127,51.95407246073047,0.0,1.0,yahoo,2024-06-23 23:05:15
2009-06-04,GETI-B.ST,69.14436340332031,70.01301574707031,68.97063446044922,69.4918212890625,1916737,52.08428271004566,0.0,1.0,yahoo,2024-06-23 23:05:15
2009-06-05,GETI-B.ST,69.6655502319336,70.88166046142578,69.14436340332031,70.3604736328125,962871,52.735339674870666,0.0,1.0,yahoo,2024-06-23 23:05:15
2009-06-08,GETI-B.ST,70.1867446899414,70.88166046142578,69.14436340332031,70.3604736328125,1016975,52.735339674870666,0.0,1.0,yahoo,2024-06-23 23:05:15
2009-06-09,GETI-B.ST,71.22911834716797,71.92404174804688,69.6655502319336,70.01301574707031,1031069,52.474919176240284,0.0,1.0,yahoo,2024-06-23 23:05:15
2009-06-10,GETI-B.ST,70.88166046142578,72.27149963378906,70.70793151855469,71.22911834716797,1011274,53.38639092144661,0.0,1.0,yahoo,2024-06-23 23:05:15
2009-06-11,GETI-B.ST,71.92404174804688,75.57235717773438,71.75031280517578,74.35625457763672,1746962,55.73018684561814,0.0,1.0,yahoo,2024-06-23 23:05:15
2009-06-12,GETI-B.ST,74.35625457763672,75.74608612060547,74.00879669189453,74.18252563476562,872499,55.59997659630295,0.0,1.0,yahoo,2024-06-23 23:05:15
2009-06-15,GETI-B.ST,74.52998352050781,74.7037124633789,73.14014434814453,73.31387329101562,713324,54.94891963147795,0.0,1.0,yahoo,2024-06-23 23:05:15
2009-06-16,GETI-B.ST,73.31387329101562,74.52998352050781,71.05538940429688,71.22911834716797,1554686,53.38639092144661,0.0,1.0,yahoo,2024-06-23 23:05:15
2009-06-17,GETI-B.ST,71.22911834716797,71.92404174804688,68.62317657470703,69.14436340332031,2034682,51.82386221141528,0.0,1.0,yahoo,2024-06-23 23:05:15
2009-06-18,GETI-B.ST,70.1867446899414,70.70793151855469,69.83928680419922,70.70793151855469,1235748,52.99576017350105,0.0,1.0,yahoo,2024-06-23 23:05:15
2009-06-22,GETI-B.ST,71.92404174804688,72.44522857666016,69.6655502319336,70.01301574707031,1118343,52.474919176240284,0.0,1.0,yahoo,2024-06-23 23:05:15
2009-06-23,GETI-B.ST,69.83928680419922,71.05538940429688,69.3180923461914,70.01301574707031,1860250,52.474919176240284,0.0,1.0,yahoo,2024-06-23 23:05:15
2009-06-24,GETI-B.ST,71.05538940429688,72.27149963378906,70.01301574707031,71.57657623291016,1720822,53.64681142007699,0.0,1.0,yahoo,2024-06-23 23:05:15
2009-06-25,GETI-B.ST,72.09777069091797,72.44522857666016,70.1867446899414,70.88166046142578,1282668,53.12597042281624,0.0,1.0,yahoo,2024-06-23 23:05:15
2009-06-26,GETI-B.ST,71.57657623291016,71.75031280517578,70.3604736328125,70.3604736328125,844674,52.735339674870666,0.0,1.0,yahoo,2024-06-23 23:05:15
2009-06-29,GETI-B.ST,70.70793151855469,72.96641540527344,70.70793151855469,72.44522857666016,1001438,54.297868384901996,0.0,1.0,yahoo,2024-06-23 23:05:15
2009-06-30,GETI-B.ST,72.44522857666016,72.61895751953125,69.83928680419922,70.1867446899414,3946334,52.605129425555475,0.0,1.0,yahoo,2024-06-23 23:05:15
2009-07-01,GETI-B.ST,70.3604736328125,70.88166046142578,68.79690551757812,69.83928680419922,2847438,52.3447089269251,0.0,1.0,yahoo,2024-06-23 23:05:15
2009-07-02,GETI-B.ST,69.83928680419922,70.5342025756836,68.44944763183594,69.14436340332031,1865593,51.82386221141528,0.0,1.0,yahoo,2024-06-23 23:05:15
2009-07-03,GETI-B.ST,69.3180923461914,69.6655502319336,68.27571868896484,68.44944763183594,710264,51.303021214154526,0.0,1.0,yahoo,2024-06-23 23:05:15
2009-07-06,GETI-B.ST,68.44944763183594,68.44944763183594,66.53842163085938,66.88587951660156,1152709,50.13112325206876,0.0,1.0,yahoo,2024-06-23 23:05:15
2009-07-07,GETI-B.ST,67.75453186035156,67.92826080322266,66.19096374511719,66.19096374511719,1632209,49.610282254808006,0.0,1.0,yahoo,2024-06-23 23:05:15
2009-07-08,GETI-B.ST,66.19096374511719,66.71215057373047,64.974853515625,66.36469268798828,1643809,49.74049250412319,0.0,1.0,yahoo,2024-06-23 23:05:15
2009-07-09,GETI-B.ST,67.05960845947266,67.40706634521484,65.32231140136719,65.49604797363281,1259841,49.08944125754724,0.0,1.0,yahoo,2024-06-23 23:05:15
2009-07-10,GETI-B.ST,66.0172348022461,66.0172348022461,64.974853515625,65.49604797363281,758634,49.08944125754724,0.0,1.0,yahoo,2024-06-23 23:05:15
2009-07-13,GETI-B.ST,68.44944763183594,69.4918212890625,67.40706634521484,67.75453186035156,3018432,50.782180216893764,0.0,1.0,yahoo,2024-06-23 23:05:15
2009-07-14,GETI-B.ST,68.10198974609375,68.27571868896484,66.36469268798828,66.71215057373047,1917357,50.00091300275357,0.0,1.0,yahoo,2024-06-23 23:05:15
2009-07-15,GETI-B.ST,67.58080291748047,67.92826080322266,66.71215057373047,67.40706634521484,1841002,50.521754000014326,0.0,1.0,yahoo,2024-06-23 23:05:15
2009-07-16,GETI-B.ST,67.75453186035156,67.92826080322266,66.53842163085938,67.23333740234375,1332126,50.39154375069914,0.0,1.0,yahoo,2024-06-23 23:05:15
2009-07-17,GETI-B.ST,67.40706634521484,68.79690551757812,67.40706634521484,68.27571868896484,1447971,51.172810964839336,0.0,1.0,yahoo,2024-06-23 23:05:15
2009-07-20,GETI-B.ST,68.79690551757812,69.3180923461914,68.44944763183594,68.97063446044922,1152893,51.69365196210009,0.0,1.0,yahoo,2024-06-23 23:05:15
2009-07-21,GETI-B.ST,69.3180923461914,70.70793151855469,69.14436340332031,70.1867446899414,1462310,52.605129425555475,0.0,1.0,yahoo,2024-06-23 23:05:15
2009-07-22,GETI-B.ST,70.3604736328125,71.40284729003906,70.1867446899414,71.05538940429688,1053742,53.25618067213142,0.0,1.0,yahoo,2024-06-23 23:05:15
2009-07-23,GETI-B.ST,71.57657623291016,72.61895751953125,71.40284729003906,72.44522857666016,1230085,54.297868384901996,0.0,1.0,yahoo,2024-06-23 23:05:15
2009-07-24,GETI-B.ST,72.27149963378906,72.79268646240234,71.57657623291016,72.79268646240234,1465578,54.55828888353238,0.0,1.0,yahoo,2024-06-23 23:05:15
2009-07-27,GETI-B.ST,72.79268646240234,73.31387329101562,71.22911834716797,71.75031280517578,1078315,53.77702738764124,0.0,1.0,yahoo,2024-06-23 23:05:15
2009-07-28,GETI-B.ST,71.75031280517578,72.44522857666016,71.22911834716797,71.57657623291016,772260,53.64681142007699,0.0,1.0,yahoo,2024-06-23 23:05:15
2009-07-29,GETI-B.ST,71.40284729003906,73.48760223388672,71.40284729003906,73.31387329101562,1200171,54.94891963147795,0.0,1.0,yahoo,2024-06-23 23:05:15
2009-07-30,GETI-B.ST,73.48760223388672,74.35625457763672,72.79268646240234,73.66133117675781,868730,55.20934013010832,0.0,1.0,yahoo,2024-06-23 23:05:15
2009-07-31,GETI-B.ST,73.31387329101562,75.0511703491211,72.96641540527344,75.0511703491211,1119757,56.2510278428789,0.0,1.0,yahoo,2024-06-23 23:05:15
2009-08-03,GETI-B.ST,74.87744140625,76.44100952148438,74.7037124633789,76.09355163574219,1143651,57.0322950570191,0.0,1.0,yahoo,2024-06-23 23:05:15
2009-08-04,GETI-B.ST,76.09355163574219,76.09355163574219,74.18252563476562,74.7037124633789,923632,55.990607344248524,0.0,1.0,yahoo,2024-06-23 23:05:15
2009-08-05,GETI-B.ST,75.0511703491211,75.9198226928711,74.35625457763672,74.87744140625,1257910,56.12081759356371,0.0,1.0,yahoo,2024-06-23 23:05:15
2009-08-06,GETI-B.ST,75.0511703491211,75.74608612060547,74.00879669189453,74.18252563476562,737263,55.59997659630295,0.0,1.0,yahoo,2024-06-23 23:05:15
2009-08-07,GETI-B.ST,74.18252563476562,75.74608612060547,73.14014434814453,75.39862823486328,748587,56.51144834150928,0.0,1.0,yahoo,2024-06-23 23:05:15
2009-08-10,GETI-B.ST,75.74608612060547,76.09355163574219,74.7037124633789,75.39862823486328,577879,56.51144834150928,0.0,1.0,yahoo,2024-06-23 23:05:15
2009-08-11,GETI-B.ST,75.39862823486328,77.65711212158203,75.39862823486328,76.44100952148438,1426655,57.29271555564947,0.0,1.0,yahoo,2024-06-23 23:05:15
2009-08-12,GETI-B.ST,76.44100952148438,76.96219635009766,75.9198226928711,76.61473846435547,1337293,57.42292580496466,0.0,1.0,yahoo,2024-06-23 23:05:15
2009-08-13,GETI-B.ST,76.61473846435547,76.96219635009766,75.9198226928711,76.44100952148438,1270550,57.29271555564947,0.0,1.0,yahoo,2024-06-23 23:05:15
2009-08-14,GETI-B.ST,76.44100952148438,76.78846740722656,75.0511703491211,75.0511703491211,950046,56.2510278428789,0.0,1.0,yahoo,2024-06-23 23:05:15
2009-08-17,GETI-B.ST,74.87744140625,75.22489929199219,73.83506774902344,74.35625457763672,3508,55.73018684561814,0.0,1.0,yahoo,2024-06-23 23:05:15
2009-08-18,GETI-B.ST,76.44100952148438,76.61473846435547,73.66133117675781,74.35625457763672,1312787,55.73018684561814,0.0,1.0,yahoo,2024-06-23 23:05:15
2009-08-19,GETI-B.ST,74.7037124633789,74.7037124633789,73.31387329101562,74.35625457763672,963431,55.73018684561814,0.0,1.0,yahoo,2024-06-23 23:05:15
2009-08-20,GETI-B.ST,74.87744140625,75.9198226928711,74.35625457763672,75.57235717773438,1195157,56.64165859082447,0.0,1.0,yahoo,2024-06-23 23:05:15
2009-08-21,GETI-B.ST,75.74608612060547,78.87322235107422,75.57235717773438,78.52576446533203,1779134,58.85524426568081,0.0,1.0,yahoo,2024-06-23 23:05:15
2009-08-24,GETI-B.ST,78.69949340820312,80.78424835205078,78.52576446533203,80.08932495117188,1577287,60.02713650951751,0.0,1.0,yahoo,2024-06-23 23:05:15
2009-08-25,GETI-B.ST,79.91559600830078,80.78424835205078,79.74186706542969,79.74186706542969,1518682,59.76671601088713,0.0,1.0,yahoo,2024-06-23 23:05:15
2009-08-26,GETI-B.ST,79.91559600830078,80.61051940917969,78.69949340820312,80.08932495117188,1264709,60.02713650951751,0.0,1.0,yahoo,2024-06-23 23:05:15
2009-08-27,GETI-B.ST,80.95797729492188,82.00035095214844,80.61051940917969,81.30543518066406,1303251,60.938613972972895,0.0,1.0,yahoo,2024-06-23 23:05:15
2009-08-28,GETI-B.ST,82.69527435302734,86.86478424072266,82.17407989501953,86.86478424072266,67274,65.10535910580613,0.0,1.0,yahoo,2024-06-23 23:05:15
2009-08-31,GETI-B.ST,86.86478424072266,87.03851318359375,84.43256378173828,84.780029296875,1710476,63.5428303957748,0.0,1.0,yahoo,2024-06-23 23:05:15
2009-09-01,GETI-B.ST,84.43256378173828,84.780029296875,81.47916412353516,82.34780883789062,1947856,61.71987546886403,0.0,1.0,yahoo,2024-06-23 23:05:15
2009-09-02,GETI-B.ST,82.34780883789062,82.34780883789062,80.95797729492188,81.47916412353516,996393,61.068824222288086,0.0,1.0,yahoo,2024-06-23 23:05:15
2009-09-03,GETI-B.ST,82.17407989501953,83.39019012451172,81.65289306640625,82.00035095214844,1472151,61.45945497023365,0.0,1.0,yahoo,2024-06-23 23:05:15
2009-09-04,GETI-B.ST,82.69527435302734,84.0851058959961,82.17407989501953,84.0851058959961,675098,63.02198368026499,0.0,1.0,yahoo,2024-06-23 23:05:15
2009-09-07,GETI-B.ST,85.30121612548828,85.47494506835938,83.911376953125,84.9537582397461,850028,63.67304064508999,0.0,1.0,yahoo,2024-06-23 23:05:15
2009-09-08,GETI-B.ST,85.47494506835938,86.34358978271484,85.12748718261719,85.82240295410156,1157543,64.32409189166594,0.0,1.0,yahoo,2024-06-23 23:05:15
2009-09-09,GETI-B.ST,85.99613189697266,86.86478424072266,85.30121612548828,86.86478424072266,968580,65.10535910580613,0.0,1.0,yahoo,2024-06-23 23:05:15
2009-09-10,GETI-B.ST,86.69104766845703,87.03851318359375,85.30121612548828,86.86478424072266,1510708,65.10535910580613,0.0,1.0,yahoo,2024-06-23 23:05:15
2009-09-11,GETI-B.ST,87.21224212646484,88.2546157836914,86.16986083984375,87.03851318359375,835550,65.23556935512133,0.0,1.0,yahoo,2024-06-23 23:05:15
2009-09-14,GETI-B.ST,86.86478424072266,86.86478424072266,85.12748718261719,86.69104766845703,803313,64.97514313824189,0.0,1.0,yahoo,2024-06-23 23:05:15
2009-09-15,GETI-B.ST,86.34358978271484,89.1232681274414,86.34358978271484,88.6020736694336,1401177,66.40746159895802,0.0,1.0,yahoo,2024-06-23 23:05:15
2009-09-16,GETI-B.ST,89.2969970703125,90.16564178466795,88.77580261230469,89.99191284179688,1566752,67.4491493117286,0.0,1.0,yahoo,2024-06-23 23:05:15
2009-09-17,GETI-B.ST,90.33937072753906,91.20802307128906,89.2969970703125,90.16564178466795,1108065,67.57935956104379,0.0,1.0,yahoo,2024-06-23 23:05:15
2009-09-18,GETI-B.ST,90.16564178466795,90.16564178466795,88.4283447265625,89.4707260131836,1072137,67.05851856378304,0.0,1.0,yahoo,2024-06-23 23:05:15
2009-09-21,GETI-B.ST,89.4707260131836,89.64445495605469,88.2546157836914,89.2969970703125,684643,66.92830831446784,0.0,1.0,yahoo,2024-06-23 23:05:15
2009-09-22,GETI-B.ST,89.64445495605469,90.16564178466795,88.2546157836914,88.6020736694336,1308693,66.40746159895802,0.0,1.0,yahoo,2024-06-23 23:05:15
2009-09-23,GETI-B.ST,88.4283447265625,89.4707260131836,88.08088684082031,88.2546157836914,865647,66.14704110032766,0.0,1.0,yahoo,2024-06-23 23:05:15
2009-09-24,GETI-B.ST,86.86478424072266,87.21224212646484,84.0851058959961,84.6063003540039,2172953,63.412620146459616,0.0,1.0,yahoo,2024-06-23 23:05:15
2009-09-25,GETI-B.ST,84.780029296875,86.16986083984375,83.7376480102539,85.12748718261719,805398,63.80325089440518,0.0,1.0,yahoo,2024-06-23 23:05:15
2009-09-28,GETI-B.ST,85.12748718261719,87.55970001220703,83.911376953125,86.69104766845703,1156595,64.97514313824189,0.0,1.0,yahoo,2024-06-23 23:05:15
2009-09-29,GETI-B.ST,86.86478424072266,87.21224212646484,83.7376480102539,83.7376480102539,1530862,62.76156318163461,0.0,1.0,yahoo,2024-06-23 23:05:15
2009-09-30,GETI-B.ST,84.0851058959961,85.12748718261719,80.61051940917969,81.30543518066406,53213,60.938613972972895,0.0,1.0,yahoo,2024-06-23 23:05:15
2009-10-01,GETI-B.ST,81.47916412353516,81.47916412353516,79.3944091796875,79.3944091796875,2774460,59.506295512256756,0.0,1.0,yahoo,2024-06-23 23:05:15
2009-10-02,GETI-B.ST,78.52576446533203,80.2630615234375,78.17830657958984,79.3944091796875,2133026,59.506295512256756,0.0,1.0,yahoo,2024-06-23 23:05:15
2009-10-05,GETI-B.ST,79.74186706542969,82.17407989501953,79.5681381225586,81.65289306640625,1214893,61.19903447160328,0.0,1.0,yahoo,2024-06-23 23:05:15
2009-10-06,GETI-B.ST,83.04273223876953,83.39019012451172,80.61051940917969,81.13170623779297,2519363,60.808403723657705,0.0,1.0,yahoo,2024-06-23 23:05:15
2009-10-07,GETI-B.ST,81.47916412353516,83.04273223876953,81.30543518066406,81.82662200927734,2129467,61.32924472091847,0.0,1.0,yahoo,2024-06-23 23:05:15
2009-10-08,GETI-B.ST,82.86900329589844,85.12748718261719,82.69527435302734,84.9537582397461,2139316,63.67304064508999,0.0,1.0,yahoo,2024-06-23 23:05:15
2009-10-09,GETI-B.ST,85.30121612548828,86.16986083984375,84.43256378173828,85.64867401123047,1444998,64.19388164235075,0.0,1.0,yahoo,2024-06-23 23:05:15
2009-10-12,GETI-B.ST,86.16986083984375,88.6020736694336,85.99613189697266,87.38597106933594,1528443,65.49598985375171,0.0,1.0,yahoo,2024-06-23 23:05:15
2009-10-13,GETI-B.ST,87.55970001220703,87.90715789794922,85.64867401123047,87.21224212646484,1446393,65.36577960443651,0.0,1.0,yahoo,2024-06-23 23:05:15
2009-10-14,GETI-B.ST,88.2546157836914,89.1232681274414,87.55970001220703,88.77580261230469,1492555,66.53767184827322,0.0,1.0,yahoo,2024-06-23 23:05:15
2009-10-15,GETI-B.ST,89.1232681274414,89.1232681274414,87.38597106933594,87.55970001220703,1385558,65.62620010306689,0.0,1.0,yahoo,2024-06-23 23:05:15
2009-10-16,GETI-B.ST,87.73342895507812,91.38175201416016,86.69104766845703,89.99191284179688,4148948,67.4491493117286,0.0,1.0,yahoo,2024-06-23 23:05:15
2009-10-19,GETI-B.ST,91.03429412841795,92.9453125,90.68682861328124,92.9453125,2082302,69.66272926833588,0.0,1.0,yahoo,2024-06-23 23:05:15
2009-10-20,GETI-B.ST,92.25039672851562,93.1190414428711,90.86055755615234,93.1190414428711,2208995,69.79293951765108,0.0,1.0,yahoo,2024-06-23 23:05:15
2009-10-21,GETI-B.ST,92.5978546142578,93.4665069580078,90.33937072753906,91.38175201416016,2236615,68.49083702449917,0.0,1.0,yahoo,2024-06-23 23:05:15
2009-10-22,GETI-B.ST,91.03429412841795,91.38175201416016,89.64445495605469,90.68682861328124,1108124,67.96999030898935,0.0,1.0,yahoo,2024-06-23 23:05:15
2009-10-23,GETI-B.ST,91.55548095703124,92.25039672851562,90.86055755615234,91.90293884277344,1094351,68.88146777244475,0.0,1.0,yahoo,2024-06-23 23:05:15
2009-10-26,GETI-B.ST,92.21565246582033,92.28514099121094,90.20038604736328,90.68682861328124,996429,67.96999030898935,0.0,1.0,yahoo,2024-06-23 23:05:15
2009-10-27,GETI-B.ST,90.13089752197266,91.03429412841795,89.99191284179688,90.9647979736328,1081026,68.17832899519328,0.0,1.0,yahoo,2024-06-23 23:05:15
2009-10-28,GETI-B.ST,90.9647979736328,90.9647979736328,89.43598175048828,89.5054702758789,1288358,67.08455946999626,0.0,1.0,yahoo,2024-06-23 23:05:15
2009-10-29,GETI-B.ST,89.08851623535156,90.40886688232422,88.046142578125,90.40886688232422,1200614,67.76165734103449,0.0,1.0,yahoo,2024-06-23 23:05:15
2009-10-30,GETI-B.ST,91.03429412841795,92.98006439208984,90.0614013671875,92.98006439208984,1132721,69.68877589279816,0.0,1.0,yahoo,2024-06-23 23:05:15
2009-11-02,GETI-B.ST,91.24276733398438,92.14615631103516,90.7563247680664,91.72920989990234,1682259,68.75125752312955,0.0,1.0,yahoo,2024-06-23 23:05:15
2009-11-03,GETI-B.ST,91.59022521972656,92.28514099121094,90.26988220214844,90.68682861328124,1331460,67.96999030898935,0.0,1.0,yahoo,2024-06-23 23:05:15
2009-11-04,GETI-B.ST,91.03429412841795,92.7715835571289,91.03429412841795,92.3546371459961,1015089,69.22001670796386,0.0,1.0,yahoo,2024-06-23 23:05:15
2009-11-05,GETI-B.ST,91.79869842529295,92.63260650634766,91.1037826538086,92.21565246582033,1204183,69.1158473648619,0.0,1.0,yahoo,2024-06-23 23:05:15
2009-11-06,GETI-B.ST,92.5631103515625,92.7715835571289,91.1037826538086,91.79869842529295,710473,68.803339335556,0.0,1.0,yahoo,2024-06-23 23:05:15
2009-11-09,GETI-B.ST,91.72920989990234,92.21565246582033,91.38175201416016,91.72920989990234,1079643,68.75125752312955,0.0,1.0,yahoo,2024-06-23 23:05:15
2009-11-10,GETI-B.ST,92.14615631103516,95.20379638671876,92.07666778564452,94.78684997558594,2688471,71.04296591662558,0.0,1.0,yahoo,2024-06-23 23:05:15
2009-11-11,GETI-B.ST,95.20379638671876,95.48176574707033,94.43939208984376,94.78684997558594,1252056,71.04296591662558,0.0,1.0,yahoo,2024-06-23 23:05:15
2009-11-12,GETI-B.ST,94.3698959350586,95.20379638671876,94.1614227294922,94.57837677001952,983177,70.88671476109715,0.0,1.0,yahoo,2024-06-23 23:05:15
2009-11-13,GETI-B.ST,94.30040740966795,95.41227722167967,94.1614227294922,95.13430786132812,621845,71.30338641525596,0.0,1.0,yahoo,2024-06-23 23:05:15
2009-11-16,GETI-B.ST,95.89871978759766,96.24617767333984,95.48176574707033,95.89871978759766,661905,71.87631494319223,0.0,1.0,yahoo,2024-06-23 23:05:15
2009-11-17,GETI-B.ST,95.89871978759766,95.89871978759766,93.53599548339844,93.81396484375,1035972,70.31378623316088,0.0,1.0,yahoo,2024-06-23 23:05:15
2009-11-18,GETI-B.ST,94.2309112548828,94.43939208984376,93.6054916381836,93.88345336914062,977129,70.36586804558735,0.0,1.0,yahoo,2024-06-23 23:05:15
2009-11-19,GETI-B.ST,93.88345336914062,94.99532318115234,92.91056823730467,93.25802612304688,840824,69.89710886075304,0.0,1.0,yahoo,2024-06-23 23:05:15
2009-11-20,GETI-B.ST,93.53599548339844,94.50888061523438,93.53599548339844,93.88345336914062,893684,70.36586804558735,0.0,1.0,yahoo,2024-06-23 23:05:15
2009-11-23,GETI-B.ST,93.95294952392578,95.6207504272461,93.95294952392578,95.55126190185548,1312145,71.61589444456186,0.0,1.0,yahoo,2024-06-23 23:05:15
2009-11-24,GETI-B.ST,95.55126190185548,96.31566619873048,94.78684997558594,95.2732925415039,610889,71.40755575835792,0.0,1.0,yahoo,2024-06-23 23:05:15
2009-11-25,GETI-B.ST,95.55126190185548,96.59363555908205,95.13430786132812,96.45465087890624,1137210,72.292986597351,0.0,1.0,yahoo,2024-06-23 23:05:15
2009-11-26,GETI-B.ST,96.59363555908205,96.59363555908205,93.4665069580078,93.81396484375,746565,70.31378623316088,0.0,1.0,yahoo,2024-06-23 23:05:15
2009-11-27,GETI-B.ST,93.32752227783205,96.5241470336914,92.42412567138672,96.38516235351562,885735,72.24090478492457,0.0,1.0,yahoo,2024-06-23 23:05:15
2009-11-30,GETI-B.ST,97.70550537109376,99.44280242919922,97.49703216552734,98.46991729736328,2286184,73.8034334949559,0.0,1.0,yahoo,2024-06-23 23:05:15
2009-12-01,GETI-B.ST,99.72077178955078,100.69365692138672,99.2343292236328,100.69365692138672,1311172,75.47013154808919,0.0,1.0,yahoo,2024-06-23 23:05:15
2009-12-02,GETI-B.ST,100.76314544677734,100.97161865234376,98.1224594116211,98.60890197753906,1118922,73.90760283805785,0.0,1.0,yahoo,2024-06-23 23:05:15
2009-12-03,GETI-B.ST,99.37330627441406,99.51229095458984,97.98347473144533,97.98347473144533,714332,73.43884365322356,0.0,1.0,yahoo,2024-06-23 23:05:15
2009-12-04,GETI-B.ST,97.63601684570312,99.9987335205078,97.35804748535156,97.63601684570312,1944327,73.17842315459318,0.0,1.0,yahoo,2024-06-23 23:05:15
2009-12-07,GETI-B.ST,97.98347473144533,99.30381774902344,97.2885513305664,97.2885513305664,1295907,72.91799693771374,0.0,1.0,yahoo,2024-06-23 23:05:15
2009-12-08,GETI-B.ST,97.56652069091795,97.98347473144533,96.31566619873048,96.8716049194336,1093096,72.6054946266569,0.0,1.0,yahoo,2024-06-23 23:05:15
2009-12-09,GETI-B.ST,97.2885513305664,97.63601684570312,95.48176574707033,96.10719299316406,636282,72.03256609872064,0.0,1.0,yahoo,2024-06-23 23:05:15
2009-12-10,GETI-B.ST,96.10719299316406,97.35804748535156,96.10719299316406,96.5241470336914,512932,72.34507412802652,0.0,1.0,yahoo,2024-06-23 23:05:15
2009-12-11,GETI-B.ST,97.2885513305664,99.02584838867188,97.14957427978516,98.1224594116211,841058,73.54301299632552,0.0,1.0,yahoo,2024-06-23 23:05:15
2009-12-14,GETI-B.ST,98.60890197753906,99.2343292236328,97.63601684570312,98.19194793701172,534481,73.59509480875197,0.0,1.0,yahoo,2024-06-23 23:05:15
2009-12-15,GETI-B.ST,98.19194793701172,98.46991729736328,95.6207504272461,96.8716049194336,652114,72.6054946266569,0.0,1.0,yahoo,2024-06-23 23:05:15
2009-12-16,GETI-B.ST,96.8716049194336,97.63601684570312,96.17668914794922,97.21906280517578,720909,72.86591512528729,0.0,1.0,yahoo,2024-06-23 23:05:15
2009-12-17,GETI-B.ST,97.01058959960938,97.01058959960938,94.92583465576172,95.2732925415039,647568,71.40755575835792,0.0,1.0,yahoo,2024-06-23 23:05:15
2009-12-18,GETI-B.ST,95.20379638671876,96.80210876464844,95.20379638671876,95.89871978759766,833008,71.87631494319223,0.0,1.0,yahoo,2024-06-23 23:05:15
2009-12-21,GETI-B.ST,96.10719299316406,97.01058959960938,95.55126190185548,96.24617767333984,420797,72.1367354418226,0.0,1.0,yahoo,2024-06-23 23:05:15
2009-12-22,GETI-B.ST,96.24617767333984,97.14957427978516,95.89871978759766,96.80210876464844,620124,72.5534070959814,0.0,1.0,yahoo,2024-06-23 23:05:15
2009-12-23,GETI-B.ST,96.8716049194336,98.40042114257812,96.8716049194336,97.70550537109376,558425,73.23050496701964,0.0,1.0,yahoo,2024-06-23 23:05:15
2009-12-28,GETI-B.ST,98.3309326171875,98.95635986328124,97.2885513305664,97.35804748535156,389097,72.97008446838925,0.0,1.0,yahoo,2024-06-23 23:05:15
2009-12-29,GETI-B.ST,97.56652069091795,97.98347473144533,95.41227722167967,95.69024658203124,857295,71.72006378766379,0.0,1.0,yahoo,2024-06-23 23:05:15
2009-12-30,GETI-B.ST,95.96820831298828,97.01058959960938,94.71735382080078,94.71735382080078,1183956,70.99087838595007,0.0,1.0,yahoo,2024-06-23 23:05:15
2010-01-04,GETI-B.ST,94.92583465576172,97.21906280517578,94.92583465576172,96.94109344482422,987893,72.65757643908336,0.0,1.0,yahoo,2024-06-23 23:05:15
2010-01-05,GETI-B.ST,96.94109344482422,97.4275360107422,96.5241470336914,96.5241470336914,401368,72.34507412802652,0.0,1.0,yahoo,2024-06-23 23:05:15
2010-01-07,GETI-B.ST,96.24617767333984,96.5241470336914,95.0648193359375,95.69024658203124,1751640,71.72006378766379,0.0,1.0,yahoo,2024-06-23 23:05:15
2010-01-08,GETI-B.ST,95.69024658203124,97.21906280517578,95.6207504272461,96.80210876464844,1295114,72.5534070959814,0.0,1.0,yahoo,2024-06-23 23:05:15
2010-01-11,GETI-B.ST,97.2885513305664,98.26143646240234,95.89871978759766,96.24617767333984,642069,72.1367354418226,0.0,1.0,yahoo,2024-06-23 23:05:15
2010-01-12,GETI-B.ST,96.94109344482422,97.2885513305664,94.92583465576172,95.8292236328125,819208,71.8242274125167,0.0,1.0,yahoo,2024-06-23 23:05:15
2010-01-13,GETI-B.ST,95.8292236328125,98.26143646240234,95.48176574707033,98.26143646240234,1234641,73.64717662117842,0.0,1.0,yahoo,2024-06-23 23:05:15
2010-01-14,GETI-B.ST,101.94450378417967,105.9055404663086,101.0411148071289,104.93265533447266,5905616,78.64727078057831,0.0,1.0,yahoo,2024-06-23 23:05:15
2010-01-15,GETI-B.ST,105.48858642578124,106.94792175292967,105.349609375,106.32249450683594,1987063,79.68895849334888,0.0,1.0,yahoo,2024-06-23 23:05:15
2010-01-18,GETI-B.ST,107.08689880371094,108.19876861572266,106.53096771240234,107.99029541015624,1235644,80.93897917407432,0.0,1.0,yahoo,2024-06-23 23:05:15
2010-01-19,GETI-B.ST,107.99029541015624,108.0597915649414,105.28011322021484,106.46147918701172,1549330,79.79312783645085,0.0,1.0,yahoo,2024-06-23 23:05:15
2010-01-20,GETI-B.ST,107.01741027832033,110.00556182861328,106.32249450683594,106.60045623779295,2412092,79.89729146130374,0.0,1.0,yahoo,2024-06-23 23:05:15
2010-01-21,GETI-B.ST,107.85131072998048,108.8241958618164,105.83605194091795,106.25299835205078,1702020,79.63687096267337,0.0,1.0,yahoo,2024-06-23 23:05:15
2010-01-22,GETI-B.ST,105.62757110595705,106.8089370727539,104.58519744873048,105.83605194091795,1204858,79.32436865161652,0.0,1.0,yahoo,2024-06-23 23:05:15
2010-01-25,GETI-B.ST,105.97503662109376,108.19876861572266,105.00214385986328,107.3648681640625,1283677,80.47021998924002,0.0,1.0,yahoo,2024-06-23 23:05:15
2010-01-26,GETI-B.ST,106.53096771240234,107.29537963867188,103.54281616210938,106.04452514648438,1911927,79.48061980714496,0.0,1.0,yahoo,2024-06-23 23:05:15
2010-01-27,GETI-B.ST,105.7665557861328,108.0597915649414,104.37672424316406,107.64283752441406,1423311,80.67855867544395,0.0,1.0,yahoo,2024-06-23 23:05:15
2010-01-28,GETI-B.ST,108.4072494506836,111.8818359375,107.5733413696289,107.78182220458984,2449965,80.78272801854591,0.0,1.0,yahoo,2024-06-23 23:05:15
2010-01-29,GETI-B.ST,108.54623413085938,111.117431640625,107.78182220458984,110.35301971435548,1437458,82.7098465703096,0.0,1.0,yahoo,2024-06-23 23:05:15
2010-02-01,GETI-B.ST,110.76996612548828,112.36827850341795,110.21403503417967,112.29878997802734,1504353,84.16820593723895,0.0,1.0,yahoo,2024-06-23 23:05:15
2010-02-02,GETI-B.ST,112.5767593383789,112.71573638916016,110.6309814453125,111.60387420654295,1698723,83.64736493997819,0.0,1.0,yahoo,2024-06-23 23:05:15
2010-02-03,GETI-B.ST,111.74285125732422,112.15980529785156,110.0750503540039,110.70047760009766,1204912,82.97026706893996,0.0,1.0,yahoo,2024-06-23 23:05:15
2010-02-04,GETI-B.ST,110.70047760009766,111.18692016601562,108.12928009033205,108.61572265625,1618518,81.40773835890863,0.0,1.0,yahoo,2024-06-23 23:05:15
2010-02-05,GETI-B.ST,107.99029541015624,108.75470733642578,106.46147918701172,107.22588348388672,1397211,80.36605064613805,0.0,1.0,yahoo,2024-06-23 23:05:15
2010-02-08,GETI-B.ST,107.08689880371094,108.19876861572266,105.6970672607422,108.0597915649414,1116263,80.99106670474984,0.0,1.0,yahoo,2024-06-23 23:05:15
2010-02-09,GETI-B.ST,108.47673797607422,111.25640869140624,108.47673797607422,110.35301971435548,1657456,82.7098465703096,0.0,1.0,yahoo,2024-06-23 23:05:15
2010-02-10,GETI-B.ST,111.18692016601562,111.81234741210938,108.33775329589844,109.10216522216795,972099,81.77232820064096,0.0,1.0,yahoo,2024-06-23 23:05:15
2010-02-11,GETI-B.ST,110.28352355957033,110.90895080566406,108.75470733642578,109.93606567382812,989064,82.39733854100369,0.0,1.0,yahoo,2024-06-23 23:05:15
2010-02-12,GETI-B.ST,111.117431640625,112.50726318359376,110.83946228027344,112.09031677246094,2230115,84.01195478171054,0.0,1.0,yahoo,2024-06-23 23:05:15
2010-02-15,GETI-B.ST,112.09031677246094,112.5767593383789,109.51911926269533,110.00556182861328,822621,82.4494260716792,0.0,1.0,yahoo,2024-06-23 23:05:15
2010-02-16,GETI-B.ST,110.6309814453125,111.18692016601562,109.1716537475586,110.28352355957033,1097057,82.65775903963409,0.0,1.0,yahoo,2024-06-23 23:05:15
2010-02-17,GETI-B.ST,110.49200439453124,110.76996612548828,108.8241958618164,109.79708099365234,1110796,82.29316919790173,0.0,1.0,yahoo,2024-06-23 23:05:15
2010-02-18,GETI-B.ST,109.79708099365234,110.49200439453124,109.31063842773438,110.49200439453124,889104,82.81401591341154,0.0,1.0,yahoo,2024-06-23 23:05:15
2010-02-19,GETI-B.ST,110.6309814453125,113.96659088134766,110.35301971435548,113.96659088134766,1327366,85.4182266179644,0.0,1.0,yahoo,2024-06-23 23:05:15
2010-02-22,GETI-B.ST,113.96659088134766,114.52252960205078,112.5767593383789,113.61913299560548,930368,85.15780611933403,0.0,1.0,yahoo,2024-06-23 23:05:15
2010-02-23,GETI-B.ST,114.66151428222656,116.05134582519533,114.10557556152344,114.45303344726562,1403298,85.78281645969673,0.0,1.0,yahoo,2024-06-23 23:05:15
2010-02-24,GETI-B.ST,115.49541473388672,115.70388793945312,113.68862915039062,114.86998748779295,945211,86.09532448900262,0.0,1.0,yahoo,2024-06-23 23:05:15
2010-02-25,GETI-B.ST,114.86998748779295,115.14795684814452,113.06320190429688,113.96659088134766,910773,85.4182266179644,0.0,1.0,yahoo,2024-06-23 23:05:15
2010-02-26,GETI-B.ST,113.41065979003906,114.86998748779295,113.41065979003906,114.24456024169922,1039363,85.62656530416832,0.0,1.0,yahoo,2024-06-23 23:05:15
2010-03-01,GETI-B.ST,114.52252960205078,118.13610076904295,114.52252960205078,118.13610076904295,1394215,88.54328403802705,0.0,1.0,yahoo,2024-06-23 23:05:15
2010-03-02,GETI-B.ST,118.27508544921876,120.63780975341795,118.27508544921876,119.94288635253906,1230718,89.89747406185447,0.0,1.0,yahoo,2024-06-23 23:05:15
2010-03-03,GETI-B.ST,119.87339782714844,120.1513671875,117.16321563720705,117.4411849975586,1596602,88.0224430407663,0.0,1.0,yahoo,2024-06-23 23:05:15
2010-03-04,GETI-B.ST,117.9971160888672,118.55305480957033,117.16321563720705,118.41407012939452,1204712,88.75162272423097,0.0,1.0,yahoo,2024-06-23 23:05:15
2010-03-05,GETI-B.ST,118.62254333496094,118.83102416992188,117.3022003173828,117.8581314086914,721775,88.33494535182314,0.0,1.0,yahoo,2024-06-23 23:05:15
2010-03-08,GETI-B.ST,117.9971160888672,119.24797058105467,117.649658203125,118.76152801513672,682340,89.01204322286137,0.0,1.0,yahoo,2024-06-23 23:05:15
2010-03-09,GETI-B.ST,118.3445816040039,118.62254333496094,116.46829986572266,117.78864288330078,992466,88.28286353939669,0.0,1.0,yahoo,2024-06-23 23:05:15
2010-03-10,GETI-B.ST,116.74626922607422,117.0937271118164,115.35643005371094,116.74626922607422,974936,87.50160204350554,0.0,1.0,yahoo,2024-06-23 23:05:15
2010-03-11,GETI-B.ST,116.32931518554688,116.60728454589844,113.3411636352539,113.96659088134766,1490487,85.4182266179644,0.0,1.0,yahoo,2024-06-23 23:05:15
2010-03-12,GETI-B.ST,113.96659088134766,114.52252960205078,112.29878997802734,112.36827850341795,1812185,84.22028774966539,0.0,1.0,yahoo,2024-06-23 23:05:15
2010-03-15,GETI-B.ST,112.15980529785156,112.50726318359376,109.8665771484375,111.04793548583984,1580234,83.23068756757034,0.0,1.0,yahoo,2024-06-23 23:05:15
2010-03-16,GETI-B.ST,111.117431640625,114.0360870361328,111.117431640625,114.0360870361328,1634701,85.4703141486399,0.0,1.0,yahoo,2024-06-23 23:05:15
2010-03-17,GETI-B.ST,114.31404876708984,115.56490325927734,114.24456024169922,115.00897216796876,1409644,86.1994938321046,0.0,1.0,yahoo,2024-06-23 23:05:15
2010-03-18,GETI-B.ST,114.7310028076172,115.70388793945312,114.10557556152344,114.31404876708984,1550431,85.67864711659477,0.0,1.0,yahoo,2024-06-23 23:05:15
2010-03-19,GETI-B.ST,114.383544921875,115.49541473388672,114.383544921875,115.21744537353516,1269232,86.355744987633,0.0,1.0,yahoo,2024-06-23 23:05:15
2010-03-22,GETI-B.ST,114.8004913330078,116.46829986572266,113.27167510986328,115.6343994140625,1233897,86.66825301693889,0.0,1.0,yahoo,2024-06-23 23:05:15
2010-03-23,GETI-B.ST,115.49541473388672,117.0937271118164,115.49541473388672,117.0937271118164,848219,87.76202254213592,0.0,1.0,yahoo,2024-06-23 23:05:15
2010-03-24,GETI-B.ST,117.58016967773438,118.48355865478516,117.0937271118164,118.13610076904295,1116234,88.54328403802705,0.0,1.0,yahoo,2024-06-23 23:05:15
2010-03-25,GETI-B.ST,118.6920394897461,120.01238250732422,117.92762756347656,119.38695526123048,973331,89.48080240769568,0.0,1.0,yahoo,2024-06-23 23:05:15
2010-03-26,GETI-B.ST,120.29035186767578,120.5683135986328,119.66492462158205,120.29035186767578,1086745,90.1579002787339,0.0,1.0,yahoo,2024-06-23 23:05:15
2010-03-29,GETI-B.ST,120.915771484375,121.12425231933594,119.31746673583984,120.08187103271484,705552,90.00164340495643,0.0,1.0,yahoo,2024-06-23 23:05:15
2010-03-30,GETI-B.ST,119.94288635253906,120.01238250732422,119.1089859008789,119.73441314697266,644824,89.74122290632604,0.0,1.0,yahoo,2024-06-23 23:05:15
2010-03-31,GETI-B.ST,118.55305480957033,120.29035186767578,118.20559692382812,120.29035186767578,1049257,90.1579002787339,0.0,1.0,yahoo,2024-06-23 23:05:15
2010-04-01,GETI-B.ST,120.42933654785156,120.5683135986328,118.90052032470705,119.66492462158205,495320,89.68914109389961,0.0,1.0,yahoo,2024-06-23 23:05:15
2010-04-06,GETI-B.ST,119.52593994140624,120.08187103271484,119.17848205566406,119.94288635253906,1073294,89.89747406185447,0.0,1.0,yahoo,2024-06-23 23:05:15
2010-04-07,GETI-B.ST,120.01238250732422,120.01238250732422,118.97000122070312,119.03949737548828,1028450,89.2203819090653,0.0,1.0,yahoo,2024-06-23 23:05:15
2010-04-08,GETI-B.ST,118.9005126953125,119.52593994140624,117.71915435791016,118.9005126953125,1306245,89.11621256596332,0.0,1.0,yahoo,2024-06-23 23:05:15
2010-04-09,GETI-B.ST,118.9005126953125,120.42933654785156,118.9005126953125,120.42933654785156,517354,90.26206962183586,0.0,1.0,yahoo,2024-06-23 23:05:15
2010-04-12,GETI-B.ST,120.915771484375,120.915771484375,119.73441314697266,120.915771484375,603725,90.62665374531915,0.0,1.0,yahoo,2024-06-23 23:05:15
2010-04-13,GETI-B.ST,120.5683135986328,120.7072982788086,119.4564437866211,120.22085571289062,636105,90.1058127480584,0.0,1.0,yahoo,2024-06-23 23:05:15
2010-04-14,GETI-B.ST,120.01238250732422,120.7072982788086,118.97000122070312,120.01238250732422,766861,89.94956159252997,0.0,1.0,yahoo,2024-06-23 23:05:15
2010-04-15,GETI-B.ST,120.22085571289062,120.5683135986328,119.03949737548828,119.87339782714844,998772,89.84539224942802,0.0,1.0,yahoo,2024-06-23 23:05:15
2010-04-16,GETI-B.ST,119.52593994140624,120.5683135986328,119.1089859008789,120.01238250732422,1176273,89.94956159252997,0.0,1.0,yahoo,2024-06-23 23:05:15
2010-04-19,GETI-B.ST,119.24797058105467,120.01238250732422,118.3445816040039,119.87339782714844,981817,89.84539224942802,0.0,1.0,yahoo,2024-06-23 23:05:15
2010-04-20,GETI-B.ST,119.87339782714844,122.09713745117188,119.59542846679688,122.09713745117188,695073,91.5120903025613,0.0,1.0,yahoo,2024-06-23 23:05:15
2010-04-21,GETI-B.ST,122.44459533691406,123.69544982910156,118.9005126953125,119.87339782714844,2673871,91.79466265145318,2.592747,1.0,yahoo,2024-06-23 23:05:15
2010-04-22,GETI-B.ST,119.87339782714844,120.15135955810548,113.75811767578124,115.00897216796876,1898938,88.06966344002394,0.0,1.0,yahoo,2024-06-23 23:05:15
2010-04-23,GETI-B.ST,115.35643005371094,117.0937271118164,114.10557556152344,116.81575775146484,1294867,89.45323374108176,0.0,1.0,yahoo,2024-06-23 23:05:15
2010-04-26,GETI-B.ST,117.02423095703124,117.3022003173828,115.14795684814452,115.8428726196289,1349232,88.70823389879591,0.0,1.0,yahoo,2024-06-23 23:05:15
2010-04-27,GETI-B.ST,115.35643005371094,115.56490325927734,111.5343780517578,111.5343780517578,1588287,85.4089463791109,0.0,1.0,yahoo,2024-06-23 23:05:15
2010-04-28,GETI-B.ST,111.18692016601562,112.64624786376952,109.8665771484375,110.21403503417967,1474809,84.39787599919599,0.0,1.0,yahoo,2024-06-23 23:05:15
2010-04-29,GETI-B.ST,109.79708099365234,113.41065979003906,109.72759246826172,113.3411636352539,1620015,86.79251668016875,0.0,1.0,yahoo,2024-06-23 23:05:15
2010-04-30,GETI-B.ST,112.64624786376952,113.27167510986328,111.117431640625,113.27167510986328,826856,86.73930490956742,0.0,1.0,yahoo,2024-06-23 23:05:15
2010-05-03,GETI-B.ST,112.2292938232422,113.54964447021484,111.60387420654295,113.3411636352539,491319,86.79251668016875,0.0,1.0,yahoo,2024-06-23 23:05:15
2010-05-04,GETI-B.ST,113.41065979003906,113.96659088134766,110.28352355957033,110.4225082397461,859269,84.5575171533112,0.0,1.0,yahoo,2024-06-23 23:05:15
2010-05-05,GETI-B.ST,109.8665771484375,110.4225082397461,105.9055404663086,105.97503662109376,1557391,81.15180609242357,0.0,1.0,yahoo,2024-06-23 23:05:15
2010-05-06,GETI-B.ST,104.23773956298828,107.85131072998048,104.23773956298828,105.07164001464844,3053232,80.46001802073903,0.0,1.0,yahoo,2024-06-23 23:05:15
2010-05-07,GETI-B.ST,103.54281616210938,104.72418212890624,101.18009948730467,102.847900390625,3194066,78.75715956913959,0.0,1.0,yahoo,2024-06-23 23:05:15
2010-05-10,GETI-B.ST,104.23773956298828,109.79708099365234,104.23773956298828,109.65809631347656,2307020,83.97215846514054,0.0,1.0,yahoo,2024-06-23 23:05:15
2010-05-11,GETI-B.ST,109.38013458251952,109.38013458251952,106.53096771240234,107.3648681640625,864186,82.21608824293978,0.0,1.0,yahoo,2024-06-23 23:05:15
2010-05-12,GETI-B.ST,107.64283752441406,110.00556182861328,106.32249450683594,109.51911926269533,672404,83.86573492393791,0.0,1.0,yahoo,2024-06-23 23:05:15
2010-05-14,GETI-B.ST,110.0750503540039,110.76996612548828,106.18350982666016,106.32249450683594,937370,81.4178766300526,0.0,1.0,yahoo,2024-06-23 23:05:15
2010-05-17,GETI-B.ST,105.14112854003906,106.66995239257812,104.79367065429688,105.5580825805664,1246500,80.83251794188195,0.0,1.0,yahoo,2024-06-23 23:05:15
2010-05-18,GETI-B.ST,106.04452514648438,106.87842559814452,105.07164001464844,105.9055404663086,859083,81.09858847951101,0.0,1.0,yahoo,2024-06-23 23:05:15
2010-05-19,GETI-B.ST,105.62757110595705,106.04452514648438,102.91739654541016,103.0563735961914,1045581,78.91680072325478,0.0,1.0,yahoo,2024-06-23 23:05:15
2010-05-20,GETI-B.ST,103.1953582763672,104.16824340820312,98.1224594116211,99.30381774902344,1594669,76.04323073762525,0.0,1.0,yahoo,2024-06-23 23:05:15
2010-05-21,GETI-B.ST,99.2343292236328,99.72077178955078,96.80210876464844,97.2885513305664,1657420,74.50001344014102,0.0,1.0,yahoo,2024-06-23 23:05:15
2010-05-24,GETI-B.ST,98.19194793701172,102.2919692993164,97.98347473144533,101.66654205322266,2218190,77.85251857273856,0.0,1.0,yahoo,2024-06-23 23:05:15
2010-05-25,GETI-B.ST,100.55467224121094,101.5970458984375,99.09534454345705,99.65127563476562,2996555,76.30930127525431,0.0,1.0,yahoo,2024-06-23 23:05:15
2010-05-26,GETI-B.ST,101.11060333251952,104.79367065429688,100.34619140625,104.0987548828125,1817954,79.71501817845318,0.0,1.0,yahoo,2024-06-23 23:05:15
2010-05-27,GETI-B.ST,104.72418212890624,107.92080688476562,104.58519744873048,107.92080688476562,1426606,82.64180577699526,0.0,1.0,yahoo,2024-06-23 23:05:15
2010-05-28,GETI-B.ST,108.89369201660156,108.9631805419922,107.08689880371094,107.71232604980467,1065951,82.48215878056882,0.0,1.0,yahoo,2024-06-23 23:05:15
2010-05-31,GETI-B.ST,107.71232604980467,108.47673797607422,106.32249450683594,108.0597915649414,518663,82.74823516050911,0.0,1.0,yahoo,2024-06-23 23:05:15
2010-06-01,GETI-B.ST,107.99029541015624,108.33775329589844,105.41909790039062,107.85131072998048,794622,82.58858816408272,0.0,1.0,yahoo,2024-06-23 23:05:15
2010-06-02,GETI-B.ST,107.64283752441406,109.38013458251952,107.1563949584961,108.4072494506836,1552906,83.01430569813817,0.0,1.0,yahoo,2024-06-23 23:05:15
2010-06-03,GETI-B.ST,109.51911926269533,110.0750503540039,108.12928009033205,108.68521118164062,1183224,83.22715862285469,0.0,1.0,yahoo,2024-06-23 23:05:15
2010-06-04,GETI-B.ST,109.1716537475586,110.56149291992188,107.5733413696289,107.85131072998048,1129963,82.58858816408272,0.0,1.0,yahoo,2024-06-23 23:05:15
2010-06-07,GETI-B.ST,107.01741027832033,108.68521118164062,106.39198303222656,107.1563949584961,1219760,82.0564470888246,0.0,1.0,yahoo,2024-06-23 23:05:15
2010-06-08,GETI-B.ST,107.78182220458984,108.9631805419922,104.79367065429688,105.6970672607422,1459276,80.93894732539583,0.0,1.0,yahoo,2024-06-23 23:05:15
2010-06-09,GETI-B.ST,107.1563949584961,109.10216522216795,106.25299835205078,108.61572265625,1398666,83.17394685225337,0.0,1.0,yahoo,2024-06-23 23:05:15
2010-06-10,GETI-B.ST,108.54623413085938,112.36827850341795,108.12928009033205,112.36827850341795,1204463,86.04751683788288,0.0,1.0,yahoo,2024-06-23 23:05:15
2010-06-11,GETI-B.ST,112.5767593383789,112.78523254394533,111.5343780517578,111.95133209228516,1029292,85.72823452965251,0.0,1.0,yahoo,2024-06-23 23:05:15
2010-06-14,GETI-B.ST,112.36827850341795,113.54964447021484,112.09031677246094,112.9242172241211,461347,86.47323437193836,0.0,1.0,yahoo,2024-06-23 23:05:15
2010-06-15,GETI-B.ST,112.50726318359376,113.27167510986328,112.02082061767578,112.99370574951172,727009,86.52644614253968,0.0,1.0,yahoo,2024-06-23 23:05:15
2010-06-16,GETI-B.ST,113.61913299560548,113.96659088134766,112.29878997802734,113.89710235595705,991372,87.21823421422422,0.0,1.0,yahoo,2024-06-23 23:05:15
2010-06-17,GETI-B.ST,113.41065979003906,113.8970947265625,111.95133972167967,112.71573638916016,737365,86.31358737551196,0.0,1.0,yahoo,2024-06-23 23:05:15
2010-06-18,GETI-B.ST,112.36827850341795,113.82760620117188,111.95133209228516,113.3411636352539,956581,86.79251668016875,0.0,1.0,yahoo,2024-06-23 23:05:15
2010-06-21,GETI-B.ST,114.24456024169922,114.66151428222656,111.95133209228516,112.71573638916016,576250,86.31358737551196,0.0,1.0,yahoo,2024-06-23 23:05:15
2010-06-22,GETI-B.ST,112.5767593383789,113.3411636352539,111.60387420654295,112.36827850341795,785198,86.04751683788288,0.0,1.0,yahoo,2024-06-23 23:05:15
2010-06-23,GETI-B.ST,111.81234741210938,113.1326904296875,110.6309814453125,110.83946228027344,764780,84.87680530385279,0.0,1.0,yahoo,2024-06-23 23:05:15
2010-06-24,GETI-B.ST,111.18692016601562,111.74285125732422,108.19876861572266,108.89369201660156,900610,83.3868056192811,0.0,1.0,yahoo,2024-06-23 23:05:15
2010-06-28,GETI-B.ST,108.75470733642578,108.9631805419922,106.114013671875,107.01741027832033,1433954,81.95001770531073,0.0,1.0,yahoo,2024-06-23 23:05:15
2010-06-29,GETI-B.ST,106.18350982666016,106.25299835205078,104.23773956298828,104.51570129394533,1120947,80.03430048668356,0.0,1.0,yahoo,2024-06-23 23:05:15
2010-06-30,GETI-B.ST,104.51570129394533,105.41909790039062,103.54281616210938,105.41909790039062,1208369,80.72608855836809,0.0,1.0,yahoo,2024-06-23 23:05:15
2010-07-01,GETI-B.ST,104.6546859741211,105.349609375,101.94450378417967,102.70891571044922,1229409,78.65073018562573,0.0,1.0,yahoo,2024-06-23 23:05:15
2010-07-02,GETI-B.ST,103.75129699707033,103.95977020263672,101.94450378417967,102.15298461914062,867189,78.22501849388148,0.0,1.0,yahoo,2024-06-23 23:05:15
2010-07-05,GETI-B.ST,102.77841186523438,103.68180084228516,101.45806121826172,101.80552673339844,599743,77.95894795625242,0.0,1.0,yahoo,2024-06-23 23:05:15
2010-07-06,GETI-B.ST,102.6394271850586,104.37672424316406,102.15298461914062,104.16824340820312,788340,79.7682299490545,0.0,1.0,yahoo,2024-06-23 23:05:15
2010-07-07,GETI-B.ST,102.98688507080078,103.82078552246094,102.08348846435548,103.54281616210938,907239,79.28930064439771,0.0,1.0,yahoo,2024-06-23 23:05:15
2010-07-08,GETI-B.ST,103.95977020263672,105.48858642578124,102.847900390625,104.72418212890624,1204335,80.19394748310995,0.0,1.0,yahoo,2024-06-23 23:05:15
2010-07-09,GETI-B.ST,105.21062469482422,108.19876861572266,104.93265533447266,107.71232604980467,984983,82.48215878056882,0.0,1.0,yahoo,2024-06-23 23:05:15
2010-07-12,GETI-B.ST,111.18692016601562,112.5767593383789,109.03267669677734,112.5767593383789,1648414,86.2071638343093,0.0,1.0,yahoo,2024-06-23 23:05:15
2010-07-13,GETI-B.ST,112.5767593383789,116.81575775146484,111.74285125732422,116.05134582519533,1536399,88.86787505291112,0.0,1.0,yahoo,2024-06-23 23:05:15
2010-07-14,GETI-B.ST,116.74626922607422,117.92762756347656,116.60728454589844,117.71915435791016,1390275,90.14502181276629,0.0,1.0,yahoo,2024-06-23 23:05:15
2010-07-15,GETI-B.ST,117.16321563720705,117.649658203125,113.89710235595705,115.00897216796876,1165885,88.06966344002394,0.0,1.0,yahoo,2024-06-23 23:05:15
2010-07-16,GETI-B.ST,115.77337646484376,116.53778839111328,113.96659088134766,114.5920181274414,1008751,87.75037528948232,0.0,1.0,yahoo,2024-06-23 23:05:15
2010-07-19,GETI-B.ST,114.5920181274414,115.8428726196289,113.27167510986328,113.89710235595705,580658,87.21823421422422,0.0,1.0,yahoo,2024-06-23 23:05:15
2010-07-20,GETI-B.ST,114.9394760131836,115.35643005371094,111.74285125732422,112.02082061767578,759981,85.78144630025383,0.0,1.0,yahoo,2024-06-23 23:05:15
2010-07-21,GETI-B.ST,112.99370574951172,114.24456024169922,111.81234741210938,112.5767593383789,782542,86.2071638343093,0.0,1.0,yahoo,2024-06-23 23:05:15
2010-07-22,GETI-B.ST,112.78523254394533,113.82760620117188,111.95133209228516,112.43777465820312,1111953,86.10073445079544,0.0,1.0,yahoo,2024-06-23 23:05:15
2010-07-23,GETI-B.ST,112.78523254394533,113.06320190429688,111.4648895263672,111.74285125732422,658372,85.56858753322611,0.0,1.0,yahoo,2024-06-23 23:05:15
2010-07-26,GETI-B.ST,112.85472106933594,112.85472106933594,110.97844696044922,111.8818359375,499583,85.67501691673996,0.0,1.0,yahoo,2024-06-23 23:05:15
2010-07-27,GETI-B.ST,112.36827850341795,114.52252960205078,112.15980529785156,113.20218658447266,911428,86.6860931389661,0.0,1.0,yahoo,2024-06-23 23:05:15
2010-07-28,GETI-B.ST,113.89710235595705,113.89710235595705,111.74285125732422,111.95133209228516,545094,85.72823452965251,0.0,1.0,yahoo,2024-06-23 23:05:15
2010-07-29,GETI-B.ST,112.43777465820312,112.99370574951172,111.18692016601562,111.39539337158205,543731,85.30251699559706,0.0,1.0,yahoo,2024-06-23 23:05:15
2010-07-30,GETI-B.ST,111.6733627319336,112.09031677246094,109.8665771484375,111.04793548583984,904290,85.03644645796798,0.0,1.0,yahoo,2024-06-23 23:05:15
2010-08-02,GETI-B.ST,111.18692016601562,113.1326904296875,111.18692016601562,112.99370574951172,766133,86.52644614253968,0.0,1.0,yahoo,2024-06-23 23:05:15
2010-08-03,GETI-B.ST,112.99370574951172,113.27167510986328,112.09031677246094,113.1326904296875,888441,86.63287552605355,0.0,1.0,yahoo,2024-06-23 23:05:15
2010-08-04,GETI-B.ST,112.71573638916016,113.20218658447266,112.2292938232422,112.2292938232422,942952,85.94108745436904,0.0,1.0,yahoo,2024-06-23 23:05:15
2010-08-05,GETI-B.ST,112.29878997802734,112.64624786376952,112.02082061767578,112.43777465820312,733397,86.10073445079544,0.0,1.0,yahoo,2024-06-23 23:05:15
2010-08-06,GETI-B.ST,112.64624786376952,113.61913299560548,111.74285125732422,111.95133209228516,882628,85.72823452965251,0.0,1.0,yahoo,2024-06-23 23:05:15
2010-08-09,GETI-B.ST,112.2292938232422,113.3411636352539,112.09031677246094,112.29878997802734,573358,85.99430506728157,0.0,1.0,yahoo,2024-06-23 23:05:15
2010-08-10,GETI-B.ST,112.29878997802734,113.06320190429688,111.6733627319336,111.74285125732422,587453,85.56858753322611,0.0,1.0,yahoo,2024-06-23 23:05:15
2010-08-11,GETI-B.ST,110.90895080566406,111.39539337158205,109.1716537475586,109.24114990234376,984560,83.65287615691017,0.0,1.0,yahoo,2024-06-23 23:05:15
2010-08-12,GETI-B.ST,109.1716537475586,110.28352355957033,107.99029541015624,108.12928009033205,1314393,82.80144693111045,0.0,1.0,yahoo,2024-06-23 23:05:15
2010-08-13,GETI-B.ST,109.51911926269533,109.51911926269533,107.5733413696289,108.47673797607422,883909,83.0675174687395,0.0,1.0,yahoo,2024-06-23 23:05:15
2010-08-16,GETI-B.ST,108.61572265625,110.6309814453125,108.0597915649414,109.79708099365234,786829,84.07858784865441,0.0,1.0,yahoo,2024-06-23 23:05:15
2010-08-17,GETI-B.ST,110.76996612548828,112.02082061767578,110.6309814453125,111.5343780517578,844787,85.4089463791109,0.0,1.0,yahoo,2024-06-23 23:05:15
2010-08-18,GETI-B.ST,111.6733627319336,112.9242172241211,111.25640869140624,111.81234741210938,738541,85.62180514613864,0.0,1.0,yahoo,2024-06-23 23:05:15
2010-08-19,GETI-B.ST,111.6733627319336,113.20218658447266,111.5343780517578,112.36827850341795,1651618,86.04751683788288,0.0,1.0,yahoo,2024-06-23 23:05:15
2010-08-20,GETI-B.ST,112.36827850341795,113.1326904296875,110.90895080566406,111.4648895263672,1181587,85.3557346085096,0.0,1.0,yahoo,2024-06-23 23:05:15
2010-08-23,GETI-B.ST,111.117431640625,111.5343780517578,109.44962310791016,110.21403503417967,1034153,84.39787599919599,0.0,1.0,yahoo,2024-06-23 23:05:15
2010-08-24,GETI-B.ST,110.0750503540039,110.0750503540039,107.92080688476562,108.4072494506836,1301553,83.01430569813817,0.0,1.0,yahoo,2024-06-23 23:05:15
2010-08-25,GETI-B.ST,108.33775329589844,108.33775329589844,103.1953582763672,104.0987548828125,3392308,79.71501817845318,0.0,1.0,yahoo,2024-06-23 23:05:15
2010-08-26,GETI-B.ST,105.00214385986328,105.5580825805664,103.54281616210938,104.44621276855467,1063386,79.98108871608223,0.0,1.0,yahoo,2024-06-23 23:05:15
2010-08-27,GETI-B.ST,104.58519744873048,105.349609375,102.36145782470705,104.0987548828125,892907,79.71501817845318,0.0,1.0,yahoo,2024-06-23 23:05:15
2010-08-30,GETI-B.ST,104.3072280883789,105.14112854003906,103.1953582763672,104.16824340820312,439060,79.7682299490545,0.0,1.0,yahoo,2024-06-23 23:05:15
2010-08-31,GETI-B.ST,103.54281616210938,103.54281616210938,101.80552673339844,103.12586975097656,1672439,78.97001833616733,0.0,1.0,yahoo,2024-06-23 23:05:15
2010-09-01,GETI-B.ST,103.8902816772461,107.08689880371094,102.91739654541016,107.08689880371094,1316403,82.00322947591205,0.0,1.0,yahoo,2024-06-23 23:05:15
2010-09-02,GETI-B.ST,107.08689880371094,107.64283752441406,105.83605194091795,107.29537963867188,1032933,82.16287647233845,0.0,1.0,yahoo,2024-06-23 23:05:15
2010-09-03,GETI-B.ST,107.71232604980467,108.68521118164062,107.08689880371094,108.33775329589844,1140938,82.96108808522563,0.0,1.0,yahoo,2024-06-23 23:05:15
2010-09-06,GETI-B.ST,108.54623413085938,110.4225082397461,108.47673797607422,109.93606567382812,777078,84.18501723216828,0.0,1.0,yahoo,2024-06-23 23:05:15
2010-09-07,GETI-B.ST,110.14453887939452,110.97844696044922,109.24114990234376,110.0750503540039,2717742,84.29144661568213,0.0,1.0,yahoo,2024-06-23 23:05:15
2010-09-08,GETI-B.ST,110.00556182861328,112.71573638916016,109.79708099365234,112.71573638916016,1198483,86.31358737551196,0.0,1.0,yahoo,2024-06-23 23:05:15
2010-09-09,GETI-B.ST,112.9242172241211,113.41065979003906,111.60387420654295,112.9242172241211,1627446,86.47323437193836,0.0,1.0,yahoo,2024-06-23 23:05:15
2010-09-10,GETI-B.ST,112.9242172241211,113.75811767578124,112.09031677246094,113.48014831542967,679028,86.8989460636826,0.0,1.0,yahoo,2024-06-23 23:05:15
2010-09-13,GETI-B.ST,113.82760620117188,114.10557556152344,112.64624786376952,112.9242172241211,896973,86.47323437193836,0.0,1.0,yahoo,2024-06-23 23:05:15
2010-09-14,GETI-B.ST,112.9242172241211,115.21744537353516,112.15980529785156,115.14795684814452,1299234,88.17609282353779,0.0,1.0,yahoo,2024-06-23 23:05:15
2010-09-15,GETI-B.ST,114.9394760131836,115.21744537353516,113.27167510986328,114.66151428222656,1253538,87.80359290239487,0.0,1.0,yahoo,2024-06-23 23:05:15
2010-09-16,GETI-B.ST,115.00897216796876,116.12084197998048,113.3411636352539,114.5920181274414,1835153,87.75037528948232,0.0,1.0,yahoo,2024-06-23 23:05:15
2010-09-17,GETI-B.ST,115.42591857910156,115.49541473388672,112.15980529785156,112.15980529785156,4505698,85.8878756837677,0.0,1.0,yahoo,2024-06-23 23:05:15
2010-09-20,GETI-B.ST,112.36827850341795,114.1750717163086,112.15980529785156,113.41065979003906,1373352,86.84573429308129,0.0,1.0,yahoo,2024-06-23 23:05:15
2010-09-21,GETI-B.ST,113.48014831542967,114.66151428222656,113.1326904296875,114.31404876708984,910107,87.5375165224546,0.0,1.0,yahoo,2024-06-23 23:05:15
2010-09-22,GETI-B.ST,114.5920181274414,114.5920181274414,112.2292938232422,112.71573638916016,674456,86.31358737551196,0.0,1.0,yahoo,2024-06-23 23:05:15
2010-09-23,GETI-B.ST,113.27167510986328,113.75811767578124,112.09031677246094,112.99370574951172,1031863,86.52644614253968,0.0,1.0,yahoo,2024-06-23 23:05:15
2010-09-24,GETI-B.ST,113.20218658447266,115.21744537353516,112.5767593383789,115.00897216796876,801442,88.06966344002394,0.0,1.0,yahoo,2024-06-23 23:05:15
2010-09-27,GETI-B.ST,114.9394760131836,115.42591857910156,112.5767593383789,112.5767593383789,876077,86.2071638343093,0.0,1.0,yahoo,2024-06-23 23:05:15
2010-09-28,GETI-B.ST,112.15980529785156,112.15980529785156,109.72759246826172,110.83946228027344,1773800,84.87680530385279,0.0,1.0,yahoo,2024-06-23 23:05:15
2010-09-29,GETI-B.ST,111.4648895263672,111.8818359375,107.92080688476562,108.47673797607422,2564360,83.0675174687395,0.0,1.0,yahoo,2024-06-23 23:05:15
2010-09-30,GETI-B.ST,108.4072494506836,111.04793548583984,107.08689880371094,109.44962310791016,1413065,83.81251731102535,0.0,1.0,yahoo,2024-06-23 23:05:15
2010-10-01,GETI-B.ST,110.00556182861328,110.76996612548828,108.2682647705078,108.9631805419922,939949,83.44001738988243,0.0,1.0,yahoo,2024-06-23 23:05:15
2010-10-04,GETI-B.ST,109.44962310791016,109.65809631347656,106.66995239257812,106.73944091796876,998577,81.737158938283,0.0,1.0,yahoo,2024-06-23 23:05:15
2010-10-05,GETI-B.ST,106.32249450683594,109.03267669677734,105.349609375,108.47673797607422,1324206,83.0675174687395,0.0,1.0,yahoo,2024-06-23 23:05:15
2010-10-06,GETI-B.ST,108.68521118164062,110.0750503540039,108.33775329589844,108.9631805419922,1077188,83.44001738988243,0.0,1.0,yahoo,2024-06-23 23:05:15
2010-10-07,GETI-B.ST,108.54623413085938,108.9631805419922,104.58519744873048,106.39198303222656,2813808,81.47108840065393,0.0,1.0,yahoo,2024-06-23 23:05:15
2010-10-08,GETI-B.ST,105.97503662109376,106.25299835205078,104.79367065429688,105.21062469482422,1375307,80.5664474042529,0.0,1.0,yahoo,2024-06-23 23:05:15
2010-10-11,GETI-B.ST,105.21062469482422,107.22588348388672,105.21062469482422,106.46147918701172,1217013,81.52430601356647,0.0,1.0,yahoo,2024-06-23 23:05:15
2010-10-12,GETI-B.ST,106.32249450683594,108.61572265625,105.349609375,108.54623413085938,1457890,83.12073508165204,0.0,1.0,yahoo,2024-06-23 23:05:15
2010-10-13,GETI-B.ST,109.10216522216795,109.10216522216795,107.43436431884766,107.5733413696289,1835813,82.37572939705497,0.0,1.0,yahoo,2024-06-23 23:05:15
2010-10-14,GETI-B.ST,108.4072494506836,108.8241958618164,106.60045623779295,106.66995239257812,1148470,81.68394716768167,0.0,1.0,yahoo,2024-06-23 23:05:15
2010-10-15,GETI-B.ST,106.66995239257812,107.29537963867188,105.7665557861328,106.04452514648438,1310450,81.20501786302488,0.0,1.0,yahoo,2024-06-23 23:05:15
2010-10-18,GETI-B.ST,106.94792175292967,108.33775329589844,106.04452514648438,108.0597915649414,1124746,82.74823516050911,0.0,1.0,yahoo,2024-06-23 23:05:15
2010-10-19,GETI-B.ST,108.61572265625,109.10216522216795,101.0411148071289,102.56993103027344,5676110,78.54430080211186,0.0,1.0,yahoo,2024-06-23 23:05:15
2010-10-20,GETI-B.ST,102.847900390625,103.68180084228516,101.5970458984375,103.26485443115234,3013640,79.0764477196812,0.0,1.0,yahoo,2024-06-23 23:05:15
2010-10-21,GETI-B.ST,103.12586975097656,103.12586975097656,100.90213012695312,101.94450378417967,3000328,78.06537149745506,0.0,1.0,yahoo,2024-06-23 23:05:15
2010-10-22,GETI-B.ST,101.94450378417967,101.94450378417967,100.76314544677734,100.76314544677734,1535291,77.16073050105403,0.0,1.0,yahoo,2024-06-23 23:05:15
2010-10-25,GETI-B.ST,101.31908416748048,102.70891571044922,100.8326416015625,101.94450378417967,1833445,78.06537149745506,0.0,1.0,yahoo,2024-06-23 23:05:15
2010-10-26,GETI-B.ST,101.45806121826172,101.45806121826172,99.65127563476562,100.34619140625,1680636,76.84144235051242,0.0,1.0,yahoo,2024-06-23 23:05:15
2010-10-27,GETI-B.ST,100.27670288085938,100.90213012695312,99.65127563476562,100.06822967529295,1234974,76.62858942579591,0.0,1.0,yahoo,2024-06-23 23:05:15
2010-10-28,GETI-B.ST,100.1377182006836,100.90213012695312,98.46991729736328,98.81737518310548,1119782,75.67073081648235,0.0,1.0,yahoo,2024-06-23 23:05:15
2010-10-29,GETI-B.ST,98.3309326171875,99.2343292236328,97.2885513305664,98.3309326171875,2040517,75.2982308953394,0.0,1.0,yahoo,2024-06-23 23:05:15
2010-11-01,GETI-B.ST,98.67839050292967,99.2343292236328,97.49703216552734,98.74788665771484,1721439,75.61751904588101,0.0,1.0,yahoo,2024-06-23 23:05:15
2010-11-02,GETI-B.ST,99.37330627441406,101.66654205322266,99.09534454345705,101.18009948730467,1470221,77.48001865159561,0.0,1.0,yahoo,2024-06-23 23:05:15
2010-11-03,GETI-B.ST,102.08348846435548,102.5004425048828,100.8326416015625,100.97161865234376,994245,77.32037165516923,0.0,1.0,yahoo,2024-06-23 23:05:15
2010-11-04,GETI-B.ST,102.15298461914062,102.6394271850586,101.24958801269533,102.01399993896484,1296529,78.11858911036761,0.0,1.0,yahoo,2024-06-23 23:05:15
2010-11-05,GETI-B.ST,102.5004425048828,102.6394271850586,101.31908416748048,101.31908416748048,591761,77.58644803510951,0.0,1.0,yahoo,2024-06-23 23:05:15
2010-11-08,GETI-B.ST,101.87501525878906,102.77841186523438,101.66654205322266,102.43094635009766,870108,78.437871418598,0.0,1.0,yahoo,2024-06-23 23:05:15
2010-11-09,GETI-B.ST,102.70891571044922,103.1953582763672,102.2919692993164,103.1953582763672,746343,79.02323010676866,0.0,1.0,yahoo,2024-06-23 23:05:15
2010-11-10,GETI-B.ST,103.47332763671876,103.47332763671876,102.2919692993164,102.70891571044922,691730,78.65073018562573,0.0,1.0,yahoo,2024-06-23 23:05:15
2010-11-11,GETI-B.ST,103.1953582763672,103.1953582763672,102.08348846435548,102.847900390625,826867,78.75715956913959,0.0,1.0,yahoo,2024-06-23 23:05:15
2010-11-12,GETI-B.ST,102.5004425048828,102.6394271850586,100.97161865234376,101.5970458984375,762203,77.79930095982601,0.0,1.0,yahoo,2024-06-23 23:05:15
2010-11-15,GETI-B.ST,101.11060333251952,102.15298461914062,100.76314544677734,101.87501525878906,602827,78.01215972685374,0.0,1.0,yahoo,2024-06-23 23:05:15
2010-11-16,GETI-B.ST,101.94450378417967,101.94450378417967,100.76314544677734,101.18009948730467,705582,77.48001865159561,0.0,1.0,yahoo,2024-06-23 23:05:15
2010-11-17,GETI-B.ST,100.8326416015625,102.15298461914062,99.7902603149414,101.87501525878906,791304,78.01215972685374,0.0,1.0,yahoo,2024-06-23 23:05:15
2010-11-18,GETI-B.ST,102.01399993896484,102.6394271850586,101.66654205322266,102.5004425048828,854408,78.49108903151053,0.0,1.0,yahoo,2024-06-23 23:05:15
2010-11-19,GETI-B.ST,102.847900390625,102.847900390625,101.80552673339844,102.43094635009766,794569,78.437871418598,0.0,1.0,yahoo,2024-06-23 23:05:15
2010-11-22,GETI-B.ST,102.70891571044922,102.91739654541016,100.20721435546876,100.76314544677734,1611006,77.16073050105403,0.0,1.0,yahoo,2024-06-23 23:05:15
2010-11-23,GETI-B.ST,99.72077178955078,100.27670288085938,99.09534454345705,99.37330627441406,1561651,76.09644250822657,0.0,1.0,yahoo,2024-06-23 23:05:15
2010-11-24,GETI-B.ST,99.37330627441406,100.76314544677734,99.02584838867188,100.76314544677734,1349137,77.16073050105403,0.0,1.0,yahoo,2024-06-23 23:05:15
2010-11-25,GETI-B.ST,101.3885726928711,101.87501525878906,101.0411148071289,101.73603057861328,853192,77.90573034333988,0.0,1.0,yahoo,2024-06-23 23:05:15
2010-11-26,GETI-B.ST,101.66654205322266,103.33434295654295,101.5970458984375,103.12586975097656,1091067,78.97001833616733,0.0,1.0,yahoo,2024-06-23 23:05:15
2010-11-29,GETI-B.ST,103.12586975097656,103.54281616210938,101.45806121826172,101.80552673339844,996597,77.95894795625242,0.0,1.0,yahoo,2024-06-23 23:05:15
2010-11-30,GETI-B.ST,101.80552673339844,102.847900390625,101.18009948730467,102.56993103027344,1481849,78.54430080211186,0.0,1.0,yahoo,2024-06-23 23:05:15
2010-12-01,GETI-B.ST,103.0563735961914,103.0563735961914,101.52755737304688,102.6394271850586,2091598,78.5975184150244,0.0,1.0,yahoo,2024-06-23 23:05:15
2010-12-02,GETI-B.ST,102.5004425048828,103.1953582763672,101.94450378417967,103.1953582763672,933226,79.02323010676866,0.0,1.0,yahoo,2024-06-23 23:05:15
2010-12-03,GETI-B.ST,103.12586975097656,103.82078552246094,102.5004425048828,103.82078552246094,1126754,79.50215941142544,0.0,1.0,yahoo,2024-06-23 23:05:15
2010-12-06,GETI-B.ST,103.61231231689452,104.16824340820312,102.98688507080078,104.16824340820312,585805,79.7682299490545,0.0,1.0,yahoo,2024-06-23 23:05:15
2010-12-07,GETI-B.ST,103.95977020263672,104.79367065429688,103.26485443115234,103.82078552246094,859823,79.50215941142544,0.0,1.0,yahoo,2024-06-23 23:05:15
2010-12-08,GETI-B.ST,103.82078552246094,104.58519744873048,103.75129699707033,104.44621276855467,814740,79.98108871608223,0.0,1.0,yahoo,2024-06-23 23:05:15
2010-12-09,GETI-B.ST,104.79367065429688,104.79367065429688,102.36145782470705,102.5004425048828,1032147,78.49108903151053,0.0,1.0,yahoo,2024-06-23 23:05:15
2010-12-10,GETI-B.ST,101.87501525878906,102.01399993896484,99.72077178955078,100.1377182006836,2080529,76.68180119639723,0.0,1.0,yahoo,2024-06-23 23:05:15
2010-12-13,GETI-B.ST,100.06822967529295,100.27670288085938,98.81737518310548,99.37330627441406,1461471,76.09644250822657,0.0,1.0,yahoo,2024-06-23 23:05:15
2010-12-14,GETI-B.ST,99.37330627441406,101.31908416748048,99.09534454345705,100.90213012695312,1716611,77.26715988456789,0.0,1.0,yahoo,2024-06-23 23:05:15
2010-12-15,GETI-B.ST,100.8326416015625,100.97161865234376,96.45465087890624,97.56652069091795,2809244,74.71287220716873,0.0,1.0,yahoo,2024-06-23 23:05:15
2010-12-16,GETI-B.ST,97.7750015258789,97.7750015258789,96.59363555908205,96.94109344482422,2472774,74.23394290251196,0.0,1.0,yahoo,2024-06-23 23:05:15
2010-12-17,GETI-B.ST,96.94109344482422,97.01058959960938,96.24617767333984,96.6631317138672,2092933,74.02108997779546,0.0,1.0,yahoo,2024-06-23 23:05:15
2010-12-20,GETI-B.ST,96.59363555908205,96.8716049194336,94.85633850097656,94.92583465576172,1848047,72.69073144733893,0.0,1.0,yahoo,2024-06-23 23:05:15
2010-12-21,GETI-B.ST,95.34278106689452,97.4275360107422,95.20379638671876,97.2885513305664,1481080,74.50001344014102,0.0,1.0,yahoo,2024-06-23 23:05:15
2010-12-22,GETI-B.ST,97.2885513305664,97.63601684570312,95.75973510742188,96.5241470336914,1263706,73.91466059428157,0.0,1.0,yahoo,2024-06-23 23:05:15
2010-12-23,GETI-B.ST,96.59363555908205,96.59363555908205,95.96820831298828,96.10719299316406,452949,73.59537244373998,0.0,1.0,yahoo,2024-06-23 23:05:15
2010-12-27,GETI-B.ST,96.24617767333984,97.21906280517578,95.55126190185548,96.7326202392578,561953,74.07430174839675,0.0,1.0,yahoo,2024-06-23 23:05:15
2010-12-28,GETI-B.ST,96.7326202392578,98.40042114257812,96.7326202392578,97.7750015258789,1130590,74.87251920359516,0.0,1.0,yahoo,2024-06-23 23:05:15
2010-12-29,GETI-B.ST,97.91397857666016,98.40042114257812,97.63601684570312,98.19194793701172,1031496,75.19180151182555,0.0,1.0,yahoo,2024-06-23 23:05:15
2010-12-30,GETI-B.ST,98.3309326171875,99.02584838867188,97.91397857666016,97.91397857666016,1143587,74.9789427447978,0.0,1.0,yahoo,2024-06-23 23:05:15
2011-01-03,GETI-B.ST,99.09534454345705,100.8326416015625,98.74788665771484,100.62416076660156,971078,77.05430111754016,0.0,1.0,yahoo,2024-06-23 23:05:15
2011-01-04,GETI-B.ST,100.62416076660156,101.24958801269533,99.7902603149414,100.34619140625,1040895,76.84144235051242,0.0,1.0,yahoo,2024-06-23 23:05:15
2011-01-05,GETI-B.ST,100.34619140625,100.48518371582033,99.37330627441406,99.44281005859376,479659,76.14966596345036,0.0,1.0,yahoo,2024-06-23 23:05:15
2011-01-07,GETI-B.ST,101.94450378417967,102.36145782470705,99.2343292236328,99.51229095458984,1464475,76.20287189174044,0.0,1.0,yahoo,2024-06-23 23:05:15
2011-01-10,GETI-B.ST,100.69365692138672,103.95977020263672,100.06822967529295,103.75129699707033,1810064,79.44894764082413,0.0,1.0,yahoo,2024-06-23 23:05:15
2011-01-11,GETI-B.ST,103.8902816772461,107.85131072998048,103.12586975097656,106.114013671875,2504461,81.2582296336262,0.0,1.0,yahoo,2024-06-23 23:05:15
2011-01-12,GETI-B.ST,106.18350982666016,108.89369201660156,105.97503662109376,108.75470733642578,2370211,83.28037623576724,0.0,1.0,yahoo,2024-06-23 23:05:15
2011-01-13,GETI-B.ST,109.10216522216795,110.4225082397461,108.2682647705078,109.79708099365234,4291651,84.07858784865441,0.0,1.0,yahoo,2024-06-23 23:05:15
2011-01-14,GETI-B.ST,109.79708099365234,109.93606567382812,108.68521118164062,109.44962310791016,1349906,83.81251731102535,0.0,1.0,yahoo,2024-06-23 23:05:15
2011-01-17,GETI-B.ST,109.44962310791016,109.93606567382812,108.75470733642578,109.10216522216795,727222,83.54644677339628,0.0,1.0,yahoo,2024-06-23 23:05:15
2011-01-18,GETI-B.ST,109.24114990234376,110.00556182861328,108.19876861572266,110.00556182861328,1365789,84.23823484508081,0.0,1.0,yahoo,2024-06-23 23:05:15
2011-01-19,GETI-B.ST,110.4225082397461,110.97844696044922,108.19876861572266,108.68521118164062,1628332,83.22715862285469,0.0,1.0,yahoo,2024-06-23 23:05:15
2011-01-20,GETI-B.ST,108.54623413085938,108.54623413085938,104.93265533447266,105.62757110595705,1866410,80.88572971248328,0.0,1.0,yahoo,2024-06-23 23:05:15
2011-01-21,GETI-B.ST,105.83605194091795,105.83605194091795,104.58519744873048,105.00214385986328,1205389,80.40680040782648,0.0,1.0,yahoo,2024-06-23 23:05:15
2011-01-24,GETI-B.ST,105.5580825805664,106.25299835205078,104.23773956298828,105.97503662109376,1636701,81.15180609242357,0.0,1.0,yahoo,2024-06-23 23:05:15
2011-01-25,GETI-B.ST,105.97503662109376,107.08689880371094,104.6546859741211,106.114013671875,1110412,81.2582296336262,0.0,1.0,yahoo,2024-06-23 23:05:15
2011-01-26,GETI-B.ST,106.66995239257812,109.31063842773438,105.83605194091795,108.33775329589844,3014318,82.96108808522563,0.0,1.0,yahoo,2024-06-23 23:05:15
2011-01-27,GETI-B.ST,108.68521118164062,111.3259048461914,108.47673797607422,111.3259048461914,1714362,85.24930522499572,0.0,1.0,yahoo,2024-06-23 23:05:15
2011-01-28,GETI-B.ST,111.60387420654295,111.81234741210938,109.44962310791016,109.44962310791016,1270048,83.81251731102535,0.0,1.0,yahoo,2024-06-23 23:05:15
2011-01-31,GETI-B.ST,108.89369201660156,109.93606567382812,108.0597915649414,108.8241958618164,1141827,83.33358800636856,0.0,1.0,yahoo,2024-06-23 23:05:15
2011-02-01,GETI-B.ST,109.1716537475586,110.14453887939452,108.33775329589844,108.9631805419922,1068778,83.44001738988243,0.0,1.0,yahoo,2024-06-23 23:05:15
2011-02-02,GETI-B.ST,109.44962310791016,109.8665771484375,107.1563949584961,107.1563949584961,1454735,82.0564470888246,0.0,1.0,yahoo,2024-06-23 23:05:15
2011-02-03,GETI-B.ST,107.50385284423828,107.64283752441406,105.97503662109376,105.97503662109376,1443024,81.15180609242357,0.0,1.0,yahoo,2024-06-23 23:05:15
2011-02-04,GETI-B.ST,106.18350982666016,107.5733413696289,106.04452514648438,106.94792175292967,1261513,81.89680593470939,0.0,1.0,yahoo,2024-06-23 23:05:15
2011-02-07,GETI-B.ST,107.3648681640625,108.12928009033205,106.04452514648438,106.114013671875,1068147,81.2582296336262,0.0,1.0,yahoo,2024-06-23 23:05:15
2011-02-08,GETI-B.ST,106.60045623779295,106.8089370727539,104.23773956298828,104.79367065429688,1237893,80.24715925371129,0.0,1.0,yahoo,2024-06-23 23:05:15
2011-02-09,GETI-B.ST,104.79367065429688,105.5580825805664,104.44621276855467,104.79367065429688,888556,80.24715925371129,0.0,1.0,yahoo,2024-06-23 23:05:15
2011-02-10,GETI-B.ST,104.6546859741211,105.6970672607422,103.33434295654295,105.14112854003906,918036,80.51322979134035,0.0,1.0,yahoo,2024-06-23 23:05:15
2011-02-11,GETI-B.ST,105.00214385986328,105.5580825805664,104.0987548828125,105.5580825805664,576119,80.83251794188195,0.0,1.0,yahoo,2024-06-23 23:05:15
2011-02-14,GETI-B.ST,105.83605194091795,106.39198303222656,105.21062469482422,106.32249450683594,1347618,81.4178766300526,0.0,1.0,yahoo,2024-06-23 23:05:15
2011-02-15,GETI-B.ST,106.66995239257812,106.66995239257812,104.37672424316406,105.21062469482422,710597,80.5664474042529,0.0,1.0,yahoo,2024-06-23 23:05:15
2011-02-16,GETI-B.ST,105.21062469482422,105.62757110595705,103.47332763671876,103.54281616210938,957735,79.28930064439771,0.0,1.0,yahoo,2024-06-23 23:05:15
2011-02-17,GETI-B.ST,103.95977020263672,104.3072280883789,101.31908416748048,102.01399993896484,1339964,78.11858911036761,0.0,1.0,yahoo,2024-06-23 23:05:15
2011-02-18,GETI-B.ST,102.15298461914062,102.847900390625,101.3885726928711,101.94450378417967,752402,78.06537149745506,0.0,1.0,yahoo,2024-06-23 23:05:15
2011-02-21,GETI-B.ST,101.80552673339844,103.47332763671876,101.80552673339844,102.77841186523438,910570,78.70394779853827,0.0,1.0,yahoo,2024-06-23 23:05:15
2011-02-22,GETI-B.ST,102.15298461914062,102.77841186523438,101.5970458984375,102.5004425048828,1793515,78.49108903151053,0.0,1.0,yahoo,2024-06-23 23:05:15
2011-02-23,GETI-B.ST,102.15298461914062,103.8902816772461,101.80552673339844,103.33434295654295,1356384,79.1296594902825,0.0,1.0,yahoo,2024-06-23 23:05:15
2011-02-24,GETI-B.ST,102.77841186523438,105.97503662109376,101.87501525878906,105.14112854003906,1164383,80.51322979134035,0.0,1.0,yahoo,2024-06-23 23:05:15
2011-02-25,GETI-B.ST,105.48858642578124,107.1563949584961,105.07164001464844,106.04452514648438,1060120,81.20501786302488,0.0,1.0,yahoo,2024-06-23 23:05:15
2011-02-28,GETI-B.ST,106.53096771240234,108.9631805419922,106.18350982666016,107.50385284423828,1271951,82.32251762645365,0.0,1.0,yahoo,2024-06-23 23:05:15
2011-03-01,GETI-B.ST,107.99029541015624,108.33775329589844,106.18350982666016,106.60045623779295,587377,81.63072955476912,0.0,1.0,yahoo,2024-06-23 23:05:15
2011-03-02,GETI-B.ST,106.32249450683594,106.32249450683594,104.72418212890624,105.00214385986328,839323,80.40680040782648,0.0,1.0,yahoo,2024-06-23 23:05:15
2011-03-03,GETI-B.ST,105.00214385986328,107.08689880371094,104.93265533447266,106.53096771240234,739499,81.5775177841678,0.0,1.0,yahoo,2024-06-23 23:05:15
2011-03-04,GETI-B.ST,107.01741027832033,109.24114990234376,106.60045623779295,108.4072494506836,1566097,83.01430569813817,0.0,1.0,yahoo,2024-06-23 23:05:15
2011-03-07,GETI-B.ST,108.47673797607422,109.44962310791016,107.22588348388672,108.19876861572266,1333762,82.85465870171177,0.0,1.0,yahoo,2024-06-23 23:05:15
2011-03-08,GETI-B.ST,108.4072494506836,109.31063842773438,107.92080688476562,108.4072494506836,898456,83.01430569813817,0.0,1.0,yahoo,2024-06-23 23:05:15
2011-03-09,GETI-B.ST,108.47673797607422,108.8241958618164,107.78182220458984,108.12928009033205,517650,82.80144693111045,0.0,1.0,yahoo,2024-06-23 23:05:15
2011-03-10,GETI-B.ST,108.0597915649414,109.03267669677734,106.53096771240234,106.87842559814452,890250,81.84358832179684,0.0,1.0,yahoo,2024-06-23 23:05:15
2011-03-11,GETI-B.ST,106.73944091796876,107.29537963867188,104.79367065429688,105.6970672607422,1083970,80.93894732539583,0.0,1.0,yahoo,2024-06-23 23:05:15
2011-03-14,GETI-B.ST,104.93265533447266,105.48858642578124,102.847900390625,103.12586975097656,999949,78.97001833616733,0.0,1.0,yahoo,2024-06-23 23:05:15
2011-03-15,GETI-B.ST,101.45806121826172,101.87501525878906,97.70550537109376,100.41568756103516,2595893,76.89465996342497,0.0,1.0,yahoo,2024-06-23 23:05:15
2011-03-16,GETI-B.ST,101.0411148071289,103.54281616210938,99.9292449951172,100.1377182006836,2117480,76.68180119639723,0.0,1.0,yahoo,2024-06-23 23:05:15
2011-03-17,GETI-B.ST,100.97161865234376,101.45806121826172,99.16483306884766,99.44280242919922,1404383,76.14966012113912,0.0,1.0,yahoo,2024-06-23 23:05:15
2011-03-18,GETI-B.ST,100.62416076660156,103.26485443115234,100.27670288085938,103.26485443115234,1813059,79.0764477196812,0.0,1.0,yahoo,2024-06-23 23:05:15
2011-03-21,GETI-B.ST,103.82078552246094,104.86316680908205,103.0563735961914,103.47332763671876,844158,79.23608887379639,0.0,1.0,yahoo,2024-06-23 23:05:15
2011-03-22,GETI-B.ST,103.95977020263672,104.16824340820312,101.94450378417967,102.77841186523438,942716,78.70394779853827,0.0,1.0,yahoo,2024-06-23 23:05:15
2011-03-23,GETI-B.ST,102.5004425048828,104.72418212890624,102.08348846435548,104.51570129394533,898887,80.03430048668356,0.0,1.0,yahoo,2024-06-23 23:05:15
2011-03-24,GETI-B.ST,104.86316680908205,106.114013671875,104.72418212890624,105.97503662109376,1112738,81.15180609242357,0.0,1.0,yahoo,2024-06-23 23:05:15
2011-03-25,GETI-B.ST,106.04452514648438,107.85131072998048,105.6970672607422,107.85131072998048,1111681,82.58858816408272,0.0,1.0,yahoo,2024-06-23 23:05:15
2011-03-28,GETI-B.ST,107.71232604980467,108.54623413085938,106.46147918701172,107.08689880371094,825767,82.00322947591205,0.0,1.0,yahoo,2024-06-23 23:05:15
2011-03-29,GETI-B.ST,107.01741027832033,108.12928009033205,106.87842559814452,108.12928009033205,1124286,82.80144693111045,0.0,1.0,yahoo,2024-06-23 23:05:15
2011-03-30,GETI-B.ST,108.75470733642578,110.14453887939452,107.22588348388672,108.54623413085938,1362977,83.12073508165204,0.0,1.0,yahoo,2024-06-23 23:05:15
2011-03-31,GETI-B.ST,108.4072494506836,108.89369201660156,107.85131072998048,108.2682647705078,1153555,82.9078763146243,0.0,1.0,yahoo,2024-06-23 23:05:15
2011-04-01,GETI-B.ST,109.24114990234376,109.72759246826172,107.64283752441406,108.68521118164062,1719320,83.22715862285469,0.0,1.0,yahoo,2024-06-23 23:05:15
2011-04-04,GETI-B.ST,108.89369201660156,109.93606567382812,108.12928009033205,109.58860778808594,743983,83.91894669453922,0.0,1.0,yahoo,2024-06-23 23:05:15
2011-04-05,GETI-B.ST,109.65809631347656,109.79708099365234,108.75470733642578,108.8241958618164,712377,83.33358800636856,0.0,1.0,yahoo,2024-06-23 23:05:15
2011-04-06,GETI-B.ST,109.24114990234376,110.76996612548828,108.54623413085938,110.76996612548828,909630,84.82358769094026,0.0,1.0,yahoo,2024-06-23 23:05:15
2011-04-07,GETI-B.ST,110.49200439453124,111.4648895263672,110.21403503417967,110.49200439453124,889822,84.61073476622373,0.0,1.0,yahoo,2024-06-23 23:05:15
2011-04-08,GETI-B.ST,110.6309814453125,111.4648895263672,110.35301971435548,111.4648895263672,579859,85.3557346085096,0.0,1.0,yahoo,2024-06-23 23:05:15
2011-04-11,GETI-B.ST,110.70047760009766,111.18692016601562,109.31063842773438,109.8665771484375,1001598,84.13180546156696,0.0,1.0,yahoo,2024-06-23 23:05:15
2011-04-12,GETI-B.ST,109.10216522216795,111.39539337158205,108.89369201660156,111.25640869140624,1302727,85.19608761208316,0.0,1.0,yahoo,2024-06-23 23:05:15
2011-04-13,GETI-B.ST,111.18692016601562,113.06320190429688,110.90895080566406,112.5767593383789,830235,86.2071638343093,0.0,1.0,yahoo,2024-06-23 23:05:15
2011-04-14,GETI-B.ST,112.2292938232422,112.50726318359376,111.25640869140624,111.8818359375,916827,85.67501691673996,0.0,1.0,yahoo,2024-06-23 23:05:15
2011-04-15,GETI-B.ST,111.8818359375,112.2292938232422,110.6309814453125,111.60387420654295,1145225,85.46216399202345,0.0,1.0,yahoo,2024-06-23 23:05:15
2011-04-18,GETI-B.ST,111.5343780517578,113.06320190429688,110.28352355957033,111.18692016601562,1289227,85.14287584148185,0.0,1.0,yahoo,2024-06-23 23:05:15
2011-04-19,GETI-B.ST,111.18692016601562,112.09031677246094,110.21403503417967,111.18692016601562,1241813,85.14287584148185,0.0,1.0,yahoo,2024-06-23 23:05:15
2011-04-20,GETI-B.ST,112.02082061767578,113.06320190429688,111.117431640625,111.8818359375,1151975,85.67501691673996,0.0,1.0,yahoo,2024-06-23 23:05:15
2011-04-21,GETI-B.ST,112.50725555419922,112.50725555419922,111.3259048461914,111.81233978271484,293014,85.62179930382743,0.0,1.0,yahoo,2024-06-23 23:05:15
2011-04-26,GETI-B.ST,111.95133209228516,113.06320190429688,111.5343780517578,112.5767593383789,967293,86.2071638343093,0.0,1.0,yahoo,2024-06-23 23:05:15
2011-04-27,GETI-B.ST,111.8818359375,113.61913299560548,108.47673797607422,111.39539337158205,2273998,85.30251699559706,0.0,1.0,yahoo,2024-06-23 23:05:15
2011-04-28,GETI-B.ST,109.72759246826172,109.72759246826172,107.99029541015624,109.65809631347656,1284235,86.34731635530056,3.064156,1.0,yahoo,2024-06-23 23:05:15
2011-04-29,GETI-B.ST,109.72759246826172,111.6733627319336,109.03267669677734,111.60387420654295,948759,87.87946678411578,0.0,1.0,yahoo,2024-06-23 23:05:15
2011-05-02,GETI-B.ST,111.6733627319336,111.6733627319336,109.44962310791016,109.58860778808594,711125,86.29259948635351,0.0,1.0,yahoo,2024-06-23 23:05:15
2011-05-03,GETI-B.ST,109.72759246826172,110.76996612548828,109.24114990234376,110.6309814453125,1205446,87.1133885659275,0.0,1.0,yahoo,2024-06-23 23:05:15
2011-05-04,GETI-B.ST,110.83946228027344,111.81234741210938,110.21403503417967,111.39539337158205,1462367,87.71530416215191,0.0,1.0,yahoo,2024-06-23 23:05:15
2011-05-05,GETI-B.ST,111.4648895263672,114.31404876708984,110.83946228027344,113.75811767578124,2841669,89.57576781977217,0.0,1.0,yahoo,2024-06-23 23:05:15
2011-05-06,GETI-B.ST,113.75811767578124,116.05134582519533,112.99370574951172,115.77337646484376,1026519,91.16262910997311,0.0,1.0,yahoo,2024-06-23 23:05:15
2011-05-09,GETI-B.ST,115.70388793945312,117.4411849975586,115.07846069335938,117.0937271118164,1177408,92.20230368801938,0.0,1.0,yahoo,2024-06-23 23:05:15
2011-05-10,GETI-B.ST,117.02423095703124,118.48355865478516,116.74626922607422,117.78864288330078,1334261,92.74949640773538,0.0,1.0,yahoo,2024-06-23 23:05:15
2011-05-11,GETI-B.ST,117.58016967773438,119.31746673583984,117.58016967773438,119.17848205566406,1454140,93.84388785472872,0.0,1.0,yahoo,2024-06-23 23:05:15
2011-05-12,GETI-B.ST,119.03949737548828,119.17848205566406,117.58016967773438,119.03949737548828,1231048,93.73444810927326,0.0,1.0,yahoo,2024-06-23 23:05:15
2011-05-13,GETI-B.ST,119.38695526123048,120.915771484375,118.83102416992188,120.22085571289062,971728,94.6646769343027,0.0,1.0,yahoo,2024-06-23 23:05:15
2011-05-16,GETI-B.ST,119.8039093017578,120.5683135986328,119.24797058105467,120.5683135986328,1371533,94.9382732941607,0.0,1.0,yahoo,2024-06-23 23:05:15
2011-05-17,GETI-B.ST,120.42933654785156,120.7072982788086,119.8039093017578,120.29035186767578,3346920,94.71939981081113,0.0,1.0,yahoo,2024-06-23 23:05:15
2011-05-18,GETI-B.ST,120.29035186767578,121.54119873046876,120.01238250732422,120.42933654785156,685479,94.8288395562666,0.0,1.0,yahoo,2024-06-23 23:05:15
2011-05-19,GETI-B.ST,120.5683135986328,121.05475616455078,119.17848205566406,119.52593994140624,1022385,94.11748421458671,0.0,1.0,yahoo,2024-06-23 23:05:15
2011-05-20,GETI-B.ST,119.52593994140624,122.1666259765625,119.38695526123048,121.9581527709961,1137414,96.03266474115405,0.0,1.0,yahoo,2024-06-23 23:05:15
2011-05-23,GETI-B.ST,120.84628295898438,120.84628295898438,118.27508544921876,118.62254333496094,975886,93.40612887290683,0.0,1.0,yahoo,2024-06-23 23:05:15
2011-05-24,GETI-B.ST,118.3445816040039,119.24797058105467,117.649658203125,118.48355865478516,1265862,93.29668912745137,0.0,1.0,yahoo,2024-06-23 23:05:15
2011-05-25,GETI-B.ST,117.58016967773438,119.1089859008789,116.95474243164062,118.41407012939452,1126345,93.2419722585043,0.0,1.0,yahoo,2024-06-23 23:05:15
2011-05-26,GETI-B.ST,118.41407012939452,119.1089859008789,117.78864288330078,118.48355865478516,485209,93.29668912745137,0.0,1.0,yahoo,2024-06-23 23:05:15
2011-05-27,GETI-B.ST,119.03949737548828,119.73441314697266,118.13610076904295,119.4564437866211,660659,94.0627613380783,0.0,1.0,yahoo,2024-06-23 23:05:15
2011-05-30,GETI-B.ST,118.83102416992188,119.17848205566406,118.27508544921876,118.6920394897461,293153,93.46085174941526,0.0,1.0,yahoo,2024-06-23 23:05:15
2011-05-31,GETI-B.ST,119.03949737548828,120.22085571289062,118.55305480957033,119.66492462158205,1110756,94.2269239600422,0.0,1.0,yahoo,2024-06-23 23:05:15
2011-06-01,GETI-B.ST,119.24797821044922,120.5683135986328,119.24797821044922,120.42933654785156,356594,94.8288395562666,0.0,1.0,yahoo,2024-06-23 23:05:15
2011-06-03,GETI-B.ST,119.66492462158205,119.73441314697266,116.95474243164062,117.51067352294922,902260,92.53061691682443,0.0,1.0,yahoo,2024-06-23 23:05:15
2011-06-07,GETI-B.ST,116.95474243164062,118.48355865478516,116.60728454589844,117.78864288330078,581692,92.74949640773538,0.0,1.0,yahoo,2024-06-23 23:05:15
2011-06-08,GETI-B.ST,117.58016967773438,117.92762756347656,115.28694152832033,115.42591857910156,780494,90.8890327501151,0.0,1.0,yahoo,2024-06-23 23:05:15
2011-06-09,GETI-B.ST,116.05134582519533,118.6920394897461,115.91236114501952,117.4411849975586,1256562,92.47590004787739,0.0,1.0,yahoo,2024-06-23 23:05:15
2011-06-10,GETI-B.ST,117.78864288330078,118.13610076904295,115.21744537353516,115.21744537353516,1012704,90.72487613571258,0.0,1.0,yahoo,2024-06-23 23:05:15
2011-06-13,GETI-B.ST,115.42591857910156,115.56490325927734,113.89710235595705,114.8004913330078,1236876,90.39655689934615,0.0,1.0,yahoo,2024-06-23 23:05:15
2011-06-14,GETI-B.ST,114.383544921875,116.88524627685548,114.10557556152344,116.12084197998048,1130505,91.43623147739247,0.0,1.0,yahoo,2024-06-23 23:05:15
2011-06-15,GETI-B.ST,116.05134582519533,117.2327117919922,114.86998748779295,115.00897216796876,1210851,90.56071952131006,0.0,1.0,yahoo,2024-06-23 23:05:15
2011-06-16,GETI-B.ST,114.1750717163086,114.45303344726562,112.15980529785156,113.3411636352539,2036387,89.24744858340577,0.0,1.0,yahoo,2024-06-23 23:05:15
2011-06-17,GETI-B.ST,112.78523254394533,114.52252960205078,111.74285125732422,113.96659088134766,853189,89.7399244341747,0.0,1.0,yahoo,2024-06-23 23:05:15
2011-06-20,GETI-B.ST,113.1326904296875,113.68862915039062,112.09031677246094,113.41065979003906,719540,89.30217145991418,0.0,1.0,yahoo,2024-06-23 23:05:15
2011-06-21,GETI-B.ST,113.48014831542967,115.21744537353516,113.20218658447266,115.00897216796876,1039084,90.56071952131006,0.0,1.0,yahoo,2024-06-23 23:05:15
2011-06-22,GETI-B.ST,115.21744537353516,115.98185729980467,113.82760620117188,113.82760620117188,826760,89.63048468871924,0.0,1.0,yahoo,2024-06-23 23:05:15
2011-06-23,GETI-B.ST,113.61913299560548,113.61913299560548,110.21403503417967,111.04793548583984,1235502,87.4417078022939,0.0,1.0,yahoo,2024-06-23 23:05:15
2011-06-27,GETI-B.ST,111.4648895263672,113.75811767578124,110.90895080566406,113.54964447021484,1292921,89.41161120536965,0.0,1.0,yahoo,2024-06-23 23:05:15
2011-06-28,GETI-B.ST,114.24456024169922,114.383544921875,113.1326904296875,113.89710235595705,855546,89.68520756522766,0.0,1.0,yahoo,2024-06-23 23:05:15
2011-06-29,GETI-B.ST,114.1750717163086,115.70388793945312,113.61913299560548,115.35643005371094,907180,90.83431588116805,0.0,1.0,yahoo,2024-06-23 23:05:15
2011-06-30,GETI-B.ST,115.77337646484376,118.13610076904295,115.35643005371094,117.9971160888672,1203591,92.91365302213791,0.0,1.0,yahoo,2024-06-23 23:05:15
2011-07-01,GETI-B.ST,118.27508544921876,118.27508544921876,113.20218658447266,114.31404876708984,1875882,90.0135207940327,0.0,1.0,yahoo,2024-06-23 23:05:15
2011-07-04,GETI-B.ST,114.66151428222656,115.49541473388672,114.383544921875,115.35643005371094,1124289,90.83431588116805,0.0,1.0,yahoo,2024-06-23 23:05:15
2011-07-05,GETI-B.ST,115.28694152832033,116.25982666015624,113.96659088134766,116.25982666015624,1810149,91.54567122284791,0.0,1.0,yahoo,2024-06-23 23:05:15
2011-07-06,GETI-B.ST,116.05134582519533,116.95474243164062,115.00897216796876,115.35643005371094,1087805,90.83431588116805,0.0,1.0,yahoo,2024-06-23 23:05:15
2011-07-07,GETI-B.ST,116.12084197998048,117.71915435791016,115.6343994140625,117.4411849975586,1203135,92.47590004787739,0.0,1.0,yahoo,2024-06-23 23:05:15
2011-07-08,GETI-B.ST,117.58016967773438,118.41407012939452,115.49541473388672,116.05134582519533,1302717,91.38150860088405,0.0,1.0,yahoo,2024-06-23 23:05:15
2011-07-11,GETI-B.ST,118.06661224365234,120.3598403930664,116.3988037109375,119.52593994140624,2036245,94.11748421458671,0.0,1.0,yahoo,2024-06-23 23:05:15
2011-07-12,GETI-B.ST,117.9971160888672,120.01238250732422,117.58016967773438,120.01238250732422,1693826,94.50052031990019,0.0,1.0,yahoo,2024-06-23 23:05:15
2011-07-13,GETI-B.ST,119.87339782714844,120.1513671875,118.97000122070312,119.94288635253906,822975,94.44579744339177,0.0,1.0,yahoo,2024-06-23 23:05:15
2011-07-14,GETI-B.ST,119.38695526123048,119.38695526123048,117.8581314086914,119.24797058105467,915924,93.89860472367576,0.0,1.0,yahoo,2024-06-23 23:05:15
2011-07-15,GETI-B.ST,118.9005126953125,118.9005126953125,117.3022003173828,118.83102416992188,1323270,93.57029149487073,0.0,1.0,yahoo,2024-06-23 23:05:15
2011-07-18,GETI-B.ST,118.27508544921876,119.17848205566406,115.35643005371094,117.37168884277344,1422158,92.42117717136897,0.0,1.0,yahoo,2024-06-23 23:05:15
2011-07-19,GETI-B.ST,117.37168884277344,119.87339782714844,117.3022003173828,119.8039093017578,972737,94.33636370549765,0.0,1.0,yahoo,2024-06-23 23:05:15
2011-07-20,GETI-B.ST,120.22085571289062,121.05475616455078,119.24797058105467,120.98526763916016,1936388,95.26659253052712,0.0,1.0,yahoo,2024-06-23 23:05:15
2011-07-21,GETI-B.ST,121.19374084472656,122.79205322265624,119.38695526123048,122.65306854248048,999926,96.57985746087004,0.0,1.0,yahoo,2024-06-23 23:05:15
2011-07-22,GETI-B.ST,123.00052642822266,123.7649383544922,122.30561065673828,122.58358001708984,556507,96.52514059192299,0.0,1.0,yahoo,2024-06-23 23:05:15
2011-07-25,GETI-B.ST,122.30561065673828,123.7649383544922,120.98526763916016,123.6259536743164,366549,97.34592967149696,0.0,1.0,yahoo,2024-06-23 23:05:15
2011-07-26,GETI-B.ST,123.34799194335938,124.52935028076172,121.6106948852539,122.51408386230467,664427,96.47041771541456,0.0,1.0,yahoo,2024-06-23 23:05:15
2011-07-27,GETI-B.ST,121.9581527709961,125.08528137207033,121.68018341064452,123.48697662353516,3532638,97.23649593360287,0.0,1.0,yahoo,2024-06-23 23:05:15
2011-07-28,GETI-B.ST,122.79205322265624,123.2090072631836,120.22085571289062,120.63780975341795,1715531,94.99299617066912,0.0,1.0,yahoo,2024-06-23 23:05:15
2011-07-29,GETI-B.ST,120.01238250732422,120.01238250732422,116.74626922607422,118.20559692382812,1092049,93.07781564410179,0.0,1.0,yahoo,2024-06-23 23:05:15
2011-08-01,GETI-B.ST,119.52593994140624,120.98526763916016,114.66151428222656,114.9394760131836,1260025,90.50599664480163,0.0,1.0,yahoo,2024-06-23 23:05:15
2011-08-02,GETI-B.ST,114.66151428222656,115.14795684814452,112.2292938232422,112.9242172241211,2032079,88.91913535460071,0.0,1.0,yahoo,2024-06-23 23:05:15
2011-08-03,GETI-B.ST,112.09031677246094,112.15980529785156,107.92080688476562,108.33775329589844,1272004,85.30764778481563,0.0,1.0,yahoo,2024-06-23 23:05:15
2011-08-04,GETI-B.ST,109.10216522216795,110.35301971435548,103.12586975097656,103.12586975097656,1715065,81.20369037182299,0.0,1.0,yahoo,2024-06-23 23:05:15
2011-08-05,GETI-B.ST,100.41568756103516,106.18350982666016,97.70550537109376,103.75129699707033,2635170,81.69616622259193,0.0,1.0,yahoo,2024-06-23 23:05:15
2011-08-08,GETI-B.ST,101.3885726928711,103.12586975097656,97.14957427978516,97.14957427978516,1787194,76.49781736260591,0.0,1.0,yahoo,2024-06-23 23:05:15
2011-08-09,GETI-B.ST,96.45465087890624,103.82078552246094,92.07666778564452,101.31908416748048,3620591,79.7809856960246,0.0,1.0,yahoo,2024-06-23 23:05:15
2011-08-10,GETI-B.ST,103.47332763671876,104.23773956298828,97.98347473144533,99.51229095458984,1593145,78.35827501266483,0.0,1.0,yahoo,2024-06-23 23:05:15
2011-08-11,GETI-B.ST,101.3885726928711,102.77841186523438,99.37330627441406,102.77841186523438,1934641,80.93009401196498,0.0,1.0,yahoo,2024-06-23 23:05:15
2011-08-12,GETI-B.ST,102.847900390625,105.07164001464844,100.34619140625,105.00214385986328,996088,82.68111191656843,0.0,1.0,yahoo,2024-06-23 23:05:15
2011-08-15,GETI-B.ST,105.83605194091795,106.46147918701172,104.58519744873048,106.39198303222656,740005,83.77550336356177,0.0,1.0,yahoo,2024-06-23 23:05:15
2011-08-16,GETI-B.ST,106.25299835205078,107.01741027832033,104.0987548828125,106.39198303222656,1316157,83.77550336356177,0.0,1.0,yahoo,2024-06-23 23:05:15
2011-08-17,GETI-B.ST,105.5580825805664,108.19876861572266,104.86316680908205,107.64283752441406,604958,84.76045506509965,0.0,1.0,yahoo,2024-06-23 23:05:15
2011-08-18,GETI-B.ST,106.66995239257812,108.0597915649414,102.70891571044922,103.33434295654295,2425409,81.36784698622549,0.0,1.0,yahoo,2024-06-23 23:05:15
2011-08-19,GETI-B.ST,102.847900390625,105.14112854003906,99.65127563476562,102.98688507080078,2109684,81.09425062636751,0.0,1.0,yahoo,2024-06-23 23:05:15
2011-08-22,GETI-B.ST,102.5004425048828,105.9055404663086,102.2919692993164,104.37672424316406,806712,82.18864207336085,0.0,1.0,yahoo,2024-06-23 23:05:15
2011-08-23,GETI-B.ST,105.5580825805664,107.99029541015624,104.86316680908205,107.01741027832033,1198933,84.26797921433072,0.0,1.0,yahoo,2024-06-23 23:05:15
2011-08-24,GETI-B.ST,108.12928009033205,110.0750503540039,106.66995239257812,107.01741027832033,1485193,84.26797921433072,0.0,1.0,yahoo,2024-06-23 23:05:15
2011-08-25,GETI-B.ST,108.19876861572266,109.44962310791016,105.48858642578124,106.53096771240234,1661883,83.88494310901724,0.0,1.0,yahoo,2024-06-23 23:05:15
2011-08-26,GETI-B.ST,106.39198303222656,107.29537963867188,104.16824340820312,106.46147918701172,872308,83.83022624007019,0.0,1.0,yahoo,2024-06-23 23:05:15
2011-08-29,GETI-B.ST,107.78182220458984,109.93606567382812,106.94792175292967,108.8241958618164,707191,85.6906838901291,0.0,1.0,yahoo,2024-06-23 23:05:15
2011-08-30,GETI-B.ST,109.44962310791016,110.35301971435548,108.2682647705078,109.72759246826172,686876,86.40203923180898,0.0,1.0,yahoo,2024-06-23 23:05:15
2011-08-31,GETI-B.ST,109.93606567382812,114.31404876708984,109.65809631347656,113.75811767578124,1229999,89.57576781977217,0.0,1.0,yahoo,2024-06-23 23:05:15
2011-09-01,GETI-B.ST,114.5920181274414,115.28694152832033,111.8818359375,114.31404876708984,1023409,90.0135207940327,0.0,1.0,yahoo,2024-06-23 23:05:15
2011-09-02,GETI-B.ST,113.61913299560548,113.89710235595705,110.28352355957033,110.90895080566406,700921,87.33226805683843,0.0,1.0,yahoo,2024-06-23 23:05:15
2011-09-05,GETI-B.ST,109.79708099365234,110.0750503540039,106.32249450683594,106.87842559814452,936500,84.15853946887522,0.0,1.0,yahoo,2024-06-23 23:05:15
2011-09-06,GETI-B.ST,106.8089370727539,109.58860778808594,106.32249450683594,109.44962310791016,1052251,86.18315974089803,0.0,1.0,yahoo,2024-06-23 23:05:15
2011-09-07,GETI-B.ST,110.6309814453125,113.1326904296875,110.6309814453125,113.1326904296875,991225,89.08329196900324,0.0,1.0,yahoo,2024-06-23 23:05:15
2011-09-08,GETI-B.ST,114.10557556152344,114.1750717163086,109.03267669677734,109.51911926269533,1706832,86.23788261740647,0.0,1.0,yahoo,2024-06-23 23:05:15
2011-09-09,GETI-B.ST,109.44962310791016,110.49200439453124,107.22588348388672,107.43436431884766,1155651,84.59629845069712,0.0,1.0,yahoo,2024-06-23 23:05:15
2011-09-12,GETI-B.ST,105.349609375,106.25299835205078,103.8902816772461,105.28011322021484,1475239,82.89999140747936,0.0,1.0,yahoo,2024-06-23 23:05:15
2011-09-13,GETI-B.ST,106.39198303222656,106.39198303222656,102.2919692993164,102.847900390625,1191407,80.98481088091204,0.0,1.0,yahoo,2024-06-23 23:05:15
2011-09-14,GETI-B.ST,102.5004425048828,105.28011322021484,102.22247314453124,104.16824340820312,2167280,82.02447945139697,0.0,1.0,yahoo,2024-06-23 23:05:15
2011-09-15,GETI-B.ST,105.48858642578124,108.4072494506836,105.07164001464844,108.0597915649414,1280588,85.08877430146606,0.0,1.0,yahoo,2024-06-23 23:05:15
2011-09-16,GETI-B.ST,108.68521118164062,109.72759246826172,107.71232604980467,109.65809631347656,1101751,86.34731635530056,0.0,1.0,yahoo,2024-06-23 23:05:15
2011-09-19,GETI-B.ST,107.78182220458984,108.47673797607422,106.114013671875,106.114013671875,788915,83.55662387265083,0.0,1.0,yahoo,2024-06-23 23:05:15
2011-09-20,GETI-B.ST,105.62757110595705,108.9631805419922,104.79367065429688,108.75470733642578,652207,85.63596702118205,0.0,1.0,yahoo,2024-06-23 23:05:15
2011-09-21,GETI-B.ST,109.03267669677734,109.03267669677734,106.94792175292967,107.1563949584961,379850,84.37741895978618,0.0,1.0,yahoo,2024-06-23 23:05:15
2011-09-22,GETI-B.ST,105.62757110595705,105.83605194091795,102.5004425048828,103.0563735961914,1157176,81.14896749531457,0.0,1.0,yahoo,2024-06-23 23:05:15
2011-09-23,GETI-B.ST,103.68180084228516,103.95977020263672,98.05296325683594,100.76314544677734,1125135,79.3432267142027,0.0,1.0,yahoo,2024-06-23 23:05:15
2011-09-26,GETI-B.ST,99.581787109375,103.54281616210938,98.5394058227539,103.4038314819336,1829838,81.42256385517256,0.0,1.0,yahoo,2024-06-23 23:05:15
2011-09-27,GETI-B.ST,105.5580825805664,105.5580825805664,103.33434295654295,105.41909790039062,1348049,83.00943115293484,0.0,1.0,yahoo,2024-06-23 23:05:15
2011-09-28,GETI-B.ST,104.3072280883789,108.0597915649414,104.23773956298828,105.00214385986328,1113028,82.68111191656843,0.0,1.0,yahoo,2024-06-23 23:05:15
2011-09-29,GETI-B.ST,104.93265533447266,108.2682647705078,104.51570129394533,107.29537963867188,1354962,84.48685870524164,0.0,1.0,yahoo,2024-06-23 23:05:15
2011-09-30,GETI-B.ST,107.01741027832033,107.01741027832033,102.98688507080078,104.86316680908205,1171956,82.57167817867433,0.0,1.0,yahoo,2024-06-23 23:05:15
2011-10-03,GETI-B.ST,102.70891571044922,109.44962310791016,101.66654205322266,109.44962310791016,1519024,86.18315974089803,0.0,1.0,yahoo,2024-06-23 23:05:15
2011-10-04,GETI-B.ST,108.68521118164062,108.75470733642578,104.02925872802734,104.79367065429688,1424895,82.5169553021659,0.0,1.0,yahoo,2024-06-23 23:05:15
2011-10-05,GETI-B.ST,106.66995239257812,107.22588348388672,104.3072280883789,107.22588348388672,1312784,84.43213582873324,0.0,1.0,yahoo,2024-06-23 23:05:15
2011-10-06,GETI-B.ST,107.71232604980467,110.35301971435548,107.71232604980467,110.35301971435548,936525,86.89451508257793,0.0,1.0,yahoo,2024-06-23 23:05:15
2011-10-07,GETI-B.ST,110.35301971435548,111.04793548583984,107.5733413696289,108.0597915649414,1027261,85.08877430146606,0.0,1.0,yahoo,2024-06-23 23:05:15
2011-10-10,GETI-B.ST,109.10216522216795,112.5767593383789,108.2682647705078,112.50726318359376,803848,88.59081611823432,0.0,1.0,yahoo,2024-06-23 23:05:15
2011-10-11,GETI-B.ST,111.8818359375,112.2292938232422,108.9631805419922,109.10216522216795,966431,85.90956338104003,0.0,1.0,yahoo,2024-06-23 23:05:15
2011-10-12,GETI-B.ST,109.10216522216795,109.65809631347656,107.29537963867188,107.71232604980467,1826354,84.81517193404669,0.0,1.0,yahoo,2024-06-23 23:05:15
2011-10-13,GETI-B.ST,108.4072494506836,109.93606567382812,106.114013671875,109.79708099365234,1845170,86.45675610075604,0.0,1.0,yahoo,2024-06-23 23:05:15
2011-10-14,GETI-B.ST,110.28352355957033,113.68862915039062,110.0750503540039,113.41065979003906,1203068,89.30217145991418,0.0,1.0,yahoo,2024-06-23 23:05:15
2011-10-17,GETI-B.ST,113.96659088134766,114.66151428222656,110.28352355957033,110.97844696044922,1111029,87.38699093334685,0.0,1.0,yahoo,2024-06-23 23:05:15
2011-10-18,GETI-B.ST,110.49200439453124,111.74285125732422,109.38013458251952,111.5343780517578,929271,87.82474390760736,0.0,1.0,yahoo,2024-06-23 23:05:15
2011-10-19,GETI-B.ST,112.15980529785156,112.85472106933594,110.83946228027344,111.4648895263672,705104,87.77002703866033,0.0,1.0,yahoo,2024-06-23 23:05:15
2011-10-20,GETI-B.ST,111.04793548583984,112.36827850341795,109.10216522216795,111.5343780517578,1287244,87.82474390760736,0.0,1.0,yahoo,2024-06-23 23:05:15
2011-10-21,GETI-B.ST,112.09031677246094,115.00897216796876,110.83946228027344,114.8004913330078,1469594,90.39655689934615,0.0,1.0,yahoo,2024-06-23 23:05:15
2011-10-24,GETI-B.ST,115.35643005371094,116.3988037109375,114.24456024169922,116.3988037109375,817045,91.65510496074204,0.0,1.0,yahoo,2024-06-23 23:05:15
2011-10-25,GETI-B.ST,115.70388793945312,117.58016967773438,115.49541473388672,116.12084197998048,1392100,91.43623147739247,0.0,1.0,yahoo,2024-06-23 23:05:15
2011-10-26,GETI-B.ST,115.49541473388672,116.88524627685548,114.31404876708984,115.42591857910156,878972,90.8890327501151,0.0,1.0,yahoo,2024-06-23 23:05:15
2011-10-27,GETI-B.ST,117.71915435791016,118.6920394897461,115.77337646484376,118.55305480957033,1332938,93.3514120039598,0.0,1.0,yahoo,2024-06-23 23:05:15
2011-10-28,GETI-B.ST,118.83102416992188,120.42933654785156,118.13610076904295,119.66492462158205,1028666,94.2269239600422,0.0,1.0,yahoo,2024-06-23 23:05:15
2011-10-31,GETI-B.ST,119.24797058105467,119.52593994140624,117.4411849975586,117.71915435791016,1145287,92.69477953878832,0.0,1.0,yahoo,2024-06-23 23:05:15
2011-11-01,GETI-B.ST,115.35643005371094,115.91236114501952,113.06320190429688,114.1750717163086,1312364,89.9040870561386,0.0,1.0,yahoo,2024-06-23 23:05:15
2011-11-02,GETI-B.ST,114.383544921875,117.51067352294922,114.31404876708984,117.37168884277344,1794307,92.42117717136897,0.0,1.0,yahoo,2024-06-23 23:05:15
2011-11-03,GETI-B.ST,115.14795684814452,117.649658203125,115.14795684814452,117.2327117919922,1231621,92.31174343347487,0.0,1.0,yahoo,2024-06-23 23:05:15
2011-11-04,GETI-B.ST,117.4411849975586,118.4140625,117.0937271118164,117.0937271118164,525404,92.20230368801938,0.0,1.0,yahoo,2024-06-23 23:05:15
2011-11-07,GETI-B.ST,117.3022003173828,118.83102416992188,116.32931518554688,116.67677307128906,1089243,91.87398445165297,0.0,1.0,yahoo,2024-06-23 23:05:15
2011-11-08,GETI-B.ST,116.67677307128906,118.9005126953125,116.67677307128906,118.13610076904295,800314,93.02309276759335,0.0,1.0,yahoo,2024-06-23 23:05:15
2011-11-09,GETI-B.ST,119.1089859008789,119.52593994140624,116.67677307128906,117.51067352294922,932768,92.53061691682443,0.0,1.0,yahoo,2024-06-23 23:05:15
2011-11-10,GETI-B.ST,115.6343994140625,117.92762756347656,115.6343994140625,117.16321563720705,689994,92.25702055696645,0.0,1.0,yahoo,2024-06-23 23:05:15
2011-11-11,GETI-B.ST,116.74626922607422,119.87339782714844,116.53778839111328,119.4564437866211,670622,94.0627613380783,0.0,1.0,yahoo,2024-06-23 23:05:15
2011-11-14,GETI-B.ST,119.52593994140624,120.29035186767578,117.16321563720705,117.2327117919922,1083360,92.31174343347487,0.0,1.0,yahoo,2024-06-23 23:05:15
2011-11-15,GETI-B.ST,116.88524627685548,120.63780975341795,115.98185729980467,120.08187103271484,1364928,94.55523718884723,0.0,1.0,yahoo,2024-06-23 23:05:15
2011-11-16,GETI-B.ST,119.52593994140624,121.4022216796875,118.76152801513672,119.03949737548828,1019472,93.73444810927326,0.0,1.0,yahoo,2024-06-23 23:05:15
2011-11-17,GETI-B.ST,118.20559692382812,120.4988250732422,117.9971160888672,119.4564437866211,1489057,94.0627613380783,0.0,1.0,yahoo,2024-06-23 23:05:15
2011-11-18,GETI-B.ST,118.3445816040039,118.9005126953125,117.4411849975586,117.9971160888672,932224,92.91365302213791,0.0,1.0,yahoo,2024-06-23 23:05:15
2011-11-21,GETI-B.ST,117.51067352294922,117.51067352294922,113.54964447021484,113.89710235595705,820132,89.68520756522766,0.0,1.0,yahoo,2024-06-23 23:05:15
2011-11-22,GETI-B.ST,114.66151428222656,116.1903305053711,113.06320190429688,115.21744537353516,924950,90.72487613571258,0.0,1.0,yahoo,2024-06-23 23:05:15
2011-11-23,GETI-B.ST,114.66151428222656,115.98185729980467,113.54964447021484,114.45303344726562,918693,90.12296053948816,0.0,1.0,yahoo,2024-06-23 23:05:15
2011-11-24,GETI-B.ST,115.14795684814452,115.14795684814452,110.90895080566406,111.95133209228516,1138841,88.15306314397378,0.0,1.0,yahoo,2024-06-23 23:05:15
2011-11-25,GETI-B.ST,111.25640869140624,112.78523254394533,109.79708099365234,112.5767593383789,616532,88.64553899474272,0.0,1.0,yahoo,2024-06-23 23:05:15
2011-11-28,GETI-B.ST,113.27167510986328,116.12084197998048,113.27167510986328,115.6343994140625,927263,91.05319537207899,0.0,1.0,yahoo,2024-06-23 23:05:15
2011-11-29,GETI-B.ST,115.70388793945312,116.3988037109375,114.45303344726562,116.12084197998048,768178,91.43623147739247,0.0,1.0,yahoo,2024-06-23 23:05:15
2011-11-30,GETI-B.ST,115.07846069335938,120.7072982788086,114.5920181274414,120.7072982788086,1460830,95.04771303961617,0.0,1.0,yahoo,2024-06-23 23:05:15
2011-12-01,GETI-B.ST,120.7072982788086,121.54119873046876,119.03949737548828,119.66492462158205,1017116,94.2269239600422,0.0,1.0,yahoo,2024-06-23 23:05:15
2011-12-02,GETI-B.ST,120.63780975341795,120.77679443359376,118.55305480957033,120.1513671875,853821,94.60996006535565,0.0,1.0,yahoo,2024-06-23 23:05:15
2011-12-05,GETI-B.ST,120.3598403930664,121.88866424560548,119.66492462158205,120.5683135986328,699252,94.9382732941607,0.0,1.0,yahoo,2024-06-23 23:05:15
2011-12-06,GETI-B.ST,120.1513671875,120.915771484375,119.1089859008789,120.63780975341795,725878,94.99299617066912,0.0,1.0,yahoo,2024-06-23 23:05:15
2011-12-07,GETI-B.ST,121.6106948852539,121.6106948852539,119.8039093017578,121.54119873046876,896462,95.70434550478764,0.0,1.0,yahoo,2024-06-23 23:05:15
2011-12-08,GETI-B.ST,121.6106948852539,121.9581527709961,119.17848205566406,119.52593994140624,1387508,94.11748421458671,0.0,1.0,yahoo,2024-06-23 23:05:15
2011-12-09,GETI-B.ST,118.06661224365234,118.83102416992188,115.8428726196289,116.3988037109375,1502883,91.65510496074204,0.0,1.0,yahoo,2024-06-23 23:05:15
2011-12-12,GETI-B.ST,115.70388793945312,117.78864288330078,115.6343994140625,116.25982666015624,819903,91.54567122284791,0.0,1.0,yahoo,2024-06-23 23:05:15
2011-12-13,GETI-B.ST,116.12084197998048,119.1089859008789,116.12084197998048,118.62254333496094,1285982,93.40612887290683,0.0,1.0,yahoo,2024-06-23 23:05:15
2011-12-14,GETI-B.ST,118.13610076904295,118.9005126953125,116.67677307128906,117.02423095703124,1145258,92.14758081151096,0.0,1.0,yahoo,2024-06-23 23:05:15
2011-12-15,GETI-B.ST,117.0937271118164,117.649658203125,115.28694152832033,116.53778839111328,927753,91.7645447061975,0.0,1.0,yahoo,2024-06-23 23:05:15
2011-12-16,GETI-B.ST,116.74626922607422,117.51067352294922,113.89710235595705,115.07846069335938,1098071,90.6154363902571,0.0,1.0,yahoo,2024-06-23 23:05:15
2011-12-19,GETI-B.ST,114.1750717163086,116.3988037109375,113.96659088134766,114.45303344726562,877818,90.12296053948816,0.0,1.0,yahoo,2024-06-23 23:05:15
2011-12-20,GETI-B.ST,113.61913299560548,116.95474243164062,112.9242172241211,116.74626922607422,970537,91.9287073281614,0.0,1.0,yahoo,2024-06-23 23:05:15
2011-12-21,GETI-B.ST,117.02423095703124,117.8581314086914,116.25982666015624,117.16321563720705,791271,92.25702055696645,0.0,1.0,yahoo,2024-06-23 23:05:15
2011-12-22,GETI-B.ST,117.16321563720705,118.48355865478516,116.32931518554688,116.60728454589844,970086,91.81926758270592,0.0,1.0,yahoo,2024-06-23 23:05:15
2011-12-23,GETI-B.ST,116.60728454589844,116.60728454589844,116.60728454589844,116.60728454589844,0,91.81926758270592,0.0,1.0,yahoo,2024-06-23 23:05:15
2011-12-27,GETI-B.ST,118.13610076904295,119.52593994140624,118.13610076904295,118.62254333496094,286458,93.40612887290683,0.0,1.0,yahoo,2024-06-23 23:05:15
2011-12-28,GETI-B.ST,117.8581314086914,119.38695526123048,117.649658203125,117.78864288330078,533523,92.74949640773538,0.0,1.0,yahoo,2024-06-23 23:05:15
2011-12-29,GETI-B.ST,117.78864288330078,119.1089859008789,117.78864288330078,119.1089859008789,458862,93.7891649782203,0.0,1.0,yahoo,2024-06-23 23:05:15
2011-12-30,GETI-B.ST,119.1089859008789,119.1089859008789,119.1089859008789,119.1089859008789,0,93.7891649782203,0.0,1.0,yahoo,2024-06-23 23:05:15
2012-01-02,GETI-B.ST,121.4022216796875,122.02764129638672,120.3598403930664,121.6106948852539,388113,95.75906838129605,0.0,1.0,yahoo,2024-06-23 23:05:15
2012-01-03,GETI-B.ST,122.23612213134766,122.58358001708984,121.19374084472656,121.74967956542967,1290984,95.86850812675151,0.0,1.0,yahoo,2024-06-23 23:05:15
2012-01-04,GETI-B.ST,121.26323699951172,123.13951110839844,121.26323699951172,121.74967956542967,792275,95.86850812675151,0.0,1.0,yahoo,2024-06-23 23:05:15
2012-01-05,GETI-B.ST,122.1666259765625,123.34799194335938,121.33272552490234,123.34799194335938,387636,97.12705618814739,0.0,1.0,yahoo,2024-06-23 23:05:15
2012-01-09,GETI-B.ST,121.4022216796875,122.72256469726562,119.8039093017578,120.5683135986328,1502978,94.9382732941607,0.0,1.0,yahoo,2024-06-23 23:05:15
2012-01-10,GETI-B.ST,121.26323699951172,121.9581527709961,120.01238250732422,120.22085571289062,1401586,94.6646769343027,0.0,1.0,yahoo,2024-06-23 23:05:15
2012-01-11,GETI-B.ST,120.29035186767578,121.26323699951172,119.66492462158205,120.84628295898438,1688755,95.15715278507164,0.0,1.0,yahoo,2024-06-23 23:05:15
2012-01-12,GETI-B.ST,120.84628295898438,121.9581527709961,119.03949737548828,120.3598403930664,1501893,94.77411667975818,0.0,1.0,yahoo,2024-06-23 23:05:15
2012-01-13,GETI-B.ST,120.5683135986328,120.915771484375,118.6920394897461,119.4564437866211,1425335,94.0627613380783,0.0,1.0,yahoo,2024-06-23 23:05:15
2012-01-16,GETI-B.ST,119.4564437866211,121.4022216796875,119.24797058105467,121.26323699951172,861560,95.48547202143806,0.0,1.0,yahoo,2024-06-23 23:05:15
2012-01-17,GETI-B.ST,121.9581527709961,122.44459533691406,121.12425231933594,121.6106948852539,817891,95.75906838129605,0.0,1.0,yahoo,2024-06-23 23:05:15
2012-01-18,GETI-B.ST,121.26323699951172,122.58358001708984,120.5683135986328,122.09713745117188,999511,96.14210448660953,0.0,1.0,yahoo,2024-06-23 23:05:15
2012-01-19,GETI-B.ST,122.09713745117188,122.79205322265624,120.915771484375,122.44459533691406,1412131,96.41570084646752,0.0,1.0,yahoo,2024-06-23 23:05:15
2012-01-20,GETI-B.ST,122.93103790283205,123.34799194335938,121.9581527709961,122.09713745117188,1001376,96.14210448660953,0.0,1.0,yahoo,2024-06-23 23:05:15
2012-01-23,GETI-B.ST,122.30561065673828,123.48697662353516,121.9581527709961,122.8615493774414,823534,96.74402008283393,0.0,1.0,yahoo,2024-06-23 23:05:15
2012-01-24,GETI-B.ST,123.00052642822266,123.55646514892578,122.02764129638672,122.58358001708984,921855,96.52514059192299,0.0,1.0,yahoo,2024-06-23 23:05:15
2012-01-25,GETI-B.ST,123.6259536743164,125.36325073242188,123.34799194335938,124.73782348632812,1256825,98.22144162757937,0.0,1.0,yahoo,2024-06-23 23:05:15
2012-01-26,GETI-B.ST,125.78020477294922,127.79546356201172,122.93103790283205,126.2666473388672,1700981,99.4252728200282,0.0,1.0,yahoo,2024-06-23 23:05:15
2012-01-27,GETI-B.ST,125.50223541259766,126.75308990478516,124.8768081665039,125.64122009277344,987192,98.93279696925926,0.0,1.0,yahoo,2024-06-23 23:05:15
2012-01-30,GETI-B.ST,126.4751205444336,129.32427978515625,125.36325073242188,126.1276626586914,1470108,99.31583307457272,0.0,1.0,yahoo,2024-06-23 23:05:15
2012-01-31,GETI-B.ST,126.82257843017578,128.8378448486328,126.75308990478516,128.21241760253906,1540114,100.95741724128206,0.0,1.0,yahoo,2024-06-23 23:05:15
2012-02-01,GETI-B.ST,127.86495971679688,131.82598876953125,127.79546356201172,130.8531036376953,1595937,103.0367543822519,0.0,1.0,yahoo,2024-06-23 23:05:15
2012-02-02,GETI-B.ST,131.61752319335938,132.9378662109375,130.92259216308594,131.75650024414062,1306001,103.74810972393179,0.0,1.0,yahoo,2024-06-23 23:05:15
2012-02-03,GETI-B.ST,131.68701171875,132.72938537597656,130.15818786621094,131.47853088378906,853480,103.52923023302084,0.0,1.0,yahoo,2024-06-23 23:05:15
2012-02-06,GETI-B.ST,131.47853088378906,132.0344696044922,130.64463806152344,131.40904235839844,901754,103.47451336407379,0.0,1.0,yahoo,2024-06-23 23:05:15
2012-02-07,GETI-B.ST,132.17344665527344,132.5904083251953,131.06158447265625,132.0344696044922,1287729,103.96698921484273,0.0,1.0,yahoo,2024-06-23 23:05:15
2012-02-08,GETI-B.ST,133.14633178710938,133.84124755859375,130.71412658691406,130.8531036376953,865451,103.0367543822519,0.0,1.0,yahoo,2024-06-23 23:05:15
2012-02-09,GETI-B.ST,131.27005004882812,131.75650024414062,129.6022491455078,130.8531036376953,927696,103.0367543822519,0.0,1.0,yahoo,2024-06-23 23:05:15
2012-02-10,GETI-B.ST,130.36666870117188,131.13107299804688,129.67173767089844,130.4361572265625,855497,102.70844115344686,0.0,1.0,yahoo,2024-06-23 23:05:15
2012-02-13,GETI-B.ST,130.8531036376953,131.82598876953125,130.22767639160156,131.2005615234375,565977,103.3103507421099,0.0,1.0,yahoo,2024-06-23 23:05:15
2012-02-14,GETI-B.ST,130.99209594726562,133.56329345703125,130.71412658691406,132.72938537597656,1225588,104.51418193455872,0.0,1.0,yahoo,2024-06-23 23:05:15
2012-02-15,GETI-B.ST,133.07684326171875,134.25820922851562,133.07684326171875,134.1192169189453,566570,105.6085673739907,0.0,1.0,yahoo,2024-06-23 23:05:15
2012-02-16,GETI-B.ST,133.63278198242188,133.63278198242188,130.92259216308594,130.99209594726562,1569757,103.14620013526874,0.0,1.0,yahoo,2024-06-23 23:05:15
2012-02-17,GETI-B.ST,131.47853088378906,131.68701171875,129.74124145507812,131.06158447265625,953784,103.2009170042158,0.0,1.0,yahoo,2024-06-23 23:05:15
2012-02-20,GETI-B.ST,131.3395538330078,131.3395538330078,129.11581420898438,129.81072998046875,935515,102.21596530267792,0.0,1.0,yahoo,2024-06-23 23:05:15
2012-02-21,GETI-B.ST,129.88021850585938,130.0192108154297,128.6988525390625,129.67173767089844,1054616,102.10651954966109,0.0,1.0,yahoo,2024-06-23 23:05:15
2012-02-22,GETI-B.ST,129.94970703125,130.57513427734375,128.62936401367188,130.2971649169922,869444,102.59899540043001,0.0,1.0,yahoo,2024-06-23 23:05:15
2012-02-23,GETI-B.ST,129.6022491455078,131.13107299804688,129.185302734375,130.99209594726562,654789,103.14620013526874,0.0,1.0,yahoo,2024-06-23 23:05:15
2012-02-24,GETI-B.ST,131.13107299804688,131.3395538330078,129.46327209472656,129.94970703125,808611,102.32539904057202,0.0,1.0,yahoo,2024-06-23 23:05:15
2012-02-27,GETI-B.ST,129.94970703125,131.06158447265625,128.7683563232422,130.92259216308594,718507,103.09147125119895,0.0,1.0,yahoo,2024-06-23 23:05:15
2012-02-28,GETI-B.ST,130.99209594726562,131.27005004882812,129.94970703125,131.2005615234375,567458,103.3103507421099,0.0,1.0,yahoo,2024-06-23 23:05:15
2012-02-29,GETI-B.ST,131.27005004882812,132.0344696044922,130.8531036376953,131.40904235839844,600161,103.47451336407379,0.0,1.0,yahoo,2024-06-23 23:05:15
2012-03-01,GETI-B.ST,131.06158447265625,132.7988739013672,130.50564575195312,132.1039581298828,937703,104.02170608378978,0.0,1.0,yahoo,2024-06-23 23:05:15
2012-03-02,GETI-B.ST,132.1039581298828,133.07684326171875,131.68701171875,133.07684326171875,719939,104.78777829441671,0.0,1.0,yahoo,2024-06-23 23:05:15
2012-03-05,GETI-B.ST,132.72938537597656,133.42430114746094,131.75650024414062,132.38192749023438,654665,104.24058557470072,0.0,1.0,yahoo,2024-06-23 23:05:15
2012-03-06,GETI-B.ST,132.1039581298828,132.38192749023438,129.04632568359375,129.5327606201172,969728,101.99708581176698,0.0,1.0,yahoo,2024-06-23 23:05:15
2012-03-07,GETI-B.ST,129.25479125976562,130.64463806152344,129.185302734375,129.94970703125,520176,102.32539904057202,0.0,1.0,yahoo,2024-06-23 23:05:15
2012-03-08,GETI-B.ST,130.64463806152344,132.1039581298828,130.15818786621094,132.0344696044922,833062,103.96698921484273,0.0,1.0,yahoo,2024-06-23 23:05:15
2012-03-09,GETI-B.ST,132.1039581298828,132.9378662109375,131.5480194091797,132.38192749023438,618920,104.24058557470072,0.0,1.0,yahoo,2024-06-23 23:05:15
2012-03-12,GETI-B.ST,132.0344696044922,132.1039581298828,131.3395538330078,131.61752319335938,586571,103.63867598603768,0.0,1.0,yahoo,2024-06-23 23:05:15
2012-03-13,GETI-B.ST,131.96498107910156,133.21583557128906,131.89547729492188,132.65989685058594,563473,104.45946506561167,0.0,1.0,yahoo,2024-06-23 23:05:15
2012-03-14,GETI-B.ST,132.72938537597656,132.9378662109375,130.50564575195312,130.8531036376953,682688,103.0367543822519,0.0,1.0,yahoo,2024-06-23 23:05:15
2012-03-15,GETI-B.ST,130.92259216308594,131.06158447265625,128.8378448486328,130.50564575195312,943439,102.76315802239391,0.0,1.0,yahoo,2024-06-23 23:05:15
2012-03-16,GETI-B.ST,130.8531036376953,130.8531036376953,128.00393676757812,128.97682189941406,1331234,101.55932682994509,0.0,1.0,yahoo,2024-06-23 23:05:15
2012-03-19,GETI-B.ST,129.185302734375,130.15818786621094,128.55987548828125,129.32427978515625,704124,101.83292318980308,0.0,1.0,yahoo,2024-06-23 23:05:15
2012-03-20,GETI-B.ST,129.6022491455078,129.67173767089844,128.7683563232422,129.67173767089844,497134,102.10651954966109,0.0,1.0,yahoo,2024-06-23 23:05:15
2012-03-21,GETI-B.ST,130.2971649169922,130.8531036376953,127.23953247070312,127.9344482421875,793440,100.73853775037111,0.0,1.0,yahoo,2024-06-23 23:05:15
2012-03-22,GETI-B.ST,128.21241760253906,128.97682189941406,126.05816650390624,127.79546356201172,1060891,100.62909800491563,0.0,1.0,yahoo,2024-06-23 23:05:15
2012-03-23,GETI-B.ST,128.2819061279297,128.3513946533203,126.1276626586914,126.96156311035156,606166,99.97246553974418,0.0,1.0,yahoo,2024-06-23 23:05:15
2012-03-26,GETI-B.ST,128.21241760253906,129.81072998046875,127.17003631591795,129.81072998046875,1013227,102.21596530267792,0.0,1.0,yahoo,2024-06-23 23:05:15
2012-03-27,GETI-B.ST,129.46327209472656,129.74124145507812,128.21241760253906,129.25479125976562,812561,101.77820632085603,0.0,1.0,yahoo,2024-06-23 23:05:15
2012-03-28,GETI-B.ST,128.2819061279297,130.50564575195312,128.2819061279297,129.32427978515625,1070806,101.83292318980308,0.0,1.0,yahoo,2024-06-23 23:05:15
2012-03-29,GETI-B.ST,126.40563201904295,128.49038696289062,126.2666473388672,127.58699035644533,1143066,103.28872592337282,3.535564,1.0,yahoo,2024-06-23 23:05:15
2012-03-30,GETI-B.ST,126.89207458496094,132.5904083251953,126.89207458496094,130.92259216308594,1657130,105.9890800882691,0.0,1.0,yahoo,2024-06-23 23:05:15
2012-04-02,GETI-B.ST,130.64463806152344,134.25820922851562,130.22767639160156,134.1192169189453,990748,108.57692464330879,0.0,1.0,yahoo,2024-06-23 23:05:15
2012-04-03,GETI-B.ST,133.7022705078125,136.5514373779297,133.49378967285156,134.8141326904297,1091616,109.13949739825937,0.0,1.0,yahoo,2024-06-23 23:05:15
2012-04-04,GETI-B.ST,134.188720703125,134.32769775390625,130.57513427734375,131.3395538330078,725027,106.32663362350645,0.0,1.0,yahoo,2024-06-23 23:05:15
2012-04-05,GETI-B.ST,131.96498107910156,132.5904083251953,131.06158447265625,131.13107299804688,226577,106.15785685588777,0.0,1.0,yahoo,2024-06-23 23:05:15
2012-04-10,GETI-B.ST,130.71412658691406,131.06158447265625,128.90733337402344,128.90733337402344,846309,104.35761662834567,0.0,1.0,yahoo,2024-06-23 23:05:15
2012-04-11,GETI-B.ST,121.54119873046876,122.93103790283205,118.3445816040039,122.09713745117188,4374031,98.8443863358627,0.0,1.0,yahoo,2024-06-23 23:05:15
2012-04-12,GETI-B.ST,122.79205322265624,123.34799194335938,120.63780975341795,123.2090072631836,1492395,99.74450644963376,0.0,1.0,yahoo,2024-06-23 23:05:15
2012-04-13,GETI-B.ST,123.34799194335938,123.7649383544922,121.47171020507812,121.6106948852539,1671894,98.45058417211392,0.0,1.0,yahoo,2024-06-23 23:05:15
2012-04-16,GETI-B.ST,121.74967956542967,123.41748046875,121.54119873046876,122.1666259765625,960043,98.90064114079101,0.0,1.0,yahoo,2024-06-23 23:05:15
2012-04-17,GETI-B.ST,122.1666259765625,125.08528137207033,121.26323699951172,124.73782348632812,1073628,100.98216774580841,0.0,1.0,yahoo,2024-06-23 23:05:15
2012-04-18,GETI-B.ST,124.32087707519533,125.919189453125,123.97341918945312,124.94630432128906,870761,101.15094451342709,0.0,1.0,yahoo,2024-06-23 23:05:15
2012-04-19,GETI-B.ST,124.6683349609375,126.3361358642578,124.11239624023438,124.8768081665039,1131734,101.0946835320819,0.0,1.0,yahoo,2024-06-23 23:05:15
2012-04-20,GETI-B.ST,124.94630432128906,125.98867797851562,124.04290771484376,125.64122009277344,999477,101.71351726837767,0.0,1.0,yahoo,2024-06-23 23:05:15
2012-04-23,GETI-B.ST,124.52935028076172,124.6683349609375,119.38695526123048,120.42933654785156,1320371,97.49420925341455,0.0,1.0,yahoo,2024-06-23 23:05:15
2012-04-24,GETI-B.ST,121.26323699951172,122.51408386230467,120.63780975341795,122.1666259765625,1100083,98.90064114079101,0.0,1.0,yahoo,2024-06-23 23:05:15
2012-04-25,GETI-B.ST,122.79205322265624,123.00052642822266,121.19374084472656,121.81916809082033,1151906,98.61935476331573,0.0,1.0,yahoo,2024-06-23 23:05:15
2012-04-26,GETI-B.ST,122.23612213134766,124.11239624023438,120.98526763916016,123.41748046875,1077768,99.91327704083555,0.0,1.0,yahoo,2024-06-23 23:05:15
2012-04-27,GETI-B.ST,123.2090072631836,125.08528137207033,122.44459533691406,125.08528137207033,896060,101.26345412328372,0.0,1.0,yahoo,2024-06-23 23:05:15
2012-04-30,GETI-B.ST,125.08528137207033,125.78020477294922,124.6683349609375,125.36325073242188,266696,101.48848569583069,0.0,1.0,yahoo,2024-06-23 23:05:15
2012-05-02,GETI-B.ST,127.30902099609376,128.14292907714844,124.59883880615234,125.98867797851562,790917,101.99480364585297,0.0,1.0,yahoo,2024-06-23 23:05:15
2012-05-03,GETI-B.ST,127.23953247070312,130.0192108154297,126.3361358642578,130.0192108154297,1257578,105.2577429185336,0.0,1.0,yahoo,2024-06-23 23:05:15
2012-05-04,GETI-B.ST,129.6022491455078,130.57513427734375,127.9344482421875,128.3513946533203,1217537,103.90755348325169,0.0,1.0,yahoo,2024-06-23 23:05:15
2012-05-07,GETI-B.ST,127.03105926513672,128.90733337402344,126.4751205444336,128.49038696289062,629901,104.02007544594207,0.0,1.0,yahoo,2024-06-23 23:05:15
2012-05-08,GETI-B.ST,128.21241760253906,128.21241760253906,126.3361358642578,126.89207458496094,1007069,102.72615316842223,0.0,1.0,yahoo,2024-06-23 23:05:15
2012-05-09,GETI-B.ST,127.58699035644533,127.65647888183594,124.04290771484376,125.2242660522461,912577,101.3759699095572,0.0,1.0,yahoo,2024-06-23 23:05:15
2012-05-10,GETI-B.ST,125.84969329833984,126.54461669921876,124.32087707519533,125.50223541259766,712242,101.60100148210418,0.0,1.0,yahoo,2024-06-23 23:05:15
2012-05-11,GETI-B.ST,125.36325073242188,126.96156311035156,124.52935028076172,126.68359375,533723,102.55737640080355,0.0,1.0,yahoo,2024-06-23 23:05:15
2012-05-14,GETI-B.ST,126.1276626586914,126.4751205444336,123.7649383544922,124.6683349609375,447651,100.92591294088011,0.0,1.0,yahoo,2024-06-23 23:05:15
2012-05-15,GETI-B.ST,124.6683349609375,125.78020477294922,123.2090072631836,123.41748046875,811481,99.91327704083555,0.0,1.0,yahoo,2024-06-23 23:05:15
2012-05-16,GETI-B.ST,122.65306854248048,123.97341918945312,122.23612213134766,122.51408386230467,490581,99.18192751826629,0.0,1.0,yahoo,2024-06-23 23:05:15
2012-05-18,GETI-B.ST,120.915771484375,122.23612213134766,120.22085571289062,121.88866424560548,1374660,98.67561574466092,0.0,1.0,yahoo,2024-06-23 23:05:15
2012-05-21,GETI-B.ST,122.30561065673828,123.69544982910156,121.81916809082033,122.79205322265624,674748,99.40695909081327,0.0,1.0,yahoo,2024-06-23 23:05:15
2012-05-22,GETI-B.ST,123.6259536743164,124.94630432128906,122.65306854248048,124.6683349609375,1326304,100.92591294088011,0.0,1.0,yahoo,2024-06-23 23:05:15
2012-05-23,GETI-B.ST,123.00052642822266,124.94630432128906,122.37510681152344,123.55646514892578,1264940,100.02579282710904,0.0,1.0,yahoo,2024-06-23 23:05:15
2012-05-24,GETI-B.ST,123.7649383544922,124.94630432128906,122.93103790283205,124.8768081665039,535337,101.0946835320819,0.0,1.0,yahoo,2024-06-23 23:05:15
2012-05-25,GETI-B.ST,125.08528137207033,126.96156311035156,124.80731964111328,126.54461669921876,594346,102.44486679094695,0.0,1.0,yahoo,2024-06-23 23:05:15
2012-05-28,GETI-B.ST,126.82257843017578,127.58699035644533,124.73782348632812,126.61410522460938,373911,102.50112159587523,0.0,1.0,yahoo,2024-06-23 23:05:15
2012-05-29,GETI-B.ST,126.61410522460938,129.04632568359375,125.98867797851562,128.2819061279297,634794,103.85129867832339,0.0,1.0,yahoo,2024-06-23 23:05:15
2012-05-30,GETI-B.ST,128.14292907714844,128.14292907714844,124.25138092041016,125.2242660522461,694130,101.3759699095572,0.0,1.0,yahoo,2024-06-23 23:05:15
2012-05-31,GETI-B.ST,124.6683349609375,126.2666473388672,124.59883880615234,125.43274688720705,1087723,101.54474667717588,0.0,1.0,yahoo,2024-06-23 23:05:15
2012-06-01,GETI-B.ST,125.919189453125,126.61410522460938,119.8039093017578,121.26323699951172,1240789,98.16929779463862,0.0,1.0,yahoo,2024-06-23 23:05:15
2012-06-04,GETI-B.ST,120.7072982788086,121.26323699951172,119.1089859008789,120.08187103271484,506334,97.21291669952238,0.0,1.0,yahoo,2024-06-23 23:05:15
2012-06-05,GETI-B.ST,120.915771484375,120.915771484375,118.48355865478516,119.73441314697266,509054,96.93163032204708,0.0,1.0,yahoo,2024-06-23 23:05:15
2012-06-07,GETI-B.ST,120.42933654785156,123.13951110839844,119.8039093017578,122.72256469726562,1083410,99.35070428588497,0.0,1.0,yahoo,2024-06-23 23:05:15
2012-06-08,GETI-B.ST,121.26323699951172,123.34799194335938,121.26323699951172,122.79205322265624,1792334,99.40695909081327,0.0,1.0,yahoo,2024-06-23 23:05:15
2012-06-11,GETI-B.ST,124.11239624023438,125.919189453125,123.69544982910156,123.83443450927734,788842,100.25082439965604,0.0,1.0,yahoo,2024-06-23 23:05:15
2012-06-12,GETI-B.ST,123.97341918945312,125.01579284667967,123.27849578857422,123.97341918945312,672188,100.36334018592953,0.0,1.0,yahoo,2024-06-23 23:05:15
2012-06-13,GETI-B.ST,123.83443450927734,125.98867797851562,123.83443450927734,125.43274688720705,1786825,101.54474667717588,0.0,1.0,yahoo,2024-06-23 23:05:15
2012-06-14,GETI-B.ST,125.15477752685548,125.15477752685548,122.93103790283205,124.18189239501952,1034949,100.53211077713131,0.0,1.0,yahoo,2024-06-23 23:05:15
2012-06-15,GETI-B.ST,125.08528137207033,125.08528137207033,120.77679443359376,121.12425231933594,1205504,98.05678200836513,0.0,1.0,yahoo,2024-06-23 23:05:15
2012-06-18,GETI-B.ST,121.81916809082033,123.55646514892578,120.84628295898438,123.48697662353516,844202,99.96953802218074,0.0,1.0,yahoo,2024-06-23 23:05:15
2012-06-19,GETI-B.ST,123.00052642822266,124.18189239501952,121.54119873046876,123.34799194335938,964594,99.85702223590725,0.0,1.0,yahoo,2024-06-23 23:05:15
2012-06-20,GETI-B.ST,123.34799194335938,123.34799194335938,120.08187103271484,122.1666259765625,1424374,98.90064114079101,0.0,1.0,yahoo,2024-06-23 23:05:15
2012-06-21,GETI-B.ST,122.1666259765625,122.58358001708984,119.73441314697266,121.26323699951172,1081551,98.16929779463862,0.0,1.0,yahoo,2024-06-23 23:05:15
2012-06-25,GETI-B.ST,119.87339782714844,120.42933654785156,118.3445816040039,120.29035186767578,835019,97.38169346714106,0.0,1.0,yahoo,2024-06-23 23:05:15
2012-06-26,GETI-B.ST,120.5683135986328,120.63780975341795,118.13610076904295,119.31746673583984,595330,96.59408913964349,0.0,1.0,yahoo,2024-06-23 23:05:15
2012-06-27,GETI-B.ST,119.52593994140624,120.08187103271484,117.4411849975586,118.3445816040039,853357,95.80648481214592,0.0,1.0,yahoo,2024-06-23 23:05:15
2012-06-28,GETI-B.ST,119.03949737548828,119.17848205566406,114.9394760131836,116.05134582519533,1118520,93.94998360325863,0.0,1.0,yahoo,2024-06-23 23:05:15
2012-06-29,GETI-B.ST,117.9971160888672,118.83102416992188,116.3988037109375,118.83102416992188,1209831,96.20028697589471,0.0,1.0,yahoo,2024-06-23 23:05:15
2012-07-02,GETI-B.ST,118.97000122070312,120.08187103271484,117.92762756347656,119.17848205566406,1155825,96.48157335337,0.0,1.0,yahoo,2024-06-23 23:05:15
2012-07-03,GETI-B.ST,119.8039093017578,121.6106948852539,119.31746673583984,121.54119873046876,1034803,98.39432319076874,0.0,1.0,yahoo,2024-06-23 23:05:15
2012-07-04,GETI-B.ST,121.6106948852539,122.37510681152344,121.05475616455078,122.1666259765625,385133,98.90064114079101,0.0,1.0,yahoo,2024-06-23 23:05:15
2012-07-05,GETI-B.ST,121.9581527709961,122.65306854248048,120.08187103271484,120.42933654785156,1055875,97.49420925341455,0.0,1.0,yahoo,2024-06-23 23:05:15
2012-07-06,GETI-B.ST,120.22085571289062,121.81916809082033,119.87339782714844,120.01238250732422,1022074,97.15666189459408,0.0,1.0,yahoo,2024-06-23 23:05:15
2012-07-09,GETI-B.ST,120.98526763916016,121.19374084472656,119.31746673583984,119.52593994140624,861108,96.76285973084528,0.0,1.0,yahoo,2024-06-23 23:05:15
2012-07-10,GETI-B.ST,120.77679443359376,121.9581527709961,119.73441314697266,120.29035186767578,960536,97.38169346714106,0.0,1.0,yahoo,2024-06-23 23:05:15
2012-07-11,GETI-B.ST,123.00052642822266,127.10054779052734,123.00052642822266,125.01579284667967,1972857,101.20719931835539,0.0,1.0,yahoo,2024-06-23 23:05:15
2012-07-12,GETI-B.ST,124.73782348632812,124.80731964111328,122.37510681152344,123.55646514892578,1132402,100.02579282710904,0.0,1.0,yahoo,2024-06-23 23:05:15
2012-07-13,GETI-B.ST,123.7649383544922,125.01579284667967,123.2090072631836,124.25138092041016,655983,100.58836558205964,0.0,1.0,yahoo,2024-06-23 23:05:15
2012-07-16,GETI-B.ST,123.83443450927734,125.919189453125,123.2090072631836,125.84969329833984,810109,101.88228785957948,0.0,1.0,yahoo,2024-06-23 23:05:15
2012-07-17,GETI-B.ST,125.919189453125,129.25479125976562,125.919189453125,128.90733337402344,1143492,104.35761662834567,0.0,1.0,yahoo,2024-06-23 23:05:15
2012-07-18,GETI-B.ST,128.55987548828125,130.50564575195312,128.3513946533203,130.15818786621094,740048,105.37025252839021,0.0,1.0,yahoo,2024-06-23 23:05:15
2012-07-19,GETI-B.ST,130.64463806152344,131.89547729492188,130.0886993408203,131.47853088378906,552158,106.43914323336307,0.0,1.0,yahoo,2024-06-23 23:05:15
2012-07-20,GETI-B.ST,130.57513427734375,131.3395538330078,130.2971649169922,130.71412658691406,586838,105.82031567348417,0.0,1.0,yahoo,2024-06-23 23:05:15
2012-07-23,GETI-B.ST,130.0886993408203,130.57513427734375,126.68359375,128.2819061279297,699033,103.85129867832339,0.0,1.0,yahoo,2024-06-23 23:05:15
2012-07-24,GETI-B.ST,127.86495971679688,129.185302734375,127.51750183105467,128.62936401367188,648110,104.13258505579867,0.0,1.0,yahoo,2024-06-23 23:05:15
2012-07-25,GETI-B.ST,128.55987548828125,130.64463806152344,127.79546356201172,130.64463806152344,888072,105.76406086855587,0.0,1.0,yahoo,2024-06-23 23:05:15
2012-07-26,GETI-B.ST,130.0192108154297,132.38192749023438,129.32427978515625,132.38192749023438,761026,107.17049275593233,0.0,1.0,yahoo,2024-06-23 23:05:15
2012-07-27,GETI-B.ST,132.5904083251953,134.39718627929688,131.5480194091797,134.39718627929688,1070530,108.80195621585577,0.0,1.0,yahoo,2024-06-23 23:05:15
2012-07-30,GETI-B.ST,134.39718627929688,135.43955993652344,134.1192169189453,135.43955993652344,859846,109.64581534828164,0.0,1.0,yahoo,2024-06-23 23:05:15
2012-07-31,GETI-B.ST,135.43955993652344,136.5514373779297,134.39718627929688,135.23109436035156,792498,109.47705093349673,0.0,1.0,yahoo,2024-06-23 23:05:15
2012-08-01,GETI-B.ST,135.16160583496094,135.7870330810547,132.31243896484375,132.52090454101562,1110746,107.28300236578895,0.0,1.0,yahoo,2024-06-23 23:05:15
2012-08-02,GETI-B.ST,133.2853240966797,133.3548126220703,131.27005004882812,131.96498107910156,705225,106.83295157352873,0.0,1.0,yahoo,2024-06-23 23:05:15
2012-08-03,GETI-B.ST,131.68701171875,132.9378662109375,131.5480194091797,132.8683624267578,677799,107.56428874326423,0.0,1.0,yahoo,2024-06-23 23:05:15
2012-08-06,GETI-B.ST,133.14633178710938,133.2853240966797,131.89547729492188,132.9378662109375,541499,107.6205559010263,0.0,1.0,yahoo,2024-06-23 23:05:15
2012-08-07,GETI-B.ST,132.451416015625,133.7022705078125,131.82598876953125,132.31243896484375,944807,107.11423795100403,0.0,1.0,yahoo,2024-06-23 23:05:15
2012-08-08,GETI-B.ST,132.31243896484375,133.2853240966797,131.61752319335938,133.2853240966797,514400,107.90184227850159,0.0,1.0,yahoo,2024-06-23 23:05:15
2012-08-09,GETI-B.ST,133.42430114746094,133.7022705078125,132.5904083251953,133.21583557128906,576292,107.84558747357327,0.0,1.0,yahoo,2024-06-23 23:05:15
2012-08-10,GETI-B.ST,132.31243896484375,133.98023986816406,132.31243896484375,133.91075134277344,466620,108.40816022852387,0.0,1.0,yahoo,2024-06-23 23:05:15
2012-08-13,GETI-B.ST,132.7988739013672,134.32769775390625,132.7988739013672,134.32769775390625,567157,108.74570141092747,0.0,1.0,yahoo,2024-06-23 23:05:15
2012-08-14,GETI-B.ST,134.25820922851562,134.88363647460938,133.7022705078125,134.25820922851562,557282,108.68944660599915,0.0,1.0,yahoo,2024-06-23 23:05:15
2012-08-15,GETI-B.ST,134.953125,137.1073760986328,134.67515563964844,136.34295654296875,808299,110.3771648708509,0.0,1.0,yahoo,2024-06-23 23:05:15
2012-08-16,GETI-B.ST,135.99549865722656,137.17686462402344,135.8565216064453,136.69041442871094,661638,110.65845124832619,0.0,1.0,yahoo,2024-06-23 23:05:15
2012-08-17,GETI-B.ST,137.1073760986328,137.24635314941406,136.41244506835938,137.17686462402344,498510,111.05225958849185,0.0,1.0,yahoo,2024-06-23 23:05:15
2012-08-20,GETI-B.ST,136.69041442871094,137.73280334472656,136.41244506835938,137.24635314941406,361302,111.10851439342017,0.0,1.0,yahoo,2024-06-23 23:05:15
2012-08-21,GETI-B.ST,137.17686462402344,137.73280334472656,136.6209259033203,137.1073760986328,614115,110.99600478356355,0.0,1.0,yahoo,2024-06-23 23:05:15
2012-08-22,GETI-B.ST,136.69041442871094,136.82940673828125,133.07684326171875,133.77175903320312,640656,108.29563826583349,0.0,1.0,yahoo,2024-06-23 23:05:15
2012-08-23,GETI-B.ST,133.63278198242188,135.02261352539062,132.72938537597656,133.42430114746094,475077,108.0143518883582,0.0,1.0,yahoo,2024-06-23 23:05:15
2012-08-24,GETI-B.ST,133.42430114746094,134.39718627929688,132.5904083251953,134.1192169189453,627702,108.57692464330879,0.0,1.0,yahoo,2024-06-23 23:05:15
2012-08-27,GETI-B.ST,134.1192169189453,135.02261352539062,133.07684326171875,135.02261352539062,319375,109.30827416587805,0.0,1.0,yahoo,2024-06-23 23:05:15
2012-08-28,GETI-B.ST,134.32769775390625,134.88363647460938,133.3548126220703,133.91075134277344,1122288,108.40816022852387,0.0,1.0,yahoo,2024-06-23 23:05:15
2012-08-29,GETI-B.ST,133.77175903320312,135.16160583496094,133.7022705078125,135.09210205078125,422005,109.36452897080635,0.0,1.0,yahoo,2024-06-23 23:05:15
2012-08-30,GETI-B.ST,135.02261352539062,135.8565216064453,134.1192169189453,135.8565216064453,691625,109.98336888351899,0.0,1.0,yahoo,2024-06-23 23:05:15
2012-08-31,GETI-B.ST,135.8565216064453,137.8022918701172,135.16160583496094,137.1073760986328,814005,110.99600478356355,0.0,1.0,yahoo,2024-06-23 23:05:15
2012-09-03,GETI-B.ST,137.03787231445312,137.52432250976562,136.5514373779297,137.3158416748047,373842,111.16476919834847,0.0,1.0,yahoo,2024-06-23 23:05:15
2012-09-04,GETI-B.ST,137.3158416748047,137.3158416748047,135.50906372070312,135.717529296875,593839,109.87084692082863,0.0,1.0,yahoo,2024-06-23 23:05:15
2012-09-05,GETI-B.ST,135.717529296875,137.66329956054688,135.43955993652344,137.66329956054688,918515,111.44605557582376,0.0,1.0,yahoo,2024-06-23 23:05:15
2012-09-06,GETI-B.ST,137.94126892089844,139.95654296875,137.24635314941406,139.1226348876953,987602,112.62746824348699,0.0,1.0,yahoo,2024-06-23 23:05:15
2012-09-07,GETI-B.ST,139.1226348876953,139.67857360839844,136.13449096679688,136.41244506835938,1069261,110.4334196757792,0.0,1.0,yahoo,2024-06-23 23:05:15
2012-09-10,GETI-B.ST,136.48194885253906,136.75991821289062,134.0497283935547,135.02261352539062,755169,109.30827416587805,0.0,1.0,yahoo,2024-06-23 23:05:15
2012-09-11,GETI-B.ST,135.09210205078125,135.3700714111328,134.25820922851562,135.09210205078125,564082,109.36452897080635,0.0,1.0,yahoo,2024-06-23 23:05:15
2012-09-12,GETI-B.ST,135.09210205078125,135.7870330810547,134.32769775390625,135.7870330810547,592511,109.92711407859069,0.0,1.0,yahoo,2024-06-23 23:05:15
2012-09-13,GETI-B.ST,135.717529296875,135.99549865722656,135.16160583496094,135.64804077148438,609909,109.81459211590033,0.0,1.0,yahoo,2024-06-23 23:05:15
2012-09-14,GETI-B.ST,137.1073760986328,137.52432250976562,134.953125,137.03787231445312,716189,110.93973762580148,0.0,1.0,yahoo,2024-06-23 23:05:15
2012-09-17,GETI-B.ST,137.03787231445312,137.52432250976562,131.47853088378906,133.56329345703125,2364046,108.12687385104857,0.0,1.0,yahoo,2024-06-23 23:05:15
2012-09-18,GETI-B.ST,133.42430114746094,135.3700714111328,133.42430114746094,133.77175903320312,1105701,108.29563826583349,0.0,1.0,yahoo,2024-06-23 23:05:15
2012-09-19,GETI-B.ST,134.6056671142578,135.43955993652344,134.25820922851562,135.02261352539062,548704,109.30827416587805,0.0,1.0,yahoo,2024-06-23 23:05:15
2012-09-20,GETI-B.ST,134.67515563964844,135.43955993652344,133.84124755859375,135.23109436035156,835801,109.47705093349673,0.0,1.0,yahoo,2024-06-23 23:05:15
2012-09-21,GETI-B.ST,135.50906372070312,135.50906372070312,134.6056671142578,135.02261352539062,738281,109.30827416587805,0.0,1.0,yahoo,2024-06-23 23:05:15
2012-09-24,GETI-B.ST,134.188720703125,135.8565216064453,134.1192169189453,135.64804077148438,527018,109.81459211590033,0.0,1.0,yahoo,2024-06-23 23:05:15
2012-09-25,GETI-B.ST,135.99549865722656,136.2039794921875,134.88363647460938,135.7870330810547,777357,109.92711407859069,0.0,1.0,yahoo,2024-06-23 23:05:15
2012-09-26,GETI-B.ST,135.43955993652344,136.69041442871094,134.8141326904297,135.717529296875,599379,109.87084692082863,0.0,1.0,yahoo,2024-06-23 23:05:15
2012-09-27,GETI-B.ST,135.57855224609375,137.8022918701172,135.3005828857422,137.52432250976562,764299,111.33354596596715,0.0,1.0,yahoo,2024-06-23 23:05:15
2012-09-28,GETI-B.ST,137.73280334472656,139.26161193847656,137.66329956054688,137.73280334472656,1112614,111.50232273358583,0.0,1.0,yahoo,2024-06-23 23:05:15
2012-10-01,GETI-B.ST,137.17686462402344,140.720947265625,136.82940673828125,140.720947265625,700119,113.92139052100683,0.0,1.0,yahoo,2024-06-23 23:05:15
2012-10-02,GETI-B.ST,140.16500854492188,141.55484008789062,140.09552001953125,141.0684051513672,972523,114.20267689848211,0.0,1.0,yahoo,2024-06-23 23:05:15
2012-10-03,GETI-B.ST,140.65145874023438,141.0684051513672,140.02603149414062,140.720947265625,594793,113.92139052100683,0.0,1.0,yahoo,2024-06-23 23:05:15
2012-10-04,GETI-B.ST,140.85992431640625,141.41586303710938,140.02603149414062,140.3734893798828,667384,113.64010414353153,0.0,1.0,yahoo,2024-06-23 23:05:15
2012-10-05,GETI-B.ST,139.1226348876953,140.5819549560547,137.94126892089844,139.8175506591797,1337599,113.19004099843757,0.0,1.0,yahoo,2024-06-23 23:05:15
2012-10-08,GETI-B.ST,139.8175506591797,139.8870391845703,137.52432250976562,137.52432250976562,752163,111.33354596596715,0.0,1.0,yahoo,2024-06-23 23:05:15
2012-10-09,GETI-B.ST,136.9683837890625,137.66329956054688,134.67515563964844,135.09210205078125,1470476,109.36452897080635,0.0,1.0,yahoo,2024-06-23 23:05:15
2012-10-10,GETI-B.ST,134.8141326904297,135.16160583496094,133.7022705078125,133.91075134277344,720907,108.40816022852387,0.0,1.0,yahoo,2024-06-23 23:05:15
2012-10-11,GETI-B.ST,134.4666748046875,135.23109436035156,134.0497283935547,134.6056671142578,789028,108.97073298347445,0.0,1.0,yahoo,2024-06-23 23:05:15
2012-10-12,GETI-B.ST,134.0497283935547,134.8141326904297,133.21583557128906,133.98023986816406,701201,108.46441503345217,0.0,1.0,yahoo,2024-06-23 23:05:15
2012-10-15,GETI-B.ST,133.49378967285156,135.16160583496094,133.49378967285156,135.16160583496094,734605,109.42079612856841,0.0,1.0,yahoo,2024-06-23 23:05:15
2012-10-16,GETI-B.ST,136.34295654296875,136.6209259033203,135.02261352539062,136.0649871826172,975873,110.15213329830392,0.0,1.0,yahoo,2024-06-23 23:05:15
2012-10-17,GETI-B.ST,136.0649871826172,141.1378936767578,134.4666748046875,140.51246643066406,2940098,113.75261375338815,0.0,1.0,yahoo,2024-06-23 23:05:15
2012-10-18,GETI-B.ST,140.3734893798828,141.9718017578125,139.33111572265625,141.76332092285156,1085696,114.7652496534327,0.0,1.0,yahoo,2024-06-23 23:05:15
2012-10-19,GETI-B.ST,141.20738220214844,141.4853515625,140.44297790527344,141.0684051513672,688925,114.20267689848211,0.0,1.0,yahoo,2024-06-23 23:05:15
2012-10-22,GETI-B.ST,141.0684051513672,141.41586303710938,140.85992431640625,141.41586303710938,731475,114.48396327595741,0.0,1.0,yahoo,2024-06-23 23:05:15
2012-10-23,GETI-B.ST,141.41586303710938,141.41586303710938,139.19212341308594,139.40060424804688,899193,112.85249981603397,0.0,1.0,yahoo,2024-06-23 23:05:15
2012-10-24,GETI-B.ST,139.53958129882812,140.3734893798828,137.8717803955078,139.8175506591797,834482,113.19004099843757,0.0,1.0,yahoo,2024-06-23 23:05:15
2012-10-25,GETI-B.ST,139.8870391845703,141.69383239746094,139.4700927734375,141.0684051513672,600431,114.20267689848211,0.0,1.0,yahoo,2024-06-23 23:05:15
2012-10-26,GETI-B.ST,140.65145874023438,143.0836639404297,140.44297790527344,142.59722900390625,576532,115.44034437107365,0.0,1.0,yahoo,2024-06-23 23:05:15
2012-10-29,GETI-B.ST,142.24977111816406,143.70909118652344,141.41586303710938,143.36163330078125,578055,116.05917193095254,0.0,1.0,yahoo,2024-06-23 23:05:15
2012-10-30,GETI-B.ST,143.22265625,144.12603759765625,142.80569458007812,142.8751983642578,528840,115.66537594362063,0.0,1.0,yahoo,2024-06-23 23:05:15
2012-10-31,GETI-B.ST,142.66671752929688,143.43112182617188,141.76332092285156,141.76332092285156,627673,114.7652496534327,0.0,1.0,yahoo,2024-06-23 23:05:15
2012-11-01,GETI-B.ST,141.9718017578125,144.19554138183594,141.20738220214844,143.36163330078125,666838,116.05917193095254,0.0,1.0,yahoo,2024-06-23 23:05:15
2012-11-02,GETI-B.ST,143.91757202148438,145.09893798828125,142.8751983642578,145.09893798828125,233653,117.46561617116275,0.0,1.0,yahoo,2024-06-23 23:05:15
2012-11-05,GETI-B.ST,143.77857971191406,144.19554138183594,141.4853515625,141.69383239746094,1031197,114.70899484850439,0.0,1.0,yahoo,2024-06-23 23:05:15
2012-11-06,GETI-B.ST,141.9718017578125,143.987060546875,141.4853515625,143.50062561035156,577639,116.17169389364291,0.0,1.0,yahoo,2024-06-23 23:05:15
2012-11-07,GETI-B.ST,144.54299926757812,144.54299926757812,140.720947265625,140.720947265625,405657,113.92139052100683,0.0,1.0,yahoo,2024-06-23 23:05:15
2012-11-08,GETI-B.ST,140.92942810058594,141.8328094482422,139.33111572265625,139.74806213378906,570741,113.13378619350927,0.0,1.0,yahoo,2024-06-23 23:05:15
2012-11-09,GETI-B.ST,139.95654296875,142.3887481689453,139.0531463623047,141.69383239746094,607674,114.70899484850439,0.0,1.0,yahoo,2024-06-23 23:05:15
2012-11-12,GETI-B.ST,142.11077880859375,142.24977111816406,140.79043579101562,141.6243438720703,448862,114.65274004357609,0.0,1.0,yahoo,2024-06-23 23:05:15
2012-11-13,GETI-B.ST,141.20738220214844,141.76332092285156,140.3734893798828,141.55484008789062,370843,114.59647288581402,0.0,1.0,yahoo,2024-06-23 23:05:15
2012-11-14,GETI-B.ST,140.720947265625,142.45823669433594,140.3734893798828,141.9718017578125,605066,114.93402642105137,0.0,1.0,yahoo,2024-06-23 23:05:15
2012-11-15,GETI-B.ST,141.76332092285156,141.76332092285156,139.1226348876953,139.67857360839844,594005,113.07753138858095,0.0,1.0,yahoo,2024-06-23 23:05:15
2012-11-16,GETI-B.ST,139.74806213378906,140.3040008544922,138.14974975585938,138.14974975585938,552460,111.83986391598943,0.0,1.0,yahoo,2024-06-23 23:05:15
2012-11-19,GETI-B.ST,138.49720764160156,140.3734893798828,138.49720764160156,140.02603149414062,428621,113.35881776605625,0.0,1.0,yahoo,2024-06-23 23:05:15
2012-11-20,GETI-B.ST,139.95654296875,141.0684051513672,139.4700927734375,140.65145874023438,402854,113.86513571607851,0.0,1.0,yahoo,2024-06-23 23:05:15
2012-11-21,GETI-B.ST,140.3040008544922,143.29214477539062,139.95654296875,142.94468688964844,825133,115.72163074854895,0.0,1.0,yahoo,2024-06-23 23:05:15
2012-11-22,GETI-B.ST,142.94468688964844,145.02943420410156,142.7362060546875,145.02943420410156,598330,117.40934901340069,0.0,1.0,yahoo,2024-06-23 23:05:15
2012-11-23,GETI-B.ST,144.95994567871094,147.87860107421875,144.4735107421875,147.46165466308594,665941,119.37836600856149,0.0,1.0,yahoo,2024-06-23 23:05:15
2012-11-26,GETI-B.ST,146.97520446777344,147.32266235351562,146.0718231201172,146.9057159423828,483121,118.92830286346751,0.0,1.0,yahoo,2024-06-23 23:05:15
2012-11-27,GETI-B.ST,147.32266235351562,150.5887908935547,147.253173828125,150.38031005859375,843350,121.74117899105418,0.0,1.0,yahoo,2024-06-23 23:05:15
2012-11-28,GETI-B.ST,150.38031005859375,150.38031005859375,148.990478515625,150.1718292236328,489510,121.5724022234355,0.0,1.0,yahoo,2024-06-23 23:05:15
2012-11-29,GETI-B.ST,148.43453979492188,150.1023406982422,148.43453979492188,149.89385986328125,722428,121.34737065088852,0.0,1.0,yahoo,2024-06-23 23:05:15
2012-11-30,GETI-B.ST,149.7548828125,150.72776794433594,149.05996704101562,149.05996704101562,679822,120.67228828608133,0.0,1.0,yahoo,2024-06-23 23:05:15
2012-12-03,GETI-B.ST,149.4074249267578,150.79725646972656,148.8514862060547,150.03285217285156,556961,121.45989261357889,0.0,1.0,yahoo,2024-06-23 23:05:15
2012-12-04,GETI-B.ST,150.1023406982422,151.28370666503906,149.47691345214844,150.38031005859375,539775,121.74117899105418,0.0,1.0,yahoo,2024-06-23 23:05:15
2012-12-05,GETI-B.ST,150.79725646972656,152.32608032226562,150.79725646972656,151.7701416015625,620028,122.86632450095534,0.0,1.0,yahoo,2024-06-23 23:05:15
2012-12-06,GETI-B.ST,152.53456115722656,153.64642333984375,152.18710327148438,153.22947692871094,722790,124.04773716861857,0.0,1.0,yahoo,2024-06-23 23:05:15
2012-12-07,GETI-B.ST,152.88201904296875,153.5074462890625,152.256591796875,152.53456115722656,487539,123.48516441366799,0.0,1.0,yahoo,2024-06-23 23:05:15
2012-12-10,GETI-B.ST,152.81253051757812,153.1599884033203,151.7701416015625,152.39556884765625,844579,123.37264245097762,0.0,1.0,yahoo,2024-06-23 23:05:15
2012-12-11,GETI-B.ST,152.74302673339844,154.2718505859375,152.39556884765625,154.2718505859375,491429,124.89159630104444,0.0,1.0,yahoo,2024-06-23 23:05:15
2012-12-12,GETI-B.ST,154.75830078125,154.89727783203125,151.07522583007812,151.14471435546875,1111868,122.36000655093306,0.0,1.0,yahoo,2024-06-23 23:05:15
2012-12-13,GETI-B.ST,151.70065307617188,152.53456115722656,150.6582794189453,150.79725646972656,994280,122.07872017345778,0.0,1.0,yahoo,2024-06-23 23:05:15
2012-12-14,GETI-B.ST,150.79725646972656,152.18710327148438,150.79725646972656,151.56167602539062,529194,122.69756008617043,0.0,1.0,yahoo,2024-06-23 23:05:15
2012-12-17,GETI-B.ST,151.63116455078125,152.256591796875,150.519287109375,151.4226837158203,407155,122.58503812348006,0.0,1.0,yahoo,2024-06-23 23:05:15
2012-12-18,GETI-B.ST,151.7701416015625,152.46505737304688,150.79725646972656,152.18710327148438,771010,123.2038780361927,0.0,1.0,yahoo,2024-06-23 23:05:15
2012-12-19,GETI-B.ST,151.7701416015625,152.1175994873047,151.28370666503906,151.9091339111328,696291,122.97884646364571,0.0,1.0,yahoo,2024-06-23 23:05:15
2012-12-20,GETI-B.ST,151.9091339111328,152.256591796875,151.14471435546875,151.9091339111328,484726,122.97884646364571,0.0,1.0,yahoo,2024-06-23 23:05:15
2012-12-21,GETI-B.ST,151.28370666503906,152.39556884765625,149.61590576171875,152.1175994873047,704564,123.14761087843064,0.0,1.0,yahoo,2024-06-23 23:05:15
2012-12-27,GETI-B.ST,151.8396453857422,153.3684539794922,151.21421813964844,153.29896545410156,535293,124.10399197354688,0.0,1.0,yahoo,2024-06-23 23:05:15
2012-12-28,GETI-B.ST,153.99388122558594,154.6887969970703,152.88201904296875,152.88201904296875,565741,123.76645079114328,0.0,1.0,yahoo,2024-06-23 23:05:15
2013-01-02,GETI-B.ST,155.38372802734375,155.73118591308594,153.9243927001953,155.73118591308594,619707,126.07300896870767,0.0,1.0,yahoo,2024-06-23 23:05:15
2013-01-03,GETI-B.ST,156.00914001464844,156.4261016845703,155.45321655273438,156.4261016845703,398484,126.63558172365825,0.0,1.0,yahoo,2024-06-23 23:05:15
2013-01-04,GETI-B.ST,155.66168212890625,155.66168212890625,151.8396453857422,153.1599884033203,1055984,123.99148236369027,0.0,1.0,yahoo,2024-06-23 23:05:15
2013-01-07,GETI-B.ST,152.95150756835938,152.95150756835938,149.7548828125,149.82437133789062,1138985,121.2911158459602,0.0,1.0,yahoo,2024-06-23 23:05:15
2013-01-08,GETI-B.ST,149.61590576171875,152.256591796875,149.61590576171875,151.49217224121094,736328,122.64129292840836,0.0,1.0,yahoo,2024-06-23 23:05:15
2013-01-09,GETI-B.ST,151.97862243652344,151.97862243652344,149.54640197753906,150.93624877929688,456417,122.19124213614815,0.0,1.0,yahoo,2024-06-23 23:05:15
2013-01-10,GETI-B.ST,151.21421813964844,151.21421813964844,149.47691345214844,150.03285217285156,434209,121.45989261357889,0.0,1.0,yahoo,2024-06-23 23:05:15
2013-01-11,GETI-B.ST,138.983642578125,139.8175506591797,135.09210205078125,137.66329956054688,6744376,111.44605557582376,0.0,1.0,yahoo,2024-06-23 23:05:15
2013-01-14,GETI-B.ST,137.59381103515625,142.24977111816406,137.59381103515625,139.4700927734375,2025212,112.90875462096227,0.0,1.0,yahoo,2024-06-23 23:05:15
2013-01-15,GETI-B.ST,138.983642578125,139.26161193847656,137.66329956054688,138.01075744628906,1283725,111.72734195329905,0.0,1.0,yahoo,2024-06-23 23:05:15
2013-01-16,GETI-B.ST,138.28872680664062,139.8175506591797,138.14974975585938,139.4700927734375,796321,112.90875462096227,0.0,1.0,yahoo,2024-06-23 23:05:15
2013-01-17,GETI-B.ST,139.0531463623047,140.44297790527344,138.983642578125,139.33111572265625,1192387,112.79624501110567,0.0,1.0,yahoo,2024-06-23 23:05:15
2013-01-18,GETI-B.ST,140.2344970703125,140.3734893798828,138.08026123046875,138.14974975585938,934201,111.83986391598943,0.0,1.0,yahoo,2024-06-23 23:05:15
2013-01-21,GETI-B.ST,137.8717803955078,138.08026123046875,135.64804077148438,137.8022918701172,879471,111.55857753851413,0.0,1.0,yahoo,2024-06-23 23:05:15
2013-01-22,GETI-B.ST,137.73280334472656,139.53958129882812,136.89889526367188,139.53958129882812,1207445,112.96500942589059,0.0,1.0,yahoo,2024-06-23 23:05:15
2013-01-23,GETI-B.ST,139.67857360839844,142.45823669433594,139.19212341308594,142.45823669433594,1274960,115.32782240838328,0.0,1.0,yahoo,2024-06-23 23:05:15
2013-01-24,GETI-B.ST,142.45823669433594,142.45823669433594,139.4700927734375,140.09552001953125,1267872,113.41507257098455,0.0,1.0,yahoo,2024-06-23 23:05:15
2013-01-25,GETI-B.ST,140.09552001953125,143.5701141357422,139.67857360839844,143.5701141357422,1497463,116.22794869857121,0.0,1.0,yahoo,2024-06-23 23:05:15
2013-01-28,GETI-B.ST,143.5701141357422,143.5701141357422,138.28872680664062,138.84466552734375,1791023,112.40243667094,0.0,1.0,yahoo,2024-06-23 23:05:15
2013-01-29,GETI-B.ST,138.77517700195312,139.95654296875,138.14974975585938,139.95654296875,1324223,113.30256296112793,0.0,1.0,yahoo,2024-06-23 23:05:15
2013-01-30,GETI-B.ST,140.16500854492188,140.16500854492188,138.49720764160156,139.40060424804688,912395,112.85249981603397,0.0,1.0,yahoo,2024-06-23 23:05:15
2013-01-31,GETI-B.ST,138.91415405273438,139.67857360839844,133.07684326171875,136.34295654296875,5452542,110.3771648708509,0.0,1.0,yahoo,2024-06-23 23:05:15
2013-02-01,GETI-B.ST,136.13449096679688,138.42771911621094,136.13449096679688,138.08026123046875,1174267,111.78360911106111,0.0,1.0,yahoo,2024-06-23 23:05:15
2013-02-04,GETI-B.ST,138.3582305908203,138.7056884765625,137.17686462402344,137.52432250976562,634575,111.33354596596715,0.0,1.0,yahoo,2024-06-23 23:05:15
2013-02-05,GETI-B.ST,136.89889526367188,137.73280334472656,136.2039794921875,136.82940673828125,1211277,110.77097321101657,0.0,1.0,yahoo,2024-06-23 23:05:15
2013-02-06,GETI-B.ST,136.82940673828125,138.84466552734375,136.6209259033203,137.8717803955078,1087113,111.61483234344243,0.0,1.0,yahoo,2024-06-23 23:05:15
2013-02-07,GETI-B.ST,138.21923828125,139.40060424804688,137.59381103515625,138.28872680664062,974213,111.95237352584603,0.0,1.0,yahoo,2024-06-23 23:05:15
2013-02-08,GETI-B.ST,139.1226348876953,140.720947265625,130.64463806152344,131.61752319335938,4801822,106.55166519605343,0.0,1.0,yahoo,2024-06-23 23:05:15
2013-02-11,GETI-B.ST,134.188720703125,135.09210205078125,133.00735473632812,134.0497283935547,1518322,108.52066983838047,0.0,1.0,yahoo,2024-06-23 23:05:15
2013-02-12,GETI-B.ST,134.4666748046875,135.50906372070312,133.98023986816406,134.6056671142578,961549,108.97073298347445,0.0,1.0,yahoo,2024-06-23 23:05:15
2013-02-13,GETI-B.ST,135.3700714111328,136.9683837890625,134.8141326904297,136.89889526367188,1229600,110.82722801594487,0.0,1.0,yahoo,2024-06-23 23:05:15
2013-02-14,GETI-B.ST,137.1073760986328,137.1073760986328,133.84124755859375,134.8141326904297,2223150,109.13949739825937,0.0,1.0,yahoo,2024-06-23 23:05:15
2013-02-15,GETI-B.ST,134.6056671142578,136.0649871826172,134.6056671142578,134.74464416503906,954066,109.08324259333106,0.0,1.0,yahoo,2024-06-23 23:05:15
2013-02-18,GETI-B.ST,134.953125,135.43955993652344,134.74464416503906,135.3005828857422,649844,109.53330573842503,0.0,1.0,yahoo,2024-06-23 23:05:15
2013-02-19,GETI-B.ST,135.3005828857422,135.99549865722656,134.88363647460938,135.64804077148438,687185,109.81459211590033,0.0,1.0,yahoo,2024-06-23 23:05:15
2013-02-20,GETI-B.ST,135.7870330810547,137.454833984375,135.64804077148438,137.03787231445312,835574,110.93973762580148,0.0,1.0,yahoo,2024-06-23 23:05:15
2013-02-21,GETI-B.ST,136.89889526367188,137.1073760986328,135.717529296875,136.89889526367188,1077777,110.82722801594487,0.0,1.0,yahoo,2024-06-23 23:05:15
2013-02-22,GETI-B.ST,137.52432250976562,139.19212341308594,136.9683837890625,138.49720764160156,1675022,112.12115029346471,0.0,1.0,yahoo,2024-06-23 23:05:15
2013-02-25,GETI-B.ST,138.6361846923828,139.1226348876953,136.41244506835938,136.5514373779297,1081730,110.54594163846957,0.0,1.0,yahoo,2024-06-23 23:05:15
2013-02-26,GETI-B.ST,135.3005828857422,136.13449096679688,134.4666748046875,134.8141326904297,710365,109.13949739825937,0.0,1.0,yahoo,2024-06-23 23:05:15
2013-02-27,GETI-B.ST,135.43955993652344,136.27346801757812,134.953125,136.13449096679688,486068,110.20840045606597,0.0,1.0,yahoo,2024-06-23 23:05:15
2013-02-28,GETI-B.ST,136.82940673828125,136.9683837890625,135.3005828857422,135.3005828857422,803493,109.53330573842503,0.0,1.0,yahoo,2024-06-23 23:05:15
2013-03-01,GETI-B.ST,135.7870330810547,136.0649871826172,134.74464416503906,135.57855224609375,900431,109.75833731097201,0.0,1.0,yahoo,2024-06-23 23:05:15
2013-03-04,GETI-B.ST,135.92601013183594,136.41244506835938,134.953125,136.0649871826172,608131,110.15213329830392,0.0,1.0,yahoo,2024-06-23 23:05:15
2013-03-05,GETI-B.ST,137.73280334472656,137.73280334472656,136.13449096679688,136.9683837890625,681023,110.88348282087317,0.0,1.0,yahoo,2024-06-23 23:05:15
2013-03-06,GETI-B.ST,137.38534545898438,137.66329956054688,134.953125,134.953125,1231347,109.25201936094973,0.0,1.0,yahoo,2024-06-23 23:05:15
2013-03-07,GETI-B.ST,135.23109436035156,135.8565216064453,134.6056671142578,135.3005828857422,1130689,109.53330573842503,0.0,1.0,yahoo,2024-06-23 23:05:15
2013-03-08,GETI-B.ST,135.57855224609375,136.48194885253906,135.3700714111328,135.92601013183594,794817,110.0396236884473,0.0,1.0,yahoo,2024-06-23 23:05:15
2013-03-11,GETI-B.ST,136.69041442871094,137.1073760986328,135.717529296875,136.34295654296875,427653,110.3771648708509,0.0,1.0,yahoo,2024-06-23 23:05:15
2013-03-12,GETI-B.ST,136.13449096679688,137.454833984375,135.57855224609375,136.5514373779297,873328,110.54594163846957,0.0,1.0,yahoo,2024-06-23 23:05:15
2013-03-13,GETI-B.ST,136.82940673828125,137.03787231445312,135.23109436035156,135.57855224609375,1220250,109.75833731097201,0.0,1.0,yahoo,2024-06-23 23:05:15
2013-03-14,GETI-B.ST,135.57855224609375,136.13449096679688,134.4666748046875,135.7870330810547,1128775,109.92711407859069,0.0,1.0,yahoo,2024-06-23 23:05:15
2013-03-15,GETI-B.ST,136.13449096679688,136.2039794921875,135.09210205078125,135.7870330810547,1056868,109.92711407859069,0.0,1.0,yahoo,2024-06-23 23:05:15
2013-03-18,GETI-B.ST,134.74464416503906,135.64804077148438,134.4666748046875,135.23109436035156,526992,109.47705093349673,0.0,1.0,yahoo,2024-06-23 23:05:15
2013-03-19,GETI-B.ST,135.16160583496094,136.41244506835938,134.88363647460938,135.09210205078125,776399,109.36452897080635,0.0,1.0,yahoo,2024-06-23 23:05:15
2013-03-20,GETI-B.ST,136.6209259033203,136.6209259033203,135.09210205078125,135.3005828857422,612831,109.53330573842503,0.0,1.0,yahoo,2024-06-23 23:05:15
2013-03-21,GETI-B.ST,135.64804077148438,135.8565216064453,134.32769775390625,135.717529296875,529219,109.87084692082863,0.0,1.0,yahoo,2024-06-23 23:05:15
2013-03-22,GETI-B.ST,133.3548126220703,133.3548126220703,131.82598876953125,131.82598876953125,2347889,109.88847768744952,3.912691,1.0,yahoo,2024-06-23 23:05:15
2013-03-25,GETI-B.ST,132.65989685058594,134.188720703125,132.38192749023438,133.7022705078125,1143574,111.45252242443195,0.0,1.0,yahoo,2024-06-23 23:05:15
2013-03-26,GETI-B.ST,134.32769775390625,136.34295654296875,133.42430114746094,135.50906372070312,806648,112.9586424051262,0.0,1.0,yahoo,2024-06-23 23:05:15
2013-03-27,GETI-B.ST,135.717529296875,136.89889526367188,135.50906372070312,136.34295654296875,779300,113.6537649196515,0.0,1.0,yahoo,2024-06-23 23:05:15
2013-03-28,GETI-B.ST,136.48193359375,138.28872680664062,136.2734832763672,138.28872680664062,730176,115.27573441292208,0.0,1.0,yahoo,2024-06-23 23:05:15
2013-04-02,GETI-B.ST,138.28872680664062,139.60906982421875,137.8022918701172,139.19212341308594,2405114,116.02879440326919,0.0,1.0,yahoo,2024-06-23 23:05:15
2013-04-03,GETI-B.ST,139.19212341308594,142.24977111816406,139.0531463623047,140.65145874023438,1338853,117.24527788298896,0.0,1.0,yahoo,2024-06-23 23:05:15
2013-04-04,GETI-B.ST,141.27688598632812,142.3887481689453,139.95654296875,140.3734893798828,1182239,117.01356613830264,0.0,1.0,yahoo,2024-06-23 23:05:15
2013-04-05,GETI-B.ST,140.44297790527344,141.1378936767578,137.454833984375,137.73280334472656,1163850,114.81232364308309,0.0,1.0,yahoo,2024-06-23 23:05:15
2013-04-08,GETI-B.ST,138.08026123046875,139.4700927734375,137.3158416748047,138.3582305908203,752872,115.3336718887439,0.0,1.0,yahoo,2024-06-23 23:05:15
2013-04-09,GETI-B.ST,138.5666961669922,138.84466552734375,136.69041442871094,136.89889526367188,548758,114.11718840902414,0.0,1.0,yahoo,2024-06-23 23:05:15
2013-04-10,GETI-B.ST,137.24635314941406,138.01075744628906,136.27346801757812,136.9683837890625,977925,114.1751131653123,0.0,1.0,yahoo,2024-06-23 23:05:15
2013-04-11,GETI-B.ST,137.454833984375,140.44297790527344,137.454833984375,139.1226348876953,1533164,115.97086964698103,0.0,1.0,yahoo,2024-06-23 23:05:15
2013-04-12,GETI-B.ST,138.6361846923828,139.26161193847656,138.01075744628906,138.28872680664062,913116,115.27573441292208,0.0,1.0,yahoo,2024-06-23 23:05:15
2013-04-15,GETI-B.ST,138.91415405273438,139.40060424804688,135.7870330810547,136.69041442871094,911022,113.94340142062597,0.0,1.0,yahoo,2024-06-23 23:05:15
2013-04-16,GETI-B.ST,136.13449096679688,136.2039794921875,133.14633178710938,133.7022705078125,1252956,111.45252242443195,0.0,1.0,yahoo,2024-06-23 23:05:15
2013-04-17,GETI-B.ST,134.32769775390625,135.23109436035156,128.7683563232422,131.3395538330078,2250063,109.48299167389871,0.0,1.0,yahoo,2024-06-23 23:05:15
2013-04-18,GETI-B.ST,132.24295043945312,133.3548126220703,131.13107299804688,133.00735473632812,974626,110.87324942248297,0.0,1.0,yahoo,2024-06-23 23:05:15
2013-04-19,GETI-B.ST,133.14633178710938,133.63278198242188,131.75650024414062,132.38192749023438,671005,110.35190117682217,0.0,1.0,yahoo,2024-06-23 23:05:15
2013-04-22,GETI-B.ST,133.42430114746094,133.49378967285156,132.24295043945312,132.52090454101562,816622,110.4677506893985,0.0,1.0,yahoo,2024-06-23 23:05:15
2013-04-23,GETI-B.ST,133.14633178710938,135.64804077148438,132.38192749023438,135.64804077148438,1268107,113.07449191770252,0.0,1.0,yahoo,2024-06-23 23:05:15
2013-04-24,GETI-B.ST,135.50906372070312,136.0649871826172,134.8141326904297,135.99549865722656,796771,113.36412841867701,0.0,1.0,yahoo,2024-06-23 23:05:15
2013-04-25,GETI-B.ST,135.3700714111328,136.6209259033203,134.74464416503906,136.2039794921875,1235139,113.53791540707516,0.0,1.0,yahoo,2024-06-23 23:05:15
2013-04-26,GETI-B.ST,136.13449096679688,136.5514373779297,135.64804077148438,135.99549865722656,905489,113.36412841867701,0.0,1.0,yahoo,2024-06-23 23:05:15
2013-04-29,GETI-B.ST,136.6209259033203,137.52432250976562,135.7870330810547,136.75991821289062,771411,114.0013388964478,0.0,1.0,yahoo,2024-06-23 23:05:15
2013-04-30,GETI-B.ST,136.89889526367188,137.1073760986328,135.50906372070312,135.57855224609375,476740,113.01656716141436,0.0,1.0,yahoo,2024-06-23 23:05:15
2013-05-02,GETI-B.ST,135.43955993652344,136.5514373779297,135.16160583496094,136.0649871826172,815334,113.42205317496517,0.0,1.0,yahoo,2024-06-23 23:05:15
2013-05-03,GETI-B.ST,136.89889526367188,136.89889526367188,135.50906372070312,136.48194885253906,490198,113.76962715176148,0.0,1.0,yahoo,2024-06-23 23:05:15
2013-05-06,GETI-B.ST,137.03787231445312,137.38534545898438,136.5514373779297,137.1073760986328,366248,114.29097539742229,0.0,1.0,yahoo,2024-06-23 23:05:15
2013-05-07,GETI-B.ST,137.454833984375,138.49720764160156,136.82940673828125,137.24635314941406,725633,114.40682490999862,0.0,1.0,yahoo,2024-06-23 23:05:15
2013-05-08,GETI-B.ST,137.73280334472656,137.94126892089844,136.13449096679688,137.17686462402344,314881,114.34890015371045,0.0,1.0,yahoo,2024-06-23 23:05:15
2013-05-13,GETI-B.ST,139.40060424804688,140.720947265625,139.33111572265625,140.3734893798828,1204891,117.01356613830264,0.0,1.0,yahoo,2024-06-23 23:05:15
2013-05-14,GETI-B.ST,140.3734893798828,140.79043579101562,139.8175506591797,140.02603149414062,706260,116.72392963732815,0.0,1.0,yahoo,2024-06-23 23:05:15
2013-05-15,GETI-B.ST,140.02603149414062,140.720947265625,139.67857360839844,140.3734893798828,630697,117.01356613830264,0.0,1.0,yahoo,2024-06-23 23:05:15
2013-05-16,GETI-B.ST,140.79043579101562,140.92942810058594,139.74806213378906,139.74806213378906,838310,116.49221789264183,0.0,1.0,yahoo,2024-06-23 23:05:15
2013-05-17,GETI-B.ST,139.67857360839844,139.8870391845703,138.42771911621094,138.84466552734375,667376,115.7391579022947,0.0,1.0,yahoo,2024-06-23 23:05:15
2013-05-20,GETI-B.ST,138.91415405273438,139.40060424804688,138.08026123046875,138.6361846923828,376068,115.56537091389656,0.0,1.0,yahoo,2024-06-23 23:05:15
2013-05-21,GETI-B.ST,138.28872680664062,138.5666961669922,137.38534545898438,138.5666961669922,554567,115.50744615760838,0.0,1.0,yahoo,2024-06-23 23:05:15
2013-05-22,GETI-B.ST,138.983642578125,139.8175506591797,137.94126892089844,139.53958129882812,449258,116.31843090424368,0.0,1.0,yahoo,2024-06-23 23:05:15
2013-05-23,GETI-B.ST,138.91415405273438,138.983642578125,136.34295654296875,137.03787231445312,755208,114.23303792160046,0.0,1.0,yahoo,2024-06-23 23:05:15
2013-05-24,GETI-B.ST,138.01075744628906,138.28872680664062,137.03787231445312,137.3158416748047,505586,114.46474966628678,0.0,1.0,yahoo,2024-06-23 23:05:15
2013-05-27,GETI-B.ST,138.01075744628906,138.42771911621094,137.454833984375,138.3582305908203,304240,115.3336718887439,0.0,1.0,yahoo,2024-06-23 23:05:15
2013-05-28,GETI-B.ST,138.91415405273438,139.26161193847656,137.8022918701172,138.84466552734375,499824,115.7391579022947,0.0,1.0,yahoo,2024-06-23 23:05:15
2013-05-29,GETI-B.ST,138.7056884765625,138.7056884765625,137.38534545898438,137.38534545898438,555983,114.52268714210861,0.0,1.0,yahoo,2024-06-23 23:05:15
2013-05-30,GETI-B.ST,137.38534545898438,138.28872680664062,137.03787231445312,137.8717803955078,397912,114.92817315565942,0.0,1.0,yahoo,2024-06-23 23:05:15
2013-05-31,GETI-B.ST,138.3582305908203,138.7056884765625,136.41244506835938,138.14974975585938,1039496,115.15988490034574,0.0,1.0,yahoo,2024-06-23 23:05:15
2013-06-03,GETI-B.ST,138.21923828125,140.79043579101562,136.82940673828125,139.74806213378906,1015955,116.49221789264183,0.0,1.0,yahoo,2024-06-23 23:05:15
2013-06-04,GETI-B.ST,140.3040008544922,140.720947265625,138.77517700195312,139.1226348876953,855785,115.97086964698103,0.0,1.0,yahoo,2024-06-23 23:05:15
2013-06-05,GETI-B.ST,139.1226348876953,140.720947265625,139.1226348876953,139.67857360839844,799409,116.43429313635367,0.0,1.0,yahoo,2024-06-23 23:05:15
2013-06-07,GETI-B.ST,139.26161193847656,143.43112182617188,138.983642578125,141.8328094482422,1204569,118.23003689848875,0.0,1.0,yahoo,2024-06-23 23:05:15
2013-06-10,GETI-B.ST,141.9718017578125,142.7362060546875,140.720947265625,140.92942810058594,594061,117.47698962767528,0.0,1.0,yahoo,2024-06-23 23:05:15
2013-06-11,GETI-B.ST,141.20738220214844,143.91757202148438,140.44297790527344,143.50062561035156,1264859,119.62030736660667,0.0,1.0,yahoo,2024-06-23 23:05:15
2013-06-12,GETI-B.ST,143.70909118652344,145.51588439941406,143.29214477539062,143.5701141357422,989389,119.67823212289483,0.0,1.0,yahoo,2024-06-23 23:05:15
2013-06-13,GETI-B.ST,142.52774047851562,143.1531524658203,141.6243438720703,142.80569458007812,1058600,119.04102164512403,0.0,1.0,yahoo,2024-06-23 23:05:15
2013-06-14,GETI-B.ST,143.29214477539062,144.54299926757812,142.3887481689453,143.987060546875,948733,120.02579338015748,0.0,1.0,yahoo,2024-06-23 23:05:15
2013-06-17,GETI-B.ST,144.12603759765625,145.93283081054688,143.987060546875,145.37689208984375,589673,121.18433938405542,0.0,1.0,yahoo,2024-06-23 23:05:15
2013-06-18,GETI-B.ST,145.2379150390625,147.3921661376953,144.05654907226562,146.55825805664062,600900,122.16911111908885,0.0,1.0,yahoo,2024-06-23 23:05:15
2013-06-19,GETI-B.ST,146.62774658203125,147.87860107421875,145.93283081054688,145.93283081054688,760839,121.64776287342805,0.0,1.0,yahoo,2024-06-23 23:05:15
2013-06-20,GETI-B.ST,145.09893798828125,145.09893798828125,141.69383239746094,142.04129028320312,1433941,118.4038238868869,0.0,1.0,yahoo,2024-06-23 23:05:15
2013-06-21,GETI-B.ST,142.04129028320312,142.04129028320312,142.04129028320312,142.04129028320312,0,118.4038238868869,0.0,1.0,yahoo,2024-06-23 23:05:15
2013-06-24,GETI-B.ST,141.27688598632812,142.04129028320312,140.02603149414062,140.92942810058594,978451,117.47698962767528,0.0,1.0,yahoo,2024-06-23 23:05:15
2013-06-25,GETI-B.ST,141.1378936767578,142.94468688964844,140.3040008544922,142.52774047851562,1027938,118.80932261997137,0.0,1.0,yahoo,2024-06-23 23:05:15
2013-06-26,GETI-B.ST,142.59722900390625,143.84808349609375,141.34637451171875,142.24977111816406,761467,118.57761087528505,0.0,1.0,yahoo,2024-06-23 23:05:15
2013-06-27,GETI-B.ST,142.3192596435547,143.987060546875,142.18026733398438,143.36163330078125,655010,119.50444513449668,0.0,1.0,yahoo,2024-06-23 23:05:15
2013-06-28,GETI-B.ST,143.29214477539062,143.77857971191406,141.6243438720703,141.6243438720703,1096349,118.05626262962424,0.0,1.0,yahoo,2024-06-23 23:05:15
2013-07-01,GETI-B.ST,141.69383239746094,142.59722900390625,141.0684051513672,142.3887481689453,657999,118.69346038786138,0.0,1.0,yahoo,2024-06-23 23:05:15
2013-07-02,GETI-B.ST,142.45823669433594,143.987060546875,141.69383239746094,143.50062561035156,824567,119.62030736660667,0.0,1.0,yahoo,2024-06-23 23:05:15
2013-07-03,GETI-B.ST,143.43112182617188,143.77857971191406,141.90231323242188,143.0836639404297,621058,119.27273338981036,0.0,1.0,yahoo,2024-06-23 23:05:15
2013-07-04,GETI-B.ST,144.54299926757812,149.19894409179688,144.4040069580078,148.6430206298828,1226845,123.90694284446943,0.0,1.0,yahoo,2024-06-23 23:05:15
2013-07-05,GETI-B.ST,148.36505126953125,148.5040283203125,146.48876953125,146.55825805664062,624260,122.16911111908885,0.0,1.0,yahoo,2024-06-23 23:05:15
2013-07-08,GETI-B.ST,147.7396240234375,149.96336364746094,147.53114318847656,149.4074249267578,572039,124.54414060270656,0.0,1.0,yahoo,2024-06-23 23:05:15
2013-07-09,GETI-B.ST,149.68539428710938,150.79725646972656,149.05996704101562,149.47691345214844,685436,124.60206535899472,0.0,1.0,yahoo,2024-06-23 23:05:15
2013-07-10,GETI-B.ST,149.7548828125,152.81253051757812,149.12945556640625,152.18710327148438,1325989,126.8612453300361,0.0,1.0,yahoo,2024-06-23 23:05:15
2013-07-11,GETI-B.ST,154.96676635742188,164.9040985107422,154.96676635742188,163.02781677246094,2384536,135.8979270556006,0.0,1.0,yahoo,2024-06-23 23:05:15
2013-07-12,GETI-B.ST,163.02781677246094,164.48715209960938,160.17864990234375,160.9430694580078,1459613,134.16010804975372,0.0,1.0,yahoo,2024-06-23 23:05:15
2013-07-15,GETI-B.ST,161.08204650878906,164.07020568847656,160.8735809326172,161.22103881835938,1095207,134.39181979444004,0.0,1.0,yahoo,2024-06-23 23:05:15
2013-07-16,GETI-B.ST,161.42950439453125,161.84646606445312,160.3871307373047,161.1515350341797,579086,134.3338823186182,0.0,1.0,yahoo,2024-06-23 23:05:15
2013-07-17,GETI-B.ST,161.22103881835938,163.09732055664062,160.24815368652344,161.7074737548828,554875,134.79730580799085,0.0,1.0,yahoo,2024-06-23 23:05:15
2013-07-18,GETI-B.ST,161.91595458984375,163.3057861328125,161.77696228027344,163.16680908203125,401182,136.0137892877106,0.0,1.0,yahoo,2024-06-23 23:05:15
2013-07-19,GETI-B.ST,163.09732055664062,163.09732055664062,161.22103881835938,161.7074737548828,611562,134.79730580799085,0.0,1.0,yahoo,2024-06-23 23:05:15
2013-07-22,GETI-B.ST,161.6379852294922,162.33290100097656,160.9430694580078,161.84646606445312,360653,134.91316804010083,0.0,1.0,yahoo,2024-06-23 23:05:15
2013-07-23,GETI-B.ST,162.054931640625,162.61087036132812,161.36001586914062,161.84646606445312,476917,134.91316804010083,0.0,1.0,yahoo,2024-06-23 23:05:15
2013-07-24,GETI-B.ST,162.1939239501953,164.41766357421875,161.91595458984375,163.58375549316406,624240,136.36135054497325,0.0,1.0,yahoo,2024-06-23 23:05:15
2013-07-25,GETI-B.ST,163.51426696777344,164.34815979003906,162.5413818359375,164.27867126464844,443846,136.9406235469222,0.0,1.0,yahoo,2024-06-23 23:05:15
2013-07-26,GETI-B.ST,164.34815979003906,164.69561767578125,161.98544311523438,162.68035888671875,388592,135.60829055462614,0.0,1.0,yahoo,2024-06-23 23:05:15
2013-07-29,GETI-B.ST,162.81935119628906,166.43292236328125,162.81935119628906,165.11257934570312,467996,137.63575878098118,0.0,1.0,yahoo,2024-06-23 23:05:15
2013-07-30,GETI-B.ST,166.1549530029297,166.7108917236328,165.0430908203125,166.50241088867188,581718,138.79430478487913,0.0,1.0,yahoo,2024-06-23 23:05:15
2013-07-31,GETI-B.ST,166.36343383789062,167.54478454589844,165.59901428222656,167.4752960205078,646619,139.60528953151442,0.0,1.0,yahoo,2024-06-23 23:05:15
2013-08-01,GETI-B.ST,167.54478454589844,168.6566619873047,166.98886108398438,168.1702117919922,425850,140.18456253346338,0.0,1.0,yahoo,2024-06-23 23:05:15
2013-08-02,GETI-B.ST,168.10072326660156,169.4905548095703,167.75326538085938,169.4905548095703,414651,141.28518378107316,0.0,1.0,yahoo,2024-06-23 23:05:15
2013-08-05,GETI-B.ST,169.4210662841797,169.8380126953125,168.51766967773438,169.56005859375,341130,141.343121256895,0.0,1.0,yahoo,2024-06-23 23:05:15
2013-08-06,GETI-B.ST,169.4905548095703,169.69903564453125,168.37869262695312,168.79563903808594,414742,140.7059107791242,0.0,1.0,yahoo,2024-06-23 23:05:15
2013-08-07,GETI-B.ST,168.7261505126953,168.86512756347656,166.9193572998047,167.4058074951172,367330,139.54736477522624,0.0,1.0,yahoo,2024-06-23 23:05:15
2013-08-08,GETI-B.ST,167.68377685546875,167.9617462158203,166.2244415283203,167.54478454589844,489198,139.6632142878026,0.0,1.0,yahoo,2024-06-23 23:05:15
2013-08-09,GETI-B.ST,167.61428833007812,168.51766967773438,166.6414031982422,167.68377685546875,387588,139.77907651991256,0.0,1.0,yahoo,2024-06-23 23:05:15
2013-08-12,GETI-B.ST,167.75326538085938,168.10072326660156,165.87698364257812,167.058349609375,418236,139.25772827425178,0.0,1.0,yahoo,2024-06-23 23:05:15
2013-08-13,GETI-B.ST,167.058349609375,168.6566619873047,166.78038024902344,168.6566619873047,596901,140.59006126654785,0.0,1.0,yahoo,2024-06-23 23:05:15
2013-08-14,GETI-B.ST,168.51766967773438,168.6566619873047,167.4058074951172,168.37869262695312,328088,140.35834952186153,0.0,1.0,yahoo,2024-06-23 23:05:15
2013-08-15,GETI-B.ST,168.23971557617188,168.7261505126953,167.26683044433594,168.1702117919922,502267,140.18456253346338,0.0,1.0,yahoo,2024-06-23 23:05:15
2013-08-16,GETI-B.ST,168.37869262695312,169.0736083984375,167.19732666015625,169.0736083984375,450565,140.93762252381052,0.0,1.0,yahoo,2024-06-23 23:05:15
2013-08-19,GETI-B.ST,169.0736083984375,169.2126007080078,165.11257934570312,165.3905487060547,881807,137.8674705256675,0.0,1.0,yahoo,2024-06-23 23:05:15
2013-08-20,GETI-B.ST,165.321044921875,165.321044921875,162.47189331054688,163.58375549316406,643763,136.36135054497325,0.0,1.0,yahoo,2024-06-23 23:05:15
2013-08-21,GETI-B.ST,164.1396942138672,164.9735870361328,162.8888397216797,162.8888397216797,682474,135.7820775430243,0.0,1.0,yahoo,2024-06-23 23:05:15
2013-08-22,GETI-B.ST,162.81935119628906,165.25155639648438,162.68035888671875,164.34815979003906,525044,136.99854830321038,0.0,1.0,yahoo,2024-06-23 23:05:15
2013-08-23,GETI-B.ST,164.34815979003906,165.0430908203125,162.61087036132812,163.792236328125,538444,136.5351375333714,0.0,1.0,yahoo,2024-06-23 23:05:15
2013-08-26,GETI-B.ST,163.6532440185547,164.69561767578125,162.61087036132812,163.37527465820312,435364,136.1875635565751,0.0,1.0,yahoo,2024-06-23 23:05:15
2013-08-27,GETI-B.ST,163.16680908203125,163.3057861328125,159.41424560546875,159.6922149658203,935499,133.1174115584321,0.0,1.0,yahoo,2024-06-23 23:05:15
2013-08-28,GETI-B.ST,159.2057647705078,160.59561157226562,158.788818359375,159.48373413085938,516519,132.94362457003393,0.0,1.0,yahoo,2024-06-23 23:05:15
2013-08-29,GETI-B.ST,159.6922149658203,160.73458862304688,158.3718719482422,160.0396728515625,698372,133.40704805940658,0.0,1.0,yahoo,2024-06-23 23:05:15
2013-08-30,GETI-B.ST,159.97018432617188,160.17864990234375,156.84304809570312,158.58033752441406,896847,132.19056457968682,0.0,1.0,yahoo,2024-06-23 23:05:15
2013-09-02,GETI-B.ST,159.1362762451172,161.6379852294922,158.788818359375,161.6379852294922,538395,134.73938105170268,0.0,1.0,yahoo,2024-06-23 23:05:15
2013-09-03,GETI-B.ST,161.7074737548828,161.7074737548828,159.48373413085938,160.4566192626953,426183,133.75460931666925,0.0,1.0,yahoo,2024-06-23 23:05:15
2013-09-04,GETI-B.ST,160.526123046875,161.91595458984375,159.83119201660156,161.77696228027344,533123,134.855230564279,0.0,1.0,yahoo,2024-06-23 23:05:15
2013-09-05,GETI-B.ST,161.84646606445312,162.74984741210938,160.17864990234375,160.59561157226562,589878,133.87047154877922,0.0,1.0,yahoo,2024-06-23 23:05:15
2013-09-06,GETI-B.ST,160.526123046875,160.8735809326172,158.85830688476562,160.8735809326172,919195,134.10218329346554,0.0,1.0,yahoo,2024-06-23 23:05:15
2013-09-09,GETI-B.ST,160.9430694580078,160.9430694580078,158.788818359375,159.41424560546875,611351,132.8856998137458,0.0,1.0,yahoo,2024-06-23 23:05:15
2013-09-10,GETI-B.ST,160.24815368652344,163.93121337890625,160.24815368652344,163.16680908203125,1609934,136.0137892877106,0.0,1.0,yahoo,2024-06-23 23:05:15
2013-09-11,GETI-B.ST,163.23629760742188,163.3057861328125,161.7074737548828,162.4023895263672,717501,135.37657880993982,0.0,1.0,yahoo,2024-06-23 23:05:15
2013-09-12,GETI-B.ST,162.1939239501953,162.61087036132812,161.6379852294922,162.26341247558594,362016,135.26072929736347,0.0,1.0,yahoo,2024-06-23 23:05:15
2013-09-13,GETI-B.ST,162.26341247558594,163.09732055664062,161.91595458984375,162.33290100097656,427084,135.31865405365164,0.0,1.0,yahoo,2024-06-23 23:05:15
2013-09-16,GETI-B.ST,163.16680908203125,166.2244415283203,162.8888397216797,166.01597595214844,659427,138.38881877132832,0.0,1.0,yahoo,2024-06-23 23:05:15
2013-09-17,GETI-B.ST,165.25155639648438,165.3905487060547,163.3057861328125,163.58375549316406,622458,136.36135054497325,0.0,1.0,yahoo,2024-06-23 23:05:15
2013-09-18,GETI-B.ST,163.4447784423828,163.58375549316406,162.4023895263672,163.3057861328125,670267,136.12963880028693,0.0,1.0,yahoo,2024-06-23 23:05:15
2013-09-19,GETI-B.ST,164.1396942138672,165.11257934570312,163.58375549316406,164.07020568847656,638318,136.76684927805772,0.0,1.0,yahoo,2024-06-23 23:05:15
2013-09-20,GETI-B.ST,163.58375549316406,164.76512145996094,162.81935119628906,164.2091827392578,552300,136.88269879063407,0.0,1.0,yahoo,2024-06-23 23:05:15
2013-09-23,GETI-B.ST,164.62612915039062,164.62612915039062,163.16680908203125,163.4447784423828,459887,136.24550103239693,0.0,1.0,yahoo,2024-06-23 23:05:15
2013-09-24,GETI-B.ST,163.16680908203125,164.1396942138672,160.73458862304688,161.98544311523438,641049,135.02901755267717,0.0,1.0,yahoo,2024-06-23 23:05:15
2013-09-25,GETI-B.ST,161.77696228027344,162.8888397216797,161.1515350341797,161.56849670410156,522842,134.6814562954145,0.0,1.0,yahoo,2024-06-23 23:05:15
2013-09-26,GETI-B.ST,162.4023895263672,162.4023895263672,160.8040771484375,161.49900817871094,273764,134.62353153912633,0.0,1.0,yahoo,2024-06-23 23:05:15
2013-09-27,GETI-B.ST,160.8735809326172,161.7074737548828,160.24815368652344,160.9430694580078,344951,134.16010804975372,0.0,1.0,yahoo,2024-06-23 23:05:15
2013-09-30,GETI-B.ST,159.48373413085938,160.4566192626953,158.71932983398438,159.6227264404297,485655,133.05948680214394,0.0,1.0,yahoo,2024-06-23 23:05:15
2013-10-01,GETI-B.ST,160.0396728515625,160.59561157226562,158.9278106689453,160.4566192626953,492714,133.75460931666925,0.0,1.0,yahoo,2024-06-23 23:05:15
2013-10-02,GETI-B.ST,159.48373413085938,160.3871307373047,158.9278106689453,159.6227264404297,382393,133.05948680214394,0.0,1.0,yahoo,2024-06-23 23:05:15
2013-10-03,GETI-B.ST,159.6227264404297,161.98544311523438,159.34475708007812,159.90069580078125,592922,133.29119854683026,0.0,1.0,yahoo,2024-06-23 23:05:15
2013-10-04,GETI-B.ST,159.2057647705078,159.2752685546875,151.63116455078125,151.63116455078125,1949227,126.39782184066347,0.0,1.0,yahoo,2024-06-23 23:05:15
2013-10-07,GETI-B.ST,151.49217224121094,154.89727783203125,149.96336364746094,153.1599884033203,949577,127.6722300766714,0.0,1.0,yahoo,2024-06-23 23:05:15
2013-10-08,GETI-B.ST,139.19212341308594,142.66671752929688,136.2039794921875,137.3158416748047,10498797,114.46474966628678,0.0,1.0,yahoo,2024-06-23 23:05:15
2013-10-09,GETI-B.ST,137.59381103515625,139.8870391845703,136.69041442871094,138.7056884765625,2911110,115.62330838971837,0.0,1.0,yahoo,2024-06-23 23:05:15
2013-10-10,GETI-B.ST,139.33111572265625,139.8175506591797,137.94126892089844,138.983642578125,1258595,115.85500741487104,0.0,1.0,yahoo,2024-06-23 23:05:15
2013-10-11,GETI-B.ST,139.8175506591797,140.79043579101562,139.0531463623047,140.51246643066406,1170654,117.12941565087897,0.0,1.0,yahoo,2024-06-23 23:05:15
2013-10-14,GETI-B.ST,140.720947265625,140.720947265625,138.983642578125,139.19212341308594,718077,116.02879440326919,0.0,1.0,yahoo,2024-06-23 23:05:15
2013-10-15,GETI-B.ST,139.74806213378906,141.90231323242188,139.74806213378906,141.27688598632812,1252114,117.76662612864976,0.0,1.0,yahoo,2024-06-23 23:05:15
2013-10-16,GETI-B.ST,140.5819549560547,141.8328094482422,140.16500854492188,140.85992431640625,1274492,117.41905215185345,0.0,1.0,yahoo,2024-06-23 23:05:15
2013-10-17,GETI-B.ST,141.0684051513672,141.55484008789062,140.51246643066406,140.92942810058594,670260,117.47698962767528,0.0,1.0,yahoo,2024-06-23 23:05:15
2013-10-18,GETI-B.ST,141.20738220214844,143.29214477539062,140.3734893798828,143.0836639404297,1145920,119.27273338981036,0.0,1.0,yahoo,2024-06-23 23:05:15
2013-10-21,GETI-B.ST,143.22265625,143.5701141357422,141.9718017578125,143.1531524658203,614049,119.33065814609851,0.0,1.0,yahoo,2024-06-23 23:05:15
2013-10-22,GETI-B.ST,143.1531524658203,145.86334228515625,143.1531524658203,145.72434997558594,1179626,121.4739758850299,0.0,1.0,yahoo,2024-06-23 23:05:15
2013-10-23,GETI-B.ST,145.72434997558594,146.55825805664062,144.05654907226562,144.61248779296875,1134455,120.54714162581828,0.0,1.0,yahoo,2024-06-23 23:05:15
2013-10-24,GETI-B.ST,144.4040069580078,144.95994567871094,142.24977111816406,143.84808349609375,703681,119.90994386758115,0.0,1.0,yahoo,2024-06-23 23:05:15
2013-10-25,GETI-B.ST,144.54299926757812,144.95994567871094,143.22265625,143.84808349609375,584870,119.90994386758115,0.0,1.0,yahoo,2024-06-23 23:05:15
2013-10-28,GETI-B.ST,143.987060546875,145.16842651367188,143.6396026611328,144.75146484375,574657,120.66299113839462,0.0,1.0,yahoo,2024-06-23 23:05:15
2013-10-29,GETI-B.ST,144.4735107421875,145.16842651367188,143.43112182617188,143.84808349609375,562738,119.90994386758115,0.0,1.0,yahoo,2024-06-23 23:05:15
2013-10-30,GETI-B.ST,144.26502990722656,144.4040069580078,143.01417541503906,143.1531524658203,591093,119.33065814609851,0.0,1.0,yahoo,2024-06-23 23:05:15
2013-10-31,GETI-B.ST,143.01417541503906,143.0836639404297,142.04129028320312,142.80569458007812,626703,119.04102164512403,0.0,1.0,yahoo,2024-06-23 23:05:15
2013-11-01,GETI-B.ST,143.01417541503906,143.01417541503906,141.41586303710938,141.76332092285156,240541,118.17211214220058,0.0,1.0,yahoo,2024-06-23 23:05:15
2013-11-04,GETI-B.ST,142.04129028320312,142.59722900390625,140.09552001953125,140.2344970703125,807240,116.89770390619265,0.0,1.0,yahoo,2024-06-23 23:05:15
2013-11-05,GETI-B.ST,140.2344970703125,141.27688598632812,139.53958129882812,140.2344970703125,633993,116.89770390619265,0.0,1.0,yahoo,2024-06-23 23:05:15
2013-11-06,GETI-B.ST,140.3040008544922,141.69383239746094,139.8870391845703,141.41586303710938,812776,117.8824756412261,0.0,1.0,yahoo,2024-06-23 23:05:15
2013-11-07,GETI-B.ST,141.41586303710938,141.76332092285156,140.3734893798828,141.0684051513672,644599,117.59283914025161,0.0,1.0,yahoo,2024-06-23 23:05:15
2013-11-08,GETI-B.ST,140.51246643066406,142.52774047851562,140.09552001953125,141.6243438720703,650408,118.05626262962424,0.0,1.0,yahoo,2024-06-23 23:05:15
2013-11-11,GETI-B.ST,141.76332092285156,142.52774047851562,141.34637451171875,142.04129028320312,475152,118.4038238868869,0.0,1.0,yahoo,2024-06-23 23:05:15
2013-11-12,GETI-B.ST,142.24977111816406,142.7362060546875,140.99891662597656,142.04129028320312,1186575,118.4038238868869,0.0,1.0,yahoo,2024-06-23 23:05:15
2013-11-13,GETI-B.ST,141.41586303710938,142.3192596435547,140.85992431640625,142.3192596435547,1129216,118.63553563157322,0.0,1.0,yahoo,2024-06-23 23:05:15
2013-11-14,GETI-B.ST,143.01417541503906,143.5701141357422,142.3887481689453,142.66671752929688,986736,118.9251721325477,0.0,1.0,yahoo,2024-06-23 23:05:15
2013-11-15,GETI-B.ST,142.80569458007812,142.8751983642578,142.11077880859375,142.45823669433594,654181,118.75138514414955,0.0,1.0,yahoo,2024-06-23 23:05:15
2013-11-18,GETI-B.ST,142.3887481689453,143.0836639404297,141.76332092285156,142.52774047851562,561920,118.80932261997137,0.0,1.0,yahoo,2024-06-23 23:05:15
2013-11-19,GETI-B.ST,142.45823669433594,142.8751983642578,141.8328094482422,142.52774047851562,493224,118.80932261997137,0.0,1.0,yahoo,2024-06-23 23:05:15
2013-11-20,GETI-B.ST,142.45823669433594,142.8751983642578,142.18026733398438,142.3887481689453,486742,118.69346038786138,0.0,1.0,yahoo,2024-06-23 23:05:15
2013-11-21,GETI-B.ST,141.90231323242188,142.8751983642578,141.4853515625,142.45823669433594,526069,118.75138514414955,0.0,1.0,yahoo,2024-06-23 23:05:15
2013-11-22,GETI-B.ST,142.52774047851562,143.36163330078125,142.52774047851562,142.80569458007812,476604,119.04102164512403,0.0,1.0,yahoo,2024-06-23 23:05:15
2013-11-25,GETI-B.ST,143.0836639404297,144.05654907226562,143.01417541503906,143.77857971191406,570838,119.85200639175932,0.0,1.0,yahoo,2024-06-23 23:05:15
2013-11-26,GETI-B.ST,143.6396026611328,143.77857971191406,143.29214477539062,143.29214477539062,510224,119.4465203782085,0.0,1.0,yahoo,2024-06-23 23:05:15
2013-11-27,GETI-B.ST,143.22265625,143.77857971191406,142.80569458007812,143.43112182617188,360167,119.56236989078484,0.0,1.0,yahoo,2024-06-23 23:05:15
2013-11-28,GETI-B.ST,143.50062561035156,144.3345184326172,142.3887481689453,142.7362060546875,938488,118.98309688883587,0.0,1.0,yahoo,2024-06-23 23:05:15
2013-11-29,GETI-B.ST,142.7362060546875,143.0836639404297,142.3887481689453,142.45823669433594,858629,118.75138514414955,0.0,1.0,yahoo,2024-06-23 23:05:15
2013-12-02,GETI-B.ST,142.3192596435547,142.94468688964844,142.24977111816406,142.52774047851562,363667,118.80932261997137,0.0,1.0,yahoo,2024-06-23 23:05:15
2013-12-03,GETI-B.ST,143.36163330078125,147.11419677734375,143.01417541503906,144.54299926757812,1623401,120.48921686953011,0.0,1.0,yahoo,2024-06-23 23:05:15
2013-12-04,GETI-B.ST,144.75146484375,146.0023193359375,144.61248779296875,145.09893798828125,1176892,120.95264035890276,0.0,1.0,yahoo,2024-06-23 23:05:15
2013-12-05,GETI-B.ST,144.75146484375,145.16842651367188,142.94468688964844,144.19554138183594,720133,120.19958036855563,0.0,1.0,yahoo,2024-06-23 23:05:15
2013-12-06,GETI-B.ST,144.12603759765625,145.09893798828125,142.7362060546875,144.19554138183594,721755,120.19958036855563,0.0,1.0,yahoo,2024-06-23 23:05:15
2013-12-09,GETI-B.ST,144.68197631835938,145.51588439941406,144.05654907226562,145.2379150390625,710728,121.06848987147909,0.0,1.0,yahoo,2024-06-23 23:05:15
2013-12-10,GETI-B.ST,144.54299926757812,145.37689208984375,143.22265625,144.54299926757812,721317,120.48921686953011,0.0,1.0,yahoo,2024-06-23 23:05:15
2013-12-11,GETI-B.ST,144.05654907226562,145.2379150390625,143.50062561035156,143.84808349609375,413379,119.90994386758115,0.0,1.0,yahoo,2024-06-23 23:05:15
2013-12-12,GETI-B.ST,143.70909118652344,143.70909118652344,141.4853515625,142.45823669433594,706439,118.75138514414955,0.0,1.0,yahoo,2024-06-23 23:05:15
2013-12-13,GETI-B.ST,142.52774047851562,143.22265625,142.04129028320312,142.45823669433594,482261,118.75138514414955,0.0,1.0,yahoo,2024-06-23 23:05:15
2013-12-16,GETI-B.ST,142.45823669433594,143.43112182617188,141.76332092285156,143.43112182617188,670651,119.56236989078484,0.0,1.0,yahoo,2024-06-23 23:05:15
2013-12-17,GETI-B.ST,143.29214477539062,145.37689208984375,142.59722900390625,143.987060546875,779562,120.02579338015748,0.0,1.0,yahoo,2024-06-23 23:05:15
2013-12-18,GETI-B.ST,144.05654907226562,145.79385375976562,143.91757202148438,144.95994567871094,960380,120.83677812679277,0.0,1.0,yahoo,2024-06-23 23:05:15
2013-12-19,GETI-B.ST,145.86334228515625,147.46165466308594,145.51588439941406,147.46165466308594,1994837,122.92217110943598,0.0,1.0,yahoo,2024-06-23 23:05:15
2013-12-20,GETI-B.ST,147.80911254882812,152.256591796875,147.80911254882812,151.49217224121094,1432900,126.28195960855348,0.0,1.0,yahoo,2024-06-23 23:05:15
2013-12-23,GETI-B.ST,151.49217224121094,153.02099609375,151.4226837158203,151.97862243652344,728030,126.68745834163795,0.0,1.0,yahoo,2024-06-23 23:05:15
2013-12-27,GETI-B.ST,152.74302673339844,155.24473571777344,152.32608032226562,153.09048461914062,584529,127.61429260084957,0.0,1.0,yahoo,2024-06-23 23:05:15
2013-12-30,GETI-B.ST,152.81253051757812,153.9243927001953,152.256591796875,152.88201904296875,667334,127.44051833198507,0.0,1.0,yahoo,2024-06-23 23:05:15
2014-01-02,GETI-B.ST,152.32608032226562,153.22947692871094,151.0057373046875,151.0057373046875,833928,125.87647359500266,0.0,1.0,yahoo,2024-06-23 23:05:15
2014-01-03,GETI-B.ST,150.6582794189453,152.39556884765625,150.44979858398438,152.1175994873047,608104,126.80330785421428,0.0,1.0,yahoo,2024-06-23 23:05:15
2014-01-07,GETI-B.ST,152.88201904296875,152.88201904296875,149.96336364746094,150.93624877929688,766313,125.81854883871449,0.0,1.0,yahoo,2024-06-23 23:05:15
2014-01-08,GETI-B.ST,151.0057373046875,151.97862243652344,150.6582794189453,151.07522583007812,838101,125.93439835129082,0.0,1.0,yahoo,2024-06-23 23:05:15
2014-01-09,GETI-B.ST,151.49217224121094,152.74302673339844,151.07522583007812,151.7701416015625,514640,126.51367135323979,0.0,1.0,yahoo,2024-06-23 23:05:15
2014-01-10,GETI-B.ST,151.97862243652344,152.6735382080078,151.63116455078125,152.18710327148438,347127,126.8612453300361,0.0,1.0,yahoo,2024-06-23 23:05:15
2014-01-13,GETI-B.ST,152.18710327148438,152.6040496826172,150.31082153320312,150.8667449951172,463166,125.76061136289266,0.0,1.0,yahoo,2024-06-23 23:05:15
2014-01-14,GETI-B.ST,150.31082153320312,150.31082153320312,146.69725036621094,147.253173828125,1066843,122.74838412103783,0.0,1.0,yahoo,2024-06-23 23:05:15
2014-01-15,GETI-B.ST,147.67013549804688,151.3531951904297,147.67013549804688,151.0057373046875,1001041,125.87647359500266,0.0,1.0,yahoo,2024-06-23 23:05:15
2014-01-16,GETI-B.ST,151.7701416015625,154.06336975097656,151.3531951904297,152.39556884765625,1012444,127.0350195989006,0.0,1.0,yahoo,2024-06-23 23:05:15
2014-01-17,GETI-B.ST,152.74302673339844,153.22947692871094,151.9091339111328,152.88201904296875,756399,127.44051833198507,0.0,1.0,yahoo,2024-06-23 23:05:15
2014-01-20,GETI-B.ST,152.74302673339844,152.74302673339844,150.8667449951172,152.04811096191406,567073,126.74538309792611,0.0,1.0,yahoo,2024-06-23 23:05:15
2014-01-21,GETI-B.ST,151.97862243652344,158.4413604736328,151.8396453857422,157.1210174560547,1469627,130.97409381950072,0.0,1.0,yahoo,2024-06-23 23:05:15
2014-01-22,GETI-B.ST,157.95492553710938,159.41424560546875,157.39898681640625,158.58033752441406,1300217,132.19056457968682,0.0,1.0,yahoo,2024-06-23 23:05:15
2014-01-23,GETI-B.ST,158.58033752441406,158.64984130859375,155.38372802734375,156.98204040527344,872755,130.85824430692438,0.0,1.0,yahoo,2024-06-23 23:05:15
2014-01-24,GETI-B.ST,156.287109375,159.2057647705078,156.00914001464844,157.05152893066406,1438595,130.91616906321255,0.0,1.0,yahoo,2024-06-23 23:05:15
2014-01-27,GETI-B.ST,156.7735595703125,157.32949829101562,154.48033142089844,156.14813232421875,1232425,130.16310907286544,0.0,1.0,yahoo,2024-06-23 23:05:15
2014-01-28,GETI-B.ST,156.49559020996094,164.9040985107422,153.57693481445312,162.81935119628906,2623553,135.7241527867361,0.0,1.0,yahoo,2024-06-23 23:05:15
2014-01-29,GETI-B.ST,161.84646606445312,162.1244354248047,155.31422424316406,157.25999450683594,2032601,131.08994333207704,0.0,1.0,yahoo,2024-06-23 23:05:15
2014-01-30,GETI-B.ST,157.25999450683594,158.85830688476562,156.49559020996094,157.1905059814453,917517,131.03201857578887,0.0,1.0,yahoo,2024-06-23 23:05:15
2014-01-31,GETI-B.ST,157.6769561767578,158.71932983398438,154.06336975097656,156.49559020996094,842845,130.4527455738399,0.0,1.0,yahoo,2024-06-23 23:05:15
2014-02-03,GETI-B.ST,155.73118591308594,157.60745239257812,155.66168212890625,156.00914001464844,639616,130.04724684075543,0.0,1.0,yahoo,2024-06-23 23:05:15
2014-02-04,GETI-B.ST,155.31422424316406,156.00914001464844,153.64642333984375,154.96676635742188,1196160,129.17833733783198,0.0,1.0,yahoo,2024-06-23 23:05:15
2014-02-05,GETI-B.ST,154.82778930664062,155.66168212890625,153.99388122558594,155.24473571777344,1050071,129.4100490825183,0.0,1.0,yahoo,2024-06-23 23:05:15
2014-02-06,GETI-B.ST,156.07864379882812,156.91253662109375,154.54981994628906,156.00914001464844,842973,130.04724684075543,0.0,1.0,yahoo,2024-06-23 23:05:15
2014-02-07,GETI-B.ST,156.00914001464844,156.6345672607422,154.13287353515625,155.24473571777344,1358777,129.4100490825183,0.0,1.0,yahoo,2024-06-23 23:05:15
2014-02-10,GETI-B.ST,155.38372802734375,156.7735595703125,155.38372802734375,156.287109375,601547,130.27895858544176,0.0,1.0,yahoo,2024-06-23 23:05:15
2014-02-11,GETI-B.ST,156.56507873535156,158.99729919433594,156.49559020996094,158.99729919433594,865484,132.53813855648312,0.0,1.0,yahoo,2024-06-23 23:05:15
2014-02-12,GETI-B.ST,158.99729919433594,159.55322265625,157.81593322753906,158.3718719482422,657539,132.01679031082233,0.0,1.0,yahoo,2024-06-23 23:05:15
2014-02-13,GETI-B.ST,157.81593322753906,159.06678771972656,157.39898681640625,158.788818359375,605318,132.36435156808497,0.0,1.0,yahoo,2024-06-23 23:05:15
2014-02-14,GETI-B.ST,158.58033752441406,160.24815368652344,158.58033752441406,159.90069580078125,536999,133.29119854683026,0.0,1.0,yahoo,2024-06-23 23:05:15
2014-02-17,GETI-B.ST,159.76170349121094,161.08204650878906,159.6227264404297,160.73458862304688,739522,133.98632106135554,0.0,1.0,yahoo,2024-06-23 23:05:15
2014-02-18,GETI-B.ST,160.73458862304688,161.08204650878906,157.5379638671875,157.8854217529297,764825,131.61129157773786,0.0,1.0,yahoo,2024-06-23 23:05:15
2014-02-19,GETI-B.ST,157.8854217529297,159.76170349121094,156.91253662109375,159.1362762451172,699518,132.65398806905947,0.0,1.0,yahoo,2024-06-23 23:05:15
2014-02-20,GETI-B.ST,157.95492553710938,161.42950439453125,157.5379638671875,161.42950439453125,735231,134.56559406330453,0.0,1.0,yahoo,2024-06-23 23:05:15
2014-02-21,GETI-B.ST,161.56849670410156,164.62612915039062,160.66510009765625,164.1396942138672,1333743,136.8247740343459,0.0,1.0,yahoo,2024-06-23 23:05:15
2014-02-24,GETI-B.ST,163.86172485351562,164.62612915039062,161.1515350341797,164.62612915039062,893053,137.2302600478967,0.0,1.0,yahoo,2024-06-23 23:05:15
2014-02-25,GETI-B.ST,163.93121337890625,164.556640625,162.74984741210938,163.93121337890625,576867,136.65098704594774,0.0,1.0,yahoo,2024-06-23 23:05:15
2014-02-26,GETI-B.ST,163.792236328125,163.792236328125,161.42950439453125,162.5413818359375,453181,135.4924410420498,0.0,1.0,yahoo,2024-06-23 23:05:15
2014-02-27,GETI-B.ST,162.26341247558594,162.74984741210938,159.6227264404297,161.22103881835938,798008,134.39181979444004,0.0,1.0,yahoo,2024-06-23 23:05:15
2014-02-28,GETI-B.ST,160.9430694580078,161.1515350341797,159.97018432617188,160.3871307373047,659971,133.69668456038107,0.0,1.0,yahoo,2024-06-23 23:05:15
2014-03-03,GETI-B.ST,157.81593322753906,158.4413604736328,153.1599884033203,153.57693481445312,1558977,128.01979133393405,0.0,1.0,yahoo,2024-06-23 23:05:15
2014-03-04,GETI-B.ST,153.64642333984375,160.526123046875,153.64642333984375,160.4566192626953,1181032,133.75460931666925,0.0,1.0,yahoo,2024-06-23 23:05:15
2014-03-05,GETI-B.ST,160.59561157226562,160.66510009765625,158.58033752441406,159.76170349121094,900084,133.17533631472025,0.0,1.0,yahoo,2024-06-23 23:05:15
2014-03-06,GETI-B.ST,159.83119201660156,161.98544311523438,159.1362762451172,161.7074737548828,735824,134.79730580799085,0.0,1.0,yahoo,2024-06-23 23:05:15
2014-03-07,GETI-B.ST,136.89889526367188,139.33111572265625,126.05816650390624,127.03105926513672,15317882,105.89148507032807,0.0,1.0,yahoo,2024-06-23 23:05:15
2014-03-10,GETI-B.ST,127.86495971679688,128.6988525390625,123.2090072631836,123.90392303466795,5962387,103.28474384202404,0.0,1.0,yahoo,2024-06-23 23:05:15
2014-03-11,GETI-B.ST,124.6683349609375,125.78020477294922,123.0700225830078,123.55646514892578,3586293,102.99510734104958,0.0,1.0,yahoo,2024-06-23 23:05:15
2014-03-12,GETI-B.ST,123.34799194335938,124.4598617553711,121.33272552490234,123.55646514892578,2970796,102.99510734104958,0.0,1.0,yahoo,2024-06-23 23:05:15
2014-03-13,GETI-B.ST,123.83443450927734,124.25138092041016,121.26323699951172,121.4022216796875,2591189,101.19935721914767,0.0,1.0,yahoo,2024-06-23 23:05:15
2014-03-14,GETI-B.ST,120.4988250732422,122.23612213134766,119.87339782714844,120.1513671875,2627248,100.15666072782605,0.0,1.0,yahoo,2024-06-23 23:05:15
2014-03-17,GETI-B.ST,120.4988250732422,123.2090072631836,120.4988250732422,123.2090072631836,1700094,102.70547084007508,0.0,1.0,yahoo,2024-06-23 23:05:15
2014-03-18,GETI-B.ST,123.34799194335938,125.08528137207033,122.30561065673828,124.59883880615234,1914184,103.86401684397302,0.0,1.0,yahoo,2024-06-23 23:05:15
2014-03-19,GETI-B.ST,124.73782348632812,126.96156311035156,124.59883880615234,125.64122009277344,2208841,104.7329327066633,0.0,1.0,yahoo,2024-06-23 23:05:15
2014-03-20,GETI-B.ST,125.08528137207033,126.68359375,123.34799194335938,123.34799194335938,1947413,102.82132671241824,0.0,1.0,yahoo,2024-06-23 23:05:15
2014-03-21,GETI-B.ST,121.33272552490234,123.34799194335938,120.84628295898438,123.27849578857422,2665054,106.12991629755872,3.912691,1.0,yahoo,2024-06-23 23:05:15
2014-03-24,GETI-B.ST,123.55646514892578,124.18189239501952,121.88866424560548,122.23612213134766,3376339,105.23254138813442,0.0,1.0,yahoo,2024-06-23 23:05:15
2014-03-25,GETI-B.ST,122.44459533691406,123.90392303466795,122.44459533691406,123.7649383544922,1370837,106.54869256891253,0.0,1.0,yahoo,2024-06-23 23:05:15
2014-03-26,GETI-B.ST,124.32087707519533,126.40563201904295,123.90392303466795,125.43274688720705,1348116,107.9845016193486,0.0,1.0,yahoo,2024-06-23 23:05:15
2014-03-27,GETI-B.ST,125.50223541259766,126.75308990478516,125.08528137207033,125.5717315673828,1449281,108.10415292089428,0.0,1.0,yahoo,2024-06-23 23:05:15
2014-03-28,GETI-B.ST,126.68359375,127.17003631591795,125.29376220703124,125.29376220703124,1334801,107.86485031780289,0.0,1.0,yahoo,2024-06-23 23:05:15
2014-03-31,GETI-B.ST,125.919189453125,126.4751205444336,124.04290771484376,125.98867797851562,2037636,108.4631002574191,0.0,1.0,yahoo,2024-06-23 23:05:15
2014-04-01,GETI-B.ST,126.61410522460938,127.03105926513672,125.50223541259766,125.71070861816406,1198988,108.2237976543277,0.0,1.0,yahoo,2024-06-23 23:05:15
2014-04-02,GETI-B.ST,125.919189453125,126.75308990478516,125.50223541259766,126.75308990478516,981416,109.12117913186428,0.0,1.0,yahoo,2024-06-23 23:05:15
2014-04-03,GETI-B.ST,127.03105926513672,127.03105926513672,125.15477752685548,125.2242660522461,1316144,107.8050213829739,0.0,1.0,yahoo,2024-06-23 23:05:15
2014-04-04,GETI-B.ST,125.5717315673828,127.65647888183594,125.50223541259766,126.68359375,1391451,109.0613501970353,0.0,1.0,yahoo,2024-06-23 23:05:15
2014-04-07,GETI-B.ST,126.4751205444336,126.4751205444336,125.2242660522461,125.78020477294922,1043152,108.2836265891567,0.0,1.0,yahoo,2024-06-23 23:05:15
2014-04-08,GETI-B.ST,125.84969329833984,126.68359375,124.6683349609375,125.2242660522461,1081099,107.8050213829739,0.0,1.0,yahoo,2024-06-23 23:05:15
2014-04-09,GETI-B.ST,125.71070861816406,126.2666473388672,125.50223541259766,125.5717315673828,1046029,108.10415292089428,0.0,1.0,yahoo,2024-06-23 23:05:15
2014-04-10,GETI-B.ST,126.19715118408205,126.54461669921876,124.59883880615234,124.59883880615234,1437373,107.26659381007441,0.0,1.0,yahoo,2024-06-23 23:05:15
2014-04-11,GETI-B.ST,123.83443450927734,123.90392303466795,120.7072982788086,121.47171020507812,2073943,104.57446251368924,0.0,1.0,yahoo,2024-06-23 23:05:15
2014-04-14,GETI-B.ST,120.915771484375,125.84969329833984,120.915771484375,125.64122009277344,1489939,108.163975287611,0.0,1.0,yahoo,2024-06-23 23:05:15
2014-04-15,GETI-B.ST,125.64122009277344,126.68359375,124.25138092041016,124.94630432128906,1182113,107.5657253479948,0.0,1.0,yahoo,2024-06-23 23:05:15
2014-04-16,GETI-B.ST,126.1276626586914,128.2819061279297,123.69544982910156,127.58699035644533,2129555,109.83908037302619,0.0,1.0,yahoo,2024-06-23 23:05:15
2014-04-17,GETI-B.ST,128.21241760253906,128.21241760253906,124.4598617553711,124.4598617553711,973003,107.14694907664101,0.0,1.0,yahoo,2024-06-23 23:05:15
2014-04-22,GETI-B.ST,126.1276626586914,128.97682189941406,125.78020477294922,128.90733337402344,1498859,110.97575788554187,0.0,1.0,yahoo,2024-06-23 23:05:15
2014-04-23,GETI-B.ST,128.6988525390625,131.5480194091797,128.2819061279297,130.22767639160156,1571012,112.11243539805756,0.0,1.0,yahoo,2024-06-23 23:05:15
2014-04-24,GETI-B.ST,131.13107299804688,131.13107299804688,128.6988525390625,129.5327606201172,1220178,111.51418545844136,0.0,1.0,yahoo,2024-06-23 23:05:15
2014-04-25,GETI-B.ST,129.32427978515625,131.13107299804688,128.3513946533203,131.13107299804688,1108328,112.89016557404845,0.0,1.0,yahoo,2024-06-23 23:05:15
2014-04-28,GETI-B.ST,132.0344696044922,133.21583557128906,131.40904235839844,131.96498107910156,921663,113.60807338332263,0.0,1.0,yahoo,2024-06-23 23:05:15
2014-04-29,GETI-B.ST,132.38192749023438,133.14633178710938,132.0344696044922,132.9378662109375,931414,114.44562592603022,0.0,1.0,yahoo,2024-06-23 23:05:15
2014-04-30,GETI-B.ST,133.00735473632812,133.07684326171875,132.31243896484375,132.7988739013672,878812,114.32596805637223,0.0,1.0,yahoo,2024-06-23 23:05:15
2014-05-02,GETI-B.ST,132.7988739013672,134.88363647460938,132.7988739013672,134.4666748046875,1326619,115.76177053869603,0.0,1.0,yahoo,2024-06-23 23:05:15
2014-05-05,GETI-B.ST,134.4666748046875,135.99549865722656,133.91075134277344,135.7870330810547,1130075,116.89846118743628,0.0,1.0,yahoo,2024-06-23 23:05:15
2014-05-06,GETI-B.ST,136.2039794921875,136.6209259033203,133.77175903320312,134.25820922851562,1146485,115.5823034385459,0.0,1.0,yahoo,2024-06-23 23:05:15
2014-05-07,GETI-B.ST,134.1192169189453,134.8141326904297,133.42430114746094,134.0497283935547,1822211,115.40282320217122,0.0,1.0,yahoo,2024-06-23 23:05:15
2014-05-08,GETI-B.ST,134.6056671142578,135.57855224609375,134.4666748046875,135.3005828857422,1067824,116.47967834797021,0.0,1.0,yahoo,2024-06-23 23:05:15
2014-05-09,GETI-B.ST,135.16160583496094,135.23109436035156,134.74464416503906,135.16160583496094,892755,116.3600336145368,0.0,1.0,yahoo,2024-06-23 23:05:15
2014-05-12,GETI-B.ST,135.50906372070312,136.89889526367188,135.50906372070312,136.89889526367188,872499,117.85565846357729,0.0,1.0,yahoo,2024-06-23 23:05:15
2014-05-13,GETI-B.ST,137.1073760986328,138.5666961669922,136.6209259033203,137.52432250976562,1261464,118.39408603647678,0.0,1.0,yahoo,2024-06-23 23:05:15
2014-05-14,GETI-B.ST,137.66329956054688,138.08026123046875,133.84124755859375,135.09210205078125,1403009,116.30019811159552,0.0,1.0,yahoo,2024-06-23 23:05:15
2014-05-15,GETI-B.ST,134.953125,135.57855224609375,134.32769775390625,135.3700714111328,1336167,116.53950071468691,0.0,1.0,yahoo,2024-06-23 23:05:15
2014-05-16,GETI-B.ST,135.16160583496094,135.3005828857422,131.96498107910156,132.38192749023438,1695563,113.96702071984743,0.0,1.0,yahoo,2024-06-23 23:05:15
2014-05-19,GETI-B.ST,132.38192749023438,133.63278198242188,132.38192749023438,133.07684326171875,943903,114.56527065946364,0.0,1.0,yahoo,2024-06-23 23:05:15
2014-05-20,GETI-B.ST,133.00735473632812,133.63278198242188,131.68701171875,132.17344665527344,1174171,113.78754048347274,0.0,1.0,yahoo,2024-06-23 23:05:15
2014-05-21,GETI-B.ST,132.38192749023438,132.72938537597656,130.36666870117188,132.0344696044922,1120288,113.66789575003934,0.0,1.0,yahoo,2024-06-23 23:05:15
2014-05-22,GETI-B.ST,132.52090454101562,132.72938537597656,131.96498107910156,132.1039581298828,914209,113.72771811675604,0.0,1.0,yahoo,2024-06-23 23:05:15
2014-05-23,GETI-B.ST,132.0344696044922,132.38192749023438,131.2005615234375,132.31243896484375,932436,113.90719835313072,0.0,1.0,yahoo,2024-06-23 23:05:15
2014-05-26,GETI-B.ST,123.6259536743164,124.39036560058594,118.62254333496094,118.6920394897461,9015454,102.18145618711216,0.0,1.0,yahoo,2024-06-23 23:05:15
2014-05-27,GETI-B.ST,118.83102416992188,121.47171020507812,116.95474243164062,120.915771484375,4372722,104.09585730750645,0.0,1.0,yahoo,2024-06-23 23:05:15
2014-05-28,GETI-B.ST,120.98526763916016,121.54119873046876,119.94288635253906,121.54119873046876,994809,104.63428488040596,0.0,1.0,yahoo,2024-06-23 23:05:15
2014-05-30,GETI-B.ST,121.88866424560548,122.09713745117188,119.52593994140624,119.52593994140624,2172887,102.89935742827404,0.0,1.0,yahoo,2024-06-23 23:05:15
2014-06-02,GETI-B.ST,119.52593994140624,120.84628295898438,118.9005126953125,120.1513671875,1554500,103.43778500117355,0.0,1.0,yahoo,2024-06-23 23:05:15
2014-06-03,GETI-B.ST,120.22085571289062,121.05475616455078,119.24797058105467,120.7072982788086,1226226,103.91638363924405,0.0,1.0,yahoo,2024-06-23 23:05:15
2014-06-04,GETI-B.ST,120.5683135986328,123.00052642822266,120.3598403930664,122.44459533691406,1539545,105.41201505639683,0.0,1.0,yahoo,2024-06-23 23:05:15
2014-06-05,GETI-B.ST,123.00052642822266,124.18189239501952,122.44459533691406,123.2090072631836,1434295,106.07009393084202,0.0,1.0,yahoo,2024-06-23 23:05:15
2014-06-09,GETI-B.ST,123.55646514892578,123.83443450927734,121.68018341064452,123.7649383544922,1302455,106.54869256891253,0.0,1.0,yahoo,2024-06-23 23:05:15
2014-06-10,GETI-B.ST,123.00052642822266,125.36325073242188,122.65306854248048,124.39036560058594,1456135,107.08712014181201,0.0,1.0,yahoo,2024-06-23 23:05:15
2014-06-11,GETI-B.ST,124.6683349609375,125.08528137207033,123.97341918945312,124.52935028076172,907739,107.20677144335771,0.0,1.0,yahoo,2024-06-23 23:05:15
2014-06-12,GETI-B.ST,123.41748046875,124.39036560058594,122.72256469726562,123.27849578857422,1257565,106.12991629755872,0.0,1.0,yahoo,2024-06-23 23:05:15
2014-06-13,GETI-B.ST,123.00052642822266,123.0700225830078,121.47171020507812,122.44459533691406,1005623,105.41201505639683,0.0,1.0,yahoo,2024-06-23 23:05:15
2014-06-16,GETI-B.ST,121.81916809082033,122.58358001708984,121.6106948852539,122.44459533691406,932499,105.41201505639683,0.0,1.0,yahoo,2024-06-23 23:05:15
2014-06-17,GETI-B.ST,122.30561065673828,122.79205322265624,120.01238250732422,120.29035186767578,1345045,103.55743630271924,0.0,1.0,yahoo,2024-06-23 23:05:15
2014-06-18,GETI-B.ST,120.22085571289062,121.33272552490234,119.66492462158205,119.73441314697266,1581493,103.07883109653646,0.0,1.0,yahoo,2024-06-23 23:05:15
2014-06-19,GETI-B.ST,120.4988250732422,120.7072982788086,119.31746673583984,119.73441314697266,931026,103.07883109653646,0.0,1.0,yahoo,2024-06-23 23:05:15
2014-06-23,GETI-B.ST,120.22085571289062,123.41748046875,119.52593994140624,122.8615493774414,1265404,105.77096896103392,0.0,1.0,yahoo,2024-06-23 23:05:15
2014-06-24,GETI-B.ST,122.8615493774414,125.01579284667967,122.37510681152344,123.69544982910156,1552953,106.48887020219581,0.0,1.0,yahoo,2024-06-23 23:05:15
2014-06-25,GETI-B.ST,123.6259536743164,123.6259536743164,122.30561065673828,122.30561065673828,1229760,105.29236375485114,0.0,1.0,yahoo,2024-06-23 23:05:15
2014-06-26,GETI-B.ST,122.30561065673828,122.51408386230467,120.77679443359376,120.77679443359376,942025,103.97621257407305,0.0,1.0,yahoo,2024-06-23 23:05:15
2014-06-27,GETI-B.ST,120.98526763916016,122.09713745117188,120.7072982788086,121.81916809082033,1408521,104.87358748349735,0.0,1.0,yahoo,2024-06-23 23:05:15
2014-06-30,GETI-B.ST,121.9581527709961,123.0700225830078,121.9581527709961,122.02764129638672,859968,105.05306115175974,0.0,1.0,yahoo,2024-06-23 23:05:15
2014-07-01,GETI-B.ST,122.02764129638672,122.37510681152344,120.7072982788086,122.30561065673828,966494,105.29236375485114,0.0,1.0,yahoo,2024-06-23 23:05:15
2014-07-02,GETI-B.ST,122.23612213134766,123.48697662353516,121.81916809082033,122.23612213134766,861196,105.23254138813442,0.0,1.0,yahoo,2024-06-23 23:05:15
2014-07-03,GETI-B.ST,122.23612213134766,126.4751205444336,122.1666259765625,125.919189453125,1418903,108.40327789070238,0.0,1.0,yahoo,2024-06-23 23:05:15
2014-07-04,GETI-B.ST,125.78020477294922,127.3785171508789,125.5717315673828,127.10054779052734,1360580,109.42030410167239,0.0,1.0,yahoo,2024-06-23 23:05:15
2014-07-07,GETI-B.ST,126.82257843017578,128.8378448486328,126.19715118408205,126.68359375,852629,109.0613501970353,0.0,1.0,yahoo,2024-06-23 23:05:15
2014-07-08,GETI-B.ST,126.75308990478516,126.75308990478516,123.41748046875,123.41748046875,1403644,106.24956759910442,0.0,1.0,yahoo,2024-06-23 23:05:15
2014-07-09,GETI-B.ST,123.2090072631836,123.83443450927734,122.30561065673828,122.58358001708984,681721,105.53166635794253,0.0,1.0,yahoo,2024-06-23 23:05:15
2014-07-10,GETI-B.ST,122.72256469726562,122.79205322265624,120.63780975341795,120.63780975341795,992060,103.85656127252733,0.0,1.0,yahoo,2024-06-23 23:05:15
2014-07-11,GETI-B.ST,120.98526763916016,121.74967956542967,119.59542846679688,120.1513671875,767837,103.43778500117355,0.0,1.0,yahoo,2024-06-23 23:05:15
2014-07-14,GETI-B.ST,120.7072982788086,121.88866424560548,120.63780975341795,121.6106948852539,977778,104.69411381523493,0.0,1.0,yahoo,2024-06-23 23:05:15
2014-07-15,GETI-B.ST,120.4988250732422,120.63780975341795,115.00897216796876,115.00897216796876,3408137,99.01071968454421,0.0,1.0,yahoo,2024-06-23 23:05:15
2014-07-16,GETI-B.ST,115.56490325927734,117.78864288330078,115.07846069335938,117.58016967773438,1973901,101.22425234285888,0.0,1.0,yahoo,2024-06-23 23:05:15
2014-07-17,GETI-B.ST,117.2327117919922,117.2327117919922,113.3411636352539,113.3411636352539,1967476,97.57491063410812,0.0,1.0,yahoo,2024-06-23 23:05:15
2014-07-18,GETI-B.ST,113.27167510986328,113.41065979003906,111.39539337158205,112.78523254394533,1550834,97.09631199603763,0.0,1.0,yahoo,2024-06-23 23:05:15
2014-07-21,GETI-B.ST,112.71573638916016,112.99370574951172,111.60387420654295,112.64624786376952,1027158,96.97666069449191,0.0,1.0,yahoo,2024-06-23 23:05:15
2014-07-22,GETI-B.ST,113.06320190429688,114.1750717163086,112.78523254394533,113.96659088134766,1015492,98.11333820700762,0.0,1.0,yahoo,2024-06-23 23:05:15
2014-07-23,GETI-B.ST,114.10557556152344,115.77337646484376,113.89710235595705,115.35643005371094,1547664,99.30984465435229,0.0,1.0,yahoo,2024-06-23 23:05:15
2014-07-24,GETI-B.ST,115.6343994140625,117.37168884277344,115.49541473388672,115.98185729980467,1765237,99.84827222725177,0.0,1.0,yahoo,2024-06-23 23:05:15
2014-07-25,GETI-B.ST,116.05134582519533,117.3022003173828,115.35643005371094,116.81575775146484,1056468,100.56617346841368,0.0,1.0,yahoo,2024-06-23 23:05:15
2014-07-28,GETI-B.ST,117.0937271118164,120.08187103271484,116.1903305053711,116.46829986572266,1824220,100.26704849860559,0.0,1.0,yahoo,2024-06-23 23:05:15
2014-07-29,GETI-B.ST,116.53778839111328,118.62254333496094,116.53778839111328,117.71915435791016,1350666,101.34390364440456,0.0,1.0,yahoo,2024-06-23 23:05:15
2014-07-30,GETI-B.ST,117.9971160888672,118.62254333496094,116.74626922607422,117.8581314086914,2534381,101.46354837783798,0.0,1.0,yahoo,2024-06-23 23:05:15
2014-07-31,GETI-B.ST,118.27508544921876,119.1089859008789,116.3988037109375,117.02423095703124,1158760,100.74564713667607,0.0,1.0,yahoo,2024-06-23 23:05:15
2014-08-01,GETI-B.ST,116.74626922607422,117.71915435791016,115.49541473388672,116.46829986572266,1381709,100.26704849860559,0.0,1.0,yahoo,2024-06-23 23:05:15
2014-08-04,GETI-B.ST,116.81575775146484,117.02423095703124,115.49541473388672,115.8428726196289,778028,99.7286209257061,0.0,1.0,yahoo,2024-06-23 23:05:15
2014-08-05,GETI-B.ST,116.1903305053711,118.41407012939452,115.8428726196289,118.06661224365234,1080147,101.64302861421267,0.0,1.0,yahoo,2024-06-23 23:05:15
2014-08-06,GETI-B.ST,117.2327117919922,117.58016967773438,115.8428726196289,116.32931518554688,1318568,100.14739719705989,0.0,1.0,yahoo,2024-06-23 23:05:15
2014-08-07,GETI-B.ST,115.91236114501952,117.0937271118164,115.6343994140625,116.3988037109375,1422234,100.20721956377659,0.0,1.0,yahoo,2024-06-23 23:05:15
2014-08-08,GETI-B.ST,115.6343994140625,116.74626922607422,114.7310028076172,116.46829986572266,1118989,100.26704849860559,0.0,1.0,yahoo,2024-06-23 23:05:15
2014-08-11,GETI-B.ST,117.4411849975586,117.51067352294922,116.53778839111328,117.0937271118164,1289730,100.80547607150507,0.0,1.0,yahoo,2024-06-23 23:05:15
2014-08-12,GETI-B.ST,116.88524627685548,116.95474243164062,114.383544921875,114.66151428222656,1617151,98.7115947147361,0.0,1.0,yahoo,2024-06-23 23:05:15
2014-08-13,GETI-B.ST,115.42591857910156,116.88524627685548,115.21744537353516,116.3988037109375,1099589,100.20721956377659,0.0,1.0,yahoo,2024-06-23 23:05:15
2014-08-14,GETI-B.ST,115.8428726196289,116.46829986572266,115.14795684814452,116.3988037109375,923351,100.20721956377659,0.0,1.0,yahoo,2024-06-23 23:05:15
2014-08-15,GETI-B.ST,116.74626922607422,117.71915435791016,116.3988037109375,116.74626922607422,1178332,100.50635110169698,0.0,1.0,yahoo,2024-06-23 23:05:15
2014-08-18,GETI-B.ST,117.3022003173828,119.1089859008789,117.3022003173828,119.03949737548828,1428970,102.48058115692025,0.0,1.0,yahoo,2024-06-23 23:05:15
2014-08-19,GETI-B.ST,119.24797058105467,120.01238250732422,118.3445816040039,118.9005126953125,1578748,102.36092985537456,0.0,1.0,yahoo,2024-06-23 23:05:15
2014-08-20,GETI-B.ST,118.83102416992188,119.17848205566406,118.13610076904295,118.62254333496094,968912,102.12162725228316,0.0,1.0,yahoo,2024-06-23 23:05:15
2014-08-21,GETI-B.ST,121.9581527709961,124.73782348632812,121.9581527709961,123.69544982910156,3311071,106.48887020219581,0.0,1.0,yahoo,2024-06-23 23:05:15
2014-08-22,GETI-B.ST,123.7649383544922,125.64122009277344,123.13951110839844,125.15477752685548,1691653,107.74519901625722,0.0,1.0,yahoo,2024-06-23 23:05:15
2014-08-25,GETI-B.ST,126.75308990478516,127.30902099609376,125.98867797851562,126.54461669921876,1201882,108.94170546360189,0.0,1.0,yahoo,2024-06-23 23:05:15
2014-08-26,GETI-B.ST,126.89207458496094,127.23953247070312,125.98867797851562,126.3361358642578,1369635,108.76222522722718,0.0,1.0,yahoo,2024-06-23 23:05:15
2014-08-27,GETI-B.ST,126.2666473388672,126.68359375,125.5717315673828,126.05816650390624,933620,108.52292262413579,0.0,1.0,yahoo,2024-06-23 23:05:15
2014-08-28,GETI-B.ST,125.98867797851562,127.3785171508789,125.43274688720705,126.05816650390624,1327225,108.52292262413579,0.0,1.0,yahoo,2024-06-23 23:05:15
2014-08-29,GETI-B.ST,126.4751205444336,127.51750183105467,125.29376220703124,126.96156311035156,1362777,109.30065280012668,0.0,1.0,yahoo,2024-06-23 23:05:15
2014-09-01,GETI-B.ST,128.21241760253906,130.71412658691406,127.7259750366211,128.3513946533203,1625969,110.49715267935908,0.0,1.0,yahoo,2024-06-23 23:05:15
2014-09-02,GETI-B.ST,129.94970703125,130.50564575195312,129.11581420898438,129.185302734375,1719331,111.21506048863327,0.0,1.0,yahoo,2024-06-23 23:05:15
2014-09-03,GETI-B.ST,129.88021850585938,130.50564575195312,128.90733337402344,129.74124145507812,1487550,111.69366569481605,0.0,1.0,yahoo,2024-06-23 23:05:15
2014-09-04,GETI-B.ST,129.67173767089844,130.64463806152344,128.62936401367188,130.36666870117188,1305251,112.23209326771554,0.0,1.0,yahoo,2024-06-23 23:05:15
2014-09-05,GETI-B.ST,130.71412658691406,130.71412658691406,128.2819061279297,129.81072998046875,1351983,111.75348806153275,0.0,1.0,yahoo,2024-06-23 23:05:15
2014-09-08,GETI-B.ST,129.81072998046875,130.99209594726562,129.04632568359375,129.6022491455078,908089,111.57400782515806,0.0,1.0,yahoo,2024-06-23 23:05:15
2014-09-09,GETI-B.ST,129.6022491455078,129.81072998046875,127.58699035644533,128.21241760253906,842832,110.37750794592567,0.0,1.0,yahoo,2024-06-23 23:05:15
2014-09-10,GETI-B.ST,128.2819061279297,128.97682189941406,127.10054779052734,128.62936401367188,1340998,110.73645528245048,0.0,1.0,yahoo,2024-06-23 23:05:15
2014-09-11,GETI-B.ST,129.88021850585938,131.61752319335938,128.14292907714844,129.11581420898438,1735699,111.15523812191655,0.0,1.0,yahoo,2024-06-23 23:05:15
2014-09-12,GETI-B.ST,129.46327209472656,130.22767639160156,128.90733337402344,129.74124145507812,843123,111.69366569481605,0.0,1.0,yahoo,2024-06-23 23:05:15
2014-09-15,GETI-B.ST,129.11581420898438,129.5327606201172,127.9344482421875,129.32427978515625,968578,111.33470522206667,0.0,1.0,yahoo,2024-06-23 23:05:15
2014-09-16,GETI-B.ST,129.32427978515625,129.46327209472656,127.79546356201172,129.185302734375,910341,111.21506048863327,0.0,1.0,yahoo,2024-06-23 23:05:15
2014-09-17,GETI-B.ST,129.32427978515625,129.6022491455078,127.58699035644533,127.86495971679688,929267,110.07838297611757,0.0,1.0,yahoo,2024-06-23 23:05:15
2014-09-18,GETI-B.ST,127.86495971679688,128.55987548828125,127.3785171508789,128.55987548828125,1219038,110.67663291573378,0.0,1.0,yahoo,2024-06-23 23:05:15
2014-09-19,GETI-B.ST,128.7683563232422,129.6022491455078,128.4208984375,128.7683563232422,1206244,110.85611315210846,0.0,1.0,yahoo,2024-06-23 23:05:15
2014-09-22,GETI-B.ST,128.14292907714844,129.74124145507812,127.44800567626952,128.55987548828125,1162867,110.67663291573378,0.0,1.0,yahoo,2024-06-23 23:05:15
2014-09-23,GETI-B.ST,128.14292907714844,128.90733337402344,127.86495971679688,128.55987548828125,1247720,110.67663291573378,0.0,1.0,yahoo,2024-06-23 23:05:15
2014-09-24,GETI-B.ST,128.6988525390625,129.11581420898438,126.89207458496094,127.7259750366211,969987,109.95873167457188,0.0,1.0,yahoo,2024-06-23 23:05:15
2014-09-25,GETI-B.ST,127.79546356201172,128.55987548828125,125.43274688720705,125.64122009277344,1235168,108.163975287611,0.0,1.0,yahoo,2024-06-23 23:05:15
2014-09-26,GETI-B.ST,125.78020477294922,125.84969329833984,124.59883880615234,125.29376220703124,976347,107.86485031780289,0.0,1.0,yahoo,2024-06-23 23:05:15
2014-09-29,GETI-B.ST,125.64122009277344,126.05816650390624,124.18189239501952,125.08528137207033,681411,107.68537008142822,0.0,1.0,yahoo,2024-06-23 23:05:15
2014-09-30,GETI-B.ST,125.2242660522461,126.82257843017578,125.15477752685548,126.54461669921876,1044128,108.94170546360189,0.0,1.0,yahoo,2024-06-23 23:05:15
2014-10-01,GETI-B.ST,125.98867797851562,126.96156311035156,125.50223541259766,125.71070861816406,880575,108.2237976543277,0.0,1.0,yahoo,2024-06-23 23:05:15
2014-10-02,GETI-B.ST,125.64122009277344,127.86495971679688,124.8768081665039,124.8768081665039,1253646,107.5058964131658,0.0,1.0,yahoo,2024-06-23 23:05:15
2014-10-03,GETI-B.ST,125.29376220703124,126.75308990478516,124.8768081665039,126.68359375,663666,109.0613501970353,0.0,1.0,yahoo,2024-06-23 23:05:15
2014-10-06,GETI-B.ST,127.7259750366211,128.3513946533203,126.68359375,127.10054779052734,900924,109.42030410167239,0.0,1.0,yahoo,2024-06-23 23:05:15
2014-10-07,GETI-B.ST,126.96156311035156,127.58699035644533,125.78020477294922,126.4751205444336,1113850,108.88187652877289,0.0,1.0,yahoo,2024-06-23 23:05:15
2014-10-08,GETI-B.ST,125.84969329833984,127.7259750366211,125.43274688720705,127.51750183105467,1176732,109.77925800630946,0.0,1.0,yahoo,2024-06-23 23:05:15
2014-10-09,GETI-B.ST,128.55987548828125,129.94970703125,125.78020477294922,126.40563201904295,1484427,108.82205416205618,0.0,1.0,yahoo,2024-06-23 23:05:15
2014-10-10,GETI-B.ST,125.84969329833984,126.3361358642578,124.11239624023438,124.11239624023438,1552245,106.84781753872062,0.0,1.0,yahoo,2024-06-23 23:05:15
2014-10-13,GETI-B.ST,123.41748046875,126.05816650390624,122.65306854248048,122.93103790283205,1451704,105.83079132775063,0.0,1.0,yahoo,2024-06-23 23:05:15
2014-10-14,GETI-B.ST,122.51408386230467,124.73782348632812,121.68018341064452,124.4598617553711,1438452,107.14694907664101,0.0,1.0,yahoo,2024-06-23 23:05:15
2014-10-15,GETI-B.ST,124.52935028076172,125.08528137207033,120.77679443359376,121.05475616455078,1662522,104.21550860905215,0.0,1.0,yahoo,2024-06-23 23:05:15
2014-10-16,GETI-B.ST,114.66151428222656,114.9394760131836,102.15298461914062,102.98688507080078,7759724,88.66095763413271,0.0,1.0,yahoo,2024-06-23 23:05:15
2014-10-17,GETI-B.ST,106.32249450683594,108.68521118164062,105.07164001464844,108.61572265625,4161798,93.50679922211586,0.0,1.0,yahoo,2024-06-23 23:05:15
2014-10-20,GETI-B.ST,108.68521118164062,110.14453887939452,106.94792175292967,109.51911926269533,2529729,94.28452939810676,0.0,1.0,yahoo,2024-06-23 23:05:15
2014-10-21,GETI-B.ST,109.58860778808594,111.6733627319336,108.9631805419922,110.83946228027344,1877861,95.42120691062243,0.0,1.0,yahoo,2024-06-23 23:05:15
2014-10-22,GETI-B.ST,111.5343780517578,112.50726318359376,110.83946228027344,111.4648895263672,1919497,95.95963448352194,0.0,1.0,yahoo,2024-06-23 23:05:15
2014-10-23,GETI-B.ST,111.18692016601562,111.25640869140624,109.31063842773438,110.76996612548828,1979160,95.36137797579345,0.0,1.0,yahoo,2024-06-23 23:05:15
2014-10-24,GETI-B.ST,110.6309814453125,113.48014831542967,109.44962310791016,111.8818359375,1964108,96.31858182004673,0.0,1.0,yahoo,2024-06-23 23:05:15
2014-10-27,GETI-B.ST,112.85472106933594,113.96659088134766,112.2292938232422,112.9242172241211,1826970,97.21596329758331,0.0,1.0,yahoo,2024-06-23 23:05:15
2014-10-28,GETI-B.ST,113.27167510986328,116.3988037109375,113.27167510986328,115.98185729980467,1581142,99.84827222725177,0.0,1.0,yahoo,2024-06-23 23:05:15
2014-10-29,GETI-B.ST,116.60728454589844,118.6920394897461,116.05134582519533,118.27508544921876,1488966,101.82250228247509,0.0,1.0,yahoo,2024-06-23 23:05:15
2014-10-30,GETI-B.ST,118.9005126953125,119.66492462158205,116.88524627685548,118.9005126953125,2033142,102.36092985537456,0.0,1.0,yahoo,2024-06-23 23:05:15
2014-10-31,GETI-B.ST,120.5683135986328,120.77679443359376,118.20559692382812,119.17848205566406,1092659,102.60023245846595,0.0,1.0,yahoo,2024-06-23 23:05:15
2014-11-03,GETI-B.ST,118.97000122070312,120.08187103271484,118.83102416992188,119.24797058105467,1104919,102.66005482518266,0.0,1.0,yahoo,2024-06-23 23:05:15
2014-11-04,GETI-B.ST,119.4564437866211,119.66492462158205,116.81575775146484,117.58016967773438,2361666,101.22425234285888,0.0,1.0,yahoo,2024-06-23 23:05:15
2014-11-05,GETI-B.ST,118.06661224365234,118.27508544921876,116.74626922607422,117.71915435791016,1781910,101.34390364440456,0.0,1.0,yahoo,2024-06-23 23:05:15
2014-11-06,GETI-B.ST,117.37168884277344,119.17848205566406,117.2327117919922,118.76152801513672,1498620,102.24127855382886,0.0,1.0,yahoo,2024-06-23 23:05:15
2014-11-07,GETI-B.ST,118.97000122070312,119.38695526123048,117.92762756347656,118.62254333496094,727718,102.12162725228316,0.0,1.0,yahoo,2024-06-23 23:05:15
2014-11-10,GETI-B.ST,119.1089859008789,119.52593994140624,118.76152801513672,119.31746673583984,642866,102.71988376001165,0.0,1.0,yahoo,2024-06-23 23:05:15
2014-11-11,GETI-B.ST,119.4564437866211,120.77679443359376,118.9005126953125,120.5683135986328,536440,103.79673233769834,0.0,1.0,yahoo,2024-06-23 23:05:15
2014-11-12,GETI-B.ST,120.63780975341795,120.84628295898438,118.9005126953125,118.9005126953125,736734,102.36092985537456,0.0,1.0,yahoo,2024-06-23 23:05:15
2014-11-13,GETI-B.ST,119.73441314697266,119.94288635253906,118.41407012939452,118.76152801513672,920544,102.24127855382886,0.0,1.0,yahoo,2024-06-23 23:05:15
2014-11-14,GETI-B.ST,119.38695526123048,119.94288635253906,118.27508544921876,119.52593994140624,625982,102.89935742827404,0.0,1.0,yahoo,2024-06-23 23:05:15
2014-11-17,GETI-B.ST,119.4564437866211,121.88866424560548,118.20559692382812,120.7072982788086,827225,103.91638363924405,0.0,1.0,yahoo,2024-06-23 23:05:15
2014-11-18,GETI-B.ST,121.12425231933594,121.81916809082033,120.4988250732422,120.77679443359376,783951,103.97621257407305,0.0,1.0,yahoo,2024-06-23 23:05:15
2014-11-19,GETI-B.ST,120.98526763916016,120.98526763916016,119.66492462158205,120.29035186767578,699403,103.55743630271924,0.0,1.0,yahoo,2024-06-23 23:05:15
2014-11-20,GETI-B.ST,120.22085571289062,121.26323699951172,120.08187103271484,120.7072982788086,796395,103.91638363924405,0.0,1.0,yahoo,2024-06-23 23:05:15
2014-11-21,GETI-B.ST,120.915771484375,123.90392303466795,120.84628295898438,123.00052642822266,1338190,105.89061369446733,0.0,1.0,yahoo,2024-06-23 23:05:15
2014-11-24,GETI-B.ST,123.00052642822266,123.34799194335938,121.9581527709961,122.44459533691406,704914,105.41201505639683,0.0,1.0,yahoo,2024-06-23 23:05:15
2014-11-25,GETI-B.ST,122.58358001708984,122.72256469726562,120.915771484375,122.23612213134766,997679,105.23254138813442,0.0,1.0,yahoo,2024-06-23 23:05:15
2014-11-26,GETI-B.ST,122.44459533691406,122.8615493774414,121.54119873046876,121.81916809082033,615137,104.87358748349735,0.0,1.0,yahoo,2024-06-23 23:05:15
2014-11-27,GETI-B.ST,121.47171020507812,121.68018341064452,119.38695526123048,119.52593994140624,1516437,102.89935742827404,0.0,1.0,yahoo,2024-06-23 23:05:15
2014-11-28,GETI-B.ST,119.17848205566406,120.4988250732422,117.92762756347656,119.94288635253906,1392519,103.25830476479885,0.0,1.0,yahoo,2024-06-23 23:05:15
2014-12-01,GETI-B.ST,120.08187103271484,120.63780975341795,118.6920394897461,120.22085571289062,722377,103.49760736789025,0.0,1.0,yahoo,2024-06-23 23:05:15
2014-12-02,GETI-B.ST,120.7072982788086,121.9581527709961,120.01238250732422,120.29035186767578,678288,103.55743630271924,0.0,1.0,yahoo,2024-06-23 23:05:15
2014-12-03,GETI-B.ST,119.94288635253906,120.3598403930664,117.71915435791016,119.73441314697266,857308,103.07883109653646,0.0,1.0,yahoo,2024-06-23 23:05:15
2014-12-04,GETI-B.ST,120.22085571289062,120.3598403930664,117.51067352294922,117.51067352294922,1025188,101.16442340802988,0.0,1.0,yahoo,2024-06-23 23:05:15
2014-12-05,GETI-B.ST,118.27508544921876,120.77679443359376,118.27508544921876,120.22085571289062,1445854,103.49760736789025,0.0,1.0,yahoo,2024-06-23 23:05:15
2014-12-08,GETI-B.ST,120.1513671875,120.7072982788086,119.8039093017578,120.08187103271484,624271,103.37795606634455,0.0,1.0,yahoo,2024-06-23 23:05:15
2014-12-09,GETI-B.ST,119.38695526123048,119.87339782714844,118.3445816040039,118.48355865478516,1262996,102.00197595073747,0.0,1.0,yahoo,2024-06-23 23:05:15
2014-12-10,GETI-B.ST,118.6920394897461,119.8039093017578,118.06661224365234,118.41407012939452,1078785,101.94215358402076,0.0,1.0,yahoo,2024-06-23 23:05:15
2014-12-11,GETI-B.ST,118.41407012939452,119.24797058105467,117.3022003173828,118.27508544921876,675808,101.82250228247509,0.0,1.0,yahoo,2024-06-23 23:05:15
2014-12-12,GETI-B.ST,117.51067352294922,117.92762756347656,116.25982666015624,117.02423095703124,852012,100.74564713667607,0.0,1.0,yahoo,2024-06-23 23:05:15
2014-12-15,GETI-B.ST,116.74626922607422,117.37168884277344,114.45303344726562,114.45303344726562,1196559,98.53211447836141,0.0,1.0,yahoo,2024-06-23 23:05:15
2014-12-16,GETI-B.ST,114.7310028076172,115.21744537353516,112.43777465820312,114.5920181274414,3047723,98.65176577990711,0.0,1.0,yahoo,2024-06-23 23:05:15
2014-12-17,GETI-B.ST,113.82760620117188,116.53778839111328,113.61913299560548,116.32931518554688,1448697,100.14739719705989,0.0,1.0,yahoo,2024-06-23 23:05:15
2014-12-18,GETI-B.ST,117.2327117919922,120.08187103271484,116.95474243164062,120.08187103271484,1251004,103.37795606634455,0.0,1.0,yahoo,2024-06-23 23:05:15
2014-12-19,GETI-B.ST,120.3598403930664,121.6106948852539,119.59542846679688,120.98526763916016,1252128,104.15568624233543,0.0,1.0,yahoo,2024-06-23 23:05:15
2014-12-22,GETI-B.ST,120.98526763916016,124.25138092041016,120.63780975341795,123.34799194335938,1044226,106.18974523238772,0.0,1.0,yahoo,2024-06-23 23:05:15
2014-12-23,GETI-B.ST,123.69544982910156,124.32087707519533,121.6106948852539,124.32087707519533,828992,107.02729777509532,0.0,1.0,yahoo,2024-06-23 23:05:15
2014-12-29,GETI-B.ST,124.8768081665039,126.2666473388672,124.4598617553711,124.8768081665039,678787,107.5058964131658,0.0,1.0,yahoo,2024-06-23 23:05:15
2014-12-30,GETI-B.ST,124.25138092041016,124.80731964111328,123.00052642822266,123.55646514892578,709769,106.36921890065011,0.0,1.0,yahoo,2024-06-23 23:05:15
2015-01-02,GETI-B.ST,123.27849578857422,123.41748046875,119.66492462158205,120.63780975341795,1780675,103.85656127252733,0.0,1.0,yahoo,2024-06-23 23:05:15
2015-01-05,GETI-B.ST,120.7072982788086,121.33272552490234,118.97000122070312,119.94288635253906,699752,103.25830476479885,0.0,1.0,yahoo,2024-06-23 23:05:15
2015-01-07,GETI-B.ST,118.9005126953125,120.63780975341795,118.13610076904295,118.9005126953125,1248595,102.36092985537456,0.0,1.0,yahoo,2024-06-23 23:05:15
2015-01-08,GETI-B.ST,120.7072982788086,122.09713745117188,119.31746673583984,121.74967956542967,1191758,104.81376511678062,0.0,1.0,yahoo,2024-06-23 23:05:15
2015-01-09,GETI-B.ST,121.47171020507812,122.8615493774414,120.22085571289062,121.6106948852539,1209034,104.69411381523493,0.0,1.0,yahoo,2024-06-23 23:05:15
2015-01-12,GETI-B.ST,122.51408386230467,123.0700225830078,113.61913299560548,117.51067352294922,4272775,101.16442340802988,0.0,1.0,yahoo,2024-06-23 23:05:15
2015-01-13,GETI-B.ST,117.4411849975586,118.06661224365234,115.07846069335938,116.81575775146484,3154178,100.56617346841368,0.0,1.0,yahoo,2024-06-23 23:05:15
2015-01-14,GETI-B.ST,116.05134582519533,117.58016967773438,115.07846069335938,115.35643005371094,2077654,99.30984465435229,0.0,1.0,yahoo,2024-06-23 23:05:15
2015-01-15,GETI-B.ST,116.05134582519533,117.78864288330078,114.66151428222656,117.37168884277344,2247649,101.04477210648419,0.0,1.0,yahoo,2024-06-23 23:05:15
2015-01-16,GETI-B.ST,116.74626922607422,117.58016967773438,115.56490325927734,117.02423095703124,1452464,100.74564713667607,0.0,1.0,yahoo,2024-06-23 23:05:15
2015-01-19,GETI-B.ST,117.78864288330078,121.9581527709961,117.58016967773438,120.29035186767578,1615700,103.55743630271924,0.0,1.0,yahoo,2024-06-23 23:05:15
2015-01-20,GETI-B.ST,120.4988250732422,121.12425231933594,118.83102416992188,119.66492462158205,1563652,103.01900872981976,0.0,1.0,yahoo,2024-06-23 23:05:15
2015-01-21,GETI-B.ST,119.73441314697266,125.64122009277344,119.17848205566406,125.36325073242188,1963017,107.9246726845196,0.0,1.0,yahoo,2024-06-23 23:05:15
2015-01-22,GETI-B.ST,125.15477752685548,129.46327209472656,124.80731964111328,127.7259750366211,2781547,109.95873167457188,0.0,1.0,yahoo,2024-06-23 23:05:15
2015-01-23,GETI-B.ST,126.4751205444336,127.30902099609376,124.4598617553711,126.61410522460938,2700239,109.0015278303186,0.0,1.0,yahoo,2024-06-23 23:05:15
2015-01-26,GETI-B.ST,125.919189453125,129.6022491455078,125.84969329833984,129.39378356933594,1790365,111.39454072500796,0.0,1.0,yahoo,2024-06-23 23:05:15
2015-01-27,GETI-B.ST,129.25479125976562,133.3548126220703,128.90733337402344,129.67173767089844,2679591,111.63383019187476,0.0,1.0,yahoo,2024-06-23 23:05:15
2015-01-28,GETI-B.ST,130.2971649169922,147.253173828125,123.69544982910156,143.29214477539062,8289032,123.35957892600563,0.0,1.0,yahoo,2024-06-23 23:05:15
2015-01-29,GETI-B.ST,140.3734893798828,143.1531524658203,138.08026123046875,142.66671752929688,3332573,122.82115135310613,0.0,1.0,yahoo,2024-06-23 23:05:15
2015-01-30,GETI-B.ST,142.45823669433594,144.05654907226562,141.69383239746094,141.9718017578125,2402843,122.22290141348994,0.0,1.0,yahoo,2024-06-23 23:05:15
2015-02-02,GETI-B.ST,142.04129028320312,144.26502990722656,141.69383239746094,143.36163330078125,1779783,123.41940129272233,0.0,1.0,yahoo,2024-06-23 23:05:15
2015-02-03,GETI-B.ST,143.91757202148438,147.53114318847656,143.5701141357422,147.18368530273438,1842567,126.70978909683599,0.0,1.0,yahoo,2024-06-23 23:05:15
2015-02-04,GETI-B.ST,149.7548828125,153.9243927001953,149.2684326171875,150.1718292236328,4733943,129.28226909167546,0.0,1.0,yahoo,2024-06-23 23:05:15
2015-02-05,GETI-B.ST,149.3379364013672,153.3684539794922,146.28028869628906,152.46505737304688,2922703,131.25649914689876,0.0,1.0,yahoo,2024-06-23 23:05:15
2015-02-06,GETI-B.ST,152.04811096191406,155.59219360351562,150.5887908935547,155.31422424316406,1529168,133.7093344083048,0.0,1.0,yahoo,2024-06-23 23:05:15
2015-02-09,GETI-B.ST,154.2718505859375,154.96676635742188,151.97862243652344,153.8549041748047,1197879,132.45301216235572,0.0,1.0,yahoo,2024-06-23 23:05:15
2015-02-10,GETI-B.ST,153.8549041748047,153.99388122558594,151.4226837158203,153.78541564941406,1334434,132.39318979563902,0.0,1.0,yahoo,2024-06-23 23:05:15
2015-02-11,GETI-B.ST,153.4379425048828,154.20236206054688,149.82437133789062,150.72776794433594,1191213,129.76087429785827,0.0,1.0,yahoo,2024-06-23 23:05:15
2015-02-12,GETI-B.ST,151.3531951904297,154.82778930664062,150.79725646972656,152.6040496826172,1891694,131.37615701655673,0.0,1.0,yahoo,2024-06-23 23:05:15
2015-02-13,GETI-B.ST,152.88201904296875,153.8549041748047,151.70065307617188,152.1175994873047,1019056,130.95737417709066,0.0,1.0,yahoo,2024-06-23 23:05:15
2015-02-16,GETI-B.ST,152.04811096191406,153.57693481445312,151.07522583007812,153.5074462890625,603832,132.15388719254761,0.0,1.0,yahoo,2024-06-23 23:05:15
2015-02-17,GETI-B.ST,153.4379425048828,153.5074462890625,150.93624877929688,152.1175994873047,572586,130.95737417709066,0.0,1.0,yahoo,2024-06-23 23:05:15
2015-02-18,GETI-B.ST,152.1175994873047,152.74302673339844,151.14471435546875,152.1175994873047,1273702,130.95737417709066,0.0,1.0,yahoo,2024-06-23 23:05:15
2015-02-19,GETI-B.ST,151.8396453857422,151.9091339111328,147.6006317138672,149.2684326171875,1832540,128.50453891568458,0.0,1.0,yahoo,2024-06-23 23:05:15
2015-02-20,GETI-B.ST,148.71250915527344,151.4226837158203,148.71250915527344,151.3531951904297,1061091,130.29930187075774,0.0,1.0,yahoo,2024-06-23 23:05:15
2015-02-23,GETI-B.ST,151.63116455078125,152.18710327148438,149.82437133789062,151.0057373046875,1070265,130.00017690094964,0.0,1.0,yahoo,2024-06-23 23:05:15
2015-02-24,GETI-B.ST,151.4226837158203,152.6040496826172,150.6582794189453,151.28370666503906,911518,130.23947950404104,0.0,1.0,yahoo,2024-06-23 23:05:15
2015-02-25,GETI-B.ST,152.6040496826172,154.06336975097656,150.93624877929688,153.78541564941406,1433699,132.39318979563902,0.0,1.0,yahoo,2024-06-23 23:05:15
2015-02-26,GETI-B.ST,153.78541564941406,154.54981994628906,152.88201904296875,153.8549041748047,740682,132.45301216235572,0.0,1.0,yahoo,2024-06-23 23:05:15
2015-02-27,GETI-B.ST,154.48033142089844,161.91595458984375,154.48033142089844,160.17864990234375,2838510,137.8970971218428,0.0,1.0,yahoo,2024-06-23 23:05:15
2015-03-02,GETI-B.ST,160.526123046875,161.22103881835938,159.2057647705078,160.526123046875,1234182,138.19623522787546,0.0,1.0,yahoo,2024-06-23 23:05:15
2015-03-03,GETI-B.ST,160.8735809326172,163.4447784423828,157.32949829101562,157.46847534179688,1075133,135.56391973009468,0.0,1.0,yahoo,2024-06-23 23:05:15
2015-03-04,GETI-B.ST,157.39898681640625,157.46847534179688,154.06336975097656,156.7735595703125,1009884,134.9656697904785,0.0,1.0,yahoo,2024-06-23 23:05:15
2015-03-05,GETI-B.ST,156.70407104492188,158.30238342285156,156.287109375,157.05152893066406,905630,135.2049723935699,0.0,1.0,yahoo,2024-06-23 23:05:15
2015-03-06,GETI-B.ST,157.05152893066406,158.09390258789062,154.82778930664062,155.38372802734375,1126082,133.7691699112461,0.0,1.0,yahoo,2024-06-23 23:05:15
2015-03-09,GETI-B.ST,155.1057586669922,155.24473571777344,152.53456115722656,154.96676635742188,719097,133.41020943849674,0.0,1.0,yahoo,2024-06-23 23:05:15
2015-03-10,GETI-B.ST,154.6887969970703,154.89727783203125,152.32608032226562,153.02099609375,815612,131.73510435308154,0.0,1.0,yahoo,2024-06-23 23:05:15
2015-03-11,GETI-B.ST,152.88201904296875,155.59219360351562,152.6040496826172,154.96676635742188,1008327,133.41020943849674,0.0,1.0,yahoo,2024-06-23 23:05:15
2015-03-12,GETI-B.ST,154.54981994628906,156.3566131591797,153.29896545410156,154.34133911132812,1038148,132.87178186559723,0.0,1.0,yahoo,2024-06-23 23:05:15
2015-03-13,GETI-B.ST,154.75830078125,157.74644470214844,154.75830078125,157.32949829101562,1016122,135.44427499666128,0.0,1.0,yahoo,2024-06-23 23:05:15
2015-03-16,GETI-B.ST,157.6769561767578,158.58033752441406,156.21762084960938,158.4413604736328,937737,136.4014722728023,0.0,1.0,yahoo,2024-06-23 23:05:15
2015-03-17,GETI-B.ST,158.99729919433594,159.34475708007812,155.24473571777344,155.80067443847656,729385,134.12811724777092,0.0,1.0,yahoo,2024-06-23 23:05:15
2015-03-18,GETI-B.ST,153.5074462890625,155.8701629638672,152.39556884765625,155.1057586669922,1552919,133.5298673081547,0.0,1.0,yahoo,2024-06-23 23:05:15
2015-03-19,GETI-B.ST,154.89727783203125,155.80067443847656,152.6040496826172,153.71591186523438,1105850,132.33335429269775,0.0,1.0,yahoo,2024-06-23 23:05:15
2015-03-20,GETI-B.ST,153.9243927001953,155.31422424316406,151.49217224121094,151.8396453857422,1760822,130.71808471022382,0.0,1.0,yahoo,2024-06-23 23:05:15
2015-03-23,GETI-B.ST,151.49217224121094,151.56167602539062,146.0718231201172,149.7548828125,1892458,128.92332175515065,0.0,1.0,yahoo,2024-06-23 23:05:15
2015-03-24,GETI-B.ST,149.7548828125,151.28370666503906,147.7396240234375,151.07522583007812,1542323,130.05999926766637,0.0,1.0,yahoo,2024-06-23 23:05:15
2015-03-25,GETI-B.ST,150.79725646972656,151.3531951904297,148.71250915527344,149.7548828125,1157347,128.92332175515065,0.0,1.0,yahoo,2024-06-23 23:05:15
2015-03-26,GETI-B.ST,147.32266235351562,147.53114318847656,144.8904571533203,146.3497772216797,1246166,128.2527280213184,2.639888,1.0,yahoo,2024-06-23 23:05:15
2015-03-27,GETI-B.ST,146.97520446777344,149.96336364746094,146.21080017089844,149.19894409179688,1094734,130.74957790122625,0.0,1.0,yahoo,2024-06-23 23:05:15
2015-03-30,GETI-B.ST,149.47691345214844,151.97862243652344,149.47691345214844,150.72776794433594,614158,132.08935329053344,0.0,1.0,yahoo,2024-06-23 23:05:15
2015-03-31,GETI-B.ST,150.6582794189453,151.63116455078125,148.22605895996094,148.43453979492188,616017,130.07969689254568,0.0,1.0,yahoo,2024-06-23 23:05:15
2015-04-01,GETI-B.ST,148.0870819091797,149.19894409179688,146.97520446777344,148.01759338378906,653754,129.71430846707864,0.0,1.0,yahoo,2024-06-23 23:05:15
2015-04-02,GETI-B.ST,148.1565704345703,150.31082153320312,148.0870819091797,150.2413330078125,250481,131.6630690228129,0.0,1.0,yahoo,2024-06-23 23:05:15
2015-04-07,GETI-B.ST,151.28370666503906,154.06336975097656,150.72776794433594,153.02099609375,1168625,134.0990096885212,0.0,1.0,yahoo,2024-06-23 23:05:15
2015-04-08,GETI-B.ST,153.02099609375,153.3684539794922,150.519287109375,150.93624877929688,654653,132.27205418923998,0.0,1.0,yahoo,2024-06-23 23:05:15
2015-04-09,GETI-B.ST,151.14471435546875,153.8549041748047,151.14471435546875,153.64642333984375,773865,134.64709901269478,0.0,1.0,yahoo,2024-06-23 23:05:15
2015-04-10,GETI-B.ST,153.57693481445312,155.80067443847656,153.3684539794922,155.522705078125,912274,136.29136698521552,0.0,1.0,yahoo,2024-06-23 23:05:15
2015-04-13,GETI-B.ST,155.66168212890625,159.6227264404297,155.24473571777344,159.1362762451172,1069768,139.45809787380392,0.0,1.0,yahoo,2024-06-23 23:05:15
2015-04-14,GETI-B.ST,159.2752685546875,162.5413818359375,159.1362762451172,161.29052734375,2512394,141.3459625872847,0.0,1.0,yahoo,2024-06-23 23:05:15
2015-04-15,GETI-B.ST,161.7074737548828,163.16680908203125,160.31764221191406,162.61087036132812,1190879,142.50303707788535,0.0,1.0,yahoo,2024-06-23 23:05:15
2015-04-16,GETI-B.ST,162.26341247558594,164.1396942138672,162.1939239501953,163.23629760742188,1755842,143.05112640205894,0.0,1.0,yahoo,2024-06-23 23:05:15
2015-04-17,GETI-B.ST,163.02781677246094,163.4447784423828,158.09390258789062,159.1362762451172,1312666,139.45809787380392,0.0,1.0,yahoo,2024-06-23 23:05:15
2015-04-20,GETI-B.ST,158.99729919433594,162.33290100097656,152.53456115722656,153.64642333984375,5388004,134.64709901269478,0.0,1.0,yahoo,2024-06-23 23:05:15
2015-04-21,GETI-B.ST,153.64642333984375,154.82778930664062,148.5040283203125,150.6582794189453,3423176,132.02845744827994,0.0,1.0,yahoo,2024-06-23 23:05:15
2015-04-22,GETI-B.ST,150.72776794433594,151.14471435546875,147.7396240234375,149.12945556640625,1969423,130.68868205897274,0.0,1.0,yahoo,2024-06-23 23:05:15
2015-04-23,GETI-B.ST,149.05996704101562,149.61590576171875,147.04470825195312,147.46165466308594,1398256,129.22711498515855,0.0,1.0,yahoo,2024-06-23 23:05:15
2015-04-24,GETI-B.ST,148.01759338378906,149.4074249267578,147.67013549804688,149.19894409179688,943856,130.74957790122625,0.0,1.0,yahoo,2024-06-23 23:05:15
2015-04-27,GETI-B.ST,149.3379364013672,150.03285217285156,148.01759338378906,149.7548828125,1028400,131.23677138314633,0.0,1.0,yahoo,2024-06-23 23:05:15
2015-04-28,GETI-B.ST,149.4074249267578,149.4074249267578,146.41928100585938,146.55825805664062,1311079,128.43542892002495,0.0,1.0,yahoo,2024-06-23 23:05:15
2015-04-29,GETI-B.ST,146.48876953125,147.67013549804688,141.9718017578125,142.3192596435547,1242449,124.72060870726294,0.0,1.0,yahoo,2024-06-23 23:05:15
2015-04-30,GETI-B.ST,141.76332092285156,142.3887481689453,140.65145874023438,141.20738220214844,1369317,123.7462217434228,0.0,1.0,yahoo,2024-06-23 23:05:15
2015-05-04,GETI-B.ST,141.27688598632812,142.45823669433594,140.65145874023438,142.11077880859375,883447,124.53790780855641,0.0,1.0,yahoo,2024-06-23 23:05:15
2015-05-05,GETI-B.ST,142.3887481689453,144.26502990722656,140.92942810058594,141.20738220214844,2175768,123.7462217434228,0.0,1.0,yahoo,2024-06-23 23:05:15
2015-05-06,GETI-B.ST,140.99891662597656,143.0836639404297,139.74806213378906,141.41586303710938,1363127,123.92892264212932,0.0,1.0,yahoo,2024-06-23 23:05:15
2015-05-07,GETI-B.ST,141.0684051513672,142.11077880859375,138.28872680664062,141.34637451171875,1491512,123.86802679987584,0.0,1.0,yahoo,2024-06-23 23:05:15
2015-05-08,GETI-B.ST,141.90231323242188,142.7362060546875,139.8175506591797,142.3887481689453,1260482,124.78150454951644,0.0,1.0,yahoo,2024-06-23 23:05:15
2015-05-11,GETI-B.ST,142.3192596435547,144.8904571533203,141.76332092285156,143.84808349609375,924718,126.06038409657013,0.0,1.0,yahoo,2024-06-23 23:05:15
2015-05-12,GETI-B.ST,143.29214477539062,143.36163330078125,141.8328094482422,142.45823669433594,1183688,124.84240039176994,0.0,1.0,yahoo,2024-06-23 23:05:15
2015-05-13,GETI-B.ST,142.59722900390625,143.5701141357422,141.9718017578125,143.22265625,625172,125.51229477239656,0.0,1.0,yahoo,2024-06-23 23:05:15
2015-05-15,GETI-B.ST,143.29214477539062,143.77857971191406,141.1378936767578,141.41586303710938,1620989,123.92892264212932,0.0,1.0,yahoo,2024-06-23 23:05:15
2015-05-18,GETI-B.ST,141.20738220214844,141.90231323242188,140.44297790527344,141.90231323242188,859869,124.35522028179591,0.0,1.0,yahoo,2024-06-23 23:05:15
2015-05-19,GETI-B.ST,142.80569458007812,144.4735107421875,142.52774047851562,143.91757202148438,1372495,126.12127993882363,0.0,1.0,yahoo,2024-06-23 23:05:15
2015-05-20,GETI-B.ST,143.91757202148438,144.19554138183594,142.66671752929688,143.84808349609375,486139,126.06038409657013,0.0,1.0,yahoo,2024-06-23 23:05:15
2015-05-21,GETI-B.ST,143.84808349609375,144.4735107421875,140.85992431640625,142.04129028320312,1093803,124.47701196630291,0.0,1.0,yahoo,2024-06-23 23:05:15
2015-05-22,GETI-B.ST,141.6243438720703,145.09893798828125,141.4853515625,144.61248779296875,808584,126.73026510525071,0.0,1.0,yahoo,2024-06-23 23:05:15
2015-05-25,GETI-B.ST,144.54299926757812,146.0023193359375,144.54299926757812,146.0023193359375,351803,127.94823543810486,0.0,1.0,yahoo,2024-06-23 23:05:15
2015-05-26,GETI-B.ST,145.5853729248047,146.0718231201172,142.04129028320312,142.11077880859375,1172202,124.53790780855641,0.0,1.0,yahoo,2024-06-23 23:05:15
2015-05-27,GETI-B.ST,142.45823669433594,143.22265625,141.27688598632812,142.59722900390625,891726,124.96420544822298,0.0,1.0,yahoo,2024-06-23 23:05:15
2015-05-28,GETI-B.ST,142.45823669433594,144.05654907226562,142.3887481689453,143.77857971191406,711565,125.99947488237059,0.0,1.0,yahoo,2024-06-23 23:05:15
2015-05-29,GETI-B.ST,143.77857971191406,144.54299926757812,142.80569458007812,143.22265625,881952,125.51229477239656,0.0,1.0,yahoo,2024-06-23 23:05:15
2015-06-01,GETI-B.ST,143.987060546875,144.3345184326172,141.9718017578125,142.52774047851562,953995,124.90330960596948,0.0,1.0,yahoo,2024-06-23 23:05:15
2015-06-02,GETI-B.ST,143.1531524658203,143.1531524658203,141.41586303710938,141.9718017578125,824872,124.41611612404941,0.0,1.0,yahoo,2024-06-23 23:05:15
2015-06-03,GETI-B.ST,141.9718017578125,143.1531524658203,141.90231323242188,142.45823669433594,1338076,124.84240039176994,0.0,1.0,yahoo,2024-06-23 23:05:15
2015-06-04,GETI-B.ST,142.24977111816406,143.0836639404297,140.5819549560547,142.24977111816406,1072097,124.65971286500944,0.0,1.0,yahoo,2024-06-23 23:05:15
2015-06-05,GETI-B.ST,141.76332092285156,141.76332092285156,138.49720764160156,140.79043579101562,1443646,123.38083331795575,0.0,1.0,yahoo,2024-06-23 23:05:15
2015-06-08,GETI-B.ST,140.3040008544922,141.4853515625,139.74806213378906,141.20738220214844,784830,123.7462217434228,0.0,1.0,yahoo,2024-06-23 23:05:15
2015-06-09,GETI-B.ST,140.5819549560547,141.41586303710938,140.2344970703125,141.0684051513672,958364,123.62443005891579,0.0,1.0,yahoo,2024-06-23 23:05:15
2015-06-10,GETI-B.ST,140.79043579101562,143.5701141357422,140.02603149414062,143.29214477539062,759043,125.57319061465006,0.0,1.0,yahoo,2024-06-23 23:05:15
2015-06-11,GETI-B.ST,143.0836639404297,144.68197631835938,142.8751983642578,144.05654907226562,838282,126.24307162333064,0.0,1.0,yahoo,2024-06-23 23:05:15
2015-06-12,GETI-B.ST,143.5701141357422,144.8209686279297,143.01417541503906,143.6396026611328,852923,125.87768319786359,0.0,1.0,yahoo,2024-06-23 23:05:15
2015-06-15,GETI-B.ST,142.3887481689453,142.80569458007812,140.3734893798828,141.0684051513672,1047623,123.62443005891579,0.0,1.0,yahoo,2024-06-23 23:05:15
2015-06-16,GETI-B.ST,140.2344970703125,142.3192596435547,139.8175506591797,141.8328094482422,1241825,124.29431106759637,0.0,1.0,yahoo,2024-06-23 23:05:15
2015-06-17,GETI-B.ST,141.69383239746094,142.66671752929688,140.09552001953125,140.09552001953125,560024,122.77184815152867,0.0,1.0,yahoo,2024-06-23 23:05:15
2015-06-18,GETI-B.ST,139.33111572265625,139.33111572265625,137.03787231445312,138.21923828125,1546071,121.12758017900795,0.0,1.0,yahoo,2024-06-23 23:05:15
2015-06-22,GETI-B.ST,140.3734893798828,144.26502990722656,140.3040008544922,143.6396026611328,1172050,125.87768319786359,0.0,1.0,yahoo,2024-06-23 23:05:15
2015-06-23,GETI-B.ST,144.4040069580078,145.79385375976562,143.91757202148438,144.4040069580078,788632,126.54756420654417,0.0,1.0,yahoo,2024-06-23 23:05:15
2015-06-24,GETI-B.ST,144.75146484375,144.95994567871094,141.55484008789062,141.76332092285156,646817,124.23341522534287,0.0,1.0,yahoo,2024-06-23 23:05:15
2015-06-25,GETI-B.ST,141.1378936767578,143.22265625,140.92942810058594,142.8751983642578,617455,125.20780218918301,0.0,1.0,yahoo,2024-06-23 23:05:15
2015-06-26,GETI-B.ST,141.9718017578125,142.94468688964844,140.02603149414062,142.3887481689453,718077,124.78150454951644,0.0,1.0,yahoo,2024-06-23 23:05:15
2015-06-29,GETI-B.ST,137.52432250976562,142.66671752929688,136.27346801757812,139.8870391845703,1035219,122.58914725282214,0.0,1.0,yahoo,2024-06-23 23:05:15
2015-06-30,GETI-B.ST,140.02603149414062,140.3734893798828,137.8717803955078,138.6361846923828,1434550,121.49296860447498,0.0,1.0,yahoo,2024-06-23 23:05:15
2015-07-01,GETI-B.ST,139.4700927734375,143.77857971191406,138.28872680664062,142.8751983642578,1065890,125.20780218918301,0.0,1.0,yahoo,2024-06-23 23:05:15
2015-07-02,GETI-B.ST,142.94468688964844,143.987060546875,141.6243438720703,141.9718017578125,677491,124.41611612404941,0.0,1.0,yahoo,2024-06-23 23:05:15
2015-07-03,GETI-B.ST,141.76332092285156,142.59722900390625,139.0531463623047,139.8870391845703,769103,122.58914725282214,0.0,1.0,yahoo,2024-06-23 23:05:15
2015-07-06,GETI-B.ST,137.94126892089844,138.7056884765625,137.3158416748047,137.3158416748047,775653,120.33589411387433,0.0,1.0,yahoo,2024-06-23 23:05:15
2015-07-07,GETI-B.ST,137.73280334472656,138.84466552734375,137.73280334472656,137.94126892089844,1173991,120.8839834380479,0.0,1.0,yahoo,2024-06-23 23:05:15
2015-07-08,GETI-B.ST,138.21923828125,138.84466552734375,137.03787231445312,138.01075744628906,666905,120.94487928030141,0.0,1.0,yahoo,2024-06-23 23:05:15
2015-07-09,GETI-B.ST,138.84466552734375,144.05654907226562,138.3582305908203,143.50062561035156,1472236,125.7558915133566,0.0,1.0,yahoo,2024-06-23 23:05:15
2015-07-10,GETI-B.ST,145.51588439941406,148.0870819091797,144.4735107421875,147.32266235351562,1225676,129.1053099287055,0.0,1.0,yahoo,2024-06-23 23:05:15
2015-07-13,GETI-B.ST,148.29554748535156,150.44979858398438,148.29554748535156,150.1718292236328,1290685,131.60215980861335,0.0,1.0,yahoo,2024-06-23 23:05:15
2015-07-14,GETI-B.ST,150.38031005859375,151.7701416015625,149.61590576171875,151.3531951904297,993614,132.63744261470703,0.0,1.0,yahoo,2024-06-23 23:05:15
2015-07-15,GETI-B.ST,142.45823669433594,146.28028869628906,141.0684051513672,144.95994567871094,4154821,127.03475768846425,0.0,1.0,yahoo,2024-06-23 23:05:15
2015-07-16,GETI-B.ST,144.8209686279297,145.5853729248047,143.22265625,143.77857971191406,1250518,125.99947488237059,0.0,1.0,yahoo,2024-06-23 23:05:15
2015-07-17,GETI-B.ST,143.77857971191406,145.6548614501953,142.66671752929688,145.09893798828125,953791,127.15656274491728,0.0,1.0,yahoo,2024-06-23 23:05:15
2015-07-20,GETI-B.ST,145.30740356445312,145.72434997558594,144.12603759765625,144.95994567871094,719473,127.03475768846425,0.0,1.0,yahoo,2024-06-23 23:05:15
2015-07-21,GETI-B.ST,144.95994567871094,145.44639587402344,143.91757202148438,144.26502990722656,2832272,126.42577252203718,0.0,1.0,yahoo,2024-06-23 23:05:15
2015-07-22,GETI-B.ST,143.84808349609375,144.19554138183594,142.8751983642578,143.29214477539062,686384,125.57319061465006,0.0,1.0,yahoo,2024-06-23 23:05:15
2015-07-23,GETI-B.ST,144.26502990722656,145.2379150390625,143.43112182617188,144.75146484375,759339,126.85205678975771,0.0,1.0,yahoo,2024-06-23 23:05:15
2015-07-24,GETI-B.ST,144.54299926757812,146.76673889160156,144.19554138183594,144.95994567871094,538555,127.03475768846425,0.0,1.0,yahoo,2024-06-23 23:05:15
2015-07-27,GETI-B.ST,144.54299926757812,144.8209686279297,143.01417541503906,143.22265625,638135,125.51229477239656,0.0,1.0,yahoo,2024-06-23 23:05:15
2015-07-28,GETI-B.ST,143.5701141357422,145.86334228515625,143.22265625,144.61248779296875,584706,126.73026510525071,0.0,1.0,yahoo,2024-06-23 23:05:15
2015-07-29,GETI-B.ST,145.37689208984375,146.55825805664062,144.75146484375,145.86334228515625,451988,127.82644375359786,0.0,1.0,yahoo,2024-06-23 23:05:15
2015-07-30,GETI-B.ST,146.21080017089844,146.76673889160156,143.36163330078125,145.44639587402344,423359,127.46105532813083,0.0,1.0,yahoo,2024-06-23 23:05:15
2015-07-31,GETI-B.ST,145.30740356445312,147.11419677734375,145.30740356445312,147.11419677734375,587542,128.922622401945,0.0,1.0,yahoo,2024-06-23 23:05:15
2015-08-03,GETI-B.ST,146.97520446777344,147.7396240234375,145.6548614501953,146.0023193359375,490944,127.94823543810486,0.0,1.0,yahoo,2024-06-23 23:05:15
2015-08-04,GETI-B.ST,144.61248779296875,146.8362274169922,143.6396026611328,146.3497772216797,1220042,128.2527280213184,0.0,1.0,yahoo,2024-06-23 23:05:15
2015-08-05,GETI-B.ST,146.48876953125,151.49217224121094,146.48876953125,149.47691345214844,848036,130.9931746421863,0.0,1.0,yahoo,2024-06-23 23:05:15
2015-08-06,GETI-B.ST,149.47691345214844,150.2413330078125,147.87860107421875,148.01759338378906,553459,129.71430846707864,0.0,1.0,yahoo,2024-06-23 23:05:15
2015-08-07,GETI-B.ST,148.22605895996094,149.89385986328125,147.6006317138672,147.6006317138672,569609,129.34890666966555,0.0,1.0,yahoo,2024-06-23 23:05:15
2015-08-10,GETI-B.ST,147.87860107421875,147.94808959960938,144.8209686279297,147.253173828125,857611,129.044414086452,0.0,1.0,yahoo,2024-06-23 23:05:15
2015-08-11,GETI-B.ST,147.18368530273438,147.3921661376953,144.95994567871094,145.51588439941406,769181,127.52195117038433,0.0,1.0,yahoo,2024-06-23 23:05:15
2015-08-12,GETI-B.ST,144.54299926757812,144.8209686279297,141.20738220214844,141.8328094482422,978717,124.29431106759637,0.0,1.0,yahoo,2024-06-23 23:05:15
2015-08-13,GETI-B.ST,143.29214477539062,144.19554138183594,141.4853515625,142.3887481689453,631616,124.78150454951644,0.0,1.0,yahoo,2024-06-23 23:05:15
2015-08-14,GETI-B.ST,142.3887481689453,142.59722900390625,140.5819549560547,140.85992431640625,598379,123.44172916020925,0.0,1.0,yahoo,2024-06-23 23:05:15
2015-08-17,GETI-B.ST,141.41586303710938,142.18026733398438,139.60906982421875,141.6243438720703,636903,124.11162354083586,0.0,1.0,yahoo,2024-06-23 23:05:15
2015-08-18,GETI-B.ST,141.4853515625,142.66671752929688,140.2344970703125,141.90231323242188,573719,124.35522028179591,0.0,1.0,yahoo,2024-06-23 23:05:15
2015-08-19,GETI-B.ST,141.27688598632812,141.90231323242188,139.53958129882812,139.53958129882812,633621,122.2846546696086,0.0,1.0,yahoo,2024-06-23 23:05:15
2015-08-20,GETI-B.ST,138.84466552734375,139.40060424804688,135.717529296875,135.717529296875,915196,118.93522288231364,0.0,1.0,yahoo,2024-06-23 23:05:15
2015-08-21,GETI-B.ST,133.84124755859375,135.64804077148438,132.52090454101562,132.5904083251953,1057153,116.19478963339179,0.0,1.0,yahoo,2024-06-23 23:05:15
2015-08-24,GETI-B.ST,128.8378448486328,129.74124145507812,126.4751205444336,127.86495971679688,2360844,112.05367178096323,0.0,1.0,yahoo,2024-06-23 23:05:15
2015-08-25,GETI-B.ST,129.25479125976562,131.61752319335938,127.7259750366211,131.5480194091797,1747903,115.28129851180515,0.0,1.0,yahoo,2024-06-23 23:05:15
2015-08-26,GETI-B.ST,130.2971649169922,132.38192749023438,128.21241760253906,131.68701171875,982458,115.40310356825817,0.0,1.0,yahoo,2024-06-23 23:05:15
2015-08-27,GETI-B.ST,134.39718627929688,135.23109436035156,132.52090454101562,133.84124755859375,1101874,117.29095490979292,0.0,1.0,yahoo,2024-06-23 23:05:15
2015-08-28,GETI-B.ST,134.188720703125,134.4666748046875,132.65989685058594,133.7022705078125,673802,117.16916322528591,0.0,1.0,yahoo,2024-06-23 23:05:15
2015-08-31,GETI-B.ST,132.65989685058594,133.42430114746094,130.0192108154297,130.7836151123047,841637,114.61141750312457,0.0,1.0,yahoo,2024-06-23 23:05:15
2015-09-01,GETI-B.ST,129.6022491455078,132.7988739013672,128.8378448486328,130.8531036376953,1115067,114.67231334537807,0.0,1.0,yahoo,2024-06-23 23:05:15
2015-09-02,GETI-B.ST,131.5480194091797,144.3345184326172,130.36666870117188,139.67857360839844,4740239,122.40645972606164,0.0,1.0,yahoo,2024-06-23 23:05:15
2015-09-03,GETI-B.ST,142.45823669433594,142.45823669433594,140.02603149414062,141.55484008789062,1179144,124.05071432663632,0.0,1.0,yahoo,2024-06-23 23:05:15
2015-09-04,GETI-B.ST,139.95654296875,140.02603149414062,137.38534545898438,138.3582305908203,1148903,121.24938523546098,0.0,1.0,yahoo,2024-06-23 23:05:15
2015-09-07,GETI-B.ST,139.33111572265625,139.33111572265625,137.59381103515625,139.19212341308594,670588,121.98016208639505,0.0,1.0,yahoo,2024-06-23 23:05:15
2015-09-08,GETI-B.ST,139.74806213378906,140.720947265625,136.69041442871094,136.89889526367188,1361039,119.9705056884073,0.0,1.0,yahoo,2024-06-23 23:05:15
2015-09-09,GETI-B.ST,139.33111572265625,140.5819549560547,138.3582305908203,138.7056884765625,899308,121.55387781867452,0.0,1.0,yahoo,2024-06-23 23:05:15
2015-09-10,GETI-B.ST,137.38534545898438,138.01075744628906,135.57855224609375,137.24635314941406,1314335,120.27499827162083,0.0,1.0,yahoo,2024-06-23 23:05:15
2015-09-11,GETI-B.ST,137.59381103515625,137.73280334472656,135.7870330810547,137.52432250976562,583111,120.51859501258087,0.0,1.0,yahoo,2024-06-23 23:05:15
2015-09-14,GETI-B.ST,137.59381103515625,137.8022918701172,134.0497283935547,134.32769775390625,773105,117.71725254945949,0.0,1.0,yahoo,2024-06-23 23:05:15
2015-09-15,GETI-B.ST,134.25820922851562,135.43955993652344,132.72938537597656,134.67515563964844,814838,118.02174513267302,0.0,1.0,yahoo,2024-06-23 23:05:15
2015-09-16,GETI-B.ST,135.7870330810547,136.48194885253906,134.953125,135.64804077148438,648541,118.87432704006014,0.0,1.0,yahoo,2024-06-23 23:05:15
2015-09-17,GETI-B.ST,136.2039794921875,138.14974975585938,135.3700714111328,137.52432250976562,705434,120.51859501258087,0.0,1.0,yahoo,2024-06-23 23:05:15
2015-09-18,GETI-B.ST,137.3158416748047,137.3158416748047,134.39718627929688,134.88363647460938,1044486,118.20444603137956,0.0,1.0,yahoo,2024-06-23 23:05:15
2015-09-21,GETI-B.ST,134.32769775390625,137.3158416748047,133.84124755859375,136.9683837890625,562494,120.03140153066079,0.0,1.0,yahoo,2024-06-23 23:05:15
2015-09-22,GETI-B.ST,136.75991821289062,136.75991821289062,132.52090454101562,132.65989685058594,814089,116.2556854756453,0.0,1.0,yahoo,2024-06-23 23:05:15
2015-09-23,GETI-B.ST,132.38192749023438,134.74464416503906,132.0344696044922,134.188720703125,672682,117.59546086495249,0.0,1.0,yahoo,2024-06-23 23:05:15
2015-09-24,GETI-B.ST,134.1192169189453,134.953125,127.23953247070312,128.55987548828125,1858051,112.6626569473903,0.0,1.0,yahoo,2024-06-23 23:05:15
2015-09-25,GETI-B.ST,129.94970703125,132.52090454101562,129.32427978515625,131.89547729492188,799587,115.58579109501868,0.0,1.0,yahoo,2024-06-23 23:05:15
2015-09-28,GETI-B.ST,131.61752319335938,131.96498107910156,128.62936401367188,128.6988525390625,664701,112.7844486318973,0.0,1.0,yahoo,2024-06-23 23:05:15
2015-09-29,GETI-B.ST,127.03105926513672,128.55987548828125,126.1276626586914,127.51750183105467,1113874,111.74917919774967,0.0,1.0,yahoo,2024-06-23 23:05:15
2015-09-30,GETI-B.ST,129.67173767089844,132.38192749023438,128.90733337402344,129.5327606201172,1377703,113.51523885477741,0.0,1.0,yahoo,2024-06-23 23:05:15
2015-10-01,GETI-B.ST,131.06158447265625,131.47853088378906,127.23953247070312,127.79546356201172,890346,111.99276925273671,0.0,1.0,yahoo,2024-06-23 23:05:15
2015-10-02,GETI-B.ST,129.11581420898438,129.81072998046875,126.3361358642578,127.86495971679688,808293,112.05367178096323,0.0,1.0,yahoo,2024-06-23 23:05:15
2015-10-05,GETI-B.ST,129.32427978515625,131.96498107910156,129.32427978515625,131.40904235839844,783920,115.15950682729815,0.0,1.0,yahoo,2024-06-23 23:05:15
2015-10-06,GETI-B.ST,131.3395538330078,132.31243896484375,130.71412658691406,131.2005615234375,589103,114.9768059285916,0.0,1.0,yahoo,2024-06-23 23:05:15
2015-10-07,GETI-B.ST,131.61752319335938,131.61752319335938,128.90733337402344,128.90733337402344,787347,112.96714953060383,0.0,1.0,yahoo,2024-06-23 23:05:15
2015-10-08,GETI-B.ST,129.04632568359375,132.451416015625,128.8378448486328,132.17344665527344,1533258,115.82938783597872,0.0,1.0,yahoo,2024-06-23 23:05:15
2015-10-09,GETI-B.ST,133.7022705078125,135.43955993652344,132.52090454101562,134.8141326904297,1455343,118.14353681718002,0.0,1.0,yahoo,2024-06-23 23:05:15
2015-10-12,GETI-B.ST,134.953125,137.03787231445312,134.8141326904297,136.89889526367188,1490550,119.9705056884073,0.0,1.0,yahoo,2024-06-23 23:05:15
2015-10-13,GETI-B.ST,137.03787231445312,137.52432250976562,133.42430114746094,135.50906372070312,1002998,118.75253535555314,0.0,1.0,yahoo,2024-06-23 23:05:15
2015-10-14,GETI-B.ST,132.1039581298828,134.39718627929688,130.15818786621094,132.24295043945312,3034509,115.89029705017826,0.0,1.0,yahoo,2024-06-23 23:05:15
2015-10-15,GETI-B.ST,133.07684326171875,143.70909118652344,132.72938537597656,141.27688598632812,3186679,123.80713095762233,0.0,1.0,yahoo,2024-06-23 23:05:15
2015-10-16,GETI-B.ST,143.0836639404297,146.8362274169922,141.6243438720703,145.44639587402344,1978024,127.46105532813083,0.0,1.0,yahoo,2024-06-23 23:05:15
2015-10-19,GETI-B.ST,145.72434997558594,147.32266235351562,144.75146484375,145.6548614501953,1099099,127.64374285489133,0.0,1.0,yahoo,2024-06-23 23:05:15
2015-10-20,GETI-B.ST,145.93283081054688,146.48876953125,142.45823669433594,143.84808349609375,975783,126.06038409657013,0.0,1.0,yahoo,2024-06-23 23:05:15
2015-10-21,GETI-B.ST,143.84808349609375,145.30740356445312,142.80569458007812,143.91757202148438,1659858,126.12127993882363,0.0,1.0,yahoo,2024-06-23 23:05:15
2015-10-22,GETI-B.ST,143.91757202148438,147.67013549804688,143.84808349609375,147.53114318847656,929728,129.28801082741205,0.0,1.0,yahoo,2024-06-23 23:05:15
2015-10-23,GETI-B.ST,148.43453979492188,149.54640197753906,147.53114318847656,148.990478515625,895075,130.56689037446574,0.0,1.0,yahoo,2024-06-23 23:05:15
2015-10-26,GETI-B.ST,148.9209747314453,149.19894409179688,147.11419677734375,147.6006317138672,1012333,129.34890666966555,0.0,1.0,yahoo,2024-06-23 23:05:15
2015-10-27,GETI-B.ST,147.6006317138672,147.6006317138672,145.2379150390625,146.0718231201172,1039430,128.0091446523044,0.0,1.0,yahoo,2024-06-23 23:05:15
2015-10-28,GETI-B.ST,146.69725036621094,147.6006317138672,145.79385375976562,147.6006317138672,707025,129.34890666966555,0.0,1.0,yahoo,2024-06-23 23:05:15
2015-10-29,GETI-B.ST,148.57351684570312,149.05996704101562,146.21080017089844,149.05996704101562,1035996,130.62778621671924,0.0,1.0,yahoo,2024-06-23 23:05:15
2015-10-30,GETI-B.ST,149.2684326171875,149.96336364746094,147.87860107421875,148.6430206298828,449622,130.2623977912522,0.0,1.0,yahoo,2024-06-23 23:05:15
2015-11-02,GETI-B.ST,147.46165466308594,149.3379364013672,146.76673889160156,148.8514862060547,496313,130.4450853180127,0.0,1.0,yahoo,2024-06-23 23:05:15
2015-11-03,GETI-B.ST,149.12945556640625,149.96336364746094,148.8514862060547,149.05996704101562,490926,130.62778621671924,0.0,1.0,yahoo,2024-06-23 23:05:15
2015-11-04,GETI-B.ST,149.68539428710938,150.93624877929688,149.2684326171875,149.89385986328125,722870,131.35856306765334,0.0,1.0,yahoo,2024-06-23 23:05:15
2015-11-05,GETI-B.ST,149.82437133789062,151.7701416015625,149.7548828125,150.79725646972656,663188,132.15024913278694,0.0,1.0,yahoo,2024-06-23 23:05:15
2015-11-06,GETI-B.ST,150.79725646972656,152.18710327148438,149.68539428710938,151.7701416015625,483956,133.00283104017404,0.0,1.0,yahoo,2024-06-23 23:05:15
2015-11-09,GETI-B.ST,151.8396453857422,152.39556884765625,150.1023406982422,150.1023406982422,453948,131.54126396635985,0.0,1.0,yahoo,2024-06-23 23:05:15
2015-11-10,GETI-B.ST,150.93624877929688,150.93624877929688,147.6006317138672,149.3379364013672,572647,130.8713829576793,0.0,1.0,yahoo,2024-06-23 23:05:15
2015-11-11,GETI-B.ST,149.19894409179688,150.72776794433594,148.43453979492188,149.2684326171875,568731,130.81047374347975,0.0,1.0,yahoo,2024-06-23 23:05:15
2015-11-12,GETI-B.ST,148.71250915527344,149.12945556640625,146.0718231201172,146.28028869628906,605210,128.1918321790649,0.0,1.0,yahoo,2024-06-23 23:05:15
2015-11-13,GETI-B.ST,145.5853729248047,145.86334228515625,143.43112182617188,144.95994567871094,893141,127.03475768846425,0.0,1.0,yahoo,2024-06-23 23:05:15
2015-11-16,GETI-B.ST,145.5853729248047,145.86334228515625,143.43112182617188,144.95994567871094,893141,127.03475768846425,0.0,1.0,yahoo,2024-06-23 23:05:15
2015-11-17,GETI-B.ST,147.32266235351562,149.4074249267578,147.253173828125,149.4074249267578,719572,130.9322787999328,0.0,1.0,yahoo,2024-06-23 23:05:15
2015-11-18,GETI-B.ST,148.57351684570312,150.44979858398438,148.22605895996094,150.44979858398438,598146,131.8457565495734,0.0,1.0,yahoo,2024-06-23 23:05:15
2015-11-19,GETI-B.ST,150.44979858398438,152.53456115722656,150.1718292236328,151.07522583007812,570298,132.39384587374698,0.0,1.0,yahoo,2024-06-23 23:05:15
2015-11-20,GETI-B.ST,151.0057373046875,152.74302673339844,149.61590576171875,152.74302673339844,1422493,133.85541294756118,0.0,1.0,yahoo,2024-06-23 23:05:15
2015-11-23,GETI-B.ST,151.0057373046875,152.74302673339844,149.61590576171875,152.74302673339844,198355,133.85541294756118,0.0,1.0,yahoo,2024-06-23 23:05:15
2015-11-24,GETI-B.ST,152.256591796875,152.256591796875,148.78199768066406,148.78199768066406,859672,130.3841894757592,0.0,1.0,yahoo,2024-06-23 23:05:15
2015-11-25,GETI-B.ST,148.9209747314453,151.49217224121094,148.71250915527344,151.14471435546875,652442,132.45474171600048,0.0,1.0,yahoo,2024-06-23 23:05:15
2015-11-26,GETI-B.ST,151.14471435546875,153.5074462890625,151.14471435546875,153.1599884033203,536196,134.22081474497423,0.0,1.0,yahoo,2024-06-23 23:05:15
2015-11-27,GETI-B.ST,152.18710327148438,154.20236206054688,151.9091339111328,153.02099609375,381675,134.0990096885212,0.0,1.0,yahoo,2024-06-23 23:05:15
2015-11-30,GETI-B.ST,152.18710327148438,154.20236206054688,151.9091339111328,153.02099609375,381675,134.0990096885212,0.0,1.0,yahoo,2024-06-23 23:05:15
2015-12-01,GETI-B.ST,154.20236206054688,156.287109375,153.8549041748047,154.82778930664062,591878,135.68238181878843,0.0,1.0,yahoo,2024-06-23 23:05:15
2015-12-02,GETI-B.ST,154.96676635742188,156.21762084960938,154.06336975097656,154.96676635742188,688483,135.80417350329543,0.0,1.0,yahoo,2024-06-23 23:05:15
2015-12-03,GETI-B.ST,154.89727783203125,157.46847534179688,153.4379425048828,153.4379425048828,1330568,134.46439811398824,0.0,1.0,yahoo,2024-06-23 23:05:15
2015-12-04,GETI-B.ST,152.53456115722656,152.53456115722656,149.7548828125,151.3531951904297,794905,132.63744261470703,0.0,1.0,yahoo,2024-06-23 23:05:15
2015-12-07,GETI-B.ST,152.53456115722656,152.53456115722656,149.7548828125,151.3531951904297,794905,132.63744261470703,0.0,1.0,yahoo,2024-06-23 23:05:15
2015-12-08,GETI-B.ST,152.1175994873047,152.39556884765625,148.43453979492188,149.82437133789062,787144,131.29766722539983,0.0,1.0,yahoo,2024-06-23 23:05:15
2015-12-09,GETI-B.ST,150.1023406982422,151.56167602539062,148.9209747314453,149.82437133789062,969233,131.29766722539983,0.0,1.0,yahoo,2024-06-23 23:05:15
2015-12-10,GETI-B.ST,148.9209747314453,149.68539428710938,147.253173828125,148.01759338378906,567265,129.71430846707864,0.0,1.0,yahoo,2024-06-23 23:05:15
2015-12-11,GETI-B.ST,147.6006317138672,148.22605895996094,145.30740356445312,145.93283081054688,892309,127.88733959585136,0.0,1.0,yahoo,2024-06-23 23:05:15
2015-12-14,GETI-B.ST,147.6006317138672,148.22605895996094,145.30740356445312,145.93283081054688,892309,127.88733959585136,0.0,1.0,yahoo,2024-06-23 23:05:15
2015-12-15,GETI-B.ST,148.29554748535156,149.4074249267578,147.67013549804688,149.3379364013672,919601,130.8713829576793,0.0,1.0,yahoo,2024-06-23 23:05:15
2015-12-16,GETI-B.ST,149.54640197753906,151.14471435546875,148.8514862060547,149.19894409179688,767075,130.74957790122625,0.0,1.0,yahoo,2024-06-23 23:05:15
2015-12-17,GETI-B.ST,149.54640197753906,151.14471435546875,148.8514862060547,149.19894409179688,767075,130.74957790122625,0.0,1.0,yahoo,2024-06-23 23:05:15
2015-12-18,GETI-B.ST,147.67013549804688,149.3379364013672,147.04470825195312,149.3379364013672,985075,130.8713829576793,0.0,1.0,yahoo,2024-06-23 23:05:15
2015-12-21,GETI-B.ST,147.67013549804688,149.3379364013672,147.04470825195312,149.3379364013672,79433,130.8713829576793,0.0,1.0,yahoo,2024-06-23 23:05:15
2015-12-22,GETI-B.ST,149.3379364013672,150.1718292236328,148.22605895996094,148.29554748535156,698679,129.95789183609264,0.0,1.0,yahoo,2024-06-23 23:05:15
2015-12-23,GETI-B.ST,149.89385986328125,152.6040496826172,149.12945556640625,152.6040496826172,452912,133.73362126305418,0.0,1.0,yahoo,2024-06-23 23:05:15
2015-12-28,GETI-B.ST,149.89385986328125,152.6040496826172,149.12945556640625,152.6040496826172,452912,133.73362126305418,0.0,1.0,yahoo,2024-06-23 23:05:15
2015-12-29,GETI-B.ST,152.6735382080078,154.13287353515625,152.39556884765625,154.13287353515625,560028,135.07339665236137,0.0,1.0,yahoo,2024-06-23 23:05:15
2015-12-30,GETI-B.ST,154.41082763671875,154.89727783203125,153.22947692871094,154.6193084716797,560461,135.4996809200819,0.0,1.0,yahoo,2024-06-23 23:05:15
2016-01-04,GETI-B.ST,151.97862243652344,151.97862243652344,146.8362274169922,146.97520446777344,1235939,128.800817345492,0.0,1.0,yahoo,2024-06-23 23:05:15
2016-01-05,GETI-B.ST,148.9209747314453,149.19894409179688,146.76673889160156,147.53114318847656,346485,129.28801082741205,0.0,1.0,yahoo,2024-06-23 23:05:15
2016-01-07,GETI-B.ST,143.43112182617188,143.84808349609375,138.08026123046875,143.01417541503906,1757531,125.32959387369002,0.0,1.0,yahoo,2024-06-23 23:05:15
2016-01-08,GETI-B.ST,143.43112182617188,143.84808349609375,138.08026123046875,143.01417541503906,1757531,125.32959387369002,0.0,1.0,yahoo,2024-06-23 23:05:15
2016-01-11,GETI-B.ST,141.55484008789062,142.66671752929688,140.51246643066406,140.99891662597656,680123,123.56353421666229,0.0,1.0,yahoo,2024-06-23 23:05:15
2016-01-12,GETI-B.ST,140.79043579101562,142.94468688964844,140.2344970703125,142.11077880859375,599765,124.53790780855641,0.0,1.0,yahoo,2024-06-23 23:05:15
2016-01-13,GETI-B.ST,143.22265625,144.19554138183594,141.69383239746094,142.04129028320312,592025,124.47701196630291,0.0,1.0,yahoo,2024-06-23 23:05:15
2016-01-14,GETI-B.ST,141.0684051513672,141.1378936767578,137.8022918701172,138.5666961669922,908387,121.43207276222148,0.0,1.0,yahoo,2024-06-23 23:05:15
2016-01-15,GETI-B.ST,138.7056884765625,139.60906982421875,133.21583557128906,133.63278198242188,1539608,117.10826738303241,0.0,1.0,yahoo,2024-06-23 23:05:15
2016-01-18,GETI-B.ST,133.3548126220703,135.50906372070312,133.3548126220703,133.7022705078125,697985,117.16916322528591,0.0,1.0,yahoo,2024-06-23 23:05:15
2016-01-19,GETI-B.ST,135.3700714111328,136.69041442871094,135.23109436035156,136.0649871826172,665253,119.23971546552718,0.0,1.0,yahoo,2024-06-23 23:05:15
2016-01-20,GETI-B.ST,133.77175903320312,134.6056671142578,131.3395538330078,131.82598876953125,794897,115.52489525276518,0.0,1.0,yahoo,2024-06-23 23:05:15
2016-01-21,GETI-B.ST,132.8683624267578,133.21583557128906,130.36666870117188,132.31243896484375,1456204,115.95119289243176,0.0,1.0,yahoo,2024-06-23 23:05:15
2016-01-22,GETI-B.ST,134.4666748046875,135.64804077148438,133.14633178710938,135.23109436035156,1140285,118.5089386145931,0.0,1.0,yahoo,2024-06-23 23:05:15
2016-01-25,GETI-B.ST,135.717529296875,137.8717803955078,135.717529296875,137.1073760986328,1154443,120.15320658711383,0.0,1.0,yahoo,2024-06-23 23:05:15
2016-01-26,GETI-B.ST,135.57855224609375,138.983642578125,135.02261352539062,138.77517700195312,923002,121.61477366092802,0.0,1.0,yahoo,2024-06-23 23:05:15
2016-01-27,GETI-B.ST,137.8717803955078,139.74806213378906,137.52432250976562,138.28872680664062,1645923,121.18847602126145,0.0,1.0,yahoo,2024-06-23 23:05:15
2016-01-28,GETI-B.ST,138.42771911621094,140.02603149414062,127.51750183105467,128.3513946533203,3241473,112.47995604868376,0.0,1.0,yahoo,2024-06-23 23:05:15
2016-01-29,GETI-B.ST,131.61752319335938,133.07684326171875,125.71070861816406,130.71412658691406,2879007,114.55052166087107,0.0,1.0,yahoo,2024-06-23 23:05:15
2016-02-01,GETI-B.ST,131.75650024414062,133.98023986816406,130.99209594726562,132.9378662109375,1052490,116.49928221660534,0.0,1.0,yahoo,2024-06-23 23:05:15
2016-02-02,GETI-B.ST,132.451416015625,133.42430114746094,130.22767639160156,130.57513427734375,966923,114.42871660441803,0.0,1.0,yahoo,2024-06-23 23:05:15
2016-02-03,GETI-B.ST,130.4361572265625,133.49378967285156,129.32427978515625,130.57513427734375,1038335,114.42871660441803,0.0,1.0,yahoo,2024-06-23 23:05:15
2016-02-04,GETI-B.ST,132.5904083251953,133.07684326171875,127.51750183105467,129.5327606201172,1116729,113.51523885477741,0.0,1.0,yahoo,2024-06-23 23:05:15
2016-02-05,GETI-B.ST,129.32427978515625,130.22767639160156,127.30902099609376,127.30902099609376,1070635,111.56647829904315,0.0,1.0,yahoo,2024-06-23 23:05:15
2016-02-08,GETI-B.ST,127.17003631591795,127.79546356201172,121.68018341064452,121.74967956542967,1325553,106.69458359568048,0.0,1.0,yahoo,2024-06-23 23:05:15
2016-02-09,GETI-B.ST,122.44459533691406,124.11239624023438,121.12425231933594,123.7649383544922,1152561,108.46064325270824,0.0,1.0,yahoo,2024-06-23 23:05:15
2016-02-10,GETI-B.ST,124.39036560058594,127.30902099609376,123.00052642822266,126.40563201904295,985517,110.77479891988254,0.0,1.0,yahoo,2024-06-23 23:05:15
2016-02-11,GETI-B.ST,125.5717315673828,126.40563201904295,123.69544982910156,123.69544982910156,1280844,108.39974741045472,0.0,1.0,yahoo,2024-06-23 23:05:15
2016-02-12,GETI-B.ST,124.39036560058594,124.59883880615234,122.65306854248048,124.59883880615234,725144,109.19142678961532,0.0,1.0,yahoo,2024-06-23 23:05:15
2016-02-15,GETI-B.ST,127.58699035644533,127.79546356201172,126.19715118408205,127.79546356201172,668878,111.99276925273671,0.0,1.0,yahoo,2024-06-23 23:05:15
2016-02-16,GETI-B.ST,128.4208984375,128.62936401367188,124.80731964111328,125.84969329833984,796872,110.28760543796247,0.0,1.0,yahoo,2024-06-23 23:05:15
2016-02-17,GETI-B.ST,126.54461669921876,129.46327209472656,126.19715118408205,129.46327209472656,687167,113.4543430125239,0.0,1.0,yahoo,2024-06-23 23:05:15
2016-02-18,GETI-B.ST,129.88021850585938,130.0886993408203,127.79546356201172,128.7683563232422,864495,112.84535784609683,0.0,1.0,yahoo,2024-06-23 23:05:15
2016-02-19,GETI-B.ST,128.49038696289062,129.25479125976562,128.21241760253906,128.62936401367188,1113241,112.7235527896438,0.0,1.0,yahoo,2024-06-23 23:05:15
2016-02-22,GETI-B.ST,129.74124145507812,129.74124145507812,128.3513946533203,129.67173767089844,1121447,113.63703053928441,0.0,1.0,yahoo,2024-06-23 23:05:15
2016-02-23,GETI-B.ST,129.11581420898438,131.13107299804688,128.7683563232422,130.0192108154297,824236,113.941536494444,0.0,1.0,yahoo,2024-06-23 23:05:15
2016-02-24,GETI-B.ST,130.36666870117188,130.8531036376953,126.75308990478516,126.96156311035156,897058,111.26198571582961,0.0,1.0,yahoo,2024-06-23 23:05:15
2016-02-25,GETI-B.ST,128.4208984375,131.5480194091797,127.23953247070312,131.5480194091797,754287,115.28129851180515,0.0,1.0,yahoo,2024-06-23 23:05:15
2016-02-26,GETI-B.ST,133.2853240966797,133.42430114746094,131.13107299804688,131.75650024414062,484976,115.46399941051168,0.0,1.0,yahoo,2024-06-23 23:05:15
2016-02-29,GETI-B.ST,130.64463806152344,132.52090454101562,129.39378356933594,132.52090454101562,678286,116.13388041919225,0.0,1.0,yahoo,2024-06-23 23:05:15
2016-03-01,GETI-B.ST,132.24295043945312,134.188720703125,131.2005615234375,134.188720703125,616259,117.59546086495249,0.0,1.0,yahoo,2024-06-23 23:05:15
2016-03-02,GETI-B.ST,134.74464416503906,134.8141326904297,131.13107299804688,132.0344696044922,880651,115.70759615147172,0.0,1.0,yahoo,2024-06-23 23:05:15
2016-03-03,GETI-B.ST,131.96498107910156,132.451416015625,128.2819061279297,128.6988525390625,841768,112.7844486318973,0.0,1.0,yahoo,2024-06-23 23:05:15
2016-03-04,GETI-B.ST,128.90733337402344,130.8531036376953,128.8378448486328,130.64463806152344,638793,114.48962581861757,0.0,1.0,yahoo,2024-06-23 23:05:15
2016-03-07,GETI-B.ST,130.4361572265625,130.8531036376953,129.81072998046875,130.4361572265625,494800,114.30692491991103,0.0,1.0,yahoo,2024-06-23 23:05:15
2016-03-08,GETI-B.ST,129.32427978515625,130.92259216308594,129.04632568359375,130.0192108154297,665017,113.941536494444,0.0,1.0,yahoo,2024-06-23 23:05:15
2016-03-09,GETI-B.ST,129.6022491455078,130.36666870117188,128.6988525390625,129.5327606201172,602581,113.51523885477741,0.0,1.0,yahoo,2024-06-23 23:05:15
2016-03-10,GETI-B.ST,129.11581420898438,131.47853088378906,127.3785171508789,127.51750183105467,717288,111.74917919774967,0.0,1.0,yahoo,2024-06-23 23:05:15
2016-03-11,GETI-B.ST,128.8378448486328,129.74124145507812,128.0734405517578,129.5327606201172,373894,113.51523885477741,0.0,1.0,yahoo,2024-06-23 23:05:15
2016-03-14,GETI-B.ST,130.22767639160156,131.61752319335938,130.0886993408203,131.5480194091797,650696,115.28129851180515,0.0,1.0,yahoo,2024-06-23 23:05:15
2016-03-15,GETI-B.ST,131.27005004882812,131.75650024414062,130.2971649169922,131.13107299804688,573343,114.9159100863381,0.0,1.0,yahoo,2024-06-23 23:05:15
2016-03-16,GETI-B.ST,130.7836151123047,131.27005004882812,129.185302734375,129.39378356933594,896506,113.39344717027042,0.0,1.0,yahoo,2024-06-23 23:05:15
2016-03-17,GETI-B.ST,131.3395538330078,131.47853088378906,126.40563201904295,126.89207458496094,849518,111.20108987357611,0.0,1.0,yahoo,2024-06-23 23:05:15
2016-03-18,GETI-B.ST,127.17003631591795,128.90733337402344,126.68359375,128.62936401367188,989169,112.7235527896438,0.0,1.0,yahoo,2024-06-23 23:05:15
2016-03-21,GETI-B.ST,128.90733337402344,132.1039581298828,128.3513946533203,129.5327606201172,1725674,113.51523885477741,0.0,1.0,yahoo,2024-06-23 23:05:15
2016-03-22,GETI-B.ST,129.5327606201172,130.8531036376953,127.44800567626952,130.4361572265625,2210248,114.30692491991103,0.0,1.0,yahoo,2024-06-23 23:05:15
2016-03-23,GETI-B.ST,131.68701171875,132.5904083251953,130.0886993408203,130.8531036376953,724951,114.67231334537807,0.0,1.0,yahoo,2024-06-23 23:05:15
2016-03-24,GETI-B.ST,129.94970703125,130.36666870117188,128.6988525390625,128.8378448486328,293293,112.90625368835033,0.0,1.0,yahoo,2024-06-23 23:05:15
2016-03-29,GETI-B.ST,128.97682189941406,131.27005004882812,128.97682189941406,130.99209594726562,495459,114.7941184018311,0.0,1.0,yahoo,2024-06-23 23:05:15
2016-03-30,GETI-B.ST,132.31243896484375,132.7988739013672,131.75650024414062,132.65989685058594,882698,116.2556854756453,0.0,1.0,yahoo,2024-06-23 23:05:15
2016-03-31,GETI-B.ST,130.57513427734375,130.57513427734375,129.25479125976562,130.0192108154297,875482,116.25497192297794,2.639888,1.0,yahoo,2024-06-23 23:05:15
2016-04-01,GETI-B.ST,128.90733337402344,128.97682189941406,126.54461669921876,128.62936401367188,678885,115.01225863543951,0.0,1.0,yahoo,2024-06-23 23:05:15
2016-04-04,GETI-B.ST,128.4208984375,130.4361572265625,128.2819061279297,129.11581420898438,584055,115.44721169693949,0.0,1.0,yahoo,2024-06-23 23:05:15
2016-04-05,GETI-B.ST,127.7259750366211,127.86495971679688,125.84969329833984,127.10054779052734,587453,113.64528766259333,0.0,1.0,yahoo,2024-06-23 23:05:15
2016-04-06,GETI-B.ST,126.75308990478516,129.11581420898438,126.2666473388672,129.04632568359375,606705,115.38507944342409,0.0,1.0,yahoo,2024-06-23 23:05:15
2016-04-07,GETI-B.ST,129.39378356933594,130.15818786621094,127.86495971679688,127.86495971679688,390726,114.32877655987794,0.0,1.0,yahoo,2024-06-23 23:05:15
2016-04-08,GETI-B.ST,128.62936401367188,131.61752319335938,128.62936401367188,131.5480194091797,641622,117.62193607410107,0.0,1.0,yahoo,2024-06-23 23:05:15
2016-04-11,GETI-B.ST,131.2005615234375,132.65989685058594,129.81072998046875,131.3395538330078,684349,117.43553931355488,0.0,1.0,yahoo,2024-06-23 23:05:15
2016-04-12,GETI-B.ST,131.3395538330078,131.75650024414062,129.74124145507812,131.06158447265625,565437,117.1869966560472,0.0,1.0,yahoo,2024-06-23 23:05:15
2016-04-13,GETI-B.ST,132.24295043945312,133.49378967285156,131.89547729492188,133.49378967285156,576043,119.36172103320878,0.0,1.0,yahoo,2024-06-23 23:05:15
2016-04-14,GETI-B.ST,134.1192169189453,134.88363647460938,133.49378967285156,133.77175903320312,769699,119.61026369071648,0.0,1.0,yahoo,2024-06-23 23:05:15
2016-04-15,GETI-B.ST,133.7022705078125,134.32769775390625,132.1039581298828,132.24295043945312,696656,118.24329953959334,0.0,1.0,yahoo,2024-06-23 23:05:15
2016-04-18,GETI-B.ST,130.92259216308594,133.14633178710938,130.71412658691406,132.65989685058594,577785,118.61610670413182,0.0,1.0,yahoo,2024-06-23 23:05:15
2016-04-19,GETI-B.ST,133.00735473632812,137.454833984375,131.5480194091797,137.03787231445312,1144223,122.53061604040113,0.0,1.0,yahoo,2024-06-23 23:05:15
2016-04-20,GETI-B.ST,136.13449096679688,136.27346801757812,133.56329345703125,134.67515563964844,641391,120.41802391675493,0.0,1.0,yahoo,2024-06-23 23:05:15
2016-04-21,GETI-B.ST,134.4666748046875,135.7870330810547,133.14633178710938,133.63278198242188,774257,119.48599918368568,0.0,1.0,yahoo,2024-06-23 23:05:15
2016-04-22,GETI-B.ST,132.72938537597656,136.89889526367188,121.4022216796875,122.58358001708984,4086969,109.60650017584713,0.0,1.0,yahoo,2024-06-23 23:05:15
2016-04-25,GETI-B.ST,123.69544982910156,123.97341918945312,119.1089859008789,121.4022216796875,2836493,108.55020411402404,0.0,1.0,yahoo,2024-06-23 23:05:15
2016-04-26,GETI-B.ST,120.915771484375,121.19374084472656,118.97000122070312,120.4988250732422,1436881,107.74244388798559,0.0,1.0,yahoo,2024-06-23 23:05:15
2016-04-27,GETI-B.ST,120.22085571289062,120.915771484375,118.83102416992188,119.66492462158205,1199804,106.99682273718558,0.0,1.0,yahoo,2024-06-23 23:05:15
2016-04-28,GETI-B.ST,119.03949737548828,120.63780975341795,117.16321563720705,120.5683135986328,1188428,107.80457614150096,0.0,1.0,yahoo,2024-06-23 23:05:15
2016-04-29,GETI-B.ST,120.01238250732422,120.01238250732422,117.71915435791016,117.9971160888672,1104505,105.50557361386251,0.0,1.0,yahoo,2024-06-23 23:05:15
2016-05-02,GETI-B.ST,117.9971160888672,118.48355865478516,116.53778839111328,116.60728454589844,1039827,104.26287396977015,0.0,1.0,yahoo,2024-06-23 23:05:15
2016-05-03,GETI-B.ST,116.1903305053711,116.1903305053711,114.383544921875,115.77337646484376,1131220,103.51724599724712,0.0,1.0,yahoo,2024-06-23 23:05:15
2016-05-04,GETI-B.ST,115.14795684814452,115.6343994140625,114.45303344726562,115.00897216796876,418611,102.83376392168555,0.0,1.0,yahoo,2024-06-23 23:05:15
2016-05-06,GETI-B.ST,114.383544921875,116.67677307128906,114.10557556152344,115.49541473388672,1849878,103.26871016146247,0.0,1.0,yahoo,2024-06-23 23:05:15
2016-05-09,GETI-B.ST,116.25982666015624,121.9581527709961,115.49541473388672,120.63780975341795,1459732,107.86671521673941,0.0,1.0,yahoo,2024-06-23 23:05:15
2016-05-10,GETI-B.ST,121.26323699951172,122.09713745117188,118.3445816040039,118.41407012939452,930120,105.87838760012401,0.0,1.0,yahoo,2024-06-23 23:05:15
2016-05-11,GETI-B.ST,118.83102416992188,119.4564437866211,116.88524627685548,117.37168884277344,674256,104.94635604533173,0.0,1.0,yahoo,2024-06-23 23:05:15
2016-05-12,GETI-B.ST,117.2327117919922,118.48355865478516,116.32931518554688,116.53778839111328,786532,104.2007348945317,0.0,1.0,yahoo,2024-06-23 23:05:15
2016-05-13,GETI-B.ST,116.1903305053711,118.97000122070312,115.91236114501952,118.06661224365234,599387,105.56771268910094,0.0,1.0,yahoo,2024-06-23 23:05:15
2016-05-16,GETI-B.ST,117.58016967773438,118.27508544921876,116.81575775146484,117.9971160888672,685533,105.50557361386251,0.0,1.0,yahoo,2024-06-23 23:05:15
2016-05-17,GETI-B.ST,118.13610076904295,120.1513671875,117.9971160888672,118.41407012939452,643888,105.87838760012401,0.0,1.0,yahoo,2024-06-23 23:05:15
2016-05-18,GETI-B.ST,117.51067352294922,118.97000122070312,117.4411849975586,118.97000122070312,674208,106.37546609341635,0.0,1.0,yahoo,2024-06-23 23:05:15
2016-05-19,GETI-B.ST,118.48355865478516,118.48355865478516,117.16321563720705,117.2327117919922,641769,104.82209153830094,0.0,1.0,yahoo,2024-06-23 23:05:15
2016-05-20,GETI-B.ST,118.3445816040039,119.66492462158205,118.13610076904295,119.52593994140624,628760,106.87255140843172,0.0,1.0,yahoo,2024-06-23 23:05:15
2016-05-23,GETI-B.ST,119.66492462158205,121.33272552490234,119.17848205566406,120.5683135986328,809387,107.80457614150096,0.0,1.0,yahoo,2024-06-23 23:05:15
2016-05-24,GETI-B.ST,120.01238250732422,122.8615493774414,119.73441314697266,122.58358001708984,796060,109.60650017584713,0.0,1.0,yahoo,2024-06-23 23:05:15
2016-05-25,GETI-B.ST,122.30561065673828,123.2090072631836,121.47171020507812,121.68018341064452,800404,108.79873994980866,0.0,1.0,yahoo,2024-06-23 23:05:15
2016-05-26,GETI-B.ST,120.915771484375,122.58358001708984,120.7072982788086,122.44459533691406,591522,109.4822288470933,0.0,1.0,yahoo,2024-06-23 23:05:15
2016-05-27,GETI-B.ST,122.30561065673828,122.58358001708984,120.77679443359376,120.915771484375,821217,108.11525105252406,0.0,1.0,yahoo,2024-06-23 23:05:15
2016-05-30,GETI-B.ST,120.915771484375,123.13951110839844,120.77679443359376,122.8615493774414,542830,109.85504283335482,0.0,1.0,yahoo,2024-06-23 23:05:15
2016-05-31,GETI-B.ST,123.00052642822266,124.59883880615234,122.51408386230467,123.69544982910156,1027359,110.60066398415483,0.0,1.0,yahoo,2024-06-23 23:05:15
2016-06-01,GETI-B.ST,123.41748046875,123.7649383544922,121.33272552490234,121.9581527709961,623951,109.04728260731636,0.0,1.0,yahoo,2024-06-23 23:05:15
2016-06-02,GETI-B.ST,121.74967956542967,122.1666259765625,120.29035186767578,121.12425231933594,714531,108.30166145651636,0.0,1.0,yahoo,2024-06-23 23:05:15
2016-06-03,GETI-B.ST,121.81916809082033,121.88866424560548,119.8039093017578,120.77679443359376,916575,107.99098654549329,0.0,1.0,yahoo,2024-06-23 23:05:15
2016-06-07,GETI-B.ST,121.68018341064452,122.72256469726562,121.26323699951172,122.65306854248048,848587,109.66863242936255,0.0,1.0,yahoo,2024-06-23 23:05:15
2016-06-08,GETI-B.ST,121.9581527709961,122.51408386230467,120.01238250732422,120.22085571289062,842208,107.49390123047789,0.0,1.0,yahoo,2024-06-23 23:05:15
2016-06-09,GETI-B.ST,120.3598403930664,120.5683135986328,118.62254333496094,119.4564437866211,788489,106.81041233319328,0.0,1.0,yahoo,2024-06-23 23:05:15
2016-06-10,GETI-B.ST,119.59542846679688,119.87339782714844,116.32931518554688,116.46829986572266,807781,104.13860264101632,0.0,1.0,yahoo,2024-06-23 23:05:15
2016-06-13,GETI-B.ST,115.35643005371094,116.74626922607422,115.14795684814452,116.12084197998048,704838,103.82792772999325,0.0,1.0,yahoo,2024-06-23 23:05:15
2016-06-14,GETI-B.ST,115.35643005371094,116.1903305053711,113.89710235595705,115.6343994140625,1283329,103.3929814902163,0.0,1.0,yahoo,2024-06-23 23:05:15
2016-06-15,GETI-B.ST,115.70388793945312,116.88524627685548,114.9394760131836,115.91236114501952,867454,103.64151732600092,0.0,1.0,yahoo,2024-06-23 23:05:15
2016-06-16,GETI-B.ST,114.7310028076172,115.35643005371094,113.82760620117188,114.86998748779295,940860,102.70949259293168,0.0,1.0,yahoo,2024-06-23 23:05:15
2016-06-17,GETI-B.ST,115.91236114501952,116.60728454589844,115.21744537353516,115.77337646484376,935004,103.51724599724712,0.0,1.0,yahoo,2024-06-23 23:05:15
2016-06-20,GETI-B.ST,117.8581314086914,118.62254333496094,116.3988037109375,118.20559692382812,767129,105.69198401785478,0.0,1.0,yahoo,2024-06-23 23:05:15
2016-06-21,GETI-B.ST,118.27508544921876,118.48355865478516,117.649658203125,118.3445816040039,964510,105.81625534660863,0.0,1.0,yahoo,2024-06-23 23:05:15
2016-06-22,GETI-B.ST,118.62254333496094,118.83102416992188,117.02423095703124,118.48355865478516,689361,105.94051985363943,0.0,1.0,yahoo,2024-06-23 23:05:15
2016-06-23,GETI-B.ST,118.13610076904295,121.05475616455078,117.71915435791016,120.77679443359376,927100,107.99098654549329,0.0,1.0,yahoo,2024-06-23 23:05:15
2016-06-27,GETI-B.ST,116.05134582519533,117.37168884277344,110.0750503540039,110.90895080566406,1988736,99.16778359947781,0.0,1.0,yahoo,2024-06-23 23:05:15
2016-06-28,GETI-B.ST,113.96659088134766,116.3988037109375,113.27167510986328,115.49541473388672,971440,103.26871016146247,0.0,1.0,yahoo,2024-06-23 23:05:15
2016-06-29,GETI-B.ST,116.53778839111328,117.37168884277344,113.48014831542967,116.67677307128906,1450718,104.32500622328556,0.0,1.0,yahoo,2024-06-23 23:05:15
2016-06-30,GETI-B.ST,116.25982666015624,120.22085571289062,115.77337646484376,120.01238250732422,1567256,107.30749764820865,0.0,1.0,yahoo,2024-06-23 23:05:15
2016-07-01,GETI-B.ST,120.22085571289062,122.51408386230467,119.24797058105467,122.1666259765625,1059113,109.23368618958561,0.0,1.0,yahoo,2024-06-23 23:05:15
2016-07-04,GETI-B.ST,122.30561065673828,122.65306854248048,120.7072982788086,120.915771484375,473757,108.11525105252406,0.0,1.0,yahoo,2024-06-23 23:05:15
2016-07-05,GETI-B.ST,120.29035186767578,120.84628295898438,120.01238250732422,120.3598403930664,604053,107.61817255923174,0.0,1.0,yahoo,2024-06-23 23:05:15
2016-07-06,GETI-B.ST,119.8039093017578,121.26323699951172,117.92762756347656,119.17848205566406,1140539,106.56187649740863,0.0,1.0,yahoo,2024-06-23 23:05:15
2016-07-07,GETI-B.ST,119.52593994140624,120.5683135986328,119.24797058105467,119.73441314697266,1151204,107.05895499070097,0.0,1.0,yahoo,2024-06-23 23:05:15
2016-07-08,GETI-B.ST,119.59542846679688,121.81916809082033,119.17848205566406,120.98526763916016,1003923,108.17739012776251,0.0,1.0,yahoo,2024-06-23 23:05:15
2016-07-11,GETI-B.ST,121.6106948852539,124.73782348632812,121.6106948852539,123.83443450927734,751059,110.72493531290867,0.0,1.0,yahoo,2024-06-23 23:05:15
2016-07-12,GETI-B.ST,123.83443450927734,125.01579284667967,123.6259536743164,123.90392303466795,689433,110.78706756642406,0.0,1.0,yahoo,2024-06-23 23:05:15
2016-07-13,GETI-B.ST,123.55646514892578,124.80731964111328,122.8615493774414,123.83443450927734,511429,110.72493531290867,0.0,1.0,yahoo,2024-06-23 23:05:15
2016-07-14,GETI-B.ST,117.51067352294922,121.54119873046876,115.8428726196289,120.3598403930664,2614746,107.61817255923174,0.0,1.0,yahoo,2024-06-23 23:05:15
2016-07-15,GETI-B.ST,120.63780975341795,121.4022216796875,119.73441314697266,120.22085571289062,1108864,107.49390123047789,0.0,1.0,yahoo,2024-06-23 23:05:15
2016-07-18,GETI-B.ST,120.22085571289062,121.47171020507812,119.59542846679688,121.12425231933594,733479,108.30166145651636,0.0,1.0,yahoo,2024-06-23 23:05:15
2016-07-19,GETI-B.ST,120.915771484375,121.4022216796875,119.94288635253906,120.08187103271484,635952,107.36962990172405,0.0,1.0,yahoo,2024-06-23 23:05:15
2016-07-20,GETI-B.ST,120.63780975341795,121.74967956542967,120.22085571289062,121.26323699951172,799380,108.42593278527019,0.0,1.0,yahoo,2024-06-23 23:05:15
2016-07-21,GETI-B.ST,121.47171020507812,121.54119873046876,119.94288635253906,120.7072982788086,670199,107.92884747025482,0.0,1.0,yahoo,2024-06-23 23:05:15
2016-07-22,GETI-B.ST,120.1513671875,120.63780975341795,119.66492462158205,120.22085571289062,621609,107.49390123047789,0.0,1.0,yahoo,2024-06-23 23:05:15
2016-07-25,GETI-B.ST,120.63780975341795,121.81916809082033,120.5683135986328,121.19374084472656,723610,108.36379371003174,0.0,1.0,yahoo,2024-06-23 23:05:15
2016-07-26,GETI-B.ST,121.12425231933594,121.81916809082033,120.5683135986328,120.915771484375,418505,108.11525105252406,0.0,1.0,yahoo,2024-06-23 23:05:15
2016-07-27,GETI-B.ST,121.4022216796875,121.74967956542967,120.77679443359376,120.98526763916016,395761,108.17739012776251,0.0,1.0,yahoo,2024-06-23 23:05:15
2016-07-28,GETI-B.ST,121.12425231933594,121.54119873046876,120.5683135986328,120.5683135986328,480011,107.80457614150096,0.0,1.0,yahoo,2024-06-23 23:05:15
2016-07-29,GETI-B.ST,120.915771484375,121.05475616455078,120.1513671875,120.5683135986328,690337,107.80457614150096,0.0,1.0,yahoo,2024-06-23 23:05:15
2016-08-01,GETI-B.ST,121.19374084472656,121.54119873046876,119.73441314697266,120.84628295898438,512879,108.05311879900866,0.0,1.0,yahoo,2024-06-23 23:05:15
2016-08-02,GETI-B.ST,120.77679443359376,121.26323699951172,119.94288635253906,120.01238250732422,543711,107.30749764820865,0.0,1.0,yahoo,2024-06-23 23:05:15
2016-08-03,GETI-B.ST,120.01238250732422,120.29035186767578,119.24797058105467,119.52593994140624,399272,106.87255140843172,0.0,1.0,yahoo,2024-06-23 23:05:15
2016-08-04,GETI-B.ST,119.73441314697266,121.05475616455078,119.66492462158205,121.05475616455078,590623,108.23952238127791,0.0,1.0,yahoo,2024-06-23 23:05:15
2016-08-05,GETI-B.ST,121.05475616455078,122.72256469726562,120.915771484375,122.37510681152344,470701,109.4200965935779,0.0,1.0,yahoo,2024-06-23 23:05:15
2016-08-08,GETI-B.ST,122.37510681152344,123.2090072631836,122.23612213134766,122.65306854248048,476353,109.66863242936255,0.0,1.0,yahoo,2024-06-23 23:05:15
2016-08-09,GETI-B.ST,122.65306854248048,124.94630432128906,122.37510681152344,124.8768081665039,454028,111.65696004597793,0.0,1.0,yahoo,2024-06-23 23:05:15
2016-08-10,GETI-B.ST,124.8768081665039,124.8768081665039,122.8615493774414,123.27849578857422,619998,110.2278499978933,0.0,1.0,yahoo,2024-06-23 23:05:15
2016-08-11,GETI-B.ST,123.69544982910156,124.59883880615234,123.0700225830078,124.18189239501952,515470,111.03561022393176,0.0,1.0,yahoo,2024-06-23 23:05:15
2016-08-12,GETI-B.ST,124.52935028076172,124.6683349609375,123.13951110839844,123.69544982910156,441013,110.60066398415483,0.0,1.0,yahoo,2024-06-23 23:05:15
2016-08-15,GETI-B.ST,124.11239624023438,125.01579284667967,123.34799194335938,124.73782348632812,540452,111.53268871722409,0.0,1.0,yahoo,2024-06-23 23:05:15
2016-08-16,GETI-B.ST,124.04290771484376,124.04290771484376,122.44459533691406,122.65306854248048,541624,109.66863242936255,0.0,1.0,yahoo,2024-06-23 23:05:15
2016-08-17,GETI-B.ST,122.37510681152344,122.65306854248048,120.01238250732422,120.98526763916016,1144687,108.17739012776251,0.0,1.0,yahoo,2024-06-23 23:05:15
2016-08-18,GETI-B.ST,121.88866424560548,122.09713745117188,121.33272552490234,121.88866424560548,355572,108.98515035380098,0.0,1.0,yahoo,2024-06-23 23:05:15
2016-08-19,GETI-B.ST,121.9581527709961,122.1666259765625,120.63780975341795,121.26323699951172,543429,108.42593278527019,0.0,1.0,yahoo,2024-06-23 23:05:15
2016-08-22,GETI-B.ST,120.01238250732422,120.01238250732422,113.61913299560548,116.46829986572266,2896321,104.13860264101632,0.0,1.0,yahoo,2024-06-23 23:05:15
2016-08-23,GETI-B.ST,116.95474243164062,117.58016967773438,115.77337646484376,117.51067352294922,1337695,105.07062737408557,0.0,1.0,yahoo,2024-06-23 23:05:15
2016-08-24,GETI-B.ST,117.51067352294922,118.3445816040039,116.95474243164062,117.2327117919922,1076880,104.82209153830094,0.0,1.0,yahoo,2024-06-23 23:05:15
2016-08-25,GETI-B.ST,117.2327117919922,117.37168884277344,115.21744537353516,115.98185729980467,1084219,103.70365640123937,0.0,1.0,yahoo,2024-06-23 23:05:15
2016-08-26,GETI-B.ST,116.12084197998048,116.95474243164062,115.49541473388672,116.67677307128906,528417,104.32500622328556,0.0,1.0,yahoo,2024-06-23 23:05:15
2016-08-29,GETI-B.ST,116.88524627685548,117.16321563720705,115.98185729980467,116.95474243164062,662346,104.57354888079324,0.0,1.0,yahoo,2024-06-23 23:05:15
2016-08-30,GETI-B.ST,117.02423095703124,117.4411849975586,115.91236114501952,116.05134582519533,978692,103.7657886547548,0.0,1.0,yahoo,2024-06-23 23:05:15
2016-08-31,GETI-B.ST,116.12084197998048,116.74626922607422,115.56490325927734,116.05134582519533,943699,103.7657886547548,0.0,1.0,yahoo,2024-06-23 23:05:15
2016-09-01,GETI-B.ST,116.05134582519533,116.88524627685548,115.35643005371094,115.35643005371094,1115354,103.14443883270862,0.0,1.0,yahoo,2024-06-23 23:05:15
2016-09-02,GETI-B.ST,115.56490325927734,116.53778839111328,115.07846069335938,116.53778839111328,894230,104.2007348945317,0.0,1.0,yahoo,2024-06-23 23:05:15
2016-09-05,GETI-B.ST,116.67677307128906,117.0937271118164,116.05134582519533,116.81575775146484,528240,104.4492775520394,0.0,1.0,yahoo,2024-06-23 23:05:15
2016-09-06,GETI-B.ST,117.16321563720705,117.58016967773438,116.74626922607422,117.0937271118164,840032,104.69782020954709,0.0,1.0,yahoo,2024-06-23 23:05:15
2016-09-07,GETI-B.ST,117.4411849975586,117.8581314086914,116.05134582519533,116.3988037109375,926313,104.07646356577787,0.0,1.0,yahoo,2024-06-23 23:05:15
2016-09-08,GETI-B.ST,116.67677307128906,116.95474243164062,115.8428726196289,115.98185729980467,1174948,103.70365640123937,0.0,1.0,yahoo,2024-06-23 23:05:15
2016-09-09,GETI-B.ST,115.70388793945312,115.8428726196289,114.9394760131836,115.14795684814452,731658,102.95803525043937,0.0,1.0,yahoo,2024-06-23 23:05:15
2016-09-12,GETI-B.ST,114.66151428222656,114.7310028076172,113.1326904296875,114.0360870361328,811604,101.96387144213166,0.0,1.0,yahoo,2024-06-23 23:05:15
2016-09-13,GETI-B.ST,114.31404876708984,114.86998748779295,113.75811767578124,113.75811767578124,894243,101.71532878462398,0.0,1.0,yahoo,2024-06-23 23:05:15
2016-09-14,GETI-B.ST,114.1750717163086,115.8428726196289,113.75811767578124,115.56490325927734,918935,103.33084241497785,0.0,1.0,yahoo,2024-06-23 23:05:15
2016-09-15,GETI-B.ST,115.14795684814452,116.74626922607422,115.14795684814452,116.74626922607422,698146,104.387145298524,0.0,1.0,yahoo,2024-06-23 23:05:15
2016-09-16,GETI-B.ST,116.05134582519533,117.37168884277344,116.05134582519533,116.60728454589844,1292956,104.26287396977015,0.0,1.0,yahoo,2024-06-23 23:05:15
2016-09-19,GETI-B.ST,116.74626922607422,117.649658203125,116.25982666015624,116.74626922607422,864668,104.387145298524,0.0,1.0,yahoo,2024-06-23 23:05:15
2016-09-20,GETI-B.ST,116.3988037109375,117.4411849975586,116.05134582519533,116.60728454589844,543272,104.26287396977015,0.0,1.0,yahoo,2024-06-23 23:05:15
2016-09-21,GETI-B.ST,117.4411849975586,117.4411849975586,115.07846069335938,115.28694152832033,637958,103.08230657919323,0.0,1.0,yahoo,2024-06-23 23:05:15
2016-09-22,GETI-B.ST,115.70388793945312,118.06661224365234,115.56490325927734,117.78864288330078,838868,105.31917003159326,0.0,1.0,yahoo,2024-06-23 23:05:15
2016-09-23,GETI-B.ST,117.649658203125,117.78864288330078,116.46829986572266,116.81575775146484,418675,104.4492775520394,0.0,1.0,yahoo,2024-06-23 23:05:15
2016-09-26,GETI-B.ST,116.12084197998048,116.60728454589844,113.89710235595705,114.383544921875,933870,102.27454635315476,0.0,1.0,yahoo,2024-06-23 23:05:15
2016-09-27,GETI-B.ST,114.7310028076172,114.7310028076172,112.9242172241211,114.24456024169922,1031905,102.15027502440091,0.0,1.0,yahoo,2024-06-23 23:05:15
2016-09-28,GETI-B.ST,114.8004913330078,115.6343994140625,114.52252960205078,114.8004913330078,516322,102.64735351769323,0.0,1.0,yahoo,2024-06-23 23:05:15
2016-09-29,GETI-B.ST,115.35643005371094,115.49541473388672,114.1750717163086,114.383544921875,435349,102.27454635315476,0.0,1.0,yahoo,2024-06-23 23:05:15
2016-09-30,GETI-B.ST,113.41065979003906,115.56490325927734,112.9242172241211,115.56490325927734,824920,103.33084241497785,0.0,1.0,yahoo,2024-06-23 23:05:15
2016-10-03,GETI-B.ST,115.42591857910156,116.32931518554688,114.86998748779295,115.56490325927734,456465,103.33084241497785,0.0,1.0,yahoo,2024-06-23 23:05:15
2016-10-04,GETI-B.ST,115.56490325927734,116.46829986572266,115.28694152832033,115.98185729980467,510045,103.70365640123937,0.0,1.0,yahoo,2024-06-23 23:05:15
2016-10-05,GETI-B.ST,115.21744537353516,115.49541473388672,114.52252960205078,114.86998748779295,629907,102.70949259293168,0.0,1.0,yahoo,2024-06-23 23:05:15
2016-10-06,GETI-B.ST,114.86998748779295,114.9394760131836,113.54964447021484,114.24456024169922,581104,102.15027502440091,0.0,1.0,yahoo,2024-06-23 23:05:15
2016-10-07,GETI-B.ST,113.96659088134766,115.28694152832033,113.3411636352539,115.00897216796876,821964,102.83376392168555,0.0,1.0,yahoo,2024-06-23 23:05:15
2016-10-10,GETI-B.ST,114.7310028076172,115.28694152832033,113.48014831542967,114.86998748779295,687296,102.70949259293168,0.0,1.0,yahoo,2024-06-23 23:05:15
2016-10-11,GETI-B.ST,114.1750717163086,114.24456024169922,112.99370574951172,113.06320190429688,753298,101.09397896257782,0.0,1.0,yahoo,2024-06-23 23:05:15
2016-10-12,GETI-B.ST,113.06320190429688,113.89710235595705,110.21403503417967,110.28352355957033,1820691,98.60856603094706,0.0,1.0,yahoo,2024-06-23 23:05:15
2016-10-13,GETI-B.ST,109.8665771484375,110.70047760009766,108.0597915649414,110.28352355957033,1619145,98.60856603094706,0.0,1.0,yahoo,2024-06-23 23:05:15
2016-10-14,GETI-B.ST,110.83946228027344,111.117431640625,109.38013458251952,109.58860778808594,1232146,97.98721620890088,0.0,1.0,yahoo,2024-06-23 23:05:15
2016-10-17,GETI-B.ST,109.65809631347656,109.72759246826172,108.75470733642578,108.89369201660156,1084046,97.3658663868547,0.0,1.0,yahoo,2024-06-23 23:05:15
2016-10-18,GETI-B.ST,109.38013458251952,117.92762756347656,106.53096771240234,115.70388793945312,5517659,103.4551137437317,0.0,1.0,yahoo,2024-06-23 23:05:15
2016-10-19,GETI-B.ST,115.6343994140625,115.6343994140625,111.81234741210938,111.95133209228516,2353743,100.09981515427012,0.0,1.0,yahoo,2024-06-23 23:05:15
2016-10-20,GETI-B.ST,111.81234741210938,111.81234741210938,106.8089370727539,107.64283752441406,2590791,96.24743124979317,0.0,1.0,yahoo,2024-06-23 23:05:15
2016-10-21,GETI-B.ST,107.78182220458984,108.12928009033205,107.08689880371094,107.29537963867188,941863,95.93675633877008,0.0,1.0,yahoo,2024-06-23 23:05:15
2016-10-24,GETI-B.ST,107.85131072998048,108.0597915649414,106.18350982666016,106.39198303222656,929204,95.12899611273163,0.0,1.0,yahoo,2024-06-23 23:05:15
2016-10-25,GETI-B.ST,106.32249450683594,106.87842559814452,105.41909790039062,105.41909790039062,1286178,94.25910363317777,0.0,1.0,yahoo,2024-06-23 23:05:15
2016-10-26,GETI-B.ST,105.5580825805664,105.62757110595705,103.75129699707033,104.6546859741211,1399718,93.57561473589315,0.0,1.0,yahoo,2024-06-23 23:05:15
2016-10-27,GETI-B.ST,104.72418212890624,105.48858642578124,103.61231231689452,104.3072280883789,1256157,93.26493982487007,0.0,1.0,yahoo,2024-06-23 23:05:15
2016-10-28,GETI-B.ST,103.95977020263672,105.349609375,102.77841186523438,104.51570129394533,856185,93.45134340713933,0.0,1.0,yahoo,2024-06-23 23:05:15
2016-10-31,GETI-B.ST,104.16824340820312,104.44621276855467,102.847900390625,102.847900390625,947292,91.9601011055393,0.0,1.0,yahoo,2024-06-23 23:05:15
2016-11-01,GETI-B.ST,103.4038314819336,103.61231231689452,101.3885726928711,101.45806121826172,697457,90.7173946397239,0.0,1.0,yahoo,2024-06-23 23:05:15
2016-11-02,GETI-B.ST,101.31908416748048,102.01399993896484,100.90213012695312,101.0411148071289,718786,90.34458747518542,0.0,1.0,yahoo,2024-06-23 23:05:15
2016-11-03,GETI-B.ST,101.3885726928711,105.28011322021484,101.3885726928711,103.4038314819336,1442110,92.45717959883162,0.0,1.0,yahoo,2024-06-23 23:05:15
2016-11-04,GETI-B.ST,102.847900390625,103.68180084228516,100.48517608642578,100.8326416015625,594298,90.15818389291618,0.0,1.0,yahoo,2024-06-23 23:05:15
2016-11-07,GETI-B.ST,102.15298461914062,103.12586975097656,101.3885726928711,102.6394271850586,889385,91.77369752327004,0.0,1.0,yahoo,2024-06-23 23:05:15
2016-11-08,GETI-B.ST,102.91739654541016,103.26485443115234,101.52755737304688,102.08348846435548,633310,91.27661220825469,0.0,1.0,yahoo,2024-06-23 23:05:15
2016-11-09,GETI-B.ST,99.2343292236328,103.26485443115234,99.09534454345705,102.2919692993164,1406186,91.46302261224696,0.0,1.0,yahoo,2024-06-23 23:05:15
2016-11-10,GETI-B.ST,103.26485443115234,103.33434295654295,100.90213012695312,101.24958801269533,1211650,90.53099105745467,0.0,1.0,yahoo,2024-06-23 23:05:15
2016-11-11,GETI-B.ST,101.24958801269533,101.73603057861328,100.1377182006836,100.27670288085938,967562,89.6610985779008,0.0,1.0,yahoo,2024-06-23 23:05:15
2016-11-14,GETI-B.ST,100.8326416015625,101.66654205322266,98.46991729736328,98.74788665771484,1039882,88.29412760505463,0.0,1.0,yahoo,2024-06-23 23:05:15
2016-11-15,GETI-B.ST,98.8868637084961,100.27670288085938,98.81737518310548,100.20721435546876,645454,89.59896632438542,0.0,1.0,yahoo,2024-06-23 23:05:15
2016-11-16,GETI-B.ST,100.20721435546876,101.24958801269533,99.85974884033205,100.90213012695312,681326,90.22031614643157,0.0,1.0,yahoo,2024-06-23 23:05:15
2016-11-17,GETI-B.ST,100.27670288085938,100.97161865234376,99.7902603149414,100.76314544677734,638876,90.09604481767774,0.0,1.0,yahoo,2024-06-23 23:05:15
2016-11-18,GETI-B.ST,100.69365692138672,101.94450378417967,100.27670288085938,101.52755737304688,847824,90.77953371496235,0.0,1.0,yahoo,2024-06-23 23:05:15
2016-11-21,GETI-B.ST,101.52755737304688,101.73603057861328,100.48517608642578,101.45806121826172,689789,90.7173946397239,0.0,1.0,yahoo,2024-06-23 23:05:15
2016-11-22,GETI-B.ST,101.66654205322266,101.94450378417967,100.48517608642578,100.48517608642578,753338,89.84750216017005,0.0,1.0,yahoo,2024-06-23 23:05:15
2016-11-23,GETI-B.ST,100.41568756103516,100.97161865234376,99.09534454345705,99.9987335205078,694368,89.4125559203931,0.0,1.0,yahoo,2024-06-23 23:05:15
2016-11-24,GETI-B.ST,100.20721435546876,100.69365692138672,100.06822967529295,100.62416076660156,401352,89.97177348892389,0.0,1.0,yahoo,2024-06-23 23:05:15
2016-11-25,GETI-B.ST,100.62416076660156,102.08348846435548,100.34619140625,101.73603057861328,658982,90.96593729723159,0.0,1.0,yahoo,2024-06-23 23:05:15
2016-11-28,GETI-B.ST,101.66654205322266,101.66654205322266,99.51229095458984,100.41568756103516,1153642,89.78536990665465,0.0,1.0,yahoo,2024-06-23 23:05:15
2016-11-29,GETI-B.ST,100.48517608642578,101.18009948730467,99.72077178955078,100.1377182006836,662028,89.53682724914697,0.0,1.0,yahoo,2024-06-23 23:05:15
2016-11-30,GETI-B.ST,99.72077178955078,99.9292449951172,97.98347473144533,97.98347473144533,2111618,87.61063870777002,0.0,1.0,yahoo,2024-06-23 23:05:15
2016-12-01,GETI-B.ST,97.49703216552734,98.19194793701172,96.38516235351562,96.80210876464844,1129242,86.55433582422387,0.0,1.0,yahoo,2024-06-23 23:05:15
2016-12-02,GETI-B.ST,96.59363555908205,97.63601684570312,95.13430786132812,96.80210876464844,1191602,86.55433582422387,0.0,1.0,yahoo,2024-06-23 23:05:15
2016-12-05,GETI-B.ST,96.59363555908205,97.56652069091795,95.2732925415039,95.8292236328125,1289534,85.68444334467002,0.0,1.0,yahoo,2024-06-23 23:05:15
2016-12-06,GETI-B.ST,95.89871978759766,98.67839050292967,95.6207504272461,98.3309326171875,1375186,87.92131361879309,0.0,1.0,yahoo,2024-06-23 23:05:15
2016-12-07,GETI-B.ST,98.46991729736328,98.5394058227539,96.59363555908205,98.05296325683594,1424042,87.67277096128541,0.0,1.0,yahoo,2024-06-23 23:05:15
2016-12-08,GETI-B.ST,98.1224594116211,99.09534454345705,97.63601684570312,99.02584838867188,1144802,88.54266344083926,0.0,1.0,yahoo,2024-06-23 23:05:15
2016-12-09,GETI-B.ST,97.56652069091795,99.7902603149414,97.14957427978516,99.09534454345705,2911330,88.60480251607773,0.0,1.0,yahoo,2024-06-23 23:05:15
2016-12-12,GETI-B.ST,98.8868637084961,100.1377182006836,98.19194793701172,100.06822967529295,1780420,89.47469499563155,0.0,1.0,yahoo,2024-06-23 23:05:15
2016-12-13,GETI-B.ST,100.06822967529295,102.22247314453124,100.06822967529295,101.87501525878906,1743786,91.09020862598544,0.0,1.0,yahoo,2024-06-23 23:05:15
2016-12-14,GETI-B.ST,101.73603057861328,101.80552673339844,100.8326416015625,101.18009948730467,1192216,90.46885880393926,0.0,1.0,yahoo,2024-06-23 23:05:15
2016-12-15,GETI-B.ST,101.18009948730467,103.26485443115234,101.11060333251952,103.26485443115234,1601684,92.33291509180081,0.0,1.0,yahoo,2024-06-23 23:05:15
2016-12-16,GETI-B.ST,103.26485443115234,103.82078552246094,102.08348846435548,102.70891571044922,2438522,91.83582977678545,0.0,1.0,yahoo,2024-06-23 23:05:15
2016-12-19,GETI-B.ST,102.70891571044922,102.847900390625,101.11060333251952,101.31908416748048,1844132,90.59313013269312,0.0,1.0,yahoo,2024-06-23 23:05:15
2016-12-20,GETI-B.ST,101.31908416748048,101.66654205322266,100.55467224121094,101.18009948730467,1485226,90.46885880393926,0.0,1.0,yahoo,2024-06-23 23:05:15
2016-12-21,GETI-B.ST,101.11060333251952,101.31908416748048,99.581787109375,99.65127563476562,1280480,89.10188100937003,0.0,1.0,yahoo,2024-06-23 23:05:15
2016-12-22,GETI-B.ST,99.581787109375,102.5004425048828,99.37330627441406,101.45806121826172,1599497,90.7173946397239,0.0,1.0,yahoo,2024-06-23 23:05:15
2016-12-23,GETI-B.ST,101.45806121826172,102.6394271850586,101.24958801269533,102.2919692993164,822968,91.46302261224696,0.0,1.0,yahoo,2024-06-23 23:05:15
2016-12-27,GETI-B.ST,102.2919692993164,103.68180084228516,102.22247314453124,103.1953582763672,670989,92.27077601656238,0.0,1.0,yahoo,2024-06-23 23:05:15
2016-12-28,GETI-B.ST,103.1953582763672,103.75129699707033,102.6394271850586,102.98688507080078,797164,92.08437243429313,0.0,1.0,yahoo,2024-06-23 23:05:15
2016-12-29,GETI-B.ST,102.77841186523438,103.54281616210938,102.2919692993164,103.33434295654295,781060,92.3950473453162,0.0,1.0,yahoo,2024-06-23 23:05:15
2016-12-30,GETI-B.ST,103.1953582763672,103.4038314819336,101.0411148071289,101.52755737304688,1523763,90.77953371496235,0.0,1.0,yahoo,2024-06-23 23:05:15
2017-01-02,GETI-B.ST,101.73603057861328,103.47332763671876,101.18009948730467,103.12586975097656,638830,92.20864376304698,0.0,1.0,yahoo,2024-06-23 23:05:15
2017-01-03,GETI-B.ST,103.47332763671876,103.75129699707033,102.43094635009766,102.98688507080078,1087129,92.08437243429313,0.0,1.0,yahoo,2024-06-23 23:05:15
2017-01-04,GETI-B.ST,103.54281616210938,104.02925872802734,102.77841186523438,103.8902816772461,1208373,92.89213266033158,0.0,1.0,yahoo,2024-06-23 23:05:15
2017-01-05,GETI-B.ST,103.8902816772461,104.37672424316406,103.54281616210938,104.02925872802734,503431,93.01639716736238,0.0,1.0,yahoo,2024-06-23 23:05:15
2017-01-09,GETI-B.ST,104.02925872802734,104.6546859741211,101.73603057861328,102.98688507080078,2516098,92.08437243429313,0.0,1.0,yahoo,2024-06-23 23:05:15
2017-01-10,GETI-B.ST,103.61231231689452,103.61231231689452,102.2919692993164,102.77841186523438,1071730,91.8979688520239,0.0,1.0,yahoo,2024-06-23 23:05:15
2017-01-11,GETI-B.ST,102.56993103027344,104.0987548828125,101.80552673339844,103.47332763671876,950507,92.51931867407008,0.0,1.0,yahoo,2024-06-23 23:05:15
2017-01-12,GETI-B.ST,104.51570129394533,109.03267669677734,104.44621276855467,107.99029541015624,3374851,96.55810616081624,0.0,1.0,yahoo,2024-06-23 23:05:15
2017-01-13,GETI-B.ST,108.89369201660156,110.6309814453125,108.19876861572266,109.31063842773438,1935305,97.73867355139319,0.0,1.0,yahoo,2024-06-23 23:05:15
2017-01-16,GETI-B.ST,109.10216522216795,109.31063842773438,108.19876861572266,108.47673797607422,1053179,96.99305240059319,0.0,1.0,yahoo,2024-06-23 23:05:15
2017-01-17,GETI-B.ST,107.64283752441406,108.47673797607422,105.7665557861328,107.78182220458984,2062449,96.37170257854702,0.0,1.0,yahoo,2024-06-23 23:05:15
2017-01-18,GETI-B.ST,108.4072494506836,109.58860778808594,107.22588348388672,108.2682647705078,1144721,96.80664881832392,0.0,1.0,yahoo,2024-06-23 23:05:15
2017-01-19,GETI-B.ST,108.4072494506836,108.4072494506836,106.04452514648438,107.08689880371094,1286739,95.7503459347778,0.0,1.0,yahoo,2024-06-23 23:05:15
2017-01-20,GETI-B.ST,107.08689880371094,108.12928009033205,106.39198303222656,108.0597915649414,1448950,96.6202452360547,0.0,1.0,yahoo,2024-06-23 23:05:15
2017-01-23,GETI-B.ST,107.71232604980467,107.71232604980467,105.83605194091795,106.114013671875,1219542,94.88045345522394,0.0,1.0,yahoo,2024-06-23 23:05:15
2017-01-24,GETI-B.ST,106.60045623779295,106.60045623779295,105.28011322021484,106.60045623779295,1149599,95.31539969500085,0.0,1.0,yahoo,2024-06-23 23:05:15
2017-01-25,GETI-B.ST,107.01741027832033,108.0597915649414,106.114013671875,107.78182220458984,1728197,96.37170257854702,0.0,1.0,yahoo,2024-06-23 23:05:15
2017-01-26,GETI-B.ST,108.2682647705078,110.28352355957033,98.81737518310548,100.62416076660156,8161306,89.97177348892389,0.0,1.0,yahoo,2024-06-23 23:05:15
2017-01-27,GETI-B.ST,100.41568756103516,100.41568756103516,97.35804748535156,98.40042114257812,3433422,87.9834458723085,0.0,1.0,yahoo,2024-06-23 23:05:15
2017-01-30,GETI-B.ST,98.3309326171875,99.44280242919922,96.7326202392578,97.70550537109376,2240620,87.36209605026234,0.0,1.0,yahoo,2024-06-23 23:05:15
2017-01-31,GETI-B.ST,97.84449005126952,98.26143646240234,96.8716049194336,98.26143646240234,2850860,87.85917454355464,0.0,1.0,yahoo,2024-06-23 23:05:15
2017-02-01,GETI-B.ST,98.40042114257812,98.8868637084961,97.7750015258789,98.26143646240234,1481617,87.85917454355464,0.0,1.0,yahoo,2024-06-23 23:05:15
2017-02-02,GETI-B.ST,98.3309326171875,98.3309326171875,97.2885513305664,97.91397857666016,1614884,87.54849963253156,0.0,1.0,yahoo,2024-06-23 23:05:15
2017-02-03,GETI-B.ST,98.19194793701172,98.8868637084961,97.63601684570312,98.67839050292967,1146529,88.23198852981616,0.0,1.0,yahoo,2024-06-23 23:05:15
2017-02-06,GETI-B.ST,98.74788665771484,98.81737518310548,97.84449005126952,97.91397857666016,1004077,87.54849963253156,0.0,1.0,yahoo,2024-06-23 23:05:15
2017-02-07,GETI-B.ST,97.98347473144533,99.09534454345705,97.84449005126952,98.74788665771484,1429342,88.29412760505463,0.0,1.0,yahoo,2024-06-23 23:05:15
2017-02-08,GETI-B.ST,99.02584838867188,101.24958801269533,98.81737518310548,100.8326416015625,1731348,90.15818389291618,0.0,1.0,yahoo,2024-06-23 23:05:15
2017-02-09,GETI-B.ST,100.76314544677734,101.66654205322266,100.48517608642578,101.66654205322266,1172041,90.90380504371619,0.0,1.0,yahoo,2024-06-23 23:05:15
2017-02-10,GETI-B.ST,101.73603057861328,102.15298461914062,101.11060333251952,101.73603057861328,1143239,90.96593729723159,0.0,1.0,yahoo,2024-06-23 23:05:15
2017-02-13,GETI-B.ST,101.87501525878906,102.36145782470705,101.11060333251952,101.94450378417967,1178378,91.15234087950081,0.0,1.0,yahoo,2024-06-23 23:05:15
2017-02-14,GETI-B.ST,101.87501525878906,101.87501525878906,100.48517608642578,101.45806121826172,1079606,90.7173946397239,0.0,1.0,yahoo,2024-06-23 23:05:15
2017-02-15,GETI-B.ST,101.66654205322266,102.01399993896484,100.97161865234376,101.3885726928711,826643,90.6552623862085,0.0,1.0,yahoo,2024-06-23 23:05:15
2017-02-16,GETI-B.ST,100.90213012695312,101.66654205322266,100.34619140625,101.31908416748048,1097661,90.59313013269312,0.0,1.0,yahoo,2024-06-23 23:05:15
2017-02-17,GETI-B.ST,101.31908416748048,101.66654205322266,100.34619140625,101.52755737304688,1125820,90.77953371496235,0.0,1.0,yahoo,2024-06-23 23:05:15
2017-02-20,GETI-B.ST,101.52755737304688,101.94450378417967,100.97161865234376,101.52755737304688,763692,90.77953371496235,0.0,1.0,yahoo,2024-06-23 23:05:15
2017-02-21,GETI-B.ST,101.24958801269533,102.847900390625,101.24958801269533,102.6394271850586,862915,91.77369752327004,0.0,1.0,yahoo,2024-06-23 23:05:15
2017-02-22,GETI-B.ST,102.6394271850586,103.47332763671876,102.5004425048828,103.1953582763672,914296,92.27077601656238,0.0,1.0,yahoo,2024-06-23 23:05:15
2017-02-23,GETI-B.ST,103.47332763671876,104.02925872802734,103.33434295654295,103.68180084228516,729159,92.7057222563393,0.0,1.0,yahoo,2024-06-23 23:05:15
2017-02-24,GETI-B.ST,103.75129699707033,104.0987548828125,103.33434295654295,103.61231231689452,835717,92.64359000282388,0.0,1.0,yahoo,2024-06-23 23:05:15
2017-02-27,GETI-B.ST,103.8902816772461,104.16824340820312,103.26485443115234,103.82078552246094,733854,92.82999358509315,0.0,1.0,yahoo,2024-06-23 23:05:15
2017-02-28,GETI-B.ST,104.16824340820312,106.60045623779295,103.8902816772461,106.46147918701172,1632335,95.19113518797008,0.0,1.0,yahoo,2024-06-23 23:05:15
2017-03-01,GETI-B.ST,106.73944091796876,107.5733413696289,106.114013671875,106.8089370727539,1275868,95.50181009899316,0.0,1.0,yahoo,2024-06-23 23:05:15
2017-03-02,GETI-B.ST,107.43436431884766,107.92080688476562,106.87842559814452,107.43436431884766,1363610,96.06102766752393,0.0,1.0,yahoo,2024-06-23 23:05:15
2017-03-03,GETI-B.ST,107.1563949584961,108.2682647705078,107.1563949584961,107.78182220458984,1152414,96.37170257854702,0.0,1.0,yahoo,2024-06-23 23:05:15
2017-03-06,GETI-B.ST,107.78182220458984,107.78182220458984,106.114013671875,106.46147918701172,1198340,95.19113518797008,0.0,1.0,yahoo,2024-06-23 23:05:15
2017-03-07,GETI-B.ST,106.53096771240234,106.8089370727539,105.48858642578124,105.9055404663086,700834,94.6940498729547,0.0,1.0,yahoo,2024-06-23 23:05:15
2017-03-08,GETI-B.ST,106.114013671875,106.114013671875,104.93265533447266,106.04452514648438,924082,94.81832120170854,0.0,1.0,yahoo,2024-06-23 23:05:15
2017-03-09,GETI-B.ST,106.114013671875,107.50385284423828,105.48858642578124,107.43436431884766,1029473,96.06102766752393,0.0,1.0,yahoo,2024-06-23 23:05:15
2017-03-10,GETI-B.ST,107.99029541015624,107.99029541015624,106.8089370727539,107.43436431884766,1330930,96.06102766752393,0.0,1.0,yahoo,2024-06-23 23:05:15
2017-03-13,GETI-B.ST,107.08689880371094,108.61572265625,107.08689880371094,108.47673797607422,1077287,96.99305240059319,0.0,1.0,yahoo,2024-06-23 23:05:15
2017-03-14,GETI-B.ST,108.47673797607422,109.10216522216795,108.12928009033205,108.54623413085938,1539598,97.05519147583162,0.0,1.0,yahoo,2024-06-23 23:05:15
2017-03-15,GETI-B.ST,108.68521118164062,108.68521118164062,108.0597915649414,108.61572265625,805781,97.11732372934702,0.0,1.0,yahoo,2024-06-23 23:05:15
2017-03-16,GETI-B.ST,108.89369201660156,109.24114990234376,107.78182220458984,108.54623413085938,1279269,97.05519147583162,0.0,1.0,yahoo,2024-06-23 23:05:15
2017-03-17,GETI-B.ST,108.19876861572266,108.89369201660156,107.78182220458984,108.47673797607422,1892336,96.99305240059319,0.0,1.0,yahoo,2024-06-23 23:05:15
2017-03-20,GETI-B.ST,108.2682647705078,109.38013458251952,107.99029541015624,109.1716537475586,1143730,97.61440222263936,0.0,1.0,yahoo,2024-06-23 23:05:15
2017-03-21,GETI-B.ST,109.58860778808594,109.58860778808594,107.99029541015624,108.12928009033205,1205702,96.68237748957011,0.0,1.0,yahoo,2024-06-23 23:05:15
2017-03-22,GETI-B.ST,108.12928009033205,108.12928009033205,106.73944091796876,107.3648681640625,853248,95.99888859228548,0.0,1.0,yahoo,2024-06-23 23:05:15
2017-03-23,GETI-B.ST,107.3648681640625,109.10216522216795,107.1563949584961,108.89369201660156,678931,97.3658663868547,0.0,1.0,yahoo,2024-06-23 23:05:15
2017-03-24,GETI-B.ST,108.89369201660156,108.9631805419922,107.71232604980467,108.2682647705078,790439,96.80664881832392,0.0,1.0,yahoo,2024-06-23 23:05:15
2017-03-27,GETI-B.ST,107.22588348388672,108.47673797607422,106.53096771240234,108.47673797607422,740779,96.99305240059319,0.0,1.0,yahoo,2024-06-23 23:05:15
2017-03-28,GETI-B.ST,108.47673797607422,108.68521118164062,106.8089370727539,107.22588348388672,1026638,95.87461726353163,0.0,1.0,yahoo,2024-06-23 23:05:15
2017-03-29,GETI-B.ST,107.22588348388672,108.19876861572266,107.22588348388672,107.92080688476562,1324491,96.49597390730085,0.0,1.0,yahoo,2024-06-23 23:05:15
2017-03-30,GETI-B.ST,107.01741027832033,107.71232604980467,106.60045623779295,107.50385284423828,865655,97.832527611056,1.885634,1.0,yahoo,2024-06-23 23:05:15
2017-03-31,GETI-B.ST,107.71232604980467,109.24114990234376,107.22588348388672,109.24114990234376,1063073,99.41353292304207,0.0,1.0,yahoo,2024-06-23 23:05:15
2017-04-03,GETI-B.ST,109.31063842773438,109.44962310791016,106.60045623779295,107.5733413696289,1153686,97.89576476860029,0.0,1.0,yahoo,2024-06-23 23:05:15
2017-04-04,GETI-B.ST,107.22588348388672,107.5733413696289,106.46147918701172,106.60045623779295,916140,97.01040290477358,0.0,1.0,yahoo,2024-06-23 23:05:15
2017-04-05,GETI-B.ST,106.46147918701172,106.60045623779295,105.6970672607422,105.97503662109376,1133897,96.44124765777167,0.0,1.0,yahoo,2024-06-23 23:05:15
2017-04-06,GETI-B.ST,105.7665557861328,106.60045623779295,104.02925872802734,106.60045623779295,1294296,97.01040290477358,0.0,1.0,yahoo,2024-06-23 23:05:15
2017-04-07,GETI-B.ST,106.39198303222656,107.64283752441406,106.18350982666016,107.64283752441406,1309582,97.959008869179,0.0,1.0,yahoo,2024-06-23 23:05:15
2017-04-10,GETI-B.ST,107.64283752441406,110.0750503540039,107.50385284423828,109.8665771484375,1323785,99.98269511307842,0.0,1.0,yahoo,2024-06-23 23:05:15
2017-04-11,GETI-B.ST,109.79708099365234,110.4225082397461,108.89369201660156,109.1716537475586,1306060,99.35028882246334,0.0,1.0,yahoo,2024-06-23 23:05:15
2017-04-12,GETI-B.ST,109.1716537475586,110.35301971435548,108.54623413085938,110.0750503540039,955686,100.17241352874574,0.0,1.0,yahoo,2024-06-23 23:05:15
2017-04-13,GETI-B.ST,110.14453887939452,110.21403503417967,109.1716537475586,110.0750503540039,525028,100.17241352874574,0.0,1.0,yahoo,2024-06-23 23:05:15
2017-04-18,GETI-B.ST,110.21403503417967,111.6733627319336,109.10216522216795,110.0750503540039,1714754,100.17241352874574,0.0,1.0,yahoo,2024-06-23 23:05:15
2017-04-19,GETI-B.ST,109.93606567382812,110.97844696044922,109.38013458251952,110.56149291992188,1258004,100.61509446065908,0.0,1.0,yahoo,2024-06-23 23:05:15
2017-04-20,GETI-B.ST,110.56149291992188,112.02082061767578,109.72759246826172,110.28352355957033,1940354,100.36213194441306,0.0,1.0,yahoo,2024-06-23 23:05:15
2017-04-21,GETI-B.ST,109.79708099365234,110.83946228027344,107.99029541015624,108.0597915649414,2795266,98.33845264354805,0.0,1.0,yahoo,2024-06-23 23:05:15
2017-04-24,GETI-B.ST,108.61572265625,109.51911926269533,108.2682647705078,108.75470733642578,1725184,98.97085199112871,0.0,1.0,yahoo,2024-06-23 23:05:15
2017-04-25,GETI-B.ST,108.4072494506836,123.00052642822266,108.4072494506836,116.88524627685548,9364923,106.3699465755326,0.0,1.0,yahoo,2024-06-23 23:05:15
2017-04-26,GETI-B.ST,117.0937271118164,119.38695526123048,115.70388793945312,118.06661224365234,4085679,107.445033798061,0.0,1.0,yahoo,2024-06-23 23:05:15
2017-04-27,GETI-B.ST,118.83102416992188,119.73441314697266,117.58016967773438,119.1089859008789,2430746,108.393632819432,0.0,1.0,yahoo,2024-06-23 23:05:15
2017-04-28,GETI-B.ST,118.97000122070312,120.77679443359376,118.41407012939452,120.29035186767578,2038021,109.46872004196042,0.0,1.0,yahoo,2024-06-23 23:05:15
2017-05-02,GETI-B.ST,120.63780975341795,122.58358001708984,119.17848205566406,121.68018341064452,2578668,110.73351873712173,0.0,1.0,yahoo,2024-06-23 23:05:15
2017-05-03,GETI-B.ST,121.68018341064452,123.34799194335938,121.26323699951172,122.51408386230467,1806447,111.49239934282541,0.0,1.0,yahoo,2024-06-23 23:05:15
2017-05-04,GETI-B.ST,122.72256469726562,124.11239624023438,122.37510681152344,124.11239624023438,1728999,112.94692339668848,0.0,1.0,yahoo,2024-06-23 23:05:15
2017-05-05,GETI-B.ST,124.11239624023438,124.80731964111328,123.27849578857422,123.6259536743164,1436694,112.50424246477512,0.0,1.0,yahoo,2024-06-23 23:05:15
2017-05-08,GETI-B.ST,124.04290771484376,124.04290771484376,122.02764129638672,123.00052642822266,1684730,111.93508027473877,0.0,1.0,yahoo,2024-06-23 23:05:15
2017-05-09,GETI-B.ST,122.65306854248048,124.94630432128906,122.30561065673828,124.8768081665039,1819566,113.64256684484785,0.0,1.0,yahoo,2024-06-23 23:05:15
2017-05-10,GETI-B.ST,124.8768081665039,124.94630432128906,123.97341918945312,124.6683349609375,1212509,113.45284842918053,0.0,1.0,yahoo,2024-06-23 23:05:15
2017-05-11,GETI-B.ST,124.80731964111328,124.80731964111328,122.8615493774414,122.93103790283205,1613696,111.87184311719447,0.0,1.0,yahoo,2024-06-23 23:05:15
2017-05-12,GETI-B.ST,123.7649383544922,125.01579284667967,123.27849578857422,125.01579284667967,1575447,113.76904810297086,0.0,1.0,yahoo,2024-06-23 23:05:15
2017-05-15,GETI-B.ST,125.01579284667967,125.36325073242188,123.55646514892578,124.39036560058594,1287836,113.1998859129345,0.0,1.0,yahoo,2024-06-23 23:05:15
2017-05-16,GETI-B.ST,124.39036560058594,124.8768081665039,123.83443450927734,124.52935028076172,1063740,113.32636717105753,0.0,1.0,yahoo,2024-06-23 23:05:15
2017-05-17,GETI-B.ST,123.83443450927734,124.52935028076172,122.44459533691406,122.65306854248048,1495672,111.61888060094844,0.0,1.0,yahoo,2024-06-23 23:05:15
2017-05-18,GETI-B.ST,121.6106948852539,123.0700225830078,121.19374084472656,122.8615493774414,2240348,111.80860595965017,0.0,1.0,yahoo,2024-06-23 23:05:15
2017-05-19,GETI-B.ST,123.27849578857422,123.97341918945312,122.93103790283205,123.41748046875,1250724,112.31452404910782,0.0,1.0,yahoo,2024-06-23 23:05:15
2017-05-22,GETI-B.ST,123.34799194335938,124.80731964111328,122.79205322265624,124.59883880615234,1370627,113.38960432860182,0.0,1.0,yahoo,2024-06-23 23:05:15
2017-05-23,GETI-B.ST,124.59883880615234,126.1276626586914,123.41748046875,125.71070861816406,1580200,114.40144745055153,0.0,1.0,yahoo,2024-06-23 23:05:15
2017-05-24,GETI-B.ST,125.5717315673828,125.919189453125,124.59883880615234,125.15477752685548,693527,113.89552936109389,0.0,1.0,yahoo,2024-06-23 23:05:15
2017-05-26,GETI-B.ST,125.08528137207033,126.89207458496094,124.73782348632812,126.61410522460938,1192708,115.22357215683392,0.0,1.0,yahoo,2024-06-23 23:05:15
2017-05-29,GETI-B.ST,126.61410522460938,126.82257843017578,125.64122009277344,125.78020477294922,990729,114.46469155113024,0.0,1.0,yahoo,2024-06-23 23:05:15
2017-05-30,GETI-B.ST,125.5717315673828,126.19715118408205,124.8768081665039,125.919189453125,1148355,114.59117280925327,0.0,1.0,yahoo,2024-06-23 23:05:15
2017-05-31,GETI-B.ST,125.98867797851562,126.3361358642578,125.2242660522461,125.71070861816406,1461190,114.40144745055153,0.0,1.0,yahoo,2024-06-23 23:05:15
2017-06-01,GETI-B.ST,125.78020477294922,126.89207458496094,125.71070861816406,126.54461669921876,1038523,115.16033499928963,0.0,1.0,yahoo,2024-06-23 23:05:15
2017-06-02,GETI-B.ST,127.17003631591795,128.2819061279297,127.03105926513672,127.86495971679688,1390041,116.36189653690664,0.0,1.0,yahoo,2024-06-23 23:05:15
2017-06-05,GETI-B.ST,127.86495971679688,127.9344482421875,126.1276626586914,126.2666473388672,776517,114.9073724830436,0.0,1.0,yahoo,2024-06-23 23:05:15
2017-06-06,GETI-B.ST,126.2666473388672,126.2666473388672,126.2666473388672,126.2666473388672,0,114.9073724830436,0.0,1.0,yahoo,2024-06-23 23:05:15
2017-06-07,GETI-B.ST,125.78020477294922,128.0734405517578,125.2242660522461,127.3785171508789,2091192,115.9192156049933,0.0,1.0,yahoo,2024-06-23 23:05:15
2017-06-08,GETI-B.ST,127.51750183105467,128.3513946533203,126.89207458496094,126.89207458496094,1265371,115.47653467307995,0.0,1.0,yahoo,2024-06-23 23:05:15
2017-06-09,GETI-B.ST,126.68359375,127.51750183105467,125.64122009277344,126.89207458496094,1667243,115.47653467307995,0.0,1.0,yahoo,2024-06-23 23:05:15
2017-06-12,GETI-B.ST,126.4751205444336,126.89207458496094,125.29376220703124,125.84969329833984,943342,114.52792870867454,0.0,1.0,yahoo,2024-06-23 23:05:15
2017-06-13,GETI-B.ST,125.71070861816406,128.3513946533203,125.5717315673828,127.58699035644533,1336046,116.10893402066063,0.0,1.0,yahoo,2024-06-23 23:05:15
2017-06-14,GETI-B.ST,127.51750183105467,128.14292907714844,118.3445816040039,120.7072982788086,6356977,109.84815687329505,0.0,1.0,yahoo,2024-06-23 23:05:15
2017-06-15,GETI-B.ST,120.08187103271484,121.26323699951172,119.38695526123048,121.26323699951172,2060774,110.35408190578711,0.0,1.0,yahoo,2024-06-23 23:05:15
2017-06-16,GETI-B.ST,121.19374084472656,123.2090072631836,121.12425231933594,123.13951110839844,2873553,112.06156153286177,0.0,1.0,yahoo,2024-06-23 23:05:15
2017-06-19,GETI-B.ST,121.47171020507812,122.93103790283205,119.31746673583984,119.4564437866211,3427795,108.70983249322232,0.0,1.0,yahoo,2024-06-23 23:05:15
2017-06-20,GETI-B.ST,119.52593994140624,120.29035186767578,118.20559692382812,118.6920394897461,2035239,108.01419598809737,0.0,1.0,yahoo,2024-06-23 23:05:15
2017-06-21,GETI-B.ST,118.76152801513672,119.24797058105467,117.37168884277344,118.9005126953125,1610429,108.20391440376468,0.0,1.0,yahoo,2024-06-23 23:05:15
2017-06-22,GETI-B.ST,118.9005126953125,120.22085571289062,118.9005126953125,120.1513671875,1321722,109.3422387838374,0.0,1.0,yahoo,2024-06-23 23:05:15
2017-06-23,GETI-B.ST,120.1513671875,120.1513671875,120.1513671875,120.1513671875,0,109.3422387838374,0.0,1.0,yahoo,2024-06-23 23:05:15
2017-06-26,GETI-B.ST,118.6920394897461,120.4988250732422,118.55305480957033,119.31746673583984,1425243,108.58335817813374,0.0,1.0,yahoo,2024-06-23 23:05:15
2017-06-27,GETI-B.ST,119.17848205566406,119.17848205566406,117.58016967773438,117.92762756347656,1155112,107.318552539938,0.0,1.0,yahoo,2024-06-23 23:05:15
2017-06-28,GETI-B.ST,117.649658203125,117.649658203125,116.05134582519533,116.3988037109375,1250050,105.92726564361924,0.0,1.0,yahoo,2024-06-23 23:05:15
2017-06-29,GETI-B.ST,116.32931518554688,116.67677307128906,114.0360870361328,114.24456024169922,1393884,103.96682350029853,0.0,1.0,yahoo,2024-06-23 23:05:15
2017-06-30,GETI-B.ST,114.24456024169922,115.6343994140625,114.10557556152344,114.5920181274414,1273995,104.28302317408887,0.0,1.0,yahoo,2024-06-23 23:05:15
2017-07-03,GETI-B.ST,114.66151428222656,115.6343994140625,114.10557556152344,114.5920181274414,998806,104.28302317408887,0.0,1.0,yahoo,2024-06-23 23:05:15
2017-07-04,GETI-B.ST,113.96659088134766,114.0360870361328,113.06320190429688,113.68862915039062,1373293,103.4609054108409,0.0,1.0,yahoo,2024-06-23 23:05:15
2017-07-05,GETI-B.ST,113.68862915039062,114.9394760131836,112.85472106933594,114.66151428222656,921219,104.34626727466758,0.0,1.0,yahoo,2024-06-23 23:05:15
2017-07-06,GETI-B.ST,114.66151428222656,114.9394760131836,112.78523254394533,113.20218658447266,1194045,103.01822447892755,0.0,1.0,yahoo,2024-06-23 23:05:15
2017-07-07,GETI-B.ST,113.82760620117188,114.10557556152344,112.64624786376952,114.0360870361328,930047,103.77710508463122,0.0,1.0,yahoo,2024-06-23 23:05:15
2017-07-10,GETI-B.ST,114.66151428222656,115.21744537353516,114.0360870361328,114.52252960205078,1047795,104.21978601654457,0.0,1.0,yahoo,2024-06-23 23:05:15
2017-07-11,GETI-B.ST,114.5920181274414,115.35643005371094,112.29878997802734,113.68862915039062,1182780,103.4609054108409,0.0,1.0,yahoo,2024-06-23 23:05:15
2017-07-12,GETI-B.ST,113.96659088134766,115.70388793945312,113.82760620117188,115.70388793945312,950799,105.29486629603858,0.0,1.0,yahoo,2024-06-23 23:05:15
2017-07-13,GETI-B.ST,116.05134582519533,116.05134582519533,114.86998748779295,115.49541473388672,888236,105.10514788037126,0.0,1.0,yahoo,2024-06-23 23:05:15
2017-07-14,GETI-B.ST,115.98185729980467,116.1903305053711,114.31404876708984,115.70388793945312,1494466,105.29486629603858,0.0,1.0,yahoo,2024-06-23 23:05:15
2017-07-17,GETI-B.ST,109.65809631347656,113.27167510986328,104.23773956298828,105.28011322021484,6822057,95.80884136715657,0.0,1.0,yahoo,2024-06-23 23:05:15
2017-07-18,GETI-B.ST,105.28011322021484,105.97503662109376,102.2919692993164,102.6394271850586,3442285,93.40571829192253,0.0,1.0,yahoo,2024-06-23 23:05:15
2017-07-19,GETI-B.ST,102.98688507080078,103.47332763671876,101.31908416748048,102.5004425048828,2365037,93.2792370337995,0.0,1.0,yahoo,2024-06-23 23:05:15
2017-07-20,GETI-B.ST,102.5004425048828,102.98688507080078,101.24958801269533,101.3885726928711,1927295,92.26739391184981,0.0,1.0,yahoo,2024-06-23 23:05:15
2017-07-21,GETI-B.ST,101.3885726928711,101.87501525878906,99.7902603149414,100.48517608642578,1583717,91.44526920556741,0.0,1.0,yahoo,2024-06-23 23:05:15
2017-07-24,GETI-B.ST,100.48517608642578,100.76314544677734,99.09534454345705,99.65127563476562,1446918,90.68638859986373,0.0,1.0,yahoo,2024-06-23 23:05:15
2017-07-25,GETI-B.ST,99.581787109375,100.06822967529295,98.81737518310548,99.02584838867188,2105359,90.11722640982737,0.0,1.0,yahoo,2024-06-23 23:05:15
2017-07-26,GETI-B.ST,99.02584838867188,99.9987335205078,98.1224594116211,99.9292449951172,1769688,90.93935111610978,0.0,1.0,yahoo,2024-06-23 23:05:15
2017-07-27,GETI-B.ST,99.44280242919922,100.20721435546876,98.67839050292967,98.67839050292967,1423353,89.80102673603703,0.0,1.0,yahoo,2024-06-23 23:05:15
2017-07-28,GETI-B.ST,98.67839050292967,98.67839050292967,97.080078125,97.2885513305664,1549405,88.5362210978413,0.0,1.0,yahoo,2024-06-23 23:05:15
2017-07-31,GETI-B.ST,97.56652069091795,98.3309326171875,96.5241470336914,97.4275360107422,2266881,88.66270235596433,0.0,1.0,yahoo,2024-06-23 23:05:15
2017-08-01,GETI-B.ST,97.4275360107422,98.26143646240234,97.35804748535156,98.19194793701172,1021184,89.3583458041237,0.0,1.0,yahoo,2024-06-23 23:05:15
2017-08-02,GETI-B.ST,98.26143646240234,98.3309326171875,97.4275360107422,97.84449005126952,1093279,89.04214613033335,0.0,1.0,yahoo,2024-06-23 23:05:15
2017-08-03,GETI-B.ST,97.84449005126952,98.74788665771484,97.2885513305664,98.05296325683594,1646625,89.23186454600068,0.0,1.0,yahoo,2024-06-23 23:05:15
2017-08-04,GETI-B.ST,98.05296325683594,98.40042114257812,97.56652069091795,98.26143646240234,964932,89.421582961668,0.0,1.0,yahoo,2024-06-23 23:05:15
2017-08-07,GETI-B.ST,98.1224594116211,98.46991729736328,97.56652069091795,97.70550537109376,984897,88.91566487221036,0.0,1.0,yahoo,2024-06-23 23:05:15
2017-08-08,GETI-B.ST,97.7750015258789,100.55467224121094,97.35804748535156,99.9987335205078,1819821,91.00258827365406,0.0,1.0,yahoo,2024-06-23 23:05:15
2017-08-09,GETI-B.ST,99.72077178955078,101.31908416748048,99.09534454345705,100.41568756103516,1984329,91.38203204802312,0.0,1.0,yahoo,2024-06-23 23:05:15
2017-08-10,GETI-B.ST,100.69365692138672,100.69365692138672,98.67839050292967,98.67839050292967,1697557,89.80102673603703,0.0,1.0,yahoo,2024-06-23 23:05:15
2017-08-11,GETI-B.ST,98.5394058227539,99.09534454345705,97.84449005126952,98.5394058227539,1000972,89.67454547791402,0.0,1.0,yahoo,2024-06-23 23:05:15
2017-08-14,GETI-B.ST,99.02584838867188,100.8326416015625,99.02584838867188,100.48517608642578,1227527,91.44526920556741,0.0,1.0,yahoo,2024-06-23 23:05:15
2017-08-15,GETI-B.ST,100.8326416015625,101.11060333251952,100.20721435546876,100.41568756103516,1224214,91.38203204802312,0.0,1.0,yahoo,2024-06-23 23:05:15
2017-08-16,GETI-B.ST,100.48517608642578,101.0411148071289,99.72077178955078,99.85974884033205,939596,90.87610701553106,0.0,1.0,yahoo,2024-06-23 23:05:15
2017-08-17,GETI-B.ST,99.9292449951172,101.0411148071289,99.37330627441406,100.48517608642578,1313492,91.44526920556741,0.0,1.0,yahoo,2024-06-23 23:05:15
2017-08-18,GETI-B.ST,99.9292449951172,100.1377182006836,98.19194793701172,99.16483306884766,1491353,90.24370766795039,0.0,1.0,yahoo,2024-06-23 23:05:15
2017-08-21,GETI-B.ST,99.16483306884766,99.37330627441406,98.19194793701172,99.37330627441406,1245061,90.4334260836177,0.0,1.0,yahoo,2024-06-23 23:05:15
2017-08-22,GETI-B.ST,99.9292449951172,100.48517608642578,99.30381774902344,100.20721435546876,1062923,91.19231363235582,0.0,1.0,yahoo,2024-06-23 23:05:15
2017-08-23,GETI-B.ST,100.1377182006836,100.90213012695312,99.09534454345705,99.65127563476562,1452373,90.68638859986373,0.0,1.0,yahoo,2024-06-23 23:05:15
2017-08-24,GETI-B.ST,104.66333770751952,104.66333770751952,103.33661651611328,103.70514678955078,799326,94.37556299863449,0.0,1.0,yahoo,2024-06-23 23:05:15
2017-08-25,GETI-B.ST,103.92626953125,104.2947998046875,103.4840316772461,103.92626953125,665233,94.5767929653787,0.0,1.0,yahoo,2024-06-23 23:05:15
2017-08-28,GETI-B.ST,103.33661651611328,104.7370376586914,102.74696350097656,104.44221496582033,505741,95.04632261141413,0.0,1.0,yahoo,2024-06-23 23:05:15
2017-08-29,GETI-B.ST,103.9999771118164,104.44221496582033,103.11549377441406,104.2210922241211,877028,94.8450926446699,0.0,1.0,yahoo,2024-06-23 23:05:15
2017-08-30,GETI-B.ST,104.66333770751952,105.10557556152344,103.4840316772461,104.8107452392578,921270,95.3816989462867,0.0,1.0,yahoo,2024-06-23 23:05:15
2017-08-31,GETI-B.ST,105.40039825439452,109.89649963378906,105.17928314208984,108.79090118408205,3525646,99.00378974644165,0.0,1.0,yahoo,2024-06-23 23:05:15
2017-09-01,GETI-B.ST,108.79090118408205,109.08573150634766,108.05384063720705,108.05384063720705,1554139,98.33303707669646,0.0,1.0,yahoo,2024-06-23 23:05:15
2017-09-04,GETI-B.ST,107.90642547607422,107.90642547607422,106.21117401123048,106.57970428466795,1242669,96.99151785113716,0.0,1.0,yahoo,2024-06-23 23:05:15
2017-09-05,GETI-B.ST,106.72711944580078,106.94823455810548,106.06375885009766,106.35858917236328,906882,96.79029482742739,0.0,1.0,yahoo,2024-06-23 23:05:15
2017-09-06,GETI-B.ST,105.84264373779295,105.99005126953124,105.17928314208984,105.32669067382812,1389866,95.85122859232213,0.0,1.0,yahoo,2024-06-23 23:05:15
2017-09-07,GETI-B.ST,105.32669067382812,107.46418762207033,104.7370376586914,107.3904800415039,2366139,97.72935411949821,0.0,1.0,yahoo,2024-06-23 23:05:15
2017-09-08,GETI-B.ST,107.09564971923828,107.6115951538086,105.99005126953124,106.50599670410156,1462303,96.92444119555577,0.0,1.0,yahoo,2024-06-23 23:05:15
2017-09-11,GETI-B.ST,106.57970428466795,110.7809829711914,106.43228912353516,110.19132995605467,1977556,100.27823231641948,0.0,1.0,yahoo,2024-06-23 23:05:15
2017-09-12,GETI-B.ST,110.6335678100586,110.92839050292967,110.19132995605467,110.5598602294922,2094883,100.61360865129211,0.0,1.0,yahoo,2024-06-23 23:05:15
2017-09-13,GETI-B.ST,110.41244506835938,111.22322082519533,110.04391479492188,111.0758056640625,1666365,101.08313829732751,0.0,1.0,yahoo,2024-06-23 23:05:15
2017-09-14,GETI-B.ST,111.0020980834961,112.25511169433594,110.6335678100586,111.96028137207033,1848078,101.88804427823554,0.0,1.0,yahoo,2024-06-23 23:05:15
2017-09-15,GETI-B.ST,111.96028137207033,112.10769653320312,111.29692840576172,111.81287384033205,1988840,101.75389791010716,0.0,1.0,yahoo,2024-06-23 23:05:15
2017-09-18,GETI-B.ST,111.96028137207033,112.18140411376952,111.29692840576172,112.03398895263672,1733697,101.95512093381693,0.0,1.0,yahoo,2024-06-23 23:05:15
2017-09-19,GETI-B.ST,112.03398895263672,112.10769653320312,111.29692840576172,111.37063598632812,1181166,101.35144491965313,0.0,1.0,yahoo,2024-06-23 23:05:15
2017-09-20,GETI-B.ST,111.22322082519533,112.10769653320312,111.0758056640625,111.88658142089844,1786780,101.82097456568854,0.0,1.0,yahoo,2024-06-23 23:05:15
2017-09-21,GETI-B.ST,112.84476470947266,113.87665557861328,111.5917510986328,113.13958740234376,2305915,102.96125688146918,0.0,1.0,yahoo,2024-06-23 23:05:15
2017-09-22,GETI-B.ST,112.84476470947266,112.91847229003906,111.81287384033205,112.03398895263672,1118415,101.95512093381693,0.0,1.0,yahoo,2024-06-23 23:05:15
2017-09-25,GETI-B.ST,112.10769653320312,112.62364196777344,111.22322082519533,111.5180435180664,1094036,101.48559128778152,0.0,1.0,yahoo,2024-06-23 23:05:15
2017-09-26,GETI-B.ST,111.5917510986328,111.66545867919922,110.19132995605467,110.5598602294922,1579530,100.61360865129211,0.0,1.0,yahoo,2024-06-23 23:05:15
2017-09-27,GETI-B.ST,110.5598602294922,111.5917510986328,109.97020721435548,110.19132995605467,1104119,100.27823231641948,0.0,1.0,yahoo,2024-06-23 23:05:15
2017-09-28,GETI-B.ST,110.11762237548828,110.11762237548828,108.20124816894533,109.01202392578124,1691307,99.20501971318585,0.0,1.0,yahoo,2024-06-23 23:05:15
2017-09-29,GETI-B.ST,109.38055419921876,112.91847229003906,108.79090118408205,112.54993438720705,3053381,102.42465057985235,0.0,1.0,yahoo,2024-06-23 23:05:15
2017-10-02,GETI-B.ST,112.91847229003906,115.49819946289062,112.77105712890624,114.6137237548828,2131991,104.30277610702841,0.0,1.0,yahoo,2024-06-23 23:05:15
2017-10-03,GETI-B.ST,114.9085464477539,116.60379791259766,114.3926010131836,116.38268280029295,1413057,105.91259501187886,0.0,1.0,yahoo,2024-06-23 23:05:15
2017-10-04,GETI-B.ST,116.67750549316406,117.70939636230467,115.79302978515624,117.4145736694336,1367073,106.85165430394972,0.0,1.0,yahoo,2024-06-23 23:05:15
2017-10-05,GETI-B.ST,117.19345092773438,118.00422668457033,116.60379791259766,116.89862823486328,1103487,106.3821246579143,0.0,1.0,yahoo,2024-06-23 23:05:15
2017-10-06,GETI-B.ST,117.19345092773438,117.56198120117188,114.68743133544922,115.05596160888672,1238524,104.70522909748243,0.0,1.0,yahoo,2024-06-23 23:05:15
2017-10-09,GETI-B.ST,114.98225402832033,116.30897521972656,114.5400161743164,115.71932220458984,955650,105.30891205468066,0.0,1.0,yahoo,2024-06-23 23:05:15
2017-10-10,GETI-B.ST,115.64561462402344,115.64561462402344,114.6137237548828,114.98225402832033,875201,104.63815244190104,0.0,1.0,yahoo,2024-06-23 23:05:15
2017-10-11,GETI-B.ST,115.20337677001952,115.3507843017578,114.3188934326172,114.98225402832033,955541,104.63815244190104,0.0,1.0,yahoo,2024-06-23 23:05:15
2017-10-12,GETI-B.ST,115.20337677001952,115.64561462402344,114.6137237548828,115.3507843017578,757990,104.97352877677362,0.0,1.0,yahoo,2024-06-23 23:05:15
2017-10-13,GETI-B.ST,115.57190704345705,116.60379791259766,115.05596160888672,115.42449188232422,885429,105.04060543235504,0.0,1.0,yahoo,2024-06-23 23:05:15
2017-10-16,GETI-B.ST,115.42449188232422,115.86673736572266,115.05596160888672,115.57190704345705,830347,105.17475874351786,0.0,1.0,yahoo,2024-06-23 23:05:15
2017-10-17,GETI-B.ST,115.57190704345705,115.94043731689452,114.0977783203125,115.57190704345705,1188473,105.17475874351786,0.0,1.0,yahoo,2024-06-23 23:05:15
2017-10-18,GETI-B.ST,115.64561462402344,119.18353271484376,109.01202392578124,110.92839050292967,8078624,100.94898498616469,0.0,1.0,yahoo,2024-06-23 23:05:15
2017-10-19,GETI-B.ST,111.22322082519533,116.23526763916016,110.92839050292967,114.24518585205078,3744199,103.9673928291214,0.0,1.0,yahoo,2024-06-23 23:05:15
2017-10-20,GETI-B.ST,114.6137237548828,117.3408660888672,112.62364196777344,116.45638275146484,2928453,105.97966472442586,0.0,1.0,yahoo,2024-06-23 23:05:15
2017-10-23,GETI-B.ST,116.45638275146484,117.48828125,116.45638275146484,117.04603576660156,1803191,106.51627102604269,0.0,1.0,yahoo,2024-06-23 23:05:15
2017-10-24,GETI-B.ST,117.04603576660156,117.04603576660156,115.27708435058594,115.79302978515624,1264880,105.37598871026205,0.0,1.0,yahoo,2024-06-23 23:05:15
2017-10-25,GETI-B.ST,115.94043731689452,116.89862823486328,115.3507843017578,116.53009033203124,903110,106.04674138000726,0.0,1.0,yahoo,2024-06-23 23:05:15
2017-10-26,GETI-B.ST,116.38268280029295,121.247314453125,116.30897521972656,121.02619171142578,2589299,110.13836182619761,0.0,1.0,yahoo,2024-06-23 23:05:15
2017-10-27,GETI-B.ST,121.1736068725586,122.72144317626952,120.8787841796875,122.27920532226562,1512302,111.27865108501265,0.0,1.0,yahoo,2024-06-23 23:05:15
2017-10-30,GETI-B.ST,122.0580825805664,122.0580825805664,120.65766143798828,121.1736068725586,1269793,110.27251513736041,0.0,1.0,yahoo,2024-06-23 23:05:15
2017-10-31,GETI-B.ST,120.51024627685548,122.27920532226562,120.14171600341795,121.46842956542967,1059531,110.5408148166516,0.0,1.0,yahoo,2024-06-23 23:05:15
2017-11-01,GETI-B.ST,121.76325988769533,122.27920532226562,118.1516342163086,118.66758728027344,1513251,107.99194356276476,0.0,1.0,yahoo,2024-06-23 23:05:15
2017-11-02,GETI-B.ST,118.3727569580078,119.62577056884766,118.3727569580078,118.81499481201172,932725,108.12608993089314,0.0,1.0,yahoo,2024-06-23 23:05:15
2017-11-03,GETI-B.ST,118.66758728027344,120.8050765991211,118.52017211914062,119.92059326171876,542331,109.13222587854538,0.0,1.0,yahoo,2024-06-23 23:05:15
2017-11-06,GETI-B.ST,120.14171600341795,120.8050765991211,119.47835540771484,120.51024627685548,1109297,109.6688321801622,0.0,1.0,yahoo,2024-06-23 23:05:15
2017-11-07,GETI-B.ST,120.8050765991211,121.3210220336914,120.06800842285156,120.58395385742188,1068490,109.7359088357436,0.0,1.0,yahoo,2024-06-23 23:05:15
2017-11-08,GETI-B.ST,120.3628387451172,120.51024627685548,117.8568115234375,118.2990493774414,1311592,107.65656028485773,0.0,1.0,yahoo,2024-06-23 23:05:15
2017-11-09,GETI-B.ST,118.2990493774414,118.81499481201172,116.89862823486328,117.11974334716795,1176497,106.58334768162408,0.0,1.0,yahoo,2024-06-23 23:05:15
2017-11-10,GETI-B.ST,120.95248413085938,121.3947296142578,107.8327178955078,108.34866333007812,4404168,98.60133675598763,0.0,1.0,yahoo,2024-06-23 23:05:15
2017-11-13,GETI-B.ST,108.56978607177734,112.77105712890624,108.27495574951172,112.54993438720705,3200055,102.42465057985235,0.0,1.0,yahoo,2024-06-23 23:05:15
2017-11-14,GETI-B.ST,112.40252685546876,112.91847229003906,111.29692840576172,112.32881927490234,1232776,102.22342755614255,0.0,1.0,yahoo,2024-06-23 23:05:15
2017-11-15,GETI-B.ST,112.18140411376952,112.84476470947266,111.0020980834961,112.69734954833984,1038295,102.55880389101516,0.0,1.0,yahoo,2024-06-23 23:05:15
2017-11-16,GETI-B.ST,113.21329498291016,114.3926010131836,112.10769653320312,113.80294799804688,914495,103.56493983866739,0.0,1.0,yahoo,2024-06-23 23:05:15
2017-11-17,GETI-B.ST,113.65553283691406,114.3926010131836,112.18140411376952,112.84476470947266,734748,102.69295720217796,0.0,1.0,yahoo,2024-06-23 23:05:15
2017-11-20,GETI-B.ST,112.69734954833984,112.77105712890624,111.29692840576172,112.32881927490234,872696,102.22342755614255,0.0,1.0,yahoo,2024-06-23 23:05:15
2017-11-21,GETI-B.ST,112.10769653320312,113.43441772460938,110.707275390625,113.28700256347656,863895,103.09541019263197,0.0,1.0,yahoo,2024-06-23 23:05:15
2017-11-22,GETI-B.ST,113.43441772460938,114.5400161743164,112.54993438720705,113.13958740234376,859155,102.96125688146918,0.0,1.0,yahoo,2024-06-23 23:05:15
2017-11-23,GETI-B.ST,112.62364196777344,113.87665557861328,112.03398895263672,112.18140411376952,673828,102.08927424497973,0.0,1.0,yahoo,2024-06-23 23:05:15
2017-11-24,GETI-B.ST,112.10769653320312,112.10769653320312,110.8546905517578,111.4443359375,807078,101.41851463220011,0.0,1.0,yahoo,2024-06-23 23:05:15
2017-11-27,GETI-B.ST,111.5917510986328,113.06588745117188,111.22322082519533,111.96028137207033,807826,101.88804427823554,0.0,1.0,yahoo,2024-06-23 23:05:15
2017-11-28,GETI-B.ST,111.96028137207033,113.13958740234376,111.66545867919922,112.54993438720705,587688,102.42465057985235,0.0,1.0,yahoo,2024-06-23 23:05:15
2017-11-29,GETI-B.ST,112.40252685546876,113.36071014404295,112.18140411376952,112.47623443603516,761200,102.35758086730537,0.0,1.0,yahoo,2024-06-23 23:05:15
2017-11-30,GETI-B.ST,112.54993438720705,112.99217987060548,110.04391479492188,111.0020980834961,2234325,101.0160616417461,0.0,1.0,yahoo,2024-06-23 23:05:15
2017-12-01,GETI-B.ST,111.22322082519533,111.73916625976562,109.45426177978516,110.2650375366211,1243890,100.34530897200091,0.0,1.0,yahoo,2024-06-23 23:05:15
2017-12-04,GETI-B.ST,110.5598602294922,112.69734954833984,110.5598602294922,111.73916625976562,1110970,101.68682125452574,0.0,1.0,yahoo,2024-06-23 23:05:15
2017-12-05,GETI-B.ST,111.22322082519533,111.73916625976562,109.15943145751952,109.60167694091795,1668216,99.74162601480266,0.0,1.0,yahoo,2024-06-23 23:05:15
2017-12-06,GETI-B.ST,109.45426177978516,109.45426177978516,106.28488159179688,107.90642547607422,2736650,98.19888376553362,0.0,1.0,yahoo,2024-06-23 23:05:15
2017-12-07,GETI-B.ST,103.28059387207033,109.11856842041016,102.16451263427734,104.5683822631836,2398868,95.16113957170288,0.0,1.0,yahoo,2024-06-23 23:05:15
2017-12-08,GETI-B.ST,122.0999984741211,126.3000030517578,122.0999984741211,124.3000030517578,1269260,113.11765261320298,0.0,1.0,yahoo,2024-06-23 23:05:15
2017-12-11,GETI-B.ST,123.5,124.5999984741211,122.5,123.6999969482422,1104561,112.57162461387125,0.0,1.0,yahoo,2024-06-23 23:05:15
2017-12-12,GETI-B.ST,123.5999984741211,125.5999984741211,123.0999984741211,125.0999984741211,906278,113.84567837392129,0.0,1.0,yahoo,2024-06-23 23:05:15
2017-12-13,GETI-B.ST,124.5999984741211,125.0,122.5999984741211,123.8000030517578,857407,112.66263390911614,0.0,1.0,yahoo,2024-06-23 23:05:15
2017-12-14,GETI-B.ST,123.3000030517578,123.3000030517578,118.5,120.8000030517578,1559680,109.93252168459507,0.0,1.0,yahoo,2024-06-23 23:05:15
2017-12-15,GETI-B.ST,120.8000030517578,121.1999969482422,119.8000030517578,120.4000015258789,909298,109.56850533271873,0.0,1.0,yahoo,2024-06-23 23:05:15
2017-12-18,GETI-B.ST,120.6999969482422,123.0,120.6999969482422,123.0,958114,111.93460120536342,0.0,1.0,yahoo,2024-06-23 23:05:15
2017-12-19,GETI-B.ST,121.0,121.5,119.0,120.8000030517578,1178666,109.93252168459507,0.0,1.0,yahoo,2024-06-23 23:05:15
2017-12-20,GETI-B.ST,121.0,122.1999969482422,119.3000030517578,119.6999969482422,933951,108.9314749811765,0.0,1.0,yahoo,2024-06-23 23:05:15
2017-12-21,GETI-B.ST,119.8000030517578,120.3000030517578,119.0999984741211,119.6999969482422,579514,108.9314749811765,0.0,1.0,yahoo,2024-06-23 23:05:15
2017-12-22,GETI-B.ST,119.1999969482422,120.0,118.8000030517578,119.3000030517578,639177,108.56746557233454,0.0,1.0,yahoo,2024-06-23 23:05:15
2017-12-27,GETI-B.ST,119.0,120.3000030517578,118.6999969482422,119.1999969482422,785342,108.47645627708967,0.0,1.0,yahoo,2024-06-23 23:05:15
2017-12-28,GETI-B.ST,119.0,120.5999984741211,118.5,118.8000030517578,761380,108.1124468682477,0.0,1.0,yahoo,2024-06-23 23:05:15
2017-12-29,GETI-B.ST,118.8000030517578,119.5,117.8000030517578,119.0,856697,108.29445157266868,0.0,1.0,yahoo,2024-06-23 23:05:15
2018-01-02,GETI-B.ST,118.8000030517578,118.9000015258789,117.0,117.5,1013638,106.92939546040814,0.0,1.0,yahoo,2024-06-23 23:05:15
2018-01-03,GETI-B.ST,117.3499984741211,118.5500030517578,116.6500015258789,117.5,761517,106.92939546040814,0.0,1.0,yahoo,2024-06-23 23:05:15
2018-01-04,GETI-B.ST,117.3499984741211,118.3000030517578,116.3499984741211,117.0500030517578,983544,106.51988140394374,0.0,1.0,yahoo,2024-06-23 23:05:15
2018-01-05,GETI-B.ST,117.4000015258789,119.0999984741211,117.3499984741211,119.0500030517578,383918,108.33995622029113,0.0,1.0,yahoo,2024-06-23 23:05:15
2018-01-08,GETI-B.ST,119.3499984741211,120.4499969482422,118.5,118.6500015258789,880576,107.97593986841477,0.0,1.0,yahoo,2024-06-23 23:05:15
2018-01-09,GETI-B.ST,118.9000015258789,119.8000030517578,117.4000015258789,118.1999969482422,1248342,107.56641886891597,0.0,1.0,yahoo,2024-06-23 23:05:15
2018-01-10,GETI-B.ST,118.1999969482422,118.25,117.0500030517578,117.5,889431,106.92939546040814,0.0,1.0,yahoo,2024-06-23 23:05:15
2018-01-11,GETI-B.ST,117.8000030517578,117.9499969482422,116.4000015258789,117.8000030517578,754372,107.20240946007401,0.0,1.0,yahoo,2024-06-23 23:05:15
2018-01-12,GETI-B.ST,118.0,118.3000030517578,116.5,117.4499969482422,558370,106.88389081278571,0.0,1.0,yahoo,2024-06-23 23:05:15
2018-01-15,GETI-B.ST,117.25,117.8000030517578,116.75,117.5500030517578,509897,106.9749001080306,0.0,1.0,yahoo,2024-06-23 23:05:15
2018-01-16,GETI-B.ST,117.5,118.0500030517578,116.5999984741211,116.8000030517578,630278,106.29237205190033,0.0,1.0,yahoo,2024-06-23 23:05:15
2018-01-17,GETI-B.ST,116.9000015258789,116.9000015258789,114.8000030517578,115.4000015258789,901833,105.01831829185029,0.0,1.0,yahoo,2024-06-23 23:05:15
2018-01-18,GETI-B.ST,115.1999969482422,115.5999984741211,112.8000030517578,113.6999969482422,1310384,103.47125053213439,0.0,1.0,yahoo,2024-06-23 23:05:15
2018-01-19,GETI-B.ST,113.9499969482422,115.75,112.75,115.5500030517578,1078970,105.15482529168322,0.0,1.0,yahoo,2024-06-23 23:05:15
2018-01-22,GETI-B.ST,115.3499984741211,115.9000015258789,114.75,115.9000015258789,686846,105.47333699593713,0.0,1.0,yahoo,2024-06-23 23:05:15
2018-01-23,GETI-B.ST,116.1500015258789,117.3499984741211,115.9000015258789,117.0500030517578,696265,106.51988140394374,0.0,1.0,yahoo,2024-06-23 23:05:15
2018-01-24,GETI-B.ST,117.0,117.0,115.5,115.9499969482422,850011,105.51883470052518,0.0,1.0,yahoo,2024-06-23 23:05:15
2018-01-25,GETI-B.ST,115.5999984741211,117.3000030517578,114.75,115.5999984741211,1606538,105.20032299627127,0.0,1.0,yahoo,2024-06-23 23:05:15
2018-01-26,GETI-B.ST,115.1999969482422,116.6999969482422,114.9499969482422,116.1999969482422,1000628,105.7463440525686,0.0,1.0,yahoo,2024-06-23 23:05:15
2018-01-29,GETI-B.ST,111.6999969482422,113.75,102.5,104.0500030517578,7779292,94.68939509768583,0.0,1.0,yahoo,2024-06-23 23:05:15
2018-01-30,GETI-B.ST,105.3000030517578,105.4499969482422,103.1999969482422,104.5,3441062,95.09890915415023,0.0,1.0,yahoo,2024-06-23 23:05:15
2018-01-31,GETI-B.ST,104.5,109.5999984741211,104.1999969482422,107.9000015258789,3706574,98.19303773054764,0.0,1.0,yahoo,2024-06-23 23:05:15
2018-02-01,GETI-B.ST,108.1999969482422,108.4000015258789,106.5500030517578,108.0,1441133,98.28404008275812,0.0,1.0,yahoo,2024-06-23 23:05:15
2018-02-02,GETI-B.ST,108.0999984741211,109.0,106.8499984741211,107.6999969482422,1532787,98.01102608309226,0.0,1.0,yahoo,2024-06-23 23:05:15
2018-02-05,GETI-B.ST,107.1500015258789,108.3000030517578,105.5999984741211,106.0,1786708,96.46396526641075,0.0,1.0,yahoo,2024-06-23 23:05:15
2018-02-06,GETI-B.ST,102.8000030517578,104.6500015258789,101.75,102.1999969482422,2522736,93.00582033813699,0.0,1.0,yahoo,2024-06-23 23:05:15
2018-02-07,GETI-B.ST,103.0500030517578,104.6999969482422,101.8499984741211,103.8000030517578,2259816,94.4618857456424,0.0,1.0,yahoo,2024-06-23 23:05:15
2018-02-08,GETI-B.ST,103.5,104.5500030517578,102.0500030517578,102.0500030517578,1289274,92.86932028133846,0.0,1.0,yahoo,2024-06-23 23:05:15
2018-02-09,GETI-B.ST,101.8000030517578,102.6500015258789,100.3000030517578,100.5500030517578,1224770,91.50426416907793,0.0,1.0,yahoo,2024-06-23 23:05:15
2018-02-12,GETI-B.ST,101.4000015258789,102.1999969482422,101.0500030517578,101.75,1291535,92.5963062816726,0.0,1.0,yahoo,2024-06-23 23:05:15
2018-02-13,GETI-B.ST,101.8000030517578,102.0999984741211,99.87999725341795,100.1500015258789,1089319,91.14024781720158,0.0,1.0,yahoo,2024-06-23 23:05:15
2018-02-14,GETI-B.ST,100.3499984741211,102.0999984741211,100.1999969482422,100.9000015258789,1145433,91.82277587333184,0.0,1.0,yahoo,2024-06-23 23:05:15
2018-02-15,GETI-B.ST,101.25,101.6500015258789,100.75,101.0500030517578,895042,91.95928287316477,0.0,1.0,yahoo,2024-06-23 23:05:15
2018-02-16,GETI-B.ST,101.3499984741211,103.3000030517578,100.9499969482422,102.9000015258789,1168174,93.64285068967922,0.0,1.0,yahoo,2024-06-23 23:05:15
2018-02-19,GETI-B.ST,102.9499969482422,103.0999984741211,100.9499969482422,101.1500015258789,799369,92.05028522537526,0.0,1.0,yahoo,2024-06-23 23:05:15
2018-02-20,GETI-B.ST,101.25,102.6500015258789,101.0999984741211,102.0,613576,92.82381563371601,0.0,1.0,yahoo,2024-06-23 23:05:15
2018-02-21,GETI-B.ST,101.4000015258789,102.4499969482422,101.1500015258789,102.0999984741211,507072,92.91481798592649,0.0,1.0,yahoo,2024-06-23 23:05:15
2018-02-22,GETI-B.ST,101.5999984741211,103.0500030517578,101.25,102.8000030517578,680000,93.55184833746871,0.0,1.0,yahoo,2024-06-23 23:05:15
2018-02-23,GETI-B.ST,102.8000030517578,104.4000015258789,102.4000015258789,103.9000015258789,1218539,94.5528880978529,0.0,1.0,yahoo,2024-06-23 23:05:15
2018-02-26,GETI-B.ST,104.0999984741211,105.3499984741211,103.75,104.3499984741211,797459,94.96240215431729,0.0,1.0,yahoo,2024-06-23 23:05:15
2018-02-27,GETI-B.ST,104.5,104.9499969482422,103.5,104.1999969482422,974852,94.82589515448437,0.0,1.0,yahoo,2024-06-23 23:05:15
2018-02-28,GETI-B.ST,103.5999984741211,104.8499984741211,103.3499984741211,104.5999984741211,1768652,95.18991150636072,0.0,1.0,yahoo,2024-06-23 23:05:15
2018-03-01,GETI-B.ST,104.5999984741211,104.5999984741211,103.4499969482422,103.8000030517578,1014495,94.4618857456424,0.0,1.0,yahoo,2024-06-23 23:05:15
2018-03-02,GETI-B.ST,103.3499984741211,103.9000015258789,102.0,102.0500030517578,845593,92.86932028133846,0.0,1.0,yahoo,2024-06-23 23:05:15
2018-03-05,GETI-B.ST,102.0500030517578,102.6500015258789,101.6500015258789,102.1999969482422,919819,93.00582033813699,0.0,1.0,yahoo,2024-06-23 23:05:15
2018-03-06,GETI-B.ST,103.0,103.5500030517578,101.8499984741211,102.1999969482422,1194674,93.00582033813699,0.0,1.0,yahoo,2024-06-23 23:05:15
2018-03-07,GETI-B.ST,102.0,102.6500015258789,100.5500030517578,102.4000015258789,1801232,93.18783198559237,0.0,1.0,yahoo,2024-06-23 23:05:15
2018-03-08,GETI-B.ST,102.4000015258789,109.3499984741211,102.4000015258789,108.75,2413718,98.96656813888839,0.0,1.0,yahoo,2024-06-23 23:05:15
2018-03-09,GETI-B.ST,108.5999984741211,111.5500030517578,106.8000030517578,110.9000015258789,2135860,100.92314995506871,0.0,1.0,yahoo,2024-06-23 23:05:15
2018-03-12,GETI-B.ST,111.1999969482422,111.3499984741211,106.8000030517578,107.0500030517578,1988938,97.41950732220688,0.0,1.0,yahoo,2024-06-23 23:05:15
2018-03-13,GETI-B.ST,107.1500015258789,109.25,106.3499984741211,107.3499984741211,1277068,97.69251437883835,0.0,1.0,yahoo,2024-06-23 23:05:15
2018-03-14,GETI-B.ST,107.4499969482422,108.9499969482422,107.1999969482422,107.5999984741211,868290,97.92002373088177,0.0,1.0,yahoo,2024-06-23 23:05:15
2018-03-15,GETI-B.ST,107.9499969482422,108.4499969482422,107.1999969482422,108.3499984741211,801012,98.60255178701203,0.0,1.0,yahoo,2024-06-23 23:05:15
2018-03-16,GETI-B.ST,108.3000030517578,108.3000030517578,106.9499969482422,107.1500015258789,1015921,97.51050967441738,0.0,1.0,yahoo,2024-06-23 23:05:15
2018-03-19,GETI-B.ST,106.6500015258789,106.9499969482422,105.5500030517578,105.75,686077,96.23645591436734,0.0,1.0,yahoo,2024-06-23 23:05:15
2018-03-20,GETI-B.ST,106.25,106.4000015258789,103.6500015258789,103.9000015258789,1098947,94.5528880978529,0.0,1.0,yahoo,2024-06-23 23:05:15
2018-03-21,GETI-B.ST,99.0,99.45999908447266,95.83999633789062,96.68000030517578,7421698,87.98241689995338,0.0,1.0,yahoo,2024-06-23 23:05:15
2018-03-22,GETI-B.ST,96.36000061035156,96.36000061035156,93.12000274658205,93.58000183105467,3136422,85.16130232322182,0.0,1.0,yahoo,2024-06-23 23:05:15
2018-03-23,GETI-B.ST,92.77999877929688,93.66000366210938,91.4800033569336,93.1999969482422,2242636,84.81548366457382,0.0,1.0,yahoo,2024-06-23 23:05:15
2018-03-26,GETI-B.ST,93.3000030517578,94.08000183105467,92.4000015258789,92.5999984741211,1201081,84.26946260827647,0.0,1.0,yahoo,2024-06-23 23:05:15
2018-03-27,GETI-B.ST,93.4000015258789,94.95999908447266,93.0999984741211,94.36000061035156,1332679,85.8711303907118,0.0,1.0,yahoo,2024-06-23 23:05:15
2018-03-28,GETI-B.ST,93.63999938964844,94.31999969482422,93.16000366210938,94.0999984741211,1803598,85.634518720537,0.0,1.0,yahoo,2024-06-23 23:05:15
2018-03-29,GETI-B.ST,94.1999969482422,95.8000030517578,94.1999969482422,94.94000244140624,887699,86.39895375378079,0.0,1.0,yahoo,2024-06-23 23:05:15
2018-04-03,GETI-B.ST,94.4800033569336,94.6999969482422,93.1999969482422,93.5,1282755,85.08849766423968,0.0,1.0,yahoo,2024-06-23 23:05:15
2018-04-04,GETI-B.ST,93.5999984741211,93.66000366210938,91.73999786376952,92.72000122070312,1191511,84.37866959674972,0.0,1.0,yahoo,2024-06-23 23:05:15
2018-04-05,GETI-B.ST,93.77999877929688,95.72000122070312,93.44000244140624,95.4800033569336,962281,86.89037478735872,0.0,1.0,yahoo,2024-06-23 23:05:15
2018-04-06,GETI-B.ST,94.81999969482422,97.36000061035156,94.73999786376952,96.08000183105467,1279510,87.43639584365604,0.0,1.0,yahoo,2024-06-23 23:05:15
2018-04-09,GETI-B.ST,96.63999938964844,97.77999877929688,95.4000015258789,96.04000091552734,1057871,87.39999351416498,0.0,1.0,yahoo,2024-06-23 23:05:15
2018-04-10,GETI-B.ST,96.72000122070312,96.73999786376952,94.9800033569336,95.41999816894533,1061904,86.8357678216049,0.0,1.0,yahoo,2024-06-23 23:05:15
2018-04-11,GETI-B.ST,95.45999908447266,97.5199966430664,94.5,94.5,1293447,85.99853507241336,0.0,1.0,yahoo,2024-06-23 23:05:15
2018-04-12,GETI-B.ST,94.5199966430664,96.6999969482422,94.5199966430664,96.05999755859376,1046315,87.4181912073933,0.0,1.0,yahoo,2024-06-23 23:05:15
2018-04-13,GETI-B.ST,96.37999725341795,98.1999969482422,96.05999755859376,97.0199966430664,1091365,88.2918262860759,0.0,1.0,yahoo,2024-06-23 23:05:15
2018-04-16,GETI-B.ST,97.12000274658205,97.4000015258789,95.9800033569336,96.22000122070312,1029249,87.5638005253576,0.0,1.0,yahoo,2024-06-23 23:05:15
2018-04-17,GETI-B.ST,96.22000122070312,97.81999969482422,96.1999969482422,97.5199966430664,1038445,88.74684499016276,0.0,1.0,yahoo,2024-06-23 23:05:15
2018-04-18,GETI-B.ST,97.5,97.9800033569336,96.1999969482422,97.23999786376952,493704,88.49203562675962,0.0,1.0,yahoo,2024-06-23 23:05:15
2018-04-19,GETI-B.ST,97.3000030517578,97.45999908447266,94.77999877929688,95.12000274658205,1472745,86.56276076497346,0.0,1.0,yahoo,2024-06-23 23:05:15
2018-04-20,GETI-B.ST,94.73999786376952,96.0,93.6999969482422,95.58000183105467,1414394,86.98137713956919,0.0,1.0,yahoo,2024-06-23 23:05:15
2018-04-23,GETI-B.ST,95.6999969482422,97.0,95.4800033569336,97.0,1144324,88.27362859284759,0.0,1.0,yahoo,2024-06-23 23:05:15
2018-04-24,GETI-B.ST,97.26000213623048,98.23999786376952,95.58000183105467,95.6999969482422,1153218,87.09057718500803,0.0,1.0,yahoo,2024-06-23 23:05:15
2018-04-25,GETI-B.ST,95.81999969482422,97.41999816894533,94.94000244140624,95.95999908447266,1590364,87.32718885518281,0.0,1.0,yahoo,2024-06-23 23:05:15
2018-04-26,GETI-B.ST,95.44000244140624,99.62000274658205,88.54000091552734,89.9800033569336,7437825,81.88516904240345,0.0,1.0,yahoo,2024-06-23 23:05:15
2018-04-27,GETI-B.ST,87.45999908447266,88.0999984741211,82.0,84.16000366210938,6260206,77.88715941477281,1.5,1.0,yahoo,2024-06-23 23:05:15
2018-04-30,GETI-B.ST,84.0,85.37999725341797,81.66000366210938,81.66000366210938,2550576,75.57349627237684,0.0,1.0,yahoo,2024-06-23 23:05:15
2018-05-02,GETI-B.ST,82.5,85.36000061035156,82.26000213623047,83.36000061035156,7384322,77.14678438491026,0.0,1.0,yahoo,2024-06-23 23:05:15
2018-05-03,GETI-B.ST,83.36000061035156,83.5999984741211,82.36000061035156,83.45999908447266,2695976,77.23932949845819,0.0,1.0,yahoo,2024-06-23 23:05:15
2018-05-04,GETI-B.ST,83.83999633789062,84.72000122070312,82.5199966430664,84.5,1811897,78.20181421298366,0.0,1.0,yahoo,2024-06-23 23:05:15
2018-05-07,GETI-B.ST,86.63999938964844,88.30000305175781,85.12000274658203,87.58000183105469,3011457,81.05224889899299,0.0,1.0,yahoo,2024-06-23 23:05:15
2018-05-08,GETI-B.ST,87.58000183105469,88.26000213623047,86.62000274658203,87.37999725341797,1696811,80.86715161115757,0.0,1.0,yahoo,2024-06-23 23:05:15
2018-05-09,GETI-B.ST,87.37999725341797,87.76000213623047,86.22000122070312,87.37999725341797,1203992,80.86715161115757,0.0,1.0,yahoo,2024-06-23 23:05:15
2018-05-11,GETI-B.ST,87.37999725341797,88.16000366210938,85.13999938964844,85.19999694824219,2017536,78.8496370685587,0.0,1.0,yahoo,2024-06-23 23:05:15
2018-05-14,GETI-B.ST,85.5,85.58000183105469,84.69999694824219,85.0,1219019,78.66454684146285,0.0,1.0,yahoo,2024-06-23 23:05:15
2018-05-15,GETI-B.ST,85.0,85.4000015258789,82.73999786376953,84.44000244140625,2474379,78.14628855700282,0.0,1.0,yahoo,2024-06-23 23:05:15
2018-05-16,GETI-B.ST,84.4000015258789,84.72000122070312,83.37999725341797,84.30000305175781,1931567,78.01672398588781,0.0,1.0,yahoo,2024-06-23 23:05:15
2018-05-17,GETI-B.ST,84.36000061035156,85.41999816894531,84.13999938964844,85.0,1888677,78.66454684146285,0.0,1.0,yahoo,2024-06-23 23:05:15
2018-05-18,GETI-B.ST,85.0,85.54000091552734,84.36000061035156,84.95999908447266,1710355,78.62752738389577,0.0,1.0,yahoo,2024-06-23 23:05:15
2018-05-21,GETI-B.ST,85.30000305175781,87.66000366210938,85.30000305175781,86.4800033569336,1874703,80.03423852848668,0.0,1.0,yahoo,2024-06-23 23:05:15
2018-05-22,GETI-B.ST,86.69999694824219,86.81999969482422,84.54000091552734,85.08000183105469,1840945,78.73858575659702,0.0,1.0,yahoo,2024-06-23 23:05:15
2018-05-23,GETI-B.ST,85.0,85.0,83.54000091552734,84.0999984741211,1678633,77.83162669805239,0.0,1.0,yahoo,2024-06-23 23:05:15
2018-05-24,GETI-B.ST,84.23999786376953,84.86000061035156,83.4000015258789,83.68000030517578,1366919,77.44293298470737,0.0,1.0,yahoo,2024-06-23 23:05:15
2018-05-25,GETI-B.ST,83.73999786376953,84.12000274658203,82.95999908447266,83.68000030517578,1810412,77.44293298470737,0.0,1.0,yahoo,2024-06-23 23:05:15
2018-05-28,GETI-B.ST,83.81999969482422,84.05999755859375,83.18000030517578,83.23999786376953,1137302,77.03572601220901,0.0,1.0,yahoo,2024-06-23 23:05:15
2018-05-29,GETI-B.ST,82.94000244140625,83.95999908447266,81.80000305175781,83.5999984741211,1994191,77.3688940695732,0.0,1.0,yahoo,2024-06-23 23:05:15
2018-05-30,GETI-B.ST,83.0,84.18000030517578,82.62000274658203,83.5999984741211,1898099,77.3688940695732,0.0,1.0,yahoo,2024-06-23 23:05:15
2018-05-31,GETI-B.ST,83.72000122070312,85.45999908447266,82.04000091552734,85.45999908447266,18916214,79.09026001237497,0.0,1.0,yahoo,2024-06-23 23:05:15
2018-06-01,GETI-B.ST,85.4000015258789,89.37999725341797,84.19999694824219,88.87999725341797,3017454,82.25534949659514,0.0,1.0,yahoo,2024-06-23 23:05:15
2018-06-04,GETI-B.ST,89.04000091552734,89.5999984741211,87.94000244140625,89.18000030517578,1938562,82.53299189797849,0.0,1.0,yahoo,2024-06-23 23:05:15
2018-06-05,GETI-B.ST,89.19999694824219,89.81999969482422,88.22000122070312,88.86000061035156,1621339,82.2368432981814,0.0,1.0,yahoo,2024-06-23 23:05:15
2018-06-06,GETI-B.ST,88.86000061035156,88.86000061035156,88.86000061035156,88.86000061035156,0,82.2368432981814,0.0,1.0,yahoo,2024-06-23 23:05:15
2018-06-07,GETI-B.ST,84.41999816894531,86.5199966430664,83.5,85.73999786376953,7205116,79.34938915460498,0.0,1.0,yahoo,2024-06-23 23:05:15
2018-06-08,GETI-B.ST,85.30000305175781,85.36000061035156,82.12000274658203,82.37999725341797,3831360,76.23982532636563,0.0,1.0,yahoo,2024-06-23 23:05:15
2018-06-11,GETI-B.ST,82.5999984741211,83.9800033569336,81.73999786376953,82.73999786376953,2026075,76.57299338372982,0.0,1.0,yahoo,2024-06-23 23:05:15
2018-06-12,GETI-B.ST,82.9000015258789,83.5,82.13999938964844,83.16000366210938,1425992,76.96169415781442,0.0,1.0,yahoo,2024-06-23 23:05:15
2018-06-13,GETI-B.ST,83.16000366210938,83.16000366210938,81.9000015258789,82.0999984741211,1685189,75.98069618413562,0.0,1.0,yahoo,2024-06-23 23:05:15
2018-06-14,GETI-B.ST,82.12000274658203,85.26000213623047,82.0,84.9000015258789,2324642,78.57200172791494,0.0,1.0,yahoo,2024-06-23 23:05:15
2018-06-15,GETI-B.ST,84.77999877929688,85.16000366210938,83.87999725341797,84.91999816894531,3647670,78.59050792632868,0.0,1.0,yahoo,2024-06-23 23:05:15
2018-06-18,GETI-B.ST,84.5,84.72000122070312,82.66000366210938,83.4000015258789,1511538,77.18380384247735,0.0,1.0,yahoo,2024-06-23 23:05:15
2018-06-19,GETI-B.ST,82.37999725341797,82.5,80.76000213623047,82.16000366210938,2144481,76.03622890085603,0.0,1.0,yahoo,2024-06-23 23:05:15
2018-06-20,GETI-B.ST,82.16000366210938,82.30000305175781,80.86000061035156,81.76000213623047,2427470,75.66604138592477,0.0,1.0,yahoo,2024-06-23 23:05:15
2018-06-21,GETI-B.ST,81.9000015258789,82.0999984741211,80.68000030517578,81.22000122070312,1566960,75.16628929987849,0.0,1.0,yahoo,2024-06-23 23:05:15
2018-06-22,GETI-B.ST,81.22000122070312,81.22000122070312,81.22000122070312,81.22000122070312,0,75.16628929987849,0.0,1.0,yahoo,2024-06-23 23:05:15
2018-06-25,GETI-B.ST,81.19999694824219,83.04000091552734,80.9000015258789,81.22000122070312,1284172,75.16628929987849,0.0,1.0,yahoo,2024-06-23 23:05:15
2018-06-26,GETI-B.ST,81.37999725341797,81.77999877929688,80.87999725341797,81.12000274658203,1150831,75.07374418633056,0.0,1.0,yahoo,2024-06-23 23:05:15
2018-06-27,GETI-B.ST,80.87999725341797,81.63999938964844,79.36000061035156,81.44000244140625,1520729,75.36989278612766,0.0,1.0,yahoo,2024-06-23 23:05:15
2018-06-28,GETI-B.ST,81.26000213623047,81.9800033569336,79.13999938964844,79.66000366210938,1353355,73.72256575846006,0.0,1.0,yahoo,2024-06-23 23:05:15
2018-06-29,GETI-B.ST,80.23999786376953,81.76000213623047,80.12000274658203,81.5,1746518,75.42541844210851,0.0,1.0,yahoo,2024-06-23 23:05:15
2018-07-02,GETI-B.ST,81.0199966430664,81.08000183105469,80.0999984741211,80.94000244140625,949100,74.90716015764848,0.0,1.0,yahoo,2024-06-23 23:05:15
2018-07-03,GETI-B.ST,81.18000030517578,81.62000274658203,80.80000305175781,81.19999694824219,1036434,75.14777604072516,0.0,1.0,yahoo,2024-06-23 23:05:15
2018-07-04,GETI-B.ST,81.13999938964844,81.13999938964844,79.81999969482422,80.19999694824219,881908,74.22231078376677,0.0,1.0,yahoo,2024-06-23 23:05:15
2018-07-05,GETI-B.ST,80.4800033569336,82.0999984741211,80.30000305175781,81.83999633789062,2364353,75.74007324031936,0.0,1.0,yahoo,2024-06-23 23:05:15
2018-07-06,GETI-B.ST,81.9800033569336,83.83999633789062,81.9800033569336,82.80000305175781,2071645,76.62852610045023,0.0,1.0,yahoo,2024-06-23 23:05:15
2018-07-09,GETI-B.ST,82.91999816894531,84.33999633789062,82.83999633789062,83.86000061035156,1301461,77.60951701338946,0.0,1.0,yahoo,2024-06-23 23:05:15
2018-07-10,GETI-B.ST,83.86000061035156,84.87999725341797,83.4000015258789,84.4800033569336,1196938,78.1833080145699,0.0,1.0,yahoo,2024-06-23 23:05:15
2018-07-11,GETI-B.ST,84.23999786376953,84.23999786376953,82.80000305175781,83.58000183105469,1158508,77.35038787115944,0.0,1.0,yahoo,2024-06-23 23:05:15
2018-07-12,GETI-B.ST,83.81999969482422,84.95999908447266,83.0999984741211,84.5,1007018,78.20181421298366,0.0,1.0,yahoo,2024-06-23 23:05:15
2018-07-13,GETI-B.ST,84.63999938964844,85.62000274658203,84.54000091552734,84.63999938964844,871157,78.33137878409867,0.0,1.0,yahoo,2024-06-23 23:05:15
2018-07-16,GETI-B.ST,85.0,86.9000015258789,83.91999816894531,86.9000015258789,1510351,80.4229322418317,0.0,1.0,yahoo,2024-06-23 23:05:15
2018-07-17,GETI-B.ST,92.0,96.9000015258789,89.72000122070312,96.0,6829449,88.84466466800511,0.0,1.0,yahoo,2024-06-23 23:05:15
2018-07-18,GETI-B.ST,96.0,96.0,92.27999877929688,93.04000091552734,2599311,86.10528835469704,0.0,1.0,yahoo,2024-06-23 23:05:15
2018-07-19,GETI-B.ST,93.05999755859376,93.05999755859376,90.04000091552734,91.5,2011397,84.68007101169236,0.0,1.0,yahoo,2024-06-23 23:05:15
2018-07-20,GETI-B.ST,91.6999969482422,92.44000244140624,90.81999969482422,92.27999877929688,1527168,85.40193278240157,0.0,1.0,yahoo,2024-06-23 23:05:15
2018-07-23,GETI-B.ST,92.27999877929688,92.68000030517578,91.44000244140624,92.0999984741211,887486,85.23534875371949,0.0,1.0,yahoo,2024-06-23 23:05:15
2018-07-24,GETI-B.ST,92.26000213623048,93.18000030517578,92.04000091552734,92.73999786376952,959828,85.82764595331368,0.0,1.0,yahoo,2024-06-23 23:05:15
2018-07-25,GETI-B.ST,92.45999908447266,93.08000183105467,92.3000030517578,92.4800033569336,723704,85.587030070237,0.0,1.0,yahoo,2024-06-23 23:05:15
2018-07-26,GETI-B.ST,93.18000030517578,94.62000274658205,93.0199966430664,94.0999984741211,1321927,87.08627926763626,0.0,1.0,yahoo,2024-06-23 23:05:15
2018-07-27,GETI-B.ST,94.4000015258789,94.55999755859376,93.22000122070312,94.5,1006219,87.45646678256753,0.0,1.0,yahoo,2024-06-23 23:05:15
2018-07-30,GETI-B.ST,94.33999633789062,95.27999877929688,93.77999877929688,94.9000015258789,833887,87.82665429749879,0.0,1.0,yahoo,2024-06-23 23:05:15
2018-07-31,GETI-B.ST,94.9000015258789,95.13999938964844,93.91999816894533,94.8000030517578,1329339,87.73410918395086,0.0,1.0,yahoo,2024-06-23 23:05:15
2018-08-01,GETI-B.ST,95.0,98.72000122070312,95.0,98.08000183105467,1947089,90.76963409705604,0.0,1.0,yahoo,2024-06-23 23:05:15
2018-08-02,GETI-B.ST,98.0,99.04000091552734,97.63999938964844,98.8000030517578,1499046,91.43597021178441,0.0,1.0,yahoo,2024-06-23 23:05:15
2018-08-03,GETI-B.ST,98.9800033569336,99.4000015258789,96.4000015258789,98.55999755859376,1541615,91.21385346638193,0.0,1.0,yahoo,2024-06-23 23:05:15
2018-08-06,GETI-B.ST,98.54000091552734,98.5999984741211,97.91999816894533,98.4000015258789,1244514,91.06578269685315,0.0,1.0,yahoo,2024-06-23 23:05:15
2018-08-07,GETI-B.ST,98.0999984741211,99.13999938964844,98.0199966430664,98.87999725341795,837614,91.510002066179,0.0,1.0,yahoo,2024-06-23 23:05:15
2018-08-08,GETI-B.ST,98.5199966430664,99.5199966430664,97.77999877929688,99.12000274658205,905080,91.73211881158153,0.0,1.0,yahoo,2024-06-23 23:05:15
2018-08-09,GETI-B.ST,98.91999816894533,99.73999786376952,98.4000015258789,99.5,641299,92.08379306735947,0.0,1.0,yahoo,2024-06-23 23:05:15
2018-08-10,GETI-B.ST,99.23999786376952,99.4800033569336,97.36000061035156,98.0,1008561,90.69559518192189,0.0,1.0,yahoo,2024-06-23 23:05:15
2018-08-13,GETI-B.ST,97.5199966430664,97.77999877929688,96.44000244140624,97.23999786376952,1035546,89.99223960962641,0.0,1.0,yahoo,2024-06-23 23:05:15
2018-08-14,GETI-B.ST,97.41999816894533,98.08000183105467,96.81999969482422,97.4000015258789,656478,90.14031743989476,0.0,1.0,yahoo,2024-06-23 23:05:15
2018-08-15,GETI-B.ST,97.18000030517578,98.12000274658205,96.27999877929688,96.5199966430664,610714,89.32590349489806,0.0,1.0,yahoo,2024-06-23 23:05:15
2018-08-16,GETI-B.ST,97.16000366210938,98.05999755859376,96.9800033569336,97.6999969482422,599169,90.41795278053856,0.0,1.0,yahoo,2024-06-23 23:05:15
2018-08-17,GETI-B.ST,97.37999725341795,98.31999969482422,97.33999633789062,98.27999877929688,579165,90.9547243241519,0.0,1.0,yahoo,2024-06-23 23:05:15
2018-08-20,GETI-B.ST,98.0,98.62000274658205,97.26000213623048,97.9800033569336,729886,90.67708898350813,0.0,1.0,yahoo,2024-06-23 23:05:15
2018-08-21,GETI-B.ST,97.68000030517578,100.5500030517578,97.58000183105467,100.0500030517578,1072107,92.59280178298239,0.0,1.0,yahoo,2024-06-23 23:05:15
2018-08-22,GETI-B.ST,100.25,106.5999984741211,100.0500030517578,106.4499969482422,2637601,98.51577377892443,0.0,1.0,yahoo,2024-06-23 23:05:15
2018-08-23,GETI-B.ST,106.0,109.5,105.8499984741211,108.9499969482422,2542083,100.8294369213204,0.0,1.0,yahoo,2024-06-23 23:05:15
2018-08-24,GETI-B.ST,108.9499969482422,109.9000015258789,107.6500015258789,108.6999969482422,1591964,100.5980706070808,0.0,1.0,yahoo,2024-06-23 23:05:15
2018-08-27,GETI-B.ST,108.8000030517578,110.8000030517578,108.8000030517578,109.9499969482422,1093778,101.75490217827878,0.0,1.0,yahoo,2024-06-23 23:05:15
2018-08-28,GETI-B.ST,110.3000030517578,110.4000015258789,108.3000030517578,109.8499984741211,1802139,101.66235706473086,0.0,1.0,yahoo,2024-06-23 23:05:15
2018-08-29,GETI-B.ST,109.8000030517578,109.8000030517578,106.5500030517578,108.5999984741211,1495997,100.50552549353287,0.0,1.0,yahoo,2024-06-23 23:05:15
2018-08-30,GETI-B.ST,108.6500015258789,109.5,107.75,109.0500030517578,971797,100.92198909560787,0.0,1.0,yahoo,2024-06-23 23:05:15
2018-08-31,GETI-B.ST,109.0,109.6500015258789,108.75,109.0,1041188,100.87571300846413,0.0,1.0,yahoo,2024-06-23 23:05:15
2018-09-03,GETI-B.ST,108.5500030517578,109.8499984741211,108.4499969482422,108.5,760133,100.41298037998494,0.0,1.0,yahoo,2024-06-23 23:05:15
2018-09-04,GETI-B.ST,108.5,108.6500015258789,106.3000030517578,107.0500030517578,750844,99.07105858169109,0.0,1.0,yahoo,2024-06-23 23:05:15
2018-09-05,GETI-B.ST,107.0500030517578,108.3000030517578,106.8000030517578,106.9000015258789,731252,98.93223738099944,0.0,1.0,yahoo,2024-06-23 23:05:15
2018-09-06,GETI-B.ST,106.8499984741211,108.5500030517578,105.75,107.0500030517578,1134091,99.07105858169109,0.0,1.0,yahoo,2024-06-23 23:05:15
2018-09-07,GETI-B.ST,107.1999969482422,107.3000030517578,104.6999969482422,106.1999969482422,1043250,98.28440746468483,0.0,1.0,yahoo,2024-06-23 23:05:15
2018-09-10,GETI-B.ST,106.0500030517578,107.4000015258789,105.8000030517578,107.0,909795,99.02478249454737,0.0,1.0,yahoo,2024-06-23 23:05:15
2018-09-11,GETI-B.ST,107.3000030517578,107.8499984741211,106.5500030517578,107.6999969482422,989092,99.67260535012241,0.0,1.0,yahoo,2024-06-23 23:05:15
2018-09-12,GETI-B.ST,107.9499969482422,109.0500030517578,107.5,109.0,729667,100.87571300846413,0.0,1.0,yahoo,2024-06-23 23:05:15
2018-09-13,GETI-B.ST,109.0,109.75,108.5999984741211,109.5999984741211,851200,101.43099075049125,0.0,1.0,yahoo,2024-06-23 23:05:15
2018-09-14,GETI-B.ST,109.75,109.9000015258789,106.8000030517578,108.6500015258789,1072170,100.55180158067661,0.0,1.0,yahoo,2024-06-23 23:05:15
2018-09-17,GETI-B.ST,108.0,108.4000015258789,105.8499984741211,107.0999984741211,788247,99.11732760809528,0.0,1.0,yahoo,2024-06-23 23:05:15
2018-09-18,GETI-B.ST,107.0500030517578,107.0500030517578,105.4499969482422,106.25,724423,98.33068355182857,0.0,1.0,yahoo,2024-06-23 23:05:15
2018-09-19,GETI-B.ST,106.25,107.8499984741211,106.1500015258789,106.6500015258789,819591,98.70087106675985,0.0,1.0,yahoo,2024-06-23 23:05:15
2018-09-20,GETI-B.ST,106.75,108.9000015258789,106.5,108.6500015258789,1230576,100.55180158067661,0.0,1.0,yahoo,2024-06-23 23:05:15
2018-09-21,GETI-B.ST,108.9000015258789,109.6999969482422,108.75,109.3499984741211,921843,101.19962443625165,0.0,1.0,yahoo,2024-06-23 23:05:15
2018-09-24,GETI-B.ST,109.3499984741211,109.5999984741211,106.1999969482422,107.8499984741211,1219930,99.81142655081408,0.0,1.0,yahoo,2024-06-23 23:05:15
2018-09-25,GETI-B.ST,108.1500015258789,108.8000030517578,106.8499984741211,107.5999984741211,743675,99.58006023657448,0.0,1.0,yahoo,2024-06-23 23:05:15
2018-09-26,GETI-B.ST,107.4499969482422,107.4499969482422,100.25,103.5,3024615,95.78565409519301,0.0,1.0,yahoo,2024-06-23 23:05:15
2018-09-27,GETI-B.ST,102.9499969482422,104.0,102.4499969482422,103.9499969482422,1064123,96.20211063652847,0.0,1.0,yahoo,2024-06-23 23:05:15
2018-09-28,GETI-B.ST,103.9499969482422,103.9499969482422,102.1500015258789,102.4000015258789,871011,94.76764372468669,0.0,1.0,yahoo,2024-06-23 23:05:15
2018-10-01,GETI-B.ST,102.3499984741211,103.0999984741211,100.1500015258789,101.0500030517578,1864747,93.51826703994078,0.0,1.0,yahoo,2024-06-23 23:05:15
2018-10-02,GETI-B.ST,100.8499984741211,101.3499984741211,99.62000274658205,100.3000030517578,1603706,92.82416809722199,0.0,1.0,yahoo,2024-06-23 23:05:15
2018-10-03,GETI-B.ST,100.4000015258789,103.3499984741211,100.4000015258789,102.4000015258789,1145720,94.76764372468669,0.0,1.0,yahoo,2024-06-23 23:05:15
2018-10-04,GETI-B.ST,102.6500015258789,102.6500015258789,98.45999908447266,98.87999725341795,1601393,91.510002066179,0.0,1.0,yahoo,2024-06-23 23:05:15
2018-10-05,GETI-B.ST,99.27999877929688,100.5500030517578,97.8000030517578,97.95999908447266,1637806,90.6585757243548,0.0,1.0,yahoo,2024-06-23 23:05:15
2018-10-08,GETI-B.ST,97.5199966430664,97.86000061035156,91.86000061035156,94.31999969482422,3822175,87.28988275388544,0.0,1.0,yahoo,2024-06-23 23:05:15
2018-10-09,GETI-B.ST,94.0,95.0,93.08000183105467,94.16000366210938,1386487,87.14181198435666,0.0,1.0,yahoo,2024-06-23 23:05:15
2018-10-10,GETI-B.ST,94.16000366210938,94.4000015258789,92.8000030517578,93.73999786376952,1160488,86.75311121027207,0.0,1.0,yahoo,2024-06-23 23:05:15
2018-10-11,GETI-B.ST,91.58000183105467,95.18000030517578,91.36000061035156,93.95999908447266,2242631,86.95671469652125,0.0,1.0,yahoo,2024-06-23 23:05:15
2018-10-12,GETI-B.ST,94.12000274658205,94.12000274658205,91.23999786376952,92.0199966430664,1382556,85.16130983858532,0.0,1.0,yahoo,2024-06-23 23:05:15
2018-10-15,GETI-B.ST,79.0,82.26000213623047,74.73999786376953,75.08000183105469,8113418,69.48393318701316,0.0,1.0,yahoo,2024-06-23 23:05:15
2018-10-16,GETI-B.ST,74.95999908447266,79.19999694824219,74.95999908447266,78.13999938964844,4091184,72.31585461386916,0.0,1.0,yahoo,2024-06-23 23:05:15
2018-10-17,GETI-B.ST,78.22000122070312,81.30000305175781,77.5999984741211,79.55999755859375,2175590,73.63001358417257,0.0,1.0,yahoo,2024-06-23 23:05:15
2018-10-18,GETI-B.ST,80.0999984741211,85.27999877929688,75.87999725341797,81.81999969482422,5310912,75.7215670419056,0.0,1.0,yahoo,2024-06-23 23:05:15
2018-10-19,GETI-B.ST,82.5,86.08000183105469,81.16000366210938,85.73999786376953,3879798,79.34938915460498,0.0,1.0,yahoo,2024-06-23 23:05:15
2018-10-22,GETI-B.ST,85.5999984741211,86.5,83.86000061035156,85.5199966430664,2583983,79.14578566835581,0.0,1.0,yahoo,2024-06-23 23:05:15
2018-10-23,GETI-B.ST,84.44000244140625,84.58000183105469,81.81999969482422,82.76000213623047,1619682,76.59150664288315,0.0,1.0,yahoo,2024-06-23 23:05:15
2018-10-24,GETI-B.ST,83.77999877929688,86.41999816894531,83.0199966430664,85.62000274658203,1517726,79.2383378426433,0.0,1.0,yahoo,2024-06-23 23:05:15
2018-10-25,GETI-B.ST,84.41999816894531,87.22000122070312,84.13999938964844,85.66000366210938,1856492,79.27535730021039,0.0,1.0,yahoo,2024-06-23 23:05:15
2018-10-26,GETI-B.ST,85.0,86.77999877929688,84.23999786376953,85.23999786376953,1131010,78.88665652612579,0.0,1.0,yahoo,2024-06-23 23:05:15
2018-10-29,GETI-B.ST,85.5,89.41999816894531,85.5,88.18000030517578,1142535,81.60752664102012,0.0,1.0,yahoo,2024-06-23 23:05:15
2018-10-30,GETI-B.ST,88.45999908447266,89.18000030517578,86.31999969482422,89.0199966430664,1062031,82.38491406771016,0.0,1.0,yahoo,2024-06-23 23:05:15
2018-10-31,GETI-B.ST,90.0,91.5,89.62000274658203,89.9000015258789,1580078,83.19932801270687,0.0,1.0,yahoo,2024-06-23 23:05:15
2018-11-01,GETI-B.ST,90.3000030517578,92.0,79.18000030517578,82.83999633789062,5394484,76.66553849727775,0.0,1.0,yahoo,2024-06-23 23:05:15
2018-11-02,GETI-B.ST,85.5,87.5999984741211,85.4000015258789,86.81999969482422,1641432,80.34889332669754,0.0,1.0,yahoo,2024-06-23 23:05:15
2018-11-05,GETI-B.ST,86.63999938964844,87.94000244140625,85.0999984741211,86.66000366210938,1079974,80.20082255716878,0.0,1.0,yahoo,2024-06-23 23:05:15
2018-11-06,GETI-B.ST,86.44000244140625,87.0999984741211,85.45999908447266,86.05999755859375,764875,79.64553775440208,0.0,1.0,yahoo,2024-06-23 23:05:15
2018-11-07,GETI-B.ST,86.33999633789062,88.55999755859375,86.33999633789062,87.62000274658203,711799,81.08926835656007,0.0,1.0,yahoo,2024-06-23 23:05:15
2018-11-08,GETI-B.ST,87.58000183105469,88.26000213623047,85.9800033569336,86.13999938964844,706353,79.71957666953625,0.0,1.0,yahoo,2024-06-23 23:05:15
2018-11-09,GETI-B.ST,85.62000274658203,86.58000183105469,83.62000274658203,86.36000061035156,1002288,79.92318015578543,0.0,1.0,yahoo,2024-06-23 23:05:15
2018-11-12,GETI-B.ST,86.23999786376953,86.5199966430664,83.45999908447266,83.69999694824219,1079541,77.46143918312113,0.0,1.0,yahoo,2024-06-23 23:05:15
2018-11-13,GETI-B.ST,83.4800033569336,84.18000030517578,82.5,83.41999816894531,765650,77.2023100408911,0.0,1.0,yahoo,2024-06-23 23:05:15
2018-11-14,GETI-B.ST,83.0,83.41999816894531,81.69999694824219,82.23999786376953,972227,76.11026075525064,0.0,1.0,yahoo,2024-06-23 23:05:15
2018-11-15,GETI-B.ST,82.16000366210938,83.33999633789062,79.80000305175781,80.37999725341797,1037577,74.38889481244887,0.0,1.0,yahoo,2024-06-23 23:05:15
2018-11-16,GETI-B.ST,80.80000305175781,81.54000091552734,79.80000305175781,80.54000091552734,1264384,74.5369726427172,0.0,1.0,yahoo,2024-06-23 23:05:15
2018-11-19,GETI-B.ST,80.55999755859375,80.95999908447266,79.55999755859375,79.83999633789062,1140347,73.88914272640258,0.0,1.0,yahoo,2024-06-23 23:05:15
2018-11-20,GETI-B.ST,79.58000183105469,80.30000305175781,78.36000061035156,79.16000366210938,1313416,73.25983312998088,0.0,1.0,yahoo,2024-06-23 23:05:15
2018-11-21,GETI-B.ST,79.37999725341797,90.0999984741211,78.30000305175781,87.69999694824219,2911112,81.16330021095467,0.0,1.0,yahoo,2024-06-23 23:05:15
2018-11-22,GETI-B.ST,87.69999694824219,90.05999755859375,86.4000015258789,89.77999877929688,1337116,83.0882696400056,0.0,1.0,yahoo,2024-06-23 23:05:15
2018-11-23,GETI-B.ST,89.86000061035156,91.55999755859376,88.68000030517578,91.55999755859376,1036174,84.73559666767322,0.0,1.0,yahoo,2024-06-23 23:05:15
2018-11-26,GETI-B.ST,90.83999633789062,94.77999877929688,90.83999633789062,94.37999725341795,1732090,87.34540840986627,0.0,1.0,yahoo,2024-06-23 23:05:15
2018-11-27,GETI-B.ST,94.1999969482422,94.8000030517578,92.63999938964844,93.4800033569336,859169,86.51249532719538,0.0,1.0,yahoo,2024-06-23 23:05:15
2018-11-28,GETI-B.ST,93.0,93.66000366210938,92.4800033569336,93.4800033569336,742396,86.51249532719538,0.0,1.0,yahoo,2024-06-23 23:05:15
2018-11-29,GETI-B.ST,93.6999969482422,94.5,92.8000030517578,94.37999725341795,819038,87.34540840986627,0.0,1.0,yahoo,2024-06-23 23:05:15
2018-11-30,GETI-B.ST,93.6999969482422,95.4800033569336,93.3000030517578,94.0,1541034,86.99373415408833,0.0,1.0,yahoo,2024-06-23 23:05:15
2018-12-03,GETI-B.ST,94.0,94.76000213623048,91.68000030517578,92.05999755859376,1217411,85.19832929615242,0.0,1.0,yahoo,2024-06-23 23:05:15
2018-12-04,GETI-B.ST,91.62000274658205,92.86000061035156,90.27999877929688,90.36000061035156,1180111,83.62504118361898,0.0,1.0,yahoo,2024-06-23 23:05:15
2018-12-05,GETI-B.ST,88.0,90.54000091552734,87.73999786376953,89.87999725341797,844138,83.18081475355353,0.0,1.0,yahoo,2024-06-23 23:05:15
2018-12-06,GETI-B.ST,88.69999694824219,88.91999816894531,86.23999786376953,86.23999786376953,1027751,79.81212178308418,0.0,1.0,yahoo,2024-06-23 23:05:15
2018-12-07,GETI-B.ST,86.4000015258789,89.12000274658203,86.18000030517578,86.5,1088241,80.05274472690044,0.0,1.0,yahoo,2024-06-23 23:05:15
2018-12-10,GETI-B.ST,86.5,88.73999786376953,84.72000122070312,86.76000213623047,1174417,80.29336767071669,0.0,1.0,yahoo,2024-06-23 23:05:15
2018-12-11,GETI-B.ST,87.0,89.9000015258789,86.0,89.4000015258789,1226604,82.73659538422767,0.0,1.0,yahoo,2024-06-23 23:05:15
2018-12-12,GETI-B.ST,90.12000274658205,91.33999633789062,88.9000015258789,91.23999786376952,1077024,84.4394480678761,0.0,1.0,yahoo,2024-06-23 23:05:15
2018-12-13,GETI-B.ST,90.44000244140624,91.3000030517578,88.81999969482422,88.94000244140625,1085409,82.31088221331557,0.0,1.0,yahoo,2024-06-23 23:05:15
2018-12-14,GETI-B.ST,88.76000213623047,89.22000122070312,87.18000030517578,88.23999786376953,738575,81.66305229700095,0.0,1.0,yahoo,2024-06-23 23:05:15
2018-12-17,GETI-B.ST,88.0999984741211,88.5199966430664,86.13999938964844,86.76000213623047,844315,80.29336767071669,0.0,1.0,yahoo,2024-06-23 23:05:15
2018-12-18,GETI-B.ST,86.0,87.83999633789062,85.26000213623047,86.73999786376953,930682,80.27485441156337,0.0,1.0,yahoo,2024-06-23 23:05:15
2018-12-19,GETI-B.ST,86.80000305175781,87.87999725341797,85.5999984741211,85.72000122070312,906522,79.33088295619123,0.0,1.0,yahoo,2024-06-23 23:05:15
2018-12-20,GETI-B.ST,84.63999938964844,84.72000122070312,83.0,83.0,1083680,76.81361632754609,0.0,1.0,yahoo,2024-06-23 23:05:15
2018-12-21,GETI-B.ST,83.0,83.41999816894531,80.5,80.72000122070312,1283769,74.7035566713993,0.0,1.0,yahoo,2024-06-23 23:05:15
2018-12-27,GETI-B.ST,80.4000015258789,81.63999938964844,77.86000061035156,78.69999694824219,1590490,72.8341128983292,0.0,1.0,yahoo,2024-06-23 23:05:15
2018-12-28,GETI-B.ST,79.36000061035156,81.0,78.81999969482422,79.9000015258789,1596188,73.944675443123,0.0,1.0,yahoo,2024-06-23 23:05:15
2019-01-02,GETI-B.ST,79.9000015258789,79.9000015258789,77.26000213623047,78.5,1034996,72.64902267123334,0.0,1.0,yahoo,2024-06-23 23:05:15
2019-01-03,GETI-B.ST,78.12000274658203,78.81999969482422,76.91999816894531,77.31999969482422,1328676,71.55697338559287,0.0,1.0,yahoo,2024-06-23 23:05:15
2019-01-04,GETI-B.ST,78.13999938964844,78.95999908447266,77.0199966430664,77.86000061035156,1404321,72.05672547163914,0.0,1.0,yahoo,2024-06-23 23:05:15
2019-01-07,GETI-B.ST,77.86000061035156,80.41999816894531,77.83999633789062,79.54000091552734,1079554,73.61150738575881,0.0,1.0,yahoo,2024-06-23 23:05:15
2019-01-08,GETI-B.ST,79.54000091552734,81.72000122070312,79.54000091552734,81.0,1156592,74.9626858136293,0.0,1.0,yahoo,2024-06-23 23:05:15
2019-01-09,GETI-B.ST,81.0,83.69999694824219,81.0,83.5,948708,77.27634895602527,0.0,1.0,yahoo,2024-06-23 23:05:15
2019-01-10,GETI-B.ST,82.91999816894531,83.58000183105469,81.44000244140625,82.80000305175781,977748,76.62852610045023,0.0,1.0,yahoo,2024-06-23 23:05:15
2019-01-11,GETI-B.ST,83.54000091552734,84.04000091552734,82.31999969482422,82.33999633789062,770841,76.20280586879855,0.0,1.0,yahoo,2024-06-23 23:05:15
2019-01-14,GETI-B.ST,82.0999984741211,82.5199966430664,81.36000061035156,81.80000305175781,645628,75.70306084349185,0.0,1.0,yahoo,2024-06-23 23:05:15
2019-01-15,GETI-B.ST,82.30000305175781,83.0999984741211,81.36000061035156,82.0,722084,75.8881510705877,0.0,1.0,yahoo,2024-06-23 23:05:15
2019-01-16,GETI-B.ST,81.05999755859375,83.76000213623047,81.05999755859375,83.36000061035156,1342906,77.14678438491026,0.0,1.0,yahoo,2024-06-23 23:05:15
2019-01-17,GETI-B.ST,82.58000183105469,84.27999877929688,82.18000030517578,83.95999908447266,618670,77.70206212693739,0.0,1.0,yahoo,2024-06-23 23:05:15
2019-01-18,GETI-B.ST,84.66000366210938,85.23999786376953,84.16000366210938,84.63999938964844,852655,78.33137878409867,0.0,1.0,yahoo,2024-06-23 23:05:15
2019-01-21,GETI-B.ST,84.5,84.5,81.45999908447266,81.9000015258789,994668,75.79560595703977,0.0,1.0,yahoo,2024-06-23 23:05:15
2019-01-22,GETI-B.ST,81.80000305175781,83.0,81.72000122070312,82.22000122070312,1164469,76.09175455683688,0.0,1.0,yahoo,2024-06-23 23:05:15
2019-01-23,GETI-B.ST,82.27999877929688,84.95999908447266,82.12000274658203,84.36000061035156,1034498,78.07224964186865,0.0,1.0,yahoo,2024-06-23 23:05:15
2019-01-24,GETI-B.ST,84.72000122070312,85.55999755859375,82.76000213623047,83.12000274658203,962537,76.92467470024734,0.0,1.0,yahoo,2024-06-23 23:05:15
2019-01-25,GETI-B.ST,83.83999633789062,84.80000305175781,82.08000183105469,84.0,1686794,77.73908158450448,0.0,1.0,yahoo,2024-06-23 23:05:15
2019-01-28,GETI-B.ST,84.0,85.33999633789062,83.0199966430664,84.87999725341797,1214932,78.5534884687616,0.0,1.0,yahoo,2024-06-23 23:05:15
2019-01-29,GETI-B.ST,84.9800033569336,88.44000244140625,84.87999725341797,86.37999725341797,2048706,79.94168635419919,0.0,1.0,yahoo,2024-06-23 23:05:15
2019-01-30,GETI-B.ST,87.12000274658203,103.4000015258789,85.04000091552734,99.0999984741211,7612113,91.71360555242819,0.0,1.0,yahoo,2024-06-23 23:05:15
2019-01-31,GETI-B.ST,98.0999984741211,102.4499969482422,98.0999984741211,101.9000015258789,4238683,94.3049110962075,0.0,1.0,yahoo,2024-06-23 23:05:15
2019-02-01,GETI-B.ST,101.9000015258789,103.75,101.9000015258789,103.1999969482422,1758629,95.50801169380968,0.0,1.0,yahoo,2024-06-23 23:05:15
2019-02-04,GETI-B.ST,103.1999969482422,103.9000015258789,100.0999984741211,102.3000030517578,1563701,94.67509861113876,0.0,1.0,yahoo,2024-06-23 23:05:15
2019-02-05,GETI-B.ST,102.5999984741211,102.8000030517578,101.1999969482422,102.5,1204389,94.86018883823462,0.0,1.0,yahoo,2024-06-23 23:05:15
2019-02-06,GETI-B.ST,102.5,104.1999969482422,101.4499969482422,103.5,1321265,95.78565409519301,0.0,1.0,yahoo,2024-06-23 23:05:15
2019-02-07,GETI-B.ST,103.4000015258789,104.3000030517578,98.95999908447266,100.8499984741211,2730763,93.33316975210536,0.0,1.0,yahoo,2024-06-23 23:05:15
2019-02-08,GETI-B.ST,101.0,101.8000030517578,99.81999969482422,101.1999969482422,1293014,93.6570811798929,0.0,1.0,yahoo,2024-06-23 23:05:15
2019-02-11,GETI-B.ST,101.8000030517578,105.1999969482422,101.3499984741211,103.5999984741211,1561828,95.87819920874094,0.0,1.0,yahoo,2024-06-23 23:05:15
2019-02-12,GETI-B.ST,104.0999984741211,105.5999984741211,103.6500015258789,104.6999969482422,1038351,96.89620957924726,0.0,1.0,yahoo,2024-06-23 23:05:15
2019-02-13,GETI-B.ST,105.1500015258789,105.9499969482422,104.0999984741211,104.9499969482422,1257629,97.12757589348685,0.0,1.0,yahoo,2024-06-23 23:05:15
2019-02-14,GETI-B.ST,105.0,106.9000015258789,105.0,106.4000015258789,1095971,98.46950475252024,0.0,1.0,yahoo,2024-06-23 23:05:15
2019-02-15,GETI-B.ST,106.5,108.5500030517578,106.0999984741211,107.8000030517578,1247232,99.76515752440989,0.0,1.0,yahoo,2024-06-23 23:05:15
2019-02-18,GETI-B.ST,108.0,108.6500015258789,107.0999984741211,108.6500015258789,719233,100.55180158067661,0.0,1.0,yahoo,2024-06-23 23:05:15
2019-02-19,GETI-B.ST,108.5999984741211,109.6999969482422,107.9000015258789,109.1999969482422,785885,101.06080323556,0.0,1.0,yahoo,2024-06-23 23:05:15
2019-02-20,GETI-B.ST,109.1999969482422,110.6500015258789,108.4499969482422,110.1999969482422,1179064,101.98626849251838,0.0,1.0,yahoo,2024-06-23 23:05:15
2019-02-21,GETI-B.ST,110.5,112.5500030517578,110.5,111.0999984741211,1180919,102.81918863592882,0.0,1.0,yahoo,2024-06-23 23:05:15
2019-02-22,GETI-B.ST,111.6500015258789,111.8499984741211,109.4499969482422,109.6999969482422,644731,101.52353586403919,0.0,1.0,yahoo,2024-06-23 23:05:15
2019-02-25,GETI-B.ST,109.6999969482422,110.0999984741211,108.3499984741211,108.9499969482422,616932,100.8294369213204,0.0,1.0,yahoo,2024-06-23 23:05:15
2019-02-26,GETI-B.ST,108.3499984741211,110.6999969482422,108.3499984741211,109.6999969482422,967295,101.52353586403919,0.0,1.0,yahoo,2024-06-23 23:05:15
2019-02-27,GETI-B.ST,109.5,110.1999969482422,108.4000015258789,109.0500030517578,1016498,100.92198909560787,0.0,1.0,yahoo,2024-06-23 23:05:15
2019-02-28,GETI-B.ST,108.5,109.5999984741211,108.3000030517578,109.25,722853,101.10707932270373,0.0,1.0,yahoo,2024-06-23 23:05:15
2019-03-01,GETI-B.ST,110.0,110.3499984741211,109.25,109.8000030517578,746270,101.61608803832665,0.0,1.0,yahoo,2024-06-23 23:05:15
2019-03-04,GETI-B.ST,110.1999969482422,110.8000030517578,109.5999984741211,109.5999984741211,523468,101.43099075049125,0.0,1.0,yahoo,2024-06-23 23:05:15
2019-03-05,GETI-B.ST,109.4499969482422,110.0999984741211,108.5999984741211,109.9000015258789,600192,101.7086331518746,0.0,1.0,yahoo,2024-06-23 23:05:15
2019-03-06,GETI-B.ST,109.9000015258789,110.0,107.4499969482422,107.5500030517578,627278,99.53379121017029,0.0,1.0,yahoo,2024-06-23 23:05:15
2019-03-07,GETI-B.ST,107.5,107.8499984741211,106.3000030517578,106.8499984741211,577676,98.88596129385569,0.0,1.0,yahoo,2024-06-23 23:05:15
2019-03-08,GETI-B.ST,105.9499969482422,106.0500030517578,103.5,104.25,974887,96.47975303791179,0.0,1.0,yahoo,2024-06-23 23:05:15
2019-03-11,GETI-B.ST,104.25,106.25,104.25,105.5,709294,97.63658460910978,0.0,1.0,yahoo,2024-06-23 23:05:15
2019-03-12,GETI-B.ST,105.5,106.75,105.3000030517578,105.5500030517578,620464,97.68286069625351,0.0,1.0,yahoo,2024-06-23 23:05:15
2019-03-13,GETI-B.ST,105.5500030517578,106.6999969482422,104.8000030517578,106.4499969482422,600630,98.51577377892443,0.0,1.0,yahoo,2024-06-23 23:05:15
2019-03-14,GETI-B.ST,106.25,107.4499969482422,106.1999969482422,106.3000030517578,872106,98.37695963897231,0.0,1.0,yahoo,2024-06-23 23:05:15
2019-03-15,GETI-B.ST,106.3000030517578,108.0999984741211,106.25,106.9499969482422,1178817,98.97850640740363,0.0,1.0,yahoo,2024-06-23 23:05:15
2019-03-18,GETI-B.ST,106.9499969482422,108.4000015258789,106.1500015258789,106.4499969482422,613719,98.51577377892443,0.0,1.0,yahoo,2024-06-23 23:05:15
2019-03-19,GETI-B.ST,106.8000030517578,108.4000015258789,106.75,107.3000030517578,798365,99.3024248959307,0.0,1.0,yahoo,2024-06-23 23:05:15
2019-03-20,GETI-B.ST,106.5999984741211,109.1999969482422,106.4000015258789,107.75,835738,99.71888143726615,0.0,1.0,yahoo,2024-06-23 23:05:15
2019-03-21,GETI-B.ST,107.75,109.6999969482422,107.75,108.6999969482422,568299,100.5980706070808,0.0,1.0,yahoo,2024-06-23 23:05:15
2019-03-22,GETI-B.ST,109.0,109.25,105.5,105.5500030517578,812876,97.68286069625351,0.0,1.0,yahoo,2024-06-23 23:05:15
2019-03-25,GETI-B.ST,105.0,106.5,104.75,106.25,585585,98.33068355182857,0.0,1.0,yahoo,2024-06-23 23:05:15
2019-03-26,GETI-B.ST,106.5,107.5500030517578,105.5500030517578,106.1500015258789,614192,98.23813843828064,0.0,1.0,yahoo,2024-06-23 23:05:15
2019-03-27,GETI-B.ST,106.5500030517578,109.0500030517578,105.75,107.0500030517578,1780990,99.07105858169109,0.0,1.0,yahoo,2024-06-23 23:05:15
2019-03-28,GETI-B.ST,107.4000015258789,111.1500015258789,107.4000015258789,108.9000015258789,1421687,100.7831678949162,0.0,1.0,yahoo,2024-06-23 23:05:15
2019-03-29,GETI-B.ST,109.8000030517578,110.8499984741211,107.5,108.25,1217875,100.18161406574535,0.0,1.0,yahoo,2024-06-23 23:05:15
2019-04-01,GETI-B.ST,108.6500015258789,110.5,108.5,109.6500015258789,815044,101.477266837635,0.0,1.0,yahoo,2024-06-23 23:05:15
2019-04-02,GETI-B.ST,109.9000015258789,110.0999984741211,106.3000030517578,106.5999984741211,1203071,98.65459497961609,0.0,1.0,yahoo,2024-06-23 23:05:15
2019-04-03,GETI-B.ST,106.5999984741211,110.0,106.5999984741211,109.4000015258789,890327,101.2459005233954,0.0,1.0,yahoo,2024-06-23 23:05:15
2019-04-04,GETI-B.ST,109.5,109.9000015258789,106.8499984741211,107.3499984741211,962280,99.34869392233489,0.0,1.0,yahoo,2024-06-23 23:05:15
2019-04-05,GETI-B.ST,107.0999984741211,108.1500015258789,106.75,106.75,801544,98.79341618030776,0.0,1.0,yahoo,2024-06-23 23:05:15
2019-04-08,GETI-B.ST,106.75,109.25,106.75,107.8000030517578,853956,99.76515752440989,0.0,1.0,yahoo,2024-06-23 23:05:15
2019-04-09,GETI-B.ST,108.3499984741211,110.1500015258789,108.3000030517578,109.8000030517578,1593785,101.61608803832665,0.0,1.0,yahoo,2024-06-23 23:05:15
2019-04-10,GETI-B.ST,109.8000030517578,114.1500015258789,109.5500030517578,113.25,1571043,104.80894035053727,0.0,1.0,yahoo,2024-06-23 23:05:15
2019-04-11,GETI-B.ST,113.25,117.1500015258789,113.25,114.0999984741211,1601943,105.595584406804,0.0,1.0,yahoo,2024-06-23 23:05:15
2019-04-12,GETI-B.ST,114.5,114.8000030517578,113.0999984741211,114.0,793849,105.50303929325607,0.0,1.0,yahoo,2024-06-23 23:05:15
2019-04-15,GETI-B.ST,114.0,116.1500015258789,113.25,116.0999984741211,1058969,107.44651492072076,0.0,1.0,yahoo,2024-06-23 23:05:15
2019-04-16,GETI-B.ST,116.4000015258789,117.5999984741211,116.0999984741211,117.1999969482422,1049318,108.46452529122709,0.0,1.0,yahoo,2024-06-23 23:05:15
2019-04-17,GETI-B.ST,117.6500015258789,117.6999969482422,114.6500015258789,115.3499984741211,1375281,106.75241597800198,0.0,1.0,yahoo,2024-06-23 23:05:15
2019-04-18,GETI-B.ST,114.8000030517578,116.5,114.3000030517578,116.5,777515,107.81670243565203,0.0,1.0,yahoo,2024-06-23 23:05:15
2019-04-23,GETI-B.ST,116.9499969482422,131.4499969482422,111.9000015258789,124.0,5472111,114.75769186283993,0.0,1.0,yahoo,2024-06-23 23:05:15
2019-04-24,GETI-B.ST,125.5,131.0,125.4000015258789,129.9499969482422,3533986,121.24196510051517,1.0,1.0,yahoo,2024-06-23 23:05:15
2019-04-25,GETI-B.ST,130.0,130.10000610351562,127.75,128.10000610351562,1189446,119.51594331752163,0.0,1.0,yahoo,2024-06-23 23:05:15
2019-04-26,GETI-B.ST,128.10000610351562,130.60000610351562,128.10000610351562,129.75,1083951,121.05537007482505,0.0,1.0,yahoo,2024-06-23 23:05:15
2019-04-29,GETI-B.ST,129.75,131.3000030517578,129.0,130.6999969482422,871614,121.94170712406907,0.0,1.0,yahoo,2024-06-23 23:05:15
2019-04-30,GETI-B.ST,130.0,134.5500030517578,130.0,133.64999389648438,977503,124.69402290279017,0.0,1.0,yahoo,2024-06-23 23:05:15
2019-05-02,GETI-B.ST,133.0500030517578,134.14999389648438,131.14999389648438,134.14999389648438,1261560,125.16051758515944,0.0,1.0,yahoo,2024-06-23 23:05:15
2019-05-03,GETI-B.ST,134.5,137.64999389648438,134.0500030517578,135.0,1245554,125.95356423970236,0.0,1.0,yahoo,2024-06-23 23:05:15
2019-05-06,GETI-B.ST,133.60000610351562,133.60000610351562,130.1999969482422,132.5,892466,123.62109082785602,0.0,1.0,yahoo,2024-06-23 23:05:15
2019-05-07,GETI-B.ST,132.5,135.89999389648438,132.39999389648438,133.8000030517578,810333,124.8339798492737,0.0,1.0,yahoo,2024-06-23 23:05:15
2019-05-08,GETI-B.ST,133.8000030517578,136.25,133.5,135.14999389648438,658102,126.09350694989797,0.0,1.0,yahoo,2024-06-23 23:05:15
2019-05-09,GETI-B.ST,134.60000610351562,134.60000610351562,129.6999969482422,131.39999389648438,1216991,122.59479683212847,0.0,1.0,yahoo,2024-06-23 23:05:15
2019-05-10,GETI-B.ST,131.6999969482422,134.60000610351562,131.14999389648438,132.25,710219,123.38784348667139,0.0,1.0,yahoo,2024-06-23 23:05:15
2019-05-13,GETI-B.ST,132.25,134.39999389648438,131.3000030517578,132.25,854645,123.38784348667139,0.0,1.0,yahoo,2024-06-23 23:05:15
2019-05-14,GETI-B.ST,133.39999389648438,134.14999389648438,131.1999969482422,132.4499969482422,818049,123.57443851236151,0.0,1.0,yahoo,2024-06-23 23:05:15
2019-05-15,GETI-B.ST,133.0,134.1999969482422,132.39999389648438,133.35000610351562,590599,124.41413748239894,0.0,1.0,yahoo,2024-06-23 23:05:15
2019-05-16,GETI-B.ST,133.0,133.8000030517578,131.0,133.8000030517578,876572,124.8339798492737,0.0,1.0,yahoo,2024-06-23 23:05:15
2019-05-17,GETI-B.ST,132.5,133.10000610351562,130.14999389648438,132.75,883380,123.85433816904066,0.0,1.0,yahoo,2024-06-23 23:05:15
2019-05-20,GETI-B.ST,133.0,133.75,131.8000030517578,132.0,685773,123.15459614548675,0.0,1.0,yahoo,2024-06-23 23:05:15
2019-05-21,GETI-B.ST,132.0,133.0,131.75,132.8000030517578,704132,123.90099048453516,0.0,1.0,yahoo,2024-06-23 23:05:15
2019-05-22,GETI-B.ST,132.8000030517578,134.85000610351562,131.75,133.9499969482422,687957,124.97392255946932,0.0,1.0,yahoo,2024-06-23 23:05:15
2019-05-23,GETI-B.ST,133.25,133.39999389648438,131.1999969482422,132.1999969482422,910663,123.34119117117687,0.0,1.0,yahoo,2024-06-23 23:05:15
2019-05-24,GETI-B.ST,132.1999969482422,134.9499969482422,132.1999969482422,133.75,738365,124.78732753377919,0.0,1.0,yahoo,2024-06-23 23:05:15
2019-05-27,GETI-B.ST,133.85000610351562,134.60000610351562,133.75,134.0,382847,125.02057487496383,0.0,1.0,yahoo,2024-06-23 23:05:15
2019-05-28,GETI-B.ST,134.0,134.6999969482422,131.64999389648438,133.75,1032655,124.78732753377919,0.0,1.0,yahoo,2024-06-23 23:05:15
2019-05-29,GETI-B.ST,132.25,133.64999389648438,131.14999389648438,131.75,385923,122.92134880430211,0.0,1.0,yahoo,2024-06-23 23:05:15
2019-05-31,GETI-B.ST,131.5500030517578,131.85000610351562,127.25,128.75,1895150,120.1223807100865,0.0,1.0,yahoo,2024-06-23 23:05:15
2019-06-03,GETI-B.ST,128.0,130.0,126.6999969482422,130.0,1086661,121.28861741600969,0.0,1.0,yahoo,2024-06-23 23:05:15
2019-06-04,GETI-B.ST,129.5,132.39999389648438,127.1500015258789,130.89999389648438,929501,122.1283021497592,0.0,1.0,yahoo,2024-06-23 23:05:15
2019-06-05,GETI-B.ST,131.0,136.25,130.8000030517578,135.25,1119799,126.186811580887,0.0,1.0,yahoo,2024-06-23 23:05:15
2019-06-07,GETI-B.ST,134.60000610351562,138.8000030517578,134.35000610351562,138.14999389648438,969810,128.89247504411358,0.0,1.0,yahoo,2024-06-23 23:05:15
2019-06-11,GETI-B.ST,138.0,139.35000610351562,137.4499969482422,138.3000030517578,776650,129.0324319905971,0.0,1.0,yahoo,2024-06-23 23:05:15
2019-06-12,GETI-B.ST,138.14999389648438,143.89999389648438,137.25,142.89999389648438,973457,133.32417452662162,0.0,1.0,yahoo,2024-06-23 23:05:15
2019-06-13,GETI-B.ST,142.89999389648438,144.5,142.35000610351562,144.39999389648438,1824277,134.72365857372944,0.0,1.0,yahoo,2024-06-23 23:05:15
2019-06-14,GETI-B.ST,144.4499969482422,145.5500030517578,141.75,145.0,1187101,135.2834578870877,0.0,1.0,yahoo,2024-06-23 23:05:15
2019-06-18,GETI-B.ST,146.89999389648438,149.10000610351562,144.75,148.5,1191816,138.5489206636726,0.0,1.0,yahoo,2024-06-23 23:05:15
2019-06-19,GETI-B.ST,148.39999389648438,149.8000030517578,147.5500030517578,148.6999969482422,860962,138.73551568936273,0.0,1.0,yahoo,2024-06-23 23:05:15
2019-06-20,GETI-B.ST,149.6999969482422,151.4499969482422,149.14999389648438,150.10000610351562,1641643,140.0417093417694,0.0,1.0,yahoo,2024-06-23 23:05:15
2019-06-24,GETI-B.ST,149.85000610351562,150.5500030517578,146.0,146.85000610351562,898046,137.0094939063692,0.0,1.0,yahoo,2024-06-23 23:05:15
2019-06-25,GETI-B.ST,145.35000610351562,147.35000610351562,145.35000610351562,147.0,673596,137.1494366165648,0.0,1.0,yahoo,2024-06-23 23:05:15
2019-06-26,GETI-B.ST,146.35000610351562,146.64999389648438,142.14999389648438,144.1999969482422,1548312,134.5370635480393,0.0,1.0,yahoo,2024-06-23 23:05:15
2019-06-27,GETI-B.ST,143.0,143.5,139.75,142.5,1396689,132.95098447524137,0.0,1.0,yahoo,2024-06-23 23:05:15
2019-06-28,GETI-B.ST,142.5,146.6999969482422,142.5,146.3000030517578,1553891,136.4963469085054,0.0,1.0,yahoo,2024-06-23 23:05:15
2019-07-01,GETI-B.ST,146.75,148.5500030517578,144.60000610351562,146.4499969482422,982615,136.63628961870103,0.0,1.0,yahoo,2024-06-23 23:05:15
2019-07-02,GETI-B.ST,146.0500030517578,148.64999389648438,145.75,148.14999389648438,908437,138.22236869149893,0.0,1.0,yahoo,2024-06-23 23:05:15
2019-07-03,GETI-B.ST,148.14999389648438,151.10000610351562,147.5500030517578,149.5,1033698,139.48191002841114,0.0,1.0,yahoo,2024-06-23 23:05:15
2019-07-04,GETI-B.ST,149.0,149.0,144.3000030517578,146.9499969482422,973212,137.10278430107027,0.0,1.0,yahoo,2024-06-23 23:05:15
2019-07-05,GETI-B.ST,147.39999389648438,147.8000030517578,143.9499969482422,145.0,633503,135.2834578870877,0.0,1.0,yahoo,2024-06-23 23:05:15
2019-07-08,GETI-B.ST,145.0,147.89999389648438,145.0,147.39999389648438,625689,137.52262666794505,0.0,1.0,yahoo,2024-06-23 23:05:15
2019-07-09,GETI-B.ST,147.14999389648438,148.89999389648438,145.64999389648438,146.5,1004222,136.68294193419553,0.0,1.0,yahoo,2024-06-23 23:05:15
2019-07-10,GETI-B.ST,146.9499969482422,149.64999389648438,144.60000610351562,147.6999969482422,1022222,137.80252632462418,0.0,1.0,yahoo,2024-06-23 23:05:15
2019-07-11,GETI-B.ST,149.85000610351562,155.39999389648438,149.1999969482422,150.39999389648438,2953083,140.32159476216066,0.0,1.0,yahoo,2024-06-23 23:05:15
2019-07-12,GETI-B.ST,151.60000610351562,151.6999969482422,145.75,150.14999389648438,1108288,140.08834742097602,0.0,1.0,yahoo,2024-06-23 23:05:15
2019-07-15,GETI-B.ST,149.89999389648438,151.25,147.39999389648438,149.39999389648438,960488,139.3886053974221,0.0,1.0,yahoo,2024-06-23 23:05:15
2019-07-16,GETI-B.ST,145.3000030517578,149.6999969482422,144.5,146.39999389648438,1771469,136.5896373032065,0.0,1.0,yahoo,2024-06-23 23:05:15
2019-07-17,GETI-B.ST,141.5500030517578,144.10000610351562,131.75,136.60000610351562,4041694,127.44635291779919,0.0,1.0,yahoo,2024-06-23 23:05:15
2019-07-18,GETI-B.ST,136.5500030517578,138.14999389648438,134.8000030517578,135.60000610351562,1719960,126.51336355306064,0.0,1.0,yahoo,2024-06-23 23:05:15
2019-07-19,GETI-B.ST,134.6999969482422,137.3000030517578,134.5,136.4499969482422,1204913,127.30639597131565,0.0,1.0,yahoo,2024-06-23 23:05:15
2019-07-22,GETI-B.ST,136.10000610351562,139.60000610351562,135.10000610351562,138.9499969482422,827246,129.638869383162,0.0,1.0,yahoo,2024-06-23 23:05:15
2019-07-23,GETI-B.ST,139.9499969482422,141.5,138.25,140.9499969482422,1043969,131.50484811263905,0.0,1.0,yahoo,2024-06-23 23:05:15
2019-07-24,GETI-B.ST,140.10000610351562,141.5500030517578,137.5,137.5,935562,128.2860376515487,0.0,1.0,yahoo,2024-06-23 23:05:15
2019-07-25,GETI-B.ST,137.9499969482422,139.39999389648438,136.5500030517578,137.1999969482422,969935,128.00613799486956,0.0,1.0,yahoo,2024-06-23 23:05:15
2019-07-26,GETI-B.ST,137.1999969482422,138.5,136.35000610351562,137.0500030517578,597178,127.86619528467394,0.0,1.0,yahoo,2024-06-23 23:05:15
2019-07-29,GETI-B.ST,136.60000610351562,139.14999389648438,136.35000610351562,138.89999389648438,642125,129.5922170676675,0.0,1.0,yahoo,2024-06-23 23:05:15
2019-07-30,GETI-B.ST,139.0,140.25,138.10000610351562,139.10000610351562,579523,129.7788263296455,0.0,1.0,yahoo,2024-06-23 23:05:15
2019-07-31,GETI-B.ST,138.9499969482422,142.89999389648438,138.75,142.14999389648438,1283604,132.62443250306774,0.0,1.0,yahoo,2024-06-23 23:05:15
2019-08-01,GETI-B.ST,142.0500030517578,146.0,141.25,146.0,855513,136.21644725182625,0.0,1.0,yahoo,2024-06-23 23:05:15
2019-08-02,GETI-B.ST,143.64999389648438,144.64999389648438,141.35000610351562,142.35000610351562,857816,132.81104176504576,0.0,1.0,yahoo,2024-06-23 23:05:15
2019-08-06,GETI-B.ST,137.9499969482422,140.4499969482422,136.8000030517578,136.85000610351562,749807,127.67960025898381,0.0,1.0,yahoo,2024-06-23 23:05:15
2019-08-07,GETI-B.ST,136.8000030517578,140.60000610351562,136.8000030517578,138.6999969482422,872810,129.40562204197735,0.0,1.0,yahoo,2024-06-23 23:05:15
2019-08-08,GETI-B.ST,140.0,141.9499969482422,140.0,140.8000030517578,335746,131.36490540244344,0.0,1.0,yahoo,2024-06-23 23:05:15
2019-08-09,GETI-B.ST,140.0500030517578,141.0,138.4499969482422,138.60000610351562,377312,129.31233164727627,0.0,1.0,yahoo,2024-06-23 23:05:15
2019-08-12,GETI-B.ST,138.0,141.3000030517578,138.0,138.4499969482422,545354,129.17237470079272,0.0,1.0,yahoo,2024-06-23 23:05:15
2019-08-13,GETI-B.ST,137.5500030517578,139.14999389648438,136.25,138.89999389648438,630530,129.5922170676675,0.0,1.0,yahoo,2024-06-23 23:05:15
2019-08-14,GETI-B.ST,139.4499969482422,139.4499969482422,133.8000030517578,133.8000030517578,641543,124.8339798492737,0.0,1.0,yahoo,2024-06-23 23:05:15
2019-08-15,GETI-B.ST,133.60000610351562,135.39999389648438,130.64999389648438,133.60000610351562,700961,124.64738482358358,0.0,1.0,yahoo,2024-06-23 23:05:15
2019-08-16,GETI-B.ST,134.4499969482422,136.14999389648438,134.25,134.9499969482422,579789,125.90691192420785,0.0,1.0,yahoo,2024-06-23 23:05:15
2019-08-19,GETI-B.ST,135.35000610351562,138.39999389648438,135.1999969482422,137.39999389648438,608503,128.19273302055967,0.0,1.0,yahoo,2024-06-23 23:05:15
2019-08-20,GETI-B.ST,136.39999389648438,141.5500030517578,136.39999389648438,140.0500030517578,649092,130.66516337888956,0.0,1.0,yahoo,2024-06-23 23:05:15
2019-08-21,GETI-B.ST,140.0,141.1999969482422,139.3000030517578,139.4499969482422,374727,130.10536406553126,0.0,1.0,yahoo,2024-06-23 23:05:15
2019-08-22,GETI-B.ST,139.0,139.75,135.64999389648438,136.64999389648438,526866,127.49299099700578,0.0,1.0,yahoo,2024-06-23 23:05:15
2019-08-23,GETI-B.ST,137.60000610351562,138.6999969482422,134.8000030517578,134.9499969482422,442409,125.90691192420785,0.0,1.0,yahoo,2024-06-23 23:05:15
2019-08-26,GETI-B.ST,134.0,134.8000030517578,131.89999389648438,133.75,511537,124.78732753377919,0.0,1.0,yahoo,2024-06-23 23:05:15
2019-08-27,GETI-B.ST,133.6999969482422,135.5,132.6999969482422,135.0500030517578,488963,126.00021655519687,0.0,1.0,yahoo,2024-06-23 23:05:15
2019-08-28,GETI-B.ST,135.0,135.60000610351562,131.75,133.0,652307,124.08758551022528,0.0,1.0,yahoo,2024-06-23 23:05:15
2019-08-29,GETI-B.ST,133.75,135.39999389648438,133.0500030517578,135.35000610351562,437624,126.280116211876,0.0,1.0,yahoo,2024-06-23 23:05:15
2019-08-30,GETI-B.ST,135.60000610351562,137.10000610351562,135.1999969482422,135.4499969482422,496141,126.37340660657712,0.0,1.0,yahoo,2024-06-23 23:05:15
2019-09-02,GETI-B.ST,135.39999389648438,136.8000030517578,135.3000030517578,136.39999389648438,469661,127.25974365582114,0.0,1.0,yahoo,2024-06-23 23:05:15
2019-09-03,GETI-B.ST,136.14999389648438,138.1999969482422,135.0,137.39999389648438,820866,128.19273302055967,0.0,1.0,yahoo,2024-06-23 23:05:15
2019-09-04,GETI-B.ST,138.60000610351562,140.0,137.14999389648438,138.0500030517578,696844,128.79918464941247,0.0,1.0,yahoo,2024-06-23 23:05:15
2019-09-05,GETI-B.ST,138.10000610351562,138.9499969482422,135.39999389648438,137.0,628727,127.81954296917944,0.0,1.0,yahoo,2024-06-23 23:05:15
2019-09-06,GETI-B.ST,138.0,138.4499969482422,135.60000610351562,136.3000030517578,529599,127.16645326112004,0.0,1.0,yahoo,2024-06-23 23:05:15
2019-09-09,GETI-B.ST,136.5,137.3000030517578,133.6999969482422,134.0500030517578,482795,125.06722719045834,0.0,1.0,yahoo,2024-06-23 23:05:15
2019-09-10,GETI-B.ST,133.6999969482422,134.0500030517578,127.3000030517578,128.5,1155582,119.88913336890188,0.0,1.0,yahoo,2024-06-23 23:05:15
2019-09-11,GETI-B.ST,128.8000030517578,130.8000030517578,128.0,128.39999389648438,1150980,119.79582873791286,0.0,1.0,yahoo,2024-06-23 23:05:15
2019-09-12,GETI-B.ST,129.3000030517578,133.0500030517578,128.35000610351562,131.5500030517578,840701,122.73475377861199,0.0,1.0,yahoo,2024-06-23 23:05:15
2019-09-13,GETI-B.ST,131.5500030517578,136.0500030517578,130.4499969482422,135.8000030517578,936685,126.69995857875077,0.0,1.0,yahoo,2024-06-23 23:05:15
2019-09-16,GETI-B.ST,134.8000030517578,136.1999969482422,133.0500030517578,134.75,710392,125.72031689851772,0.0,1.0,yahoo,2024-06-23 23:05:15
2019-09-17,GETI-B.ST,134.1999969482422,138.5,133.39999389648438,138.0500030517578,1005356,128.79918464941247,0.0,1.0,yahoo,2024-06-23 23:05:15
2019-09-18,GETI-B.ST,138.0500030517578,144.85000610351562,138.0500030517578,141.8000030517578,1426498,132.297894767182,0.0,1.0,yahoo,2024-06-23 23:05:15
2019-09-19,GETI-B.ST,141.3000030517578,142.0,139.39999389648438,141.0500030517578,994274,131.59815274362808,0.0,1.0,yahoo,2024-06-23 23:05:15
2019-09-20,GETI-B.ST,140.64999389648438,143.6999969482422,140.4499969482422,142.5500030517578,778625,132.9976367907359,0.0,1.0,yahoo,2024-06-23 23:05:15
2019-09-23,GETI-B.ST,141.60000610351562,144.0,140.89999389648438,141.4499969482422,691922,131.97134279500833,0.0,1.0,yahoo,2024-06-23 23:05:15
2019-09-24,GETI-B.ST,142.1999969482422,145.60000610351562,141.89999389648438,144.4499969482422,677996,134.77031088922394,0.0,1.0,yahoo,2024-06-23 23:05:15
2019-09-25,GETI-B.ST,144.3000030517578,144.3000030517578,139.10000610351562,141.1999969482422,923944,131.7380954538237,0.0,1.0,yahoo,2024-06-23 23:05:15
2019-09-26,GETI-B.ST,140.8000030517578,144.6999969482422,140.5,144.39999389648438,630285,134.72365857372944,0.0,1.0,yahoo,2024-06-23 23:05:15
2019-09-27,GETI-B.ST,141.64999389648438,142.60000610351562,137.35000610351562,138.75,1406906,129.45227435747188,0.0,1.0,yahoo,2024-06-23 23:05:15
2019-09-30,GETI-B.ST,138.3000030517578,139.0,136.9499969482422,137.75,1071635,128.51928499273333,0.0,1.0,yahoo,2024-06-23 23:05:15
2019-10-01,GETI-B.ST,137.9499969482422,141.1999969482422,137.89999389648438,139.39999389648438,760447,130.05871175003676,0.0,1.0,yahoo,2024-06-23 23:05:15
2019-10-02,GETI-B.ST,138.1999969482422,139.85000610351562,134.60000610351562,134.64999389648438,771214,125.62701226752871,0.0,1.0,yahoo,2024-06-23 23:05:15
2019-10-03,GETI-B.ST,134.6999969482422,137.3000030517578,133.5,135.0500030517578,781907,126.00021655519687,0.0,1.0,yahoo,2024-06-23 23:05:15
2019-10-04,GETI-B.ST,136.9499969482422,138.3000030517578,134.89999389648438,136.5,739328,127.35304828681016,0.0,1.0,yahoo,2024-06-23 23:05:15
2019-10-07,GETI-B.ST,136.0,138.4499969482422,136.0,136.89999389648438,526526,127.72623833819041,0.0,1.0,yahoo,2024-06-23 23:05:15
2019-10-08,GETI-B.ST,137.64999389648438,139.10000610351562,133.5500030517578,134.10000610351562,720991,125.11387950595284,0.0,1.0,yahoo,2024-06-23 23:05:15
2019-10-09,GETI-B.ST,133.5,136.60000610351562,132.8000030517578,136.0,668863,126.88655360444089,0.0,1.0,yahoo,2024-06-23 23:05:15
2019-10-10,GETI-B.ST,136.0,136.0,129.0500030517578,131.0,1546825,122.22160678074822,0.0,1.0,yahoo,2024-06-23 23:05:15
2019-10-11,GETI-B.ST,132.6999969482422,133.39999389648438,130.3000030517578,133.0500030517578,1075214,124.1342378257198,0.0,1.0,yahoo,2024-06-23 23:05:15
2019-10-14,GETI-B.ST,133.0500030517578,135.8000030517578,132.5,134.0,782674,125.02057487496383,0.0,1.0,yahoo,2024-06-23 23:05:15
2019-10-15,GETI-B.ST,135.14999389648438,136.4499969482422,133.5500030517578,133.5500030517578,1341195,124.60073250808907,0.0,1.0,yahoo,2024-06-23 23:05:15
2019-10-16,GETI-B.ST,133.60000610351562,138.10000610351562,133.60000610351562,136.5,1616200,127.35304828681016,0.0,1.0,yahoo,2024-06-23 23:05:15
2019-10-17,GETI-B.ST,136.60000610351562,138.1999969482422,134.39999389648438,135.25,1458913,126.186811580887,0.0,1.0,yahoo,2024-06-23 23:05:15
2019-10-18,GETI-B.ST,151.14999389648438,163.5,151.14999389648438,157.0500030517578,7256020,146.52598257944467,0.0,1.0,yahoo,2024-06-23 23:05:15
2019-10-21,GETI-B.ST,158.14999389648438,166.10000610351562,158.14999389648438,160.5,4737201,149.74479304053503,0.0,1.0,yahoo,2024-06-23 23:05:15
2019-10-22,GETI-B.ST,160.5,162.3000030517578,158.89999389648438,159.85000610351562,2115308,149.13835564797014,0.0,1.0,yahoo,2024-06-23 23:05:15
2019-10-23,GETI-B.ST,158.35000610351562,159.25,155.64999389648438,158.3000030517578,1346530,147.69221928536783,0.0,1.0,yahoo,2024-06-23 23:05:15
2019-10-24,GETI-B.ST,158.5500030517578,161.3000030517578,155.5,156.14999389648438,2287058,145.68628360940724,0.0,1.0,yahoo,2024-06-23 23:05:15
2019-10-25,GETI-B.ST,156.39999389648438,157.10000610351562,153.6999969482422,155.1999969482422,790494,144.7999465601632,0.0,1.0,yahoo,2024-06-23 23:05:15
2019-10-28,GETI-B.ST,156.89999389648438,159.6999969482422,155.35000610351562,157.64999389648438,1025690,147.08576765651503,0.0,1.0,yahoo,2024-06-23 23:05:15
2019-10-29,GETI-B.ST,157.9499969482422,159.6999969482422,155.85000610351562,158.0500030517578,837050,147.4589719441832,0.0,1.0,yahoo,2024-06-23 23:05:15
2019-10-30,GETI-B.ST,157.5,162.1999969482422,157.1999969482422,161.3000030517578,943629,150.49118737958344,0.0,1.0,yahoo,2024-06-23 23:05:15
2019-10-31,GETI-B.ST,162.0,165.4499969482422,161.3000030517578,164.6999969482422,1350899,153.6633455251793,0.0,1.0,yahoo,2024-06-23 23:05:15
2019-11-01,GETI-B.ST,164.75,165.5,162.60000610351562,162.9499969482422,96343,152.03061413688687,0.0,1.0,yahoo,2024-06-23 23:05:15
2019-11-04,GETI-B.ST,163.5500030517578,166.3000030517578,161.5,163.60000610351562,1274425,152.63706576573966,0.0,1.0,yahoo,2024-06-23 23:05:15
2019-11-05,GETI-B.ST,164.0,164.3000030517578,162.5,163.25,662842,152.310513793566,0.0,1.0,yahoo,2024-06-23 23:05:15
2019-11-06,GETI-B.ST,162.85000610351562,164.6999969482422,162.5500030517578,164.25,492670,153.24350315830455,0.0,1.0,yahoo,2024-06-23 23:05:15
2019-11-07,GETI-B.ST,165.0,166.60000610351562,164.0500030517578,165.0,546774,153.94324518185843,0.0,1.0,yahoo,2024-06-23 23:05:15
2019-11-08,GETI-B.ST,165.0,169.3000030517578,164.9499969482422,169.1999969482422,957830,157.8617976665027,0.0,1.0,yahoo,2024-06-23 23:05:15
2019-11-11,GETI-B.ST,169.0500030517578,169.4499969482422,165.6999969482422,166.89999389648438,828798,155.7159192803465,0.0,1.0,yahoo,2024-06-23 23:05:15
2019-11-12,GETI-B.ST,166.89999389648438,168.25,166.14999389648438,167.75,552942,156.5089659348894,0.0,1.0,yahoo,2024-06-23 23:05:15
2019-11-13,GETI-B.ST,167.75,170.85000610351562,166.75,170.5500030517578,596605,159.1213390034149,0.0,1.0,yahoo,2024-06-23 23:05:15
2019-11-14,GETI-B.ST,170.9499969482422,171.85000610351562,167.9499969482422,168.85000610351562,590349,157.53525993061697,0.0,1.0,yahoo,2024-06-23 23:05:15
2019-11-15,GETI-B.ST,170.0,170.75,167.10000610351562,168.5,688567,157.2087079584433,0.0,1.0,yahoo,2024-06-23 23:05:15
2019-11-18,GETI-B.ST,169.35000610351562,169.6999969482422,168.3000030517578,169.25,339796,157.90844998199722,0.0,1.0,yahoo,2024-06-23 23:05:15
2019-11-19,GETI-B.ST,168.85000610351562,169.0,159.14999389648438,160.9499969482422,1897118,150.16463540740978,0.0,1.0,yahoo,2024-06-23 23:05:15
2019-11-20,GETI-B.ST,161.75,168.14999389648438,161.4499969482422,166.39999389648438,1512766,155.24942459797722,0.0,1.0,yahoo,2024-06-23 23:05:15
2019-11-21,GETI-B.ST,164.4499969482422,165.35000610351562,162.25,164.14999389648438,928834,153.15019852731552,0.0,1.0,yahoo,2024-06-23 23:05:15
2019-11-22,GETI-B.ST,164.0,167.10000610351562,164.0,165.60000610351562,773825,154.50304449521673,0.0,1.0,yahoo,2024-06-23 23:05:15
2019-11-25,GETI-B.ST,166.0,168.60000610351562,165.4499969482422,168.60000610351562,683468,157.30201258943234,0.0,1.0,yahoo,2024-06-23 23:05:15
2019-11-26,GETI-B.ST,168.8000030517578,173.39999389648438,167.64999389648438,173.39999389648438,1095502,161.780350151147,0.0,1.0,yahoo,2024-06-23 23:05:15
2019-11-27,GETI-B.ST,174.0,174.10000610351562,171.4499969482422,173.0,779147,161.40716009976674,0.0,1.0,yahoo,2024-06-23 23:05:15
2019-11-28,GETI-B.ST,171.3000030517578,172.14999389648438,167.5500030517578,168.3000030517578,478534,157.0221129327532,0.0,1.0,yahoo,2024-06-23 23:05:15
2019-11-29,GETI-B.ST,167.35000610351562,168.4499969482422,165.5500030517578,166.25,602678,155.1094818877816,0.0,1.0,yahoo,2024-06-23 23:05:15
2019-12-02,GETI-B.ST,166.0,168.0,162.60000610351562,163.14999389648438,644081,152.21720916257698,0.0,1.0,yahoo,2024-06-23 23:05:15
2019-12-03,GETI-B.ST,163.89999389648438,166.9499969482422,163.1999969482422,165.0500030517578,739052,153.98989749735296,0.0,1.0,yahoo,2024-06-23 23:05:15
2019-12-04,GETI-B.ST,165.0500030517578,168.8000030517578,164.5500030517578,168.8000030517578,976896,157.48860761512245,0.0,1.0,yahoo,2024-06-23 23:05:15
2019-12-05,GETI-B.ST,168.39999389648438,168.89999389648438,167.3000030517578,167.5,511006,156.27571859370477,0.0,1.0,yahoo,2024-06-23 23:05:15
2019-12-06,GETI-B.ST,169.1999969482422,173.14999389648438,168.14999389648438,172.89999389648438,812679,161.31385546877772,0.0,1.0,yahoo,2024-06-23 23:05:15
2019-12-09,GETI-B.ST,172.89999389648438,173.5,168.60000610351562,171.75,713760,160.24092339384356,0.0,1.0,yahoo,2024-06-23 23:05:15
2019-12-10,GETI-B.ST,171.35000610351562,171.35000610351562,167.0500030517578,169.4499969482422,813798,158.09504500768733,0.0,1.0,yahoo,2024-06-23 23:05:15
2019-12-11,GETI-B.ST,169.9499969482422,172.25,167.0500030517578,172.0,784831,160.4741707350282,0.0,1.0,yahoo,2024-06-23 23:05:15
2019-12-12,GETI-B.ST,171.9499969482422,173.64999389648438,168.64999389648438,170.25,585223,158.84143934673574,0.0,1.0,yahoo,2024-06-23 23:05:15
2019-12-13,GETI-B.ST,169.39999389648438,170.0500030517578,165.0,165.4499969482422,1136050,154.3630875487332,0.0,1.0,yahoo,2024-06-23 23:05:15
2019-12-16,GETI-B.ST,165.75,168.10000610351562,165.75,167.3000030517578,579288,156.08912356801466,0.0,1.0,yahoo,2024-06-23 23:05:15
2019-12-17,GETI-B.ST,167.25,167.5,164.8000030517578,167.0,585125,155.80922391133552,0.0,1.0,yahoo,2024-06-23 23:05:15
2019-12-18,GETI-B.ST,166.35000610351562,167.5500030517578,162.1999969482422,167.5500030517578,1138530,156.3223709091993,0.0,1.0,yahoo,2024-06-23 23:05:15
2019-12-19,GETI-B.ST,166.5500030517578,171.0,165.39999389648438,171.0,987472,159.54118137028965,0.0,1.0,yahoo,2024-06-23 23:05:15
2019-12-20,GETI-B.ST,170.4499969482422,174.1999969482422,170.4499969482422,173.5,859092,161.873654782136,0.0,1.0,yahoo,2024-06-23 23:05:15
2019-12-23,GETI-B.ST,173.5,174.60000610351562,172.1999969482422,173.35000610351562,376087,161.73371207194037,0.0,1.0,yahoo,2024-06-23 23:05:15
2019-12-27,GETI-B.ST,173.5,174.3000030517578,171.35000610351562,174.3000030517578,356703,162.6200491211844,0.0,1.0,yahoo,2024-06-23 23:05:15
2019-12-30,GETI-B.ST,172.9499969482422,175.4499969482422,172.39999389648438,174.0,552986,162.34014946450526,0.0,1.0,yahoo,2024-06-23 23:05:15
2020-01-02,GETI-B.ST,173.89999389648438,176.5,173.89999389648438,176.0500030517578,678394,164.25278050947685,0.0,1.0,yahoo,2024-06-23 23:05:15
2020-01-03,GETI-B.ST,176.1999969482422,176.89999389648438,173.60000610351562,174.14999389648438,628841,162.48009217470087,0.0,1.0,yahoo,2024-06-23 23:05:15
2020-01-07,GETI-B.ST,173.60000610351562,176.6999969482422,173.60000610351562,176.5,679616,164.6726228763516,0.0,1.0,yahoo,2024-06-23 23:05:15
2020-01-08,GETI-B.ST,173.6999969482422,177.3000030517578,173.14999389648438,177.3000030517578,503522,165.4190172154,0.0,1.0,yahoo,2024-06-23 23:05:15
2020-01-09,GETI-B.ST,178.0500030517578,179.64999389648438,176.1999969482422,178.3000030517578,568970,166.35200658013855,0.0,1.0,yahoo,2024-06-23 23:05:15
2020-01-10,GETI-B.ST,178.3000030517578,179.85000610351562,176.3000030517578,179.35000610351562,730748,167.3316482603716,0.0,1.0,yahoo,2024-06-23 23:05:15
2020-01-13,GETI-B.ST,179.14999389648438,180.9499969482422,176.4499969482422,176.8000030517578,1443932,164.95252253303076,0.0,1.0,yahoo,2024-06-23 23:05:15
2020-01-14,GETI-B.ST,176.9499969482422,179.9499969482422,174.5500030517578,179.89999389648438,691033,167.84478102194745,0.0,1.0,yahoo,2024-06-23 23:05:15
2020-01-15,GETI-B.ST,179.75,182.1499938964844,177.85000610351562,178.9499969482422,966162,166.95844397270344,0.0,1.0,yahoo,2024-06-23 23:05:15
2020-01-16,GETI-B.ST,178.89999389648438,179.64999389648438,177.4499969482422,178.14999389648438,634005,166.21204963365503,0.0,1.0,yahoo,2024-06-23 23:05:15
2020-01-17,GETI-B.ST,178.8000030517578,179.60000610351562,176.4499969482422,178.85000610351562,562033,166.86515357800232,0.0,1.0,yahoo,2024-06-23 23:05:15
2020-01-20,GETI-B.ST,178.9499969482422,180.1499938964844,177.60000610351562,179.60000610351562,288023,167.56489560155623,0.0,1.0,yahoo,2024-06-23 23:05:15
2020-01-21,GETI-B.ST,179.5,181.8500061035156,177.85000610351562,181.8500061035156,348303,169.6641216722179,0.0,1.0,yahoo,2024-06-23 23:05:15
2020-01-22,GETI-B.ST,181.5,182.3500061035156,180.4499969482422,180.4499969482422,399009,168.35792801981123,0.0,1.0,yahoo,2024-06-23 23:05:15
2020-01-23,GETI-B.ST,179.85000610351562,180.3000030517578,178.64999389648438,180.25,560269,168.17133299412112,0.0,1.0,yahoo,2024-06-23 23:05:15
2020-01-24,GETI-B.ST,180.4499969482422,184.0500030517578,180.4499969482422,182.1499938964844,637507,169.94400709260918,0.0,1.0,yahoo,2024-06-23 23:05:15
2020-01-27,GETI-B.ST,181.0,181.5,177.4499969482422,179.9499969482422,769396,167.89143333744198,0.0,1.0,yahoo,2024-06-23 23:05:15
2020-01-28,GETI-B.ST,180.10000610351562,182.1999969482422,177.89999389648438,179.6999969482422,857785,167.65818599625734,0.0,1.0,yahoo,2024-06-23 23:05:15
2020-01-29,GETI-B.ST,180.1999969482422,182.1999969482422,178.3000030517578,182.0,627623,169.80406438241354,0.0,1.0,yahoo,2024-06-23 23:05:15
2020-01-30,GETI-B.ST,172.35000610351562,178.6999969482422,158.60000610351562,164.0,4776158,153.0102558171199,0.0,1.0,yahoo,2024-06-23 23:05:15
2020-01-31,GETI-B.ST,166.64999389648438,171.39999389648438,164.39999389648438,164.5500030517578,2170156,153.52340281498368,0.0,1.0,yahoo,2024-06-23 23:05:15
2020-02-03,GETI-B.ST,164.0500030517578,168.5500030517578,162.5500030517578,168.0,1207886,156.74221327607404,0.0,1.0,yahoo,2024-06-23 23:05:15
2020-02-04,GETI-B.ST,168.64999389648438,172.85000610351562,168.64999389648438,172.5,975304,160.94066541739747,0.0,1.0,yahoo,2024-06-23 23:05:15
2020-02-05,GETI-B.ST,172.8000030517578,178.14999389648438,172.14999389648438,175.9499969482422,1309324,164.15947587848783,0.0,1.0,yahoo,2024-06-23 23:05:15
2020-02-06,GETI-B.ST,176.4499969482422,177.25,174.35000610351562,175.35000610351562,1490098,163.59969080141747,0.0,1.0,yahoo,2024-06-23 23:05:15
2020-02-07,GETI-B.ST,175.35000610351562,177.5,172.35000610351562,172.5500030517578,690678,160.98731773289197,0.0,1.0,yahoo,2024-06-23 23:05:15
2020-02-10,GETI-B.ST,172.0500030517578,172.89999389648438,170.85000610351562,172.14999389648438,576154,160.6141134452238,0.0,1.0,yahoo,2024-06-23 23:05:15
2020-02-11,GETI-B.ST,172.85000610351562,173.89999389648438,171.1999969482422,171.35000610351562,581428,159.8677333424633,0.0,1.0,yahoo,2024-06-23 23:05:15
2020-02-12,GETI-B.ST,172.25,172.25,170.3000030517578,171.0,509746,159.54118137028965,0.0,1.0,yahoo,2024-06-23 23:05:15
2020-02-13,GETI-B.ST,170.14999389648438,170.75,167.64999389648438,168.89999389648438,742101,157.58189800982356,0.0,1.0,yahoo,2024-06-23 23:05:15
2020-02-14,GETI-B.ST,169.5500030517578,172.35000610351562,169.0500030517578,171.75,554225,160.24092339384356,0.0,1.0,yahoo,2024-06-23 23:05:15
2020-02-17,GETI-B.ST,171.9499969482422,174.14999389648438,171.0500030517578,172.39999389648438,521898,160.84736078640844,0.0,1.0,yahoo,2024-06-23 23:05:15
2020-02-18,GETI-B.ST,171.0500030517578,173.85000610351562,170.5500030517578,173.10000610351562,306430,161.50046473075574,0.0,1.0,yahoo,2024-06-23 23:05:15
2020-02-19,GETI-B.ST,174.10000610351562,177.8000030517578,173.14999389648438,177.0,828252,165.13911755872087,0.0,1.0,yahoo,2024-06-23 23:05:15
2020-02-20,GETI-B.ST,176.75,178.35000610351562,175.14999389648438,175.14999389648438,836132,163.41308153943942,0.0,1.0,yahoo,2024-06-23 23:05:15
2020-02-21,GETI-B.ST,175.14999389648438,176.85000610351562,172.60000610351562,174.9499969482422,754557,163.22648651374928,0.0,1.0,yahoo,2024-06-23 23:05:15
2020-02-24,GETI-B.ST,172.64999389648438,172.64999389648438,167.6999969482422,168.6999969482422,940329,157.39530298413345,0.0,1.0,yahoo,2024-06-23 23:05:15
2020-02-25,GETI-B.ST,168.64999389648438,170.6999969482422,164.89999389648438,165.0500030517578,710818,153.98989749735296,0.0,1.0,yahoo,2024-06-23 23:05:15
2020-02-26,GETI-B.ST,162.85000610351562,169.39999389648438,158.6999969482422,169.39999389648438,1096274,158.04839269219283,0.0,1.0,yahoo,2024-06-23 23:05:15
2020-02-27,GETI-B.ST,167.25,167.25,160.1999969482422,165.64999389648438,1376650,154.54968257442331,0.0,1.0,yahoo,2024-06-23 23:05:15
2020-02-28,GETI-B.ST,159.85000610351562,160.89999389648438,155.9499969482422,160.10000610351562,1988733,149.37160298915478,0.0,1.0,yahoo,2024-06-23 23:05:15
2020-03-02,GETI-B.ST,163.25,165.89999389648438,158.9499969482422,162.89999389648438,1638985,151.98396182139234,0.0,1.0,yahoo,2024-06-23 23:05:15
2020-03-03,GETI-B.ST,166.14999389648438,173.0,164.85000610351562,170.75,1301730,159.307934029105,0.0,1.0,yahoo,2024-06-23 23:05:15
2020-03-04,GETI-B.ST,171.0,173.39999389648438,166.0,170.0,1278347,158.60819200555113,0.0,1.0,yahoo,2024-06-23 23:05:15
2020-03-05,GETI-B.ST,172.0,186.8999938964844,170.0500030517578,184.0,4342043,171.67004311189064,0.0,1.0,yahoo,2024-06-23 23:05:15
2020-03-06,GETI-B.ST,180.5500030517578,187.6499938964844,174.75,176.0,3665514,164.20612819398232,0.0,1.0,yahoo,2024-06-23 23:05:15
2020-03-09,GETI-B.ST,166.89999389648438,173.75,162.3000030517578,170.39999389648438,2198939,158.98138205693138,0.0,1.0,yahoo,2024-06-23 23:05:15
2020-03-10,GETI-B.ST,172.0,176.89999389648438,167.39999389648438,169.10000610351562,2160916,157.7685072718016,0.0,1.0,yahoo,2024-06-23 23:05:15
2020-03-11,GETI-B.ST,170.5500030517578,172.39999389648438,155.8000030517578,156.39999389648438,3603095,145.91953095059188,0.0,1.0,yahoo,2024-06-23 23:05:15
2020-03-12,GETI-B.ST,148.8000030517578,151.4499969482422,142.1999969482422,146.8000030517578,3598389,136.96284159087466,0.0,1.0,yahoo,2024-06-23 23:05:15
2020-03-13,GETI-B.ST,150.1999969482422,153.14999389648438,139.3000030517578,145.35000610351562,2732791,135.61000985926137,0.0,1.0,yahoo,2024-06-23 23:05:15
2020-03-16,GETI-B.ST,140.0,162.0,136.0,157.3000030517578,4006854,146.7592299206293,0.0,1.0,yahoo,2024-06-23 23:05:15
2020-03-17,GETI-B.ST,168.6999969482422,175.35000610351562,153.6999969482422,171.5500030517578,3250884,160.05432836815342,0.0,1.0,yahoo,2024-06-23 23:05:15
2020-03-18,GETI-B.ST,175.0,192.3500061035156,171.9499969482422,172.8000030517578,4275391,161.2205650740766,0.0,1.0,yahoo,2024-06-23 23:05:15
2020-03-19,GETI-B.ST,176.35000610351562,184.8000030517578,167.4499969482422,170.14999389648438,2261178,158.74813471574674,0.0,1.0,yahoo,2024-06-23 23:05:15
2020-03-20,GETI-B.ST,177.4499969482422,177.4499969482422,166.1999969482422,174.8000030517578,2700797,163.08654380355367,0.0,1.0,yahoo,2024-06-23 23:05:15
2020-03-23,GETI-B.ST,170.64999389648438,184.0,167.39999389648438,171.60000610351562,1545873,160.10098068364795,0.0,1.0,yahoo,2024-06-23 23:05:15
2020-03-24,GETI-B.ST,180.0,180.0,169.5,174.9499969482422,2347139,163.22648651374928,0.0,1.0,yahoo,2024-06-23 23:05:15
2020-03-25,GETI-B.ST,178.5500030517578,181.0,172.4499969482422,175.3000030517578,2364075,163.55303848592294,0.0,1.0,yahoo,2024-06-23 23:05:15
2020-03-26,GETI-B.ST,175.5,188.3000030517578,173.64999389648438,183.4499969482422,3009322,171.15689611402684,0.0,1.0,yahoo,2024-06-23 23:05:15
2020-03-27,GETI-B.ST,183.5500030517578,183.75,177.75,179.39999389648438,1765510,167.37828633957818,0.0,1.0,yahoo,2024-06-23 23:05:15
2020-03-30,GETI-B.ST,180.6000061035156,204.8000030517578,180.10000610351562,196.5500030517578,3880535,183.37906248661685,0.0,1.0,yahoo,2024-06-23 23:05:15
2020-03-31,GETI-B.ST,199.5500030517578,203.8000030517578,188.5500030517578,190.6999969482422,2706712,177.92106900838124,0.0,1.0,yahoo,2024-06-23 23:05:15
2020-04-01,GETI-B.ST,187.9499969482422,191.25,185.1499938964844,185.6999969482422,2067704,173.25612218468856,0.0,1.0,yahoo,2024-06-23 23:05:15
2020-04-02,GETI-B.ST,186.0500030517578,188.9499969482422,181.9499969482422,187.0,1256510,174.46901120610625,0.0,1.0,yahoo,2024-06-23 23:05:15
2020-04-03,GETI-B.ST,188.5,189.9499969482422,184.8999938964844,188.6499938964844,1112703,176.00843796340968,0.0,1.0,yahoo,2024-06-23 23:05:15
2020-04-06,GETI-B.ST,192.1999969482422,195.5,187.4499969482422,190.5500030517578,2178101,177.78112629818563,0.0,1.0,yahoo,2024-06-23 23:05:15
2020-04-07,GETI-B.ST,194.0,194.1999969482422,181.3000030517578,187.1499938964844,2886551,174.60895391630189,0.0,1.0,yahoo,2024-06-23 23:05:15
2020-04-08,GETI-B.ST,186.1999969482422,188.1000061035156,182.75,185.0500030517578,1460085,172.64968479212368,0.0,1.0,yahoo,2024-06-23 23:05:15
2020-04-09,GETI-B.ST,196.0,203.3999938964844,184.3000030517578,184.3000030517578,3467999,171.94994276856977,0.0,1.0,yahoo,2024-06-23 23:05:15
2020-04-14,GETI-B.ST,190.0,192.1999969482422,187.0,192.1999969482422,2473930,179.32055305548903,0.0,1.0,yahoo,2024-06-23 23:05:15
2020-04-15,GETI-B.ST,191.9499969482422,192.4499969482422,188.5,188.8000030517578,1840364,176.14839490989317,0.0,1.0,yahoo,2024-06-23 23:05:15
2020-04-16,GETI-B.ST,189.9499969482422,190.75,185.5500030517578,185.5500030517578,1704006,173.11617947449292,0.0,1.0,yahoo,2024-06-23 23:05:15
2020-04-17,GETI-B.ST,188.4499969482422,188.8999938964844,178.14999389648438,181.0500030517578,3262466,168.91772733316952,0.0,1.0,yahoo,2024-06-23 23:05:15
2020-04-20,GETI-B.ST,183.5500030517578,192.4499969482422,183.1999969482422,192.4499969482422,2020765,179.55380039667367,0.0,1.0,yahoo,2024-06-23 23:05:15
2020-04-21,GETI-B.ST,192.4499969482422,197.6499938964844,190.6999969482422,194.8500061035156,2504658,181.7929834138189,0.0,1.0,yahoo,2024-06-23 23:05:15
2020-04-22,GETI-B.ST,199.1999969482422,199.6000061035156,185.6499938964844,189.3999938964844,2409092,176.7081799869636,0.0,1.0,yahoo,2024-06-23 23:05:15
2020-04-23,GETI-B.ST,191.0,193.9499969482422,188.6999969482422,191.8000030517578,1414871,178.94736300410878,0.0,1.0,yahoo,2024-06-23 23:05:15
2020-04-24,GETI-B.ST,190.0,190.1499938964844,184.6499938964844,184.9499969482422,1693973,172.55638016113465,0.0,1.0,yahoo,2024-06-23 23:05:15
2020-04-27,GETI-B.ST,187.0,188.75,185.25,187.8999938964844,1385292,175.30869593985577,0.0,1.0,yahoo,2024-06-23 23:05:15
2020-04-28,GETI-B.ST,188.0,188.8000030517578,183.8000030517578,186.1999969482422,1692211,173.7226168670578,0.0,1.0,yahoo,2024-06-23 23:05:15
2020-04-29,GETI-B.ST,186.0,186.0,183.1999969482422,184.3500061035156,1783048,171.99659508406424,0.0,1.0,yahoo,2024-06-23 23:05:15
2020-04-30,GETI-B.ST,185.0500030517578,189.5,184.9499969482422,188.1000061035156,1054009,175.49530520183376,0.0,1.0,yahoo,2024-06-23 23:05:15
2020-05-04,GETI-B.ST,185.3000030517578,186.3999938964844,182.8500061035156,183.8000030517578,1367465,171.4834480862005,0.0,1.0,yahoo,2024-06-23 23:05:15
2020-05-05,GETI-B.ST,184.8000030517578,186.25,184.1499938964844,185.0500030517578,1001049,172.64968479212368,0.0,1.0,yahoo,2024-06-23 23:05:15
2020-05-06,GETI-B.ST,185.1000061035156,186.1499938964844,183.75,183.8999938964844,835268,171.57673848090164,0.0,1.0,yahoo,2024-06-23 23:05:15
2020-05-07,GETI-B.ST,184.0500030517578,185.4499969482422,182.6499938964844,184.3000030517578,1033092,171.94994276856977,0.0,1.0,yahoo,2024-06-23 23:05:15
2020-05-08,GETI-B.ST,185.25,186.4499969482422,182.8500061035156,184.1499938964844,705505,171.80998582208628,0.0,1.0,yahoo,2024-06-23 23:05:15
2020-05-11,GETI-B.ST,184.1499938964844,185.4499969482422,181.3999938964844,183.6999969482422,1203554,171.39014345521147,0.0,1.0,yahoo,2024-06-23 23:05:15
2020-05-12,GETI-B.ST,183.8000030517578,190.1000061035156,183.5,188.9499969482422,1732822,176.28833762008878,0.0,1.0,yahoo,2024-06-23 23:05:15
2020-05-13,GETI-B.ST,187.25,188.6499938964844,183.1999969482422,185.1999969482422,1123431,172.7896275023193,0.0,1.0,yahoo,2024-06-23 23:05:15
2020-05-14,GETI-B.ST,184.0,184.3000030517578,172.5500030517578,172.5500030517578,2640444,160.98731773289197,0.0,1.0,yahoo,2024-06-23 23:05:15
2020-05-15,GETI-B.ST,173.3000030517578,175.39999389648438,169.75,171.0,1887057,159.54118137028965,0.0,1.0,yahoo,2024-06-23 23:05:15
2020-05-18,GETI-B.ST,174.6999969482422,174.6999969482422,169.35000610351562,170.5500030517578,1641200,159.1213390034149,0.0,1.0,yahoo,2024-06-23 23:05:15
2020-05-19,GETI-B.ST,171.14999389648438,171.5,166.0500030517578,170.0500030517578,2340258,158.65484432104563,0.0,1.0,yahoo,2024-06-23 23:05:15
2020-05-20,GETI-B.ST,169.9499969482422,176.5,168.0500030517578,176.14999389648438,963085,164.34607090417796,0.0,1.0,yahoo,2024-06-23 23:05:15
2020-05-22,GETI-B.ST,174.75,176.5,171.5,173.8000030517578,1605022,162.15355443881515,0.0,1.0,yahoo,2024-06-23 23:05:15
2020-05-25,GETI-B.ST,174.39999389648438,178.85000610351562,174.3000030517578,178.0,804377,166.07210692345942,0.0,1.0,yahoo,2024-06-23 23:05:15
2020-05-26,GETI-B.ST,179.75,179.75,172.39999389648438,172.39999389648438,1127137,160.84736078640844,0.0,1.0,yahoo,2024-06-23 23:05:15
2020-05-27,GETI-B.ST,172.5,174.1999969482422,166.0,166.0,2079757,154.87623454659698,0.0,1.0,yahoo,2024-06-23 23:05:15
2020-05-28,GETI-B.ST,167.89999389648438,170.89999389648438,166.4499969482422,170.5500030517578,1260098,159.1213390034149,0.0,1.0,yahoo,2024-06-23 23:05:15
2020-05-29,GETI-B.ST,170.10000610351562,175.75,169.8000030517578,173.75,2281786,162.10690212332062,0.0,1.0,yahoo,2024-06-23 23:05:15
2020-06-01,GETI-B.ST,174.75,175.35000610351562,169.89999389648438,170.3000030517578,707028,158.88809166223027,0.0,1.0,yahoo,2024-06-23 23:05:15
2020-06-02,GETI-B.ST,171.0,172.64999389648438,167.14999389648438,168.6999969482422,1412346,157.39530298413345,0.0,1.0,yahoo,2024-06-23 23:05:15
2020-06-03,GETI-B.ST,168.9499969482422,169.35000610351562,165.39999389648438,169.35000610351562,1465966,158.00175461298625,0.0,1.0,yahoo,2024-06-23 23:05:15
2020-06-04,GETI-B.ST,168.5,170.10000610351562,166.5500030517578,167.64999389648438,2645479,156.4156613039004,0.0,1.0,yahoo,2024-06-23 23:05:15
2020-06-05,GETI-B.ST,168.25,168.64999389648438,164.0,165.6999969482422,1985336,154.59633488991784,0.0,1.0,yahoo,2024-06-23 23:05:15
2020-06-08,GETI-B.ST,165.6999969482422,165.85000610351562,161.5,163.75,1631231,152.77700847593528,0.0,1.0,yahoo,2024-06-23 23:05:15
2020-06-09,GETI-B.ST,163.75,170.5500030517578,163.39999389648438,167.5,1862246,156.27571859370477,0.0,1.0,yahoo,2024-06-23 23:05:15
2020-06-10,GETI-B.ST,168.14999389648438,172.85000610351562,166.25,172.8000030517578,1777580,161.2205650740766,0.0,1.0,yahoo,2024-06-23 23:05:15
2020-06-11,GETI-B.ST,170.5,172.60000610351562,168.10000610351562,168.8000030517578,1651324,157.48860761512245,0.0,1.0,yahoo,2024-06-23 23:05:15
2020-06-12,GETI-B.ST,167.4499969482422,172.3000030517578,165.5,169.14999389648438,1744754,157.8151453510082,0.0,1.0,yahoo,2024-06-23 23:05:15
2020-06-15,GETI-B.ST,167.9499969482422,170.5,164.89999389648438,170.0,1732732,158.60819200555113,0.0,1.0,yahoo,2024-06-23 23:05:15
2020-06-16,GETI-B.ST,170.9499969482422,174.5,170.3000030517578,174.5,1606694,162.80664414687453,0.0,1.0,yahoo,2024-06-23 23:05:15
2020-06-17,GETI-B.ST,175.0,181.6499938964844,174.8000030517578,181.3999938964844,1761577,169.2442650690553,0.0,1.0,yahoo,2024-06-23 23:05:15
2020-06-18,GETI-B.ST,180.0,180.0,175.39999389648438,177.5500030517578,1569193,165.65226455658464,0.0,1.0,yahoo,2024-06-23 23:05:15
2020-06-22,GETI-B.ST,177.35000610351562,180.6999969482422,176.89999389648438,177.39999389648438,909610,165.51230761010112,0.0,1.0,yahoo,2024-06-23 23:05:15
2020-06-23,GETI-B.ST,178.60000610351562,181.1999969482422,177.75,180.5,868763,168.40458033530575,0.0,1.0,yahoo,2024-06-23 23:05:15
2020-06-24,GETI-B.ST,180.3000030517578,180.3000030517578,174.4499969482422,174.4499969482422,1173431,162.75999183138003,0.0,1.0,yahoo,2024-06-23 23:05:15
2020-06-25,GETI-B.ST,174.3000030517578,174.89999389648438,171.1999969482422,174.60000610351562,920461,162.89994877786356,0.0,1.0,yahoo,2024-06-23 23:05:15
2020-06-26,GETI-B.ST,175.25,177.8000030517578,174.4499969482422,176.5500030517578,807310,164.71927519184612,0.0,1.0,yahoo,2024-06-23 23:05:15
2020-06-29,GETI-B.ST,175.5,177.25,172.35000610351562,173.5,771459,163.2607469154701,1.5,1.0,yahoo,2024-06-23 23:05:15
2020-06-30,GETI-B.ST,173.10000610351562,173.64999389648438,169.5500030517578,172.89999389648438,1282477,162.69615069291217,0.0,1.0,yahoo,2024-06-23 23:05:15
2020-07-01,GETI-B.ST,173.3000030517578,177.25,172.5,176.75,871620,166.3189453447224,0.0,1.0,yahoo,2024-06-23 23:05:15
2020-07-02,GETI-B.ST,177.75,179.4499969482422,175.1999969482422,179.1999969482422,760927,168.62435359665696,0.0,1.0,yahoo,2024-06-23 23:05:15
2020-07-03,GETI-B.ST,179.1999969482422,180.0500030517578,176.9499969482422,178.0500030517578,664589,167.54222758807902,0.0,1.0,yahoo,2024-06-23 23:05:15
2020-07-06,GETI-B.ST,180.0,180.5,177.5500030517578,180.1999969482422,968185,169.5653377287346,0.0,1.0,yahoo,2024-06-23 23:05:15
2020-07-07,GETI-B.ST,180.5,183.9499969482422,178.35000610351562,183.6999969482422,1418976,172.85878219100633,0.0,1.0,yahoo,2024-06-23 23:05:15
2020-07-08,GETI-B.ST,183.1000061035156,184.1000061035156,179.35000610351562,180.0500030517578,757800,169.4241958522343,0.0,1.0,yahoo,2024-06-23 23:05:15
2020-07-09,GETI-B.ST,180.3500061035156,185.25,179.89999389648438,182.25,739061,171.49435807114943,0.0,1.0,yahoo,2024-06-23 23:05:15
2020-07-10,GETI-B.ST,181.1000061035156,181.6999969482422,177.64999389648438,177.6999969482422,933221,167.21287739854048,0.0,1.0,yahoo,2024-06-23 23:05:15
2020-07-13,GETI-B.ST,178.14999389648438,180.5500030517578,176.85000610351562,180.3500061035156,1115067,169.70649396351322,0.0,1.0,yahoo,2024-06-23 23:05:15
2020-07-14,GETI-B.ST,178.75,178.75,176.3000030517578,177.14999389648438,879900,166.69533325424212,0.0,1.0,yahoo,2024-06-23 23:05:15
2020-07-15,GETI-B.ST,178.5500030517578,185.9499969482422,177.3000030517578,185.6999969482422,1533979,174.7407504551616,0.0,1.0,yahoo,2024-06-23 23:05:15
2020-07-16,GETI-B.ST,189.3500061035156,199.8000030517578,188.5,191.6000061035156,3110291,180.29256544938664,0.0,1.0,yahoo,2024-06-23 23:05:15
2020-07-17,GETI-B.ST,192.0,199.3500061035156,191.8999938964844,199.0,1994928,187.25584228344985,0.0,1.0,yahoo,2024-06-23 23:05:15
2020-07-20,GETI-B.ST,199.6000061035156,208.8999938964844,199.3500061035156,208.3999938964844,2014687,196.10108738166832,0.0,1.0,yahoo,2024-06-23 23:05:15
2020-07-21,GETI-B.ST,210.0,210.6000061035156,202.6999969482422,202.6999969482422,1590349,190.73748070048143,0.0,1.0,yahoo,2024-06-23 23:05:15
2020-07-22,GETI-B.ST,203.0,207.5,202.5,206.8000030517578,989999,194.5955213853111,0.0,1.0,yahoo,2024-06-23 23:05:15
2020-07-23,GETI-B.ST,208.5,215.8999938964844,206.8999938964844,215.1000061035156,1189373,202.40569255321114,0.0,1.0,yahoo,2024-06-23 23:05:15
2020-07-24,GETI-B.ST,214.3000030517578,214.3000030517578,207.0,208.1000061035156,973624,195.81880362866767,0.0,1.0,yahoo,2024-06-23 23:05:15
2020-07-27,GETI-B.ST,208.5,215.8999938964844,206.5,215.5,654175,202.78208046273087,0.0,1.0,yahoo,2024-06-23 23:05:15
2020-07-28,GETI-B.ST,217.0,217.1999969482422,212.3999938964844,214.5,546509,201.84109633065322,0.0,1.0,yahoo,2024-06-23 23:05:15
2020-07-29,GETI-B.ST,214.3999938964844,215.6000061035156,211.8999938964844,213.3000030517578,758708,200.71191824381575,0.0,1.0,yahoo,2024-06-23 23:05:15
2020-07-30,GETI-B.ST,212.3000030517578,212.5,209.1000061035156,210.3000030517578,619755,197.88896584758282,0.0,1.0,yahoo,2024-06-23 23:05:15
2020-07-31,GETI-B.ST,210.3000030517578,212.1999969482422,209.0,209.8000030517578,681106,197.418473781544,0.0,1.0,yahoo,2024-06-23 23:05:15
2020-08-03,GETI-B.ST,209.8000030517578,215.0,208.1999969482422,214.1000061035156,808330,201.4647084211335,0.0,1.0,yahoo,2024-06-23 23:05:15
2020-08-04,GETI-B.ST,214.5,215.5,207.8999938964844,207.8999938964844,888763,195.6305953156295,0.0,1.0,yahoo,2024-06-23 23:05:15
2020-08-05,GETI-B.ST,208.8000030517578,209.0,205.6000061035156,206.1999969482422,694895,194.03092516275316,0.0,1.0,yahoo,2024-06-23 23:05:15
2020-08-06,GETI-B.ST,206.1999969482422,206.1999969482422,201.8999938964844,202.6999969482422,756991,190.73748070048143,0.0,1.0,yahoo,2024-06-23 23:05:15
2020-08-07,GETI-B.ST,202.1000061035156,205.6000061035156,202.0,203.6000061035156,412736,191.5843750343183,0.0,1.0,yahoo,2024-06-23 23:05:15
2020-08-10,GETI-B.ST,203.6000061035156,206.1999969482422,202.0,202.0,502455,190.07879467968277,0.0,1.0,yahoo,2024-06-23 23:05:15
2020-08-11,GETI-B.ST,202.8000030517578,205.1999969482422,202.0,203.3999938964844,783952,191.39616672128014,0.0,1.0,yahoo,2024-06-23 23:05:15
2020-08-12,GETI-B.ST,202.6999969482422,204.1999969482422,201.3999938964844,204.0,810989,191.96076294383803,0.0,1.0,yahoo,2024-06-23 23:05:15
2020-08-13,GETI-B.ST,204.3999938964844,205.0,202.1000061035156,204.0,550443,191.96076294383803,0.0,1.0,yahoo,2024-06-23 23:05:15
2020-08-14,GETI-B.ST,204.3000030517578,204.6999969482422,200.1999969482422,203.0,754048,191.0197788117604,0.0,1.0,yahoo,2024-06-23 23:05:15
2020-08-17,GETI-B.ST,203.1999969482422,208.8999938964844,201.3000030517578,207.1000061035156,833846,194.87781949659004,0.0,1.0,yahoo,2024-06-23 23:05:15
2020-08-18,GETI-B.ST,206.8999938964844,206.8999938964844,201.1999969482422,201.3000030517578,606215,189.4201086588841,0.0,1.0,yahoo,2024-06-23 23:05:15
2020-08-19,GETI-B.ST,202.0,204.6999969482422,201.1999969482422,203.3999938964844,443692,191.39616672128014,0.0,1.0,yahoo,2024-06-23 23:05:15
2020-08-20,GETI-B.ST,201.5,202.8000030517578,200.3000030517578,201.6000061035156,412048,189.70240677016304,0.0,1.0,yahoo,2024-06-23 23:05:15
2020-08-21,GETI-B.ST,201.6000061035156,204.5,201.1999969482422,203.0,357663,191.0197788117604,0.0,1.0,yahoo,2024-06-23 23:05:15
2020-08-24,GETI-B.ST,204.5,206.1000061035156,200.8000030517578,201.1000061035156,532997,189.23191470412422,0.0,1.0,yahoo,2024-06-23 23:05:15
2020-08-25,GETI-B.ST,201.8999938964844,204.8999938964844,201.0,203.6999969482422,594581,191.67846483255906,0.0,1.0,yahoo,2024-06-23 23:05:15
2020-08-26,GETI-B.ST,202.8000030517578,204.6999969482422,200.1000061035156,202.1999969482422,584817,190.2669886344426,0.0,1.0,yahoo,2024-06-23 23:05:15
2020-08-27,GETI-B.ST,202.1999969482422,203.8000030517578,198.5,199.0,654828,187.25584228344985,0.0,1.0,yahoo,2024-06-23 23:05:15
2020-08-28,GETI-B.ST,199.0,199.3999938964844,192.6499938964844,194.6499938964844,834606,183.1625555656008,0.0,1.0,yahoo,2024-06-23 23:05:15
2020-08-31,GETI-B.ST,192.3000030517578,193.3500061035156,188.0500030517578,192.1000061035156,2181876,180.7630575154255,0.0,1.0,yahoo,2024-06-23 23:05:15
2020-09-01,GETI-B.ST,193.3000030517578,195.3000030517578,188.5500030517578,189.75,1008225,178.5517390617317,0.0,1.0,yahoo,2024-06-23 23:05:15
2020-09-02,GETI-B.ST,190.0,196.25,190.0,194.8999938964844,957327,183.39780159862022,0.0,1.0,yahoo,2024-06-23 23:05:15
2020-09-03,GETI-B.ST,195.0,195.75,182.3999938964844,183.1999969482422,1907693,172.3882901249675,0.0,1.0,yahoo,2024-06-23 23:05:15
2020-09-04,GETI-B.ST,183.3999938964844,185.75,174.8000030517578,177.0500030517578,1771608,166.60124345600138,0.0,1.0,yahoo,2024-06-23 23:05:15
2020-09-07,GETI-B.ST,177.9499969482422,180.6000061035156,177.35000610351562,179.4499969482422,1193276,168.85959962967635,0.0,1.0,yahoo,2024-06-23 23:05:15
2020-09-08,GETI-B.ST,180.0,180.0,174.60000610351562,179.14999389648438,1241548,168.5773015183974,0.0,1.0,yahoo,2024-06-23 23:05:15
2020-09-09,GETI-B.ST,182.4499969482422,190.6000061035156,182.3999938964844,186.3500061035156,1844380,175.35239875597907,0.0,1.0,yahoo,2024-06-23 23:05:15
2020-09-10,GETI-B.ST,186.3500061035156,186.5500030517578,180.8999938964844,182.3000030517578,1243597,171.541410149409,0.0,1.0,yahoo,2024-06-23 23:05:15
2020-09-11,GETI-B.ST,182.3000030517578,185.5,182.0500030517578,184.5500030517578,919612,173.65862444658367,0.0,1.0,yahoo,2024-06-23 23:05:15
2020-09-14,GETI-B.ST,185.5,186.8500061035156,183.4499969482422,184.25,721438,173.3763263353047,0.0,1.0,yahoo,2024-06-23 23:05:15
2020-09-15,GETI-B.ST,184.6499938964844,188.0500030517578,184.3999938964844,186.3000030517578,770526,175.30534667771954,0.0,1.0,yahoo,2024-06-23 23:05:15
2020-09-16,GETI-B.ST,187.6499938964844,187.6499938964844,183.6499938964844,184.1499938964844,1403459,173.28222217878562,0.0,1.0,yahoo,2024-06-23 23:05:15
2020-09-17,GETI-B.ST,184.0,186.25,182.3500061035156,185.0500030517578,830230,174.1291165126225,0.0,1.0,yahoo,2024-06-23 23:05:15
2020-09-18,GETI-B.ST,186.1000061035156,189.9499969482422,185.5,188.1000061035156,864843,176.99912098711494,0.0,1.0,yahoo,2024-06-23 23:05:15
2020-09-21,GETI-B.ST,188.1000061035156,191.3500061035156,186.0,190.6499938964844,1313086,179.39861903729025,0.0,1.0,yahoo,2024-06-23 23:05:15
2020-09-22,GETI-B.ST,191.5,193.3000030517578,185.6000061035156,187.75,833235,176.66977079757643,0.0,1.0,yahoo,2024-06-23 23:05:15
2020-09-23,GETI-B.ST,188.8999938964844,190.3500061035156,185.5,190.0,712417,178.78698509475112,0.0,1.0,yahoo,2024-06-23 23:05:15
2020-09-24,GETI-B.ST,188.8999938964844,189.9499969482422,184.3000030517578,185.4499969482422,827902,174.5055044221422,0.0,1.0,yahoo,2024-06-23 23:05:15
2020-09-25,GETI-B.ST,187.3999938964844,193.25,187.0,192.5,1034386,181.1394454249452,0.0,1.0,yahoo,2024-06-23 23:05:15
2020-09-28,GETI-B.ST,193.6999969482422,195.5,190.8000030517578,191.5,866518,180.19846129286756,0.0,1.0,yahoo,2024-06-23 23:05:15
2020-09-29,GETI-B.ST,191.3000030517578,192.0,188.6000061035156,190.3500061035156,776896,179.11633528428962,0.0,1.0,yahoo,2024-06-23 23:05:15
2020-09-30,GETI-B.ST,190.3999938964844,196.5500030517578,190.0500030517578,195.5,1430840,183.96239782117812,0.0,1.0,yahoo,2024-06-23 23:05:15
2020-10-01,GETI-B.ST,196.8999938964844,202.3000030517578,196.8999938964844,197.6999969482422,948663,186.03256004009324,0.0,1.0,yahoo,2024-06-23 23:05:15
2020-10-02,GETI-B.ST,196.3000030517578,196.8500061035156,193.3000030517578,195.8500061035156,855695,184.29174801071662,0.0,1.0,yahoo,2024-06-23 23:05:15
2020-10-05,GETI-B.ST,196.25,199.6000061035156,196.25,197.4499969482422,615308,185.79731400707382,0.0,1.0,yahoo,2024-06-23 23:05:15
2020-10-06,GETI-B.ST,198.1999969482422,198.3000030517578,193.3999938964844,194.3999938964844,673618,182.92730953258138,0.0,1.0,yahoo,2024-06-23 23:05:15
2020-10-07,GETI-B.ST,194.3000030517578,198.25,193.8999938964844,195.9499969482422,540152,184.38583780895738,0.0,1.0,yahoo,2024-06-23 23:05:15
2020-10-08,GETI-B.ST,196.8000030517578,198.1999969482422,193.6499938964844,194.8999938964844,500690,183.39780159862022,0.0,1.0,yahoo,2024-06-23 23:05:15
2020-10-09,GETI-B.ST,195.0500030517578,197.1000061035156,193.8000030517578,196.8999938964844,505896,185.27976986277548,0.0,1.0,yahoo,2024-06-23 23:05:15
2020-10-12,GETI-B.ST,197.1000061035156,205.0,197.1000061035156,204.1999969482422,987863,192.14895689859787,0.0,1.0,yahoo,2024-06-23 23:05:15
2020-10-13,GETI-B.ST,204.1999969482422,207.6000061035156,201.3000030517578,204.3000030517578,823154,192.243061055117,0.0,1.0,yahoo,2024-06-23 23:05:15
2020-10-14,GETI-B.ST,208.0,211.8999938964844,207.3000030517578,209.8999938964844,1447880,197.51256357978477,0.0,1.0,yahoo,2024-06-23 23:05:15
2020-10-15,GETI-B.ST,210.1999969482422,212.6999969482422,204.6000061035156,205.6000061035156,1570383,193.4663432984736,0.0,1.0,yahoo,2024-06-23 23:05:15
2020-10-16,GETI-B.ST,197.5500030517578,197.5500030517578,183.9499969482422,193.3999938964844,5642863,181.98632540050374,0.0,1.0,yahoo,2024-06-23 23:05:15
2020-10-19,GETI-B.ST,193.3999938964844,193.75,188.1499938964844,188.75,1826238,177.61075492965406,0.0,1.0,yahoo,2024-06-23 23:05:15
2020-10-20,GETI-B.ST,188.75,189.8500061035156,183.9499969482422,186.1000061035156,1758383,175.11715272295964,0.0,1.0,yahoo,2024-06-23 23:05:15
2020-10-21,GETI-B.ST,186.6999969482422,186.6999969482422,179.39999389648438,180.6999969482422,1351278,170.0358297947734,0.0,1.0,yahoo,2024-06-23 23:05:15
2020-10-22,GETI-B.ST,180.10000610351562,181.25,177.39999389648438,179.60000610351562,1234751,169.00075586445504,0.0,1.0,yahoo,2024-06-23 23:05:15
2020-10-23,GETI-B.ST,179.75,180.75,177.60000610351562,177.64999389648438,838228,167.16582532028093,0.0,1.0,yahoo,2024-06-23 23:05:15
2020-10-26,GETI-B.ST,177.5,177.5,171.9499969482422,172.0,1540736,161.84927071735365,0.0,1.0,yahoo,2024-06-23 23:05:15
2020-10-27,GETI-B.ST,171.89999389648438,181.3000030517578,171.0,179.5500030517578,1417693,168.9537037861955,0.0,1.0,yahoo,2024-06-23 23:05:15
2020-10-28,GETI-B.ST,178.0,179.4499969482422,174.35000610351562,175.89999389648438,1045940,165.51910308914506,0.0,1.0,yahoo,2024-06-23 23:05:15
2020-10-29,GETI-B.ST,175.4499969482422,179.3000030517578,173.75,173.8000030517578,1100133,163.54304502674907,0.0,1.0,yahoo,2024-06-23 23:05:15
2020-10-30,GETI-B.ST,173.10000610351562,174.64999389648438,171.5,174.35000610351562,380445,164.06058917104744,0.0,1.0,yahoo,2024-06-23 23:05:15
2020-11-02,GETI-B.ST,174.35000610351562,176.5,172.64999389648438,176.3000030517578,893535,165.89550535694315,0.0,1.0,yahoo,2024-06-23 23:05:15
2020-11-03,GETI-B.ST,177.10000610351562,180.0500030517578,176.8000030517578,178.60000610351562,832741,168.05977173237738,0.0,1.0,yahoo,2024-06-23 23:05:15
2020-11-04,GETI-B.ST,177.85000610351562,185.3999938964844,176.8000030517578,184.75,854557,173.8468184013435,0.0,1.0,yahoo,2024-06-23 23:05:15
2020-11-05,GETI-B.ST,185.3999938964844,188.3999938964844,184.5,185.3000030517578,935468,174.36436254564188,0.0,1.0,yahoo,2024-06-23 23:05:15
2020-11-06,GETI-B.ST,186.0,186.75,181.8500061035156,186.1499938964844,771917,175.16419044294088,0.0,1.0,yahoo,2024-06-23 23:05:15
2020-11-09,GETI-B.ST,188.8500061035156,191.5,175.60000610351562,185.0,2881499,174.08206443436293,0.0,1.0,yahoo,2024-06-23 23:05:15
2020-11-10,GETI-B.ST,185.0,185.0500030517578,179.1999969482422,180.5,1849368,169.84763584001357,0.0,1.0,yahoo,2024-06-23 23:05:15
2020-11-11,GETI-B.ST,180.6999969482422,182.6499938964844,177.35000610351562,181.8999938964844,1145587,171.16500788161093,0.0,1.0,yahoo,2024-06-23 23:05:15
2020-11-12,GETI-B.ST,181.6000061035156,184.75,180.10000610351562,184.5,1008617,173.61157236832412,0.0,1.0,yahoo,2024-06-23 23:05:15
2020-11-13,GETI-B.ST,184.5,184.6000061035156,180.5,181.0,1031888,170.31812790605238,0.0,1.0,yahoo,2024-06-23 23:05:15
2020-11-16,GETI-B.ST,181.6499938964844,184.4499969482422,180.0500030517578,184.0,935086,173.14108030228527,0.0,1.0,yahoo,2024-06-23 23:05:15
2020-11-17,GETI-B.ST,183.3000030517578,184.8500061035156,183.0500030517578,183.8500061035156,804636,172.99993842578496,0.0,1.0,yahoo,2024-06-23 23:05:15
2020-11-18,GETI-B.ST,183.8500061035156,186.3999938964844,182.8999938964844,183.8500061035156,1724946,172.99993842578496,0.0,1.0,yahoo,2024-06-23 23:05:15
2020-11-19,GETI-B.ST,184.1499938964844,184.75,182.5,182.5,754372,171.72960410416883,0.0,1.0,yahoo,2024-06-23 23:05:15
2020-11-20,GETI-B.ST,182.5,186.4499969482422,181.8500061035156,185.3999938964844,1150677,174.45845234388264,0.0,1.0,yahoo,2024-06-23 23:05:15
2020-11-23,GETI-B.ST,185.5500030517578,186.0,182.4499969482422,183.6999969482422,702982,172.85878219100633,0.0,1.0,yahoo,2024-06-23 23:05:15
2020-11-24,GETI-B.ST,183.8999938964844,184.0500030517578,175.25,175.89999389648438,1553424,165.51910308914506,0.0,1.0,yahoo,2024-06-23 23:05:15
2020-11-25,GETI-B.ST,175.89999389648438,179.10000610351562,175.0,176.5,1009457,166.08369931170301,0.0,1.0,yahoo,2024-06-23 23:05:15
2020-11-26,GETI-B.ST,177.35000610351562,180.10000610351562,176.64999389648438,179.25,905242,168.6714056749165,0.0,1.0,yahoo,2024-06-23 23:05:15
2020-11-27,GETI-B.ST,179.25,181.1499938964844,178.5500030517578,181.0500030517578,633985,170.36517998431194,0.0,1.0,yahoo,2024-06-23 23:05:15
2020-11-30,GETI-B.ST,181.0,186.1499938964844,180.8999938964844,183.1499938964844,2395606,172.34123804670796,0.0,1.0,yahoo,2024-06-23 23:05:15
2020-12-01,GETI-B.ST,183.1999969482422,185.3999938964844,181.4499969482422,181.5500030517578,1088322,170.83567205035075,0.0,1.0,yahoo,2024-06-23 23:05:15
2020-12-02,GETI-B.ST,181.6499938964844,183.3000030517578,180.5,181.3999938964844,970985,170.6945158155721,0.0,1.0,yahoo,2024-06-23 23:05:15
2020-12-03,GETI-B.ST,181.3000030517578,183.0,180.10000610351562,182.0,737790,171.25911203813,0.0,1.0,yahoo,2024-06-23 23:05:15
2020-12-04,GETI-B.ST,182.1999969482422,183.8000030517578,181.5500030517578,183.1000061035156,653753,172.29420032672675,0.0,1.0,yahoo,2024-06-23 23:05:15
2020-12-07,GETI-B.ST,183.1000061035156,185.0,182.1999969482422,183.9499969482422,1176627,173.09402822402572,0.0,1.0,yahoo,2024-06-23 23:05:15
2020-12-08,GETI-B.ST,184.0,184.4499969482422,181.3999938964844,184.3000030517578,863840,173.42337841356425,0.0,1.0,yahoo,2024-06-23 23:05:15
2020-12-09,GETI-B.ST,184.0,184.25,181.1999969482422,182.0500030517578,743573,171.30616411638957,0.0,1.0,yahoo,2024-06-23 23:05:15
2020-12-10,GETI-B.ST,182.0500030517578,186.3000030517578,181.3999938964844,185.1999969482422,972282,174.27025838912277,0.0,1.0,yahoo,2024-06-23 23:05:15
2020-12-11,GETI-B.ST,185.1000061035156,185.9499969482422,183.25,185.9499969482422,779076,174.975996488181,0.0,1.0,yahoo,2024-06-23 23:05:15
2020-12-14,GETI-B.ST,186.0,189.0,185.8999938964844,188.1499938964844,710599,177.04615870709617,0.0,1.0,yahoo,2024-06-23 23:05:15
2020-12-15,GETI-B.ST,188.1499938964844,188.1499938964844,186.1000061035156,186.1499938964844,794433,175.16419044294088,0.0,1.0,yahoo,2024-06-23 23:05:15
2020-12-16,GETI-B.ST,186.5500030517578,188.6499938964844,186.25,188.5,767540,177.37550889663464,0.0,1.0,yahoo,2024-06-23 23:05:15
2020-12-17,GETI-B.ST,189.0,189.6999969482422,186.9499969482422,187.0500030517578,793698,176.01108477677775,0.0,1.0,yahoo,2024-06-23 23:05:15
2020-12-18,GETI-B.ST,186.8000030517578,188.9499969482422,186.0,186.5500030517578,840368,175.54059271073893,0.0,1.0,yahoo,2024-06-23 23:05:15
2020-12-21,GETI-B.ST,184.8000030517578,188.3000030517578,183.8500061035156,186.1000061035156,811027,175.11715272295964,0.0,1.0,yahoo,2024-06-23 23:05:15
2020-12-22,GETI-B.ST,186.6999969482422,188.4499969482422,185.5500030517578,187.3999938964844,439869,176.34042060803793,0.0,1.0,yahoo,2024-06-23 23:05:15
2020-12-23,GETI-B.ST,188.0,188.8000030517578,185.9499969482422,188.3999938964844,609815,177.28140474011556,0.0,1.0,yahoo,2024-06-23 23:05:15
2020-12-28,GETI-B.ST,188.75,192.1999969482422,188.5,191.6999969482422,468243,180.38665524762743,0.0,1.0,yahoo,2024-06-23 23:05:15
2020-12-29,GETI-B.ST,191.9499969482422,194.6000061035156,191.8999938964844,194.5,627312,183.02141368910048,0.0,1.0,yahoo,2024-06-23 23:05:15
2020-12-30,GETI-B.ST,194.5,194.9499969482422,192.1000061035156,192.1000061035156,785474,180.7630575154255,0.0,1.0,yahoo,2024-06-23 23:05:15
2021-01-04,GETI-B.ST,193.5,197.0,193.0500030517578,195.0,887471,183.4919057551393,0.0,1.0,yahoo,2024-06-23 23:05:15
2021-01-05,GETI-B.ST,194.6000061035156,194.8000030517578,191.6499938964844,194.0500030517578,401478,182.59797370132122,0.0,1.0,yahoo,2024-06-23 23:05:15
2021-01-07,GETI-B.ST,194.0500030517578,194.8500061035156,192.3000030517578,192.4499969482422,860787,181.09239334668564,0.0,1.0,yahoo,2024-06-23 23:05:15
2021-01-08,GETI-B.ST,193.0,195.3999938964844,192.1999969482422,194.6000061035156,1056181,183.11551784561956,0.0,1.0,yahoo,2024-06-23 23:05:15
2021-01-11,GETI-B.ST,194.6000061035156,196.6000061035156,193.3000030517578,193.8999938964844,739969,182.45681746654256,0.0,1.0,yahoo,2024-06-23 23:05:15
2021-01-12,GETI-B.ST,193.9499969482422,195.4499969482422,192.1999969482422,193.75,534096,182.31567559004225,0.0,1.0,yahoo,2024-06-23 23:05:15
2021-01-13,GETI-B.ST,193.3000030517578,197.5,192.0,196.6499938964844,812621,185.04452382975606,0.0,1.0,yahoo,2024-06-23 23:05:15
2021-01-14,GETI-B.ST,197.3500061035156,197.8000030517578,192.4499969482422,196.0,1687238,184.43288988721693,0.0,1.0,yahoo,2024-06-23 23:05:15
2021-01-15,GETI-B.ST,195.8000030517578,197.0500030517578,193.5,195.3999938964844,576290,183.86829366465903,0.0,1.0,yahoo,2024-06-23 23:05:15
2021-01-18,GETI-B.ST,192.5500030517578,195.8500061035156,191.6499938964844,193.0500030517578,970252,181.6569895692436,0.0,1.0,yahoo,2024-06-23 23:05:15
2021-01-19,GETI-B.ST,193.75,195.0,191.8500061035156,192.8000030517578,846054,181.42174353622417,0.0,1.0,yahoo,2024-06-23 23:05:15
2021-01-20,GETI-B.ST,192.8000030517578,194.8999938964844,192.8000030517578,194.0500030517578,762144,182.59797370132122,0.0,1.0,yahoo,2024-06-23 23:05:15
2021-01-21,GETI-B.ST,194.5,197.6999969482422,194.1499938964844,197.6999969482422,916210,186.03256004009324,0.0,1.0,yahoo,2024-06-23 23:05:15
2021-01-22,GETI-B.ST,197.0,198.6999969482422,196.0,197.0500030517578,756643,185.42092609755414,0.0,1.0,yahoo,2024-06-23 23:05:15
2021-01-25,GETI-B.ST,197.5500030517578,199.1999969482422,195.9499969482422,198.5500030517578,683167,186.8324022956706,0.0,1.0,yahoo,2024-06-23 23:05:15
2021-01-26,GETI-B.ST,198.6000061035156,199.3000030517578,196.8000030517578,198.1499938964844,634896,186.45600002787253,0.0,1.0,yahoo,2024-06-23 23:05:15
2021-01-27,GETI-B.ST,198.0,210.0,197.8000030517578,205.3999938964844,2242725,193.2781349854354,0.0,1.0,yahoo,2024-06-23 23:05:15
2021-01-28,GETI-B.ST,197.8000030517578,223.1000061035156,197.1000061035156,223.0,2807291,209.83946145331313,0.0,1.0,yahoo,2024-06-23 23:05:15
2021-01-29,GETI-B.ST,221.3999938964844,222.1000061035156,213.3000030517578,215.8000030517578,1275554,203.06437857400982,0.0,1.0,yahoo,2024-06-23 23:05:15
2021-02-01,GETI-B.ST,217.6000061035156,221.5,216.3999938964844,218.6000061035156,801168,205.69913701548288,0.0,1.0,yahoo,2024-06-23 23:05:15
2021-02-02,GETI-B.ST,219.0,219.3999938964844,213.5,215.5,1026379,202.78208046273087,0.0,1.0,yahoo,2024-06-23 23:05:15
2021-02-03,GETI-B.ST,216.0,219.3999938964844,214.1999969482422,215.1000061035156,620117,202.40569255321114,0.0,1.0,yahoo,2024-06-23 23:05:15
2021-02-04,GETI-B.ST,215.1000061035156,216.6000061035156,212.6000061035156,213.6999969482422,703879,201.08830615333545,0.0,1.0,yahoo,2024-06-23 23:05:15
2021-02-05,GETI-B.ST,213.8000030517578,214.5,212.3999938964844,212.3999938964844,455291,199.86502390997887,0.0,1.0,yahoo,2024-06-23 23:05:15
2021-02-08,GETI-B.ST,212.5,214.3999938964844,212.3000030517578,213.6999969482422,515277,201.08830615333545,0.0,1.0,yahoo,2024-06-23 23:05:15
2021-02-09,GETI-B.ST,213.6999969482422,217.8999938964844,213.6000061035156,217.3999938964844,549984,204.56994457036706,0.0,1.0,yahoo,2024-06-23 23:05:15
2021-02-10,GETI-B.ST,218.8999938964844,225.6999969482422,218.1000061035156,224.1000061035156,921678,210.87454974190987,0.0,1.0,yahoo,2024-06-23 23:05:15
2021-02-11,GETI-B.ST,224.1000061035156,228.0,223.8999938964844,227.6000061035156,654087,214.1679942041816,0.0,1.0,yahoo,2024-06-23 23:05:15
2021-02-12,GETI-B.ST,227.6000061035156,233.1999969482422,227.3999938964844,232.8999938964844,682386,219.15519861757042,0.0,1.0,yahoo,2024-06-23 23:05:15
2021-02-15,GETI-B.ST,233.3999938964844,234.8000030517578,230.1999969482422,234.1999969482422,612754,220.378480860927,0.0,1.0,yahoo,2024-06-23 23:05:15
2021-02-16,GETI-B.ST,234.1999969482422,234.5,231.3999938964844,232.3999938964844,373579,218.6847065515316,0.0,1.0,yahoo,2024-06-23 23:05:15
2021-02-17,GETI-B.ST,232.3999938964844,232.3999938964844,228.6000061035156,229.8000030517578,737199,216.23815642309677,0.0,1.0,yahoo,2024-06-23 23:05:15
2021-02-18,GETI-B.ST,228.8999938964844,230.8000030517578,224.3000030517578,224.8999938964844,847777,211.62732556094934,0.0,1.0,yahoo,2024-06-23 23:05:15
2021-02-19,GETI-B.ST,225.0,226.6000061035156,223.3999938964844,225.5,663933,212.19192178350724,0.0,1.0,yahoo,2024-06-23 23:05:15
2021-02-22,GETI-B.ST,224.5,225.3000030517578,221.8999938964844,222.1000061035156,526611,208.9925814777546,0.0,1.0,yahoo,2024-06-23 23:05:15
2021-02-23,GETI-B.ST,222.6999969482422,223.1000061035156,214.6999969482422,216.5,880279,203.7230645948085,0.0,1.0,yahoo,2024-06-23 23:05:15
2021-02-24,GETI-B.ST,215.3000030517578,219.3999938964844,215.0,216.8000030517578,440333,204.00536270608748,0.0,1.0,yahoo,2024-06-23 23:05:15
2021-02-25,GETI-B.ST,216.8000030517578,218.8999938964844,215.6000061035156,217.0,755886,204.19355666084732,0.0,1.0,yahoo,2024-06-23 23:05:15
2021-02-26,GETI-B.ST,214.1999969482422,215.3999938964844,212.1000061035156,213.6999969482422,870417,201.08830615333545,0.0,1.0,yahoo,2024-06-23 23:05:15
2021-03-01,GETI-B.ST,214.8000030517578,220.1999969482422,214.6000061035156,219.8999938964844,794358,206.92240490056113,0.0,1.0,yahoo,2024-06-23 23:05:15
2021-03-02,GETI-B.ST,220.1000061035156,222.8000030517578,219.3999938964844,219.8999938964844,580420,206.92240490056113,0.0,1.0,yahoo,2024-06-23 23:05:15
2021-03-03,GETI-B.ST,221.0,221.3999938964844,211.8999938964844,214.1999969482422,977450,201.55879821937427,0.0,1.0,yahoo,2024-06-23 23:05:15
2021-03-04,GETI-B.ST,214.0,216.3999938964844,211.8999938964844,215.1000061035156,545322,202.40569255321114,0.0,1.0,yahoo,2024-06-23 23:05:15
2021-03-05,GETI-B.ST,214.3999938964844,215.6000061035156,210.6000061035156,213.8999938964844,627578,201.27650010809532,0.0,1.0,yahoo,2024-06-23 23:05:15
2021-03-08,GETI-B.ST,214.0,218.8000030517578,211.6000061035156,217.8000030517578,819202,204.9463468381651,0.0,1.0,yahoo,2024-06-23 23:05:15
2021-03-09,GETI-B.ST,217.8999938964844,220.1999969482422,215.3999938964844,218.6000061035156,662773,205.69913701548288,0.0,1.0,yahoo,2024-06-23 23:05:15
2021-03-10,GETI-B.ST,218.1000061035156,224.3000030517578,217.1999969482422,223.1999969482422,750721,210.027655408073,0.0,1.0,yahoo,2024-06-23 23:05:15
2021-03-11,GETI-B.ST,229.8999938964844,235.0,226.1999969482422,233.6999969482422,1760541,219.90798879488818,0.0,1.0,yahoo,2024-06-23 23:05:15
2021-03-12,GETI-B.ST,232.8999938964844,235.6999969482422,230.8999938964844,234.0,1048863,220.19028690616716,0.0,1.0,yahoo,2024-06-23 23:05:15
2021-03-15,GETI-B.ST,234.0,238.3000030517578,232.6000061035156,235.1000061035156,688974,221.2253751947639,0.0,1.0,yahoo,2024-06-23 23:05:15
2021-03-16,GETI-B.ST,238.0,239.6999969482422,234.8999938964844,238.0,1487111,223.9542234344777,0.0,1.0,yahoo,2024-06-23 23:05:15
2021-03-17,GETI-B.ST,238.0,238.6999969482422,233.3000030517578,233.6000061035156,949003,219.81389899664742,0.0,1.0,yahoo,2024-06-23 23:05:15
2021-03-18,GETI-B.ST,234.0,236.0,232.0,235.0,685358,221.1312710382448,0.0,1.0,yahoo,2024-06-23 23:05:15
2021-03-19,GETI-B.ST,233.8999938964844,238.3999938964844,233.0,236.1000061035156,3632776,222.16635932684153,0.0,1.0,yahoo,2024-06-23 23:05:15
2021-03-22,GETI-B.ST,236.1000061035156,243.5,235.8999938964844,242.5,908998,228.18865202882708,0.0,1.0,yahoo,2024-06-23 23:05:15
2021-03-23,GETI-B.ST,243.0,245.1000061035156,238.1999969482422,238.1999969482422,1137204,224.14241738923755,0.0,1.0,yahoo,2024-06-23 23:05:15
2021-03-24,GETI-B.ST,238.0,240.1000061035156,235.1999969482422,239.5,679545,225.36569963259416,0.0,1.0,yahoo,2024-06-23 23:05:15
2021-03-25,GETI-B.ST,238.8000030517578,240.6000061035156,236.5,238.6999969482422,564652,224.61290945527637,0.0,1.0,yahoo,2024-06-23 23:05:15
2021-03-26,GETI-B.ST,239.6000061035156,240.5,237.0,240.5,645500,226.3066837646718,0.0,1.0,yahoo,2024-06-23 23:05:15
2021-03-29,GETI-B.ST,241.0,242.3000030517578,237.3999938964844,239.6999969482422,490168,225.55389358735403,0.0,1.0,yahoo,2024-06-23 23:05:15
2021-03-30,GETI-B.ST,240.1000061035156,241.6999969482422,238.6000061035156,240.3000030517578,420609,226.11848980991195,0.0,1.0,yahoo,2024-06-23 23:05:15
2021-03-31,GETI-B.ST,240.3000030517578,244.0,239.8999938964844,242.5,601739,228.18865202882708,0.0,1.0,yahoo,2024-06-23 23:05:15
2021-04-01,GETI-B.ST,242.5,242.8999938964844,238.5,242.8999938964844,391649,228.5650399383468,0.0,1.0,yahoo,2024-06-23 23:05:15
2021-04-06,GETI-B.ST,248.0,252.6999969482422,244.8999938964844,247.6999969482422,1490852,233.0817666439751,0.0,1.0,yahoo,2024-06-23 23:05:15
2021-04-07,GETI-B.ST,248.1000061035156,250.6000061035156,246.1999969482422,247.6000061035156,723814,232.98767684573434,0.0,1.0,yahoo,2024-06-23 23:05:15
2021-04-08,GETI-B.ST,247.8000030517578,254.0,247.8000030517578,251.5,546280,236.6575092175258,0.0,1.0,yahoo,2024-06-23 23:05:15
2021-04-09,GETI-B.ST,251.6999969482422,254.5,251.1000061035156,254.5,482747,239.48046161375873,0.0,1.0,yahoo,2024-06-23 23:05:15
2021-04-12,GETI-B.ST,254.5,255.8000030517578,252.1999969482422,253.8000030517578,491384,238.82177559296005,0.0,1.0,yahoo,2024-06-23 23:05:15
2021-04-13,GETI-B.ST,259.0,266.29998779296875,258.0,261.79998779296875,1138019,246.34963429130278,0.0,1.0,yahoo,2024-06-23 23:05:15
2021-04-14,GETI-B.ST,263.0,264.29998779296875,257.8999938964844,258.8999938964844,853568,243.62078605158896,0.0,1.0,yahoo,2024-06-23 23:05:15
2021-04-15,GETI-B.ST,259.8999938964844,265.3999938964844,258.0,265.29998779296875,1165398,249.6430787535745,0.0,1.0,yahoo,2024-06-23 23:05:15
2021-04-16,GETI-B.ST,265.3999938964844,267.79998779296875,262.0,267.3999938964844,814125,251.61915117424888,0.0,1.0,yahoo,2024-06-23 23:05:15
2021-04-19,GETI-B.ST,267.5,269.3999938964844,265.20001220703125,267.5,688236,251.71325533076802,0.0,1.0,yahoo,2024-06-23 23:05:15
2021-04-20,GETI-B.ST,281.0,289.5,266.8999938964844,270.3999938964844,2852331,254.4421035704818,0.0,1.0,yahoo,2024-06-23 23:05:15
2021-04-21,GETI-B.ST,274.5,275.79998779296875,267.3999938964844,271.0,1542920,257.86765759723204,3.0,1.0,yahoo,2024-06-23 23:05:15
2021-04-22,GETI-B.ST,271.6000061035156,273.79998779296875,266.3999938964844,271.5,1308811,258.3434281832048,0.0,1.0,yahoo,2024-06-23 23:05:15
2021-04-23,GETI-B.ST,271.8999938964844,279.6000061035156,271.6000061035156,274.0,1179999,260.72228111306856,0.0,1.0,yahoo,2024-06-23 23:05:15
2021-04-26,GETI-B.ST,274.70001220703125,277.3999938964844,272.70001220703125,275.6000061035156,807950,262.24475279592775,0.0,1.0,yahoo,2024-06-23 23:05:15
2021-04-27,GETI-B.ST,275.6000061035156,281.70001220703125,274.0,279.6000061035156,900230,266.0509174837098,0.0,1.0,yahoo,2024-06-23 23:05:15
2021-04-28,GETI-B.ST,279.6000061035156,283.1000061035156,277.3999938964844,282.29998779296875,820790,268.62006122472343,0.0,1.0,yahoo,2024-06-23 23:05:15
2021-04-29,GETI-B.ST,283.0,285.20001220703125,282.1000061035156,283.3999938964844,720397,269.6667623216099,0.0,1.0,yahoo,2024-06-23 23:05:15
2021-04-30,GETI-B.ST,283.70001220703125,289.6000061035156,283.5,286.5,789605,272.6165457623874,0.0,1.0,yahoo,2024-06-23 23:05:15
2021-05-03,GETI-B.ST,287.29998779296875,288.29998779296875,282.70001220703125,286.79998779296875,626834,272.9019964984782,0.0,1.0,yahoo,2024-06-23 23:05:15
2021-05-04,GETI-B.ST,286.70001220703125,289.5,284.79998779296875,286.8999938964844,763879,272.9971564234192,0.0,1.0,yahoo,2024-06-23 23:05:15
2021-05-05,GETI-B.ST,287.79998779296875,293.70001220703125,287.79998779296875,291.3999938964844,972750,277.27909169717395,0.0,1.0,yahoo,2024-06-23 23:05:15
2021-05-06,GETI-B.ST,291.20001220703125,293.5,286.5,288.8999938964844,803420,274.90023876731016,0.0,1.0,yahoo,2024-06-23 23:05:15
2021-05-07,GETI-B.ST,290.5,292.3999938964844,287.79998779296875,292.3999938964844,457406,278.23063286911946,0.0,1.0,yahoo,2024-06-23 23:05:15
2021-05-10,GETI-B.ST,292.3999938964844,292.3999938964844,288.6000061035156,290.1000061035156,611753,276.04209978913764,0.0,1.0,yahoo,2024-06-23 23:05:15
2021-05-11,GETI-B.ST,287.8999938964844,288.70001220703125,279.8999938964844,282.20001220703125,1115948,268.52493033851454,0.0,1.0,yahoo,2024-06-23 23:05:15
2021-05-12,GETI-B.ST,282.6000061035156,283.5,277.6000061035156,278.8999938964844,364772,265.38482704785514,0.0,1.0,yahoo,2024-06-23 23:05:15
2021-05-14,GETI-B.ST,279.3999938964844,282.1000061035156,277.70001220703125,279.3999938964844,638017,265.86059763382787,0.0,1.0,yahoo,2024-06-23 23:05:15
2021-05-17,GETI-B.ST,280.29998779296875,281.5,278.20001220703125,279.79998779296875,581737,266.2412082948597,0.0,1.0,yahoo,2024-06-23 23:05:15
2021-05-18,GETI-B.ST,281.20001220703125,283.70001220703125,280.3999938964844,283.3999938964844,526325,269.6667623216099,0.0,1.0,yahoo,2024-06-23 23:05:15
2021-05-19,GETI-B.ST,281.79998779296875,283.70001220703125,279.0,280.29998779296875,485948,266.7169788808324,0.0,1.0,yahoo,2024-06-23 23:05:15
2021-05-20,GETI-B.ST,281.0,288.29998779296875,281.0,287.3999938964844,606468,273.4729270093919,0.0,1.0,yahoo,2024-06-23 23:05:15
2021-05-21,GETI-B.ST,288.29998779296875,289.70001220703125,286.29998779296875,287.70001220703125,482341,273.7584067842148,0.0,1.0,yahoo,2024-06-23 23:05:15
2021-05-24,GETI-B.ST,287.70001220703125,289.70001220703125,286.70001220703125,287.79998779296875,341629,273.8535376704237,0.0,1.0,yahoo,2024-06-23 23:05:15
2021-05-25,GETI-B.ST,293.79998779296875,296.0,292.1000061035156,295.6000061035156,964521,281.2755762348379,0.0,1.0,yahoo,2024-06-23 23:05:15
2021-05-26,GETI-B.ST,295.79998779296875,297.0,292.8999938964844,293.70001220703125,602688,279.46765381588784,0.0,1.0,yahoo,2024-06-23 23:05:15
2021-05-27,GETI-B.ST,293.70001220703125,293.8999938964844,289.1000061035156,291.79998779296875,665608,277.6597023582057,0.0,1.0,yahoo,2024-06-23 23:05:15
2021-05-28,GETI-B.ST,292.0,296.0,289.79998779296875,294.70001220703125,690879,280.41919498783335,0.0,1.0,yahoo,2024-06-23 23:05:15
2021-05-31,GETI-B.ST,295.0,297.1000061035156,292.8999938964844,293.0,715357,278.80156338003314,0.0,1.0,yahoo,2024-06-23 23:05:15
2021-06-01,GETI-B.ST,293.8999938964844,302.3999938964844,293.0,300.5,838872,285.9381221696245,0.0,1.0,yahoo,2024-06-23 23:05:15
2021-06-02,GETI-B.ST,300.3999938964844,303.29998779296875,298.79998779296875,301.20001220703125,545562,286.6042126054791,0.0,1.0,yahoo,2024-06-23 23:05:15
2021-06-03,GETI-B.ST,301.20001220703125,304.8999938964844,298.29998779296875,304.8999938964844,580398,290.1248975184383,0.0,1.0,yahoo,2024-06-23 23:05:15
2021-06-04,GETI-B.ST,304.8999938964844,311.3999938964844,304.5,310.70001220703125,661403,295.64385373896147,0.0,1.0,yahoo,2024-06-23 23:05:15
2021-06-07,GETI-B.ST,310.70001220703125,314.5,310.20001220703125,312.29998779296875,762727,297.1662963830886,0.0,1.0,yahoo,2024-06-23 23:05:15
2021-06-08,GETI-B.ST,311.8999938964844,311.8999938964844,307.3999938964844,311.1000061035156,83960,296.02446439999324,0.0,1.0,yahoo,2024-06-23 23:05:15
2021-06-09,GETI-B.ST,309.1000061035156,311.1000061035156,307.8999938964844,309.8999938964844,551102,294.8826033781658,0.0,1.0,yahoo,2024-06-23 23:05:15
2021-06-10,GETI-B.ST,309.79998779296875,309.79998779296875,302.1000061035156,309.20001220703125,718920,294.2165419810432,0.0,1.0,yahoo,2024-06-23 23:05:15
2021-06-11,GETI-B.ST,309.20001220703125,309.79998779296875,307.1000061035156,308.6000061035156,530641,293.6456114701295,0.0,1.0,yahoo,2024-06-23 23:05:15
2021-06-14,GETI-B.ST,310.0,312.29998779296875,308.5,311.79998779296875,817242,296.69052579711587,0.0,1.0,yahoo,2024-06-23 23:05:15
2021-06-15,GETI-B.ST,313.1000061035156,314.1000061035156,310.6000061035156,311.79998779296875,511837,296.69052579711587,0.0,1.0,yahoo,2024-06-23 23:05:15
2021-06-16,GETI-B.ST,312.0,312.79998779296875,309.1000061035156,309.6000061035156,784318,294.59715264207495,0.0,1.0,yahoo,2024-06-23 23:05:15
2021-06-17,GETI-B.ST,309.8999938964844,312.20001220703125,304.3999938964844,312.20001220703125,1058638,297.0711654968797,0.0,1.0,yahoo,2024-06-23 23:05:15
2021-06-18,GETI-B.ST,313.6000061035156,318.8999938964844,313.0,315.70001220703125,982200,300.40155959868895,0.0,1.0,yahoo,2024-06-23 23:05:15
2021-06-21,GETI-B.ST,314.5,319.79998779296875,314.1000061035156,316.20001220703125,893683,300.87733018466173,0.0,1.0,yahoo,2024-06-23 23:05:15
2021-06-22,GETI-B.ST,318.0,320.8999938964844,315.29998779296875,316.0,1353774,300.6870103347798,0.0,1.0,yahoo,2024-06-23 23:05:15
2021-06-23,GETI-B.ST,317.20001220703125,317.3999938964844,314.1000061035156,316.70001220703125,660075,301.35310077063446,0.0,1.0,yahoo,2024-06-23 23:05:15
2021-06-24,GETI-B.ST,318.1000061035156,330.8999938964844,316.6000061035156,329.0,994109,313.05704557007135,0.0,1.0,yahoo,2024-06-23 23:05:15
2021-06-28,GETI-B.ST,328.79998779296875,333.70001220703125,327.1000061035156,328.79998779296875,1311225,312.86672572018944,0.0,1.0,yahoo,2024-06-23 23:05:15
2021-06-29,GETI-B.ST,323.70001220703125,330.6000061035156,322.3999938964844,329.1000061035156,939499,313.1522054950123,0.0,1.0,yahoo,2024-06-23 23:05:15
2021-06-30,GETI-B.ST,329.0,331.20001220703125,322.1000061035156,322.79998779296875,880473,307.1574786885164,0.0,1.0,yahoo,2024-06-23 23:05:15
2021-07-01,GETI-B.ST,322.70001220703125,323.6000061035156,318.5,320.8999938964844,1236049,305.3495562695664,0.0,1.0,yahoo,2024-06-23 23:05:15
2021-07-02,GETI-B.ST,320.8999938964844,323.1000061035156,320.8999938964844,322.0,651253,306.39625736645286,0.0,1.0,yahoo,2024-06-23 23:05:15
2021-07-05,GETI-B.ST,322.0,322.3999938964844,318.1000061035156,320.79998779296875,596505,305.2543963446254,0.0,1.0,yahoo,2024-06-23 23:05:15
2021-07-06,GETI-B.ST,320.79998779296875,324.5,319.20001220703125,323.1000061035156,468817,307.4429584633393,0.0,1.0,yahoo,2024-06-23 23:05:15
2021-07-07,GETI-B.ST,324.0,334.0,324.0,334.0,909027,317.8147514297989,0.0,1.0,yahoo,2024-06-23 23:05:15
2021-07-08,GETI-B.ST,334.0,336.3999938964844,330.6000061035156,332.0,760605,315.9116690859079,0.0,1.0,yahoo,2024-06-23 23:05:15
2021-07-09,GETI-B.ST,332.20001220703125,334.6000061035156,326.79998779296875,329.79998779296875,791697,313.81826689213494,0.0,1.0,yahoo,2024-06-23 23:05:15
2021-07-12,GETI-B.ST,330.6000061035156,337.3999938964844,329.6000061035156,335.1000061035156,1012328,318.86145252668535,0.0,1.0,yahoo,2024-06-23 23:05:15
2021-07-13,GETI-B.ST,334.8999938964844,337.5,330.79998779296875,336.6000061035156,566434,320.28876428460364,0.0,1.0,yahoo,2024-06-23 23:05:15
2021-07-14,GETI-B.ST,337.0,338.3999938964844,333.5,338.0,432666,321.6209161175809,0.0,1.0,yahoo,2024-06-23 23:05:15
2021-07-15,GETI-B.ST,338.0,345.0,334.29998779296875,335.3999938964844,977469,319.1469032627762,0.0,1.0,yahoo,2024-06-23 23:05:15
2021-07-16,GETI-B.ST,345.3999938964844,356.0,327.3999938964844,354.1000061035156,1311574,336.94073479365,0.0,1.0,yahoo,2024-06-23 23:05:15
2021-07-19,GETI-B.ST,352.79998779296875,359.3999938964844,341.5,347.5,847271,330.6605572510632,0.0,1.0,yahoo,2024-06-23 23:05:15
2021-07-20,GETI-B.ST,349.1000061035156,351.1000061035156,343.79998779296875,348.5,703791,331.6120984230087,0.0,1.0,yahoo,2024-06-23 23:05:15
2021-07-21,GETI-B.ST,349.0,351.8999938964844,345.70001220703125,347.3999938964844,728396,330.56539732612225,0.0,1.0,yahoo,2024-06-23 23:05:15
2021-07-22,GETI-B.ST,348.0,355.5,345.6000061035156,354.79998779296875,705661,337.60679619077257,0.0,1.0,yahoo,2024-06-23 23:05:15
2021-07-23,GETI-B.ST,355.79998779296875,361.7000122070313,352.6000061035156,361.3999938964844,528459,343.88697373335935,0.0,1.0,yahoo,2024-06-23 23:05:15
2021-07-26,GETI-B.ST,361.6000061035156,366.7000122070313,360.0,362.2999877929688,604987,344.74335498036396,0.0,1.0,yahoo,2024-06-23 23:05:15
2021-07-27,GETI-B.ST,362.0,366.2000122070313,359.5,365.6000061035156,402705,347.8834582710233,0.0,1.0,yahoo,2024-06-23 23:05:15
2021-07-28,GETI-B.ST,365.7999877929688,372.0,365.3999938964844,370.7000122070313,444616,352.73632405569185,0.0,1.0,yahoo,2024-06-23 23:05:15
2021-07-29,GETI-B.ST,371.7999877929688,372.6000061035156,365.3999938964844,368.5,432364,350.64292186191886,0.0,1.0,yahoo,2024-06-23 23:05:15
2021-07-30,GETI-B.ST,366.2000122070313,375.0,361.6000061035156,374.1000061035156,723007,355.9715582325601,0.0,1.0,yahoo,2024-06-23 23:05:15
2021-08-02,GETI-B.ST,375.2999877929688,378.7999877929688,373.7999877929688,378.5,494698,360.1583335813739,0.0,1.0,yahoo,2024-06-23 23:05:15
2021-08-03,GETI-B.ST,378.5,381.2999877929688,377.0,378.7999877929688,637142,360.4437843174648,0.0,1.0,yahoo,2024-06-23 23:05:15
2021-08-04,GETI-B.ST,381.2999877929688,387.5,380.1000061035156,386.0,521222,367.2948923709652,0.0,1.0,yahoo,2024-06-23 23:05:15
2021-08-05,GETI-B.ST,386.6000061035156,391.1000061035156,384.7999877929688,386.1000061035156,523590,367.3900522959062,0.0,1.0,yahoo,2024-06-23 23:05:15
2021-08-06,GETI-B.ST,385.3999938964844,387.0,374.2999877929688,375.7999877929688,771484,357.5891608016283,0.0,1.0,yahoo,2024-06-23 23:05:15
2021-08-09,GETI-B.ST,375.7999877929688,376.0,370.1000061035156,373.2000122070313,671569,355.1151769855556,0.0,1.0,yahoo,2024-06-23 23:05:15
2021-08-10,GETI-B.ST,373.2000122070313,377.0,371.1000061035156,374.0,459527,355.8763983076191,0.0,1.0,yahoo,2024-06-23 23:05:15
2021-08-11,GETI-B.ST,374.0,374.7999877929688,370.6000061035156,372.2999877929688,358738,354.258766699819,0.0,1.0,yahoo,2024-06-23 23:05:15
2021-08-12,GETI-B.ST,372.7000122070313,375.0,370.1000061035156,375.0,340149,356.82793947956463,0.0,1.0,yahoo,2024-06-23 23:05:15
2021-08-13,GETI-B.ST,375.0,375.3999938964844,370.7000122070313,370.7000122070313,402272,352.73632405569185,0.0,1.0,yahoo,2024-06-23 23:05:15
2021-08-16,GETI-B.ST,370.5,372.8999938964844,368.2999877929688,371.0,505430,353.0217747917826,0.0,1.0,yahoo,2024-06-23 23:05:15
2021-08-17,GETI-B.ST,369.5,371.2000122070313,366.8999938964844,369.7000122070313,801277,351.78478288374635,0.0,1.0,yahoo,2024-06-23 23:05:15
2021-08-18,GETI-B.ST,370.0,375.3999938964844,369.8999938964844,373.5,567445,355.4006277216464,0.0,1.0,yahoo,2024-06-23 23:05:15
2021-08-19,GETI-B.ST,370.3999938964844,372.6000061035156,359.6000061035156,363.6000061035156,685791,345.9803759271323,0.0,1.0,yahoo,2024-06-23 23:05:15
2021-08-20,GETI-B.ST,363.6000061035156,368.7000122070313,361.7999877929688,367.3999938964844,396216,349.5962207650324,0.0,1.0,yahoo,2024-06-23 23:05:15
2021-08-23,GETI-B.ST,368.3999938964844,370.1000061035156,365.2000122070313,368.6000061035156,379598,350.7380817868598,0.0,1.0,yahoo,2024-06-23 23:05:15
2021-08-24,GETI-B.ST,369.0,369.1000061035156,350.3999938964844,353.1000061035156,805337,335.9891936217045,0.0,1.0,yahoo,2024-06-23 23:05:15
2021-08-25,GETI-B.ST,353.1000061035156,354.8999938964844,350.79998779296875,352.5,663862,335.41826311079075,0.0,1.0,yahoo,2024-06-23 23:05:15
2021-08-26,GETI-B.ST,352.20001220703125,354.29998779296875,349.70001220703125,351.6000061035156,529783,334.5618818637862,0.0,1.0,yahoo,2024-06-23 23:05:15
2021-08-27,GETI-B.ST,351.0,354.1000061035156,350.79998779296875,350.8999938964844,540247,333.89579142793156,0.0,1.0,yahoo,2024-06-23 23:05:15
2021-08-30,GETI-B.ST,351.20001220703125,357.8999938964844,351.1000061035156,357.79998779296875,622083,340.4614197066091,0.0,1.0,yahoo,2024-06-23 23:05:15
2021-08-31,GETI-B.ST,358.0,359.29998779296875,353.6000061035156,354.0,787045,336.84557486870904,0.0,1.0,yahoo,2024-06-23 23:05:15
2021-09-01,GETI-B.ST,356.29998779296875,358.29998779296875,355.20001220703125,356.6000061035156,402925,339.31958772351373,0.0,1.0,yahoo,2024-06-23 23:05:15
2021-09-02,GETI-B.ST,357.70001220703125,366.3999938964844,356.8999938964844,365.0,548392,347.31252776010956,0.0,1.0,yahoo,2024-06-23 23:05:15
2021-09-03,GETI-B.ST,365.0,367.2999877929688,362.7000122070313,365.2999877929688,542174,347.5979784962005,0.0,1.0,yahoo,2024-06-23 23:05:15
2021-09-06,GETI-B.ST,366.2000122070313,371.2000122070313,366.2000122070313,370.0,475936,352.0702336198371,0.0,1.0,yahoo,2024-06-23 23:05:15
2021-09-07,GETI-B.ST,369.7000122070313,370.7999877929688,365.7000122070313,370.1000061035156,426947,352.16539354477806,0.0,1.0,yahoo,2024-06-23 23:05:15
2021-09-08,GETI-B.ST,369.2000122070313,369.3999938964844,363.7999877929688,369.1000061035156,712744,351.21385237283255,0.0,1.0,yahoo,2024-06-23 23:05:15
2021-09-09,GETI-B.ST,367.2000122070313,372.6000061035156,366.0,369.2000122070313,626455,351.30901229777356,0.0,1.0,yahoo,2024-06-23 23:05:15
2021-09-10,GETI-B.ST,369.2999877929688,373.2000122070313,367.5,370.8999938964844,347216,352.92661486684165,0.0,1.0,yahoo,2024-06-23 23:05:15
2021-09-13,GETI-B.ST,371.0,372.0,358.29998779296875,358.79998779296875,643270,341.4129608785546,0.0,1.0,yahoo,2024-06-23 23:05:15
2021-09-14,GETI-B.ST,358.79998779296875,363.7000122070313,356.1000061035156,363.2000122070313,677371,345.5997652661005,0.0,1.0,yahoo,2024-06-23 23:05:15
2021-09-15,GETI-B.ST,363.2000122070313,364.2999877929688,355.79998779296875,358.0,752771,340.65173955649107,0.0,1.0,yahoo,2024-06-23 23:05:15
2021-09-16,GETI-B.ST,358.0,362.3999938964844,357.29998779296875,361.2000122070313,564980,343.6966829222095,0.0,1.0,yahoo,2024-06-23 23:05:15
2021-09-17,GETI-B.ST,364.1000061035156,370.2000122070313,362.3999938964844,369.2999877929688,826141,351.4041431839825,0.0,1.0,yahoo,2024-06-23 23:05:15
2021-09-20,GETI-B.ST,366.6000061035156,368.2999877929688,361.7999877929688,362.2999877929688,717564,344.74335498036396,0.0,1.0,yahoo,2024-06-23 23:05:15
2021-09-21,GETI-B.ST,362.0,381.2999877929688,361.0,377.8999938964844,861667,359.5874030704602,0.0,1.0,yahoo,2024-06-23 23:05:15
2021-09-22,GETI-B.ST,377.8999938964844,379.3999938964844,369.0,373.1000061035156,690560,355.0200170606146,0.0,1.0,yahoo,2024-06-23 23:05:15
2021-09-23,GETI-B.ST,375.2000122070313,386.2000122070313,375.0,385.2000122070313,733828,366.5336710489017,0.0,1.0,yahoo,2024-06-23 23:05:15
2021-09-24,GETI-B.ST,385.7999877929688,385.7999877929688,374.3999938964844,378.2999877929688,612421,359.968013731492,0.0,1.0,yahoo,2024-06-23 23:05:15
2021-09-27,GETI-B.ST,379.2999877929688,380.3999938964844,358.20001220703125,360.0,941270,342.554821900382,0.0,1.0,yahoo,2024-06-23 23:05:15
2021-09-28,GETI-B.ST,358.3999938964844,358.3999938964844,340.8999938964844,345.20001220703125,1260434,328.4720241710814,0.0,1.0,yahoo,2024-06-23 23:05:15
2021-09-29,GETI-B.ST,346.6000061035156,356.29998779296875,346.1000061035156,347.8999938964844,792122,331.04116791209503,0.0,1.0,yahoo,2024-06-23 23:05:15
2021-09-30,GETI-B.ST,351.1000061035156,359.29998779296875,349.79998779296875,349.79998779296875,928241,332.8490903310451,0.0,1.0,yahoo,2024-06-23 23:05:15
2021-10-01,GETI-B.ST,346.8999938964844,355.3999938964844,345.20001220703125,351.3999938964844,777537,334.3715620139043,0.0,1.0,yahoo,2024-06-23 23:05:15
2021-10-04,GETI-B.ST,350.5,355.0,347.0,347.6000061035156,567563,330.75571717600417,0.0,1.0,yahoo,2024-06-23 23:05:15
2021-10-05,GETI-B.ST,348.20001220703125,354.5,346.6000061035156,353.29998779296875,706809,336.17948443285434,0.0,1.0,yahoo,2024-06-23 23:05:15
2021-10-06,GETI-B.ST,351.0,351.20001220703125,343.1000061035156,348.6000061035156,663712,331.7072583479497,0.0,1.0,yahoo,2024-06-23 23:05:15
2021-10-07,GETI-B.ST,353.70001220703125,355.0,345.3999938964844,351.6000061035156,649304,334.5618818637862,0.0,1.0,yahoo,2024-06-23 23:05:15
2021-10-08,GETI-B.ST,351.6000061035156,354.70001220703125,347.1000061035156,349.5,465553,332.5636395949542,0.0,1.0,yahoo,2024-06-23 23:05:15
2021-10-11,GETI-B.ST,349.1000061035156,349.1000061035156,341.5,345.8999938964844,515329,329.138085568204,0.0,1.0,yahoo,2024-06-23 23:05:15
2021-10-12,GETI-B.ST,342.0,355.8999938964844,340.79998779296875,352.1000061035156,689615,335.037652449759,0.0,1.0,yahoo,2024-06-23 23:05:15
2021-10-13,GETI-B.ST,353.1000061035156,363.7999877929688,352.79998779296875,363.7999877929688,590706,346.1706667382822,0.0,1.0,yahoo,2024-06-23 23:05:15
2021-10-14,GETI-B.ST,366.5,373.1000061035156,362.7999877929688,373.1000061035156,817739,355.0200170606146,0.0,1.0,yahoo,2024-06-23 23:05:15
2021-10-15,GETI-B.ST,375.3999938964844,376.7000122070313,370.7000122070313,374.2999877929688,785102,356.16184904371,0.0,1.0,yahoo,2024-06-23 23:05:15
2021-10-18,GETI-B.ST,373.6000061035156,373.6000061035156,363.0,369.2000122070313,792585,351.30901229777356,0.0,1.0,yahoo,2024-06-23 23:05:15
2021-10-19,GETI-B.ST,370.1000061035156,372.2000122070313,363.2999877929688,369.5,792018,351.5944630338644,0.0,1.0,yahoo,2024-06-23 23:05:15
2021-10-20,GETI-B.ST,371.6000061035156,399.5,362.7999877929688,397.2999877929688,2726650,378.04729599845666,0.0,1.0,yahoo,2024-06-23 23:05:15
2021-10-21,GETI-B.ST,400.0,407.7000122070313,398.0,406.7000122070313,1433697,386.99180624573006,0.0,1.0,yahoo,2024-06-23 23:05:15
2021-10-22,GETI-B.ST,408.0,412.0,401.8999938964844,409.2999877929688,1028098,389.4657900618027,0.0,1.0,yahoo,2024-06-23 23:05:15
2021-10-25,GETI-B.ST,409.2999877929688,411.2000122070313,399.2000122070313,405.3999938964844,932143,385.7547852989616,0.0,1.0,yahoo,2024-06-23 23:05:15
2021-10-26,GETI-B.ST,404.7000122070313,405.8999938964844,397.5,405.7000122070313,768030,386.04026507378455,0.0,1.0,yahoo,2024-06-23 23:05:15
2021-10-27,GETI-B.ST,405.0,411.2000122070313,395.7000122070313,396.2999877929688,831819,377.09575482651115,0.0,1.0,yahoo,2024-06-23 23:05:15
2021-10-28,GETI-B.ST,391.0,395.6000061035156,387.2000122070313,395.6000061035156,888616,376.42969342938846,0.0,1.0,yahoo,2024-06-23 23:05:15
2021-10-29,GETI-B.ST,392.2999877929688,393.2000122070313,384.0,384.2999877929688,805030,365.67726076316507,0.0,1.0,yahoo,2024-06-23 23:05:15
2021-11-01,GETI-B.ST,386.5,390.6000061035156,383.6000061035156,389.8999938964844,783167,371.0058971338063,0.0,1.0,yahoo,2024-06-23 23:05:15
2021-11-02,GETI-B.ST,389.8999938964844,397.7999877929688,388.3999938964844,394.2999877929688,673858,375.19267248262014,0.0,1.0,yahoo,2024-06-23 23:05:15
2021-11-03,GETI-B.ST,393.6000061035156,397.3999938964844,391.7999877929688,393.2999877929688,545183,374.24113131067463,0.0,1.0,yahoo,2024-06-23 23:05:15
2021-11-04,GETI-B.ST,395.2000122070313,396.5,389.8999938964844,396.0,437888,376.81030409042023,0.0,1.0,yahoo,2024-06-23 23:05:15
2021-11-05,GETI-B.ST,396.0,404.3999938964844,376.1000061035156,388.8999938964844,770988,370.0543559618608,0.0,1.0,yahoo,2024-06-23 23:05:15
2021-11-08,GETI-B.ST,387.7999877929688,401.5,385.1000061035156,400.0,615529,380.61646877820226,0.0,1.0,yahoo,2024-06-23 23:05:15
2021-11-09,GETI-B.ST,399.2000122070313,408.3999938964844,398.1000061035156,403.3999938964844,685978,383.8517029550706,0.0,1.0,yahoo,2024-06-23 23:05:15
2021-11-10,GETI-B.ST,403.7999877929688,405.7000122070313,398.8999938964844,404.3999938964844,522586,384.8032441270161,0.0,1.0,yahoo,2024-06-23 23:05:15
2021-11-11,GETI-B.ST,403.6000061035156,416.7999877929688,401.2000122070313,416.6000061035156,609029,396.41205804024406,0.0,1.0,yahoo,2024-06-23 23:05:15
2021-11-12,GETI-B.ST,416.6000061035156,421.3999938964844,413.3999938964844,420.0,720130,399.6472922171124,0.0,1.0,yahoo,2024-06-23 23:05:15
2021-11-15,GETI-B.ST,420.7000122070313,431.6000061035156,419.7000122070313,429.3999938964844,653121,408.59177342565374,0.0,1.0,yahoo,2024-06-23 23:05:15
2021-11-16,GETI-B.ST,429.0,429.3999938964844,408.2999877929688,409.7999877929688,1056741,389.9415606477755,0.0,1.0,yahoo,2024-06-23 23:05:15
2021-11-17,GETI-B.ST,410.6000061035156,412.8999938964844,405.1000061035156,410.2000122070313,1036149,390.3222003475393,0.0,1.0,yahoo,2024-06-23 23:05:15
2021-11-18,GETI-B.ST,410.3999938964844,413.8999938964844,406.1000061035156,407.7999877929688,659638,388.03847830388446,0.0,1.0,yahoo,2024-06-23 23:05:15
2021-11-19,GETI-B.ST,407.7999877929688,416.2000122070313,405.1000061035156,407.1000061035156,878013,387.37241690676177,0.0,1.0,yahoo,2024-06-23 23:05:15
2021-11-22,GETI-B.ST,407.6000061035156,424.7999877929688,375.5,405.6000061035156,1555301,385.94510514884354,0.0,1.0,yahoo,2024-06-23 23:05:15
2021-11-23,GETI-B.ST,403.0,403.0,383.5,385.7000122070313,1159027,367.0094416348744,0.0,1.0,yahoo,2024-06-23 23:05:15
2021-11-24,GETI-B.ST,386.2999877929688,389.0,374.6000061035156,376.7000122070313,1713428,358.4455710873649,0.0,1.0,yahoo,2024-06-23 23:05:15
2021-11-25,GETI-B.ST,379.6000061035156,386.2999877929688,377.2999877929688,378.0,789105,359.68256299540116,0.0,1.0,yahoo,2024-06-23 23:05:15
2021-11-26,GETI-B.ST,372.5,390.7000122070313,372.0,385.2000122070313,1699148,366.5336710489017,0.0,1.0,yahoo,2024-06-23 23:05:15
2021-11-29,GETI-B.ST,388.8999938964844,395.1000061035156,382.7000122070313,382.7000122070313,1235246,364.1548181190379,0.0,1.0,yahoo,2024-06-23 23:05:15
2021-11-30,GETI-B.ST,381.2999877929688,394.7000122070313,378.8999938964844,378.8999938964844,13594825,360.5389442424057,0.0,1.0,yahoo,2024-06-23 23:05:15
2021-12-01,GETI-B.ST,378.7000122070313,381.1000061035156,363.2999877929688,380.3999938964844,1302895,361.96625600032394,0.0,1.0,yahoo,2024-06-23 23:05:15
2021-12-02,GETI-B.ST,378.7000122070313,385.3999938964844,374.3999938964844,378.7999877929688,932797,360.4437843174648,0.0,1.0,yahoo,2024-06-23 23:05:15
2021-12-03,GETI-B.ST,380.7999877929688,385.3999938964844,373.2999877929688,374.7999877929688,1207842,356.6376196296828,0.0,1.0,yahoo,2024-06-23 23:05:15
2021-12-06,GETI-B.ST,378.1000061035156,382.6000061035156,372.1000061035156,379.0,781652,360.63410416734666,0.0,1.0,yahoo,2024-06-23 23:05:15
2021-12-07,GETI-B.ST,381.0,396.6000061035156,381.0,396.1000061035156,1210918,376.9054640153612,0.0,1.0,yahoo,2024-06-23 23:05:15
2021-12-08,GETI-B.ST,396.7000122070313,405.1000061035156,389.8999938964844,390.7999877929688,973355,371.86227838081084,0.0,1.0,yahoo,2024-06-23 23:05:15
2021-12-09,GETI-B.ST,393.2999877929688,395.5,382.8999938964844,389.8999938964844,895287,371.0058971338063,0.0,1.0,yahoo,2024-06-23 23:05:15
2021-12-10,GETI-B.ST,389.0,389.0,379.0,385.3999938964844,568001,366.7239618600515,0.0,1.0,yahoo,2024-06-23 23:05:15
2021-12-13,GETI-B.ST,385.7999877929688,401.7000122070313,384.6000061035156,393.3999938964844,808721,374.33629123561553,0.0,1.0,yahoo,2024-06-23 23:05:15
2021-12-14,GETI-B.ST,393.3999938964844,395.2000122070313,375.7999877929688,380.2999877929688,1100066,361.87109607538304,0.0,1.0,yahoo,2024-06-23 23:05:15
2021-12-15,GETI-B.ST,381.0,387.2000122070313,379.8999938964844,382.7999877929688,991565,364.24994900524683,0.0,1.0,yahoo,2024-06-23 23:05:15
2021-12-16,GETI-B.ST,387.7000122070313,388.6000061035156,360.5,369.0,1461750,351.1186924478916,0.0,1.0,yahoo,2024-06-23 23:05:15
2021-12-17,GETI-B.ST,369.0,374.2999877929688,366.7000122070313,374.2999877929688,1237043,356.16184904371,0.0,1.0,yahoo,2024-06-23 23:05:15
2021-12-20,GETI-B.ST,370.0,379.7999877929688,367.1000061035156,375.2999877929688,743758,357.1133902156555,0.0,1.0,yahoo,2024-06-23 23:05:15
2021-12-21,GETI-B.ST,377.6000061035156,383.2999877929688,372.7000122070313,373.5,526563,355.4006277216464,0.0,1.0,yahoo,2024-06-23 23:05:15
2021-12-22,GETI-B.ST,375.1000061035156,383.0,375.1000061035156,382.5,697477,363.9644982691559,0.0,1.0,yahoo,2024-06-23 23:05:15
2021-12-23,GETI-B.ST,383.5,388.2000122070313,381.6000061035156,388.2000122070313,315016,369.3882945647382,0.0,1.0,yahoo,2024-06-23 23:05:15
2021-12-27,GETI-B.ST,388.2000122070313,399.2000122070313,387.3999938964844,397.2999877929688,315555,378.04729599845666,0.0,1.0,yahoo,2024-06-23 23:05:15
2021-12-28,GETI-B.ST,397.2999877929688,401.2000122070313,395.2999877929688,397.5,297395,378.2376158483385,0.0,1.0,yahoo,2024-06-23 23:05:15
2021-12-29,GETI-B.ST,397.7000122070313,398.2999877929688,391.7000122070313,395.1000061035156,279793,375.9539228434157,0.0,1.0,yahoo,2024-06-23 23:05:15
2021-12-30,GETI-B.ST,395.7000122070313,397.0,392.0,395.1000061035156,350160,375.9539228434157,0.0,1.0,yahoo,2024-06-23 23:05:15
2022-01-03,GETI-B.ST,395.1000061035156,399.2000122070313,391.1000061035156,392.0,344370,373.00413940263826,0.0,1.0,yahoo,2024-06-23 23:05:15
2022-01-04,GETI-B.ST,393.8999938964844,397.7000122070313,378.2999877929688,380.8999938964844,674481,362.4420265862967,0.0,1.0,yahoo,2024-06-23 23:05:15
2022-01-05,GETI-B.ST,381.7000122070313,385.2999877929688,374.2999877929688,375.2999877929688,585482,357.1133902156555,0.0,1.0,yahoo,2024-06-23 23:05:15
2022-01-07,GETI-B.ST,361.7999877929688,367.0,358.0,360.6000061035156,1080398,343.12575241129576,0.0,1.0,yahoo,2024-06-23 23:05:15
2022-01-10,GETI-B.ST,362.0,363.6000061035156,344.70001220703125,347.3999938964844,1069816,330.56539732612225,0.0,1.0,yahoo,2024-06-23 23:05:15
2022-01-11,GETI-B.ST,349.6000061035156,358.8999938964844,348.70001220703125,354.8999938964844,725642,337.7019561157136,0.0,1.0,yahoo,2024-06-23 23:05:15
2022-01-12,GETI-B.ST,359.0,359.0,351.8999938964844,355.0,992814,337.79711604065454,0.0,1.0,yahoo,2024-06-23 23:05:15
2022-01-13,GETI-B.ST,354.70001220703125,354.70001220703125,340.20001220703125,342.1000061035156,963287,325.5222407303039,0.0,1.0,yahoo,2024-06-23 23:05:15
2022-01-14,GETI-B.ST,338.0,340.6000061035156,332.79998779296875,332.79998779296875,730862,316.67289040797147,0.0,1.0,yahoo,2024-06-23 23:05:15
2022-01-17,GETI-B.ST,332.79998779296875,338.8999938964844,327.6000061035156,336.8999938964844,641068,320.57421502069445,0.0,1.0,yahoo,2024-06-23 23:05:15
2022-01-18,GETI-B.ST,335.3999938964844,335.3999938964844,324.6000061035156,330.5,728891,314.48435732798964,0.0,1.0,yahoo,2024-06-23 23:05:15
2022-01-19,GETI-B.ST,332.3999938964844,336.5,329.1000061035156,331.70001220703125,1021197,315.62621834981707,0.0,1.0,yahoo,2024-06-23 23:05:15
2022-01-20,GETI-B.ST,333.70001220703125,340.29998779296875,326.3999938964844,340.0,601849,323.52399846147193,0.0,1.0,yahoo,2024-06-23 23:05:15
2022-01-21,GETI-B.ST,334.8999938964844,337.70001220703125,328.70001220703125,332.0,801121,315.9116690859079,0.0,1.0,yahoo,2024-06-23 23:05:15
2022-01-24,GETI-B.ST,330.79998779296875,330.79998779296875,317.5,323.20001220703125,761513,307.5381183882803,0.0,1.0,yahoo,2024-06-23 23:05:15
2022-01-25,GETI-B.ST,323.20001220703125,330.79998779296875,318.8999938964844,329.20001220703125,868006,313.24736541995327,0.0,1.0,yahoo,2024-06-23 23:05:15
2022-01-26,GETI-B.ST,329.6000061035156,338.0,327.0,335.79998779296875,790535,319.527513923808,0.0,1.0,yahoo,2024-06-23 23:05:15
2022-01-27,GETI-B.ST,327.8999938964844,337.70001220703125,324.8999938964844,335.0,902023,318.7662926017444,0.0,1.0,yahoo,2024-06-23 23:05:15
2022-01-28,GETI-B.ST,334.79998779296875,356.0,329.5,351.0,1770519,333.9909513528725,0.0,1.0,yahoo,2024-06-23 23:05:15
2022-01-31,GETI-B.ST,368.5,371.2999877929688,354.5,361.6000061035156,1338207,344.07729358324127,0.0,1.0,yahoo,2024-06-23 23:05:15
2022-02-01,GETI-B.ST,364.7000122070313,371.7999877929688,363.6000061035156,371.7000122070313,909416,353.68786522763736,0.0,1.0,yahoo,2024-06-23 23:05:15
2022-02-02,GETI-B.ST,374.3999938964844,383.0,374.0,378.7999877929688,895076,360.4437843174648,0.0,1.0,yahoo,2024-06-23 23:05:15
2022-02-03,GETI-B.ST,377.7999877929688,379.6000061035156,371.0,371.2000122070313,632474,353.2120946416646,0.0,1.0,yahoo,2024-06-23 23:05:15
2022-02-04,GETI-B.ST,371.2000122070313,376.6000061035156,368.1000061035156,368.3999938964844,490664,350.5477619369779,0.0,1.0,yahoo,2024-06-23 23:05:15
2022-02-07,GETI-B.ST,370.0,375.2999877929688,367.5,371.7999877929688,471087,353.78299611384625,0.0,1.0,yahoo,2024-06-23 23:05:15
2022-02-08,GETI-B.ST,371.7000122070313,371.8999938964844,357.70001220703125,360.5,737351,343.0305924863548,0.0,1.0,yahoo,2024-06-23 23:05:15
2022-02-09,GETI-B.ST,365.3999938964844,374.0,364.2000122070313,372.2000122070313,572621,354.1636358136101,0.0,1.0,yahoo,2024-06-23 23:05:15
2022-02-10,GETI-B.ST,374.7999877929688,379.8999938964844,369.7000122070313,376.6000061035156,556283,358.3504111624239,0.0,1.0,yahoo,2024-06-23 23:05:15
2022-02-11,GETI-B.ST,375.0,380.2999877929688,371.3999938964844,372.8999938964844,440344,354.82969721073266,0.0,1.0,yahoo,2024-06-23 23:05:15
2022-02-14,GETI-B.ST,366.5,368.0,352.5,354.8999938964844,748448,337.7019561157136,0.0,1.0,yahoo,2024-06-23 23:05:15
2022-02-15,GETI-B.ST,355.0,369.6000061035156,354.70001220703125,367.1000061035156,644797,349.31077002894153,0.0,1.0,yahoo,2024-06-23 23:05:15
2022-02-16,GETI-B.ST,367.6000061035156,369.7999877929688,358.79998779296875,361.3999938964844,442806,343.88697373335935,0.0,1.0,yahoo,2024-06-23 23:05:15
2022-02-17,GETI-B.ST,362.8999938964844,366.5,358.8999938964844,360.6000061035156,499842,343.12575241129576,0.0,1.0,yahoo,2024-06-23 23:05:15
2022-02-18,GETI-B.ST,360.2999877929688,361.2000122070313,349.29998779296875,351.0,581596,333.9909513528725,0.0,1.0,yahoo,2024-06-23 23:05:15
2022-02-21,GETI-B.ST,351.0,352.29998779296875,342.1000061035156,344.0,615503,327.33016314925396,0.0,1.0,yahoo,2024-06-23 23:05:15
2022-02-22,GETI-B.ST,336.20001220703125,359.6000061035156,336.0,356.8999938964844,645336,339.60503845960454,0.0,1.0,yahoo,2024-06-23 23:05:15
2022-02-23,GETI-B.ST,356.8999938964844,358.20001220703125,350.20001220703125,351.29998779296875,597682,334.2764020889633,0.0,1.0,yahoo,2024-06-23 23:05:15
2022-02-24,GETI-B.ST,336.20001220703125,354.8999938964844,335.79998779296875,353.70001220703125,1056099,336.56012413261817,0.0,1.0,yahoo,2024-06-23 23:05:15
2022-02-25,GETI-B.ST,357.29998779296875,363.2000122070313,354.5,363.2000122070313,846106,345.5997652661005,0.0,1.0,yahoo,2024-06-23 23:05:15
2022-02-28,GETI-B.ST,359.5,371.2999877929688,359.3999938964844,370.6000061035156,1015437,352.64116413075084,0.0,1.0,yahoo,2024-06-23 23:05:15
2022-03-01,GETI-B.ST,369.2000122070313,375.7000122070313,360.20001220703125,372.1000061035156,579126,354.06847588866907,0.0,1.0,yahoo,2024-06-23 23:05:15
2022-03-02,GETI-B.ST,379.5,382.0,360.8999938964844,362.5,1223430,344.9336748302458,0.0,1.0,yahoo,2024-06-23 23:05:15
2022-03-03,GETI-B.ST,360.5,362.0,350.1000061035156,353.0,494763,335.89403369676353,0.0,1.0,yahoo,2024-06-23 23:05:15
2022-03-04,GETI-B.ST,350.1000061035156,356.6000061035156,343.79998779296875,351.20001220703125,892623,334.18127120275443,0.0,1.0,yahoo,2024-06-23 23:05:15
2022-03-07,GETI-B.ST,344.3999938964844,358.6000061035156,340.70001220703125,350.3999938964844,1014157,333.4200208419588,0.0,1.0,yahoo,2024-06-23 23:05:15
2022-03-08,GETI-B.ST,346.79998779296875,358.70001220703125,332.1000061035156,335.8999938964844,915393,319.62267384874895,0.0,1.0,yahoo,2024-06-23 23:05:15
2022-03-09,GETI-B.ST,337.0,344.0,328.70001220703125,342.0,870124,325.42708080536295,0.0,1.0,yahoo,2024-06-23 23:05:15
2022-03-10,GETI-B.ST,342.0,346.6000061035156,330.6000061035156,333.8999938964844,920384,317.71959150485793,0.0,1.0,yahoo,2024-06-23 23:05:15
2022-03-11,GETI-B.ST,335.1000061035156,337.6000061035156,323.70001220703125,333.6000061035156,885624,317.4341407687671,0.0,1.0,yahoo,2024-06-23 23:05:15
2022-03-14,GETI-B.ST,334.8999938964844,343.79998779296875,323.6000061035156,342.5,940898,325.9028513913357,0.0,1.0,yahoo,2024-06-23 23:05:15
2022-03-15,GETI-B.ST,340.20001220703125,348.1000061035156,336.1000061035156,347.79998779296875,653531,330.9460079871541,0.0,1.0,yahoo,2024-06-23 23:05:15
2022-03-16,GETI-B.ST,353.8999938964844,371.1000061035156,349.79998779296875,370.2999877929688,866182,352.35568435592796,0.0,1.0,yahoo,2024-06-23 23:05:15
2022-03-17,GETI-B.ST,371.7999877929688,376.0,368.5,370.8999938964844,835830,352.92661486684165,0.0,1.0,yahoo,2024-06-23 23:05:15
2022-03-18,GETI-B.ST,372.0,377.2000122070313,367.7999877929688,377.2000122070313,1277841,358.9213416733376,0.0,1.0,yahoo,2024-06-23 23:05:15
2022-03-21,GETI-B.ST,375.6000061035156,375.7999877929688,368.2999877929688,370.1000061035156,551545,352.16539354477806,0.0,1.0,yahoo,2024-06-23 23:05:15
2022-03-22,GETI-B.ST,370.5,372.0,363.1000061035156,366.1000061035156,715328,348.359228856996,0.0,1.0,yahoo,2024-06-23 23:05:15
2022-03-23,GETI-B.ST,367.6000061035156,369.3999938964844,348.3999938964844,349.1000061035156,923280,332.18302893392246,0.0,1.0,yahoo,2024-06-23 23:05:15
2022-03-24,GETI-B.ST,349.70001220703125,349.79998779296875,340.5,342.70001220703125,483059,326.09317124121765,0.0,1.0,yahoo,2024-06-23 23:05:15
2022-03-25,GETI-B.ST,343.70001220703125,359.8999938964844,341.0,357.70001220703125,835786,340.3662888204002,0.0,1.0,yahoo,2024-06-23 23:05:15
2022-03-28,GETI-B.ST,358.0,371.6000061035156,358.0,369.5,573188,351.5944630338644,0.0,1.0,yahoo,2024-06-23 23:05:15
2022-03-29,GETI-B.ST,373.7999877929688,385.8999938964844,372.3999938964844,382.6000061035156,634563,364.05965819409687,0.0,1.0,yahoo,2024-06-23 23:05:15
2022-03-30,GETI-B.ST,385.0,387.6000061035156,376.7999877929688,383.3999938964844,598510,364.82087951616046,0.0,1.0,yahoo,2024-06-23 23:05:15
2022-03-31,GETI-B.ST,384.6000061035156,385.5,374.2000122070313,377.0,1387099,358.73102182345565,0.0,1.0,yahoo,2024-06-23 23:05:15
2022-04-01,GETI-B.ST,376.3999938964844,379.7000122070313,372.3999938964844,379.2999877929688,442681,360.91955490343753,0.0,1.0,yahoo,2024-06-23 23:05:15
2022-04-04,GETI-B.ST,381.2999877929688,388.0,377.3999938964844,382.2999877929688,502329,363.77417841927405,0.0,1.0,yahoo,2024-06-23 23:05:15
2022-04-05,GETI-B.ST,382.3999938964844,386.5,379.5,383.2999877929688,429422,364.72571959121956,0.0,1.0,yahoo,2024-06-23 23:05:15
2022-04-06,GETI-B.ST,382.6000061035156,385.8999938964844,373.2000122070313,376.0,643308,357.77948065151014,0.0,1.0,yahoo,2024-06-23 23:05:15
2022-04-07,GETI-B.ST,377.6000061035156,387.7999877929688,377.1000061035156,386.2999877929688,624044,367.5803431070561,0.0,1.0,yahoo,2024-06-23 23:05:15
2022-04-08,GETI-B.ST,388.6000061035156,388.6000061035156,370.1000061035156,372.8999938964844,765132,354.82969721073266,0.0,1.0,yahoo,2024-06-23 23:05:15
2022-04-11,GETI-B.ST,371.0,373.8999938964844,361.2999877929688,363.8999938964844,920914,346.2658266632231,0.0,1.0,yahoo,2024-06-23 23:05:15
2022-04-12,GETI-B.ST,362.0,365.6000061035156,354.3999938964844,361.8999938964844,669220,344.3627443193321,0.0,1.0,yahoo,2024-06-23 23:05:15
2022-04-13,GETI-B.ST,361.3999938964844,361.8999938964844,356.0,358.29998779296875,459196,340.9371902925819,0.0,1.0,yahoo,2024-06-23 23:05:15
2022-04-14,GETI-B.ST,351.0,354.70001220703125,343.1000061035156,346.5,693309,329.7090160791177,0.0,1.0,yahoo,2024-06-23 23:05:15
2022-04-19,GETI-B.ST,347.0,351.3999938964844,338.0,350.5,704709,333.51518076689973,0.0,1.0,yahoo,2024-06-23 23:05:15
2022-04-20,GETI-B.ST,350.70001220703125,357.29998779296875,348.70001220703125,354.70001220703125,459021,337.5116653045637,0.0,1.0,yahoo,2024-06-23 23:05:15
2022-04-21,GETI-B.ST,355.20001220703125,358.79998779296875,349.0,350.3999938964844,597451,333.4200208419588,0.0,1.0,yahoo,2024-06-23 23:05:15
2022-04-22,GETI-B.ST,347.70001220703125,354.6000061035156,343.70001220703125,344.5,552523,327.8059337352267,0.0,1.0,yahoo,2024-06-23 23:05:15
2022-04-25,GETI-B.ST,338.0,347.1000061035156,336.29998779296875,343.8999938964844,664979,327.235003224313,0.0,1.0,yahoo,2024-06-23 23:05:15
2022-04-26,GETI-B.ST,323.20001220703125,329.5,289.3999938964844,291.6000061035156,5178599,277.46941154705587,0.0,1.0,yahoo,2024-06-23 23:05:15
2022-04-27,GETI-B.ST,291.79998779296875,300.6000061035156,285.1000061035156,286.79998779296875,2316324,276.6975735597701,4.0,1.0,yahoo,2024-06-23 23:05:15
2022-04-28,GETI-B.ST,286.8999938964844,293.0,280.79998779296875,289.0,1043975,278.8200912215451,0.0,1.0,yahoo,2024-06-23 23:05:15
2022-04-29,GETI-B.ST,290.79998779296875,291.70001220703125,283.3999938964844,286.6000061035156,958174,276.5046361449052,0.0,1.0,yahoo,2024-06-23 23:05:15
2022-05-02,GETI-B.ST,285.0,292.5,240.0,289.3999938964844,1472362,279.2059954938836,0.0,1.0,yahoo,2024-06-23 23:05:15
2022-05-03,GETI-B.ST,290.79998779296875,297.29998779296875,285.8999938964844,295.1000061035156,1121655,284.70522706318593,0.0,1.0,yahoo,2024-06-23 23:05:15
2022-05-04,GETI-B.ST,295.8999938964844,297.3999938964844,288.0,289.70001220703125,936028,279.49544578009403,0.0,1.0,yahoo,2024-06-23 23:05:15
2022-05-05,GETI-B.ST,294.0,305.1000061035156,291.20001220703125,297.29998779296875,1266427,286.8277152823522,0.0,1.0,yahoo,2024-06-23 23:05:15
2022-05-06,GETI-B.ST,293.8999938964844,300.79998779296875,291.20001220703125,293.70001220703125,891086,283.35454738869674,0.0,1.0,yahoo,2024-06-23 23:05:15
2022-05-09,GETI-B.ST,291.20001220703125,294.0,280.1000061035156,282.70001220703125,738930,272.74201796503934,0.0,1.0,yahoo,2024-06-23 23:05:15
2022-05-10,GETI-B.ST,282.70001220703125,291.0,280.20001220703125,285.29998779296875,856983,275.2504104565441,0.0,1.0,yahoo,2024-06-23 23:05:15
2022-05-11,GETI-B.ST,288.0,290.70001220703125,279.5,290.0,980763,279.78486662369573,0.0,1.0,yahoo,2024-06-23 23:05:15
2022-05-12,GETI-B.ST,284.3999938964844,286.3999938964844,274.5,284.29998779296875,1087090,274.2856350543934,0.0,1.0,yahoo,2024-06-23 23:05:15
2022-05-13,GETI-B.ST,285.6000061035156,292.70001220703125,284.29998779296875,292.20001220703125,647924,281.90738428547076,0.0,1.0,yahoo,2024-06-23 23:05:15
2022-05-16,GETI-B.ST,291.8999938964844,291.8999938964844,284.3999938964844,287.20001220703125,890095,277.08350727471736,0.0,1.0,yahoo,2024-06-23 23:05:15
2022-05-17,GETI-B.ST,289.20001220703125,295.70001220703125,285.6000061035156,292.20001220703125,724640,281.90738428547076,0.0,1.0,yahoo,2024-06-23 23:05:15
2022-05-18,GETI-B.ST,293.0,295.0,282.3999938964844,288.1000061035156,864833,277.95179924813124,0.0,1.0,yahoo,2024-06-23 23:05:15
2022-05-19,GETI-B.ST,284.1000061035156,290.0,281.20001220703125,284.8999938964844,707033,274.8645061842056,0.0,1.0,yahoo,2024-06-23 23:05:15
2022-05-20,GETI-B.ST,285.0,288.5,282.79998779296875,286.0,675617,275.9257650150931,0.0,1.0,yahoo,2024-06-23 23:05:15
2022-05-23,GETI-B.ST,288.8999938964844,291.29998779296875,278.3999938964844,279.1000061035156,523969,269.26882062877513,0.0,1.0,yahoo,2024-06-23 23:05:15
2022-05-24,GETI-B.ST,276.70001220703125,283.1000061035156,275.70001220703125,279.1000061035156,508011,269.26882062877513,0.0,1.0,yahoo,2024-06-23 23:05:15
2022-05-25,GETI-B.ST,279.20001220703125,280.0,269.0,269.0,409901,259.5245831785316,0.0,1.0,yahoo,2024-06-23 23:05:15
2022-05-27,GETI-B.ST,273.5,280.0,270.79998779296875,280.0,1054287,270.137112602189,0.0,1.0,yahoo,2024-06-23 23:05:15
2022-05-30,GETI-B.ST,282.0,286.8999938964844,280.70001220703125,284.3999938964844,605836,274.3821184831302,0.0,1.0,yahoo,2024-06-23 23:05:15
2022-05-31,GETI-B.ST,283.5,285.6000061035156,279.20001220703125,283.0,1528636,273.03143880864104,0.0,1.0,yahoo,2024-06-23 23:05:15
2022-06-01,GETI-B.ST,284.0,287.6000061035156,277.29998779296875,277.29998779296875,905287,267.5322072393387,0.0,1.0,yahoo,2024-06-23 23:05:15
2022-06-02,GETI-B.ST,277.5,287.20001220703125,277.3999938964844,285.70001220703125,904422,275.6363441714913,0.0,1.0,yahoo,2024-06-23 23:05:15
2022-06-03,GETI-B.ST,287.0,289.79998779296875,281.3999938964844,281.3999938964844,664028,271.4877922766782,0.0,1.0,yahoo,2024-06-23 23:05:15
2022-06-07,GETI-B.ST,282.0,283.5,277.29998779296875,281.8999938964844,963349,271.97017997775356,0.0,1.0,yahoo,2024-06-23 23:05:15
2022-06-08,GETI-B.ST,282.8999938964844,287.3999938964844,281.29998779296875,286.0,516352,275.9257650150931,0.0,1.0,yahoo,2024-06-23 23:05:15
2022-06-09,GETI-B.ST,284.1000061035156,284.79998779296875,275.20001220703125,275.79998779296875,525642,266.0850441361127,0.0,1.0,yahoo,2024-06-23 23:05:15
2022-06-10,GETI-B.ST,275.79998779296875,279.1000061035156,271.79998779296875,273.6000061035156,435321,263.9625559169464,0.0,1.0,yahoo,2024-06-23 23:05:15
2022-06-13,GETI-B.ST,260.0,266.0,249.6999969482422,251.8000030517578,1484996,242.93044920580084,0.0,1.0,yahoo,2024-06-23 23:05:15
2022-06-14,GETI-B.ST,252.8000030517578,257.0,248.5,250.0,1138503,241.19385053766877,0.0,1.0,yahoo,2024-06-23 23:05:15
2022-06-15,GETI-B.ST,205.1999969482422,216.3999938964844,205.1999969482422,206.1999969482422,4891178,198.9366849792083,0.0,1.0,yahoo,2024-06-23 23:05:15
2022-06-16,GETI-B.ST,205.8999938964844,216.0,203.6999969482422,210.8000030517578,2713694,203.37465771762317,0.0,1.0,yahoo,2024-06-23 23:05:15
2022-06-17,GETI-B.ST,210.8999938964844,219.1000061035156,210.8999938964844,215.3999938964844,1925366,207.8126157347337,0.0,1.0,yahoo,2024-06-23 23:05:15
2022-06-20,GETI-B.ST,217.6000061035156,224.6000061035156,213.6000061035156,220.3999938964844,1215595,212.63649274548706,0.0,1.0,yahoo,2024-06-23 23:05:15
2022-06-21,GETI-B.ST,222.6000061035156,229.3999938964844,220.6000061035156,223.6000061035156,1506436,215.72378580941265,0.0,1.0,yahoo,2024-06-23 23:05:15
2022-06-22,GETI-B.ST,220.8000030517578,231.0,218.3999938964844,228.3000030517578,1220172,220.25822725525998,0.0,1.0,yahoo,2024-06-23 23:05:15
2022-06-23,GETI-B.ST,226.8000030517578,231.3000030517578,222.3999938964844,230.3999938964844,901859,222.28424676699382,0.0,1.0,yahoo,2024-06-23 23:05:15
2022-06-27,GETI-B.ST,233.0,242.6000061035156,231.3999938964844,236.1999969482422,1126933,227.87994704372858,0.0,1.0,yahoo,2024-06-23 23:05:15
2022-06-28,GETI-B.ST,236.1999969482422,237.8000030517578,231.8999938964844,236.1999969482422,728013,227.87994704372858,0.0,1.0,yahoo,2024-06-23 23:05:15
2022-06-29,GETI-B.ST,232.1999969482422,237.3999938964844,228.0,234.6999969482422,929884,226.43278394050256,0.0,1.0,yahoo,2024-06-23 23:05:15
2022-06-30,GETI-B.ST,232.5,237.0,231.1000061035156,236.3999938964844,1212052,228.07289917989786,0.0,1.0,yahoo,2024-06-23 23:05:15
2022-07-01,GETI-B.ST,235.0,244.5,234.1999969482422,241.0,698690,232.5108719183127,0.0,1.0,yahoo,2024-06-23 23:05:15
2022-07-04,GETI-B.ST,242.1999969482422,244.8000030517578,240.0,242.3000030517578,476590,233.76508288536942,0.0,1.0,yahoo,2024-06-23 23:05:15
2022-07-05,GETI-B.ST,244.3000030517578,247.5,240.0,241.6999969482422,715138,233.18621175555728,0.0,1.0,yahoo,2024-06-23 23:05:15
2022-07-06,GETI-B.ST,245.1999969482422,248.3999938964844,243.1000061035156,245.1999969482422,967796,236.56292566308466,0.0,1.0,yahoo,2024-06-23 23:05:15
2022-07-07,GETI-B.ST,246.5,246.6999969482422,238.0,243.5,1027745,234.92281042368938,0.0,1.0,yahoo,2024-06-23 23:05:15
2022-07-08,GETI-B.ST,243.5,246.3999938964844,240.0,245.6000061035156,601804,236.94884465672752,0.0,1.0,yahoo,2024-06-23 23:05:15
2022-07-11,GETI-B.ST,242.8000030517578,245.6000061035156,239.5,242.6999969482422,586495,234.15098715770796,0.0,1.0,yahoo,2024-06-23 23:05:15
2022-07-12,GETI-B.ST,240.8000030517578,244.3000030517578,235.8999938964844,242.1999969482422,673838,233.66859945663262,0.0,1.0,yahoo,2024-06-23 23:05:15
2022-07-13,GETI-B.ST,242.0,243.8000030517578,237.5,242.0,622081,233.47564732046337,0.0,1.0,yahoo,2024-06-23 23:05:15
2022-07-14,GETI-B.ST,241.0,243.1000061035156,233.8999938964844,236.6999969482422,918274,228.36233474480392,0.0,1.0,yahoo,2024-06-23 23:05:15
2022-07-15,GETI-B.ST,239.1000061035156,240.1999969482422,231.0,239.6999969482422,1227351,231.25666095125592,0.0,1.0,yahoo,2024-06-23 23:05:15
2022-07-18,GETI-B.ST,241.1999969482422,242.1999969482422,234.6000061035156,235.5,2045236,227.20460720648396,0.0,1.0,yahoo,2024-06-23 23:05:15
2022-07-19,GETI-B.ST,229.5,237.8999938964844,218.1000061035156,229.6000061035156,2900949,221.5124382223167,0.0,1.0,yahoo,2024-06-23 23:05:15
2022-07-20,GETI-B.ST,226.1000061035156,231.1999969482422,218.3000030517578,220.3999938964844,1457456,212.63649274548706,0.0,1.0,yahoo,2024-06-23 23:05:15
2022-07-21,GETI-B.ST,219.0,231.6999969482422,218.0,231.6999969482422,1761256,223.53845773405052,0.0,1.0,yahoo,2024-06-23 23:05:15
2022-07-22,GETI-B.ST,231.1000061035156,234.6000061035156,227.3000030517578,230.6999969482422,1423689,222.57368233189985,0.0,1.0,yahoo,2024-06-23 23:05:15
2022-07-25,GETI-B.ST,229.1999969482422,229.8000030517578,222.8999938964844,223.6999969482422,687660,215.82025451684513,0.0,1.0,yahoo,2024-06-23 23:05:15
2022-07-26,GETI-B.ST,223.5,224.6999969482422,221.3999938964844,223.1000061035156,862476,215.2413981083373,0.0,1.0,yahoo,2024-06-23 23:05:15
2022-07-27,GETI-B.ST,223.8000030517578,227.8999938964844,223.0,227.0,649438,219.00401628820325,0.0,1.0,yahoo,2024-06-23 23:05:15
2022-07-28,GETI-B.ST,228.3000030517578,228.3000030517578,221.1000061035156,226.0,715350,218.03924088605257,0.0,1.0,yahoo,2024-06-23 23:05:15
2022-07-29,GETI-B.ST,226.1000061035156,228.6999969482422,224.6999969482422,228.3000030517578,828826,220.25822725525998,0.0,1.0,yahoo,2024-06-23 23:05:15
2022-08-01,GETI-B.ST,228.3000030517578,229.0,222.1999969482422,225.1000061035156,387172,217.17094891263866,0.0,1.0,yahoo,2024-06-23 23:05:15
2022-08-02,GETI-B.ST,223.8000030517578,224.1000061035156,219.8000030517578,222.6999969482422,571173,214.85547911469445,0.0,1.0,yahoo,2024-06-23 23:05:15
2022-08-03,GETI-B.ST,221.8999938964844,225.1999969482422,219.6999969482422,224.1000061035156,544911,216.206173510488,0.0,1.0,yahoo,2024-06-23 23:05:15
2022-08-04,GETI-B.ST,225.1000061035156,226.3000030517578,223.1000061035156,224.8000030517578,480365,216.8815133477326,0.0,1.0,yahoo,2024-06-23 23:05:15
2022-08-05,GETI-B.ST,225.5,225.8999938964844,219.6999969482422,220.5,543064,212.73297617422384,0.0,1.0,yahoo,2024-06-23 23:05:15
2022-08-08,GETI-B.ST,221.5,223.8999938964844,220.1999969482422,222.3000030517578,345015,214.46957484235594,0.0,1.0,yahoo,2024-06-23 23:05:15
2022-08-09,GETI-B.ST,222.3000030517578,224.6999969482422,216.5,216.6000061035156,508119,208.97035799435793,0.0,1.0,yahoo,2024-06-23 23:05:15
2022-08-10,GETI-B.ST,215.5,222.3999938964844,212.6999969482422,221.8999938964844,694093,214.08365584871308,0.0,1.0,yahoo,2024-06-23 23:05:15
2022-08-11,GETI-B.ST,224.3999938964844,227.1999969482422,220.5,226.1999969482422,609020,218.23219302222182,0.0,1.0,yahoo,2024-06-23 23:05:15
2022-08-12,GETI-B.ST,225.3999938964844,226.8999938964844,223.6999969482422,223.8999938964844,402016,216.01320665301444,0.0,1.0,yahoo,2024-06-23 23:05:15
2022-08-15,GETI-B.ST,226.0,228.1999969482422,223.6000061035156,224.3999938964844,354975,216.49559435408977,0.0,1.0,yahoo,2024-06-23 23:05:15
2022-08-16,GETI-B.ST,224.8000030517578,226.3000030517578,220.8999938964844,224.8000030517578,449952,216.8815133477326,0.0,1.0,yahoo,2024-06-23 23:05:15
2022-08-17,GETI-B.ST,225.0,225.1999969482422,220.8000030517578,221.1000061035156,367400,213.31184730403595,0.0,1.0,yahoo,2024-06-23 23:05:15
2022-08-18,GETI-B.ST,218.6999969482422,221.3000030517578,217.6999969482422,219.6000061035156,504478,211.86468420080996,0.0,1.0,yahoo,2024-06-23 23:05:15
2022-08-19,GETI-B.ST,219.0,221.3000030517578,215.6999969482422,215.6999969482422,734917,208.10205129963973,0.0,1.0,yahoo,2024-06-23 23:05:15
2022-08-22,GETI-B.ST,215.0,215.8000030517578,211.1000061035156,211.1999969482422,783312,203.7605619899617,0.0,1.0,yahoo,2024-06-23 23:05:15
2022-08-23,GETI-B.ST,210.3000030517578,211.5,205.3999938964844,207.6000061035156,560635,200.28737937500185,0.0,1.0,yahoo,2024-06-23 23:05:15
2022-08-24,GETI-B.ST,206.1000061035156,212.5,204.5,211.1000061035156,767351,203.66409328252922,0.0,1.0,yahoo,2024-06-23 23:05:15
2022-08-25,GETI-B.ST,211.6000061035156,212.6999969482422,209.5,211.0,361359,203.56760985379242,0.0,1.0,yahoo,2024-06-23 23:05:15
2022-08-26,GETI-B.ST,212.1000061035156,214.3000030517578,205.0,205.5,673458,198.26134514196372,0.0,1.0,yahoo,2024-06-23 23:05:15
2022-08-29,GETI-B.ST,202.0,204.8000030517578,201.0,202.6999969482422,487874,195.55997107168096,0.0,1.0,yahoo,2024-06-23 23:05:15
2022-08-30,GETI-B.ST,202.0,207.3000030517578,202.0,203.5,291597,196.33179433766236,0.0,1.0,yahoo,2024-06-23 23:05:15
2022-08-31,GETI-B.ST,204.6000061035156,205.6999969482422,198.1499938964844,198.1499938964844,1433733,191.17024004763454,0.0,1.0,yahoo,2024-06-23 23:05:15
2022-09-01,GETI-B.ST,196.8500061035156,200.5,194.3999938964844,196.9499969482422,760365,190.01251250931458,0.0,1.0,yahoo,2024-06-23 23:05:15
2022-09-02,GETI-B.ST,200.0,204.1999969482422,197.6499938964844,204.0,551109,196.8141820387377,0.0,1.0,yahoo,2024-06-23 23:05:15
2022-09-05,GETI-B.ST,200.0,203.8999938964844,199.0,203.3999938964844,578626,196.23531090892558,0.0,1.0,yahoo,2024-06-23 23:05:15
2022-09-06,GETI-B.ST,203.1999969482422,209.1000061035156,203.1999969482422,208.8000030517578,660426,201.4451069133218,0.0,1.0,yahoo,2024-06-23 23:05:15
2022-09-07,GETI-B.ST,207.5,210.3999938964844,206.3999938964844,209.8000030517578,655742,202.4098823154725,0.0,1.0,yahoo,2024-06-23 23:05:15
2022-09-08,GETI-B.ST,211.8999938964844,212.3999938964844,197.0500030517578,202.1999969482422,1660301,195.07758337060562,0.0,1.0,yahoo,2024-06-23 23:05:15
2022-09-09,GETI-B.ST,202.0,206.8999938964844,201.8000030517578,205.6000061035156,639745,198.3578285707005,0.0,1.0,yahoo,2024-06-23 23:05:15
2022-09-12,GETI-B.ST,210.0,211.1999969482422,206.6000061035156,210.1999969482422,847094,202.79578658781102,0.0,1.0,yahoo,2024-06-23 23:05:15
2022-09-13,GETI-B.ST,211.6000061035156,214.6000061035156,202.8000030517578,202.8000030517578,1121297,195.65645450041777,0.0,1.0,yahoo,2024-06-23 23:05:15
2022-09-14,GETI-B.ST,200.3000030517578,205.1999969482422,195.3000030517578,195.75,1209446,188.85478497099464,0.0,1.0,yahoo,2024-06-23 23:05:15
2022-09-15,GETI-B.ST,196.0,196.0,186.6000061035156,187.0500030517578,1527702,180.46124191654462,0.0,1.0,yahoo,2024-06-23 23:05:15
2022-09-16,GETI-B.ST,185.0,186.6499938964844,183.3999938964844,184.6999969482422,1570095,178.1940138329688,0.0,1.0,yahoo,2024-06-23 23:05:15
2022-09-19,GETI-B.ST,185.3500061035156,187.6000061035156,184.0,187.0500030517578,647778,180.46124191654462,0.0,1.0,yahoo,2024-06-23 23:05:15
2022-09-20,GETI-B.ST,187.1999969482422,187.6000061035156,181.3000030517578,181.9499969482422,873018,175.54088147705446,0.0,1.0,yahoo,2024-06-23 23:05:15
2022-09-21,GETI-B.ST,180.0,184.25,180.0,182.75,688056,176.31270474303585,0.0,1.0,yahoo,2024-06-23 23:05:15
2022-09-22,GETI-B.ST,179.89999389648438,181.4499969482422,178.39999389648438,180.0,690169,173.6595723871215,0.0,1.0,yahoo,2024-06-23 23:05:15
2022-09-23,GETI-B.ST,180.0,182.9499969482422,179.0,180.6999969482422,845562,174.33491222436612,0.0,1.0,yahoo,2024-06-23 23:05:15
2022-09-26,GETI-B.ST,179.9499969482422,186.1499938964844,179.9499969482422,184.6999969482422,902126,178.1940138329688,0.0,1.0,yahoo,2024-06-23 23:05:15
2022-09-27,GETI-B.ST,185.1000061035156,187.6499938964844,184.25,186.6999969482422,1149827,180.12356463727016,0.0,1.0,yahoo,2024-06-23 23:05:15
2022-09-28,GETI-B.ST,184.6999969482422,188.8500061035156,180.1999969482422,187.6499938964844,1564147,181.04009832505247,0.0,1.0,yahoo,2024-06-23 23:05:15
2022-09-29,GETI-B.ST,186.8999938964844,187.6000061035156,181.1499938964844,186.3000030517578,1391203,179.73766036493163,0.0,1.0,yahoo,2024-06-23 23:05:15
2022-09-30,GETI-B.ST,187.75,192.1000061035156,186.3500061035156,191.6999969482422,904926,184.94744164802353,0.0,1.0,yahoo,2024-06-23 23:05:15
2022-10-03,GETI-B.ST,190.0500030517578,190.0500030517578,181.8999938964844,187.6000061035156,1200728,180.99187133198836,0.0,1.0,yahoo,2024-06-23 23:05:15
2022-10-04,GETI-B.ST,190.0,199.0,188.8500061035156,199.0,915821,191.99030502798433,0.0,1.0,yahoo,2024-06-23 23:05:15
2022-10-05,GETI-B.ST,197.3500061035156,197.8999938964844,191.4499969482422,192.8000030517578,728182,186.008700478911,0.0,1.0,yahoo,2024-06-23 23:05:15
2022-10-06,GETI-B.ST,195.3000030517578,198.0,193.4499969482422,194.0500030517578,608065,187.21466973159937,0.0,1.0,yahoo,2024-06-23 23:05:15
2022-10-07,GETI-B.ST,193.3000030517578,195.1499938964844,188.6499938964844,190.0500030517578,677019,183.35556812299666,0.0,1.0,yahoo,2024-06-23 23:05:15
2022-10-10,GETI-B.ST,188.3500061035156,195.1499938964844,188.0,193.6499938964844,742795,186.8287507379565,0.0,1.0,yahoo,2024-06-23 23:05:15
2022-10-11,GETI-B.ST,191.75,200.1999969482422,191.3000030517578,195.8500061035156,1380020,188.95126839973142,0.0,1.0,yahoo,2024-06-23 23:05:15
2022-10-12,GETI-B.ST,194.8000030517578,194.8000030517578,188.25,189.4499969482422,1049984,182.77669699318452,0.0,1.0,yahoo,2024-06-23 23:05:15
2022-10-13,GETI-B.ST,188.6000061035156,194.6000061035156,186.5500030517578,193.1499938964844,742240,186.34636303688117,0.0,1.0,yahoo,2024-06-23 23:05:15
2022-10-14,GETI-B.ST,195.6999969482422,202.6999969482422,195.3999938964844,201.8999938964844,1225476,194.78814780569957,0.0,1.0,yahoo,2024-06-23 23:05:15
2022-10-17,GETI-B.ST,201.0,202.6999969482422,196.3999938964844,202.1999969482422,651770,195.07758337060562,0.0,1.0,yahoo,2024-06-23 23:05:15
2022-10-18,GETI-B.ST,206.8000030517578,214.1000061035156,204.8000030517578,212.1000061035156,1519702,204.6288686846799,0.0,1.0,yahoo,2024-06-23 23:05:15
2022-10-19,GETI-B.ST,214.5,221.8000030517578,197.6999969482422,201.8000030517578,2608241,194.6916790982671,0.0,1.0,yahoo,2024-06-23 23:05:15
2022-10-20,GETI-B.ST,202.6000061035156,211.0,200.6999969482422,207.3999938964844,1379889,200.0944125175283,0.0,1.0,yahoo,2024-06-23 23:05:15
2022-10-21,GETI-B.ST,204.1999969482422,209.3999938964844,203.8000030517578,208.8999938964844,847529,201.5415756207543,0.0,1.0,yahoo,2024-06-23 23:05:15
2022-10-24,GETI-B.ST,210.0,215.8000030517578,207.8999938964844,215.3000030517578,729208,207.71614702730122,0.0,1.0,yahoo,2024-06-23 23:05:15
2022-10-25,GETI-B.ST,215.8000030517578,219.1000061035156,209.8999938964844,219.1000061035156,1017060,211.38229649973462,0.0,1.0,yahoo,2024-06-23 23:05:15
2022-10-26,GETI-B.ST,218.0,221.3000030517578,215.5,221.0,793521,213.21536387529918,0.0,1.0,yahoo,2024-06-23 23:05:15
2022-10-27,GETI-B.ST,220.3000030517578,224.1000061035156,217.6000061035156,218.6000061035156,1050906,210.89990879865928,0.0,1.0,yahoo,2024-06-23 23:05:15
2022-10-28,GETI-B.ST,215.3000030517578,221.1999969482422,215.1999969482422,220.6999969482422,583646,212.92592831039312,0.0,1.0,yahoo,2024-06-23 23:05:15
2022-10-31,GETI-B.ST,222.6999969482422,225.6999969482422,218.6999969482422,224.3000030517578,931160,216.39912564665727,0.0,1.0,yahoo,2024-06-23 23:05:15
2022-11-01,GETI-B.ST,225.8000030517578,231.3999938964844,224.6000061035156,226.8000030517578,903150,218.81106415203396,0.0,1.0,yahoo,2024-06-23 23:05:15
2022-11-02,GETI-B.ST,228.5,230.8000030517578,224.3000030517578,227.6000061035156,780116,219.58288741801536,0.0,1.0,yahoo,2024-06-23 23:05:15
2022-11-03,GETI-B.ST,225.3000030517578,228.1000061035156,224.8999938964844,226.3999938964844,859038,218.4251451583911,0.0,1.0,yahoo,2024-06-23 23:05:15
2022-11-04,GETI-B.ST,227.3000030517578,233.1000061035156,225.6000061035156,232.1999969482422,484641,224.02084543512586,0.0,1.0,yahoo,2024-06-23 23:05:15
2022-11-07,GETI-B.ST,232.8000030517578,238.0,232.3999938964844,236.3999938964844,797590,228.07289917989786,0.0,1.0,yahoo,2024-06-23 23:05:15
2022-11-08,GETI-B.ST,236.3999938964844,240.8999938964844,235.3999938964844,239.1999969482422,783182,230.77427325018058,0.0,1.0,yahoo,2024-06-23 23:05:15
2022-11-09,GETI-B.ST,238.6000061035156,238.6999969482422,230.1999969482422,233.3999938964844,838320,225.17857297344582,0.0,1.0,yahoo,2024-06-23 23:05:15
2022-11-10,GETI-B.ST,233.3000030517578,246.1000061035156,226.6999969482422,245.6999969482422,1276108,237.04531336416,0.0,1.0,yahoo,2024-06-23 23:05:15
2022-11-11,GETI-B.ST,247.3999938964844,249.0,243.8999938964844,247.8999938964844,811709,239.16781630463063,0.0,1.0,yahoo,2024-06-23 23:05:15
2022-11-14,GETI-B.ST,249.0,250.6000061035156,241.8999938964844,243.3999938964844,744734,234.82632699495258,0.0,1.0,yahoo,2024-06-23 23:05:15
2022-11-15,GETI-B.ST,243.8000030517578,245.3999938964844,240.5,244.5,666672,235.88758582584003,0.0,1.0,yahoo,2024-06-23 23:05:15
2022-11-16,GETI-B.ST,244.5,247.0,239.5,242.8000030517578,569952,234.24747058644476,0.0,1.0,yahoo,2024-06-23 23:05:15
2022-11-17,GETI-B.ST,243.3000030517578,244.3999938964844,236.5,237.3000030517578,615324,228.94120587461606,0.0,1.0,yahoo,2024-06-23 23:05:15
2022-11-18,GETI-B.ST,237.5,239.6999969482422,235.1999969482422,235.8000030517578,1205013,227.49404277139004,0.0,1.0,yahoo,2024-06-23 23:05:15
2022-11-21,GETI-B.ST,236.0,236.1000061035156,224.0,230.1000061035156,1436898,221.99482592339203,0.0,1.0,yahoo,2024-06-23 23:05:15
2022-11-22,GETI-B.ST,228.8999938964844,228.8999938964844,221.8999938964844,227.1000061035156,1086915,219.10049971694002,0.0,1.0,yahoo,2024-06-23 23:05:15
2022-11-23,GETI-B.ST,228.1999969482422,228.6999969482422,223.8999938964844,226.8999938964844,721377,218.90753285946644,0.0,1.0,yahoo,2024-06-23 23:05:15
2022-11-24,GETI-B.ST,227.0,232.6999969482422,225.3999938964844,229.0,640933,220.93356709250457,0.0,1.0,yahoo,2024-06-23 23:05:15
2022-11-25,GETI-B.ST,229.0,231.3999938964844,227.8999938964844,231.0,384843,222.86311789680593,0.0,1.0,yahoo,2024-06-23 23:05:15
2022-11-28,GETI-B.ST,231.0,236.3999938964844,230.1999969482422,235.5,737244,227.20460720648396,0.0,1.0,yahoo,2024-06-23 23:05:15
2022-11-29,GETI-B.ST,235.1999969482422,239.1999969482422,235.0,238.5,711814,230.098933412936,0.0,1.0,yahoo,2024-06-23 23:05:15
2022-11-30,GETI-B.ST,238.8999938964844,244.5,238.3999938964844,241.8000030517578,1424852,233.28269518429408,0.0,1.0,yahoo,2024-06-23 23:05:15
2022-12-01,GETI-B.ST,244.6000061035156,248.6999969482422,241.6000061035156,245.5,580077,236.8523612279907,0.0,1.0,yahoo,2024-06-23 23:05:15
2022-12-02,GETI-B.ST,245.5,250.8999938964844,243.8999938964844,250.6000061035156,600655,241.77272166748088,0.0,1.0,yahoo,2024-06-23 23:05:15
2022-12-05,GETI-B.ST,250.6000061035156,254.1000061035156,248.8000030517578,252.6000061035156,613657,243.70227247178224,0.0,1.0,yahoo,2024-06-23 23:05:15
2022-12-06,GETI-B.ST,251.5,251.6999969482422,237.0,237.8999938964844,1017150,229.52006228312388,0.0,1.0,yahoo,2024-06-23 23:05:15
2022-12-07,GETI-B.ST,237.1999969482422,242.1000061035156,236.3999938964844,240.0,513228,231.546096516162,0.0,1.0,yahoo,2024-06-23 23:05:15
2022-12-08,GETI-B.ST,240.1000061035156,241.3000030517578,237.6000061035156,239.0,449576,230.58132111401133,0.0,1.0,yahoo,2024-06-23 23:05:15
2022-12-09,GETI-B.ST,240.0,242.8000030517578,239.1000061035156,241.5,503988,232.99325961938803,0.0,1.0,yahoo,2024-06-23 23:05:15
2022-12-12,GETI-B.ST,240.0,243.3999938964844,238.3999938964844,240.5,505065,232.02848421723735,0.0,1.0,yahoo,2024-06-23 23:05:15
2022-12-13,GETI-B.ST,241.5,250.1999969482422,239.5,241.8999938964844,928506,233.37916389172656,0.0,1.0,yahoo,2024-06-23 23:05:15
2022-12-14,GETI-B.ST,242.1999969482422,242.3999938964844,231.0,239.8999938964844,1319197,231.44961308742523,0.0,1.0,yahoo,2024-06-23 23:05:15
2022-12-15,GETI-B.ST,233.6000061035156,234.0,220.1999969482422,222.6999969482422,1786468,214.85547911469445,0.0,1.0,yahoo,2024-06-23 23:05:15
2022-12-16,GETI-B.ST,222.1000061035156,224.6000061035156,216.3000030517578,216.8000030517578,1351950,209.1633101305272,0.0,1.0,yahoo,2024-06-23 23:05:15
2022-12-19,GETI-B.ST,217.6999969482422,218.6999969482422,213.1000061035156,213.8000030517578,596126,206.2689839240752,0.0,1.0,yahoo,2024-06-23 23:05:15
2022-12-20,GETI-B.ST,208.8000030517578,211.1000061035156,206.6999969482422,208.5,1038068,201.15567134841575,0.0,1.0,yahoo,2024-06-23 23:05:15
2022-12-21,GETI-B.ST,210.3999938964844,211.6000061035156,208.0,210.5,752778,203.0852221527171,0.0,1.0,yahoo,2024-06-23 23:05:15
2022-12-22,GETI-B.ST,211.0,213.3999938964844,207.6000061035156,208.8000030517578,468536,201.4451069133218,0.0,1.0,yahoo,2024-06-23 23:05:15
2022-12-23,GETI-B.ST,208.8000030517578,213.1000061035156,208.8000030517578,211.8000030517578,430446,204.33943311977384,0.0,1.0,yahoo,2024-06-23 23:05:15
2022-12-27,GETI-B.ST,214.6999969482422,215.3999938964844,211.5,213.0,219107,205.49716065809378,0.0,1.0,yahoo,2024-06-23 23:05:15
2022-12-28,GETI-B.ST,213.3000030517578,215.0,211.6000061035156,212.8000030517578,394191,205.30420852192452,0.0,1.0,yahoo,2024-06-23 23:05:15
2022-12-29,GETI-B.ST,213.3999938964844,220.6000061035156,212.0,220.6000061035156,571903,212.82945960296064,0.0,1.0,yahoo,2024-06-23 23:05:15
2022-12-30,GETI-B.ST,220.0,222.1999969482422,216.3000030517578,216.3000030517578,753240,208.68092242945187,0.0,1.0,yahoo,2024-06-23 23:05:15
2023-01-02,GETI-B.ST,217.8999938964844,218.6999969482422,216.1999969482422,218.0,376667,210.32103766884717,0.0,1.0,yahoo,2024-06-23 23:05:15
2023-01-03,GETI-B.ST,209.8000030517578,217.1999969482422,208.8000030517578,212.5,1088561,205.01477295701844,0.0,1.0,yahoo,2024-06-23 23:05:15
2023-01-04,GETI-B.ST,214.3999938964844,219.8999938964844,214.3000030517578,218.6000061035156,655036,210.89990879865928,0.0,1.0,yahoo,2024-06-23 23:05:15
2023-01-05,GETI-B.ST,218.6000061035156,220.5,216.3999938964844,220.5,320377,212.73297617422384,0.0,1.0,yahoo,2024-06-23 23:05:15
2023-01-09,GETI-B.ST,223.1999969482422,223.5,219.8000030517578,222.6999969482422,641623,214.85547911469445,0.0,1.0,yahoo,2024-06-23 23:05:15
2023-01-10,GETI-B.ST,222.0,222.0,218.1999969482422,218.6999969482422,525483,210.99637750609176,0.0,1.0,yahoo,2024-06-23 23:05:15
2023-01-11,GETI-B.ST,218.5,224.0,218.3000030517578,221.8000030517578,612599,213.9871871412806,0.0,1.0,yahoo,2024-06-23 23:05:15
2023-01-12,GETI-B.ST,221.8000030517578,224.8999938964844,218.5,223.5,576595,215.62730238067587,0.0,1.0,yahoo,2024-06-23 23:05:15
2023-01-13,GETI-B.ST,223.5,225.1999969482422,221.5,224.5,411288,216.59207778282655,0.0,1.0,yahoo,2024-06-23 23:05:15
2023-01-16,GETI-B.ST,226.3999938964844,229.0,225.6999969482422,228.6999969482422,380419,220.64413152759852,0.0,1.0,yahoo,2024-06-23 23:05:15
2023-01-17,GETI-B.ST,229.6999969482422,232.1000061035156,224.6000061035156,230.0,557428,221.89834249465525,0.0,1.0,yahoo,2024-06-23 23:05:15
2023-01-18,GETI-B.ST,231.5,233.1999969482422,228.6999969482422,231.8000030517578,565724,223.63494116278736,0.0,1.0,yahoo,2024-06-23 23:05:15
2023-01-19,GETI-B.ST,230.0,230.6000061035156,221.6999969482422,221.6999969482422,630580,213.8907037125438,0.0,1.0,yahoo,2024-06-23 23:05:15
2023-01-20,GETI-B.ST,222.6999969482422,229.1999969482422,221.8000030517578,227.8000030517578,739583,219.77583955418464,0.0,1.0,yahoo,2024-06-23 23:05:15
2023-01-23,GETI-B.ST,228.1999969482422,239.6000061035156,228.1999969482422,238.8000030517578,1339630,230.38836897784208,0.0,1.0,yahoo,2024-06-23 23:05:15
2023-01-24,GETI-B.ST,238.8000030517578,240.5,236.3000030517578,239.5,749839,231.06370881508667,0.0,1.0,yahoo,2024-06-23 23:05:15
2023-01-25,GETI-B.ST,239.5,239.6000061035156,230.1999969482422,231.1999969482422,819326,223.05607003297519,0.0,1.0,yahoo,2024-06-23 23:05:15
2023-01-26,GETI-B.ST,231.1999969482422,236.0,230.8999938964844,235.0,945461,226.72221950540865,0.0,1.0,yahoo,2024-06-23 23:05:15
2023-01-27,GETI-B.ST,235.3999938964844,235.6999969482422,228.5,230.8000030517578,713686,222.67016576063668,0.0,1.0,yahoo,2024-06-23 23:05:15
2023-01-30,GETI-B.ST,229.8999938964844,238.8000030517578,229.8999938964844,237.1999969482422,1217739,228.84472244587926,0.0,1.0,yahoo,2024-06-23 23:05:15
2023-01-31,GETI-B.ST,236.1999969482422,237.6999969482422,231.3999938964844,234.6000061035156,1329422,226.33631523307008,0.0,1.0,yahoo,2024-06-23 23:05:15
2023-02-01,GETI-B.ST,223.6000061035156,246.0,221.0,239.3999938964844,2755039,230.9672253863499,0.0,1.0,yahoo,2024-06-23 23:05:15
2023-02-02,GETI-B.ST,240.8999938964844,259.8999938964844,240.8999938964844,258.3999938964844,2487493,249.29795802721267,0.0,1.0,yahoo,2024-06-23 23:05:15
2023-02-03,GETI-B.ST,257.70001220703125,257.70001220703125,243.6000061035156,250.5,1075603,241.6762382387441,0.0,1.0,yahoo,2024-06-23 23:05:15
2023-02-06,GETI-B.ST,250.5,251.6000061035156,245.8000030517578,246.3000030517578,643409,237.62418449397214,0.0,1.0,yahoo,2024-06-23 23:05:15
2023-02-07,GETI-B.ST,246.8999938964844,251.5,246.8999938964844,250.3000030517578,561984,241.48328610257482,0.0,1.0,yahoo,2024-06-23 23:05:15
2023-02-08,GETI-B.ST,254.1000061035156,256.3999938964844,251.3999938964844,252.3999938964844,670342,243.50930561430866,0.0,1.0,yahoo,2024-06-23 23:05:15
2023-02-09,GETI-B.ST,253.1999969482422,253.3000030517578,244.6000061035156,246.3999938964844,523394,237.72065320140462,0.0,1.0,yahoo,2024-06-23 23:05:15
2023-02-10,GETI-B.ST,243.5,245.5,238.5,239.5,516018,231.06370881508667,0.0,1.0,yahoo,2024-06-23 23:05:15
2023-02-13,GETI-B.ST,239.6999969482422,239.8999938964844,237.3999938964844,238.1999969482422,544288,229.80949784802993,0.0,1.0,yahoo,2024-06-23 23:05:15
2023-02-14,GETI-B.ST,239.1999969482422,242.8000030517578,236.0,238.6000061035156,613201,230.19541684167277,0.0,1.0,yahoo,2024-06-23 23:05:15
2023-02-15,GETI-B.ST,238.3000030517578,238.3000030517578,233.8000030517578,236.1999969482422,754255,227.87994704372858,0.0,1.0,yahoo,2024-06-23 23:05:15
2023-02-16,GETI-B.ST,237.8000030517578,239.0,233.5,234.1999969482422,889722,225.95039623942722,0.0,1.0,yahoo,2024-06-23 23:05:15
2023-02-17,GETI-B.ST,232.3999938964844,234.6000061035156,229.3999938964844,234.1000061035156,771448,225.85392753199474,0.0,1.0,yahoo,2024-06-23 23:05:15
2023-02-20,GETI-B.ST,235.0,235.6999969482422,231.3999938964844,232.3000030517578,329417,224.11732886386267,0.0,1.0,yahoo,2024-06-23 23:05:15
2023-02-21,GETI-B.ST,232.0,233.0,228.3999938964844,230.6999969482422,384206,222.57368233189985,0.0,1.0,yahoo,2024-06-23 23:05:15
2023-02-22,GETI-B.ST,232.0,236.8000030517578,231.1999969482422,234.1000061035156,509778,225.85392753199474,0.0,1.0,yahoo,2024-06-23 23:05:15
2023-02-23,GETI-B.ST,234.3000030517578,238.5,229.6000061035156,230.1999969482422,1177984,222.09129463082454,0.0,1.0,yahoo,2024-06-23 23:05:15
2023-02-24,GETI-B.ST,229.5,229.5,217.5,220.1999969482422,1327397,212.44354060931778,0.0,1.0,yahoo,2024-06-23 23:05:15
2023-02-27,GETI-B.ST,220.8999938964844,226.1000061035156,220.3999938964844,224.8999938964844,379437,216.9779820551651,0.0,1.0,yahoo,2024-06-23 23:05:15
2023-02-28,GETI-B.ST,224.8999938964844,226.3000030517578,222.0,225.5,724762,217.55685318497723,0.0,1.0,yahoo,2024-06-23 23:05:15
2023-03-01,GETI-B.ST,225.5,225.6999969482422,217.5,218.3000030517578,765776,210.61047323375323,0.0,1.0,yahoo,2024-06-23 23:05:15
2023-03-02,GETI-B.ST,216.5,216.5,209.6000061035156,212.3000030517578,1583613,204.82182082084918,0.0,1.0,yahoo,2024-06-23 23:05:15
2023-03-03,GETI-B.ST,213.6000061035156,220.1999969482422,213.1999969482422,219.8000030517578,655874,212.05763633697924,0.0,1.0,yahoo,2024-06-23 23:05:15
2023-03-06,GETI-B.ST,220.8999938964844,224.1000061035156,219.5,221.1999969482422,580024,213.40831601146846,0.0,1.0,yahoo,2024-06-23 23:05:15
2023-03-07,GETI-B.ST,220.5,225.1999969482422,220.0,220.3000030517578,762277,212.54002403805458,0.0,1.0,yahoo,2024-06-23 23:05:15
2023-03-08,GETI-B.ST,219.3999938964844,220.8999938964844,215.1999969482422,217.3999938964844,612166,209.74216653903503,0.0,1.0,yahoo,2024-06-23 23:05:15
2023-03-09,GETI-B.ST,216.8000030517578,222.5,216.6000061035156,221.1999969482422,569946,213.40831601146846,0.0,1.0,yahoo,2024-06-23 23:05:15
2023-03-10,GETI-B.ST,218.0,221.0,216.8000030517578,218.5,472612,210.8034253699225,0.0,1.0,yahoo,2024-06-23 23:05:15
2023-03-13,GETI-B.ST,218.6000061035156,224.1000061035156,216.0,222.6000061035156,995615,214.75901040726197,0.0,1.0,yahoo,2024-06-23 23:05:15
2023-03-14,GETI-B.ST,222.8000030517578,229.1000061035156,222.8000030517578,228.3999938964844,771472,220.35469596269246,0.0,1.0,yahoo,2024-06-23 23:05:15
2023-03-15,GETI-B.ST,228.8999938964844,229.3999938964844,223.8999938964844,225.6000061035156,976056,217.653336613714,0.0,1.0,yahoo,2024-06-23 23:05:15
2023-03-16,GETI-B.ST,228.3999938964844,230.8000030517578,224.3000030517578,230.1999969482422,772558,222.09129463082454,0.0,1.0,yahoo,2024-06-23 23:05:15
2023-03-17,GETI-B.ST,230.5,232.6000061035156,227.8000030517578,228.1999969482422,1126536,220.16174382652318,0.0,1.0,yahoo,2024-06-23 23:05:15
2023-03-20,GETI-B.ST,225.8999938964844,228.8999938964844,219.3999938964844,228.3999938964844,1156451,220.35469596269246,0.0,1.0,yahoo,2024-06-23 23:05:15
2023-03-21,GETI-B.ST,230.0,230.8999938964844,226.5,228.1999969482422,597442,220.16174382652318,0.0,1.0,yahoo,2024-06-23 23:05:15
2023-03-22,GETI-B.ST,229.1000061035156,237.8000030517578,229.1000061035156,236.1999969482422,912156,227.87994704372858,0.0,1.0,yahoo,2024-06-23 23:05:15
2023-03-23,GETI-B.ST,235.0,239.3000030517578,232.1000061035156,239.0,698969,230.58132111401133,0.0,1.0,yahoo,2024-06-23 23:05:15
2023-03-24,GETI-B.ST,238.0,244.3000030517578,238.0,242.5,1247810,233.9580350215387,0.0,1.0,yahoo,2024-06-23 23:05:15
2023-03-27,GETI-B.ST,244.0,249.8000030517578,242.1000061035156,243.3999938964844,998618,234.82632699495258,0.0,1.0,yahoo,2024-06-23 23:05:15
2023-03-28,GETI-B.ST,244.3000030517578,245.8000030517578,238.3999938964844,239.6999969482422,567119,231.25666095125592,0.0,1.0,yahoo,2024-06-23 23:05:15
2023-03-29,GETI-B.ST,242.0,247.8000030517578,240.6000061035156,247.3999938964844,789336,238.6854286035553,0.0,1.0,yahoo,2024-06-23 23:05:15
2023-03-30,GETI-B.ST,247.8999938964844,251.3999938964844,247.0,250.3000030517578,692427,241.48328610257482,0.0,1.0,yahoo,2024-06-23 23:05:15
2023-03-31,GETI-B.ST,250.8000030517578,253.8999938964844,248.8000030517578,252.6999969482422,852259,243.79874117921472,0.0,1.0,yahoo,2024-06-23 23:05:15
2023-04-03,GETI-B.ST,251.3999938964844,256.0,250.0,255.1000061035156,851985,246.1142109771589,0.0,1.0,yahoo,2024-06-23 23:05:15
2023-04-04,GETI-B.ST,255.1000061035156,257.20001220703125,253.6999969482422,256.1000061035156,494407,247.0789863793096,0.0,1.0,yahoo,2024-06-23 23:05:15
2023-04-05,GETI-B.ST,256.3999938964844,262.0,255.8999938964844,259.6000061035156,691923,250.455700286837,0.0,1.0,yahoo,2024-06-23 23:05:15
2023-04-06,GETI-B.ST,259.6000061035156,260.3999938964844,256.0,258.79998779296875,243151,249.6838622995512,0.0,1.0,yahoo,2024-06-23 23:05:15
2023-04-11,GETI-B.ST,257.0,260.20001220703125,255.6000061035156,258.6000061035156,715645,249.4909248846863,0.0,1.0,yahoo,2024-06-23 23:05:15
2023-04-12,GETI-B.ST,260.6000061035156,261.1000061035156,256.3999938964844,257.3999938964844,648817,248.33318262506202,0.0,1.0,yahoo,2024-06-23 23:05:15
2023-04-13,GETI-B.ST,257.6000061035156,260.70001220703125,256.79998779296875,259.29998779296875,613730,250.16625000062655,0.0,1.0,yahoo,2024-06-23 23:05:15
2023-04-14,GETI-B.ST,260.79998779296875,261.3999938964844,257.5,258.3999938964844,683457,249.29795802721267,0.0,1.0,yahoo,2024-06-23 23:05:15
2023-04-17,GETI-B.ST,260.0,262.79998779296875,257.6000061035156,258.5,933353,249.3944414559495,0.0,1.0,yahoo,2024-06-23 23:05:15
2023-04-18,GETI-B.ST,262.3999938964844,264.1000061035156,259.5,260.0,578448,250.84160455917552,0.0,1.0,yahoo,2024-06-23 23:05:15
2023-04-19,GETI-B.ST,258.0,259.20001220703125,255.8999938964844,258.0,572655,248.91205375487417,0.0,1.0,yahoo,2024-06-23 23:05:15
2023-04-20,GETI-B.ST,258.79998779296875,261.8999938964844,257.0,261.29998779296875,552875,252.0958008049279,0.0,1.0,yahoo,2024-06-23 23:05:15
2023-04-21,GETI-B.ST,262.70001220703125,265.8999938964844,261.5,265.29998779296875,569977,255.9549024135306,0.0,1.0,yahoo,2024-06-23 23:05:15
2023-04-24,GETI-B.ST,265.79998779296875,269.8999938964844,265.0,268.70001220703125,694564,259.23516233492984,0.0,1.0,yahoo,2024-06-23 23:05:15
2023-04-25,GETI-B.ST,268.0,268.5,264.79998779296875,264.79998779296875,905662,255.47251471245528,0.0,1.0,yahoo,2024-06-23 23:05:15
2023-04-26,GETI-B.ST,270.0,275.20001220703125,255.5,257.20001220703125,2436601,248.1402452101971,0.0,1.0,yahoo,2024-06-23 23:05:15
2023-04-27,GETI-B.ST,265.20001220703125,266.1000061035156,255.1000061035156,258.1000061035156,1417949,253.19231355031923,4.25,1.0,yahoo,2024-06-23 23:05:15
2023-04-28,GETI-B.ST,262.1000061035156,262.5,253.6999969482422,259.8999938964844,1028411,254.95807512678857,0.0,1.0,yahoo,2024-06-23 23:05:15
2023-05-02,GETI-B.ST,259.8999938964844,260.6000061035156,250.8000030517578,251.8999938964844,934284,247.1101926761769,0.0,1.0,yahoo,2024-06-23 23:05:15
2023-05-03,GETI-B.ST,252.6000061035156,256.79998779296875,249.8999938964844,253.3999938964844,948750,248.5816706356666,0.0,1.0,yahoo,2024-06-23 23:05:15
2023-05-04,GETI-B.ST,253.0,254.6000061035156,251.3000030517578,252.1999969482422,562857,247.4044912618044,0.0,1.0,yahoo,2024-06-23 23:05:15
2023-05-05,GETI-B.ST,252.6000061035156,253.0,250.5,252.6999969482422,622576,247.8949839149676,0.0,1.0,yahoo,2024-06-23 23:05:15
2023-05-08,GETI-B.ST,252.0,252.3000030517578,248.8999938964844,251.0,418793,246.2273118879422,0.0,1.0,yahoo,2024-06-23 23:05:15
2023-05-09,GETI-B.ST,250.8000030517578,250.8000030517578,244.8000030517578,246.5,580281,241.8128780094731,0.0,1.0,yahoo,2024-06-23 23:05:15
2023-05-10,GETI-B.ST,246.6000061035156,247.1999969482422,242.1000061035156,243.6999969482422,781585,239.06611615802944,0.0,1.0,yahoo,2024-06-23 23:05:15
2023-05-11,GETI-B.ST,243.8000030517578,250.6999969482422,242.8999938964844,249.6000061035156,746191,244.85393844654428,0.0,1.0,yahoo,2024-06-23 23:05:15
2023-05-12,GETI-B.ST,249.6000061035156,250.6999969482422,247.3000030517578,248.3999938964844,358702,243.67674410403427,0.0,1.0,yahoo,2024-06-23 23:05:15
2023-05-15,GETI-B.ST,248.5,255.8000030517578,248.5,255.1999969482422,674452,250.34744718078377,0.0,1.0,yahoo,2024-06-23 23:05:15
2023-05-16,GETI-B.ST,253.8000030517578,256.1000061035156,251.8000030517578,252.5,458597,247.6987898474319,0.0,1.0,yahoo,2024-06-23 23:05:15
2023-05-17,GETI-B.ST,251.5,253.1999969482422,250.1000061035156,250.6999969482422,351242,245.9330133023147,0.0,1.0,yahoo,2024-06-23 23:05:15
2023-05-19,GETI-B.ST,253.0,259.3999938964844,253.0,258.29998779296875,554843,253.3884926492071,0.0,1.0,yahoo,2024-06-23 23:05:15
2023-05-22,GETI-B.ST,257.29998779296875,257.79998779296875,253.1000061035156,254.6999969482422,468927,249.85695452762056,0.0,1.0,yahoo,2024-06-23 23:05:15
2023-05-23,GETI-B.ST,253.8000030517578,255.8000030517578,251.3000030517578,251.3000030517578,286689,246.52161047356972,0.0,1.0,yahoo,2024-06-23 23:05:15
2023-05-24,GETI-B.ST,251.0,258.1000061035156,247.3999938964844,254.3000030517578,878820,249.4645663925491,0.0,1.0,yahoo,2024-06-23 23:05:15
2023-05-25,GETI-B.ST,254.3000030517578,255.1999969482422,248.8999938964844,248.8999938964844,558875,244.16723675719751,0.0,1.0,yahoo,2024-06-23 23:05:15
2023-05-26,GETI-B.ST,249.1000061035156,254.1999969482422,247.5,253.5,491225,248.67977515375836,0.0,1.0,yahoo,2024-06-23 23:05:15
2023-05-29,GETI-B.ST,253.6000061035156,255.6999969482422,250.6999969482422,252.0,211204,247.20829719426868,0.0,1.0,yahoo,2024-06-23 23:05:15
2023-05-30,GETI-B.ST,251.8000030517578,255.5,251.6000061035156,252.5,418470,247.6987898474319,0.0,1.0,yahoo,2024-06-23 23:05:15
2023-05-31,GETI-B.ST,251.1999969482422,254.1999969482422,248.8000030517578,249.5,901050,244.75583392845252,0.0,1.0,yahoo,2024-06-23 23:05:15
2023-06-01,GETI-B.ST,252.0,254.1000061035156,245.8999938964844,251.3000030517578,1076061,246.52161047356972,0.0,1.0,yahoo,2024-06-23 23:05:15
2023-06-02,GETI-B.ST,254.3999938964844,268.79998779296875,238.1000061035156,254.0,2271897,249.1702678069216,0.0,1.0,yahoo,2024-06-23 23:05:15
2023-06-05,GETI-B.ST,249.0,252.8000030517578,241.6000061035156,252.1000061035156,1064154,247.30640171236044,0.0,1.0,yahoo,2024-06-23 23:05:15
2023-06-07,GETI-B.ST,252.3000030517578,254.8000030517578,250.6000061035156,251.1000061035156,549053,246.32541640603398,0.0,1.0,yahoo,2024-06-23 23:05:15
2023-06-08,GETI-B.ST,249.0,249.5,245.8999938964844,247.6000061035156,464740,242.89196783389136,0.0,1.0,yahoo,2024-06-23 23:05:15
2023-06-09,GETI-B.ST,248.3000030517578,249.1000061035156,244.3000030517578,247.1999969482422,505629,242.49956473017207,0.0,1.0,yahoo,2024-06-23 23:05:15
2023-06-12,GETI-B.ST,248.6999969482422,249.3000030517578,245.8000030517578,247.0,433968,242.30337066263635,0.0,1.0,yahoo,2024-06-23 23:05:15
2023-06-13,GETI-B.ST,248.3000030517578,249.6000061035156,246.0,246.8000030517578,722230,242.10717659510064,0.0,1.0,yahoo,2024-06-23 23:05:15
2023-06-14,GETI-B.ST,246.8000030517578,248.0,243.3000030517578,247.5,396667,242.7938633157996,0.0,1.0,yahoo,2024-06-23 23:05:15
2023-06-15,GETI-B.ST,247.3999938964844,252.3000030517578,247.1000061035156,252.0,702118,247.20829719426868,0.0,1.0,yahoo,2024-06-23 23:05:15
2023-06-16,GETI-B.ST,252.5,255.6000061035156,252.3999938964844,252.6000061035156,964132,247.79689436552366,0.0,1.0,yahoo,2024-06-23 23:05:15
2023-06-19,GETI-B.ST,248.8000030517578,248.8000030517578,209.6999969482422,211.8000030517578,3661297,207.77269087367443,0.0,1.0,yahoo,2024-06-23 23:05:15
2023-06-20,GETI-B.ST,204.6999969482422,208.3000030517578,191.6999969482422,192.6499938964844,3923417,188.98681327633398,0.0,1.0,yahoo,2024-06-23 23:05:15
2023-06-21,GETI-B.ST,190.8999938964844,194.25,184.1000061035156,185.0,2466982,181.48228167039565,0.0,1.0,yahoo,2024-06-23 23:05:15
2023-06-22,GETI-B.ST,184.0,184.5,179.1999969482422,182.6499938964844,1985463,179.17696021306935,0.0,1.0,yahoo,2024-06-23 23:05:15
2023-06-26,GETI-B.ST,182.8999938964844,183.3999938964844,178.4499969482422,181.3999938964844,1233916,177.95072858016127,0.0,1.0,yahoo,2024-06-23 23:05:15
2023-06-27,GETI-B.ST,178.64999389648438,184.3000030517578,177.64999389648438,181.0500030517578,1382219,177.6073927041357,0.0,1.0,yahoo,2024-06-23 23:05:15
2023-06-28,GETI-B.ST,183.5,188.1999969482422,182.6499938964844,186.25,940581,182.70851330330373,0.0,1.0,yahoo,2024-06-23 23:05:15
2023-06-29,GETI-B.ST,186.5,188.5,184.75,185.3000030517578,825851,181.77658025602315,0.0,1.0,yahoo,2024-06-23 23:05:15
2023-06-30,GETI-B.ST,185.6000061035156,189.6000061035156,185.6000061035156,188.9499969482422,614100,185.3571706366556,0.0,1.0,yahoo,2024-06-23 23:05:15
2023-07-03,GETI-B.ST,189.1000061035156,189.9499969482422,185.5,185.8500061035156,592745,182.31612516823225,0.0,1.0,yahoo,2024-06-23 23:05:15
2023-07-04,GETI-B.ST,186.0500030517578,187.0,184.0,186.25,434602,182.70851330330373,0.0,1.0,yahoo,2024-06-23 23:05:15
2023-07-05,GETI-B.ST,184.25,184.8000030517578,182.4499969482422,182.4499969482422,598892,178.9807661455336,0.0,1.0,yahoo,2024-06-23 23:05:15
2023-07-06,GETI-B.ST,181.6000061035156,182.3500061035156,178.5,179.39999389648438,679659,175.98875796750832,0.0,1.0,yahoo,2024-06-23 23:05:15
2023-07-07,GETI-B.ST,175.0,180.6000061035156,174.1999969482422,179.39999389648438,869394,175.98875796750832,0.0,1.0,yahoo,2024-06-23 23:05:15
2023-07-10,GETI-B.ST,179.0500030517578,181.25,177.89999389648438,181.25,490697,177.8035867716714,0.0,1.0,yahoo,2024-06-23 23:05:15
2023-07-11,GETI-B.ST,183.0,184.3500061035156,180.8000030517578,182.8999938964844,523837,179.42220653965097,0.0,1.0,yahoo,2024-06-23 23:05:15
2023-07-12,GETI-B.ST,182.3000030517578,185.25,179.64999389648438,185.25,714894,181.72752799697727,0.0,1.0,yahoo,2024-06-23 23:05:15
2023-07-13,GETI-B.ST,186.5,186.6000061035156,182.3000030517578,184.1999969482422,530409,180.6974904316049,0.0,1.0,yahoo,2024-06-23 23:05:15
2023-07-14,GETI-B.ST,183.0500030517578,185.8500061035156,183.0500030517578,185.0500030517578,369163,181.53133392944156,0.0,1.0,yahoo,2024-06-23 23:05:15
2023-07-17,GETI-B.ST,183.4499969482422,186.9499969482422,183.0,184.1499938964844,664907,180.64843817255903,0.0,1.0,yahoo,2024-06-23 23:05:15
2023-07-18,GETI-B.ST,182.9499969482422,193.4499969482422,181.3500061035156,193.25,1559629,189.57541044758898,0.0,1.0,yahoo,2024-06-23 23:05:15
2023-07-19,GETI-B.ST,191.4499969482422,194.9499969482422,188.8500061035156,192.4499969482422,970035,188.79061920879823,0.0,1.0,yahoo,2024-06-23 23:05:15
2023-07-20,GETI-B.ST,189.3999938964844,193.0,187.1499938964844,192.25,695247,188.59442514126252,0.0,1.0,yahoo,2024-06-23 23:05:15
2023-07-21,GETI-B.ST,192.25,192.5500030517578,189.8000030517578,191.9499969482422,438230,188.300126555635,0.0,1.0,yahoo,2024-06-23 23:05:15
2023-07-24,GETI-B.ST,190.5,193.6499938964844,190.25,191.8999938964844,335648,188.25107429658914,0.0,1.0,yahoo,2024-06-23 23:05:15
2023-07-25,GETI-B.ST,191.8999938964844,193.6000061035156,190.5500030517578,193.3500061035156,489137,189.67351496568074,0.0,1.0,yahoo,2024-06-23 23:05:15
2023-07-26,GETI-B.ST,192.3999938964844,194.3500061035156,192.1000061035156,194.0500030517578,531014,190.36020168637972,0.0,1.0,yahoo,2024-06-23 23:05:15
2023-07-27,GETI-B.ST,195.8999938964844,200.6000061035156,195.6000061035156,197.5500030517578,562089,193.79365025852232,0.0,1.0,yahoo,2024-06-23 23:05:15
2023-07-28,GETI-B.ST,197.0,198.0,194.1999969482422,197.0,476637,193.2541053463132,0.0,1.0,yahoo,2024-06-23 23:05:15
2023-07-31,GETI-B.ST,196.0500030517578,197.6999969482422,196.0,196.1499938964844,563360,192.4202618484766,0.0,1.0,yahoo,2024-06-23 23:05:15
2023-08-01,GETI-B.ST,198.9499969482422,202.3999938964844,198.6999969482422,198.6999969482422,931537,194.9217773733386,0.0,1.0,yahoo,2024-06-23 23:05:15
2023-08-02,GETI-B.ST,196.1000061035156,198.6999969482422,194.6999969482422,195.1999969482422,513782,191.488328801196,0.0,1.0,yahoo,2024-06-23 23:05:15
2023-08-03,GETI-B.ST,194.3999938964844,196.0,193.25,194.3999938964844,421145,190.70353756240527,0.0,1.0,yahoo,2024-06-23 23:05:15
2023-08-04,GETI-B.ST,195.6999969482422,195.8500061035156,191.9499969482422,195.0500030517578,316622,191.34118699270618,0.0,1.0,yahoo,2024-06-23 23:05:15
2023-08-07,GETI-B.ST,193.6499938964844,195.0500030517578,191.6999969482422,193.3000030517578,370046,189.62446270663486,0.0,1.0,yahoo,2024-06-23 23:05:15
2023-08-08,GETI-B.ST,192.8000030517578,194.3500061035156,189.8999938964844,191.6000061035156,411099,187.9567906796094,0.0,1.0,yahoo,2024-06-23 23:05:15
2023-08-09,GETI-B.ST,193.6000061035156,193.8999938964844,191.6499938964844,192.3500061035156,363253,188.69252965935428,0.0,1.0,yahoo,2024-06-23 23:05:15
2023-08-10,GETI-B.ST,192.3500061035156,194.25,191.1499938964844,193.8500061035156,533560,190.16400761884395,0.0,1.0,yahoo,2024-06-23 23:05:15
2023-08-11,GETI-B.ST,191.3000030517578,192.3999938964844,187.0,188.3500061035156,780821,184.7685884340484,0.0,1.0,yahoo,2024-06-23 23:05:15
2023-08-14,GETI-B.ST,188.1499938964844,189.0,186.5,188.6000061035156,331441,185.01383476063003,0.0,1.0,yahoo,2024-06-23 23:05:15
2023-08-15,GETI-B.ST,188.0,188.4499969482422,184.8500061035156,186.1499938964844,682239,182.61040878521197,0.0,1.0,yahoo,2024-06-23 23:05:15
2023-08-16,GETI-B.ST,185.5,186.8000030517578,184.8000030517578,184.8000030517578,435618,181.28608760285994,0.0,1.0,yahoo,2024-06-23 23:05:15
2023-08-17,GETI-B.ST,183.1499938964844,185.5,181.8999938964844,184.8500061035156,717334,181.3351398619058,0.0,1.0,yahoo,2024-06-23 23:05:15
2023-08-18,GETI-B.ST,184.3999938964844,184.3999938964844,181.25,182.6999969482422,419397,179.2260124721152,0.0,1.0,yahoo,2024-06-23 23:05:15
2023-08-21,GETI-B.ST,182.1999969482422,185.3500061035156,181.8999938964844,182.4499969482422,387964,178.9807661455336,0.0,1.0,yahoo,2024-06-23 23:05:15
2023-08-22,GETI-B.ST,183.75,186.5,182.6999969482422,186.3500061035156,450068,182.8066178213955,0.0,1.0,yahoo,2024-06-23 23:05:15
2023-08-23,GETI-B.ST,186.3500061035156,187.3000030517578,185.3500061035156,186.1000061035156,279519,182.56137149481387,0.0,1.0,yahoo,2024-06-23 23:05:15
2023-08-24,GETI-B.ST,187.5500030517578,189.5,185.6000061035156,186.0500030517578,354776,182.51231923576802,0.0,1.0,yahoo,2024-06-23 23:05:15
2023-08-25,GETI-B.ST,184.5,188.1999969482422,183.8000030517578,187.25,543926,183.6894986096302,0.0,1.0,yahoo,2024-06-23 23:05:15
2023-08-28,GETI-B.ST,187.9499969482422,191.8000030517578,187.8000030517578,191.75,541727,188.10393248809928,0.0,1.0,yahoo,2024-06-23 23:05:15
2023-08-29,GETI-B.ST,192.3000030517578,195.1000061035156,190.5,191.25,1754861,187.61343983493603,0.0,1.0,yahoo,2024-06-23 23:05:15
2023-08-30,GETI-B.ST,191.6999969482422,191.75,184.8500061035156,189.6999969482422,1265284,186.09290961640045,0.0,1.0,yahoo,2024-06-23 23:05:15
2023-08-31,GETI-B.ST,190.4499969482422,191.5,189.6499938964844,190.3500061035156,1063464,186.73055904670133,0.0,1.0,yahoo,2024-06-23 23:05:15
2023-09-01,GETI-B.ST,190.3500061035156,191.6000061035156,188.25,190.6000061035156,512080,186.97580537328295,0.0,1.0,yahoo,2024-06-23 23:05:15
2023-09-04,GETI-B.ST,191.3500061035156,194.0,191.3500061035156,192.0,356758,188.3491788146809,0.0,1.0,yahoo,2024-06-23 23:05:15
2023-09-05,GETI-B.ST,191.4499969482422,193.1000061035156,191.3500061035156,191.8500061035156,762388,188.20203700619103,0.0,1.0,yahoo,2024-06-23 23:05:15
2023-09-06,GETI-B.ST,191.75,191.8500061035156,187.3500061035156,189.5500030517578,439570,185.94576780791064,0.0,1.0,yahoo,2024-06-23 23:05:15
2023-09-07,GETI-B.ST,188.1999969482422,189.1000061035156,186.3500061035156,187.9499969482422,434484,184.37618533032915,0.0,1.0,yahoo,2024-06-23 23:05:15
2023-09-08,GETI-B.ST,189.25,189.4499969482422,185.3500061035156,185.8500061035156,467814,182.31612516823225,0.0,1.0,yahoo,2024-06-23 23:05:15
2023-09-11,GETI-B.ST,185.8500061035156,189.3500061035156,185.75,189.3500061035156,701885,185.74957374037487,0.0,1.0,yahoo,2024-06-23 23:05:15
2023-09-12,GETI-B.ST,193.6000061035156,199.5500030517578,193.6000061035156,195.9499969482422,1602033,192.22406778094086,0.0,1.0,yahoo,2024-06-23 23:05:15
2023-09-13,GETI-B.ST,193.9499969482422,200.6999969482422,193.9499969482422,199.6499938964844,825609,195.85371042061922,0.0,1.0,yahoo,2024-06-23 23:05:15
2023-09-14,GETI-B.ST,199.8000030517578,204.5,198.8000030517578,203.6999969482422,640542,199.82670390497094,0.0,1.0,yahoo,2024-06-23 23:05:15
2023-09-15,GETI-B.ST,204.8000030517578,206.3999938964844,200.1000061035156,200.3999938964844,937934,196.58944940036406,0.0,1.0,yahoo,2024-06-23 23:05:15
2023-09-18,GETI-B.ST,200.5,204.8000030517578,200.0,202.0,975658,198.15903187794552,0.0,1.0,yahoo,2024-06-23 23:05:15
2023-09-19,GETI-B.ST,201.1999969482422,203.6999969482422,193.3999938964844,198.5500030517578,1270304,194.7746355648488,0.0,1.0,yahoo,2024-06-23 23:05:15
2023-09-20,GETI-B.ST,198.5500030517578,202.1999969482422,198.4499969482422,202.0,824565,198.15903187794552,0.0,1.0,yahoo,2024-06-23 23:05:15
2023-09-21,GETI-B.ST,200.3000030517578,201.1999969482422,198.3000030517578,198.5,585405,194.7255833058029,0.0,1.0,yahoo,2024-06-23 23:05:15
2023-09-22,GETI-B.ST,198.4499969482422,201.6000061035156,197.8500061035156,200.3999938964844,799990,196.58944940036406,0.0,1.0,yahoo,2024-06-23 23:05:15
2023-09-25,GETI-B.ST,200.6000061035156,201.8000030517578,196.3000030517578,200.1000061035156,815765,196.29516578338436,0.0,1.0,yahoo,2024-06-23 23:05:15
2023-09-26,GETI-B.ST,200.3000030517578,200.3000030517578,194.1000061035156,195.0500030517578,820487,191.34118699270618,0.0,1.0,yahoo,2024-06-23 23:05:15
2023-09-27,GETI-B.ST,195.4499969482422,196.6000061035156,191.75,192.3000030517578,619812,188.6434774003084,0.0,1.0,yahoo,2024-06-23 23:05:15
2023-09-28,GETI-B.ST,192.3000030517578,192.8500061035156,189.6499938964844,191.0,745529,187.36819350835444,0.0,1.0,yahoo,2024-06-23 23:05:15
2023-09-29,GETI-B.ST,192.1999969482422,195.4499969482422,192.1499938964844,192.6999969482422,636779,189.03586553537986,0.0,1.0,yahoo,2024-06-23 23:05:15
2023-10-02,GETI-B.ST,192.6999969482422,193.6000061035156,188.3999938964844,189.4499969482422,731885,185.84766328981883,0.0,1.0,yahoo,2024-06-23 23:05:15
2023-10-03,GETI-B.ST,188.3999938964844,191.5,188.3500061035156,190.0500030517578,492194,186.43626046107386,0.0,1.0,yahoo,2024-06-23 23:05:15
2023-10-04,GETI-B.ST,187.8500061035156,192.8999938964844,187.0500030517578,192.3999938964844,471683,188.74156694975235,0.0,1.0,yahoo,2024-06-23 23:05:15
2023-10-05,GETI-B.ST,192.3999938964844,197.3999938964844,191.1000061035156,196.3500061035156,796120,192.61647088466012,0.0,1.0,yahoo,2024-06-23 23:05:15
2023-10-06,GETI-B.ST,197.3500061035156,200.1000061035156,195.6499938964844,199.4499969482422,634301,195.65751635308348,0.0,1.0,yahoo,2024-06-23 23:05:15
2023-10-09,GETI-B.ST,198.3000030517578,200.1999969482422,197.3000030517578,197.3999938964844,578613,193.64649348138468,0.0,1.0,yahoo,2024-06-23 23:05:15
2023-10-10,GETI-B.ST,199.4499969482422,205.0,199.4499969482422,205.0,543939,201.1019877969249,0.0,1.0,yahoo,2024-06-23 23:05:15
2023-10-11,GETI-B.ST,205.0,206.5,201.5,203.3999938964844,921263,199.53240531934344,0.0,1.0,yahoo,2024-06-23 23:05:15
2023-10-12,GETI-B.ST,204.0,207.0,204.0,205.1000061035156,782908,201.20009231501666,0.0,1.0,yahoo,2024-06-23 23:05:15
2023-10-13,GETI-B.ST,202.0,203.5,198.1000061035156,203.5,627404,199.63050983743523,0.0,1.0,yahoo,2024-06-23 23:05:15
2023-10-16,GETI-B.ST,203.0,204.5,200.6000061035156,203.3999938964844,574450,199.53240531934344,0.0,1.0,yahoo,2024-06-23 23:05:15
2023-10-17,GETI-B.ST,206.5,208.6000061035156,202.8999938964844,204.3000030517578,1201575,200.41530107622594,0.0,1.0,yahoo,2024-06-23 23:05:15
2023-10-18,GETI-B.ST,202.6000061035156,203.3999938964844,194.6999969482422,196.25,1392804,192.51836636656836,0.0,1.0,yahoo,2024-06-23 23:05:15
2023-10-19,GETI-B.ST,195.3000030517578,197.8500061035156,190.1000061035156,190.6999969482422,1201268,187.0738949227269,0.0,1.0,yahoo,2024-06-23 23:05:15
2023-10-20,GETI-B.ST,188.6499938964844,192.8000030517578,188.25,191.4499969482422,941021,187.80963390247177,0.0,1.0,yahoo,2024-06-23 23:05:15
2023-10-23,GETI-B.ST,200.6000061035156,204.3000030517578,180.8999938964844,198.6499938964844,4492458,194.87272511429276,0.0,1.0,yahoo,2024-06-23 23:05:15
2023-10-24,GETI-B.ST,199.8000030517578,202.1999969482422,186.8999938964844,193.6499938964844,1806038,189.96779858266044,0.0,1.0,yahoo,2024-06-23 23:05:15
2023-10-25,GETI-B.ST,194.1499938964844,199.8500061035156,193.25,197.1999969482422,1359929,193.45029941384894,0.0,1.0,yahoo,2024-06-23 23:05:15
2023-10-26,GETI-B.ST,195.0,195.0,189.5500030517578,192.6000061035156,1274124,188.93777598593587,0.0,1.0,yahoo,2024-06-23 23:05:15
2023-10-27,GETI-B.ST,192.6499938964844,193.25,189.5500030517578,190.3000030517578,444242,186.68150678765548,0.0,1.0,yahoo,2024-06-23 23:05:15
2023-10-30,GETI-B.ST,191.0,199.0500030517578,191.0,196.3000030517578,967463,192.56741862561427,0.0,1.0,yahoo,2024-06-23 23:05:15
2023-10-31,GETI-B.ST,199.8500061035156,202.6000061035156,198.6999969482422,200.3999938964844,860902,196.58944940036406,0.0,1.0,yahoo,2024-06-23 23:05:15
2023-11-01,GETI-B.ST,200.3999938964844,203.6000061035156,198.6000061035156,202.5,559368,198.64952453110874,0.0,1.0,yahoo,2024-06-23 23:05:15
2023-11-02,GETI-B.ST,203.8000030517578,209.8999938964844,203.6999969482422,206.8999938964844,774040,202.96585389148606,0.0,1.0,yahoo,2024-06-23 23:05:15
2023-11-03,GETI-B.ST,208.0,208.0,205.1999969482422,207.3000030517578,326449,203.35825699520535,0.0,1.0,yahoo,2024-06-23 23:05:15
2023-11-06,GETI-B.ST,209.3000030517578,214.1000061035156,208.8000030517578,213.0,924767,208.9498702475366,0.0,1.0,yahoo,2024-06-23 23:05:15
2023-11-07,GETI-B.ST,212.6000061035156,214.3999938964844,209.6000061035156,209.6000061035156,882574,205.61452619348574,0.0,1.0,yahoo,2024-06-23 23:05:15
2023-11-08,GETI-B.ST,208.8000030517578,211.8000030517578,208.0,209.1999969482422,417701,205.22212308976648,0.0,1.0,yahoo,2024-06-23 23:05:15
2023-11-09,GETI-B.ST,209.1999969482422,210.5,207.0,208.3999938964844,803842,204.43733185097577,0.0,1.0,yahoo,2024-06-23 23:05:15
2023-11-10,GETI-B.ST,206.6000061035156,207.8999938964844,204.0,205.5,728268,201.59248045008815,0.0,1.0,yahoo,2024-06-23 23:05:15
2023-11-13,GETI-B.ST,205.8000030517578,207.8999938964844,204.8000030517578,207.8999938964844,689785,203.94683919781252,0.0,1.0,yahoo,2024-06-23 23:05:15
2023-11-14,GETI-B.ST,208.0,214.3000030517578,207.6000061035156,214.0,809755,209.93085555386307,0.0,1.0,yahoo,2024-06-23 23:05:15
2023-11-15,GETI-B.ST,214.1000061035156,216.3999938964844,212.5,215.3000030517578,949064,211.20613944581706,0.0,1.0,yahoo,2024-06-23 23:05:15
2023-11-16,GETI-B.ST,215.5,217.3000030517578,213.8999938964844,216.3000030517578,769414,212.18712475214352,0.0,1.0,yahoo,2024-06-23 23:05:15
2023-11-17,GETI-B.ST,217.5,220.8000030517578,216.1000061035156,219.1999969482422,798477,215.0319761530311,0.0,1.0,yahoo,2024-06-23 23:05:15
2023-11-20,GETI-B.ST,219.1999969482422,222.0,218.6000061035156,220.3999938964844,492648,216.2091555268933,0.0,1.0,yahoo,2024-06-23 23:05:15
2023-11-21,GETI-B.ST,220.8000030517578,222.6000061035156,217.8999938964844,218.6999969482422,609209,214.54148349986787,0.0,1.0,yahoo,2024-06-23 23:05:15
2023-11-22,GETI-B.ST,218.5,221.8000030517578,218.0,219.6999969482422,642853,215.52246880619435,0.0,1.0,yahoo,2024-06-23 23:05:15
2023-11-23,GETI-B.ST,219.8999938964844,224.3999938964844,219.8999938964844,223.6000061035156,724876,219.34832048205624,0.0,1.0,yahoo,2024-06-23 23:05:15
2023-11-24,GETI-B.ST,223.6000061035156,223.8999938964844,221.0,222.0,454492,217.77873800447477,0.0,1.0,yahoo,2024-06-23 23:05:15
2023-11-27,GETI-B.ST,221.3999938964844,224.1999969482422,221.0,221.8999938964844,783294,217.68063348638302,0.0,1.0,yahoo,2024-06-23 23:05:15
2023-11-28,GETI-B.ST,221.8000030517578,223.6999969482422,221.0,222.6999969482422,400597,218.46542472517373,0.0,1.0,yahoo,2024-06-23 23:05:15
2023-11-29,GETI-B.ST,222.6000061035156,227.0,221.0,225.8999938964844,650761,221.60457471168885,0.0,1.0,yahoo,2024-06-23 23:05:15
2023-11-30,GETI-B.ST,226.1999969482422,227.1999969482422,222.0,223.0,2013833,218.75972331080123,0.0,1.0,yahoo,2024-06-23 23:05:15
2023-12-01,GETI-B.ST,223.3000030517578,227.8000030517578,223.3000030517578,226.6999969482422,761403,222.38936595047957,0.0,1.0,yahoo,2024-06-23 23:05:15
2023-12-04,GETI-B.ST,226.6999969482422,229.3999938964844,225.6999969482422,226.6999969482422,632770,222.38936595047957,0.0,1.0,yahoo,2024-06-23 23:05:15
2023-12-05,GETI-B.ST,226.6999969482422,229.1000061035156,226.5,226.6000061035156,804856,222.29127640103562,0.0,1.0,yahoo,2024-06-23 23:05:15
2023-12-06,GETI-B.ST,227.0,232.8000030517578,226.8000030517578,231.8999938964844,674788,227.49048654964764,0.0,1.0,yahoo,2024-06-23 23:05:15
2023-12-07,GETI-B.ST,230.8999938964844,233.1999969482422,230.0,231.1000061035156,411756,226.7057102795047,0.0,1.0,yahoo,2024-06-23 23:05:15
2023-12-08,GETI-B.ST,231.8000030517578,233.8999938964844,228.6000061035156,232.0,644079,227.5885910677394,0.0,1.0,yahoo,2024-06-23 23:05:15
2023-12-11,GETI-B.ST,232.0,232.6000061035156,223.1000061035156,224.8000030517578,1751466,220.52549985591844,0.0,1.0,yahoo,2024-06-23 23:05:15
2023-12-12,GETI-B.ST,224.8000030517578,226.0,221.5,222.0,1122976,217.77873800447477,0.0,1.0,yahoo,2024-06-23 23:05:15
2023-12-13,GETI-B.ST,222.1999969482422,224.0,220.5,221.8999938964844,1069999,217.68063348638302,0.0,1.0,yahoo,2024-06-23 23:05:15
2023-12-14,GETI-B.ST,227.6000061035156,231.6000061035156,224.3999938964844,231.1000061035156,1386483,226.7057102795047,0.0,1.0,yahoo,2024-06-23 23:05:15
2023-12-15,GETI-B.ST,231.1000061035156,232.5,228.6999969482422,230.6000061035156,1481003,226.21521762634148,0.0,1.0,yahoo,2024-06-23 23:05:15
2023-12-18,GETI-B.ST,229.6000061035156,230.1999969482422,224.1999969482422,225.5,802867,221.2121865766174,0.0,1.0,yahoo,2024-06-23 23:05:15
2023-12-19,GETI-B.ST,225.8000030517578,227.3999938964844,223.3999938964844,224.8000030517578,910924,220.52549985591844,0.0,1.0,yahoo,2024-06-23 23:05:15
2023-12-20,GETI-B.ST,225.6000061035156,226.5,219.1000061035156,221.3999938964844,1200365,217.19014083321977,0.0,1.0,yahoo,2024-06-23 23:05:15
2023-12-21,GETI-B.ST,220.0,224.6000061035156,219.1999969482422,224.1000061035156,611604,219.83881313521948,0.0,1.0,yahoo,2024-06-23 23:05:15
2023-12-22,GETI-B.ST,223.6999969482422,226.1000061035156,222.5,224.8999938964844,400177,220.6235894053624,0.0,1.0,yahoo,2024-06-23 23:05:15
2023-12-27,GETI-B.ST,224.8999938964844,228.1999969482422,223.8999938964844,224.6999969482422,424132,220.42739533782665,0.0,1.0,yahoo,2024-06-23 23:05:15
2023-12-28,GETI-B.ST,225.3999938964844,225.6000061035156,223.8000030517578,224.3000030517578,353696,220.03500720275522,0.0,1.0,yahoo,2024-06-23 23:05:15
2023-12-29,GETI-B.ST,224.8999938964844,226.1000061035156,223.6999969482422,224.3000030517578,343038,220.03500720275522,0.0,1.0,yahoo,2024-06-23 23:05:15
2024-01-02,GETI-B.ST,224.3999938964844,232.8000030517578,224.3000030517578,232.8000030517578,714158,228.37338230653015,0.0,1.0,yahoo,2024-06-23 23:05:15
2024-01-03,GETI-B.ST,232.8000030517578,233.8000030517578,221.8999938964844,221.8999938964844,985193,217.68063348638302,0.0,1.0,yahoo,2024-06-23 23:05:15
2024-01-04,GETI-B.ST,221.5,223.8000030517578,220.8000030517578,222.0,580522,217.77873800447477,0.0,1.0,yahoo,2024-06-23 23:05:15
2024-01-05,GETI-B.ST,220.0,221.3000030517578,218.3999938964844,221.3000030517578,231172,217.09205128377582,0.0,1.0,yahoo,2024-06-23 23:05:15
2024-01-08,GETI-B.ST,221.6000061035156,227.6999969482422,220.3000030517578,227.1999969482422,503426,222.87985860364282,0.0,1.0,yahoo,2024-06-23 23:05:15
2024-01-09,GETI-B.ST,227.8999938964844,229.5,226.1000061035156,227.6999969482422,573360,223.37035125680603,0.0,1.0,yahoo,2024-06-23 23:05:15
2024-01-10,GETI-B.ST,229.0,230.8000030517578,227.5,229.6000061035156,619607,225.23423232001502,0.0,1.0,yahoo,2024-06-23 23:05:15
2024-01-11,GETI-B.ST,229.6000061035156,230.3999938964844,225.6000061035156,226.0,645183,221.70267922978064,0.0,1.0,yahoo,2024-06-23 23:05:15
2024-01-12,GETI-B.ST,227.1999969482422,229.6000061035156,227.1999969482422,227.8000030517578,281258,223.46845577489785,0.0,1.0,yahoo,2024-06-23 23:05:15
2024-01-15,GETI-B.ST,224.1000061035156,224.6000061035156,221.3999938964844,222.8999938964844,624771,218.66161879270948,0.0,1.0,yahoo,2024-06-23 23:05:15
2024-01-16,GETI-B.ST,221.8999938964844,222.6000061035156,218.3000030517578,221.6000061035156,1037497,217.38634986940332,0.0,1.0,yahoo,2024-06-23 23:05:15
2024-01-17,GETI-B.ST,219.5,220.3999938964844,218.1000061035156,220.3000030517578,536425,216.11106597744936,0.0,1.0,yahoo,2024-06-23 23:05:15
2024-01-18,GETI-B.ST,220.8000030517578,221.3000030517578,218.0,219.1999969482422,601833,215.0319761530311,0.0,1.0,yahoo,2024-06-23 23:05:15
2024-01-19,GETI-B.ST,220.3999938964844,222.0,216.6999969482422,217.6000061035156,471066,213.46240864409745,0.0,1.0,yahoo,2024-06-23 23:05:15
2024-01-22,GETI-B.ST,218.3999938964844,222.5,218.3999938964844,220.1999969482422,661462,216.01296145935757,0.0,1.0,yahoo,2024-06-23 23:05:15
2024-01-23,GETI-B.ST,221.5,222.1000061035156,218.3999938964844,219.6000061035156,652197,215.4243792567504,0.0,1.0,yahoo,2024-06-23 23:05:15
2024-01-24,GETI-B.ST,222.0,224.1000061035156,221.0,221.3000030517578,569304,217.09205128377582,0.0,1.0,yahoo,2024-06-23 23:05:15
2024-01-25,GETI-B.ST,221.3000030517578,222.8000030517578,218.6999969482422,222.8000030517578,412074,218.56352924326552,0.0,1.0,yahoo,2024-06-23 23:05:15
2024-01-26,GETI-B.ST,223.5,225.8000030517578,222.3000030517578,225.8000030517578,569957,221.5064851622449,0.0,1.0,yahoo,2024-06-23 23:05:15
2024-01-29,GETI-B.ST,224.6000061035156,225.0,220.3999938964844,223.0,763272,218.75972331080123,0.0,1.0,yahoo,2024-06-23 23:05:15
2024-01-30,GETI-B.ST,224.1999969482422,226.0,221.1999969482422,221.8999938964844,405820,217.68063348638302,0.0,1.0,yahoo,2024-06-23 23:05:15
2024-01-31,GETI-B.ST,222.1000061035156,224.0,221.0,223.6999969482422,726948,219.4464100315002,0.0,1.0,yahoo,2024-06-23 23:05:15
2024-02-01,GETI-B.ST,212.3999938964844,212.3999938964844,193.0500030517578,197.0,4893812,193.2541053463132,0.0,1.0,yahoo,2024-06-23 23:05:15
2024-02-02,GETI-B.ST,198.0,204.1000061035156,197.8000030517578,197.8000030517578,2623228,194.03889658510394,0.0,1.0,yahoo,2024-06-23 23:05:15
2024-02-05,GETI-B.ST,197.0,198.3999938964844,193.5500030517578,193.5500030517578,934901,189.86970903321648,0.0,1.0,yahoo,2024-06-23 23:05:15
2024-02-06,GETI-B.ST,194.6999969482422,200.8999938964844,193.8999938964844,199.1999969482422,725424,195.41227002650186,0.0,1.0,yahoo,2024-06-23 23:05:15
2024-02-07,GETI-B.ST,198.6000061035156,198.6499938964844,195.3500061035156,195.8999938964844,989757,192.17501552189498,0.0,1.0,yahoo,2024-06-23 23:05:15
2024-02-08,GETI-B.ST,196.0,197.3000030517578,194.8000030517578,195.25,529293,191.5373810602419,0.0,1.0,yahoo,2024-06-23 23:05:15
2024-02-09,GETI-B.ST,195.3000030517578,197.0500030517578,194.8999938964844,194.8999938964844,525443,191.19403021556852,0.0,1.0,yahoo,2024-06-23 23:05:15
2024-02-12,GETI-B.ST,195.1999969482422,198.25,194.8000030517578,198.25,752822,194.48033697922128,0.0,1.0,yahoo,2024-06-23 23:05:15
2024-02-13,GETI-B.ST,198.1000061035156,198.1499938964844,193.9499969482422,196.0,782421,192.27312003998674,0.0,1.0,yahoo,2024-06-23 23:05:15
2024-02-14,GETI-B.ST,195.3000030517578,198.6499938964844,195.1999969482422,198.3500061035156,488955,194.57844149731304,0.0,1.0,yahoo,2024-06-23 23:05:15
2024-02-15,GETI-B.ST,198.5,203.1000061035156,198.0,202.5,533672,198.64952453110874,0.0,1.0,yahoo,2024-06-23 23:05:15
2024-02-16,GETI-B.ST,202.5,206.8999938964844,202.5,205.3000030517578,710363,201.39628638255243,0.0,1.0,yahoo,2024-06-23 23:05:15
2024-02-19,GETI-B.ST,204.3999938964844,206.8999938964844,203.3999938964844,205.8999938964844,337008,201.9848685851596,0.0,1.0,yahoo,2024-06-23 23:05:15
2024-02-20,GETI-B.ST,205.8999938964844,209.0,205.6000061035156,208.8000030517578,715257,204.82973495469503,0.0,1.0,yahoo,2024-06-23 23:05:15
2024-02-21,GETI-B.ST,208.8000030517578,210.0,206.8999938964844,208.6000061035156,367503,204.63354088715928,0.0,1.0,yahoo,2024-06-23 23:05:15
2024-02-22,GETI-B.ST,210.0,211.6000061035156,208.0,208.8999938964844,379903,204.927824504139,0.0,1.0,yahoo,2024-06-23 23:05:15
2024-02-23,GETI-B.ST,208.6999969482422,209.6000061035156,207.6999969482422,209.3000030517578,393829,205.32022760785827,0.0,1.0,yahoo,2024-06-23 23:05:15
2024-02-26,GETI-B.ST,209.3000030517578,210.3999938964844,208.1999969482422,209.3000030517578,290656,205.32022760785827,0.0,1.0,yahoo,2024-06-23 23:05:15
2024-02-27,GETI-B.ST,209.6999969482422,210.1999969482422,208.1999969482422,208.3999938964844,624187,204.43733185097577,0.0,1.0,yahoo,2024-06-23 23:05:15
2024-02-28,GETI-B.ST,208.3999938964844,208.8999938964844,203.6000061035156,205.1000061035156,543547,201.20009231501666,0.0,1.0,yahoo,2024-06-23 23:05:15
2024-02-29,GETI-B.ST,205.8999938964844,207.0,204.8000030517578,205.1999969482422,697937,201.29818186446062,0.0,1.0,yahoo,2024-06-23 23:05:15
2024-03-01,GETI-B.ST,205.5,207.3000030517578,204.3000030517578,206.8999938964844,904021,202.96585389148606,0.0,1.0,yahoo,2024-06-23 23:05:15
2024-03-04,GETI-B.ST,206.8999938964844,206.8999938964844,199.5,203.5,773539,199.63050983743523,0.0,1.0,yahoo,2024-06-23 23:05:15
2024-03-05,GETI-B.ST,203.5,204.3999938964844,201.8999938964844,204.0,446668,200.12100249059844,0.0,1.0,yahoo,2024-06-23 23:05:15
2024-03-06,GETI-B.ST,204.0,205.0,201.8000030517578,202.8000030517578,619840,198.94382311673627,0.0,1.0,yahoo,2024-06-23 23:05:15
2024-03-07,GETI-B.ST,202.6000061035156,208.3999938964844,200.8000030517578,205.8000030517578,657912,201.88677903571565,0.0,1.0,yahoo,2024-06-23 23:05:15
2024-03-08,GETI-B.ST,206.8999938964844,209.8999938964844,205.8000030517578,207.3000030517578,734572,203.35825699520535,0.0,1.0,yahoo,2024-06-23 23:05:15
2024-03-11,GETI-B.ST,207.1000061035156,207.8999938964844,205.5,206.3999938964844,469845,202.47536123832285,0.0,1.0,yahoo,2024-06-23 23:05:15
2024-03-12,GETI-B.ST,207.5,209.8999938964844,205.8999938964844,207.8999938964844,596136,203.94683919781252,0.0,1.0,yahoo,2024-06-23 23:05:15
2024-03-13,GETI-B.ST,208.6000061035156,213.3000030517578,207.3999938964844,213.1000061035156,1166267,209.04797476562837,0.0,1.0,yahoo,2024-06-23 23:05:15
2024-03-14,GETI-B.ST,213.1000061035156,215.8000030517578,211.6999969482422,214.0,843068,209.93085555386307,0.0,1.0,yahoo,2024-06-23 23:05:15
2024-03-15,GETI-B.ST,213.3999938964844,216.8999938964844,212.0,214.1000061035156,1127377,210.02896007195483,0.0,1.0,yahoo,2024-06-23 23:05:15
2024-03-18,GETI-B.ST,213.8000030517578,214.8999938964844,206.1999969482422,208.6999969482422,1598824,204.73163043660324,0.0,1.0,yahoo,2024-06-23 23:05:15
2024-03-19,GETI-B.ST,208.0,210.0,207.3000030517578,210.0,668218,206.00691432855723,0.0,1.0,yahoo,2024-06-23 23:05:15
2024-03-20,GETI-B.ST,210.0,210.5,205.1999969482422,206.3999938964844,630964,202.47536123832285,0.0,1.0,yahoo,2024-06-23 23:05:15
2024-03-21,GETI-B.ST,208.6000061035156,209.8000030517578,203.5,206.6999969482422,1005744,202.76965982395032,0.0,1.0,yahoo,2024-06-23 23:05:15
2024-03-22,GETI-B.ST,205.8999938964844,211.3000030517578,204.6000061035156,208.1999969482422,879037,204.24113778344002,0.0,1.0,yahoo,2024-06-23 23:05:15
2024-03-25,GETI-B.ST,208.1999969482422,215.8000030517578,207.3000030517578,212.5,1254339,208.4593775943734,0.0,1.0,yahoo,2024-06-23 23:05:15
2024-03-26,GETI-B.ST,212.3999938964844,212.5,207.3999938964844,210.3999938964844,711310,206.3993024636287,0.0,1.0,yahoo,2024-06-23 23:05:15
2024-03-27,GETI-B.ST,210.5,218.0,210.5,216.8999938964844,656209,212.7757069547507,0.0,1.0,yahoo,2024-06-23 23:05:15
2024-03-28,GETI-B.ST,216.8999938964844,217.8999938964844,213.3999938964844,215.3999938964844,326714,211.304228995261,0.0,1.0,yahoo,2024-06-23 23:05:15
2024-04-02,GETI-B.ST,214.6000061035156,216.8000030517578,206.8000030517578,208.1000061035156,916172,204.14304823399607,0.0,1.0,yahoo,2024-06-23 23:05:15
2024-04-03,GETI-B.ST,208.3999938964844,209.6000061035156,206.8999938964844,209.3000030517578,499675,205.32022760785827,0.0,1.0,yahoo,2024-06-23 23:05:15
2024-04-04,GETI-B.ST,208.6000061035156,212.3000030517578,207.6000061035156,212.3000030517578,546782,208.26318352683765,0.0,1.0,yahoo,2024-06-23 23:05:15
2024-04-05,GETI-B.ST,210.3999938964844,210.6999969482422,208.3999938964844,210.3999938964844,315049,206.3993024636287,0.0,1.0,yahoo,2024-06-23 23:05:15
2024-04-08,GETI-B.ST,210.8000030517578,218.6999969482422,210.8000030517578,218.0,930672,213.85479677916894,0.0,1.0,yahoo,2024-06-23 23:05:15
2024-04-09,GETI-B.ST,217.0,219.1000061035156,215.8999938964844,216.5,578708,212.38331881967923,0.0,1.0,yahoo,2024-06-23 23:05:15
2024-04-10,GETI-B.ST,217.3999938964844,219.8000030517578,211.6000061035156,212.5,767662,208.4593775943734,0.0,1.0,yahoo,2024-06-23 23:05:15
2024-04-11,GETI-B.ST,212.5,214.3000030517578,209.8999938964844,213.1000061035156,998758,209.04797476562837,0.0,1.0,yahoo,2024-06-23 23:05:15
2024-04-12,GETI-B.ST,215.3999938964844,218.1999969482422,209.6000061035156,209.6999969482422,546037,205.7126157429297,0.0,1.0,yahoo,2024-06-23 23:05:15
2024-04-15,GETI-B.ST,210.1000061035156,217.3000030517578,209.3000030517578,214.3000030517578,766498,210.2251541394906,0.0,1.0,yahoo,2024-06-23 23:05:15
2024-04-16,GETI-B.ST,211.8999938964844,216.6000061035156,211.1000061035156,216.1000061035156,906781,211.99093068460778,0.0,1.0,yahoo,2024-06-23 23:05:15
2024-04-17,GETI-B.ST,215.6000061035156,216.1000061035156,213.0,213.6000061035156,544367,209.5384674187916,0.0,1.0,yahoo,2024-06-23 23:05:15
2024-04-18,GETI-B.ST,213.6000061035156,213.8999938964844,206.8999938964844,209.8999938964844,922402,205.90880981046547,0.0,1.0,yahoo,2024-06-23 23:05:15
2024-04-19,GETI-B.ST,207.5,213.1000061035156,206.1000061035156,212.8000030517578,622579,208.7536761800009,0.0,1.0,yahoo,2024-06-23 23:05:15
2024-04-22,GETI-B.ST,213.6999969482422,233.0,211.6999969482422,231.3999938964844,2546634,226.99999389648443,0.0,1.0,yahoo,2024-06-23 23:05:15
2024-04-23,GETI-B.ST,235.3000030517578,237.1000061035156,227.5,232.1000061035156,1416516,232.1000061035156,4.4,1.0,yahoo,2024-06-23 23:05:15
2024-04-24,GETI-B.ST,236.8999938964844,237.5,230.8000030517578,232.3000030517578,675797,232.3000030517578,0.0,1.0,yahoo,2024-06-23 23:05:15
2024-04-25,GETI-B.ST,232.3000030517578,236.6000061035156,227.6999969482422,229.1999969482422,856762,229.1999969482422,0.0,1.0,yahoo,2024-06-23 23:05:15
2024-04-26,GETI-B.ST,230.6999969482422,236.6000061035156,230.1999969482422,235.1000061035156,649008,235.1000061035156,0.0,1.0,yahoo,2024-06-23 23:05:15
2024-04-29,GETI-B.ST,235.8000030517578,240.1999969482422,235.8000030517578,239.5,574320,239.5,0.0,1.0,yahoo,2024-06-23 23:05:15
2024-04-30,GETI-B.ST,239.6999969482422,239.6999969482422,235.0,235.0,557363,235.0,0.0,1.0,yahoo,2024-06-23 23:05:15
2024-05-02,GETI-B.ST,235.0,236.0,231.5,231.8999938964844,563537,231.8999938964844,0.0,1.0,yahoo,2024-06-23 23:05:15
2024-05-03,GETI-B.ST,233.5,234.0,230.8999938964844,232.3000030517578,367680,232.3000030517578,0.0,1.0,yahoo,2024-06-23 23:05:15
2024-05-06,GETI-B.ST,233.1999969482422,233.1999969482422,229.1999969482422,232.5,470849,232.5,0.0,1.0,yahoo,2024-06-23 23:05:15
2024-05-07,GETI-B.ST,233.3999938964844,236.5,231.1000061035156,235.3999938964844,584826,235.3999938964844,0.0,1.0,yahoo,2024-06-23 23:05:15
2024-05-08,GETI-B.ST,234.6999969482422,236.3000030517578,232.5,232.5,425961,232.5,0.0,1.0,yahoo,2024-06-23 23:05:15
2024-05-10,GETI-B.ST,210.0,219.6999969482422,208.1000061035156,211.8999938964844,3588159,211.8999938964844,0.0,1.0,yahoo,2024-06-23 23:05:15
2024-05-13,GETI-B.ST,211.8999938964844,213.3999938964844,207.6999969482422,213.1999969482422,1227549,213.1999969482422,0.0,1.0,yahoo,2024-06-23 23:05:15
2024-05-14,GETI-B.ST,213.1000061035156,217.8000030517578,212.1999969482422,217.1000061035156,678657,217.1000061035156,0.0,1.0,yahoo,2024-06-23 23:05:15
2024-05-15,GETI-B.ST,207.8000030517578,207.8000030517578,187.0500030517578,191.3500061035156,6669554,191.3500061035156,0.0,1.0,yahoo,2024-06-23 23:05:15
2024-05-16,GETI-B.ST,191.0,192.1499938964844,186.1999969482422,190.1000061035156,2023731,190.1000061035156,0.0,1.0,yahoo,2024-06-23 23:05:15
2024-05-17,GETI-B.ST,189.1000061035156,189.6999969482422,183.8000030517578,185.5,1887277,185.5,0.0,1.0,yahoo,2024-06-23 23:05:15
2024-05-20,GETI-B.ST,186.0,187.3500061035156,184.8500061035156,185.1499938964844,1113398,185.1499938964844,0.0,1.0,yahoo,2024-06-23 23:05:15
2024-05-21,GETI-B.ST,184.6499938964844,186.8500061035156,183.5,186.6499938964844,996986,186.6499938964844,0.0,1.0,yahoo,2024-06-23 23:05:15
2024-05-22,GETI-B.ST,185.4499969482422,186.5,182.3999938964844,185.6499938964844,1226173,185.6499938964844,0.0,1.0,yahoo,2024-06-23 23:05:15
2024-05-23,GETI-B.ST,184.1999969482422,190.6499938964844,183.1000061035156,189.1000061035156,2037816,189.1000061035156,0.0,1.0,yahoo,2024-06-23 23:05:15
2024-05-24,GETI-B.ST,187.3999938964844,192.0500030517578,186.5500030517578,191.0,1624070,191.0,0.0,1.0,yahoo,2024-06-23 23:05:15
2024-05-27,GETI-B.ST,191.0,194.5,189.8999938964844,192.1499938964844,1177678,192.1499938964844,0.0,1.0,yahoo,2024-06-23 23:05:15
2024-05-28,GETI-B.ST,192.0,194.25,190.9499969482422,191.4499969482422,887150,191.4499969482422,0.0,1.0,yahoo,2024-06-23 23:05:15
2024-05-29,GETI-B.ST,191.0,191.25,187.1000061035156,187.1000061035156,780925,187.1000061035156,0.0,1.0,yahoo,2024-06-23 23:05:15
2024-05-30,GETI-B.ST,187.0,189.75,186.4499969482422,188.8999938964844,611154,188.8999938964844,0.0,1.0,yahoo,2024-06-23 23:05:15
2024-05-31,GETI-B.ST,188.8999938964844,189.0500030517578,185.5500030517578,187.0,1631557,187.0,0.0,1.0,yahoo,2024-06-23 23:05:15
2024-06-03,GETI-B.ST,187.6999969482422,189.3000030517578,186.9499969482422,187.9499969482422,538749,187.9499969482422,0.0,1.0,yahoo,2024-06-23 23:05:15
2024-06-04,GETI-B.ST,187.9499969482422,188.1000061035156,185.3500061035156,186.5500030517578,411992,186.5500030517578,0.0,1.0,yahoo,2024-06-23 23:05:15
2024-06-05,GETI-B.ST,187.8500061035156,188.3999938964844,186.6999969482422,186.6999969482422,476826,186.6999969482422,0.0,1.0,yahoo,2024-06-23 23:05:15
2024-06-07,GETI-B.ST,189.0,190.6000061035156,188.1999969482422,188.6999969482422,779318,188.6999969482422,0.0,1.0,yahoo,2024-06-23 23:05:15
2024-06-10,GETI-B.ST,187.5500030517578,187.5500030517578,182.9499969482422,183.25,1116060,183.25,0.0,1.0,yahoo,2024-06-23 23:05:15
2024-06-11,GETI-B.ST,184.0500030517578,184.8000030517578,182.0500030517578,182.5,656500,182.5,0.0,1.0,yahoo,2024-06-23 23:05:15
2024-06-12,GETI-B.ST,183.0,184.6499938964844,181.6999969482422,183.1499938964844,689957,183.1499938964844,0.0,1.0,yahoo,2024-06-23 23:05:15
2024-06-13,GETI-B.ST,182.5,186.3000030517578,181.6499938964844,185.8000030517578,1248397,185.8000030517578,0.0,1.0,yahoo,2024-06-23 23:05:15
2024-06-14,GETI-B.ST,185.8000030517578,187.25,182.4499969482422,182.8000030517578,660356,182.8000030517578,0.0,1.0,yahoo,2024-06-23 23:05:15
2024-06-17,GETI-B.ST,181.0,181.1499938964844,177.85000610351562,178.4499969482422,1157324,178.4499969482422,0.0,1.0,yahoo,2024-06-23 23:05:15
2024-06-18,GETI-B.ST,178.5,179.89999389648438,176.6999969482422,177.4499969482422,830039,177.4499969482422,0.0,1.0,yahoo,2024-06-23 23:05:15
2024-06-19,GETI-B.ST,176.10000610351562,177.89999389648438,174.85000610351562,175.6999969482422,611377,175.6999969482422,0.0,1.0,yahoo,2024-06-23 23:05:15
2024-06-20,GETI-B.ST,176.10000610351562,178.9499969482422,175.60000610351562,178.10000610351562,813355,178.10000610351562,0.0,1.0,yahoo,2024-06-23 23:05:15
2024-06-24,GETI-B.ST,176.4499969482422,181.3999938964844,176.4499969482422,180.3000030517578,475166,180.3000030517578,0.0,1.0,yahoo,2024-07-02 13:56:02
2024-06-25,GETI-B.ST,180.10000610351562,181.25,179.0500030517578,180.5500030517578,692811,180.5500030517578,0.0,1.0,yahoo,2024-07-02 13:56:02
2024-06-26,GETI-B.ST,181.6499938964844,183.3999938964844,179.3000030517578,181.1999969482422,692995,181.1999969482422,0.0,1.0,yahoo,2024-07-02 13:56:02
2024-06-27,GETI-B.ST,181.1999969482422,181.6999969482422,178.85000610351562,178.9499969482422,527268,178.9499969482422,0.0,1.0,yahoo,2024-07-02 13:56:02
2024-06-28,GETI-B.ST,179.5,180.3500061035156,178.75,180.0500030517578,539815,180.0500030517578,0.0,1.0,yahoo,2024-07-02 13:56:02
2024-07-01,GETI-B.ST,181.25,182.5,179.89999389648438,181.4499969482422,438128,181.4499969482422,0.0,1.0,yahoo,2024-07-02 13:56:02
2024-07-02,GETI-B.ST,180.3500061035156,181.0,178.3000030517578,180.6999969482422,444538,180.6999969482422,0.0,1.0,yahoo,2024-07-02 13:56:02
2024-07-03,GETI-B.ST,181.60000610351562,182.0500030517578,179.5,180.39999389648438,535447,180.39999389648438,0.0,1.0,yahoo,2024-07-04 15:10:29
2024-07-04,GETI-B.ST,180.39999389648438,182.85000610351562,180.14999389648438,182.25,613538,182.25,0.0,1.0,yahoo,2024-07-04 15:10:29
