date,symbol,open,high,low,close,volume,adjusted,divd,split,source,recordDate
2001-02-26,OIH,570.625,600.3125,570.625,597.7083129882812,13755,394.6548595800832,0.0,1.0,yahoo,2023-12-13 16:24:29
2001-02-27,OIH,596.6666870117188,603.3333129882812,591.6666870117188,598.6458129882812,5730,395.4105915010795,0.206667,1.0,yahoo,2023-12-13 16:24:29
2001-02-28,OIH,591.6666870117188,595.0,579.6875,583.6458129882812,4380,385.524431674633,0.033333,1.0,yahoo,2023-12-13 16:24:29
2001-03-01,OIH,588.9583129882812,594.6875,583.0208129882812,583.0208129882812,1995,385.1115909338368,0.0,1.0,yahoo,2023-12-13 16:24:29
2001-03-02,OIH,591.6666870117188,608.0208129882812,591.6666870117188,608.0208129882812,6705,401.6252205656823,0.0,1.0,yahoo,2023-12-13 16:24:29
2001-03-05,OIH,606.9791870117188,623.3333129882812,606.9791870117188,619.0625,10560,408.9187537585736,0.0,1.0,yahoo,2023-12-13 16:24:29
2001-03-06,OIH,615.2083129882812,630.0,614.2708129882812,628.9583129882812,1950,415.45538538235286,0.0,1.0,yahoo,2023-12-13 16:24:29
2001-03-07,OIH,635.3125,650.0,631.5625,649.0625,25410,428.73510931678817,0.0,1.0,yahoo,2023-12-13 16:24:29
2001-03-08,OIH,652.5,656.3541870117188,639.5833129882812,650.625,22590,429.7672111687785,0.0,1.0,yahoo,2023-12-13 16:24:29
2001-03-09,OIH,658.9583129882812,658.9583129882812,638.0208129882812,640.8333129882812,41505,423.29935945747945,0.0,1.0,yahoo,2023-12-13 16:24:29
2001-03-12,OIH,633.3333129882812,638.4375,622.0833129882812,623.3333129882812,14490,411.73981871518765,0.0,1.0,yahoo,2023-12-13 16:24:29
2001-03-13,OIH,614.6875,618.6458129882812,598.6458129882812,605.3125,95775,399.83625746105855,0.0,1.0,yahoo,2023-12-13 16:24:29
2001-03-14,OIH,598.9583129882812,615.8333129882812,588.2291870117188,595.5208129882812,21165,393.3684057497596,0.0,1.0,yahoo,2023-12-13 16:24:29
2001-03-15,OIH,596.6666870117188,596.6666870117188,573.3333129882812,574.375,25545,379.4006407916498,0.0,1.0,yahoo,2023-12-13 16:24:29
2001-03-16,OIH,576.6666870117188,586.6666870117188,566.0416870117188,566.0416870117188,96855,373.8961110198608,0.0,1.0,yahoo,2023-12-13 16:24:29
2001-03-19,OIH,571.3541870117188,590.8333129882812,571.3541870117188,584.6875,46560,386.21251301478605,0.0,1.0,yahoo,2023-12-13 16:24:29
2001-03-20,OIH,593.3333129882812,606.4583129882812,590.5208129882812,590.5208129882812,35370,390.06567982339044,0.0,1.0,yahoo,2023-12-13 16:24:29
2001-03-21,OIH,590.0,590.0,574.375,576.6666870117188,5730,380.91440361339517,0.0,1.0,yahoo,2023-12-13 16:24:29
2001-03-22,OIH,563.3333129882812,563.3333129882812,541.9791870117188,562.2916870117188,25320,371.419066575084,0.0,1.0,yahoo,2023-12-13 16:24:29
2001-03-23,OIH,558.3333129882812,583.3333129882812,555.3125,571.6666870117188,24525,377.6116776870261,0.0,1.0,yahoo,2023-12-13 16:24:29
2001-03-26,OIH,590.0,590.0,575.3125,584.4791870117188,16575,386.0749128733469,0.0,1.0,yahoo,2023-12-13 16:24:29
2001-03-27,OIH,580.625,581.3541870117188,566.6666870117188,572.2916870117188,22065,378.0245184278222,0.0,1.0,yahoo,2023-12-13 16:24:29
2001-03-28,OIH,563.8541870117188,567.2916870117188,550.625,552.1875,17100,364.7575417532207,0.02,1.0,yahoo,2023-12-13 16:24:29
2001-03-29,OIH,541.3541870117188,541.3541870117188,525.4166870117188,528.6458129882812,36195,349.20665028407615,0.0,1.0,yahoo,2023-12-13 16:24:29
2001-03-30,OIH,540.3125,544.6875,536.0416870117188,537.8125,16545,355.2618728677379,0.0,1.0,yahoo,2023-12-13 16:24:29
2001-04-02,OIH,531.9791870117188,531.9791870117188,507.8125,511.4583435058594,40830,337.85315329733396,0.0,1.0,yahoo,2023-12-13 16:24:29
2001-04-03,OIH,514.6875,518.3333129882812,488.6458435058594,490.0,31905,323.6784524442841,0.0,1.0,yahoo,2023-12-13 16:24:29
2001-04-04,OIH,499.375,517.2916870117188,499.375,510.0,30885,336.8898178501733,0.0,1.0,yahoo,2023-12-13 16:24:29
2001-04-05,OIH,510.625,536.6666870117188,509.1666564941406,531.7708129882812,32220,351.27092612874634,0.0,1.0,yahoo,2023-12-13 16:24:29
2001-04-06,OIH,522.5,538.5416870117188,513.6458129882812,531.3541870117188,3660,350.9957162280487,0.0,1.0,yahoo,2023-12-13 16:24:29
2001-04-09,OIH,543.6666870117188,551.6666870117188,538.6666870117188,545.7333374023438,15390,360.49412672988774,0.0,1.0,yahoo,2023-12-13 16:24:29
2001-04-10,OIH,550.2666625976562,561.7999877929688,541.933349609375,558.6666870117188,27390,369.0374871104661,0.0,1.0,yahoo,2023-12-13 16:24:29
2001-04-11,OIH,561.6666870117188,565.3333129882812,549.0,549.0,36630,362.6519803916571,0.0,1.0,yahoo,2023-12-13 16:24:29
2001-04-12,OIH,555.0,562.7999877929688,553.1333618164062,556.2666625976562,8400,367.4521071346043,0.0,1.0,yahoo,2023-12-13 16:24:29
2001-04-16,OIH,558.0,567.3333129882812,558.0,564.0,12885,372.560504446074,0.0,1.0,yahoo,2023-12-13 16:24:29
2001-04-17,OIH,564.6666870117188,573.3333129882812,558.933349609375,572.6666870117188,11085,378.28544289458847,0.0,1.0,yahoo,2023-12-13 16:24:29
2001-04-18,OIH,568.3333129882812,577.4000244140625,555.3333129882812,557.3333129882812,31965,368.1567025381484,0.0,1.0,yahoo,2023-12-13 16:24:29
2001-04-19,OIH,557.8666381835938,557.8666381835938,538.6666870117188,540.2000122070312,26115,356.8389876766434,0.0,1.0,yahoo,2023-12-13 16:24:29
2001-04-20,OIH,545.0,557.0,545.0,553.3333129882812,19440,365.51442945697056,0.0,1.0,yahoo,2023-12-13 16:24:29
2001-04-23,OIH,566.6666870117188,575.2000122070312,564.0,571.1333618164062,17250,377.272576922522,0.0,1.0,yahoo,2023-12-13 16:24:29
2001-04-24,OIH,580.0,581.8666381835938,565.066650390625,570.5999755859375,23325,376.92023890286237,0.0,1.0,yahoo,2023-12-13 16:24:29
2001-04-25,OIH,569.0,582.4000244140625,562.6666870117188,582.4000244140625,9060,384.71497674664704,0.0,1.0,yahoo,2023-12-13 16:24:29
2001-04-26,OIH,604.1333618164062,616.7333374023438,603.6666870117188,612.3333129882812,36585,404.48795740434355,0.0,1.0,yahoo,2023-12-13 16:24:29
2001-04-27,OIH,612.0,613.0,606.066650390625,606.4666748046875,22125,400.6737138111231,0.093333,1.0,yahoo,2023-12-13 16:24:29
2001-04-30,OIH,603.3333129882812,625.3333129882812,603.3333129882812,618.4666748046875,16770,408.6017414596034,0.0,1.0,yahoo,2023-12-13 16:24:29
2001-05-01,OIH,614.6666870117188,614.6666870117188,602.8666381835938,606.6666870117188,46770,400.8058556700712,0.0,1.0,yahoo,2023-12-13 16:24:29
2001-05-02,OIH,577.0,581.3333129882812,565.8666381835938,568.3333129882812,39300,375.4801849102921,0.0,1.0,yahoo,2023-12-13 16:24:29
2001-05-03,OIH,575.6666870117188,575.6666870117188,557.6666870117188,567.4000244140625,50715,374.96915327575516,0.16,1.0,yahoo,2023-12-13 16:24:29
2001-05-04,OIH,573.3333129882812,582.6666870117188,567.4000244140625,579.6666870117188,30630,383.07563880598127,0.0,1.0,yahoo,2023-12-13 16:24:29
2001-05-07,OIH,589.3333129882812,590.0,565.6666870117188,569.7999877929688,80595,376.5551811174187,0.0,1.0,yahoo,2023-12-13 16:24:29
2001-05-08,OIH,565.3333129882812,570.7333374023438,558.6666870117188,568.5999755859375,16185,375.76214702889234,0.0,1.0,yahoo,2023-12-13 16:24:29
2001-05-09,OIH,576.6666870117188,581.7999877929688,574.6666870117188,581.4666748046875,29145,384.2651697710763,0.0,1.0,yahoo,2023-12-13 16:24:29
2001-05-10,OIH,577.0,583.1333618164062,573.3333129882812,576.8666381835938,48615,381.2252124876232,0.0,1.0,yahoo,2023-12-13 16:24:29
2001-05-11,OIH,573.3333129882812,573.3333129882812,567.1333618164062,569.1333618164062,9180,376.1146379957624,0.0,1.0,yahoo,2023-12-13 16:24:29
2001-05-14,OIH,575.0,586.5999755859375,575.0,585.3333129882812,8940,386.8204570170067,0.0,1.0,yahoo,2023-12-13 16:24:29
2001-05-15,OIH,590.0,601.8666381835938,590.0,601.066650390625,12255,397.21791198724725,0.0,1.0,yahoo,2023-12-13 16:24:29
2001-05-16,OIH,599.4000244140625,609.2000122070312,598.3333129882812,606.066650390625,34530,400.52218707661626,0.0,1.0,yahoo,2023-12-13 16:24:29
2001-05-17,OIH,608.3333129882812,626.6666870117188,601.6666870117188,626.2000122070312,41535,413.8274202596573,0.0,1.0,yahoo,2023-12-13 16:24:29
2001-05-18,OIH,626.6666870117188,640.2666625976562,625.3333129882812,631.3333129882812,81945,417.2197878392019,0.0,1.0,yahoo,2023-12-13 16:24:29
2001-05-21,OIH,634.0,637.2000122070312,626.4000244140625,637.0,94125,420.9646463856166,0.0,1.0,yahoo,2023-12-13 16:24:29
2001-05-22,OIH,636.4000244140625,636.4000244140625,624.6666870117188,627.3333129882812,55755,414.5763677677067,0.0,1.0,yahoo,2023-12-13 16:24:29
2001-05-23,OIH,620.0,620.0,603.4666748046875,603.7999877929688,102360,399.02425172512824,0.0,1.0,yahoo,2023-12-13 16:24:29
2001-05-24,OIH,603.7999877929688,603.7999877929688,587.933349609375,590.933349609375,84495,390.52126931833357,0.0,1.0,yahoo,2023-12-13 16:24:29
2001-05-25,OIH,597.3333129882812,608.4000244140625,596.4000244140625,600.0,19800,396.51301072428566,0.0,1.0,yahoo,2023-12-13 16:24:29
2001-05-29,OIH,606.6666870117188,607.2000122070312,592.0,594.6666870117188,34200,392.9884640740884,0.0,1.0,yahoo,2023-12-13 16:24:29
2001-05-30,OIH,586.6666870117188,586.6666870117188,573.3333129882812,581.7333374023438,50895,384.46294548410935,0.033333,1.0,yahoo,2023-12-13 16:24:29
2001-05-31,OIH,582.6666870117188,593.0,573.3333129882812,590.8666381835938,10845,390.4990714796238,0.0,1.0,yahoo,2023-12-13 16:24:29
2001-06-01,OIH,594.0,594.0,582.2000122070312,586.6666870117188,3195,387.73648141654866,0.02,1.0,yahoo,2023-12-13 16:24:29
2001-06-04,OIH,604.3333129882812,608.6666870117188,598.5999755859375,599.8666381835938,103875,396.68139930791676,0.326667,1.0,yahoo,2023-12-13 16:24:29
2001-06-05,OIH,589.8666381835938,604.933349609375,589.8666381835938,600.3333129882812,35160,396.99000325879786,0.0,1.0,yahoo,2023-12-13 16:24:29
2001-06-06,OIH,581.0,582.2666625976562,570.0,570.3333129882812,22890,377.1515238006432,0.0,1.0,yahoo,2023-12-13 16:24:29
2001-06-07,OIH,565.0,570.1333618164062,555.0,556.4000244140625,16845,367.9720916290818,0.053333,1.0,yahoo,2023-12-13 16:24:29
2001-06-08,OIH,556.6666870117188,561.3333129882812,550.0,559.7999877929688,55590,370.22063868354303,0.0,1.0,yahoo,2023-12-13 16:24:29
2001-06-11,OIH,563.0,566.5999755859375,551.066650390625,555.0,21165,367.04619319383835,0.0,1.0,yahoo,2023-12-13 16:24:29
2001-06-12,OIH,555.0,565.7333374023438,554.0,563.3333129882812,27390,372.5573838407598,0.0,1.0,yahoo,2023-12-13 16:24:29
2001-06-13,OIH,576.0,583.8666381835938,560.4666748046875,562.4666748046875,26760,371.9842374512742,0.0,1.0,yahoo,2023-12-13 16:24:29
2001-06-14,OIH,552.0,560.066650390625,550.0,551.066650390625,44985,364.4448940936193,0.0,1.0,yahoo,2023-12-13 16:24:29
2001-06-15,OIH,554.6666870117188,561.1333618164062,551.5333251953125,552.0,43755,365.0621597171149,0.0,1.0,yahoo,2023-12-13 16:24:29
2001-06-18,OIH,543.3333129882812,555.5999755859375,542.4666748046875,543.8666381835938,42615,359.6832056764302,0.0,1.0,yahoo,2023-12-13 16:24:29
2001-06-19,OIH,545.3333129882812,545.3333129882812,532.4666748046875,538.2000122070312,27630,355.9356137972399,0.0,1.0,yahoo,2023-12-13 16:24:29
2001-06-20,OIH,528.0,546.6666870117188,528.0,528.0,17190,349.1898919033273,0.0,1.0,yahoo,2023-12-13 16:24:29
2001-06-21,OIH,528.0,530.3333129882812,497.3999938964844,506.5333251953125,167805,334.9930247545154,0.0,1.0,yahoo,2023-12-13 16:24:29
2001-06-22,OIH,506.0,514.3333129882812,491.73333740234375,505.0,137505,333.97896858178086,0.0,1.0,yahoo,2023-12-13 16:24:29
2001-06-25,OIH,505.6666564941406,510.5333251953125,497.3333435058594,504.3333435058594,49545,333.5380789811642,0.0,1.0,yahoo,2023-12-13 16:24:29
2001-06-26,OIH,508.0,519.2666625976562,504.0,518.0,53130,342.5764469809158,0.0,1.0,yahoo,2023-12-13 16:24:29
2001-06-27,OIH,508.0,510.0,491.0666809082031,492.0,210285,325.3940536596212,0.02,1.0,yahoo,2023-12-13 16:24:29
2001-06-28,OIH,476.6666564941406,480.6666564941406,462.7999877929688,468.0,150120,309.5211729932982,0.0,1.0,yahoo,2023-12-13 16:24:29
2001-06-29,OIH,467.6666564941406,483.2000122070313,461.5333251953125,468.3333435058594,129990,309.74163639702317,0.0,1.0,yahoo,2023-12-13 16:24:29
2001-07-02,OIH,463.3333435058594,472.73333740234375,450.0666809082031,451.0,98385,298.2778825213194,0.0,1.0,yahoo,2023-12-13 16:24:29
2001-07-03,OIH,458.0,460.73333740234375,454.0,456.0,68520,301.5847326601367,0.0,1.0,yahoo,2023-12-13 16:24:29
2001-07-05,OIH,457.0,466.6000061035156,456.4666748046875,459.0,117795,303.56884274342707,0.0,1.0,yahoo,2023-12-13 16:24:29
2001-07-06,OIH,460.6000061035156,461.1333312988281,448.0666809082031,460.0,40410,304.2302127711905,0.0,1.0,yahoo,2023-12-13 16:24:29
2001-07-09,OIH,455.3333435058594,455.7999877929688,439.0666809082031,444.0,151005,293.6482923269752,0.0,1.0,yahoo,2023-12-13 16:24:29
2001-07-10,OIH,446.6666564941406,451.0,437.26666259765625,440.0,173370,291.0028122159214,0.0,1.0,yahoo,2023-12-13 16:24:29
2001-07-11,OIH,426.3333435058594,434.6666564941406,414.3999938964844,434.6666564941406,223020,287.4754986733791,0.0,1.0,yahoo,2023-12-13 16:24:29
2001-07-12,OIH,428.6666564941406,436.6666564941406,408.0666809082031,410.6666564941406,228330,271.6026180070561,0.0,1.0,yahoo,2023-12-13 16:24:29
2001-07-13,OIH,407.0,426.0,403.3333435058594,418.3333435058594,106215,276.6731350088503,0.0,1.0,yahoo,2023-12-13 16:24:29
2001-07-16,OIH,422.3999938964844,425.0,384.6666564941406,388.3999938964844,181635,256.87611474664465,0.0,1.0,yahoo,2023-12-13 16:24:29
2001-07-17,OIH,392.0,398.6000061035156,386.2000122070313,397.0666809082031,105900,262.6080017762023,0.0,1.0,yahoo,2023-12-13 16:24:29
2001-07-18,OIH,390.1333312988281,400.6666564941406,377.6666564941406,397.3333435058594,306900,262.78436442581767,0.0,1.0,yahoo,2023-12-13 16:24:29
2001-07-19,OIH,396.3333435058594,406.5333251953125,394.0,404.6666564941406,125205,267.63439784047534,0.0,1.0,yahoo,2023-12-13 16:24:29
2001-07-20,OIH,415.3333435058594,427.3333435058594,411.2000122070313,427.3333435058594,139260,282.6254652587214,0.0,1.0,yahoo,2023-12-13 16:24:29
2001-07-23,OIH,433.26666259765625,435.73333740234375,423.4666748046875,431.26666259765625,186600,285.22684461566564,0.0,1.0,yahoo,2023-12-13 16:24:29
2001-07-24,OIH,430.3333435058594,430.3333435058594,415.6666564941406,416.73333740234375,126390,275.61493892774644,0.0,1.0,yahoo,2023-12-13 16:24:29
2001-07-25,OIH,423.3333435058594,437.1333312988281,413.6666564941406,437.1333312988281,142155,289.1068834574387,0.0,1.0,yahoo,2023-12-13 16:24:29
2001-07-26,OIH,442.0,443.5333251953125,428.4666748046875,440.0,123330,291.0028122159214,0.0,1.0,yahoo,2023-12-13 16:24:29
2001-07-27,OIH,434.6666564941406,446.6666564941406,428.3333435058594,444.6666564941406,139440,294.08919895101366,0.0,1.0,yahoo,2023-12-13 16:24:29
2001-07-30,OIH,441.4666748046875,451.6666564941406,440.26666259765625,445.3333435058594,51105,294.53012575846367,0.0,1.0,yahoo,2023-12-13 16:24:29
2001-07-31,OIH,440.3333435058594,451.0666809082031,426.0,427.3333435058594,195105,282.6254652587214,0.0,1.0,yahoo,2023-12-13 16:24:29
2001-08-01,OIH,427.3333435058594,433.3333435058594,413.6666564941406,415.0,250905,274.46856152183494,0.0,1.0,yahoo,2023-12-13 16:24:29
2001-08-02,OIH,416.73333740234375,423.3333435058594,412.3999938964844,420.0,43905,277.9182770577596,0.213333,1.0,yahoo,2023-12-13 16:24:29
2001-08-03,OIH,420.0,422.1333312988281,412.6666564941406,414.3333435058594,21885,274.16859274935547,0.0,1.0,yahoo,2023-12-13 16:24:29
2001-08-06,OIH,413.0,419.3333435058594,410.0,412.6666564941406,30405,273.0657289810426,0.0,1.0,yahoo,2023-12-13 16:24:29
2001-08-07,OIH,416.0,416.6666564941406,403.0,403.3333435058594,50910,266.8897807311761,0.0,1.0,yahoo,2023-12-13 16:24:29
2001-08-08,OIH,405.9333190917969,408.9333190917969,380.5333251953125,383.6000061035156,175155,253.83203041817887,0.0,1.0,yahoo,2023-12-13 16:24:29
2001-08-09,OIH,378.0,389.26666259765625,378.0,385.2000122070313,167595,254.89077075049073,0.0,1.0,yahoo,2023-12-13 16:24:29
2001-08-10,OIH,390.9333190917969,395.0,387.0666809082031,390.2000122070313,84585,258.199321667845,0.0,1.0,yahoo,2023-12-13 16:24:29
2001-08-13,OIH,388.0666809082031,391.73333740234375,384.0,386.3999938964844,26250,255.6848108543804,0.0,1.0,yahoo,2023-12-13 16:24:29
2001-08-14,OIH,387.0666809082031,391.6000061035156,386.1333312988281,391.3333435058594,57930,258.9492585295258,0.0,1.0,yahoo,2023-12-13 16:24:29
2001-08-15,OIH,396.3333435058594,420.0,394.0,419.9333190917969,284760,277.8741536217585,0.0,1.0,yahoo,2023-12-13 16:24:29
2001-08-16,OIH,419.7999877929688,421.8666687011719,404.6666564941406,411.9333190917969,124755,272.58047215399165,0.0,1.0,yahoo,2023-12-13 16:24:29
2001-08-17,OIH,411.3333435058594,412.9333190917969,401.73333740234375,408.0,35610,269.9777548561093,0.0,1.0,yahoo,2023-12-13 16:24:29
2001-08-20,OIH,402.73333740234375,406.6666564941406,397.2000122070313,398.6000061035156,30135,263.7576831702417,0.0,1.0,yahoo,2023-12-13 16:24:29
2001-08-21,OIH,396.6666564941406,406.0,396.6666564941406,402.0,81510,266.0074937552842,0.0,1.0,yahoo,2023-12-13 16:24:29
2001-08-22,OIH,412.73333740234375,418.3999938964844,397.3333435058594,399.0,204690,264.0223632048716,0.0,1.0,yahoo,2023-12-13 16:24:29
2001-08-23,OIH,399.3999938964844,400.0,390.0666809082031,392.2000122070313,97035,259.52274203478675,0.0,1.0,yahoo,2023-12-13 16:24:29
2001-08-24,OIH,391.6000061035156,394.0,388.5333251953125,391.2000122070313,19815,258.8610318513159,0.0,1.0,yahoo,2023-12-13 16:24:29
2001-08-27,OIH,393.0,397.3333435058594,392.0,392.6666564941406,60135,259.83152531162546,0.0,1.0,yahoo,2023-12-13 16:24:29
2001-08-28,OIH,389.6666564941406,389.6666564941406,383.4666748046875,384.3333435058594,43635,254.3172872452298,0.0,1.0,yahoo,2023-12-13 16:24:29
2001-08-29,OIH,386.26666259765625,388.73333740234375,377.6666564941406,381.3333435058594,66705,252.35404320938704,0.033333,1.0,yahoo,2023-12-13 16:24:29
2001-08-30,OIH,382.0,383.2000122070313,363.0,364.5333251953125,78525,241.24898869736475,0.02,1.0,yahoo,2023-12-13 16:24:29
2001-08-31,OIH,362.9333190917969,371.6666564941406,362.9333190917969,371.6666564941406,62835,246.06434534354557,0.14,1.0,yahoo,2023-12-13 16:24:29
2001-09-04,OIH,373.3333435058594,380.0666809082031,372.6666564941406,375.0,24270,248.39596240293594,0.186667,1.0,yahoo,2023-12-13 16:24:29
2001-09-05,OIH,373.3333435058594,376.6666564941406,368.9333190917969,371.3333435058594,217305,245.9672086198345,0.0,1.0,yahoo,2023-12-13 16:24:29
2001-09-06,OIH,373.0,381.6000061035156,370.26666259765625,378.7999877929688,156960,250.913033402813,0.0,1.0,yahoo,2023-12-13 16:24:29
2001-09-07,OIH,380.0,380.0,371.4666748046875,374.0,12705,247.73357316986144,0.0,1.0,yahoo,2023-12-13 16:24:29
2001-09-10,OIH,377.0,379.3333435058594,370.73333740234375,377.3333435058594,13830,249.9415440182815,0.0,1.0,yahoo,2023-12-13 16:24:29
2001-09-17,OIH,391.6666564941406,391.6666564941406,358.3333435058594,358.6666564941406,43800,237.57693152454743,0.0,1.0,yahoo,2023-12-13 16:24:29
2001-09-18,OIH,350.1333312988281,354.6666564941406,334.7333374023437,337.0,65790,223.2251715461051,0.0,1.0,yahoo,2023-12-13 16:24:29
2001-09-19,OIH,326.0,330.0,298.0666809082031,313.4666748046875,124230,207.63695031828934,0.0,1.0,yahoo,2023-12-13 16:24:29
2001-09-20,OIH,304.0666809082031,315.3999938964844,300.4666748046875,305.4666748046875,106725,202.33783645369337,0.0,1.0,yahoo,2023-12-13 16:24:29
2001-09-21,OIH,300.0,323.3333435058594,299.3333435058594,322.0,88380,213.28933304998765,0.0,1.0,yahoo,2023-12-13 16:24:29
2001-09-24,OIH,316.6666564941406,316.6666564941406,298.8666687011719,303.79998779296875,87900,201.23384092222577,0.0,1.0,yahoo,2023-12-13 16:24:29
2001-09-25,OIH,304.1333312988281,304.1333312988281,290.1333312988281,293.3333435058594,76500,194.30084844002383,0.0,1.0,yahoo,2023-12-13 16:24:29
2001-09-26,OIH,293.0,294.0,282.6666564941406,285.4666748046875,119235,189.10294517438186,0.02,1.0,yahoo,2023-12-13 16:24:29
2001-09-27,OIH,288.6666564941406,294.6666564941406,278.7333374023437,294.6666564941406,37545,195.19732951614884,0.0,1.0,yahoo,2023-12-13 16:24:29
2001-09-28,OIH,301.3333435058594,314.6000061035156,301.3333435058594,313.8666687011719,135375,207.91607806435616,0.0,1.0,yahoo,2023-12-13 16:24:29
2001-10-01,OIH,310.4666748046875,310.5333251953125,298.6666564941406,305.7333374023437,27495,202.52827963310426,0.0,1.0,yahoo,2023-12-13 16:24:29
2001-10-02,OIH,311.6666564941406,311.6666564941406,301.79998779296875,307.3333435058594,64785,203.5881787147705,0.0,1.0,yahoo,2023-12-13 16:24:29
2001-10-03,OIH,297.3999938964844,317.3999938964844,294.79998779296875,313.6666564941406,174285,207.78358309818782,0.0,1.0,yahoo,2023-12-13 16:24:29
2001-10-04,OIH,321.9333190917969,340.7333374023437,318.9333190917969,332.3333435058594,198165,220.14903869113758,0.0,1.0,yahoo,2023-12-13 16:24:29
2001-10-05,OIH,334.0,338.4666748046875,322.9333190917969,333.26666259765625,76485,220.7673013628383,0.0,1.0,yahoo,2023-12-13 16:24:29
2001-10-08,OIH,329.3333435058594,342.3333435058594,322.20001220703125,332.4666748046875,104340,220.23736192995196,0.0,1.0,yahoo,2023-12-13 16:24:29
2001-10-09,OIH,330.3333435058594,339.20001220703125,328.26666259765625,338.20001220703125,28605,224.0353218466513,0.0,1.0,yahoo,2023-12-13 16:24:29
2001-10-10,OIH,339.5333251953125,355.3999938964844,339.0,355.26666259765625,141240,235.34085814204133,0.0,1.0,yahoo,2023-12-13 16:24:29
2001-10-11,OIH,361.3333435058594,363.3333435058594,345.7333374023437,353.8666687011719,117360,234.4134540265435,0.0,1.0,yahoo,2023-12-13 16:24:29
2001-10-12,OIH,351.3999938964844,359.5333251953125,346.6666564941406,355.3333435058594,62745,235.38502986939528,0.0,1.0,yahoo,2023-12-13 16:24:29
2001-10-15,OIH,353.6666564941406,357.0,338.3333435058594,341.3333435058594,39195,226.11094828262972,0.0,1.0,yahoo,2023-12-13 16:24:29
2001-10-16,OIH,342.6666564941406,359.26666259765625,342.6666564941406,355.9333190917969,58230,235.7824743361133,0.0,1.0,yahoo,2023-12-13 16:24:29
2001-10-17,OIH,358.0,365.0,353.4666748046875,354.6666564941406,94035,234.9433934594298,0.0,1.0,yahoo,2023-12-13 16:24:29
2001-10-18,OIH,352.3333435058594,356.3333435058594,339.1333312988281,342.26666259765625,60705,226.72921095433045,0.0,1.0,yahoo,2023-12-13 16:24:29
2001-10-19,OIH,343.1333312988281,354.0,332.3999938964844,352.6666564941406,118755,233.61852466132046,0.0,1.0,yahoo,2023-12-13 16:24:29
2001-10-22,OIH,356.3999938964844,365.0,347.6666564941406,363.6000061035156,65400,240.86115153946153,0.0,1.0,yahoo,2023-12-13 16:24:29
2001-10-23,OIH,362.6666564941406,382.0666809082031,358.1333312988281,369.6666564941406,148635,244.87990944525006,0.0,1.0,yahoo,2023-12-13 16:24:29
2001-10-24,OIH,366.6666564941406,369.8666687011719,355.20001220703125,366.0,131820,242.45099005401408,0.0,1.0,yahoo,2023-12-13 16:24:29
2001-10-25,OIH,361.8666687011719,393.3333435058594,361.8666687011719,393.3333435058594,111000,260.55753703347324,0.0,1.0,yahoo,2023-12-13 16:24:29
2001-10-26,OIH,393.3333435058594,415.7999877929688,393.3333435058594,412.0,202905,272.9229724105295,0.0,1.0,yahoo,2023-12-13 16:24:29
2001-10-29,OIH,412.5333251953125,423.3333435058594,405.0666809082031,410.6666564941406,376215,272.0397198064921,0.0,1.0,yahoo,2023-12-13 16:24:29
2001-10-30,OIH,401.3333435058594,401.3333435058594,386.8666687011719,388.0,228630,257.0829745747601,0.093333,1.0,yahoo,2023-12-13 16:24:29
2001-10-31,OIH,387.6666564941406,393.3333435058594,376.0,382.5333251953125,256620,253.46083792573447,0.0,1.0,yahoo,2023-12-13 16:24:29
2001-11-01,OIH,375.0666809082031,388.5333251953125,370.2000122070313,384.0666809082031,100455,254.58329948258168,0.16,1.0,yahoo,2023-12-13 16:24:29
2001-11-02,OIH,376.0,380.7999877929688,368.9333190917969,373.2000122070313,41625,247.38019515239992,0.0,1.0,yahoo,2023-12-13 16:24:29
2001-11-05,OIH,370.73333740234375,372.7999877929688,360.7999877929688,363.1333312988281,104955,240.70737252069335,0.0,1.0,yahoo,2023-12-13 16:24:29
2001-11-06,OIH,355.6666564941406,362.6000061035156,347.6000061035156,361.8666687011719,76455,239.86774971696573,0.0,1.0,yahoo,2023-12-13 16:24:29
2001-11-07,OIH,363.3333435058594,378.6000061035156,356.5333251953125,375.6666564941406,192120,249.01524050384043,0.0,1.0,yahoo,2023-12-13 16:24:29
2001-11-08,OIH,382.0,393.4666748046875,378.6666564941406,381.0,220890,252.55051251385947,0.0,1.0,yahoo,2023-12-13 16:24:29
2001-11-09,OIH,392.6666564941406,399.73333740234375,391.0,394.3333435058594,180180,261.388682424432,0.0,1.0,yahoo,2023-12-13 16:24:29
2001-11-12,OIH,384.0,397.5333251953125,379.2000122070313,397.3333435058594,371070,263.37726913713954,0.0,1.0,yahoo,2023-12-13 16:24:29
2001-11-13,OIH,395.3333435058594,410.0,390.26666259765625,402.0,332040,266.4706195028123,0.0,1.0,yahoo,2023-12-13 16:24:29
2001-11-14,OIH,386.0,386.0,368.3333435058594,368.3333435058594,436020,244.15426424763317,0.0,1.0,yahoo,2023-12-13 16:24:29
2001-11-15,OIH,339.0,342.0,322.3333435058594,328.3333435058594,409440,217.63977474486578,0.0,1.0,yahoo,2023-12-13 16:24:29
2001-11-16,OIH,331.6666564941406,346.6666564941406,325.4666748046875,346.6666564941406,311175,229.79223561433406,0.0,1.0,yahoo,2023-12-13 16:24:29
2001-11-19,OIH,339.0,348.3999938964844,329.6666564941406,341.79998779296875,315030,226.56630470956736,0.0,1.0,yahoo,2023-12-13 16:24:29
2001-11-20,OIH,356.6666564941406,364.6666564941406,356.6666564941406,361.8666687011719,188700,239.86774971696573,0.0,1.0,yahoo,2023-12-13 16:24:29
2001-11-21,OIH,366.1333312988281,366.6000061035156,352.0,358.8666687011719,278655,237.87916300425817,0.0,1.0,yahoo,2023-12-13 16:24:29
2001-11-23,OIH,350.6666564941406,366.2000122070313,348.0,364.0,58530,241.2818544751833,0.0,1.0,yahoo,2023-12-13 16:24:29
2001-11-26,OIH,355.3333435058594,359.6666564941406,352.6666564941406,356.9333190917969,62055,236.59761855618436,0.0,1.0,yahoo,2023-12-13 16:24:29
2001-11-27,OIH,358.3333435058594,369.1333312988281,350.6666564941406,363.2000122070313,188550,240.87754557441198,0.186667,1.0,yahoo,2023-12-13 16:24:29
2001-11-28,OIH,356.6666564941406,366.7999877929688,354.79998779296875,358.9333190917969,265200,238.06968501760971,0.033333,1.0,yahoo,2023-12-13 16:24:29
2001-11-29,OIH,362.0,369.6666564941406,355.1333312988281,368.9333190917969,246420,244.70238452903968,0.0,1.0,yahoo,2023-12-13 16:24:29
2001-11-30,OIH,368.3333435058594,372.9333190917969,363.3333435058594,369.3999938964844,134775,245.02519880283825,0.02,1.0,yahoo,2023-12-13 16:24:29
2001-12-03,OIH,366.0,381.0666809082031,362.3333435058594,374.6666564941406,155910,248.5186072255244,0.0,1.0,yahoo,2023-12-13 16:24:29
2001-12-04,OIH,372.0,385.0,366.3333435058594,385.0,209925,255.37277503455454,0.0,1.0,yahoo,2023-12-13 16:24:29
2001-12-05,OIH,391.6666564941406,404.0,391.6666564941406,399.3333435058594,288375,264.9168646910724,0.053333,1.0,yahoo,2023-12-13 16:24:29
2001-12-06,OIH,396.0,396.6666564941406,382.0,383.6000061035156,167250,254.47940314788292,0.0,1.0,yahoo,2023-12-13 16:24:29
2001-12-07,OIH,380.0,380.2000122070313,362.3333435058594,372.0666809082031,255975,246.82822049586403,0.0,1.0,yahoo,2023-12-13 16:24:29
2001-12-10,OIH,373.6666564941406,377.26666259765625,368.1333312988281,370.0,116370,245.45718891179587,0.0,1.0,yahoo,2023-12-13 16:24:29
2001-12-11,OIH,369.6666564941406,374.1333312988281,365.4666748046875,372.3333435058594,36255,247.00512387859004,0.0,1.0,yahoo,2023-12-13 16:24:29
2001-12-12,OIH,368.1333312988281,372.0,363.8666687011719,368.3333435058594,104190,244.35153264711116,0.0,1.0,yahoo,2023-12-13 16:24:29
2001-12-13,OIH,361.5333251953125,377.7999877929688,361.5333251953125,371.0,180000,246.1205867196656,0.0,1.0,yahoo,2023-12-13 16:24:29
2001-12-14,OIH,370.6666564941406,382.26666259765625,368.73333740234375,380.0666809082031,122340,252.13540295882177,0.0,1.0,yahoo,2023-12-13 16:24:29
2001-12-17,OIH,373.6666564941406,381.1333312988281,369.6666564941406,371.6666564941406,183420,246.5628451764806,0.0,1.0,yahoo,2023-12-13 16:24:29
2001-12-18,OIH,370.3333435058594,377.3999938964844,369.6666564941406,375.9333190917969,48975,249.39333979068547,0.0,1.0,yahoo,2023-12-13 16:24:29
2001-12-19,OIH,379.9333190917969,394.2000122070313,377.0666809082031,393.3333435058594,237570,260.9364778438541,0.0,1.0,yahoo,2023-12-13 16:24:29
2001-12-20,OIH,392.4666748046875,399.0666809082031,386.0,386.0,124740,256.07155383771135,0.0,1.0,yahoo,2023-12-13 16:24:29
2001-12-21,OIH,387.3999938964844,393.3999938964844,384.6666564941406,392.6666564941406,71595,260.5887131827954,0.14,1.0,yahoo,2023-12-13 16:24:29
2001-12-24,OIH,396.7999877929688,402.73333740234375,394.3333435058594,401.6666564941406,50010,266.5614597347557,0.0,1.0,yahoo,2023-12-13 16:24:29
2001-12-26,OIH,408.0,418.2000122070313,406.0,415.3999938964844,114090,275.6754312477286,0.0,1.0,yahoo,2023-12-13 16:24:29
2001-12-27,OIH,410.8666687011719,411.9333190917969,405.6666564941406,408.73333740234375,56775,271.27730332593353,0.04,1.0,yahoo,2023-12-13 16:24:29
2001-12-28,OIH,412.73333740234375,420.9333190917969,408.5333251953125,410.1333312988281,80370,272.2064826567039,0.0,1.0,yahoo,2023-12-13 16:24:29
2001-12-31,OIH,412.1333312988281,414.6000061035156,404.7999877929688,406.6666564941406,85245,269.90564221510846,0.0,1.0,yahoo,2023-12-13 16:24:29
2002-01-02,OIH,400.0,400.0,384.7999877929688,388.3333435058594,146850,257.7377781008202,0.0,1.0,yahoo,2023-12-13 16:24:29
2002-01-03,OIH,387.0666809082031,393.0,378.73333740234375,382.1333312988281,101070,253.62281502293533,0.0,1.0,yahoo,2023-12-13 16:24:29
2002-01-04,OIH,382.8666687011719,395.7999877929688,377.26666259765625,389.6000061035156,192465,258.5784651264977,0.0,1.0,yahoo,2023-12-13 16:24:29
2002-01-07,OIH,393.2000122070313,398.7999877929688,384.6666564941406,392.6666564941406,74880,260.6138083982242,0.0,1.0,yahoo,2023-12-13 16:24:29
2002-01-08,OIH,387.5333251953125,390.26666259765625,382.9333190917969,384.6666564941406,164070,255.3041890742903,0.0,1.0,yahoo,2023-12-13 16:24:29
2002-01-09,OIH,380.6666564941406,385.3333435058594,375.7999877929688,382.73333740234375,142860,254.02104052314843,0.0,1.0,yahoo,2023-12-13 16:24:29
2002-01-10,OIH,378.6666564941406,379.73333740234375,373.4666748046875,374.73333740234375,84450,248.71142119921456,0.0,1.0,yahoo,2023-12-13 16:24:29
2002-01-11,OIH,373.3333435058594,373.3333435058594,359.0,359.0,159885,238.26916716153255,0.0,1.0,yahoo,2023-12-13 16:24:29
2002-01-14,OIH,359.0,359.5333251953125,349.6666564941406,349.9333190917969,87390,232.25158914226535,0.0,1.0,yahoo,2023-12-13 16:24:29
2002-01-15,OIH,350.4666748046875,362.6000061035156,350.4666748046875,358.7333374023437,209460,238.09218255134675,0.0,1.0,yahoo,2023-12-13 16:24:29
2002-01-16,OIH,351.6666564941406,353.3333435058594,346.0,346.0,175935,229.64103576014003,0.0,1.0,yahoo,2023-12-13 16:24:29
2002-01-17,OIH,348.6666564941406,351.4666748046875,340.9333190917969,345.4666748046875,145005,229.28706653976852,0.0,1.0,yahoo,2023-12-13 16:24:29
2002-01-18,OIH,350.0,351.6666564941406,346.3333435058594,346.9333190917969,43935,230.26048189579015,0.0,1.0,yahoo,2023-12-13 16:24:29
2002-01-22,OIH,349.3333435058594,354.0666809082031,341.6666564941406,341.6666564941406,116940,226.76498520814573,0.0,1.0,yahoo,2023-12-13 16:24:29
2002-01-23,OIH,346.9333190917969,360.7999877929688,344.0,359.3333435058594,179235,238.4904080515599,0.0,1.0,yahoo,2023-12-13 16:24:29
2002-01-24,OIH,363.3333435058594,377.1333312988281,361.3333435058594,376.9333190917969,145020,250.1715543605422,0.0,1.0,yahoo,2023-12-13 16:24:29
2002-01-25,OIH,377.7999877929688,390.3333435058594,377.7999877929688,384.6666564941406,153510,255.3041890742903,0.0,1.0,yahoo,2023-12-13 16:24:29
2002-01-28,OIH,386.6000061035156,386.6666564941406,372.73333740234375,374.3333435058594,105495,248.44594428393592,0.0,1.0,yahoo,2023-12-13 16:24:29
2002-01-29,OIH,372.3333435058594,373.3333435058594,363.8666687011719,368.9333190917969,90570,244.86193503660832,0.0,1.0,yahoo,2023-12-13 16:24:29
2002-01-30,OIH,364.6666564941406,381.26666259765625,360.6666564941406,377.3999938964844,154860,250.54467051546334,0.093333,1.0,yahoo,2023-12-13 16:24:29
2002-01-31,OIH,382.6666564941406,394.2000122070313,382.6666564941406,390.7999877929688,210615,259.44052931249547,0.0,1.0,yahoo,2023-12-13 16:24:29
2002-02-01,OIH,390.3999938964844,399.26666259765625,385.0666809082031,389.7999877929688,215355,258.77665895063166,0.0,1.0,yahoo,2023-12-13 16:24:29
2002-02-04,OIH,388.0,389.3333435058594,376.73333740234375,378.0666809082031,105720,250.98726426318296,0.0,1.0,yahoo,2023-12-13 16:24:29
2002-02-05,OIH,373.5333251953125,377.4666748046875,365.8666687011719,371.3333435058594,209565,246.5172011253378,0.0,1.0,yahoo,2023-12-13 16:24:29
2002-02-06,OIH,371.73333740234375,382.26666259765625,371.73333740234375,377.6666564941406,110745,250.72169991066494,0.0,1.0,yahoo,2023-12-13 16:24:29
2002-02-07,OIH,372.6000061035156,375.0,364.73333740234375,364.73333740234375,103995,242.27250543476882,0.213333,1.0,yahoo,2023-12-13 16:24:29
2002-02-08,OIH,362.26666259765625,374.0,361.3333435058594,372.6666564941406,86235,247.5421775367815,0.0,1.0,yahoo,2023-12-13 16:24:29
2002-02-11,OIH,372.6666564941406,388.6666564941406,370.0,387.0,198600,257.06303753590754,0.0,1.0,yahoo,2023-12-13 16:24:29
2002-02-12,OIH,382.4666748046875,390.0,379.73333740234375,381.6666564941406,170235,253.52038771203516,0.0,1.0,yahoo,2023-12-13 16:24:29
2002-02-13,OIH,381.0,388.8666687011719,374.7999877929688,384.6666564941406,218775,255.51312443711973,0.0,1.0,yahoo,2023-12-13 16:24:29
2002-02-14,OIH,387.26666259765625,394.3333435058594,385.1333312988281,388.6666564941406,106605,258.17010673723246,0.0,1.0,yahoo,2023-12-13 16:24:29
2002-02-15,OIH,395.0,396.6000061035156,387.73333740234375,391.0,77445,259.7200198360203,0.0,1.0,yahoo,2023-12-13 16:24:29
2002-02-19,OIH,386.4666748046875,391.26666259765625,378.6666564941406,388.2000122070313,185730,257.9525018440196,0.14,1.0,yahoo,2023-12-13 16:24:29
2002-02-20,OIH,385.0666809082031,389.26666259765625,380.4666748046875,383.8666687011719,141210,255.07306659534206,0.0,1.0,yahoo,2023-12-13 16:24:29
2002-02-21,OIH,390.0,402.7999877929688,389.2000122070313,397.6000061035156,262575,264.1986426649104,0.0,1.0,yahoo,2023-12-13 16:24:29
2002-02-22,OIH,397.0,410.0,395.6000061035156,404.6666564941406,117945,268.90784178332984,0.02,1.0,yahoo,2023-12-13 16:24:29
2002-02-25,OIH,413.3333435058594,422.8666687011719,407.3333435058594,419.4666748046875,197550,278.742704424899,0.0,1.0,yahoo,2023-12-13 16:24:29
2002-02-26,OIH,418.9333190917969,419.3333435058594,411.0,417.7999877929688,242115,277.7587682176148,0.186667,1.0,yahoo,2023-12-13 16:24:29
2002-02-27,OIH,416.6666564941406,421.9333190917969,407.0,411.3999938964844,269235,273.5257930196705,0.033333,1.0,yahoo,2023-12-13 16:24:29
2002-02-28,OIH,417.6000061035156,421.6000061035156,414.0,414.0,86370,275.2544482016612,0.0,1.0,yahoo,2023-12-13 16:24:29
2002-03-01,OIH,419.8666687011719,419.8666687011719,411.3999938964844,418.2000122070313,55050,278.0468927487304,0.0,1.0,yahoo,2023-12-13 16:24:29
2002-03-04,OIH,419.8666687011719,437.0666809082031,419.8666687011719,436.6666564941406,195330,290.3247332883068,0.0,1.0,yahoo,2023-12-13 16:24:29
2002-03-05,OIH,434.0,437.4666748046875,431.6666564941406,433.9333190917969,142410,288.5074306834008,0.0,1.0,yahoo,2023-12-13 16:24:29
2002-03-06,OIH,429.3333435058594,441.26666259765625,422.5333251953125,441.26666259765625,202965,293.38312010412193,0.0,1.0,yahoo,2023-12-13 16:24:29
2002-03-07,OIH,446.73333740234375,457.1333312988281,442.4666748046875,444.6666564941406,170505,295.6436598236046,0.0,1.0,yahoo,2023-12-13 16:24:29
2002-03-08,OIH,443.3333435058594,443.3333435058594,432.6666564941406,436.0,187440,289.88149617373017,0.0,1.0,yahoo,2023-12-13 16:24:29
2002-03-11,OIH,443.9333190917969,448.26666259765625,438.8666687011719,442.8666687011719,87015,294.4469094692004,0.0,1.0,yahoo,2023-12-13 16:24:29
2002-03-12,OIH,438.1333312988281,453.3333435058594,435.3333435058594,451.8666687011719,117270,300.4307018214104,0.0,1.0,yahoo,2023-12-13 16:24:29
2002-03-13,OIH,456.6666564941406,460.7999877929688,440.0,440.3999938964844,259035,292.80690171012503,0.0,1.0,yahoo,2023-12-13 16:24:29
2002-03-14,OIH,435.26666259765625,435.26666259765625,424.73333740234375,433.3333435058594,249000,288.10852742532904,0.0,1.0,yahoo,2023-12-13 16:24:29
2002-03-15,OIH,432.3333435058594,447.8666687011719,432.3333435058594,446.6666564941406,228495,296.97339145742905,0.0,1.0,yahoo,2023-12-13 16:24:29
2002-03-18,OIH,445.3999938964844,459.6666564941406,442.6666564941406,458.6666564941406,227310,304.95178126037575,0.0,1.0,yahoo,2023-12-13 16:24:29
2002-03-19,OIH,460.0,465.26666259765625,455.6666564941406,465.0,111495,309.1626048641847,0.0,1.0,yahoo,2023-12-13 16:24:29
2002-03-20,OIH,458.4666748046875,470.0,455.5333251953125,456.0,305130,303.1788125119747,0.0,1.0,yahoo,2023-12-13 16:24:29
2002-03-21,OIH,453.4666748046875,463.3333435058594,450.6666564941406,461.4666748046875,300705,306.81341772178666,0.0,1.0,yahoo,2023-12-13 16:24:29
2002-03-22,OIH,450.6666564941406,450.6666564941406,437.3333435058594,437.73333740234375,242280,291.03393296172396,0.0,1.0,yahoo,2023-12-13 16:24:29
2002-03-25,OIH,436.73333740234375,448.1333312988281,436.73333740234375,440.0,203985,292.5409594413791,0.0,1.0,yahoo,2023-12-13 16:24:29
2002-03-26,OIH,442.4666748046875,442.4666748046875,430.0666809082031,438.73333740234375,225630,291.72531926220546,0.04,1.0,yahoo,2023-12-13 16:24:29
2002-03-27,OIH,449.3333435058594,459.0,446.3333435058594,458.2000122070313,388440,304.66922262727644,0.0,1.0,yahoo,2023-12-13 16:24:29
2002-03-28,OIH,450.6666564941406,461.73333740234375,450.0,459.3333435058594,138030,305.42280437453553,0.0,1.0,yahoo,2023-12-13 16:24:29
2002-04-01,OIH,463.6666564941406,468.1333312988281,456.73333740234375,460.3333435058594,117870,306.08773063929,0.0,1.0,yahoo,2023-12-13 16:24:29
2002-04-02,OIH,462.3333435058594,470.4666748046875,459.0666809082031,464.4666748046875,237195,308.83609118081256,0.0,1.0,yahoo,2023-12-13 16:24:29
2002-04-03,OIH,460.0,460.0,449.6666564941406,451.3333435058594,252465,300.1033942564997,0.0,1.0,yahoo,2023-12-13 16:24:29
2002-04-04,OIH,452.3999938964844,455.0,433.3333435058594,442.6000061035156,287655,294.29636883871876,0.0,1.0,yahoo,2023-12-13 16:24:29
2002-04-05,OIH,443.6666564941406,446.6666564941406,433.6666564941406,438.3333435058594,232305,291.45935281469156,0.0,1.0,yahoo,2023-12-13 16:24:29
2002-04-08,OIH,445.0,452.1333312988281,440.3333435058594,441.8666687011719,179025,293.8087535389736,0.0,1.0,yahoo,2023-12-13 16:24:29
2002-04-09,OIH,437.4666748046875,438.0,432.8666687011719,434.0,85410,288.5779989034424,0.0,1.0,yahoo,2023-12-13 16:24:29
2002-04-10,OIH,433.2000122070313,445.3333435058594,431.6666564941406,441.0,247005,293.23248275672375,0.0,1.0,yahoo,2023-12-13 16:24:29
2002-04-11,OIH,435.0666809082031,443.5333251953125,435.0,438.0,195135,291.23770396246033,0.0,1.0,yahoo,2023-12-13 16:24:29
2002-04-12,OIH,428.6666564941406,429.3333435058594,413.6666564941406,420.0,406485,279.2690311968797,0.0,1.0,yahoo,2023-12-13 16:24:29
2002-04-15,OIH,433.3333435058594,438.9333190917969,432.8666687011719,436.4666748046875,272220,290.2181557676872,0.0,1.0,yahoo,2023-12-13 16:24:29
2002-04-16,OIH,437.0,453.3333435058594,437.0,450.3333435058594,364620,299.43846799174526,0.0,1.0,yahoo,2023-12-13 16:24:29
2002-04-17,OIH,455.0,465.6666564941406,455.0,463.0,354465,307.8608605813222,0.0,1.0,yahoo,2023-12-13 16:24:29
2002-04-18,OIH,464.3333435058594,472.73333740234375,456.1333312988281,468.2000122070313,481605,311.31848527482117,0.0,1.0,yahoo,2023-12-13 16:24:29
2002-04-19,OIH,463.73333740234375,469.6666564941406,458.8666687011719,467.7999877929688,288495,311.05249853536804,0.0,1.0,yahoo,2023-12-13 16:24:29
2002-04-22,OIH,467.0,472.6666564941406,459.6666564941406,463.73333740234375,218100,308.3484758810674,0.0,1.0,yahoo,2023-12-13 16:24:29
2002-04-23,OIH,462.0,474.3333435058594,458.8666687011719,472.9333190917969,221700,314.465785341645,0.0,1.0,yahoo,2023-12-13 16:24:29
2002-04-24,OIH,465.6666564941406,473.6666564941406,463.3999938964844,468.0,233115,311.1854919050946,0.0,1.0,yahoo,2023-12-13 16:24:29
2002-04-25,OIH,469.6666564941406,481.8666687011719,466.0666809082031,480.3333435058594,426150,319.3862559343795,0.0,1.0,yahoo,2023-12-13 16:24:29
2002-04-26,OIH,482.0,484.6666564941406,476.2000122070313,484.3333435058594,370020,322.04596099339744,0.0,1.0,yahoo,2023-12-13 16:24:29
2002-04-29,OIH,483.0666809082031,485.0,479.0,479.6000061035156,186180,318.9601055408391,0.093333,1.0,yahoo,2023-12-13 16:24:29
2002-04-30,OIH,480.0,484.0666809082031,474.6666564941406,477.2000122070313,196560,317.363978983754,0.0,1.0,yahoo,2023-12-13 16:24:29
2002-05-01,OIH,474.3333435058594,488.26666259765625,471.6666564941406,487.6666564941406,125850,324.32486706546564,0.0,1.0,yahoo,2023-12-13 16:24:29
2002-05-02,OIH,484.0,497.0,482.6666564941406,496.0,440865,329.97525658689017,0.16,1.0,yahoo,2023-12-13 16:24:29
2002-05-03,OIH,500.6666564941406,505.9333190917969,494.0,497.5333251953125,164550,330.99533597147564,0.0,1.0,yahoo,2023-12-13 16:24:29
2002-05-06,OIH,486.6666564941406,490.0666809082031,473.4666748046875,473.6666564941406,253230,315.1174929703799,0.0,1.0,yahoo,2023-12-13 16:24:29
2002-05-07,OIH,472.3333435058594,474.6666564941406,463.26666259765625,467.0,240630,310.6823484396728,0.0,1.0,yahoo,2023-12-13 16:24:29
2002-05-08,OIH,480.0,489.3333435058594,480.0,486.4666748046875,349845,323.6329956444516,0.0,1.0,yahoo,2023-12-13 16:24:29
2002-05-09,OIH,486.0,486.0,473.3333435058594,473.3333435058594,256590,314.89574894047695,0.0,1.0,yahoo,2023-12-13 16:24:29
2002-05-10,OIH,476.0,488.1333312988281,476.0,484.0,202740,321.9919842501106,0.0,1.0,yahoo,2023-12-13 16:24:29
2002-05-13,OIH,480.6666564941406,494.6666564941406,479.3333435058594,494.26666259765625,115425,328.8221145423538,0.0,1.0,yahoo,2023-12-13 16:24:29
2002-05-14,OIH,500.0,500.0,487.73333740234375,492.26666259765625,194205,327.57993686819003,0.133333,1.0,yahoo,2023-12-13 16:24:29
2002-05-15,OIH,487.6666564941406,487.6666564941406,471.7999877929688,472.1333312988281,398670,314.18216712889125,0.0,1.0,yahoo,2023-12-13 16:24:29
2002-05-16,OIH,474.6666564941406,481.4666748046875,474.3999938964844,478.0666809082031,141810,318.130527719063,0.0,1.0,yahoo,2023-12-13 16:24:29
2002-05-17,OIH,476.5333251953125,476.6666564941406,463.3333435058594,467.1333312988281,324135,310.8549060958206,0.0,1.0,yahoo,2023-12-13 16:24:29
2002-05-20,OIH,464.0,475.0,460.7999877929688,469.7999877929688,197745,312.6294385441284,0.0,1.0,yahoo,2023-12-13 16:24:29
2002-05-21,OIH,468.3333435058594,472.0,462.73333740234375,463.26666259765625,170595,308.2818228763799,0.0,1.0,yahoo,2023-12-13 16:24:29
2002-05-22,OIH,462.0,476.6000061035156,457.8666687011719,475.5333251953125,203775,316.4447005697814,0.0,1.0,yahoo,2023-12-13 16:24:29
2002-05-23,OIH,479.2000122070313,483.26666259765625,476.73333740234375,481.8666687011719,195060,320.6592379810009,0.0,1.0,yahoo,2023-12-13 16:24:29
2002-05-24,OIH,478.5333251953125,483.3999938964844,470.1333312988281,474.3333435058594,66150,315.6461701066383,0.0,1.0,yahoo,2023-12-13 16:24:29
2002-05-28,OIH,478.6666564941406,481.1333312988281,473.5333251953125,477.3999938964844,57720,317.70920587086135,0.033333,1.0,yahoo,2023-12-13 16:24:29
2002-05-29,OIH,471.8666687011719,479.9333190917969,467.0,478.6000061035156,143340,318.5078127627875,0.0,1.0,yahoo,2023-12-13 16:24:29
2002-05-30,OIH,469.4666748046875,475.1333312988281,465.6666564941406,470.3333435058594,191970,313.0063572900562,0.0,1.0,yahoo,2023-12-13 16:24:29
2002-05-31,OIH,470.1333312988281,477.6000061035156,465.4666748046875,474.6666564941406,159660,315.8901726354649,0.0,1.0,yahoo,2023-12-13 16:24:29
2002-06-03,OIH,473.0,473.0,453.0,454.2000122070313,213135,302.3588207396754,0.14,1.0,yahoo,2023-12-13 16:24:29
2002-06-04,OIH,457.6666564941406,460.0,439.0666809082031,447.2000122070313,168165,297.821352066266,0.186667,1.0,yahoo,2023-12-13 16:24:29
2002-06-05,OIH,440.6666564941406,442.4666748046875,428.2000122070313,439.0666809082031,269265,292.40480542471875,0.0,1.0,yahoo,2023-12-13 16:24:29
2002-06-06,OIH,448.0,450.2000122070313,429.0,436.1333312988281,407100,290.45128547190023,0.0,1.0,yahoo,2023-12-13 16:24:29
2002-06-07,OIH,437.5333251953125,449.9333190917969,429.3333435058594,445.7999877929688,252345,296.88897918491455,0.0,1.0,yahoo,2023-12-13 16:24:29
2002-06-10,OIH,446.6666564941406,452.3999938964844,432.3999938964844,433.6666564941406,156180,288.80855647953223,0.0,1.0,yahoo,2023-12-13 16:24:29
2002-06-11,OIH,433.3333435058594,433.3333435058594,415.9333190917969,418.1333312988281,289200,278.4638431846424,0.0,1.0,yahoo,2023-12-13 16:24:29
2002-06-12,OIH,423.3333435058594,430.0,418.3333435058594,429.0666809082031,231120,285.74511526513106,0.0,1.0,yahoo,2023-12-13 16:24:29
2002-06-13,OIH,428.8666687011719,444.7999877929688,423.8666687011719,434.6666564941406,345990,289.5105116598925,0.053333,1.0,yahoo,2023-12-13 16:24:29
2002-06-14,OIH,432.26666259765625,440.1333312988281,423.73333740234375,440.0,262200,293.0627947351417,0.0,1.0,yahoo,2023-12-13 16:24:29
2002-06-17,OIH,448.6666564941406,454.26666259765625,446.6666564941406,450.6666564941406,171420,300.16734055935217,0.0,1.0,yahoo,2023-12-13 16:24:29
2002-06-18,OIH,449.0666809082031,453.2000122070313,443.0,446.2000122070313,113655,297.1923240641976,0.0,1.0,yahoo,2023-12-13 16:24:29
2002-06-19,OIH,442.6666564941406,450.0,438.4666748046875,443.3333435058594,238635,295.2829741979585,0.0,1.0,yahoo,2023-12-13 16:24:29
2002-06-20,OIH,451.0,452.6666564941406,437.8666687011719,441.26666259765625,360000,293.9064576461772,0.0,1.0,yahoo,2023-12-13 16:24:29
2002-06-21,OIH,442.3333435058594,444.0,425.0,433.9333190917969,423615,289.0220709584955,0.0,1.0,yahoo,2023-12-13 16:24:29
2002-06-24,OIH,432.6666564941406,439.6666564941406,428.3999938964844,437.3333435058594,154455,291.2866633606611,0.0,1.0,yahoo,2023-12-13 16:24:29
2002-06-25,OIH,446.6666564941406,447.3333435058594,431.6666564941406,432.4666748046875,250575,288.0452098819896,0.0,1.0,yahoo,2023-12-13 16:24:29
2002-06-26,OIH,427.3333435058594,428.26666259765625,418.3333435058594,426.6000061035156,328845,284.16398768472357,0.04,1.0,yahoo,2023-12-13 16:24:29
2002-06-27,OIH,430.0,431.1333312988281,415.73333740234375,419.3333435058594,288315,279.323566232858,0.0,1.0,yahoo,2023-12-13 16:24:29
2002-06-28,OIH,422.3333435058594,423.2000122070313,409.7999877929688,409.7999877929688,209115,272.97327008510183,0.0,1.0,yahoo,2023-12-13 16:24:29
2002-07-01,OIH,407.3333435058594,413.1333312988281,402.0,403.0,105810,268.44370698193444,0.0,1.0,yahoo,2023-12-13 16:24:29
2002-07-02,OIH,405.4666748046875,407.3333435058594,390.0,390.9333190917969,168870,260.40592893239057,0.0,1.0,yahoo,2023-12-13 16:24:29
2002-07-03,OIH,389.9333190917969,401.6666564941406,380.7999877929688,401.5333251953125,237495,267.4667352164076,0.0,1.0,yahoo,2023-12-13 16:24:29
2002-07-05,OIH,404.73333740234375,412.1333312988281,404.2000122070313,411.3333435058594,135630,273.99465889822903,0.0,1.0,yahoo,2023-12-13 16:24:29
2002-07-08,OIH,405.3333435058594,412.6000061035156,396.2000122070313,397.7999877929688,216645,264.97990908315836,0.0,1.0,yahoo,2023-12-13 16:24:29
2002-07-09,OIH,393.6666564941406,402.3333435058594,393.6666564941406,398.0666809082031,88575,265.1575569453918,0.0,1.0,yahoo,2023-12-13 16:24:29
2002-07-10,OIH,406.6666564941406,408.2000122070313,384.2000122070313,386.0666809082031,258780,257.1641959434483,0.0,1.0,yahoo,2023-12-13 16:24:29
2002-07-11,OIH,378.3333435058594,381.3999938964844,365.4666748046875,373.4666748046875,365115,248.771162825774,0.0,1.0,yahoo,2023-12-13 16:24:29
2002-07-12,OIH,376.6666564941406,381.1333312988281,360.6666564941406,368.6666564941406,265170,245.5738062280957,0.0,1.0,yahoo,2023-12-13 16:24:29
2002-07-15,OIH,366.5333251953125,371.0,341.6666564941406,358.26666259765625,267465,238.64623075871168,0.0,1.0,yahoo,2023-12-13 16:24:29
2002-07-16,OIH,358.26666259765625,369.6666564941406,347.79998779296875,362.6666564941406,242295,241.57712572712398,0.0,1.0,yahoo,2023-12-13 16:24:29
2002-07-17,OIH,375.26666259765625,378.0,360.20001220703125,363.6666564941406,166005,242.2432391439526,0.0,1.0,yahoo,2023-12-13 16:24:29
2002-07-18,OIH,368.1333312988281,374.6666564941406,365.6000061035156,366.3333435058594,184140,244.01955514094107,0.0,1.0,yahoo,2023-12-13 16:24:29
2002-07-19,OIH,362.0,362.0,342.3999938964844,344.6000061035156,295380,229.5426875047766,0.0,1.0,yahoo,2023-12-13 16:24:29
2002-07-22,OIH,341.6666564941406,349.3333435058594,320.0,321.9333190917969,553695,214.4441031712157,0.0,1.0,yahoo,2023-12-13 16:24:29
2002-07-23,OIH,322.6666564941406,330.0,306.4666748046875,307.79998779296875,228240,205.0297015685824,0.0,1.0,yahoo,2023-12-13 16:24:29
2002-07-24,OIH,302.0,335.0,298.0,335.0,358410,223.1479946375882,0.0,1.0,yahoo,2023-12-13 16:24:29
2002-07-25,OIH,334.0,346.1333312988281,325.7333374023437,330.0,330480,219.81742755344507,0.0,1.0,yahoo,2023-12-13 16:24:29
2002-07-26,OIH,329.8666687011719,336.4666748046875,323.7333374023437,330.1333312988281,245580,219.90624132047768,0.0,1.0,yahoo,2023-12-13 16:24:29
2002-07-29,OIH,336.6666564941406,356.6000061035156,336.6666564941406,355.20001220703125,173430,236.60349378879363,0.0,1.0,yahoo,2023-12-13 16:24:29
2002-07-30,OIH,354.6666564941406,364.3333435058594,350.0,358.7333374023437,188400,238.95708910740987,0.0,1.0,yahoo,2023-12-13 16:24:29
2002-07-31,OIH,357.4666748046875,358.5333251953125,346.0,353.0,154635,235.13803614050337,0.0,1.0,yahoo,2023-12-13 16:24:29
2002-08-01,OIH,345.0,353.3999938964844,330.79998779296875,331.1333312988281,285240,220.70573665492049,0.213333,1.0,yahoo,2023-12-13 16:24:29
2002-08-02,OIH,328.6666564941406,335.6000061035156,312.3333435058594,316.0,221325,210.61912586509135,0.0,1.0,yahoo,2023-12-13 16:24:29
2002-08-05,OIH,315.0,319.6666564941406,304.0,305.5333251953125,209880,203.64291732687155,0.0,1.0,yahoo,2023-12-13 16:24:29
2002-08-06,OIH,310.0,322.1333312988281,310.0,317.7333374023437,191055,211.774423360379,0.0,1.0,yahoo,2023-12-13 16:24:29
2002-08-07,OIH,320.0,321.3333435058594,301.6000061035156,313.9333190917969,264915,209.24164951595267,0.0,1.0,yahoo,2023-12-13 16:24:29
2002-08-08,OIH,313.3333435058594,335.20001220703125,313.3333435058594,334.3333435058594,320775,222.83859669859942,0.0,1.0,yahoo,2023-12-13 16:24:29
2002-08-09,OIH,324.0,349.6000061035156,321.0,347.1333312988281,268755,231.36999619239347,0.0,1.0,yahoo,2023-12-13 16:24:29
2002-08-12,OIH,339.6666564941406,361.26666259765625,332.0666809082031,354.3999938964844,182685,236.21334468693433,0.0,1.0,yahoo,2023-12-13 16:24:29
2002-08-13,OIH,353.3333435058594,362.5333251953125,348.7333374023437,350.0,226575,233.28067738222143,0.0,1.0,yahoo,2023-12-13 16:24:29
2002-08-14,OIH,356.0,362.3333435058594,345.0,361.9333190917969,337095,241.23442812837163,0.0,1.0,yahoo,2023-12-13 16:24:29
2002-08-15,OIH,363.3333435058594,387.1333312988281,363.3333435058594,383.1333312988281,495225,255.36458015170766,0.0,1.0,yahoo,2023-12-13 16:24:29
2002-08-16,OIH,380.0,380.0,370.4666748046875,374.6666564941406,368520,249.721404055672,0.0,1.0,yahoo,2023-12-13 16:24:29
2002-08-19,OIH,374.7999877929688,383.5333251953125,364.6666564941406,377.3333435058594,219660,251.49879420555806,0.0,1.0,yahoo,2023-12-13 16:24:29
2002-08-20,OIH,375.0,375.0,357.0,361.2000122070313,267030,240.7456671946369,0.0,1.0,yahoo,2023-12-13 16:24:29
2002-08-21,OIH,361.3333435058594,363.6666564941406,351.6666564941406,362.6000061035156,250605,241.67878583607356,0.0,1.0,yahoo,2023-12-13 16:24:29
2002-08-22,OIH,365.0,381.8666687011719,360.3999938964844,379.0,352035,252.6096477938912,0.0,1.0,yahoo,2023-12-13 16:24:29
2002-08-23,OIH,373.3333435058594,380.6666564941406,369.3333435058594,369.73333740234375,258825,246.43326685716622,0.0,1.0,yahoo,2023-12-13 16:24:29
2002-08-26,OIH,371.0,379.3333435058594,365.2000122070313,378.3333435058594,141675,252.1653104266501,0.0,1.0,yahoo,2023-12-13 16:24:29
2002-08-27,OIH,382.0,383.6666564941406,364.7999877929688,369.0,219585,245.9444855829706,0.0,1.0,yahoo,2023-12-13 16:24:29
2002-08-28,OIH,363.4666748046875,369.4666748046875,356.8666687011719,359.9333190917969,177690,239.9013956861875,0.0,1.0,yahoo,2023-12-13 16:24:29
2002-08-29,OIH,356.0,362.7999877929688,347.3333435058594,353.0,281925,235.2802260454976,0.0,1.0,yahoo,2023-12-13 16:24:29
2002-08-30,OIH,356.20001220703125,364.73333740234375,355.6666564941406,357.3333435058594,144060,238.26296501063322,0.14,1.0,yahoo,2023-12-13 16:24:29
2002-09-03,OIH,347.6666564941406,347.6666564941406,332.0,333.7333374023437,210045,222.6432435836258,0.186667,1.0,yahoo,2023-12-13 16:24:29
2002-09-04,OIH,334.0,340.3333435058594,322.4666748046875,332.0,256230,221.48688364521976,0.0,1.0,yahoo,2023-12-13 16:24:29
2002-09-05,OIH,328.0,336.6666564941406,326.0,330.3333435058594,314745,220.37500848559847,0.0,1.0,yahoo,2023-12-13 16:24:29
2002-09-06,OIH,345.3333435058594,345.3333435058594,336.1333312988281,341.0,181725,227.49104615367452,0.0,1.0,yahoo,2023-12-13 16:24:29
2002-09-09,OIH,340.6666564941406,345.3999938964844,334.20001220703125,343.3333435058594,102690,229.04768766447756,0.0,1.0,yahoo,2023-12-13 16:24:29
2002-09-10,OIH,347.8666687011719,355.0666809082031,344.1333312988281,353.0,77730,235.49659616494753,0.0,1.0,yahoo,2023-12-13 16:24:29
2002-09-11,OIH,359.6666564941406,361.26666259765625,351.3333435058594,351.3333435058594,122985,234.3847210053262,0.0,1.0,yahoo,2023-12-13 16:24:29
2002-09-12,OIH,350.0,353.0666809082031,340.9333190917969,342.0,234300,228.1581753212806,0.0,1.0,yahoo,2023-12-13 16:24:29
2002-09-13,OIH,342.0,351.0,337.1333312988281,344.6666564941406,164580,229.937179648508,0.0,1.0,yahoo,2023-12-13 16:24:29
2002-09-16,OIH,342.0,351.6666564941406,340.6666564941406,348.9333190917969,98010,232.78359471573842,0.0,1.0,yahoo,2023-12-13 16:24:29
2002-09-17,OIH,343.3333435058594,343.6666564941406,335.0,336.0,212790,224.1554003156441,0.0,1.0,yahoo,2023-12-13 16:24:29
2002-09-18,OIH,341.6666564941406,345.20001220703125,333.79998779296875,336.6666564941406,269415,224.60014630765934,0.0,1.0,yahoo,2023-12-13 16:24:29
2002-09-19,OIH,333.3333435058594,339.4666748046875,324.7333374023437,325.6000061035156,174750,217.21726104437414,0.0,1.0,yahoo,2023-12-13 16:24:29
2002-09-20,OIH,327.20001220703125,332.0,318.6000061035156,320.0666809082031,171915,213.52581841273152,0.0,1.0,yahoo,2023-12-13 16:24:29
2002-09-23,OIH,322.3333435058594,328.3999938964844,317.3333435058594,322.3333435058594,201450,215.0379751447498,0.0,1.0,yahoo,2023-12-13 16:24:29
2002-09-24,OIH,321.0,323.9333190917969,309.6666564941406,311.0666809082031,232470,207.52165590427677,0.0,1.0,yahoo,2023-12-13 16:24:29
2002-09-25,OIH,314.6666564941406,328.20001220703125,309.3333435058594,326.3333435058594,284985,217.70649181517413,0.0,1.0,yahoo,2023-12-13 16:24:29
2002-09-26,OIH,328.6666564941406,345.0666809082031,328.3333435058594,344.6666564941406,316965,229.96536743526184,0.04,1.0,yahoo,2023-12-13 16:24:29
2002-09-27,OIH,340.0,350.3999938964844,336.3999938964844,337.0,180615,224.85009026975814,0.0,1.0,yahoo,2023-12-13 16:24:29
2002-09-30,OIH,333.0,339.0666809082031,324.4666748046875,333.6666564941406,118995,222.6260469813528,0.0,1.0,yahoo,2023-12-13 16:24:29
2002-10-01,OIH,329.5333251953125,344.6000061035156,327.0,344.3999938964844,224115,229.78744723005536,0.0,1.0,yahoo,2023-12-13 16:24:29
2002-10-02,OIH,335.3333435058594,355.5333251953125,334.8666687011719,342.0,201585,228.18614502153497,0.0,1.0,yahoo,2023-12-13 16:24:29
2002-10-03,OIH,341.3333435058594,351.6000061035156,337.20001220703125,340.9333190917969,166470,227.4744438390468,0.0,1.0,yahoo,2023-12-13 16:24:29
2002-10-04,OIH,342.6666564941406,346.3333435058594,330.26666259765625,335.3333435058594,215700,223.73807880638662,0.0,1.0,yahoo,2023-12-13 16:24:29
2002-10-07,OIH,335.6666564941406,340.6666564941406,327.20001220703125,328.4666748046875,97470,219.1565622565023,0.0,1.0,yahoo,2023-12-13 16:24:29
2002-10-08,OIH,327.0,332.3999938964844,316.3333435058594,324.0,362190,216.1763479151384,0.0,1.0,yahoo,2023-12-13 16:24:29
2002-10-09,OIH,321.3333435058594,326.0,314.0,314.6000061035156,259155,209.9045690541304,0.0,1.0,yahoo,2023-12-13 16:24:29
2002-10-10,OIH,314.6666564941406,322.79998779296875,305.26666259765625,322.79998779296875,281235,215.37568663004703,0.0,1.0,yahoo,2023-12-13 16:24:29
2002-10-11,OIH,326.6666564941406,335.3999938964844,324.8666687011719,332.8666687011719,253800,222.09228636573343,0.0,1.0,yahoo,2023-12-13 16:24:29
2002-10-14,OIH,331.5333251953125,348.0,330.4666748046875,347.4666748046875,172275,231.83357031325423,0.0,1.0,yahoo,2023-12-13 16:24:29
2002-10-15,OIH,355.6666564941406,364.0666809082031,354.0,362.6666564941406,146655,241.97516454165842,0.0,1.0,yahoo,2023-12-13 16:24:29
2002-10-16,OIH,360.0,365.6666564941406,348.9333190917969,352.6666564941406,285360,235.30305503810476,0.0,1.0,yahoo,2023-12-13 16:24:29
2002-10-17,OIH,361.0,365.26666259765625,356.0666809082031,365.0666809082031,202665,243.57648711184112,0.0,1.0,yahoo,2023-12-13 16:24:29
2002-10-18,OIH,356.6666564941406,369.26666259765625,356.6666564941406,364.73333740234375,157365,243.3540766745019,0.0,1.0,yahoo,2023-12-13 16:24:29
2002-10-21,OIH,360.0,367.8666687011719,355.0,367.6666564941406,231000,245.31121929343524,0.0,1.0,yahoo,2023-12-13 16:24:29
2002-10-22,OIH,362.3333435058594,367.2000122070313,355.5333251953125,359.26666259765625,141480,239.70665138278264,0.0,1.0,yahoo,2023-12-13 16:24:29
2002-10-23,OIH,358.0,371.8666687011719,358.0,371.6666564941406,228570,247.9800630948567,0.0,1.0,yahoo,2023-12-13 16:24:29
2002-10-24,OIH,374.6666564941406,378.0,362.4666748046875,364.0,250200,242.864785929353,0.0,1.0,yahoo,2023-12-13 16:24:29
2002-10-25,OIH,355.6666564941406,355.6666564941406,342.3999938964844,344.6666564941406,131715,229.96536743526184,0.0,1.0,yahoo,2023-12-13 16:24:29
2002-10-28,OIH,346.0,358.6666564941406,342.5333251953125,350.0,201600,233.5238326243779,0.0,1.0,yahoo,2023-12-13 16:24:29
2002-10-29,OIH,346.6666564941406,351.20001220703125,339.3333435058594,344.3333435058594,133110,229.7429773595849,0.0,1.0,yahoo,2023-12-13 16:24:29
2002-10-30,OIH,348.6666564941406,364.1333312988281,348.6666564941406,362.9333190917969,212295,242.21873915416478,0.093333,1.0,yahoo,2023-12-13 16:24:29
2002-10-31,OIH,364.6666564941406,370.2000122070313,357.4666748046875,359.0,211710,239.69934606558402,0.16,1.0,yahoo,2023-12-13 16:24:29
2002-11-01,OIH,359.0,378.6666564941406,357.6666564941406,377.9333190917969,204195,252.34086195737999,0.0,1.0,yahoo,2023-12-13 16:24:29
2002-11-04,OIH,377.0,382.1333312988281,369.0,371.3999938964844,229590,247.97865087952422,0.0,1.0,yahoo,2023-12-13 16:24:29
2002-11-05,OIH,375.0,379.0,364.8666687011719,378.26666259765625,86805,252.5634308163485,0.0,1.0,yahoo,2023-12-13 16:24:29
2002-11-06,OIH,378.3999938964844,394.0666809082031,378.3999938964844,394.0666809082031,199920,263.1128850137366,0.0,1.0,yahoo,2023-12-13 16:24:29
2002-11-07,OIH,394.6666564941406,395.8666687011719,378.3333435058594,378.6666564941406,213885,252.83050122141125,0.0,1.0,yahoo,2023-12-13 16:24:29
2002-11-08,OIH,380.6666564941406,386.5333251953125,374.0,374.0,132180,249.71463907668084,0.0,1.0,yahoo,2023-12-13 16:24:29
2002-11-11,OIH,375.3333435058594,378.6666564941406,364.7999877929688,366.9333190917969,109620,244.9963137492423,0.0,1.0,yahoo,2023-12-13 16:24:29
2002-11-12,OIH,368.0,372.3333435058594,360.20001220703125,362.0666809082031,115110,241.7469265900634,0.0,1.0,yahoo,2023-12-13 16:24:29
2002-11-13,OIH,363.0,369.3333435058594,346.6666564941406,351.6666564941406,317700,234.80297380143696,0.0,1.0,yahoo,2023-12-13 16:24:29
2002-11-14,OIH,356.6666564941406,369.1333312988281,354.3333435058594,369.1333312988281,287235,246.46523154133615,0.0,1.0,yahoo,2023-12-13 16:24:29
2002-11-15,OIH,366.3333435058594,369.1333312988281,361.0666809082031,368.6666564941406,81060,246.15363921401337,0.0,1.0,yahoo,2023-12-13 16:24:29
2002-11-18,OIH,371.6666564941406,372.6000061035156,361.3999938964844,368.6666564941406,83490,246.15363921401337,0.0,1.0,yahoo,2023-12-13 16:24:29
2002-11-19,OIH,371.9333190917969,373.8666687011719,362.7999877929688,366.0,71220,244.37314947076254,0.0,1.0,yahoo,2023-12-13 16:24:29
2002-11-20,OIH,367.6000061035156,384.3333435058594,367.6000061035156,384.0,246750,256.39150108407875,0.0,1.0,yahoo,2023-12-13 16:24:29
2002-11-21,OIH,386.0,393.3333435058594,386.0,391.0,245895,261.06530448925724,0.0,1.0,yahoo,2023-12-13 16:24:29
2002-11-22,OIH,388.6666564941406,389.0,382.0,382.7999877929688,158475,255.5902694927247,0.0,1.0,yahoo,2023-12-13 16:24:29
2002-11-25,OIH,382.3333435058594,385.1333312988281,378.7999877929688,383.3333435058594,148845,256.07125326727595,0.186667,1.0,yahoo,2023-12-13 16:24:29
2002-11-26,OIH,381.3333435058594,383.5333251953125,372.1333312988281,372.1333312988281,154245,248.58951130287141,0.0,1.0,yahoo,2023-12-13 16:24:29
2002-11-27,OIH,377.3333435058594,382.4666748046875,374.3999938964844,382.3333435058594,145665,255.43985017055883,0.053333,1.0,yahoo,2023-12-13 16:24:29
2002-11-29,OIH,389.3333435058594,393.0,387.6666564941406,391.3333435058594,82440,261.46649686672134,0.02,1.0,yahoo,2023-12-13 16:24:29
2002-12-02,OIH,397.0,406.2000122070313,392.6666564941406,406.1333312988281,152865,271.35499991946426,0.0,1.0,yahoo,2023-12-13 16:24:29
2002-12-03,OIH,406.6666564941406,412.0,402.3999938964844,403.9333190917969,177480,269.88507793509376,0.0,1.0,yahoo,2023-12-13 16:24:29
2002-12-04,OIH,390.0,393.3999938964844,388.3999938964844,391.6666564941406,210735,261.6891974897384,0.0,1.0,yahoo,2023-12-13 16:24:29
2002-12-05,OIH,392.6666564941406,397.0666809082031,382.4666748046875,390.7999877929688,262860,261.1101391677223,0.0,1.0,yahoo,2023-12-13 16:24:29
2002-12-06,OIH,386.6666564941406,400.9333190917969,385.6666564941406,393.6666564941406,151260,263.0254827882223,0.0,1.0,yahoo,2023-12-13 16:24:29
2002-12-09,OIH,395.8666687011719,402.73333740234375,386.9333190917969,387.6000061035156,118170,258.9720949242053,0.0,1.0,yahoo,2023-12-13 16:24:29
2002-12-10,OIH,389.3333435058594,392.3333435058594,381.5333251953125,390.6666564941406,235050,261.0210548404964,0.0,1.0,yahoo,2023-12-13 16:24:29
2002-12-11,OIH,386.6666564941406,390.7999877929688,382.9333190917969,387.6666564941406,189795,259.0166268927705,0.0,1.0,yahoo,2023-12-13 16:24:29
2002-12-12,OIH,389.3333435058594,402.1333312988281,388.3999938964844,401.4666748046875,187110,268.2370076863669,0.0,1.0,yahoo,2023-12-13 16:24:29
2002-12-13,OIH,401.3333435058594,405.8666687011719,396.3333435058594,396.3333435058594,208230,264.89958625372435,0.14,1.0,yahoo,2023-12-13 16:24:29
2002-12-16,OIH,398.3333435058594,408.4666748046875,397.6666564941406,407.6666564941406,163080,272.4744975516815,0.0,1.0,yahoo,2023-12-13 16:24:29
2002-12-17,OIH,408.0,409.6666564941406,399.6666564941406,400.3333435058594,196515,267.57308915822887,0.0,1.0,yahoo,2023-12-13 16:24:29
2002-12-18,OIH,396.9333190917969,400.0,389.0,391.6666564941406,158655,261.7804859336635,0.0,1.0,yahoo,2023-12-13 16:24:29
2002-12-19,OIH,392.6666564941406,397.6666564941406,390.1333312988281,392.0,156240,262.00328464144167,0.0,1.0,yahoo,2023-12-13 16:24:29
2002-12-20,OIH,392.3333435058594,403.1333312988281,389.5333251953125,402.3333435058594,100860,268.9098406104811,0.0,1.0,yahoo,2023-12-13 16:24:29
2002-12-23,OIH,405.0,406.5333251953125,396.7999877929688,405.3333435058594,56355,270.9149677888595,0.0,1.0,yahoo,2023-12-13 16:24:29
2002-12-24,OIH,402.0,403.3333435058594,399.3333435058594,399.3333435058594,24135,266.90471343210277,0.0,1.0,yahoo,2023-12-13 16:24:29
2002-12-26,OIH,400.0,404.3999938964844,392.6666564941406,394.0,60885,263.3400360936939,0.0,1.0,yahoo,2023-12-13 16:24:29
2002-12-27,OIH,393.6000061035156,397.7999877929688,383.0,383.6000061035156,107355,256.4149645975252,0.04,1.0,yahoo,2023-12-13 16:24:29
2002-12-30,OIH,385.6666564941406,389.3999938964844,378.1333312988281,379.3333435058594,170655,253.56294134017315,0.0,1.0,yahoo,2023-12-13 16:24:29
2002-12-31,OIH,379.1333312988281,382.9333190917969,374.6666564941406,382.0,129360,255.34545077619833,0.0,1.0,yahoo,2023-12-13 16:24:29
2003-01-02,OIH,384.5333251953125,396.3333435058594,382.26666259765625,395.3333435058594,67875,264.25803875488305,0.0,1.0,yahoo,2023-12-13 16:24:29
2003-01-03,OIH,394.7999877929688,397.8666687011719,390.0,391.4666748046875,118995,261.67338885304287,0.0,1.0,yahoo,2023-12-13 16:24:29
2003-01-06,OIH,389.3333435058594,389.6666564941406,382.2000122070313,383.3999938964844,59865,256.28126772012956,0.0,1.0,yahoo,2023-12-13 16:24:29
2003-01-07,OIH,378.3333435058594,378.3333435058594,363.3333435058594,364.7999877929688,251280,243.84821289567347,0.0,1.0,yahoo,2023-12-13 16:24:29
2003-01-08,OIH,360.3333435058594,368.0,359.0,363.3333435058594,273825,242.8678439254633,0.0,1.0,yahoo,2023-12-13 16:24:29
2003-01-09,OIH,366.3333435058594,368.8666687011719,363.9333190917969,367.3333435058594,230625,245.54161827914075,0.0,1.0,yahoo,2023-12-13 16:24:29
2003-01-10,OIH,368.0,370.9333190917969,362.9333190917969,366.6666564941406,146565,245.0959756206749,0.0,1.0,yahoo,2023-12-13 16:24:29
2003-01-13,OIH,365.8666687011719,365.8666687011719,355.7333374023437,360.0,168780,240.63969183097225,0.0,1.0,yahoo,2023-12-13 16:24:29
2003-01-14,OIH,358.6666564941406,362.6666564941406,352.4666748046875,353.79998779296875,187170,236.4953334230604,0.0,1.0,yahoo,2023-12-13 16:24:29
2003-01-15,OIH,350.0,367.3333435058594,350.0,365.6000061035156,218865,244.38298000597658,0.0,1.0,yahoo,2023-12-13 16:24:29
2003-01-16,OIH,366.6666564941406,377.73333740234375,366.6666564941406,376.7999877929688,275940,251.86953595670587,0.0,1.0,yahoo,2023-12-13 16:24:29
2003-01-17,OIH,374.8666687011719,375.1333312988281,368.3999938964844,370.6666564941406,130665,247.76974997435235,0.0,1.0,yahoo,2023-12-13 16:24:29
2003-01-21,OIH,364.6666564941406,366.5333251953125,356.8666687011719,357.0,161475,238.63436106571413,0.0,1.0,yahoo,2023-12-13 16:24:29
2003-01-22,OIH,350.6666564941406,366.6666564941406,346.3999938964844,363.6000061035156,251730,243.04609282913785,0.0,1.0,yahoo,2023-12-13 16:24:29
2003-01-23,OIH,361.3333435058594,372.3333435058594,361.3333435058594,371.6666564941406,98550,248.43819356277172,0.0,1.0,yahoo,2023-12-13 16:24:29
2003-01-24,OIH,369.3333435058594,372.7999877929688,361.26666259765625,362.1333312988281,236580,242.06570345964826,0.0,1.0,yahoo,2023-12-13 16:24:29
2003-01-27,OIH,358.6666564941406,360.6666564941406,344.0,345.79998779296875,284820,231.14778471570546,0.0,1.0,yahoo,2023-12-13 16:24:29
2003-01-28,OIH,350.0,357.79998779296875,349.0,349.9333190917969,84915,233.91068352122022,0.0,1.0,yahoo,2023-12-13 16:24:29
2003-01-29,OIH,346.0,360.6666564941406,341.6666564941406,359.26666259765625,214185,240.14949714622745,0.0,1.0,yahoo,2023-12-13 16:24:29
2003-01-30,OIH,359.3333435058594,371.3333435058594,358.0666809082031,358.3999938964844,280065,239.6324315278819,0.093333,1.0,yahoo,2023-12-13 16:24:29
2003-01-31,OIH,358.3999938964844,366.9333190917969,354.9333190917969,363.7999877929688,89955,243.24296079598236,0.0,1.0,yahoo,2023-12-13 16:24:29
2003-02-03,OIH,367.2000122070313,372.0,360.4666748046875,367.1333312988281,134820,245.47169188702543,0.0,1.0,yahoo,2023-12-13 16:24:29
2003-02-04,OIH,366.6000061035156,377.2000122070313,361.4666748046875,376.0,200325,251.40009985744427,0.0,1.0,yahoo,2023-12-13 16:24:29
2003-02-05,OIH,377.0,382.5333251953125,373.3333435058594,376.7999877929688,185310,251.93498552509612,0.0,1.0,yahoo,2023-12-13 16:24:29
2003-02-06,OIH,376.3333435058594,379.0,371.0,375.0,189990,250.87351973173259,0.213333,1.0,yahoo,2023-12-13 16:24:29
2003-02-07,OIH,377.6666564941406,379.0,366.3333435058594,368.3999938964844,142065,246.45814170122625,0.0,1.0,yahoo,2023-12-13 16:24:29
2003-02-10,OIH,369.6666564941406,376.8666687011719,367.0,376.6666564941406,163890,251.98850634738275,0.0,1.0,yahoo,2023-12-13 16:24:29
2003-02-11,OIH,382.0,382.0,372.26666259765625,375.4666748046875,115350,251.18572333392478,0.0,1.0,yahoo,2023-12-13 16:24:29
2003-02-12,OIH,375.6666564941406,376.8666687011719,363.9333190917969,364.6666564941406,156495,243.9605537159673,0.0,1.0,yahoo,2023-12-13 16:24:29
2003-02-13,OIH,362.6666564941406,366.3333435058594,352.4666748046875,355.79998779296875,291255,238.02878735501216,0.0,1.0,yahoo,2023-12-13 16:24:29
2003-02-14,OIH,356.6666564941406,360.7999877929688,354.6666564941406,358.0666809082031,114075,239.54519610160025,0.0,1.0,yahoo,2023-12-13 16:24:29
2003-02-18,OIH,359.0,369.7999877929688,355.6000061035156,369.0,171885,246.95610044270575,0.14,1.0,yahoo,2023-12-13 16:24:29
2003-02-19,OIH,367.4666748046875,370.0,363.6666564941406,366.3333435058594,114300,245.17141998467542,0.0,1.0,yahoo,2023-12-13 16:24:29
2003-02-20,OIH,368.0,372.1333312988281,364.1333312988281,370.6666564941406,145410,248.07152317595907,0.0,1.0,yahoo,2023-12-13 16:24:29
2003-02-21,OIH,371.6666564941406,384.3333435058594,371.6666564941406,384.0,270570,256.99496631436045,0.0,1.0,yahoo,2023-12-13 16:24:29
2003-02-24,OIH,382.2000122070313,396.26666259765625,382.2000122070313,395.3333435058594,275445,264.57989400320787,0.0,1.0,yahoo,2023-12-13 16:24:29
2003-02-25,OIH,402.3333435058594,406.2000122070313,385.3333435058594,388.0,544770,259.6719972134684,0.0,1.0,yahoo,2023-12-13 16:24:29
2003-02-26,OIH,389.0,399.6666564941406,387.73333740234375,393.4666748046875,189840,263.33061155534915,0.0,1.0,yahoo,2023-12-13 16:24:29
2003-02-27,OIH,392.6666564941406,394.6666564941406,381.26666259765625,383.73333740234375,160110,256.8165003109699,0.0,1.0,yahoo,2023-12-13 16:24:29
2003-02-28,OIH,386.26666259765625,391.2000122070313,383.3333435058594,385.0,159375,257.6642240391374,0.0,1.0,yahoo,2023-12-13 16:24:29
2003-03-03,OIH,383.6666564941406,388.9333190917969,380.6000061035156,383.4666748046875,147480,256.63803430757935,0.0,1.0,yahoo,2023-12-13 16:24:29
2003-03-04,OIH,384.0,385.6000061035156,377.5333251953125,379.0,156690,253.77221097359572,0.186667,1.0,yahoo,2023-12-13 16:24:29
2003-03-05,OIH,373.9333190917969,382.5333251953125,373.9333190917969,377.6666564941406,177015,252.87942593541837,0.0,1.0,yahoo,2023-12-13 16:24:29
2003-03-06,OIH,378.2000122070313,387.0,376.6666564941406,386.6666564941406,226275,258.9056789664536,0.0,1.0,yahoo,2023-12-13 16:24:29
2003-03-07,OIH,386.0,388.7999877929688,376.8666687011719,381.4666748046875,157635,255.42385614229866,0.0,1.0,yahoo,2023-12-13 16:24:29
2003-03-10,OIH,382.0,382.0,373.3333435058594,373.3333435058594,164115,249.97791032096788,0.0,1.0,yahoo,2023-12-13 16:24:29
2003-03-11,OIH,373.3333435058594,377.6666564941406,361.3333435058594,361.6666564941406,256260,242.1660872135779,0.0,1.0,yahoo,2023-12-13 16:24:29
2003-03-12,OIH,359.8666687011719,359.8666687011719,351.7333374023437,356.0,367440,238.37178656095006,0.0,1.0,yahoo,2023-12-13 16:24:29
2003-03-13,OIH,360.26666259765625,363.0,354.5333251953125,359.0666809082031,182055,240.4251860185364,0.0,1.0,yahoo,2023-12-13 16:24:29
2003-03-14,OIH,360.6666564941406,360.6666564941406,354.6666564941406,357.4666748046875,104730,239.35384805953797,0.0,1.0,yahoo,2023-12-13 16:24:29
2003-03-17,OIH,360.6666564941406,364.6666564941406,356.5333251953125,361.0,159360,241.7197049115252,0.0,1.0,yahoo,2023-12-13 16:24:29
2003-03-18,OIH,359.0,376.5333251953125,356.6666564941406,376.0,332460,251.76345996325063,0.0,1.0,yahoo,2023-12-13 16:24:29
2003-03-19,OIH,377.0,379.6666564941406,367.2000122070313,371.73333740234375,91170,248.90657236196944,0.0,1.0,yahoo,2023-12-13 16:24:29
2003-03-20,OIH,366.6000061035156,382.7999877929688,366.6000061035156,379.7999877929688,287595,254.307869736059,0.0,1.0,yahoo,2023-12-13 16:24:29
2003-03-21,OIH,380.0,380.0,368.0,368.73333740234375,174285,246.89782135162434,0.0,1.0,yahoo,2023-12-13 16:24:29
2003-03-24,OIH,370.3333435058594,374.6666564941406,358.1333312988281,359.3333435058594,120495,240.6037389393575,0.0,1.0,yahoo,2023-12-13 16:24:29
2003-03-25,OIH,360.0,368.0,360.0,361.0666809082031,266355,241.76435335876647,0.0,1.0,yahoo,2023-12-13 16:24:29
2003-03-26,OIH,360.6666564941406,365.0666809082031,358.0,361.6666564941406,214170,242.1660872135779,0.0,1.0,yahoo,2023-12-13 16:24:29
2003-03-27,OIH,363.0,374.3333435058594,362.6666564941406,370.7999877929688,210465,248.3136574067089,0.046667,1.0,yahoo,2023-12-13 16:24:29
2003-03-28,OIH,369.3333435058594,377.3333435058594,368.6666564941406,374.3333435058594,165585,250.6798400088416,0.0,1.0,yahoo,2023-12-13 16:24:29
2003-03-31,OIH,371.1333312988281,371.6666564941406,365.3333435058594,366.9333190917969,105540,245.72426506912302,0.0,1.0,yahoo,2023-12-13 16:24:29
2003-04-01,OIH,368.0,373.3333435058594,365.3333435058594,372.0,39360,249.1172696771251,0.0,1.0,yahoo,2023-12-13 16:24:29
2003-04-02,OIH,371.6666564941406,375.0,367.73333740234375,375.0,133650,251.12627991645675,0.0,1.0,yahoo,2023-12-13 16:24:29
2003-04-03,OIH,375.6666564941406,376.0,364.73333740234375,365.6666564941406,141840,244.87601902629973,0.0,1.0,yahoo,2023-12-13 16:24:29
2003-04-04,OIH,366.6666564941406,368.26666259765625,362.26666259765625,363.8666687011719,83520,243.67062105738432,0.0,1.0,yahoo,2023-12-13 16:24:29
2003-04-07,OIH,363.3333435058594,366.1333312988281,362.0,362.6666564941406,83010,242.86700878696809,0.0,1.0,yahoo,2023-12-13 16:24:29
2003-04-08,OIH,364.0,364.6666564941406,360.0,361.0,120195,241.7508987995757,0.0,1.0,yahoo,2023-12-13 16:24:29
2003-04-09,OIH,362.3333435058594,364.2000122070313,360.7999877929688,363.1333312988281,69285,243.17952694065318,0.0,1.0,yahoo,2023-12-13 16:24:29
2003-04-10,OIH,366.6666564941406,376.2000122070313,366.6666564941406,375.3333435058594,199575,251.34951008861884,0.0,1.0,yahoo,2023-12-13 16:24:29
2003-04-11,OIH,375.3333435058594,375.3999938964844,366.7999877929688,374.73333740234375,121110,250.9477039534107,0.0,1.0,yahoo,2023-12-13 16:24:29
2003-04-14,OIH,376.3333435058594,376.3333435058594,370.6666564941406,372.0,73095,249.1172696771251,0.0,1.0,yahoo,2023-12-13 16:24:29
2003-04-15,OIH,370.0,372.3333435058594,363.6666564941406,364.3333435058594,169170,243.98313921106944,0.0,1.0,yahoo,2023-12-13 16:24:29
2003-04-16,OIH,365.0,366.26666259765625,357.8666687011719,358.4666748046875,175410,240.05440671392915,0.0,1.0,yahoo,2023-12-13 16:24:29
2003-04-17,OIH,357.3333435058594,372.26666259765625,354.3333435058594,370.8666687011719,367110,248.35831161582487,0.0,1.0,yahoo,2023-12-13 16:24:29
2003-04-21,OIH,371.26666259765625,374.6666564941406,369.6666564941406,374.3333435058594,89400,250.6798400088416,0.0,1.0,yahoo,2023-12-13 16:24:29
2003-04-22,OIH,373.3333435058594,380.6666564941406,370.5333251953125,379.0666809082031,131700,253.84961444468163,0.0,1.0,yahoo,2023-12-13 16:24:29
2003-04-23,OIH,380.0666809082031,388.26666259765625,376.6666564941406,380.7999877929688,265605,255.01035820448107,0.0,1.0,yahoo,2023-12-13 16:24:29
2003-04-24,OIH,380.0,383.3333435058594,378.4666748046875,380.3999938964844,133935,254.74249425991195,0.0,1.0,yahoo,2023-12-13 16:24:29
2003-04-25,OIH,381.2000122070313,381.2000122070313,375.7999877929688,376.8666687011719,55350,252.37633209448816,0.0,1.0,yahoo,2023-12-13 16:24:29
2003-04-28,OIH,375.1333312988281,379.8666687011719,370.6666564941406,373.26666259765625,118575,249.9655157199484,0.0,1.0,yahoo,2023-12-13 16:24:29
2003-04-29,OIH,371.0,373.0666809082031,363.3333435058594,366.0,139770,245.16055006433587,0.093333,1.0,yahoo,2023-12-13 16:24:29
2003-04-30,OIH,367.9333190917969,370.9333190917969,366.5333251953125,367.6666564941406,159315,246.2769391978654,0.0,1.0,yahoo,2023-12-13 16:24:29
2003-05-01,OIH,369.4666748046875,371.6000061035156,363.3333435058594,367.4666748046875,143445,246.25014630057095,0.16,1.0,yahoo,2023-12-13 16:24:29
2003-05-02,OIH,367.7999877929688,373.6666564941406,367.4666748046875,372.5333251953125,143160,249.64545663887142,0.0,1.0,yahoo,2023-12-13 16:24:29
2003-05-05,OIH,374.3333435058594,377.7999877929688,374.3333435058594,376.0,107190,251.96857662868965,0.0,1.0,yahoo,2023-12-13 16:24:29
2003-05-06,OIH,377.3333435058594,382.8666687011719,376.0,378.4666748046875,132165,253.62156742534646,0.0,1.0,yahoo,2023-12-13 16:24:29
2003-05-07,OIH,378.0,391.0666809082031,375.3999938964844,390.1333312988281,221805,261.43973452865623,0.0,1.0,yahoo,2023-12-13 16:24:29
2003-05-08,OIH,387.0,395.9333190917969,385.8666687011719,393.8666687011719,223575,263.9415529098881,0.0,1.0,yahoo,2023-12-13 16:24:29
2003-05-09,OIH,391.6666564941406,398.9333190917969,389.3333435058594,397.2000122070313,112110,266.17532370399954,0.0,1.0,yahoo,2023-12-13 16:24:29
2003-05-12,OIH,402.73333740234375,402.73333740234375,393.3333435058594,397.26666259765625,222930,266.21998807649294,0.0,1.0,yahoo,2023-12-13 16:24:29
2003-05-13,OIH,398.6666564941406,408.3999938964844,395.8666687011719,406.2000122070313,221025,272.2064864424522,0.0,1.0,yahoo,2023-12-13 16:24:29
2003-05-14,OIH,406.73333740234375,413.6000061035156,403.6666564941406,412.3333435058594,347700,276.3166107971275,0.0,1.0,yahoo,2023-12-13 16:24:29
2003-05-15,OIH,414.0,416.0,408.6666564941406,413.3333435058594,294330,276.9867399902889,0.0,1.0,yahoo,2023-12-13 16:24:29
2003-05-16,OIH,412.6666564941406,416.5333251953125,408.3333435058594,415.6666564941406,197355,278.5503611405189,0.0,1.0,yahoo,2023-12-13 16:24:29
2003-05-19,OIH,414.6666564941406,415.6666564941406,407.73333740234375,408.0,231750,273.41271080985473,0.0,1.0,yahoo,2023-12-13 16:24:29
2003-05-20,OIH,413.26666259765625,413.26666259765625,400.26666259765625,404.5333251953125,245700,271.0895908200365,0.0,1.0,yahoo,2023-12-13 16:24:29
2003-05-21,OIH,401.6666564941406,425.3333435058594,401.6666564941406,422.9333190917969,329640,283.41996388406244,0.0,1.0,yahoo,2023-12-13 16:24:29
2003-05-22,OIH,422.6666564941406,425.2000122070313,419.3999938964844,421.0,181410,282.124390320953,0.0,1.0,yahoo,2023-12-13 16:24:29
2003-05-23,OIH,420.0,423.9333190917969,415.9333190917969,422.7999877929688,127935,283.3306146883556,0.0,1.0,yahoo,2023-12-13 16:24:29
2003-05-27,OIH,421.6666564941406,432.1333312988281,421.0,430.5333251953125,184170,288.5129498422331,0.0,1.0,yahoo,2023-12-13 16:24:29
2003-05-28,OIH,428.3333435058594,431.6000061035156,420.1333312988281,423.0,206175,283.46464870727584,0.0,1.0,yahoo,2023-12-13 16:24:29
2003-05-29,OIH,423.0,423.0,414.73333740234375,415.9333190917969,234420,278.7642068875967,0.053333,1.0,yahoo,2023-12-13 16:24:29
2003-05-30,OIH,416.3333435058594,429.8666687011719,416.3333435058594,428.1333312988281,214950,286.9408221545296,0.0,1.0,yahoo,2023-12-13 16:24:29
2003-06-02,OIH,427.0,431.0,424.6000061035156,425.0666809082031,93495,284.99201695615295,0.16,1.0,yahoo,2023-12-13 16:24:29
2003-06-03,OIH,421.7999877929688,421.8666687011719,415.3999938964844,421.6000061035156,196665,282.7919227900579,0.186667,1.0,yahoo,2023-12-13 16:24:29
2003-06-04,OIH,423.3333435058594,426.9333190917969,418.6666564941406,424.1333312988281,186315,284.49117300984807,0.0,1.0,yahoo,2023-12-13 16:24:29
2003-06-05,OIH,423.3333435058594,425.1333312988281,417.6000061035156,424.2000122070313,196005,284.5358998171801,0.0,1.0,yahoo,2023-12-13 16:24:29
2003-06-06,OIH,424.0,430.4666748046875,419.9333190917969,420.2000122070313,248550,281.8528645354337,0.0,1.0,yahoo,2023-12-13 16:24:29
2003-06-09,OIH,415.3333435058594,423.6666564941406,414.3333435058594,422.6666564941406,146370,283.5073879478918,0.0,1.0,yahoo,2023-12-13 16:24:29
2003-06-10,OIH,425.26666259765625,427.3999938964844,422.9333190917969,426.3333435058594,117645,285.9668506027825,0.0,1.0,yahoo,2023-12-13 16:24:29
2003-06-11,OIH,426.4666748046875,446.3333435058594,424.1333312988281,445.2000122070313,250020,298.62183504634874,0.0,1.0,yahoo,2023-12-13 16:24:29
2003-06-12,OIH,447.6000061035156,450.0,431.6666564941406,436.26666259765625,539550,292.62971199981655,0.0,1.0,yahoo,2023-12-13 16:24:29
2003-06-13,OIH,432.6666564941406,432.6666564941406,419.1333312988281,422.3333435058594,336000,283.28381532103606,0.0,1.0,yahoo,2023-12-13 16:24:29
2003-06-16,OIH,421.0,421.0,409.1333312988281,414.6666564941406,359790,278.14131738439903,0.0,1.0,yahoo,2023-12-13 16:24:29
2003-06-17,OIH,412.0,420.0,407.3999938964844,407.6666564941406,462240,273.4460056413428,0.0,1.0,yahoo,2023-12-13 16:24:29
2003-06-18,OIH,405.6666564941406,412.8666687011719,402.3333435058594,409.0,385980,274.34035755856985,0.0,1.0,yahoo,2023-12-13 16:24:29
2003-06-19,OIH,407.3333435058594,420.6666564941406,406.7999877929688,414.8666687011719,434715,278.2754773364602,0.0,1.0,yahoo,2023-12-13 16:24:29
2003-06-20,OIH,415.3333435058594,419.7999877929688,410.26666259765625,411.4666748046875,113580,275.99490144096274,0.0,1.0,yahoo,2023-12-13 16:24:29
2003-06-23,OIH,412.0666809082031,414.6666564941406,405.73333740234375,408.6666564941406,117450,274.1167644617794,0.0,1.0,yahoo,2023-12-13 16:24:29
2003-06-24,OIH,409.3333435058594,413.3333435058594,408.3999938964844,409.0,157830,274.34035755856985,0.0,1.0,yahoo,2023-12-13 16:24:29
2003-06-25,OIH,409.3333435058594,420.6666564941406,408.0,413.0,302520,277.02339284031626,0.0,1.0,yahoo,2023-12-13 16:24:29
2003-06-26,OIH,411.3333435058594,417.4666748046875,402.5333251953125,404.0,424905,271.01718708609565,0.046667,1.0,yahoo,2023-12-13 16:24:29
2003-06-27,OIH,406.3333435058594,410.2000122070313,404.73333740234375,405.0,131940,271.6880217075959,0.0,1.0,yahoo,2023-12-13 16:24:29
2003-06-30,OIH,407.6666564941406,409.0,400.2000122070313,401.0,109635,269.0046832215949,0.0,1.0,yahoo,2023-12-13 16:24:29
2003-07-01,OIH,400.5333251953125,400.5333251953125,392.6666564941406,396.7999877929688,206175,266.1871696223948,0.0,1.0,yahoo,2023-12-13 16:24:29
2003-07-02,OIH,397.0,403.3333435058594,393.3333435058594,397.0666809082031,245025,266.36607659740974,0.0,1.0,yahoo,2023-12-13 16:24:29
2003-07-03,OIH,397.3333435058594,404.3333435058594,392.3333435058594,401.0,411585,269.0046832215949,0.0,1.0,yahoo,2023-12-13 16:24:29
2003-07-07,OIH,398.3333435058594,399.3333435058594,387.3999938964844,389.6000061035156,306600,261.3571726309418,0.0,1.0,yahoo,2023-12-13 16:24:29
2003-07-08,OIH,388.6666564941406,394.6000061035156,385.73333740234375,393.3333435058594,176385,263.8616246141758,0.0,1.0,yahoo,2023-12-13 16:24:29
2003-07-09,OIH,400.0,403.7999877929688,396.0,401.2000122070313,268845,269.13885833479424,0.0,1.0,yahoo,2023-12-13 16:24:29
2003-07-10,OIH,396.6666564941406,398.5333251953125,384.6666564941406,389.0,416160,260.9546677635921,0.0,1.0,yahoo,2023-12-13 16:24:29
2003-07-11,OIH,390.6666564941406,392.6666564941406,384.73333740234375,390.0,135555,261.6255023850923,0.0,1.0,yahoo,2023-12-13 16:24:29
2003-07-14,OIH,390.6666564941406,391.3333435058594,382.4666748046875,383.1333312988281,97470,257.01910328597415,0.0,1.0,yahoo,2023-12-13 16:24:29
2003-07-15,OIH,383.6666564941406,387.3999938964844,379.0666809082031,380.7999877929688,279945,255.453815678391,0.0,1.0,yahoo,2023-12-13 16:24:29
2003-07-16,OIH,383.6666564941406,383.6666564941406,373.7999877929688,375.6666564941406,261720,252.01019931950628,0.0,1.0,yahoo,2023-12-13 16:24:29
2003-07-17,OIH,374.0,384.4666748046875,372.3333435058594,379.73333740234375,376995,254.73826966732298,0.0,1.0,yahoo,2023-12-13 16:24:29
2003-07-18,OIH,381.3333435058594,398.3333435058594,381.3333435058594,396.3333435058594,431805,265.8741284786765,0.0,1.0,yahoo,2023-12-13 16:24:29
2003-07-21,OIH,397.6666564941406,401.6000061035156,388.3333435058594,389.73333740234375,290775,261.4466158823253,0.0,1.0,yahoo,2023-12-13 16:24:29
2003-07-22,OIH,387.6666564941406,391.1333312988281,381.4666748046875,382.1333312988281,105000,256.34826866447395,0.0,1.0,yahoo,2023-12-13 16:24:29
2003-07-23,OIH,390.1333312988281,390.1333312988281,370.26666259765625,377.5333251953125,490635,253.26242531112325,0.0,1.0,yahoo,2023-12-13 16:24:29
2003-07-24,OIH,377.6666564941406,384.3333435058594,371.3333435058594,372.1333312988281,270945,249.63992244947158,0.0,1.0,yahoo,2023-12-13 16:24:29
2003-07-25,OIH,372.2000122070313,374.6666564941406,367.73333740234375,373.0666809082031,377685,250.26604568140405,0.0,1.0,yahoo,2023-12-13 16:24:29
2003-07-28,OIH,372.8666687011719,375.8666687011719,367.8666687011719,372.6666564941406,276720,249.99769545500558,0.0,1.0,yahoo,2023-12-13 16:24:29
2003-07-29,OIH,370.6666564941406,372.26666259765625,360.3333435058594,362.0,285390,242.84213298308572,0.0,1.0,yahoo,2023-12-13 16:24:29
2003-07-30,OIH,364.0,367.0666809082031,359.79998779296875,366.4666748046875,279135,245.9019329886762,0.093333,1.0,yahoo,2023-12-13 16:24:29
2003-07-31,OIH,367.6666564941406,378.5333251953125,363.6666564941406,371.3333435058594,478545,249.2763392857247,0.16,1.0,yahoo,2023-12-13 16:24:29
2003-08-01,OIH,372.6666564941406,375.0666809082031,368.0,374.3999938964844,248310,251.33498388797568,0.0,1.0,yahoo,2023-12-13 16:24:29
2003-08-04,OIH,371.3333435058594,371.8666687011719,361.7999877929688,365.4666748046875,329595,245.33804038742718,0.0,1.0,yahoo,2023-12-13 16:24:29
2003-08-05,OIH,366.6666564941406,369.6666564941406,362.3333435058594,362.6666564941406,118875,243.45838609138062,0.0,1.0,yahoo,2023-12-13 16:24:29
2003-08-06,OIH,362.3333435058594,371.6666564941406,362.3333435058594,371.0666809082031,292665,249.09732849304828,0.0,1.0,yahoo,2023-12-13 16:24:29
2003-08-07,OIH,370.3333435058594,388.0,370.3333435058594,386.9333190917969,348615,259.7859528077204,0.053333,1.0,yahoo,2023-12-13 16:24:29
2003-08-08,OIH,387.3333435058594,389.0,381.8666687011719,386.6666564941406,167880,259.60691628232394,0.0,1.0,yahoo,2023-12-13 16:24:29
2003-08-11,OIH,386.0,392.3999938964844,385.6666564941406,388.9333190917969,135150,261.1287472376107,0.0,1.0,yahoo,2023-12-13 16:24:29
2003-08-12,OIH,390.0,392.0,384.6666564941406,390.0,192960,261.84491382861347,0.0,1.0,yahoo,2023-12-13 16:24:29
2003-08-13,OIH,390.0,392.8666687011719,387.1333312988281,390.0,185295,261.84491382861347,0.0,1.0,yahoo,2023-12-13 16:24:29
2003-08-14,OIH,391.6666564941406,394.2000122070313,381.0,386.6666564941406,514155,259.60691628232394,0.0,1.0,yahoo,2023-12-13 16:24:29
2003-08-15,OIH,389.26666259765625,389.73333740234375,387.0,387.0,56520,259.83072218377794,0.0,1.0,yahoo,2023-12-13 16:24:29
2003-08-18,OIH,389.3333435058594,393.73333740234375,389.3333435058594,391.1333312988281,138165,262.60582930625685,0.0,1.0,yahoo,2023-12-13 16:24:29
2003-08-19,OIH,393.3333435058594,396.4666748046875,390.8666687011719,393.0,146775,263.85910547344895,0.0,1.0,yahoo,2023-12-13 16:24:29
2003-08-20,OIH,390.6666564941406,401.73333740234375,390.6666564941406,399.73333740234375,191280,268.3798494526686,0.0,1.0,yahoo,2023-12-13 16:24:29
2003-08-21,OIH,403.0,406.0,400.3999938964844,405.0,243795,271.9158720527909,0.0,1.0,yahoo,2023-12-13 16:24:29
2003-08-22,OIH,405.0,406.6666564941406,395.8666687011719,395.8666687011719,184950,265.7837788555862,0.0,1.0,yahoo,2023-12-13 16:24:29
2003-08-25,OIH,397.0,397.3333435058594,392.6666564941406,393.9333190917969,104370,264.4857333123365,0.0,1.0,yahoo,2023-12-13 16:24:29
2003-08-26,OIH,393.3333435058594,395.0,388.4666748046875,394.0666809082031,136545,264.57527206445167,0.0,1.0,yahoo,2023-12-13 16:24:29
2003-08-27,OIH,394.0,401.4666748046875,392.0,392.7999877929688,357435,263.72481783469317,0.0,1.0,yahoo,2023-12-13 16:24:29
2003-08-28,OIH,392.3999938964844,406.26666259765625,390.0,405.2000122070313,433050,272.05015969154675,0.0,1.0,yahoo,2023-12-13 16:24:29
2003-08-29,OIH,405.6666564941406,406.6666564941406,398.6666564941406,404.0,94230,271.33822446835205,0.14,1.0,yahoo,2023-12-13 16:24:29
2003-09-02,OIH,403.3333435058594,403.3333435058594,396.26666259765625,402.3333435058594,180420,270.3437607180134,0.186667,1.0,yahoo,2023-12-13 16:24:29
2003-09-03,OIH,402.6666564941406,405.3333435058594,399.9333190917969,401.7999877929688,134265,269.9853778209688,0.0,1.0,yahoo,2023-12-13 16:24:29
2003-09-04,OIH,400.6666564941406,402.0,394.3333435058594,397.7999877929688,259080,267.2976188759876,0.0,1.0,yahoo,2023-12-13 16:24:29
2003-09-05,OIH,396.6666564941406,402.0,395.3333435058594,398.1333312988281,226965,267.52160562339384,0.0,1.0,yahoo,2023-12-13 16:24:29
2003-09-08,OIH,401.26666259765625,405.6666564941406,400.0,404.3999938964844,150060,271.7324252364012,0.0,1.0,yahoo,2023-12-13 16:24:29
2003-09-09,OIH,402.3333435058594,402.3333435058594,394.0,394.4666748046875,172155,265.0578334258189,0.0,1.0,yahoo,2023-12-13 16:24:29
2003-09-10,OIH,394.3999938964844,394.3999938964844,385.3333435058594,385.3333435058594,181020,258.92078520184344,0.0,1.0,yahoo,2023-12-13 16:24:29
2003-09-11,OIH,386.6666564941406,390.0,382.5333251953125,385.0,158460,258.6967984544372,0.0,1.0,yahoo,2023-12-13 16:24:29
2003-09-12,OIH,385.4666748046875,385.8666687011719,380.0666809082031,385.5333251953125,130260,259.05516084550845,0.0,1.0,yahoo,2023-12-13 16:24:29
2003-09-15,OIH,388.3333435058594,389.6000061035156,383.0666809082031,383.2000122070313,60795,257.4873151315851,0.0,1.0,yahoo,2023-12-13 16:24:29
2003-09-16,OIH,385.6666564941406,386.0,381.8666687011719,383.8666687011719,112530,257.9352681204241,0.0,1.0,yahoo,2023-12-13 16:24:29
2003-09-17,OIH,384.6666564941406,384.6666564941406,376.7999877929688,377.1333312988281,221970,253.4108711622427,0.0,1.0,yahoo,2023-12-13 16:24:29
2003-09-18,OIH,376.6666564941406,383.73333740234375,370.6666564941406,382.3999938964844,318930,256.94975103900475,0.0,1.0,yahoo,2023-12-13 16:24:29
2003-09-19,OIH,383.1333312988281,388.3999938964844,380.6666564941406,388.3333435058594,210345,260.9366044105793,0.0,1.0,yahoo,2023-12-13 16:24:29
2003-09-22,OIH,387.2000122070313,392.3999938964844,384.3999938964844,386.3333435058594,189510,259.59272493808874,0.0,1.0,yahoo,2023-12-13 16:24:29
2003-09-23,OIH,387.0,388.0,384.9333190917969,386.0,156030,259.3687381906825,0.0,1.0,yahoo,2023-12-13 16:24:29
2003-09-24,OIH,395.3333435058594,396.26666259765625,390.9333190917969,393.3333435058594,438435,264.2963030918058,0.0,1.0,yahoo,2023-12-13 16:24:29
2003-09-25,OIH,393.3999938964844,394.26666259765625,387.7999877929688,388.2000122070313,147405,260.84701381281155,0.0,1.0,yahoo,2023-12-13 16:24:29
2003-09-26,OIH,382.3999938964844,393.9333190917969,378.1333312988281,380.0,165960,255.38095727383725,0.066667,1.0,yahoo,2023-12-13 16:24:29
2003-09-29,OIH,379.3333435058594,385.0,378.6666564941406,383.6666564941406,107250,257.8451526566477,0.0,1.0,yahoo,2023-12-13 16:24:29
2003-09-30,OIH,386.0,390.2000122070313,380.0,384.0,117990,258.0691778767198,0.0,1.0,yahoo,2023-12-13 16:24:29
2003-10-01,OIH,385.3333435058594,391.4666748046875,384.0,390.9333190917969,134730,262.7287506839515,0.0,1.0,yahoo,2023-12-13 16:24:29
2003-10-02,OIH,390.0,392.7999877929688,387.26666259765625,391.8666687011719,158040,263.35601309635507,0.0,1.0,yahoo,2023-12-13 16:24:29
2003-10-03,OIH,393.0,400.6000061035156,390.3999938964844,397.3999938964844,264450,267.074712794477,0.0,1.0,yahoo,2023-12-13 16:24:29
2003-10-06,OIH,397.3333435058594,401.26666259765625,396.3999938964844,398.0,111585,267.4779499868085,0.0,1.0,yahoo,2023-12-13 16:24:29
2003-10-07,OIH,398.0,399.3333435058594,392.3333435058594,398.0,184800,267.4779499868085,0.0,1.0,yahoo,2023-12-13 16:24:29
2003-10-08,OIH,397.7999877929688,402.6666564941406,395.6666564941406,396.7999877929688,164295,266.67147560214556,0.0,1.0,yahoo,2023-12-13 16:24:29
2003-10-09,OIH,393.3333435058594,395.0666809082031,389.6666564941406,392.2000122070313,250560,263.58003831642714,0.0,1.0,yahoo,2023-12-13 16:24:29
2003-10-10,OIH,393.3333435058594,397.3999938964844,391.3333435058594,394.3333435058594,226785,265.01375460399805,0.0,1.0,yahoo,2023-12-13 16:24:29
2003-10-13,OIH,392.6666564941406,394.3333435058594,388.3333435058594,390.3333435058594,169710,262.32553400111556,0.0,1.0,yahoo,2023-12-13 16:24:29
2003-10-14,OIH,389.0,389.0666809082031,383.3333435058594,385.1333312988281,345480,258.8308390135701,0.0,1.0,yahoo,2023-12-13 16:24:29
2003-10-15,OIH,383.6666564941406,384.3333435058594,374.0,375.3333435058594,237405,252.2447067403062,0.0,1.0,yahoo,2023-12-13 16:24:29
2003-10-16,OIH,376.6666564941406,381.4666748046875,375.6666564941406,378.73333740234375,215670,254.52969015085722,0.0,1.0,yahoo,2023-12-13 16:24:29
2003-10-17,OIH,378.0,378.1333312988281,375.0666809082031,375.0666809082031,80445,252.0654947680468,0.0,1.0,yahoo,2023-12-13 16:24:29
2003-10-20,OIH,376.3333435058594,378.0,371.2000122070313,375.3333435058594,176070,252.2447067403062,0.0,1.0,yahoo,2023-12-13 16:24:29
2003-10-21,OIH,376.0,384.4666748046875,376.0,383.3333435058594,227745,257.6211479460712,0.0,1.0,yahoo,2023-12-13 16:24:29
2003-10-22,OIH,380.0,380.1333312988281,374.0,375.0666809082031,203670,252.0654947680468,0.0,1.0,yahoo,2023-12-13 16:24:29
2003-10-23,OIH,375.73333740234375,375.73333740234375,369.5333251953125,373.7999877929688,192120,251.2142071355712,0.0,1.0,yahoo,2023-12-13 16:24:29
2003-10-24,OIH,371.6666564941406,371.6666564941406,367.2000122070313,369.26666259765625,144615,248.16756258816983,0.0,1.0,yahoo,2023-12-13 16:24:29
2003-10-27,OIH,370.0,372.26666259765625,366.5333251953125,367.6666564941406,126015,247.0922702451177,0.0,1.0,yahoo,2023-12-13 16:24:29
2003-10-28,OIH,366.0,370.0,362.3999938964844,370.0,293895,248.66040576663102,0.0,1.0,yahoo,2023-12-13 16:24:29
2003-10-29,OIH,370.6666564941406,373.8666687011719,364.1333312988281,364.3333435058594,231900,244.85210008237934,0.0,1.0,yahoo,2023-12-13 16:24:29
2003-10-30,OIH,365.0,365.9333190917969,358.4666748046875,365.9333190917969,266925,246.06695265926254,0.206667,1.0,yahoo,2023-12-13 16:24:29
2003-10-31,OIH,366.6666564941406,376.26666259765625,365.0666809082031,374.5333251953125,267405,251.84991142343097,0.0,1.0,yahoo,2023-12-13 16:24:29
2003-11-03,OIH,375.7999877929688,375.7999877929688,366.3333435058594,366.8666687011719,160185,246.6945710863427,0.0,1.0,yahoo,2023-12-13 16:24:29
2003-11-04,OIH,363.3333435058594,370.26666259765625,362.3333435058594,368.3333435058594,283665,247.68081688824805,0.0,1.0,yahoo,2023-12-13 16:24:29
2003-11-05,OIH,367.0,372.6666564941406,366.73333740234375,371.4666748046875,257280,249.7877834970501,0.0,1.0,yahoo,2023-12-13 16:24:29
2003-11-06,OIH,369.6666564941406,373.3333435058594,367.6666564941406,372.0,237225,250.14641087187528,0.0,1.0,yahoo,2023-12-13 16:24:29
2003-11-07,OIH,372.6666564941406,374.5333251953125,370.6666564941406,373.3333435058594,190635,251.0429998300743,0.0,1.0,yahoo,2023-12-13 16:24:29
2003-11-10,OIH,372.0,375.4666748046875,368.3999938964844,368.6666564941406,130065,247.9049487369457,0.0,1.0,yahoo,2023-12-13 16:24:29
2003-11-11,OIH,368.3333435058594,370.0,366.1333312988281,368.4666748046875,136950,247.77047373195433,0.0,1.0,yahoo,2023-12-13 16:24:29
2003-11-12,OIH,368.6666564941406,370.6666564941406,367.6666564941406,370.6666564941406,98640,249.24982191367621,0.0,1.0,yahoo,2023-12-13 16:24:29
2003-11-13,OIH,373.2000122070313,379.0666809082031,371.3999938964844,378.26666259765625,378225,254.36034408947938,0.0,1.0,yahoo,2023-12-13 16:24:29
2003-11-14,OIH,378.3333435058594,383.7999877929688,376.3999938964844,380.4666748046875,403695,255.8397127923374,0.0,1.0,yahoo,2023-12-13 16:24:29
2003-11-17,OIH,376.6000061035156,377.0,371.6666564941406,373.0666809082031,142680,250.86368614266172,0.0,1.0,yahoo,2023-12-13 16:24:29
2003-11-18,OIH,372.6666564941406,374.26666259765625,369.3999938964844,370.6666564941406,153660,249.24982191367621,0.0,1.0,yahoo,2023-12-13 16:24:29
2003-11-19,OIH,369.7999877929688,373.3333435058594,365.3333435058594,367.5333251953125,234630,247.14285530487416,0.0,1.0,yahoo,2023-12-13 16:24:29
2003-11-20,OIH,367.0,370.3333435058594,365.4666748046875,366.0,309615,246.11179134168373,0.0,1.0,yahoo,2023-12-13 16:24:29
2003-11-21,OIH,364.6666564941406,366.0,358.9333190917969,360.6666564941406,256110,242.52545603002366,0.0,1.0,yahoo,2023-12-13 16:24:29
2003-11-24,OIH,362.3333435058594,362.7999877929688,357.79998779296875,361.0,170835,242.74960839985746,0.0,1.0,yahoo,2023-12-13 16:24:29
2003-11-25,OIH,362.6666564941406,367.2000122070313,361.3333435058594,365.0,197460,245.43935475331847,0.0,1.0,yahoo,2023-12-13 16:24:29
2003-11-26,OIH,366.3333435058594,370.0666809082031,364.0,368.6666564941406,141630,247.9411773583486,0.053333,1.0,yahoo,2023-12-13 16:24:29
2003-11-28,OIH,368.8666687011719,368.8666687011719,366.6666564941406,368.5333251953125,21765,247.9770656478645,0.186667,1.0,yahoo,2023-12-13 16:24:29
2003-12-01,OIH,368.3333435058594,372.73333740234375,367.3333435058594,370.9333190917969,116550,249.605508757806,0.02,1.0,yahoo,2023-12-13 16:24:29
2003-12-02,OIH,373.1333312988281,376.0666809082031,371.4666748046875,375.3333435058594,161250,252.56633830827042,0.0,1.0,yahoo,2023-12-13 16:24:29
2003-12-03,OIH,374.3999938964844,374.5333251953125,369.0666809082031,370.3333435058594,152025,249.20177794242156,0.0,1.0,yahoo,2023-12-13 16:24:29
2003-12-04,OIH,370.3333435058594,386.0,369.73333740234375,382.9333190917969,455985,257.68045363584326,0.0,1.0,yahoo,2023-12-13 16:24:29
2003-12-05,OIH,384.0666809082031,392.3333435058594,380.8666687011719,391.5333251953125,314160,263.46750157223266,0.0,1.0,yahoo,2023-12-13 16:24:29
2003-12-08,OIH,392.6666564941406,396.6666564941406,389.26666259765625,395.9333190917969,176925,266.4283105870503,0.0,1.0,yahoo,2023-12-13 16:24:29
2003-12-09,OIH,395.8666687011719,399.3333435058594,393.2000122070313,394.0,163395,265.1273568288906,0.0,1.0,yahoo,2023-12-13 16:24:29
2003-12-10,OIH,394.3333435058594,398.3333435058594,391.7999877929688,395.1333312988281,236955,265.88998914277323,0.0,1.0,yahoo,2023-12-13 16:24:29
2003-12-11,OIH,396.3333435058594,396.3333435058594,391.0,393.7999877929688,352560,264.99276619999796,0.0,1.0,yahoo,2023-12-13 16:24:29
2003-12-12,OIH,396.6666564941406,404.9333190917969,393.6666564941406,404.3333435058594,226080,272.0807884301938,0.0,1.0,yahoo,2023-12-13 16:24:29
2003-12-15,OIH,401.3999938964844,402.9333190917969,395.7999877929688,396.26666259765625,126600,266.74498162933986,0.14,1.0,yahoo,2023-12-13 16:24:29
2003-12-16,OIH,396.4666748046875,402.0666809082031,396.26666259765625,399.8666687011719,107520,269.16830827421285,0.0,1.0,yahoo,2023-12-13 16:24:29
2003-12-17,OIH,398.6666564941406,399.4666748046875,395.0,398.73333740234375,345630,268.4054118082217,0.0,1.0,yahoo,2023-12-13 16:24:29
2003-12-18,OIH,399.3333435058594,418.0,399.3333435058594,416.8666687011719,490080,280.61177580683994,0.0,1.0,yahoo,2023-12-13 16:24:29
2003-12-19,OIH,416.3333435058594,417.8666687011719,410.1333312988281,413.6666564941406,234495,278.4577031130063,0.0,1.0,yahoo,2023-12-13 16:24:29
2003-12-22,OIH,412.6666564941406,417.6666564941406,410.9333190917969,417.6000061035156,173190,281.10541832179183,0.0,1.0,yahoo,2023-12-13 16:24:29
2003-12-23,OIH,416.6666564941406,416.6666564941406,408.0,410.0,86190,275.9895110810066,0.0,1.0,yahoo,2023-12-13 16:24:29
2003-12-24,OIH,411.3333435058594,417.3333435058594,410.6666564941406,415.8666687011719,58560,279.9386306578619,0.0,1.0,yahoo,2023-12-13 16:24:29
2003-12-26,OIH,416.6000061035156,418.6666564941406,413.7999877929688,416.1333312988281,21480,280.1181332918881,0.0,1.0,yahoo,2023-12-13 16:24:29
2003-12-29,OIH,417.26666259765625,420.3999938964844,414.5333251953125,419.0,63090,282.0930103763463,0.066667,1.0,yahoo,2023-12-13 16:24:29
2003-12-30,OIH,419.3333435058594,424.7999877929688,417.6666564941406,419.0,152625,282.0930103763463,0.0,1.0,yahoo,2023-12-13 16:24:29
2003-12-31,OIH,419.5333251953125,420.1333312988281,410.6666564941406,413.3333435058594,198855,278.27791684603415,0.0,1.0,yahoo,2023-12-13 16:24:29
2004-01-02,OIH,414.3333435058594,417.3333435058594,409.4666748046875,412.0,93675,277.38023931993956,0.0,1.0,yahoo,2023-12-13 16:24:29
2004-01-05,OIH,409.6666564941406,418.0666809082031,408.6666564941406,417.0,218070,280.74650436023006,0.0,1.0,yahoo,2023-12-13 16:24:29
2004-01-06,OIH,416.3333435058594,421.3333435058594,413.3333435058594,416.1333312988281,188565,280.16301705017634,0.0,1.0,yahoo,2023-12-13 16:24:29
2004-01-07,OIH,413.3333435058594,414.3999938964844,408.0,409.3333435058594,176655,275.5849048138017,0.0,1.0,yahoo,2023-12-13 16:24:29
2004-01-08,OIH,411.0,419.5333251953125,407.8666687011719,418.3333435058594,307905,281.64418188632465,0.0,1.0,yahoo,2023-12-13 16:24:29
2004-01-09,OIH,418.0,441.6666564941406,415.4666748046875,434.6000061035156,726165,292.595761411263,0.0,1.0,yahoo,2023-12-13 16:24:29
2004-01-12,OIH,434.6666564941406,435.26666259765625,430.0,431.5333251953125,142335,290.5311092650609,0.0,1.0,yahoo,2023-12-13 16:24:29
2004-01-13,OIH,434.0,437.3333435058594,429.3333435058594,429.6666564941406,185745,289.274368946949,0.0,1.0,yahoo,2023-12-13 16:24:29
2004-01-14,OIH,431.0,431.0,420.4666748046875,422.9333190917969,186210,284.7411292865509,0.0,1.0,yahoo,2023-12-13 16:24:29
2004-01-15,OIH,424.0,427.3999938964844,415.6666564941406,415.7999877929688,292185,279.93859253213986,0.0,1.0,yahoo,2023-12-13 16:24:29
2004-01-16,OIH,419.3333435058594,425.8666687011719,416.6666564941406,424.7999877929688,148620,285.99786960466287,0.0,1.0,yahoo,2023-12-13 16:24:29
2004-01-20,OIH,432.8666687011719,444.3999938964844,431.3333435058594,443.0666809082031,336150,298.29597569176866,0.0,1.0,yahoo,2023-12-13 16:24:29
2004-01-21,OIH,444.0,447.6000061035156,440.3333435058594,444.7999877929688,276165,299.462929765825,0.0,1.0,yahoo,2023-12-13 16:24:29
2004-01-22,OIH,446.5333251953125,447.0,431.3999938964844,438.5333251953125,321525,295.2792852912397,0.053333,1.0,yahoo,2023-12-13 16:24:29
2004-01-23,OIH,441.0,458.73333740234375,441.0,454.3333435058594,424020,305.9179707600098,0.0,1.0,yahoo,2023-12-13 16:24:29
2004-01-26,OIH,450.6666564941406,459.9333190917969,449.6666564941406,459.7999877929688,135420,309.598846819589,0.0,1.0,yahoo,2023-12-13 16:24:29
2004-01-27,OIH,460.0,465.3999938964844,456.73333740234375,459.6666564941406,207630,309.5090703570878,0.0,1.0,yahoo,2023-12-13 16:24:29
2004-01-28,OIH,455.0,461.3333435058594,452.0,457.2000122070313,367260,307.8481955265582,0.0,1.0,yahoo,2023-12-13 16:24:29
2004-01-29,OIH,459.0,461.1333312988281,452.8666687011719,455.9333190917969,471855,307.02662691723276,0.046667,1.0,yahoo,2023-12-13 16:24:29
2004-01-30,OIH,454.6666564941406,459.1333312988281,449.6666564941406,451.6666564941406,202995,304.15344575082503,0.0,1.0,yahoo,2023-12-13 16:24:29
2004-02-02,OIH,451.3333435058594,460.6666564941406,450.9333190917969,457.2000122070313,279585,307.8796212000029,0.0,1.0,yahoo,2023-12-13 16:24:29
2004-02-03,OIH,458.0,458.0,450.0,454.9333190917969,185715,306.3532244391493,0.0,1.0,yahoo,2023-12-13 16:24:29
2004-02-04,OIH,455.3333435058594,458.5333251953125,451.0,453.0666809082031,343275,305.09622566063206,0.0,1.0,yahoo,2023-12-13 16:24:29
2004-02-05,OIH,454.0,455.6000061035156,441.2000122070313,444.9333190917969,431400,299.7294593880915,0.166667,1.0,yahoo,2023-12-13 16:24:29
2004-02-06,OIH,446.4666748046875,450.6000061035156,444.0666809082031,447.9333190917969,168975,301.7504102577628,0.0,1.0,yahoo,2023-12-13 16:24:29
2004-02-09,OIH,454.3333435058594,461.0666809082031,451.3333435058594,458.3333435058594,327600,308.75638971916334,0.0,1.0,yahoo,2023-12-13 16:24:29
2004-02-10,OIH,460.3333435058594,470.0,459.3333435058594,468.2000122070313,565425,315.40307394996046,0.0,1.0,yahoo,2023-12-13 16:24:29
2004-02-11,OIH,467.4666748046875,474.1333312988281,466.8666687011719,473.0,343470,318.63658711816424,0.0,1.0,yahoo,2023-12-13 16:24:29
2004-02-12,OIH,474.3333435058594,480.73333740234375,473.3333435058594,479.73333740234375,228945,323.17250181118305,0.0,1.0,yahoo,2023-12-13 16:24:29
2004-02-13,OIH,476.6666564941406,477.8666687011719,470.9333190917969,477.0,260040,321.33118827772586,0.0,1.0,yahoo,2023-12-13 16:24:29
2004-02-17,OIH,480.0,483.9333190917969,478.3333435058594,482.3999938964844,255720,324.968895731499,0.0,1.0,yahoo,2023-12-13 16:24:29
2004-02-18,OIH,483.3333435058594,483.3333435058594,472.7999877929688,473.73333740234375,207480,319.1306000718406,0.0,1.0,yahoo,2023-12-13 16:24:29
2004-02-19,OIH,474.2000122070313,478.2000122070313,471.7999877929688,473.3333435058594,217875,318.8611440675195,0.0,1.0,yahoo,2023-12-13 16:24:29
2004-02-20,OIH,474.6666564941406,479.3333435058594,470.2000122070313,473.2000122070313,320160,318.7713253994125,0.0,1.0,yahoo,2023-12-13 16:24:29
2004-02-23,OIH,473.6666564941406,473.6666564941406,470.3333435058594,471.6666564941406,98610,317.83241313481676,0.14,1.0,yahoo,2023-12-13 16:24:29
2004-02-24,OIH,470.0,480.0,470.0,479.0,314610,322.77398411661625,0.0,1.0,yahoo,2023-12-13 16:24:29
2004-02-25,OIH,477.0,483.6000061035156,476.6000061035156,480.3333435058594,176655,323.68597224819706,0.02,1.0,yahoo,2023-12-13 16:24:29
2004-02-26,OIH,487.4666748046875,487.4666748046875,477.9333190917969,485.0,205560,326.83072841571436,0.0,1.0,yahoo,2023-12-13 16:24:29
2004-02-27,OIH,485.6666564941406,488.6666564941406,483.26666259765625,485.1333312988281,148335,326.92057741677957,0.0,1.0,yahoo,2023-12-13 16:24:29
2004-03-01,OIH,493.26666259765625,498.5333251953125,486.6666564941406,498.2000122070313,251625,335.72592347699344,0.0,1.0,yahoo,2023-12-13 16:24:29
2004-03-02,OIH,497.6666564941406,501.8666687011719,497.3999938964844,499.8666687011719,238875,336.97530514027653,0.186667,1.0,yahoo,2023-12-13 16:24:29
2004-03-03,OIH,498.73333740234375,498.73333740234375,490.6666564941406,496.5333251953125,204000,334.72819703054216,0.0,1.0,yahoo,2023-12-13 16:24:29
2004-03-04,OIH,496.0,497.4666748046875,493.3333435058594,495.3999938964844,281025,333.9641839763412,0.0,1.0,yahoo,2023-12-13 16:24:29
2004-03-05,OIH,498.0,501.2000122070313,492.0,492.4666748046875,223155,331.98674447512303,0.0,1.0,yahoo,2023-12-13 16:24:29
2004-03-08,OIH,493.0,499.9333190917969,492.6666564941406,493.0,180825,332.34627518937606,0.0,1.0,yahoo,2023-12-13 16:24:29
2004-03-09,OIH,490.0666809082031,490.3333435058594,481.0,484.3333435058594,298215,326.5038187914583,0.0,1.0,yahoo,2023-12-13 16:24:29
2004-03-10,OIH,484.6666564941406,484.6666564941406,465.3333435058594,468.0,525855,315.49301579843404,0.0,1.0,yahoo,2023-12-13 16:24:29
2004-03-11,OIH,468.0,470.0,459.0666809082031,459.3333435058594,463800,309.65055940051633,0.0,1.0,yahoo,2023-12-13 16:24:29
2004-03-12,OIH,462.0,468.6666564941406,462.0,468.3333435058594,439740,315.71773278125545,0.0,1.0,yahoo,2023-12-13 16:24:29
2004-03-15,OIH,471.0,477.26666259765625,470.6666564941406,471.6666564941406,241320,317.96482031816345,0.0,1.0,yahoo,2023-12-13 16:24:29
2004-03-16,OIH,472.0,473.3333435058594,464.26666259765625,467.0,171030,314.81888542279637,0.0,1.0,yahoo,2023-12-13 16:24:29
2004-03-17,OIH,478.0,482.9333190917969,469.6666564941406,481.73333740234375,248265,324.75107570023505,0.0,1.0,yahoo,2023-12-13 16:24:29
2004-03-18,OIH,482.3333435058594,487.5333251953125,480.0,485.7999877929688,270885,327.49252825565424,0.0,1.0,yahoo,2023-12-13 16:24:29
2004-03-19,OIH,484.6666564941406,485.9333190917969,473.4666748046875,473.8666687011719,216735,319.4479153736969,0.0,1.0,yahoo,2023-12-13 16:24:29
2004-03-22,OIH,470.0,472.7999877929688,465.0,466.26666259765625,167790,314.32452040428524,0.0,1.0,yahoo,2023-12-13 16:24:29
2004-03-23,OIH,469.0,470.73333740234375,453.4666748046875,460.0,401070,310.09997279333265,0.0,1.0,yahoo,2023-12-13 16:24:29
2004-03-24,OIH,458.3333435058594,462.8666687011719,443.73333740234375,446.0,555600,300.6621475344051,0.0,1.0,yahoo,2023-12-13 16:24:29
2004-03-25,OIH,449.3333435058594,453.26666259765625,446.2000122070313,449.6666564941406,461790,303.13395205413445,0.0,1.0,yahoo,2023-12-13 16:24:29
2004-03-26,OIH,448.0,459.4666748046875,448.0,455.0,230190,306.7293209151442,0.0,1.0,yahoo,2023-12-13 16:24:29
2004-03-29,OIH,457.3333435058594,457.6000061035156,450.7999877929688,453.6666564941406,307350,305.875290673176,0.066667,1.0,yahoo,2023-12-13 16:24:29
2004-03-30,OIH,454.6666564941406,468.1333312988281,453.5333251953125,465.6666564941406,246330,313.9660406446267,0.0,1.0,yahoo,2023-12-13 16:24:29
2004-03-31,OIH,467.3333435058594,471.3333435058594,460.3999938964844,468.2000122070313,315690,315.6741029497721,0.0,1.0,yahoo,2023-12-13 16:24:29
2004-04-01,OIH,469.0,469.2000122070313,451.0666809082031,455.6666564941406,447180,307.2237490017511,0.0,1.0,yahoo,2023-12-13 16:24:29
2004-04-02,OIH,458.0,461.3333435058594,453.6666564941406,459.3333435058594,201510,309.6959363213663,0.0,1.0,yahoo,2023-12-13 16:24:29
2004-04-05,OIH,460.0,460.0,454.9333190917969,457.6666564941406,91590,308.5722073303262,0.0,1.0,yahoo,2023-12-13 16:24:29
2004-04-06,OIH,457.6666564941406,461.0,454.1333312988281,454.1333312988281,166710,306.1899364367345,0.0,1.0,yahoo,2023-12-13 16:24:29
2004-04-07,OIH,454.0,462.3999938964844,446.6666564941406,457.6666564941406,438165,308.5722073303262,0.0,1.0,yahoo,2023-12-13 16:24:29
2004-04-08,OIH,459.3333435058594,463.6000061035156,457.0666809082031,462.4666748046875,218430,311.8085196644112,0.0,1.0,yahoo,2023-12-13 16:24:29
2004-04-12,OIH,463.6666564941406,476.3333435058594,463.6666564941406,473.3333435058594,227595,319.1351446213921,0.0,1.0,yahoo,2023-12-13 16:24:29
2004-04-13,OIH,480.2000122070313,480.2000122070313,463.26666259765625,465.0666809082031,185640,313.56151960672713,0.0,1.0,yahoo,2023-12-13 16:24:29
2004-04-14,OIH,453.4666748046875,467.26666259765625,453.4666748046875,463.26666259765625,280695,312.3478947655048,0.0,1.0,yahoo,2023-12-13 16:24:29
2004-04-15,OIH,454.9333190917969,473.8666687011719,454.9333190917969,472.3999938964844,197295,318.5058530942751,0.0,1.0,yahoo,2023-12-13 16:24:29
2004-04-16,OIH,473.6666564941406,479.6666564941406,470.7999877929688,479.4666748046875,221550,323.27041545729975,0.0,1.0,yahoo,2023-12-13 16:24:29
2004-04-19,OIH,480.0,484.7999877929688,474.0,475.9333190917969,264360,320.88812398786683,0.0,1.0,yahoo,2023-12-13 16:24:29
2004-04-20,OIH,476.0,476.1333312988281,464.7999877929688,465.0,248985,313.5165613937154,0.0,1.0,yahoo,2023-12-13 16:24:29
2004-04-21,OIH,464.6666564941406,464.6666564941406,458.6666564941406,462.3999938964844,322140,311.7635614513995,0.0,1.0,yahoo,2023-12-13 16:24:29
2004-04-22,OIH,462.3333435058594,478.73333740234375,462.3333435058594,477.0666809082031,303015,321.6893730806886,0.053333,1.0,yahoo,2023-12-13 16:24:29
2004-04-23,OIH,477.0,477.4666748046875,470.5333251953125,472.3333435058594,232020,318.4976508278568,0.0,1.0,yahoo,2023-12-13 16:24:29
2004-04-26,OIH,476.3333435058594,480.1333312988281,474.0,474.0,121440,319.6214888660117,0.0,1.0,yahoo,2023-12-13 16:24:29
2004-04-27,OIH,483.7999877929688,494.6666564941406,483.7999877929688,490.3333435058594,331665,330.6351757215028,0.0,1.0,yahoo,2023-12-13 16:24:29
2004-04-28,OIH,489.6666564941406,491.5333251953125,479.6666564941406,480.2000122070313,395700,323.8022001162201,0.0,1.0,yahoo,2023-12-13 16:24:29
2004-04-29,OIH,480.0,480.0,459.9333190917969,464.0,652140,312.9088287183425,0.046667,1.0,yahoo,2023-12-13 16:24:29
2004-04-30,OIH,467.6666564941406,470.0,456.2000122070313,463.3999938964844,576285,312.5042011168879,0.0,1.0,yahoo,2023-12-13 16:24:29
2004-05-03,OIH,459.3999938964844,474.1333312988281,459.3999938964844,474.0,296175,319.6525534752033,0.0,1.0,yahoo,2023-12-13 16:24:29
2004-05-04,OIH,474.3333435058594,476.6666564941406,465.2000122070313,470.7999877929688,309285,317.494553320922,0.0,1.0,yahoo,2023-12-13 16:24:29
2004-05-05,OIH,460.8666687011719,464.3333435058594,450.0,464.0666809082031,814740,312.95379648748843,0.0,1.0,yahoo,2023-12-13 16:24:29
2004-05-06,OIH,464.3333435058594,466.5333251953125,453.6666564941406,455.3333435058594,315975,307.17017965451043,0.16,1.0,yahoo,2023-12-13 16:24:29
2004-05-07,OIH,456.2000122070313,459.2000122070313,441.6000061035156,442.26666259765625,306630,298.3553305350559,0.0,1.0,yahoo,2023-12-13 16:24:29
2004-05-10,OIH,432.0,436.7999877929688,425.5333251953125,429.3999938964844,580350,289.67541066346587,0.0,1.0,yahoo,2023-12-13 16:24:29
2004-05-11,OIH,433.6666564941406,438.73333740234375,430.0,434.6666564941406,245040,293.2283279258955,0.0,1.0,yahoo,2023-12-13 16:24:29
2004-05-12,OIH,433.3333435058594,443.26666259765625,430.2000122070313,436.5333251953125,403335,294.48759208581754,0.0,1.0,yahoo,2023-12-13 16:24:29
2004-05-13,OIH,437.0,443.3333435058594,437.0,440.4666748046875,200970,297.14104965352624,0.0,1.0,yahoo,2023-12-13 16:24:29
2004-05-14,OIH,441.0,447.5333251953125,435.6666564941406,441.3333435058594,224385,297.72570874875123,0.0,1.0,yahoo,2023-12-13 16:24:29
2004-05-17,OIH,442.9333190917969,447.8666687011719,437.6666564941406,442.3999938964844,184800,298.44527650452795,0.0,1.0,yahoo,2023-12-13 16:24:29
2004-05-18,OIH,441.3333435058594,444.6666564941406,431.3999938964844,435.26666259765625,333375,293.6330950821763,0.0,1.0,yahoo,2023-12-13 16:24:29
2004-05-19,OIH,435.3333435058594,442.6666564941406,431.2000122070313,434.3333435058594,411390,293.00347329587163,0.0,1.0,yahoo,2023-12-13 16:24:29
2004-05-20,OIH,434.6666564941406,438.9333190917969,430.6000061035156,432.2000122070313,194775,291.5643171970054,0.0,1.0,yahoo,2023-12-13 16:24:29
2004-05-21,OIH,433.3333435058594,434.7999877929688,427.3333435058594,429.26666259765625,247755,289.58546469399374,0.0,1.0,yahoo,2023-12-13 16:24:29
2004-05-24,OIH,429.26666259765625,451.1333312988281,428.7999877929688,447.4666748046875,692685,301.86328510640584,0.0,1.0,yahoo,2023-12-13 16:24:29
2004-05-25,OIH,448.3333435058594,455.7999877929688,446.4666748046875,453.6000061035156,293010,306.00086146406045,0.0,1.0,yahoo,2023-12-13 16:24:29
2004-05-26,OIH,453.1333312988281,456.6666564941406,443.7999877929688,445.6666564941406,315045,300.66224034992246,0.02,1.0,yahoo,2023-12-13 16:24:29
2004-05-27,OIH,443.0,443.3333435058594,433.3333435058594,435.6666564941406,274245,293.91589224492634,0.0,1.0,yahoo,2023-12-13 16:24:29
2004-05-28,OIH,434.0,443.73333740234375,434.0,441.3333435058594,91020,297.83454468235595,0.14,1.0,yahoo,2023-12-13 16:24:29
2004-06-01,OIH,449.6666564941406,450.3333435058594,441.1333312988281,444.9333190917969,321600,300.39104806438365,0.186667,1.0,yahoo,2023-12-13 16:24:29
2004-06-02,OIH,446.0,446.6666564941406,436.5333251953125,441.73333740234375,234195,298.2306212942695,0.0,1.0,yahoo,2023-12-13 16:24:29
2004-06-03,OIH,442.6666564941406,448.26666259765625,434.9333190917969,435.0,316395,293.6846945396947,0.0,1.0,yahoo,2023-12-13 16:24:29
2004-06-04,OIH,434.3333435058594,439.1333312988281,431.3333435058594,436.0,193695,294.3598317685216,0.0,1.0,yahoo,2023-12-13 16:24:29
2004-06-07,OIH,436.3333435058594,443.26666259765625,432.9333190917969,442.6000061035156,368235,298.8157415994897,0.0,1.0,yahoo,2023-12-13 16:24:29
2004-06-08,OIH,446.6666564941406,450.0,439.26666259765625,441.6000061035156,372855,298.1406043706628,0.0,1.0,yahoo,2023-12-13 16:24:29
2004-06-09,OIH,438.3333435058594,442.26666259765625,433.4666748046875,440.6000061035156,386325,297.4654671418359,0.0,1.0,yahoo,2023-12-13 16:24:29
2004-06-10,OIH,442.6666564941406,447.7999877929688,442.6666564941406,445.4666748046875,251130,300.75113636236364,0.0,1.0,yahoo,2023-12-13 16:24:29
2004-06-14,OIH,442.0,449.0,441.3999938964844,443.6666564941406,168165,299.5358769883434,0.0,1.0,yahoo,2023-12-13 16:24:29
2004-06-15,OIH,448.6666564941406,456.26666259765625,446.6666564941406,456.0,272070,307.8625763450593,0.0,1.0,yahoo,2023-12-13 16:24:29
2004-06-16,OIH,463.26666259765625,469.3333435058594,461.8666687011719,468.4666748046875,337455,316.27929262538197,0.0,1.0,yahoo,2023-12-13 16:24:29
2004-06-17,OIH,469.5333251953125,475.3999938964844,466.5333251953125,472.3333435058594,214575,318.8898246170828,0.0,1.0,yahoo,2023-12-13 16:24:29
2004-06-18,OIH,474.3333435058594,475.4666748046875,466.0,471.9333190917969,297990,318.6197532427095,0.0,1.0,yahoo,2023-12-13 16:24:29
2004-06-21,OIH,473.0,473.0,466.3333435058594,467.0,160725,315.28908586215505,0.0,1.0,yahoo,2023-12-13 16:24:29
2004-06-22,OIH,466.3333435058594,472.3333435058594,464.2000122070313,471.4666748046875,146520,318.3047043118626,0.0,1.0,yahoo,2023-12-13 16:24:29
2004-06-23,OIH,472.6666564941406,481.3333435058594,470.73333740234375,480.2000122070313,354570,324.2009055240912,0.0,1.0,yahoo,2023-12-13 16:24:29
2004-06-24,OIH,480.0,481.6666564941406,473.3333435058594,474.26666259765625,197925,320.19508031115663,0.0,1.0,yahoo,2023-12-13 16:24:29
2004-06-25,OIH,473.6666564941406,480.6000061035156,473.3333435058594,478.3999938964844,138060,322.98564615007086,0.0,1.0,yahoo,2023-12-13 16:24:29
2004-06-28,OIH,478.6666564941406,478.6666564941406,467.6666564941406,469.3333435058594,227955,316.9085754395243,0.066667,1.0,yahoo,2023-12-13 16:24:29
2004-06-29,OIH,469.0,474.6666564941406,465.3999938964844,473.5333251953125,264525,319.74453464100407,0.0,1.0,yahoo,2023-12-13 16:24:29
2004-06-30,OIH,472.6666564941406,482.7999877929688,472.6666564941406,481.5333251953125,192915,325.14638524164127,0.0,1.0,yahoo,2023-12-13 16:24:29
2004-07-01,OIH,481.3333435058594,484.0,465.3333435058594,482.6000061035156,157140,325.8666416047244,0.0,1.0,yahoo,2023-12-13 16:24:29
2004-07-02,OIH,479.9333190917969,487.3333435058594,476.6666564941406,482.5333251953125,316245,325.8216165667209,0.0,1.0,yahoo,2023-12-13 16:24:29
2004-07-06,OIH,484.2000122070313,486.3333435058594,478.8666687011719,481.0,175680,324.78626736331205,0.0,1.0,yahoo,2023-12-13 16:24:29
2004-07-07,OIH,479.3333435058594,483.1333312988281,475.73333740234375,482.0666809082031,168435,325.5065237263952,0.0,1.0,yahoo,2023-12-13 16:24:29
2004-07-08,OIH,483.73333740234375,484.4666748046875,473.0666809082031,477.9333190917969,199035,322.7155483500696,0.0,1.0,yahoo,2023-12-13 16:24:29
2004-07-09,OIH,479.3333435058594,484.6000061035156,474.1333312988281,483.6000061035156,138060,326.5418729298041,0.0,1.0,yahoo,2023-12-13 16:24:29
2004-07-12,OIH,482.6666564941406,483.0,475.26666259765625,479.0666809082031,157200,323.48082975115625,0.0,1.0,yahoo,2023-12-13 16:24:29
2004-07-13,OIH,476.6666564941406,478.9333190917969,472.1333312988281,476.0,225840,321.4101107379138,0.0,1.0,yahoo,2023-12-13 16:24:29
2004-07-14,OIH,476.0,488.3333435058594,476.0,486.5333251953125,374940,328.5225418670395,0.0,1.0,yahoo,2023-12-13 16:24:29
2004-07-15,OIH,485.3333435058594,500.6666564941406,483.6000061035156,499.4666748046875,525615,337.2555446614962,0.0,1.0,yahoo,2023-12-13 16:24:29
2004-07-16,OIH,501.0,505.73333740234375,498.0666809082031,503.9333190917969,363810,340.27156280214047,0.0,1.0,yahoo,2023-12-13 16:24:29
2004-07-19,OIH,504.0,505.0,498.5333251953125,501.9333190917969,237435,338.9211001519812,0.0,1.0,yahoo,2023-12-13 16:24:29
2004-07-20,OIH,499.6666564941406,502.3999938964844,493.3999938964844,499.5333251953125,287715,337.30054909307495,0.0,1.0,yahoo,2023-12-13 16:24:29
2004-07-21,OIH,499.6666564941406,509.26666259765625,491.3999938964844,491.6666564941406,302895,331.98872796202005,0.0,1.0,yahoo,2023-12-13 16:24:29
2004-07-22,OIH,492.3333435058594,495.73333740234375,486.3999938964844,492.7999877929688,423465,332.7900877955694,0.053333,1.0,yahoo,2023-12-13 16:24:29
2004-07-23,OIH,491.0,493.6000061035156,486.2000122070313,488.4666748046875,224565,329.8637816966706,0.0,1.0,yahoo,2023-12-13 16:24:29
2004-07-26,OIH,488.3333435058594,494.0,475.0,480.6000061035156,317550,324.5513843091498,0.0,1.0,yahoo,2023-12-13 16:24:29
2004-07-27,OIH,479.0,493.0666809082031,477.1333312988281,488.6666564941406,313185,329.99883024707475,0.0,1.0,yahoo,2023-12-13 16:24:29
2004-07-28,OIH,490.0,497.6666564941406,490.0,493.0,386280,332.9251569546337,0.0,1.0,yahoo,2023-12-13 16:24:29
2004-07-29,OIH,492.3333435058594,501.0,486.1333312988281,496.5333251953125,487395,335.3429709417455,0.046667,1.0,yahoo,2023-12-13 16:24:29
2004-07-30,OIH,490.3999938964844,502.3999938964844,490.3999938964844,498.5333251953125,287850,336.69370795747284,0.0,1.0,yahoo,2023-12-13 16:24:29
2004-08-02,OIH,495.6666564941406,500.9333190917969,491.2000122070313,495.6666564941406,174135,334.7576501942229,0.0,1.0,yahoo,2023-12-13 16:24:29
2004-08-03,OIH,496.6666564941406,501.73333740234375,496.6666564941406,499.3333435058594,247200,337.2340151301305,0.0,1.0,yahoo,2023-12-13 16:24:29
2004-08-04,OIH,500.0,500.0,485.0,485.7999877929688,456240,328.0940128759273,0.0,1.0,yahoo,2023-12-13 16:24:29
2004-08-05,OIH,486.73333740234375,488.3333435058594,476.5333251953125,478.7999877929688,703920,323.4729703249007,0.16,1.0,yahoo,2023-12-13 16:24:29
2004-08-06,OIH,479.0,479.0,463.2000122070313,468.26666259765625,344940,316.3567504518978,0.0,1.0,yahoo,2023-12-13 16:24:29
2004-08-09,OIH,469.6666564941406,478.3999938964844,468.6666564941406,475.73333740234375,190485,321.4011688710702,0.0,1.0,yahoo,2023-12-13 16:24:29
2004-08-10,OIH,475.3333435058594,480.6666564941406,473.26666259765625,473.3333435058594,307575,319.7797545555938,0.0,1.0,yahoo,2023-12-13 16:24:29
2004-08-11,OIH,472.1333312988281,475.26666259765625,467.73333740234375,469.73333740234375,331065,317.34762277367844,0.0,1.0,yahoo,2023-12-13 16:24:29
2004-08-12,OIH,471.0,471.3333435058594,459.6666564941406,459.7999877929688,295065,310.6367410164935,0.0,1.0,yahoo,2023-12-13 16:24:29
2004-08-13,OIH,460.3333435058594,466.6666564941406,459.6666564941406,463.3333435058594,216750,313.02384439327426,0.0,1.0,yahoo,2023-12-13 16:24:29
2004-08-16,OIH,464.4666748046875,466.8666687011719,461.0,465.6000061035156,212505,314.5551812810798,0.0,1.0,yahoo,2023-12-13 16:24:29
2004-08-17,OIH,465.0,465.0,453.3333435058594,454.1333312988281,477015,306.8083987969796,0.0,1.0,yahoo,2023-12-13 16:24:29
2004-08-18,OIH,458.6666564941406,462.5333251953125,454.8666687011719,462.0,263295,312.12304949916444,0.0,1.0,yahoo,2023-12-13 16:24:29
2004-08-19,OIH,465.0,473.6000061035156,464.4666748046875,466.8666687011719,349530,315.41092715265336,0.0,1.0,yahoo,2023-12-13 16:24:29
2004-08-20,OIH,471.0,484.3333435058594,470.0,478.3333435058594,345495,323.1577096367536,0.0,1.0,yahoo,2023-12-13 16:24:29
2004-08-23,OIH,477.6666564941406,479.6666564941406,470.0,470.7999877929688,156300,318.06824219504506,0.0,1.0,yahoo,2023-12-13 16:24:29
2004-08-24,OIH,470.3333435058594,470.3333435058594,461.6666564941406,469.26666259765625,288135,317.03234146812974,0.0,1.0,yahoo,2023-12-13 16:24:29
2004-08-25,OIH,471.0,475.1333312988281,469.3333435058594,474.7999877929688,184935,320.77060625997285,0.0,1.0,yahoo,2023-12-13 16:24:29
2004-08-26,OIH,473.73333740234375,500.7999877929688,470.1333312988281,483.0666809082031,212040,326.35550986257175,0.0,1.0,yahoo,2023-12-13 16:24:29
2004-08-27,OIH,483.3333435058594,488.3999938964844,482.2000122070313,485.6666564941406,291870,328.1120300108535,0.0,1.0,yahoo,2023-12-13 16:24:29
2004-08-30,OIH,486.6666564941406,489.1333312988281,476.6666564941406,480.0666809082031,153045,324.4222559287311,0.14,1.0,yahoo,2023-12-13 16:24:29
2004-08-31,OIH,482.6666564941406,489.6666564941406,482.3333435058594,489.2000122070313,151230,330.7230285921581,0.186667,1.0,yahoo,2023-12-13 16:24:29
2004-09-01,OIH,489.3333435058594,503.73333740234375,488.2000122070313,501.0,385005,338.7003949103534,0.0,1.0,yahoo,2023-12-13 16:24:29
2004-09-02,OIH,504.0,505.6000061035156,498.6666564941406,501.3333435058594,342075,338.9257513516216,0.0,1.0,yahoo,2023-12-13 16:24:29
2004-09-03,OIH,500.8666687011719,511.5333251953125,499.3333435058594,510.0,256395,344.7848331422759,0.0,1.0,yahoo,2023-12-13 16:24:29
2004-09-07,OIH,506.6666564941406,506.6666564941406,500.73333740234375,504.1333312988281,217800,340.8186794378944,0.0,1.0,yahoo,2023-12-13 16:24:29
2004-09-08,OIH,502.3333435058594,510.2000122070313,499.2000122070313,506.3333435058594,237675,342.3059948138008,0.0,1.0,yahoo,2023-12-13 16:24:29
2004-09-09,OIH,507.0,517.7999877929688,504.3333435058594,514.3333129882812,278835,347.7143637219187,0.0,1.0,yahoo,2023-12-13 16:24:29
2004-09-10,OIH,514.0,516.2000122070312,506.1333312988281,510.1333312988281,235215,344.87497159250944,0.0,1.0,yahoo,2023-12-13 16:24:29
2004-09-13,OIH,514.3333129882812,516.8666381835938,512.0,514.2000122070312,139905,347.67422498180906,0.073333,1.0,yahoo,2023-12-13 16:24:29
2004-09-14,OIH,514.6666870117188,518.3333129882812,509.8666687011719,514.5999755859375,202440,347.9446585766771,0.0,1.0,yahoo,2023-12-13 16:24:29
2004-09-15,OIH,512.6666870117188,523.7333374023438,509.3333435058594,517.0,359535,349.56742522056555,0.0,1.0,yahoo,2023-12-13 16:24:29
2004-09-16,OIH,515.3333129882812,521.0,514.0,518.0,311190,350.24357111074073,0.0,1.0,yahoo,2023-12-13 16:24:29
2004-09-17,OIH,528.4666748046875,528.5999755859375,520.4666748046875,526.7999877929688,401850,356.19364669054823,0.0,1.0,yahoo,2023-12-13 16:24:29
2004-09-20,OIH,526.6666870117188,534.066650390625,524.5333251953125,524.5333251953125,433050,354.6610520907292,0.0,1.0,yahoo,2023-12-13 16:24:29
2004-09-21,OIH,526.2000122070312,534.5333251953125,521.6666870117188,533.3333129882812,359580,360.6111276705367,0.0,1.0,yahoo,2023-12-13 16:24:29
2004-09-22,OIH,530.6666870117188,537.0,528.2666625976562,533.066650390625,423030,360.430824851068,0.0,1.0,yahoo,2023-12-13 16:24:29
2004-09-23,OIH,531.0,534.6666870117188,524.6666870117188,531.4666748046875,428880,359.3490079342557,0.0,1.0,yahoo,2023-12-13 16:24:29
2004-09-24,OIH,533.2000122070312,545.2666625976562,533.2000122070312,542.933349609375,302580,367.1021529774204,0.0,1.0,yahoo,2023-12-13 16:24:29
2004-09-27,OIH,544.2666625976562,550.2000122070312,539.1333618164062,540.5333251953125,278070,365.479386333532,0.0,1.0,yahoo,2023-12-13 16:24:29
2004-09-28,OIH,544.3333129882812,552.5333251953125,540.7999877929688,551.0,426465,372.60234061839617,0.066667,1.0,yahoo,2023-12-13 16:24:29
2004-09-29,OIH,551.2666625976562,551.2666625976562,537.0,542.0,503340,366.51627697853127,0.0,1.0,yahoo,2023-12-13 16:24:29
2004-09-30,OIH,542.1333618164062,549.0,540.6666870117188,544.6666870117188,235290,368.319568851967,0.0,1.0,yahoo,2023-12-13 16:24:29
2004-10-01,OIH,544.3333129882812,560.066650390625,543.4000244140625,556.6666870117188,315360,376.4343203717869,0.0,1.0,yahoo,2023-12-13 16:24:29
2004-10-04,OIH,556.933349609375,561.1333618164062,550.1333618164062,552.933349609375,235275,373.9097282584811,0.0,1.0,yahoo,2023-12-13 16:24:29
2004-10-05,OIH,558.2000122070312,559.933349609375,550.7999877929688,552.0,237585,373.2785699117145,0.0,1.0,yahoo,2023-12-13 16:24:29
2004-10-06,OIH,552.6666870117188,565.0,552.6666870117188,563.6666870117188,243435,381.16792542501514,0.0,1.0,yahoo,2023-12-13 16:24:29
2004-10-07,OIH,565.3333129882812,569.5999755859375,555.4666748046875,559.4666748046875,438510,378.32775413832604,0.0,1.0,yahoo,2023-12-13 16:24:29
2004-10-08,OIH,559.0,566.8666381835938,556.3333129882812,561.8666381835938,349620,379.9506796780337,0.0,1.0,yahoo,2023-12-13 16:24:29
2004-10-11,OIH,561.0,561.0,546.0,546.5333251953125,747615,369.5818442717396,0.0,1.0,yahoo,2023-12-13 16:24:29
2004-10-12,OIH,544.6666870117188,550.933349609375,537.7333374023438,538.2000122070312,331035,363.94661391867373,0.0,1.0,yahoo,2023-12-13 16:24:29
2004-10-13,OIH,534.0,534.6666870117188,523.3333129882812,531.7999877929688,887670,359.61872993193225,0.0,1.0,yahoo,2023-12-13 16:24:29
2004-10-14,OIH,534.066650390625,545.3333129882812,534.066650390625,540.2666625976562,566670,365.3441434518621,0.0,1.0,yahoo,2023-12-13 16:24:29
2004-10-15,OIH,546.6666870117188,547.066650390625,537.4000244140625,540.8666381835938,208005,365.7498645183489,0.0,1.0,yahoo,2023-12-13 16:24:29
2004-10-18,OIH,542.1333618164062,545.7333374023438,529.8666381835938,531.2666625976562,509700,359.2580798119972,0.0,1.0,yahoo,2023-12-13 16:24:29
2004-10-19,OIH,531.2000122070312,537.3333129882812,526.6666870117188,531.4000244140625,340980,359.34826297886127,0.0,1.0,yahoo,2023-12-13 16:24:29
2004-10-20,OIH,533.6666870117188,552.0,533.6666870117188,550.933349609375,417105,372.55726967184444,0.0,1.0,yahoo,2023-12-13 16:24:29
2004-10-21,OIH,556.0,562.6666870117188,552.8666381835938,558.1333618164062,357060,377.42612883848847,0.0,1.0,yahoo,2023-12-13 16:24:29
2004-10-22,OIH,553.2666625976562,563.8666381835938,552.066650390625,553.0,391830,373.9547992050328,0.0,1.0,yahoo,2023-12-13 16:24:29
2004-10-25,OIH,552.5999755859375,554.3333129882812,542.2000122070312,550.7333374023438,381915,372.42201555842865,0.0,1.0,yahoo,2023-12-13 16:24:29
2004-10-26,OIH,553.933349609375,560.0,552.0,559.6666870117188,380580,378.4630082517418,0.0,1.0,yahoo,2023-12-13 16:24:29
2004-10-27,OIH,561.2666625976562,567.4666748046875,536.5999755859375,543.3333129882812,880710,367.41790227836884,0.0,1.0,yahoo,2023-12-13 16:24:29
2004-10-28,OIH,537.6666870117188,545.7999877929688,528.5999755859375,530.0,1326090,358.4323112770489,0.046667,1.0,yahoo,2023-12-13 16:24:29
2004-10-29,OIH,528.3333129882812,541.5999755859375,527.0,540.4000244140625,550275,365.46571653755865,0.0,1.0,yahoo,2023-12-13 16:24:29
2004-11-01,OIH,541.7333374023438,550.2000122070312,531.5999755859375,533.3333129882812,715365,360.6865887838403,0.0,1.0,yahoo,2023-12-13 16:24:29
2004-11-02,OIH,531.6666870117188,533.2000122070312,511.6666564941406,519.2666625976562,698145,351.1734906490518,0.0,1.0,yahoo,2023-12-13 16:24:29
2004-11-03,OIH,531.6666870117188,541.4666748046875,525.6666870117188,534.6666870117188,1000905,361.5883328084016,0.0,1.0,yahoo,2023-12-13 16:24:29
2004-11-04,OIH,533.3333129882812,539.1333618164062,530.0,531.4666748046875,474975,359.5317954958319,0.16,1.0,yahoo,2023-12-13 16:24:29
2004-11-05,OIH,533.3333129882812,538.3333129882812,529.3333129882812,531.4666748046875,463035,359.5317954958319,0.0,1.0,yahoo,2023-12-13 16:24:29
2004-11-08,OIH,529.0,529.6666870117188,515.0,516.4666748046875,524865,349.3844481867661,0.0,1.0,yahoo,2023-12-13 16:24:29
2004-11-09,OIH,514.6666870117188,522.7999877929688,511.1333312988281,518.4666748046875,556560,350.7374278279749,0.0,1.0,yahoo,2023-12-13 16:24:29
2004-11-10,OIH,519.5999755859375,535.7333374023438,515.8666381835938,532.933349609375,650805,360.5239860713399,0.0,1.0,yahoo,2023-12-13 16:24:29
2004-11-11,OIH,532.933349609375,534.3333129882812,527.3333129882812,530.1333618164062,416535,358.62982283158004,0.0,1.0,yahoo,2023-12-13 16:24:29
2004-11-12,OIH,529.5333251953125,544.3333129882812,529.3333129882812,542.8666381835938,562650,367.24375467692477,0.0,1.0,yahoo,2023-12-13 16:24:29
2004-11-15,OIH,538.0,541.7999877929688,519.5333251953125,524.6666870117188,546435,354.9316729736545,0.0,1.0,yahoo,2023-12-13 16:24:29
2004-11-16,OIH,528.0,533.3333129882812,526.6666870117188,528.066650390625,270030,357.2317135899122,0.0,1.0,yahoo,2023-12-13 16:24:29
2004-11-17,OIH,528.0,538.1333618164062,524.3333129882812,536.8666381835938,585840,363.18481575329844,0.0,1.0,yahoo,2023-12-13 16:24:29
2004-11-18,OIH,538.6666870117188,552.3333129882812,536.2666625976562,552.0,595335,373.42238097362036,0.0,1.0,yahoo,2023-12-13 16:24:29
2004-11-19,OIH,552.0,564.3333129882812,552.0,563.0,602430,380.8637690002686,0.0,1.0,yahoo,2023-12-13 16:24:29
2004-11-22,OIH,564.3333129882812,565.8666381835938,557.7333374023438,565.5999755859375,350640,382.6226260179752,0.0,1.0,yahoo,2023-12-13 16:24:29
2004-11-23,OIH,566.0,579.1333618164062,564.1333618164062,571.6666870117188,597090,386.72669454206056,0.0,1.0,yahoo,2023-12-13 16:24:29
2004-11-24,OIH,570.3333129882812,580.6666870117188,563.4000244140625,580.0,597795,392.40070453251985,0.053333,1.0,yahoo,2023-12-13 16:24:29
2004-11-26,OIH,579.6666870117188,586.2000122070312,579.6666870117188,580.0,144075,392.4142360579012,0.02,1.0,yahoo,2023-12-13 16:24:29
2004-11-29,OIH,580.0,582.2000122070312,568.5999755859375,574.933349609375,328530,389.11149214841026,0.186667,1.0,yahoo,2023-12-13 16:24:29
2004-11-30,OIH,573.3333129882812,579.2666625976562,572.8666381835938,574.1333618164062,252750,388.5700651394638,0.0,1.0,yahoo,2023-12-13 16:24:29
2004-12-01,OIH,573.3333129882812,573.3333129882812,548.3333129882812,551.3333129882812,663480,373.13912688097514,0.0,1.0,yahoo,2023-12-13 16:24:29
2004-12-02,OIH,548.2000122070312,548.2000122070312,529.5333251953125,538.1333618164062,985725,364.20547796277594,0.0,1.0,yahoo,2023-12-13 16:24:29
2004-12-03,OIH,537.3333129882812,550.5999755859375,534.4000244140625,547.0,688440,370.20636626800706,0.0,1.0,yahoo,2023-12-13 16:24:29
2004-12-06,OIH,550.6666870117188,552.5333251953125,540.6666870117188,545.7999877929688,355800,369.39420510047086,0.0,1.0,yahoo,2023-12-13 16:24:29
2004-12-07,OIH,546.3333129882812,546.8666381835938,531.6666870117188,531.6666870117188,475620,359.8288706843843,0.0,1.0,yahoo,2023-12-13 16:24:29
2004-12-08,OIH,530.6666870117188,541.933349609375,526.0,533.7333374023438,689130,361.2275674512209,0.0,1.0,yahoo,2023-12-13 16:24:29
2004-12-09,OIH,538.0,546.2000122070312,536.066650390625,544.5999755859375,410460,368.58204393293465,0.0,1.0,yahoo,2023-12-13 16:24:29
2004-12-10,OIH,544.3333129882812,551.3333129882812,537.7333374023438,540.5333251953125,395460,365.8297589896154,0.0,1.0,yahoo,2023-12-13 16:24:29
2004-12-13,OIH,544.2666625976562,549.8666381835938,542.7999877929688,548.0,403605,370.88316035624837,0.0,1.0,yahoo,2023-12-13 16:24:29
2004-12-14,OIH,551.933349609375,558.6666870117188,550.4000244140625,558.2000122070312,251085,377.7864683179565,0.0,1.0,yahoo,2023-12-13 16:24:29
2004-12-15,OIH,561.0,566.7999877929688,554.4000244140625,566.3333129882812,370680,383.2910382045951,0.0,1.0,yahoo,2023-12-13 16:24:29
2004-12-16,OIH,569.0,569.0,560.8666381835938,562.6666870117188,339375,380.8588038171527,0.073333,1.0,yahoo,2023-12-13 16:24:29
2004-12-17,OIH,565.8666381835938,568.0,561.933349609375,565.3333129882812,330690,382.6637942370675,0.0,1.0,yahoo,2023-12-13 16:24:29
2004-12-20,OIH,562.0,570.3333129882812,562.0,567.7333374023438,162060,384.3835162461637,0.14,1.0,yahoo,2023-12-13 16:24:29
2004-12-21,OIH,568.3333129882812,578.4666748046875,567.0,577.7999877929688,153540,391.19913586729405,0.0,1.0,yahoo,2023-12-13 16:24:29
2004-12-22,OIH,577.3333129882812,582.4666748046875,559.6666870117188,568.6666870117188,590880,385.015440040493,0.0,1.0,yahoo,2023-12-13 16:24:29
2004-12-23,OIH,565.1333618164062,573.5999755859375,565.1333618164062,572.4666748046875,226740,387.58821950107045,0.0,1.0,yahoo,2023-12-13 16:24:29
2004-12-27,OIH,563.4000244140625,569.8666381835938,558.2000122070312,558.3333129882812,350235,378.01923534342626,0.0,1.0,yahoo,2023-12-13 16:24:29
2004-12-28,OIH,559.933349609375,564.8666381835938,559.6666870117188,562.7333374023438,158715,380.9982692391365,0.0,1.0,yahoo,2023-12-13 16:24:29
2004-12-29,OIH,568.4666748046875,572.2666625976562,561.6666870117188,571.3333129882812,270285,386.88962942047357,0.1,1.0,yahoo,2023-12-13 16:24:29
2004-12-30,OIH,567.6666870117188,568.2000122070312,564.3333129882812,567.3333129882812,232770,384.1809504715994,0.0,1.0,yahoo,2023-12-13 16:24:29
2004-12-31,OIH,565.7999877929688,571.066650390625,565.066650390625,567.1333618164062,194580,384.04554958908426,0.0,1.0,yahoo,2023-12-13 16:24:29
2005-01-03,OIH,560.4666748046875,560.5999755859375,546.0,547.7999877929688,401250,370.9535737820853,0.0,1.0,yahoo,2023-12-13 16:24:29
2005-01-04,OIH,547.0,553.5999755859375,544.5333251953125,544.5333251953125,448545,368.7414887292488,0.0,1.0,yahoo,2023-12-13 16:24:29
2005-01-05,OIH,544.6666870117188,548.3333129882812,541.4000244140625,541.5333251953125,305880,366.7099795175931,0.0,1.0,yahoo,2023-12-13 16:24:29
2005-01-06,OIH,541.5333251953125,556.5999755859375,539.8666381835938,553.5333251953125,452430,374.83601636421565,0.0,1.0,yahoo,2023-12-13 16:24:29
2005-01-07,OIH,553.3333129882812,553.3333129882812,536.2000122070312,544.4666748046875,699375,368.69635510174373,0.0,1.0,yahoo,2023-12-13 16:24:29
2005-01-10,OIH,551.0,554.1333618164062,546.8666381835938,547.933349609375,299400,371.0438823682561,0.0,1.0,yahoo,2023-12-13 16:24:29
2005-01-11,OIH,548.6666870117188,551.2666625976562,543.4000244140625,548.3333129882812,299280,371.31472546444706,0.0,1.0,yahoo,2023-12-13 16:24:29
2005-01-12,OIH,549.6666870117188,562.7333374023438,546.6666870117188,562.7333374023438,615495,381.0659862128584,0.0,1.0,yahoo,2023-12-13 16:24:29
2005-01-13,OIH,567.6666870117188,576.3333129882812,565.5333251953125,572.3333129882812,568365,387.5667991576921,0.0,1.0,yahoo,2023-12-13 16:24:29
2005-01-14,OIH,571.3333129882812,578.3333129882812,566.8666381835938,576.7999877929688,388995,390.59149616142304,0.0,1.0,yahoo,2023-12-13 16:24:29
2005-01-18,OIH,582.0,590.0,575.1333618164062,579.6666870117188,544035,392.53273811806855,0.0,1.0,yahoo,2023-12-13 16:24:29
2005-01-19,OIH,578.6666870117188,586.2666625976562,577.0,581.1333618164062,392580,393.5259259101438,0.0,1.0,yahoo,2023-12-13 16:24:29
2005-01-20,OIH,574.066650390625,584.3333129882812,570.1333618164062,578.1333618164062,628050,391.49441669848824,0.0,1.0,yahoo,2023-12-13 16:24:29
2005-01-21,OIH,582.4000244140625,590.0,579.0,579.0,498675,392.081277849536,0.0,1.0,yahoo,2023-12-13 16:24:29
2005-01-24,OIH,582.066650390625,594.5333251953125,582.066650390625,583.5333251953125,511725,395.15110848077194,0.0,1.0,yahoo,2023-12-13 16:24:29
2005-01-25,OIH,587.0,594.6666870117188,580.0,583.4666748046875,670140,395.10597485326684,0.0,1.0,yahoo,2023-12-13 16:24:29
2005-01-26,OIH,585.6666870117188,590.3333129882812,580.2666625976562,590.3333129882812,830880,399.7558544276259,0.0,1.0,yahoo,2023-12-13 16:24:29
2005-01-27,OIH,589.3333129882812,600.5333251953125,588.6666870117188,596.933349609375,636270,404.22519949196464,0.0,1.0,yahoo,2023-12-13 16:24:29
2005-01-28,OIH,595.3333129882812,595.3333129882812,582.4000244140625,584.5999755859375,720285,395.90436282002526,0.046667,1.0,yahoo,2023-12-13 16:24:29
2005-01-31,OIH,576.6666870117188,593.8666381835938,573.7333374023438,593.2000122070312,582135,401.72850267786635,0.0,1.0,yahoo,2023-12-13 16:24:29
2005-02-01,OIH,593.3333129882812,595.933349609375,589.4666748046875,592.8666381835938,234915,401.5027342279148,0.0,1.0,yahoo,2023-12-13 16:24:29
2005-02-02,OIH,593.3333129882812,604.4666748046875,592.933349609375,603.0,443880,408.3652766854783,0.0,1.0,yahoo,2023-12-13 16:24:29
2005-02-03,OIH,600.6666870117188,606.5999755859375,593.6666870117188,605.7333374023438,476985,410.36153496395485,0.213333,1.0,yahoo,2023-12-13 16:24:29
2005-02-04,OIH,606.0,614.4000244140625,603.7333374023438,608.4000244140625,503340,412.1681150344694,0.0,1.0,yahoo,2023-12-13 16:24:29
2005-02-07,OIH,607.0,609.2666625976562,590.5333251953125,597.3333129882812,443460,404.75953909184034,0.133333,1.0,yahoo,2023-12-13 16:24:29
2005-02-08,OIH,597.4000244140625,604.7999877929688,591.933349609375,600.7999877929688,407460,407.10859558277497,0.0,1.0,yahoo,2023-12-13 16:24:29
2005-02-09,OIH,600.0,608.1333618164062,594.3333129882812,600.4000244140625,594960,406.8375760541807,0.0,1.0,yahoo,2023-12-13 16:24:29
2005-02-10,OIH,603.6666870117188,621.0,602.3333129882812,619.7999877929688,515010,419.98320189641254,0.0,1.0,yahoo,2023-12-13 16:24:29
2005-02-11,OIH,619.6666870117188,630.5333251953125,619.3333129882812,629.6666870117188,428580,426.668984425701,0.0,1.0,yahoo,2023-12-13 16:24:29
2005-02-14,OIH,628.3333129882812,636.5999755859375,618.5999755859375,621.3333129882812,451140,421.03111490395116,0.013333,1.0,yahoo,2023-12-13 16:24:29
2005-02-15,OIH,620.0,627.6666870117188,617.066650390625,621.3333129882812,373620,421.03111490395116,0.0,1.0,yahoo,2023-12-13 16:24:29
2005-02-16,OIH,622.3333129882812,639.5333251953125,622.3333129882812,638.2666625976562,569220,432.5055794402314,0.0,1.0,yahoo,2023-12-13 16:24:29
2005-02-17,OIH,638.6666870117188,644.7999877929688,628.5999755859375,628.7333374023438,627840,426.0455579802199,0.0,1.0,yahoo,2023-12-13 16:24:29
2005-02-18,OIH,630.3333129882812,642.8666381835938,630.3333129882812,642.0,436620,435.0353829707417,0.0,1.0,yahoo,2023-12-13 16:24:29
2005-02-22,OIH,649.933349609375,649.933349609375,630.6666870117188,631.6666870117188,421740,428.0332696168266,0.0,1.0,yahoo,2023-12-13 16:24:29
2005-02-23,OIH,631.6666870117188,641.7333374023438,631.2666625976562,641.0,366030,434.35775776362215,0.0,1.0,yahoo,2023-12-13 16:24:29
2005-02-24,OIH,645.5999755859375,649.2000122070312,631.5333251953125,649.0,590580,439.7787594205784,0.0,1.0,yahoo,2023-12-13 16:24:29
2005-02-25,OIH,648.6666870117188,658.5999755859375,644.7333374023438,656.2000122070312,702660,444.6576691836312,0.0,1.0,yahoo,2023-12-13 16:24:29
2005-02-28,OIH,660.0,665.8666381835938,639.7999877929688,649.1333618164062,806610,439.9719361486624,0.153333,1.0,yahoo,2023-12-13 16:24:29
2005-03-01,OIH,645.1333618164062,652.2666625976562,631.3333129882812,632.6666870117188,817935,428.93444013927115,0.186667,1.0,yahoo,2023-12-13 16:24:29
2005-03-02,OIH,631.933349609375,645.6666870117188,628.7999877929688,640.3333129882812,785925,434.132248066454,0.0,1.0,yahoo,2023-12-13 16:24:29
2005-03-03,OIH,646.6666870117188,656.0,646.0,654.6666870117188,639615,443.84996813654215,0.0,1.0,yahoo,2023-12-13 16:24:29
2005-03-04,OIH,655.5999755859375,668.2666625976562,651.6666870117188,666.066650390625,567375,451.57889872499396,0.0,1.0,yahoo,2023-12-13 16:24:29
2005-03-07,OIH,662.7999877929688,664.7333374023438,653.933349609375,661.933349609375,548310,448.77660947390865,0.0,1.0,yahoo,2023-12-13 16:24:29
2005-03-08,OIH,661.3333129882812,668.6666870117188,656.4666748046875,656.933349609375,568020,445.3867167472562,0.0,1.0,yahoo,2023-12-13 16:24:29
2005-03-09,OIH,659.3333129882812,664.1333618164062,640.0,640.6666870117188,964260,434.3582685019151,0.0,1.0,yahoo,2023-12-13 16:24:29
2005-03-10,OIH,640.2666625976562,640.2666625976562,623.7333374023438,628.3333129882812,1276770,425.996505522488,0.0,1.0,yahoo,2023-12-13 16:24:29
2005-03-11,OIH,624.6666870117188,640.5999755859375,624.3333129882812,631.4000244140625,844005,428.18470384815924,0.16,1.0,yahoo,2023-12-13 16:24:29
2005-03-14,OIH,628.7999877929688,640.8666381835938,620.8666381835938,638.5333251953125,621570,433.02216055449026,0.0,1.0,yahoo,2023-12-13 16:24:29
2005-03-15,OIH,638.7333374023438,649.5333251953125,629.066650390625,629.6666870117188,709020,427.0092389549162,0.0,1.0,yahoo,2023-12-13 16:24:29
2005-03-16,OIH,627.4666748046875,638.2000122070312,623.0,628.3333129882812,820860,426.1050097194577,0.0,1.0,yahoo,2023-12-13 16:24:29
2005-03-17,OIH,634.7333374023438,638.2666625976562,629.066650390625,631.933349609375,759720,428.5463789859161,0.0,1.0,yahoo,2023-12-13 16:24:29
2005-03-18,OIH,633.5333251953125,642.066650390625,632.6666870117188,636.0,652800,431.304182954612,0.0,1.0,yahoo,2023-12-13 16:24:29
2005-03-21,OIH,636.0,642.6666870117188,629.1333618164062,635.2000122070312,523455,430.76167024797667,0.0,1.0,yahoo,2023-12-13 16:24:29
2005-03-22,OIH,636.3333129882812,654.933349609375,635.2666625976562,640.066650390625,1051935,434.0619869233078,0.0,1.0,yahoo,2023-12-13 16:24:29
2005-03-23,OIH,637.3333129882812,637.3333129882812,615.1333618164062,618.6666870117188,1236780,419.5495754132484,0.0,1.0,yahoo,2023-12-13 16:24:29
2005-03-24,OIH,623.0,629.3333129882812,619.2666625976562,622.7333374023438,673500,422.30737938194426,0.0,1.0,yahoo,2023-12-13 16:24:29
2005-03-28,OIH,621.5333251953125,634.4666748046875,620.3333129882812,631.3333129882812,542040,428.1394634126399,0.0,1.0,yahoo,2023-12-13 16:24:29
2005-03-29,OIH,637.6666870117188,638.6666870117188,613.3333129882812,613.3333129882812,687210,415.9986333306436,0.1,1.0,yahoo,2023-12-13 16:24:29
2005-03-30,OIH,614.3333129882812,622.5333251953125,601.3333129882812,621.4000244140625,1360110,421.46995024354345,0.0,1.0,yahoo,2023-12-13 16:24:29
2005-03-31,OIH,631.6666870117188,645.6666870117188,631.6666870117188,641.0,860610,434.763803494948,0.0,1.0,yahoo,2023-12-13 16:24:29
2005-04-01,OIH,646.0,658.2000122070312,644.066650390625,658.0,815595,446.2942007795254,0.0,1.0,yahoo,2023-12-13 16:24:29
2005-04-04,OIH,662.8666381835938,668.6666870117188,645.2000122070312,652.3333129882812,1011690,442.4507212187918,0.0,1.0,yahoo,2023-12-13 16:24:29
2005-04-05,OIH,649.0,656.8666381835938,641.3333129882812,647.3333129882812,1000305,439.05942789979844,0.0,1.0,yahoo,2023-12-13 16:24:29
2005-04-06,OIH,646.3333129882812,663.3333129882812,645.6666870117188,661.3333129882812,1046685,448.5550491929798,0.0,1.0,yahoo,2023-12-13 16:24:29
2005-04-07,OIH,668.0,668.5333251953125,646.5999755859375,653.1333618164062,1069335,442.9933612679295,0.0,1.0,yahoo,2023-12-13 16:24:29
2005-04-08,OIH,649.5999755859375,657.0,639.4666748046875,640.0,975135,434.0855448311493,0.0,1.0,yahoo,2023-12-13 16:24:29
2005-04-11,OIH,638.3333129882812,653.0,631.4666748046875,645.6666870117188,815190,437.929024391883,0.0,1.0,yahoo,2023-12-13 16:24:29
2005-04-12,OIH,646.5333251953125,646.5333251953125,626.3333129882812,632.6666870117188,1008810,429.11166176250026,0.0,1.0,yahoo,2023-12-13 16:24:29
2005-04-13,OIH,628.0,638.0,615.6666870117188,617.066650390625,1095855,418.5308017686669,0.0,1.0,yahoo,2023-12-13 16:24:29
2005-04-14,OIH,618.7333374023438,626.4666748046875,610.3333129882812,611.0,1044660,414.4160435809879,0.0,1.0,yahoo,2023-12-13 16:24:29
2005-04-15,OIH,615.3333129882812,617.2666625976562,595.4666748046875,596.4000244140625,1292340,404.5134836485767,0.0,1.0,yahoo,2023-12-13 16:24:29
2005-04-18,OIH,596.0,610.0,593.933349609375,604.5333251953125,728265,410.02996536874,0.0,1.0,yahoo,2023-12-13 16:24:29
2005-04-19,OIH,608.066650390625,624.1333618164062,608.066650390625,620.2000122070312,639315,420.65603156746033,0.0,1.0,yahoo,2023-12-13 16:24:29
2005-04-20,OIH,620.3333129882812,629.8666381835938,610.5333251953125,610.933349609375,1213020,414.3708373761009,0.0,1.0,yahoo,2023-12-13 16:24:29
2005-04-21,OIH,613.3333129882812,630.0,610.4000244140625,629.0,565650,426.62469952936397,0.0,1.0,yahoo,2023-12-13 16:24:29
2005-04-22,OIH,634.0,641.3333129882812,623.8666381835938,633.3333129882812,817185,429.56380660661705,0.0,1.0,yahoo,2023-12-13 16:24:29
2005-04-25,OIH,641.6666870117188,643.2666625976562,636.1333618164062,640.1333618164062,511980,434.1759986385468,0.0,1.0,yahoo,2023-12-13 16:24:29
2005-04-26,OIH,637.4666748046875,641.8666381835938,625.5333251953125,625.7999877929688,1001640,424.45426352568353,0.0,1.0,yahoo,2023-12-13 16:24:29
2005-04-27,OIH,626.5333251953125,626.5999755859375,603.2000122070312,605.6666870117188,1122150,410.79867783993615,0.0,1.0,yahoo,2023-12-13 16:24:29
2005-04-28,OIH,599.3333129882812,605.8666381835938,592.5999755859375,595.4666748046875,1260390,403.91155282940525,0.046667,1.0,yahoo,2023-12-13 16:24:29
2005-04-29,OIH,600.0,606.1333618164062,587.1333618164062,593.5333251953125,994335,402.6001406615608,0.0,1.0,yahoo,2023-12-13 16:24:29
2005-05-02,OIH,590.0,610.933349609375,589.4666748046875,610.0,656370,413.76966613077315,0.0,1.0,yahoo,2023-12-13 16:24:29
2005-05-03,OIH,606.0,607.5999755859375,591.933349609375,593.6666870117188,912360,402.69060143901817,0.0,1.0,yahoo,2023-12-13 16:24:29
2005-05-04,OIH,596.933349609375,608.2000122070312,588.4000244140625,604.3333129882812,1044090,409.925890404697,0.0,1.0,yahoo,2023-12-13 16:24:29
2005-05-05,OIH,606.7999877929688,615.0,602.2000122070312,609.1333618164062,930420,413.3003575023955,0.173333,1.0,yahoo,2023-12-13 16:24:29
2005-05-06,OIH,612.4000244140625,618.933349609375,609.3333129882812,610.6666870117188,547680,414.34072713426133,0.0,1.0,yahoo,2023-12-13 16:24:29
2005-05-09,OIH,611.7333374023438,621.4666748046875,609.3333129882812,620.7999877929688,457590,421.2162278014407,0.0,1.0,yahoo,2023-12-13 16:24:29
2005-05-10,OIH,619.0,620.7999877929688,605.4000244140625,606.066650390625,637740,411.2195768259727,0.0,1.0,yahoo,2023-12-13 16:24:29
2005-05-11,OIH,601.7999877929688,609.6666870117188,598.6666870117188,606.1333618164062,712470,411.2648408976083,0.0,1.0,yahoo,2023-12-13 16:24:29
2005-05-12,OIH,602.5999755859375,603.7333374023438,577.6666870117188,578.6666870117188,1382925,392.6285500165304,0.0,1.0,yahoo,2023-12-13 16:24:29
2005-05-13,OIH,581.0,584.6666870117188,569.4666748046875,572.7333374023438,1024560,388.60273946590013,0.0,1.0,yahoo,2023-12-13 16:24:29
2005-05-16,OIH,567.4000244140625,575.2000122070312,561.066650390625,575.066650390625,1359810,390.1859052431709,0.0,1.0,yahoo,2023-12-13 16:24:29
2005-05-17,OIH,573.4000244140625,583.3333129882812,572.0,582.3333129882812,808710,395.11637603614287,0.0,1.0,yahoo,2023-12-13 16:24:29
2005-05-18,OIH,586.2000122070312,589.4000244140625,572.6666870117188,577.0,1108845,391.49769365408486,0.0,1.0,yahoo,2023-12-13 16:24:29
2005-05-19,OIH,576.6666870117188,589.5333251953125,576.6666870117188,589.1333618164062,842985,399.73024680381377,0.0,1.0,yahoo,2023-12-13 16:24:29
2005-05-20,OIH,590.0,596.066650390625,585.8666381835938,586.6666870117188,508500,398.0565942959631,0.0,1.0,yahoo,2023-12-13 16:24:29
2005-05-23,OIH,583.1333618164062,596.6666870117188,583.0,595.8666381835938,583440,404.29881208715767,0.0,1.0,yahoo,2023-12-13 16:24:29
2005-05-24,OIH,598.066650390625,602.0,595.0,598.933349609375,548220,406.37959276358055,0.0,1.0,yahoo,2023-12-13 16:24:29
2005-05-25,OIH,598.2666625976562,614.0,595.066650390625,610.6666870117188,900570,414.34072713426133,0.0,1.0,yahoo,2023-12-13 16:24:29
2005-05-26,OIH,611.4666748046875,615.0,609.0,614.8666381835938,447030,417.1904172508104,0.0,1.0,yahoo,2023-12-13 16:24:29
2005-05-27,OIH,618.4666748046875,623.8666381835938,614.4666748046875,622.2666625976562,438180,422.2113747743622,0.0,1.0,yahoo,2023-12-13 16:24:29
2005-05-31,OIH,616.7999877929688,623.3333129882812,609.5333251953125,621.3333129882812,690270,421.70459446756024,0.186667,1.0,yahoo,2023-12-13 16:24:29
2005-06-01,OIH,621.8666381835938,633.4666748046875,621.8666381835938,628.7333374023438,681795,426.72705862544314,0.0,1.0,yahoo,2023-12-13 16:24:29
2005-06-02,OIH,626.6666870117188,633.5999755859375,620.6666870117188,630.7333374023438,712440,428.08447689242576,0.0,1.0,yahoo,2023-12-13 16:24:29
2005-06-03,OIH,631.6666870117188,641.0,631.6666870117188,635.7333374023438,494265,431.4780225598823,0.0,1.0,yahoo,2023-12-13 16:24:29
2005-06-06,OIH,636.4666748046875,642.7999877929688,633.7333374023438,639.2000122070312,491550,433.9719639346316,0.206667,1.0,yahoo,2023-12-13 16:24:29
2005-06-07,OIH,637.0,644.6666870117188,630.3333129882812,630.3333129882812,771720,427.9520972260992,0.0,1.0,yahoo,2023-12-13 16:24:29
2005-06-08,OIH,628.7999877929688,645.3333129882812,628.2666625976562,635.6666870117188,1195950,431.5730840145029,0.0,1.0,yahoo,2023-12-13 16:24:29
2005-06-09,OIH,636.7333374023438,659.1333618164062,636.3333129882812,657.8666381835938,1020990,446.6452933782773,0.0,1.0,yahoo,2023-12-13 16:24:29
2005-06-10,OIH,659.6666870117188,666.3333129882812,653.933349609375,661.5999755859375,870525,449.1799675547242,0.0,1.0,yahoo,2023-12-13 16:24:29
2005-06-13,OIH,659.933349609375,665.6666870117188,655.2666625976562,664.6666870117188,701085,451.37120816163934,0.16,1.0,yahoo,2023-12-13 16:24:29
2005-06-14,OIH,665.8666381835938,671.4666748046875,662.5999755859375,668.7999877929688,566880,454.17810822716854,0.0,1.0,yahoo,2023-12-13 16:24:29
2005-06-15,OIH,673.7333374023438,678.933349609375,665.0,678.4000244140625,881850,460.69743620423424,0.0,1.0,yahoo,2023-12-13 16:24:29
2005-06-16,OIH,677.8666381835938,687.1333618164062,676.0,685.8666381835938,733185,465.7679693660237,0.0,1.0,yahoo,2023-12-13 16:24:29
2005-06-17,OIH,693.3333129882812,693.3333129882812,677.7333374023438,692.7333374023438,1017795,470.4311041116276,0.0,1.0,yahoo,2023-12-13 16:24:29
2005-06-20,OIH,695.066650390625,697.1333618164062,685.5333251953125,689.3333129882812,751230,468.12216768146857,0.0,1.0,yahoo,2023-12-13 16:24:29
2005-06-21,OIH,684.4000244140625,686.6666870117188,674.0,674.5999755859375,959775,458.1168455651343,0.0,1.0,yahoo,2023-12-13 16:24:29
2005-06-22,OIH,675.066650390625,683.4666748046875,670.6666870117188,683.3333129882812,918195,464.04760323903236,0.0,1.0,yahoo,2023-12-13 16:24:29
2005-06-23,OIH,683.8666381835938,703.0,679.7999877929688,689.0,1063245,467.8958168064264,0.0,1.0,yahoo,2023-12-13 16:24:29
2005-06-24,OIH,693.3333129882812,697.3333129882812,683.6666870117188,686.0,642885,465.8585345852083,0.0,1.0,yahoo,2023-12-13 16:24:29
2005-06-27,OIH,691.6666870117188,700.3333129882812,690.0,694.6666870117188,678795,471.74403037382046,0.0,1.0,yahoo,2023-12-13 16:24:29
2005-06-28,OIH,691.0,692.4000244140625,678.0,679.3333129882812,793335,461.46408608205,0.2,1.0,yahoo,2023-12-13 16:24:29
2005-06-29,OIH,676.933349609375,685.0,672.6666870117188,680.6666870117188,671925,462.36983325117455,0.0,1.0,yahoo,2023-12-13 16:24:29
2005-06-30,OIH,679.3333129882812,692.0,677.6666870117188,679.4000244140625,789045,461.50940246289105,0.0,1.0,yahoo,2023-12-13 16:24:29
2005-07-01,OIH,681.4666748046875,688.3333129882812,677.5999755859375,685.933349609375,491775,465.94742262573226,0.0,1.0,yahoo,2023-12-13 16:24:29
2005-07-05,OIH,691.2000122070312,710.933349609375,691.0,710.5333251953125,664800,482.65793134709867,0.0,1.0,yahoo,2023-12-13 16:24:29
2005-07-06,OIH,713.6666870117188,716.8666381835938,698.933349609375,702.5333251953125,679785,477.2236141745503,0.0,1.0,yahoo,2023-12-13 16:24:29
2005-07-07,OIH,692.7333374023438,703.3333129882812,688.4000244140625,701.3333129882812,1129815,476.4084583065581,0.0,1.0,yahoo,2023-12-13 16:24:29
2005-07-08,OIH,703.0,707.7999877929688,691.3333129882812,694.0,761355,471.42701471857197,0.0,1.0,yahoo,2023-12-13 16:24:29
2005-07-11,OIH,688.0,703.8666381835938,684.6666870117188,703.066650390625,671115,477.5858964579802,0.0,1.0,yahoo,2023-12-13 16:24:29
2005-07-12,OIH,707.6666870117188,720.0,701.1333618164062,715.0,696075,485.69209729651146,0.0,1.0,yahoo,2023-12-13 16:24:29
2005-07-13,OIH,714.0,718.7999877929688,704.5333251953125,705.0,681855,478.899200830826,0.0,1.0,yahoo,2023-12-13 16:24:29
2005-07-14,OIH,707.8666381835938,711.066650390625,683.5999755859375,688.0,1162605,467.3512768391607,0.0,1.0,yahoo,2023-12-13 16:24:29
2005-07-15,OIH,691.3333129882812,694.6666870117188,681.4666748046875,682.3333129882812,637170,463.5019550217557,0.0,1.0,yahoo,2023-12-13 16:24:29
2005-07-18,OIH,679.5999755859375,688.3333129882812,672.2000122070312,681.6666870117188,675705,463.04912289774313,0.0,1.0,yahoo,2023-12-13 16:24:29
2005-07-19,OIH,685.3333129882812,709.5999755859375,684.3333129882812,709.0,830595,481.61635941710017,0.0,1.0,yahoo,2023-12-13 16:24:29
2005-07-20,OIH,708.5333251953125,712.2000122070312,698.066650390625,705.6666870117188,849315,479.35207441538824,0.0,1.0,yahoo,2023-12-13 16:24:29
2005-07-21,OIH,703.5333251953125,713.6666870117188,696.066650390625,703.5333251953125,921105,477.90290382111885,0.0,1.0,yahoo,2023-12-13 16:24:29
2005-07-22,OIH,717.3333129882812,743.3333129882812,716.2000122070312,742.5999755859375,1068945,504.4404749575835,0.0,1.0,yahoo,2023-12-13 16:24:29
2005-07-25,OIH,740.5999755859375,755.7999877929688,735.1333618164062,751.2000122070312,839595,510.28239079440283,0.0,1.0,yahoo,2023-12-13 16:24:29
2005-07-26,OIH,751.6666870117188,754.0,740.0,750.4666748046875,744090,509.78424228954924,0.0,1.0,yahoo,2023-12-13 16:24:29
2005-07-27,OIH,750.8666381835938,756.6666870117188,740.2000122070312,756.6666870117188,810495,513.9958463903841,0.0,1.0,yahoo,2023-12-13 16:24:29
2005-07-28,OIH,759.5333251953125,762.933349609375,748.5333251953125,759.2000122070312,849750,515.8166902812411,0.146667,1.0,yahoo,2023-12-13 16:24:29
2005-07-29,OIH,762.066650390625,765.0,753.7333374023438,754.066650390625,460470,512.3289747127741,0.0,1.0,yahoo,2023-12-13 16:24:29
2005-08-01,OIH,759.933349609375,768.0,756.6666870117188,763.066650390625,467985,518.4529337858733,0.013333,1.0,yahoo,2023-12-13 16:24:29
2005-08-02,OIH,769.8666381835938,780.5333251953125,768.6666870117188,780.5333251953125,875265,530.3203752358937,0.0,1.0,yahoo,2023-12-13 16:24:29
2005-08-03,OIH,784.6666870117188,786.6666870117188,772.2000122070312,775.5999755859375,1006680,526.9684929631427,0.0,1.0,yahoo,2023-12-13 16:24:29
2005-08-04,OIH,775.0,788.7333374023438,775.0,780.2666625976562,623730,530.2485817651783,0.16,1.0,yahoo,2023-12-13 16:24:29
2005-08-05,OIH,782.3333129882812,783.3333129882812,764.4666748046875,771.6666870117188,879300,524.4042658713312,0.0,1.0,yahoo,2023-12-13 16:24:29
2005-08-08,OIH,775.066650390625,788.2000122070312,775.066650390625,780.7999877929688,549060,530.6110154586705,0.0,1.0,yahoo,2023-12-13 16:24:29
2005-08-09,OIH,782.6666870117188,782.6666870117188,770.3333129882812,773.3333129882812,524070,525.5368607940248,0.0,1.0,yahoo,2023-12-13 16:24:29
2005-08-10,OIH,775.0,789.6666870117188,771.5333251953125,787.2000122070312,888870,534.9603027363316,0.0,1.0,yahoo,2023-12-13 16:24:29
2005-08-11,OIH,787.2000122070312,795.3333129882812,783.8666381835938,791.4000244140625,893310,537.8145199199295,0.0,1.0,yahoo,2023-12-13 16:24:29
2005-08-12,OIH,793.3333129882812,794.6666870117188,780.3333129882812,780.6666870117188,662370,530.5204277742362,0.0,1.0,yahoo,2023-12-13 16:24:29
2005-08-15,OIH,777.0,782.5333251953125,768.933349609375,772.2000122070312,631515,524.8563417537106,0.133333,1.0,yahoo,2023-12-13 16:24:29
2005-08-16,OIH,770.0,778.3333129882812,757.2666625976562,758.0,1004985,515.2047406891896,0.0,1.0,yahoo,2023-12-13 16:24:29
2005-08-17,OIH,758.0,765.6666870117188,741.066650390625,742.2000122070312,1269450,504.4656528082281,0.0,1.0,yahoo,2023-12-13 16:24:29
2005-08-18,OIH,737.6666870117188,749.3333129882812,736.4000244140625,742.0,788460,504.32970658493235,0.0,1.0,yahoo,2023-12-13 16:24:29
2005-08-19,OIH,749.5333251953125,758.5333251953125,748.8666381835938,753.3333129882812,674010,512.0328419137936,0.0,1.0,yahoo,2023-12-13 16:24:29
2005-08-22,OIH,756.1333618164062,760.8666381835938,741.933349609375,748.6666870117188,899325,508.8609846233605,0.0,1.0,yahoo,2023-12-13 16:24:29
2005-08-23,OIH,751.1333618164062,756.2666625976562,740.6666870117188,752.3333129882812,1076025,511.35315228227756,0.0,1.0,yahoo,2023-12-13 16:24:29
2005-08-24,OIH,755.5999755859375,770.0,749.5333251953125,765.6666870117188,1327740,520.4157083591339,0.0,1.0,yahoo,2023-12-13 16:24:29
2005-08-25,OIH,762.6666870117188,763.5333251953125,756.0,762.0,586185,517.923499215254,0.0,1.0,yahoo,2023-12-13 16:24:29
2005-08-26,OIH,761.4666748046875,765.7333374023438,750.6666870117188,752.4000244140625,520830,511.39849534668474,0.0,1.0,yahoo,2023-12-13 16:24:29
2005-08-29,OIH,765.3333129882812,771.6666870117188,751.0,755.8666381835938,1142310,513.754716782306,0.0,1.0,yahoo,2023-12-13 16:24:29
2005-08-30,OIH,759.933349609375,776.0,758.4666748046875,770.066650390625,931545,523.4063178468269,0.0,1.0,yahoo,2023-12-13 16:24:29
2005-08-31,OIH,770.5999755859375,800.0,769.5999755859375,796.1333618164062,1417695,541.2547934915111,0.186667,1.0,yahoo,2023-12-13 16:24:29
2005-09-01,OIH,804.6666870117188,812.4666748046875,790.7999877929688,806.5333251953125,1304625,548.3252546742034,0.0,1.0,yahoo,2023-12-13 16:24:29
2005-09-02,OIH,800.2000122070312,803.5999755859375,786.1333618164062,787.4666748046875,747030,535.4645070424136,0.153333,1.0,yahoo,2023-12-13 16:24:29
2005-09-06,OIH,790.5333251953125,796.2666625976562,777.1333618164062,795.3333129882812,787440,540.8136928198358,0.0,1.0,yahoo,2023-12-13 16:24:29
2005-09-07,OIH,794.066650390625,801.2666625976562,789.7999877929688,794.3333129882812,779340,540.133709114906,0.0,1.0,yahoo,2023-12-13 16:24:29
2005-09-08,OIH,796.0,800.2000122070312,789.6666870117188,789.6666870117188,585045,536.9604794938415,0.0,1.0,yahoo,2023-12-13 16:24:29
2005-09-09,OIH,796.6666870117188,808.5999755859375,793.933349609375,808.4666748046875,650220,549.7441648459387,0.0,1.0,yahoo,2023-12-13 16:24:29
2005-09-12,OIH,804.4666748046875,805.933349609375,785.7999877929688,787.0,761010,535.1471757797249,0.0,1.0,yahoo,2023-12-13 16:24:29
2005-09-13,OIH,787.3333129882812,793.3333129882812,777.6666870117188,778.6666870117188,600075,529.5793522781917,0.146667,1.0,yahoo,2023-12-13 16:24:29
2005-09-14,OIH,783.6666870117188,794.6666870117188,780.5999755859375,790.2000122070312,718245,537.4232872871327,0.0,1.0,yahoo,2023-12-13 16:24:29
2005-09-15,OIH,793.1333618164062,801.6666870117188,781.5999755859375,793.933349609375,1035735,539.9623690744334,0.0,1.0,yahoo,2023-12-13 16:24:29
2005-09-16,OIH,799.7999877929688,802.4000244140625,792.6666870117188,796.6666870117188,1006410,541.8213404099686,0.0,1.0,yahoo,2023-12-13 16:24:29
2005-09-19,OIH,807.7999877929688,828.5333251953125,796.4666748046875,824.6666870117188,806745,560.8644330593992,0.0,1.0,yahoo,2023-12-13 16:24:29
2005-09-20,OIH,824.0,827.2666625976562,813.066650390625,821.0,708555,558.3706808993769,0.0,1.0,yahoo,2023-12-13 16:24:29
2005-09-21,OIH,833.3333129882812,836.0,815.4000244140625,822.6666870117188,881295,559.5042121558685,0.0,1.0,yahoo,2023-12-13 16:24:29
2005-09-22,OIH,831.6666870117188,832.5333251953125,801.7999877929688,815.2666625976562,1270335,554.4713782085455,0.0,1.0,yahoo,2023-12-13 16:24:29
2005-09-23,OIH,812.0,812.6666870117188,794.6666870117188,800.0,898710,544.0883614123039,0.0,1.0,yahoo,2023-12-13 16:24:29
2005-09-26,OIH,795.3333129882812,823.1333618164062,795.3333129882812,822.2000122070312,1069905,559.1868217436248,0.0,1.0,yahoo,2023-12-13 16:24:29
2005-09-27,OIH,816.7999877929688,823.6666870117188,812.3333129882812,822.7333374023438,502380,559.5495417831468,0.0,1.0,yahoo,2023-12-13 16:24:29
2005-09-28,OIH,823.5999755859375,827.2666625976562,814.6666870117188,826.933349609375,785550,562.5427637017378,0.2,1.0,yahoo,2023-12-13 16:24:29
2005-09-29,OIH,831.933349609375,839.3333129882812,826.6666870117188,838.6666870117188,1047495,570.524669441635,0.0,1.0,yahoo,2023-12-13 16:24:29
2005-09-30,OIH,836.6666870117188,839.1333618164062,824.8666381835938,826.6666870117188,623715,562.3613595840634,0.0,1.0,yahoo,2023-12-13 16:24:29
2005-10-03,OIH,827.4000244140625,833.7333374023438,817.8666381835938,823.3333129882812,475470,560.0937458320217,0.0,1.0,yahoo,2023-12-13 16:24:29
2005-10-04,OIH,821.6666870117188,823.4666748046875,795.0,797.3333129882812,864990,542.4065744739501,0.0,1.0,yahoo,2023-12-13 16:24:29
2005-10-05,OIH,796.4000244140625,799.4000244140625,761.6666870117188,764.0,2161305,519.7307275987206,0.0,1.0,yahoo,2023-12-13 16:24:29
2005-10-06,OIH,748.6666870117188,763.3333129882812,735.066650390625,744.0,2502645,506.12521116943475,0.0,1.0,yahoo,2023-12-13 16:24:29
2005-10-07,OIH,755.933349609375,761.7999877929688,747.0,760.7999877929688,1082775,517.5538366658867,0.0,1.0,yahoo,2023-12-13 16:24:29
2005-10-10,OIH,760.066650390625,762.2000122070312,742.6666870117188,750.4000244140625,1021275,510.47899303510263,0.0,1.0,yahoo,2023-12-13 16:24:29
2005-10-11,OIH,759.8666381835938,768.6666870117188,758.4000244140625,760.8666381835938,918540,517.59917731512,0.0,1.0,yahoo,2023-12-13 16:24:29
2005-10-12,OIH,760.7333374023438,766.6666870117188,742.4666748046875,749.3333129882812,1137165,509.7533350436639,0.0,1.0,yahoo,2023-12-13 16:24:29
2005-10-13,OIH,743.2000122070312,745.1333618164062,713.5333251953125,729.066650390625,2060940,495.96641449670363,0.0,1.0,yahoo,2023-12-13 16:24:29
2005-10-14,OIH,724.6666870117188,750.933349609375,716.6666870117188,746.7999877929688,1580100,508.02997516538653,0.0,1.0,yahoo,2023-12-13 16:24:29
2005-10-17,OIH,757.3333129882812,763.3333129882812,751.2000122070312,754.4000244140625,1136865,513.2000963209598,0.0,1.0,yahoo,2023-12-13 16:24:29
2005-10-18,OIH,746.066650390625,754.933349609375,718.8666381835938,720.5333251953125,1483680,490.1613996896405,0.0,1.0,yahoo,2023-12-13 16:24:29
2005-10-19,OIH,721.2000122070312,741.0,703.0,740.066650390625,2091570,503.4494485328109,0.0,1.0,yahoo,2023-12-13 16:24:29
2005-10-20,OIH,736.5999755859375,743.7333374023438,705.0,718.6666870117188,2103390,488.8915708659196,0.0,1.0,yahoo,2023-12-13 16:24:29
2005-10-21,OIH,710.7333374023438,738.4000244140625,708.0,728.066650390625,1430685,495.2861386752394,0.0,1.0,yahoo,2023-12-13 16:24:29
2005-10-24,OIH,724.6666870117188,753.5999755859375,721.3333129882812,752.933349609375,1547520,512.2023529133801,0.0,1.0,yahoo,2023-12-13 16:24:29
2005-10-25,OIH,755.3333129882812,777.2000122070312,755.3333129882812,776.1333618164062,1583295,527.9847602754999,0.0,1.0,yahoo,2023-12-13 16:24:29
2005-10-26,OIH,775.3333129882812,803.7999877929688,769.0,777.4000244140625,2056140,528.8464402146386,0.0,1.0,yahoo,2023-12-13 16:24:29
2005-10-27,OIH,780.4000244140625,786.0,753.3333129882812,753.3333129882812,1745700,512.4744383295211,0.0,1.0,yahoo,2023-12-13 16:24:29
2005-10-28,OIH,756.4000244140625,776.066650390625,741.2000122070312,775.2666625976562,1508895,527.4605146111833,0.093333,1.0,yahoo,2023-12-13 16:24:29
2005-10-31,OIH,774.0,790.4000244140625,768.4000244140625,781.0,1180725,531.3612486973711,0.0,1.0,yahoo,2023-12-13 16:24:29
2005-11-01,OIH,774.7333374023438,793.6666870117188,773.7333374023438,793.3333129882812,946935,539.7523429227599,0.0,1.0,yahoo,2023-12-13 16:24:29
2005-11-02,OIH,791.0,817.3333129882812,791.0,814.0,1419645,553.8131324451474,0.0,1.0,yahoo,2023-12-13 16:24:29
2005-11-03,OIH,819.4000244140625,837.5333251953125,817.7333374023438,827.2666625976562,1440255,562.9637288106103,0.18,1.0,yahoo,2023-12-13 16:24:29
2005-11-04,OIH,821.4666748046875,824.6666870117188,798.3333129882812,800.0,1266630,544.4084760218697,0.0,1.0,yahoo,2023-12-13 16:24:29
2005-11-07,OIH,797.6666870117188,800.0,781.933349609375,791.6666870117188,1185360,538.7555269837129,0.026667,1.0,yahoo,2023-12-13 16:24:29
2005-11-08,OIH,786.5333251953125,805.8666381835938,780.7333374023438,795.6666870117188,1045275,541.4776601027271,0.0,1.0,yahoo,2023-12-13 16:24:29
2005-11-09,OIH,795.3333129882812,815.5333251953125,780.6666870117188,793.4000244140625,1808775,539.9351207710495,0.0,1.0,yahoo,2023-12-13 16:24:29
2005-11-10,OIH,787.1333618164062,788.933349609375,759.3333129882812,760.0,1731180,517.2052926126988,0.0,1.0,yahoo,2023-12-13 16:24:29
2005-11-11,OIH,757.6666870117188,767.1333618164062,750.6666870117188,762.7999877929688,1050180,519.1107774887178,0.0,1.0,yahoo,2023-12-13 16:24:29
2005-11-14,OIH,772.5999755859375,780.5999755859375,765.933349609375,774.0,896310,526.7327585292485,0.0,1.0,yahoo,2023-12-13 16:24:29
2005-11-15,OIH,770.8666381835938,791.1333618164062,767.2000122070312,770.6666870117188,1167450,524.4643281088884,0.0,1.0,yahoo,2023-12-13 16:24:29
2005-11-16,OIH,773.7999877929688,795.7999877929688,769.6666870117188,795.7999877929688,1137990,541.5683757205849,0.0,1.0,yahoo,2023-12-13 16:24:29
2005-11-17,OIH,803.6666870117188,807.3333129882812,791.3333129882812,801.4666748046875,1428285,545.4247448180067,0.0,1.0,yahoo,2023-12-13 16:24:29
2005-11-18,OIH,805.0,807.933349609375,791.6666870117188,800.2666625976562,1144080,544.6080965750115,0.0,1.0,yahoo,2023-12-13 16:24:29
2005-11-21,OIH,806.6666870117188,826.7333374023438,804.6666870117188,826.3333129882812,1066320,562.3473196575327,0.0,1.0,yahoo,2023-12-13 16:24:29
2005-11-22,OIH,835.3333129882812,849.3333129882812,830.3333129882812,844.6666870117188,1067325,574.8237908106512,0.0,1.0,yahoo,2023-12-13 16:24:29
2005-11-23,OIH,840.4666748046875,859.3333129882812,830.7999877929688,850.4666748046875,1313310,578.8074219373245,0.053333,1.0,yahoo,2023-12-13 16:24:29
2005-11-25,OIH,850.7999877929688,853.0,843.3333129882812,848.066650390625,330825,577.1740223170406,0.0,1.0,yahoo,2023-12-13 16:24:29
2005-11-28,OIH,841.6666870117188,841.6666870117188,815.0,815.5333251953125,1344630,555.0326137925126,0.0,1.0,yahoo,2023-12-13 16:24:29
2005-11-29,OIH,820.0,829.0,809.7999877929688,818.0,1164975,556.8388286366384,0.186667,1.0,yahoo,2023-12-13 16:24:29
2005-11-30,OIH,817.933349609375,840.6666870117188,816.5999755859375,833.0,1040895,567.0498096018579,0.0,1.0,yahoo,2023-12-13 16:24:29
2005-12-01,OIH,840.6666870117188,861.7333374023438,836.6666870117188,859.933349609375,1207860,585.3842042812532,0.0,1.0,yahoo,2023-12-13 16:24:29
2005-12-02,OIH,864.066650390625,869.5333251953125,849.6666870117188,861.2666625976562,1144065,586.2918331841879,0.0,1.0,yahoo,2023-12-13 16:24:29
2005-12-05,OIH,872.0,872.0,855.3333129882812,860.6666870117188,966885,585.9877351154589,0.153333,1.0,yahoo,2023-12-13 16:24:29
2005-12-06,OIH,857.6666870117188,873.3333129882812,855.7999877929688,863.1333618164062,765075,587.667178741985,0.0,1.0,yahoo,2023-12-13 16:24:29
2005-12-07,OIH,870.6666870117188,877.7999877929688,858.4666748046875,867.7999877929688,1660440,590.8444663353174,0.0,1.0,yahoo,2023-12-13 16:24:29
2005-12-08,OIH,869.3333129882812,896.1333618164062,868.3333129882812,895.0,1377300,609.3636838080556,0.0,1.0,yahoo,2023-12-13 16:24:29
2005-12-09,OIH,889.4000244140625,891.7999877929688,880.0,889.3333129882812,956970,605.5055013807391,0.0,1.0,yahoo,2023-12-13 16:24:29
2005-12-12,OIH,897.2000122070312,899.6666870117188,883.933349609375,898.933349609375,864825,612.04171778311,0.0,1.0,yahoo,2023-12-13 16:24:29
2005-12-13,OIH,903.4666748046876,907.7333374023438,883.3333129882812,883.3333129882812,1113105,601.4783708016929,0.086667,1.0,yahoo,2023-12-13 16:24:29
2005-12-14,OIH,883.3333129882812,898.6666870117188,877.933349609375,898.3333129882812,1522080,611.6921546920612,0.0,1.0,yahoo,2023-12-13 16:24:29
2005-12-15,OIH,893.5999755859375,898.4000244140625,878.5999755859375,889.7333374023438,1183155,605.8362685522472,0.0,1.0,yahoo,2023-12-13 16:24:29
2005-12-16,OIH,890.4666748046875,892.6666870117188,868.066650390625,869.1333618164062,918480,591.8714425964438,0.093333,1.0,yahoo,2023-12-13 16:24:29
2005-12-19,OIH,873.2666625976562,877.7999877929688,853.3333129882812,858.0,1580190,584.289730504006,0.0,1.0,yahoo,2023-12-13 16:24:29
2005-12-20,OIH,857.5999755859375,879.933349609375,857.5999755859375,875.4666748046875,855300,596.1843677003137,0.0,1.0,yahoo,2023-12-13 16:24:29
2005-12-21,OIH,879.2000122070312,888.2000122070312,872.8666381835938,881.2666625976562,1278795,600.1341034864212,0.0,1.0,yahoo,2023-12-13 16:24:29
2005-12-22,OIH,885.2666625976562,888.8666381835938,875.6666870117188,881.3333129882812,645600,600.1794917600532,0.0,1.0,yahoo,2023-12-13 16:24:29
2005-12-23,OIH,874.7333374023438,880.933349609375,860.0,880.933349609375,807450,599.907120553908,0.0,1.0,yahoo,2023-12-13 16:24:29
2005-12-27,OIH,872.4000244140625,873.3333129882812,843.933349609375,854.4666748046875,1176945,581.8835701005653,0.0,1.0,yahoo,2023-12-13 16:24:29
2005-12-28,OIH,856.3333129882812,872.4000244140625,852.6666870117188,868.2000122070312,1172085,591.4434940697003,0.3,1.0,yahoo,2023-12-13 16:24:29
2005-12-29,OIH,864.6666870117188,871.5333251953125,853.7999877929688,854.3333129882812,875205,581.9970889535535,0.0,1.0,yahoo,2023-12-13 16:24:29
2005-12-30,OIH,846.8666381835938,870.3333129882812,843.6666870117188,858.6666870117188,736290,584.9491113418251,0.0,1.0,yahoo,2023-12-13 16:24:29
2006-01-03,OIH,868.2000122070312,906.6666870117188,868.2000122070312,905.7333374023438,1382925,617.0123038893854,0.0,1.0,yahoo,2023-12-13 16:24:29
2006-01-04,OIH,900.2666625976562,922.6666870117188,893.3333129882812,922.0,1475205,628.093634951745,0.0,1.0,yahoo,2023-12-13 16:24:29
2006-01-05,OIH,918.3333129882812,918.933349609375,892.3333129882812,903.3333129882812,1746135,615.3773363642212,0.0,1.0,yahoo,2023-12-13 16:24:29
2006-01-06,OIH,917.2000122070312,934.933349609375,913.5999755859376,933.3333129882812,1133790,635.8142225340176,0.0,1.0,yahoo,2023-12-13 16:24:29
2006-01-09,OIH,933.2666625976562,935.2666625976562,916.933349609375,931.4666748046876,1104495,634.5426134647411,0.0,1.0,yahoo,2023-12-13 16:24:29
2006-01-10,OIH,930.0,951.6666870117188,929.5333251953124,949.8666381835938,909195,647.0772120348453,0.0,1.0,yahoo,2023-12-13 16:24:29
2006-01-11,OIH,946.7333374023438,964.7999877929688,930.0,960.0,1359255,653.9803574334871,0.0,1.0,yahoo,2023-12-13 16:24:29
2006-01-12,OIH,964.5333251953124,971.7999877929688,938.1333618164062,939.7999877929688,1538925,640.219512430034,0.0,1.0,yahoo,2023-12-13 16:24:29
2006-01-13,OIH,935.2000122070312,955.2666625976562,934.933349609375,949.4666748046876,1167990,646.8047451666189,0.0,1.0,yahoo,2023-12-13 16:24:29
2006-01-17,OIH,966.0,971.0,961.0,965.7999877929688,813810,657.9314804438576,0.0,1.0,yahoo,2023-12-13 16:24:29
2006-01-18,OIH,963.6666870117188,964.7333374023438,942.7333374023438,955.3333129882812,1494990,650.8012723918683,0.0,1.0,yahoo,2023-12-13 16:24:29
2006-01-19,OIH,960.0,995.6666870117188,957.7333374023438,991.8666381835938,1691025,675.7265761822481,0.053333,1.0,yahoo,2023-12-13 16:24:29
2006-01-20,OIH,1005.1333618164062,1026.199951171875,996.3333129882812,1011.6666870117188,2183040,689.2157073696545,0.0,1.0,yahoo,2023-12-13 16:24:29
2006-01-23,OIH,1010.7999877929688,1038.0,1001.1333618164062,1035.5333251953125,1850325,705.4752740129225,0.0,1.0,yahoo,2023-12-13 16:24:29
2006-01-24,OIH,1026.4000244140625,1034.0,1019.0,1024.4666748046875,1388940,697.9359239729237,0.0,1.0,yahoo,2023-12-13 16:24:29
2006-01-25,OIH,1028.6666259765625,1028.6666259765625,983.3333129882812,993.3333129882812,2564985,676.7257741651132,0.0,1.0,yahoo,2023-12-13 16:24:29
2006-01-26,OIH,986.5333251953124,1001.933349609375,966.0,1001.2666625976562,1994280,682.1305079900325,0.0,1.0,yahoo,2023-12-13 16:24:29
2006-01-27,OIH,1016.0,1033.3333740234375,997.5333251953124,1019.2666625976562,1808790,694.3933242831126,0.0,1.0,yahoo,2023-12-13 16:24:29
2006-01-30,OIH,1028.0,1052.4000244140625,1028.0,1047.6666259765625,1390170,713.7412983745422,0.0,1.0,yahoo,2023-12-13 16:24:29
2006-01-31,OIH,1045.0,1045.7332763671875,1024.199951171875,1038.0,995070,707.1557395676255,0.0,1.0,yahoo,2023-12-13 16:24:29
2006-02-01,OIH,1043.7332763671875,1046.0,996.0,996.0,2114415,679.3234833716158,1.193333,1.0,yahoo,2023-12-13 16:24:29
2006-02-02,OIH,996.3333129882812,1011.933349609375,972.0,988.3333129882812,2365815,674.2162528483145,0.18,1.0,yahoo,2023-12-13 16:24:29
2006-02-03,OIH,993.3333129882812,1011.7333374023438,977.3333129882812,997.2666625976562,1580130,680.310360392667,0.0,1.0,yahoo,2023-12-13 16:24:29
2006-02-06,OIH,1011.6666870117188,1028.2667236328125,1007.6666870117188,1024.5999755859375,1372080,699.0499243771595,0.133333,1.0,yahoo,2023-12-13 16:24:29
2006-02-07,OIH,1006.7333374023438,1023.3333129882812,960.3333129882812,966.0,2263950,659.0691421421934,0.0,1.0,yahoo,2023-12-13 16:24:29
2006-02-08,OIH,968.0,978.7333374023438,943.6666870117188,969.8666381835938,2257365,661.7072186542383,0.0,1.0,yahoo,2023-12-13 16:24:29
2006-02-09,OIH,980.6666870117188,984.5999755859376,938.3333129882812,943.0,2215815,643.3770197102364,0.0,1.0,yahoo,2023-12-13 16:24:29
2006-02-10,OIH,948.6666870117188,956.933349609375,922.6666870117188,951.4666748046876,2083335,649.153545694007,0.0,1.0,yahoo,2023-12-13 16:24:29
2006-02-13,OIH,948.7333374023438,961.7999877929688,932.7999877929688,943.0,1820970,643.3770197102364,0.0,1.0,yahoo,2023-12-13 16:24:29
2006-02-14,OIH,915.7999877929688,926.6666870117188,906.6666870117188,914.2666625976562,2296920,623.7732349973535,0.0,1.0,yahoo,2023-12-13 16:24:29
2006-02-15,OIH,920.0,921.8666381835938,880.0,890.3333129882812,2463645,607.444319680956,0.0,1.0,yahoo,2023-12-13 16:24:29
2006-02-16,OIH,902.0,915.4666748046876,897.6666870117188,912.4000244140624,2210565,622.4996908706961,0.0,1.0,yahoo,2023-12-13 16:24:29
2006-02-17,OIH,927.6666870117188,931.4666748046876,907.066650390625,910.066650390625,1534125,620.9077086595948,0.0,1.0,yahoo,2023-12-13 16:24:29
2006-02-21,OIH,931.2666625976562,952.2000122070312,929.4666748046876,948.933349609375,1943730,647.4251435581458,0.0,1.0,yahoo,2023-12-13 16:24:29
2006-02-22,OIH,938.6666870117188,941.8666381835938,918.3333129882812,923.6666870117188,1433880,630.1865538655645,0.0,1.0,yahoo,2023-12-13 16:24:29
2006-02-23,OIH,925.933349609375,940.6666870117188,908.0,924.4000244140624,2194275,630.6868851830214,0.0,1.0,yahoo,2023-12-13 16:24:29
2006-02-24,OIH,940.2000122070312,945.0,931.5999755859376,933.2666625976562,1140840,636.7362926585354,0.0,1.0,yahoo,2023-12-13 16:24:29
2006-02-27,OIH,924.0,927.8666381835938,908.0,908.5999755859376,1088145,620.0310613171598,0.186667,1.0,yahoo,2023-12-13 16:24:29
2006-02-28,OIH,904.933349609375,909.4666748046876,890.4000244140625,908.4000244140624,1403535,620.0447460047513,0.22,1.0,yahoo,2023-12-13 16:24:29
2006-03-01,OIH,915.066650390625,928.933349609375,915.066650390625,926.6666870117188,921045,632.512984518972,0.0,1.0,yahoo,2023-12-13 16:24:29
2006-03-02,OIH,935.6666870117188,958.066650390625,932.2000122070312,953.3333129882812,1933695,650.7147688497314,0.0,1.0,yahoo,2023-12-13 16:24:29
2006-03-03,OIH,948.0,962.4000244140624,947.1333618164062,953.5999755859376,1012305,650.8967841934005,0.0,1.0,yahoo,2023-12-13 16:24:29
2006-03-06,OIH,946.6666870117188,947.7333374023438,912.6666870117188,913.4000244140624,1348440,623.457585774349,0.0,1.0,yahoo,2023-12-13 16:24:29
2006-03-07,OIH,904.7999877929688,910.3333129882812,883.3333129882812,892.4000244140625,1673445,609.1236587420391,0.0,1.0,yahoo,2023-12-13 16:24:29
2006-03-08,OIH,885.2000122070312,901.933349609375,870.2000122070312,893.8666381835938,2269470,610.1247223018983,0.0,1.0,yahoo,2023-12-13 16:24:29
2006-03-09,OIH,902.0,906.933349609375,883.3333129882812,889.4000244140625,1916985,607.0759548802805,0.0,1.0,yahoo,2023-12-13 16:24:29
2006-03-10,OIH,885.0,907.0,874.3333129882812,895.7333374023438,1676280,611.3988713682236,0.0,1.0,yahoo,2023-12-13 16:24:29
2006-03-13,OIH,901.3333129882812,918.6666870117188,901.3333129882812,915.1333618164062,1106145,624.7802077239505,0.2,1.0,yahoo,2023-12-13 16:24:29
2006-03-14,OIH,917.3333129882812,938.7333374023438,905.5333251953124,937.3333129882812,1426800,639.9365670955459,0.0,1.0,yahoo,2023-12-13 16:24:29
2006-03-15,OIH,930.7333374023438,938.0,921.6666870117188,938.0,1631550,640.3917279136825,0.0,1.0,yahoo,2023-12-13 16:24:29
2006-03-16,OIH,934.0,956.2666625976562,926.1333618164062,951.7333374023438,1557150,649.767757411666,0.0,1.0,yahoo,2023-12-13 16:24:29
2006-03-17,OIH,951.3333129882812,954.7999877929688,937.066650390625,941.2000122070312,1192230,642.5764415028143,0.0,1.0,yahoo,2023-12-13 16:24:29
2006-03-20,OIH,936.4000244140624,949.7333374023438,908.6666870117188,910.6666870117188,1400175,621.7307177493212,0.0,1.0,yahoo,2023-12-13 16:24:29
2006-03-21,OIH,905.3333129882812,928.0,901.066650390625,910.3333129882812,1526655,621.50311650528,0.0,1.0,yahoo,2023-12-13 16:24:29
2006-03-22,OIH,909.1333618164062,933.933349609375,907.7333374023438,919.066650390625,1587810,627.4655440421031,0.0,1.0,yahoo,2023-12-13 16:24:29
2006-03-23,OIH,926.6666870117188,942.3333129882812,925.2666625976562,939.8666381835938,1190670,641.6661198665411,0.0,1.0,yahoo,2023-12-13 16:24:29
2006-03-24,OIH,939.4666748046876,956.0,936.4666748046876,951.0,1455150,649.2670930126994,0.0,1.0,yahoo,2023-12-13 16:24:29
2006-03-27,OIH,946.6666870117188,957.3333129882812,933.7333374023438,951.3333129882812,1208685,649.4946525867948,0.0,1.0,yahoo,2023-12-13 16:24:29
2006-03-28,OIH,961.3333129882812,979.2666625976562,960.6666870117188,976.0,1409805,666.3351028185012,0.0,1.0,yahoo,2023-12-13 16:24:29
2006-03-29,OIH,972.7999877929688,991.5333251953124,972.4666748046876,990.0,1406025,676.1010062419967,0.3,1.0,yahoo,2023-12-13 16:24:29
2006-03-30,OIH,994.0,1001.6666870117188,986.6666870117188,1000.0,1266060,682.9303093353502,0.0,1.0,yahoo,2023-12-13 16:24:29
2006-03-31,OIH,988.3333129882812,998.7999877929688,970.0,978.7333374023438,1675110,668.4066608690024,0.0,1.0,yahoo,2023-12-13 16:24:29
2006-04-03,OIH,989.5999755859376,1009.7999877929688,979.0,980.5999755859376,1391355,669.6814446611413,0.0,1.0,yahoo,2023-12-13 16:24:29
2006-04-04,OIH,975.5999755859376,1000.8666381835938,969.8666381835938,1000.7999877929688,1317360,683.4766452462669,0.0,1.0,yahoo,2023-12-13 16:24:29
2006-04-05,OIH,1006.6666870117188,1019.8666381835938,991.3333129882812,1018.2000122070312,1674405,695.3596493018052,0.0,1.0,yahoo,2023-12-13 16:24:29
2006-04-06,OIH,1026.5333251953125,1031.3333740234375,1009.2000122070312,1023.4666748046876,1260660,698.9564128187876,0.0,1.0,yahoo,2023-12-13 16:24:29
2006-04-07,OIH,1016.066650390625,1024.3333740234375,999.0,1005.2666625976562,1129935,686.5270728523326,0.0,1.0,yahoo,2023-12-13 16:24:29
2006-04-10,OIH,1019.7333374023438,1029.5333251953125,1012.0,1027.13330078125,1035930,701.4604628311785,0.0,1.0,yahoo,2023-12-13 16:24:29
2006-04-11,OIH,1031.4666748046875,1040.0,1000.3333129882812,1005.6666870117188,1489365,686.80026164917,0.0,1.0,yahoo,2023-12-13 16:24:29
2006-04-12,OIH,1008.933349609375,1014.933349609375,994.2000122070312,997.0,1078050,680.8815184073442,0.0,1.0,yahoo,2023-12-13 16:24:29
2006-04-13,OIH,989.933349609375,1009.7333374023438,978.4000244140624,1009.7333374023438,1194345,689.5775004583982,0.0,1.0,yahoo,2023-12-13 16:24:29
2006-04-17,OIH,1024.2667236328125,1028.933349609375,1011.2000122070312,1025.5999755859375,1243875,700.413308581232,0.0,1.0,yahoo,2023-12-13 16:24:29
2006-04-18,OIH,1032.4000244140625,1047.066650390625,1031.199951171875,1044.3333740234375,1285185,713.2069141710563,0.0,1.0,yahoo,2023-12-13 16:24:29
2006-04-19,OIH,1042.0,1073.3333740234375,1040.86669921875,1073.3333740234375,1501095,733.0118931417813,0.0,1.0,yahoo,2023-12-13 16:24:29
2006-04-20,OIH,1072.2667236328125,1077.0,1037.3333740234375,1061.7332763671875,2069910,725.0898348610783,0.0,1.0,yahoo,2023-12-13 16:24:29
2006-04-21,OIH,1069.3333740234375,1090.6666259765625,1059.2667236328125,1083.86669921875,1825200,740.205420175746,0.0,1.0,yahoo,2023-12-13 16:24:29
2006-04-24,OIH,1078.4000244140625,1079.5999755859375,1059.199951171875,1066.2667236328125,1207830,728.185863404547,0.0,1.0,yahoo,2023-12-13 16:24:29
2006-04-25,OIH,1078.066650390625,1090.86669921875,1041.7332763671875,1058.3333740234375,2164650,722.8040920361212,0.053333,1.0,yahoo,2023-12-13 16:24:29
2006-04-26,OIH,1064.2667236328125,1089.066650390625,1050.86669921875,1055.3333740234375,2235945,720.7551986256595,0.0,1.0,yahoo,2023-12-13 16:24:29
2006-04-27,OIH,1038.6666259765625,1060.5333251953125,1012.7333374023438,1033.3333740234375,2537520,705.7299802822733,0.0,1.0,yahoo,2023-12-13 16:24:29
2006-04-28,OIH,1042.933349609375,1067.6666259765625,1042.933349609375,1050.2667236328125,1414185,717.2948564261711,0.0,1.0,yahoo,2023-12-13 16:24:29
2006-05-01,OIH,1057.6666259765625,1082.0,1049.86669921875,1075.6666259765625,1274520,734.6420872723315,0.0,1.0,yahoo,2023-12-13 16:24:29
2006-05-02,OIH,1085.13330078125,1111.6666259765625,1074.2667236328125,1111.199951171875,1741920,758.9759403998214,0.093333,1.0,yahoo,2023-12-13 16:24:29
2006-05-03,OIH,1106.6666259765625,1108.3333740234375,1081.13330078125,1092.0,1257345,745.8619180486356,0.0,1.0,yahoo,2023-12-13 16:24:29
2006-05-04,OIH,1079.0,1099.0,1063.066650390625,1095.0,1732320,748.052562309662,0.206667,1.0,yahoo,2023-12-13 16:24:29
2006-05-05,OIH,1103.4666748046875,1112.0,1095.13330078125,1100.86669921875,1166565,752.0604156273662,0.0,1.0,yahoo,2023-12-13 16:24:29
2006-05-08,OIH,1086.6666259765625,1100.4666748046875,1075.0,1100.0,1259340,751.4683274343637,0.0,1.0,yahoo,2023-12-13 16:24:29
2006-05-09,OIH,1098.3333740234375,1112.86669921875,1091.86669921875,1108.6666259765625,987435,757.3889591862787,0.0,1.0,yahoo,2023-12-13 16:24:29
2006-05-10,OIH,1105.6666259765625,1120.0,1097.0,1116.3333740234375,1436700,762.6632096268695,0.053333,1.0,yahoo,2023-12-13 16:24:29
2006-05-11,OIH,1128.4666748046875,1131.6666259765625,1092.5333251953125,1092.800048828125,1396980,746.5855739095366,0.0,1.0,yahoo,2023-12-13 16:24:29
2006-05-12,OIH,1089.86669921875,1089.86669921875,1048.4000244140625,1050.13330078125,1803750,717.4362536733332,0.0,1.0,yahoo,2023-12-13 16:24:29
2006-05-15,OIH,1028.0,1038.6666259765625,1005.3333129882812,1022.0,1999065,698.2159795415166,0.0,1.0,yahoo,2023-12-13 16:24:29
2006-05-16,OIH,1028.5333251953125,1036.0,1006.3333129882812,1016.7333374023438,1843530,694.6178699676054,0.0,1.0,yahoo,2023-12-13 16:24:29
2006-05-17,OIH,1011.2666625976562,1024.800048828125,986.6666870117188,993.3333129882812,1926975,678.6313034631435,0.0,1.0,yahoo,2023-12-13 16:24:29
2006-05-18,OIH,998.0,1003.6666870117188,965.0,966.1333618164062,1774125,660.0486806148538,0.0,1.0,yahoo,2023-12-13 16:24:29
2006-05-19,OIH,959.4000244140624,981.7333374023438,944.2000122070312,972.1333618164062,2481075,664.1477959546278,0.0,1.0,yahoo,2023-12-13 16:24:29
2006-05-22,OIH,956.066650390625,977.5999755859376,935.3333129882812,966.7999877929688,2317155,660.5041100759236,0.0,1.0,yahoo,2023-12-13 16:24:29
2006-05-23,OIH,992.5999755859376,1006.0,970.6666870117188,971.0,1943700,663.373499153437,0.0,1.0,yahoo,2023-12-13 16:24:29
2006-05-24,OIH,963.7999877929688,983.8666381835938,936.6666870117188,958.6666870117188,3073095,654.9475537433539,0.0,1.0,yahoo,2023-12-13 16:24:29
2006-05-25,OIH,972.0,1000.6666870117188,965.2666625976562,998.4666748046876,1889730,682.1383438241838,0.0,1.0,yahoo,2023-12-13 16:24:29
2006-05-26,OIH,999.3333129882812,1010.0,993.6666870117188,1000.6666870117188,944520,683.6413611217724,0.0,1.0,yahoo,2023-12-13 16:24:29
2006-05-30,OIH,1015.2666625976562,1015.2666625976562,981.2000122070312,982.8666381835938,1348035,671.4806189217566,0.0,1.0,yahoo,2023-12-13 16:24:29
2006-05-31,OIH,982.3333129882812,1016.0,976.2000122070312,1014.5999755859376,1754220,693.1603872764523,0.0,1.0,yahoo,2023-12-13 16:24:29
2006-06-01,OIH,1004.0,1026.13330078125,996.6666870117188,1017.0,1598595,694.8000500917049,0.0,1.0,yahoo,2023-12-13 16:24:29
2006-06-02,OIH,1030.6666259765625,1040.2667236328125,1019.3333129882812,1035.6666259765625,1191840,707.5528255720969,0.0,1.0,yahoo,2023-12-13 16:24:29
2006-06-05,OIH,1048.0,1048.199951171875,998.2666625976562,1000.066650390625,1581255,683.3545913758484,0.186667,1.0,yahoo,2023-12-13 16:24:29
2006-06-06,OIH,992.1333618164062,1011.2666625976562,980.2666625976562,995.7333374023438,2173755,680.3935994007095,0.0,1.0,yahoo,2023-12-13 16:24:29
2006-06-07,OIH,991.3333129882812,991.933349609375,946.6666870117188,946.6666870117188,2274495,646.865913206224,0.0,1.0,yahoo,2023-12-13 16:24:29
2006-06-08,OIH,938.5999755859376,958.3333129882812,908.5999755859376,957.6666870117188,3273780,654.3823127403933,0.0,1.0,yahoo,2023-12-13 16:24:29
2006-06-09,OIH,965.3333129882812,968.5333251953124,930.066650390625,948.6666870117188,2214990,648.2325313033457,0.0,1.0,yahoo,2023-12-13 16:24:29
2006-06-12,OIH,952.0,956.6666870117188,906.6666870117188,907.1333618164062,1775025,619.8524343805685,0.0,1.0,yahoo,2023-12-13 16:24:29
2006-06-13,OIH,897.4000244140625,919.2666625976562,875.933349609375,880.6666870117188,2896035,601.8869467872228,0.18,1.0,yahoo,2023-12-13 16:24:29
2006-06-14,OIH,884.0,908.6666870117188,881.7333374023438,904.4666748046876,2533305,618.1529214147979,0.0,1.0,yahoo,2023-12-13 16:24:29
2006-06-15,OIH,916.7999877929688,960.4000244140624,916.7333374023438,954.6666870117188,2243550,652.4618518212562,0.0,1.0,yahoo,2023-12-13 16:24:29
2006-06-16,OIH,947.6666870117188,956.933349609375,929.066650390625,946.6666870117188,1796340,646.9942945202796,0.0,1.0,yahoo,2023-12-13 16:24:29
2006-06-19,OIH,942.6666870117188,944.5333251953124,908.2666625976562,911.6666870117188,2014515,623.073731328507,0.0,1.0,yahoo,2023-12-13 16:24:29
2006-06-20,OIH,921.8666381835938,924.4000244140624,888.0,889.7333374023438,1765575,608.0835006045558,0.0,1.0,yahoo,2023-12-13 16:24:29
2006-06-21,OIH,894.6666870117188,930.7333374023438,893.4000244140625,916.6666870117188,2368200,626.4909546416175,0.0,1.0,yahoo,2023-12-13 16:24:29
2006-06-22,OIH,919.4666748046876,930.7333374023438,910.0,922.1333618164062,1614480,630.2271243591716,0.0,1.0,yahoo,2023-12-13 16:24:29
2006-06-23,OIH,937.6666870117188,946.0,933.4666748046876,938.4666748046876,1166100,641.3900399439484,0.0,1.0,yahoo,2023-12-13 16:24:29
2006-06-26,OIH,935.0,948.3333129882812,925.7999877929688,948.2666625976562,979920,648.0877892948142,0.0,1.0,yahoo,2023-12-13 16:24:29
2006-06-27,OIH,954.0,962.933349609375,933.3333129882812,935.2666625976562,1462980,639.2030086807273,0.0,1.0,yahoo,2023-12-13 16:24:29
2006-06-28,OIH,941.933349609375,950.0,932.4666748046876,946.066650390625,1227945,646.791670263454,0.3,1.0,yahoo,2023-12-13 16:24:29
2006-06-29,OIH,955.5333251953124,989.3333129882812,954.2666625976562,988.3333129882812,2356050,675.6878640852236,0.0,1.0,yahoo,2023-12-13 16:24:29
2006-06-30,OIH,991.066650390625,1003.066650390625,980.6666870117188,996.1333618164062,986505,681.0204763357415,0.0,1.0,yahoo,2023-12-13 16:24:29
2006-07-03,OIH,999.3333129882812,1013.3333129882812,997.0,1011.3333129882812,229605,691.4121351076903,0.0,1.0,yahoo,2023-12-13 16:24:29
2006-07-05,OIH,1004.6666870117188,1013.0,980.1333618164062,1008.3333129882812,1408935,689.3611432351947,0.0,1.0,yahoo,2023-12-13 16:24:29
2006-07-06,OIH,1004.0,1008.8666381835938,985.1333618164062,989.5333251953124,1291950,676.5082691797292,0.0,1.0,yahoo,2023-12-13 16:24:29
2006-07-07,OIH,996.6666870117188,1002.6666870117188,963.3333129882812,965.1333618164062,1586460,659.8268936532864,0.0,1.0,yahoo,2023-12-13 16:24:29
2006-07-10,OIH,965.0,983.7999877929688,960.5333251953124,966.6666870117188,1293960,660.8751728244459,0.0,1.0,yahoo,2023-12-13 16:24:29
2006-07-11,OIH,973.8666381835938,998.8666381835938,968.2666625976562,994.3333129882812,1397985,679.789847830215,0.0,1.0,yahoo,2023-12-13 16:24:29
2006-07-12,OIH,993.1333618164062,1004.4000244140624,984.6666870117188,994.7333374023438,1878480,680.063330104229,0.0,1.0,yahoo,2023-12-13 16:24:29
2006-07-13,OIH,998.5333251953124,999.2666625976562,971.1333618164062,973.3333129882812,1778280,665.4329047227453,0.0,1.0,yahoo,2023-12-13 16:24:29
2006-07-14,OIH,983.933349609375,988.6666870117188,949.066650390625,978.6666870117188,1944120,669.0791403144286,0.0,1.0,yahoo,2023-12-13 16:24:29
2006-07-17,OIH,967.3333129882812,969.0,928.0,933.5333251953124,1860270,638.2230875598102,0.0,1.0,yahoo,2023-12-13 16:24:29
2006-07-18,OIH,941.7333374023438,948.3333129882812,904.3333129882812,921.066650390625,2603880,629.7000713259902,0.0,1.0,yahoo,2023-12-13 16:24:29
2006-07-19,OIH,919.2666625976562,944.3333129882812,919.066650390625,938.6666870117188,1848540,641.7325820144865,0.0,1.0,yahoo,2023-12-13 16:24:29
2006-07-20,OIH,940.066650390625,943.3333129882812,893.2000122070312,895.3333129882812,2563035,612.1071160378583,0.0,1.0,yahoo,2023-12-13 16:24:29
2006-07-21,OIH,897.0,897.4000244140625,866.6666870117188,866.6666870117188,2261805,592.5087770745907,0.0,1.0,yahoo,2023-12-13 16:24:29
2006-07-24,OIH,868.6666870117188,902.0,868.6666870117188,894.0,1767240,611.1955780037057,0.0,1.0,yahoo,2023-12-13 16:24:29
2006-07-25,OIH,913.4000244140624,930.7999877929688,908.6666870117188,929.7333374023438,2018685,635.625172866823,0.0,1.0,yahoo,2023-12-13 16:24:29
2006-07-26,OIH,929.3333129882812,963.0,916.6666870117188,958.3333129882812,2157000,655.1779453602671,0.0,1.0,yahoo,2023-12-13 16:24:29
2006-07-27,OIH,969.3333129882812,974.6666870117188,946.0,950.4000244140624,2166525,649.7904039209582,0.053333,1.0,yahoo,2023-12-13 16:24:29
2006-07-28,OIH,944.0,952.1333618164062,926.066650390625,944.0,1469745,645.4146943857218,0.0,1.0,yahoo,2023-12-13 16:24:29
2006-07-31,OIH,956.7333374023438,979.7333374023438,953.2000122070312,971.7999877929688,1571670,664.4216018278041,0.0,1.0,yahoo,2023-12-13 16:24:29
2006-08-01,OIH,970.5999755859376,978.4000244140624,955.2000122070312,977.0,1239075,668.0410201822381,0.093333,1.0,yahoo,2023-12-13 16:24:29
2006-08-02,OIH,990.0,1000.0,966.6666870117188,980.6666870117188,1857765,670.5847884836933,0.053333,1.0,yahoo,2023-12-13 16:24:29
2006-08-03,OIH,960.0,972.0,951.0,962.6666870117188,2010030,658.3971462759245,0.18,1.0,yahoo,2023-12-13 16:24:29
2006-08-04,OIH,970.6666870117188,972.5999755859376,926.0,937.2666625976562,1801470,641.0252938838265,0.0,1.0,yahoo,2023-12-13 16:24:29
2006-08-07,OIH,949.1333618164062,953.7999877929688,929.6666870117188,942.4000244140624,1334745,644.5544955867227,0.026667,1.0,yahoo,2023-12-13 16:24:29
2006-08-08,OIH,938.3333129882812,950.6666870117188,923.4000244140624,928.0,1634340,634.7055989057053,0.0,1.0,yahoo,2023-12-13 16:24:29
2006-08-09,OIH,936.5333251953124,946.3333129882812,926.6666870117188,929.7333374023438,1610865,635.8911150199943,0.0,1.0,yahoo,2023-12-13 16:24:29
2006-08-10,OIH,921.3333129882812,929.7999877929688,913.4000244140624,927.0,1661925,634.0216489068845,0.0,1.0,yahoo,2023-12-13 16:24:29
2006-08-11,OIH,928.6666870117188,933.3333129882812,909.4666748046876,917.6666870117188,1034745,627.6381294995554,0.0,1.0,yahoo,2023-12-13 16:24:29
2006-08-14,OIH,909.6666870117188,914.1333618164062,895.2000122070312,899.2666625976562,1175355,615.0534328232545,0.0,1.0,yahoo,2023-12-13 16:24:29
2006-08-15,OIH,906.6666870117188,913.1333618164062,895.4666748046875,912.6666870117188,1538130,624.2183795054513,0.0,1.0,yahoo,2023-12-13 16:24:29
2006-08-16,OIH,911.3333129882812,932.8666381835938,910.6666870117188,923.3333129882812,1823895,631.5138183295431,0.0,1.0,yahoo,2023-12-13 16:24:29
2006-08-17,OIH,910.4000244140624,915.5999755859376,898.0,906.6666870117188,1360560,620.1146795125264,0.0,1.0,yahoo,2023-12-13 16:24:29
2006-08-18,OIH,914.4666748046876,928.6666870117188,902.066650390625,928.0,1233945,634.7055989057053,0.0,1.0,yahoo,2023-12-13 16:24:29
2006-08-21,OIH,940.0,941.3333129882812,929.2666625976562,935.2666625976562,1038105,639.6756327808034,0.0,1.0,yahoo,2023-12-13 16:24:29
2006-08-22,OIH,933.8666381835938,941.6666870117188,930.4000244140624,934.0,779925,638.8092988986301,0.0,1.0,yahoo,2023-12-13 16:24:29
2006-08-23,OIH,931.4666748046876,935.0,912.2000122070312,914.6666870117188,1028145,625.5862795030929,0.0,1.0,yahoo,2023-12-13 16:24:29
2006-08-24,OIH,916.2666625976562,923.4666748046876,908.4000244140624,923.3333129882812,742050,631.5138183295431,0.0,1.0,yahoo,2023-12-13 16:24:29
2006-08-25,OIH,931.066650390625,944.5333251953124,930.066650390625,932.6666870117188,812085,637.8973794818673,0.0,1.0,yahoo,2023-12-13 16:24:29
2006-08-28,OIH,920.6666870117188,932.7999877929688,905.5333251953124,905.5999755859376,1014750,619.3851022341213,0.0,1.0,yahoo,2023-12-13 16:24:29
2006-08-29,OIH,899.4000244140625,917.3333129882812,895.2666625976562,916.6666870117188,1474680,626.9541795007345,0.0,1.0,yahoo,2023-12-13 16:24:29
2006-08-30,OIH,910.6666870117188,913.7333374023438,888.8666381835938,898.1333618164062,1580505,614.3676741006434,0.133333,1.0,yahoo,2023-12-13 16:24:29
2006-08-31,OIH,895.6666870117188,912.933349609375,891.2000122070312,898.8666381835938,1220070,614.8692714305442,0.0,1.0,yahoo,2023-12-13 16:24:29
2006-09-01,OIH,904.2000122070312,921.933349609375,902.4000244140624,921.5333251953124,1180440,630.5053438717972,0.186667,1.0,yahoo,2023-12-13 16:24:29
2006-09-05,OIH,915.4000244140624,941.3333129882812,915.1333618164062,939.5333251953124,1230525,642.8207923524986,0.0,1.0,yahoo,2023-12-13 16:24:29
2006-09-06,OIH,928.3333129882812,932.7999877929688,902.6666870117188,903.3333129882812,1490310,618.0530487226955,0.0,1.0,yahoo,2023-12-13 16:24:29
2006-09-07,OIH,899.4000244140625,908.5999755859376,887.3333129882812,901.0,1907820,616.4566156173328,0.0,1.0,yahoo,2023-12-13 16:24:29
2006-09-08,OIH,906.3333129882812,910.933349609375,873.7999877929688,876.3333129882812,1417710,599.5798760016434,0.0,1.0,yahoo,2023-12-13 16:24:29
2006-09-11,OIH,865.6666870117188,865.6666870117188,838.3333129882812,838.6666870117188,2462685,573.8086875762987,0.0,1.0,yahoo,2023-12-13 16:24:29
2006-09-12,OIH,839.4666748046875,852.1333618164062,822.0,832.3333129882812,2170110,569.4754463821511,0.0,1.0,yahoo,2023-12-13 16:24:29
2006-09-13,OIH,838.2666625976562,864.8666381835938,838.2666625976562,857.3333129882812,2042505,586.7071169362338,0.18,1.0,yahoo,2023-12-13 16:24:29
2006-09-14,OIH,856.3333129882812,862.0,827.4000244140625,831.6666870117188,1872315,569.1424289670921,0.0,1.0,yahoo,2023-12-13 16:24:29
2006-09-15,OIH,828.7333374023438,839.8666381835938,825.3333129882812,834.7999877929688,1888470,571.2866706989963,0.0,1.0,yahoo,2023-12-13 16:24:29
2006-09-18,OIH,842.0,866.0,838.933349609375,862.066650390625,1857210,589.9463270529337,0.0,1.0,yahoo,2023-12-13 16:24:29
2006-09-19,OIH,866.0,869.3333129882812,836.6666870117188,847.6666870117188,1835565,580.0918622024108,0.0,1.0,yahoo,2023-12-13 16:24:29
2006-09-20,OIH,839.5333251953125,853.066650390625,815.3333129882812,816.7333374023438,2407650,558.9229468091219,0.0,1.0,yahoo,2023-12-13 16:24:29
2006-09-21,OIH,822.0,843.6666870117188,821.3333129882812,833.3333129882812,1961835,570.2829670832558,0.0,1.0,yahoo,2023-12-13 16:24:29
2006-09-22,OIH,839.5333251953125,840.0,818.0,822.1333618164062,1625565,562.6183972335511,0.0,1.0,yahoo,2023-12-13 16:24:29
2006-09-25,OIH,814.4000244140625,832.2666625976562,800.3333129882812,827.3333129882812,2522250,566.1769296200113,0.0,1.0,yahoo,2023-12-13 16:24:29
2006-09-26,OIH,822.5999755859375,849.2666625976562,818.3333129882812,843.3333129882812,2209335,577.12636285533,0.0,1.0,yahoo,2023-12-13 16:24:29
2006-09-27,OIH,851.2666625976562,865.7333374023438,841.7999877929688,857.3333129882812,2393190,586.9159012539697,0.3,1.0,yahoo,2023-12-13 16:24:29
2006-09-28,OIH,858.2666625976562,873.3333129882812,852.3333129882812,853.6666870117188,2413470,584.4057910587942,0.0,1.0,yahoo,2023-12-13 16:24:29
2006-09-29,OIH,851.2666625976562,869.0,849.0,865.6666870117188,1584705,592.6207883163939,0.0,1.0,yahoo,2023-12-13 16:24:29
2006-10-02,OIH,862.6666870117188,867.0,839.7333374023438,841.0,1612230,575.7343911367822,0.0,1.0,yahoo,2023-12-13 16:24:29
2006-10-03,OIH,825.4000244140625,827.4666748046875,801.6666870117188,803.5333251953125,2512110,550.0853385724581,0.0,1.0,yahoo,2023-12-13 16:24:29
2006-10-04,OIH,808.4666748046875,818.4000244140625,787.933349609375,817.3333129882812,3265470,559.5325770619704,0.0,1.0,yahoo,2023-12-13 16:24:29
2006-10-05,OIH,830.6666870117188,841.5333251953125,822.4000244140625,837.6666870117188,2296260,573.4524613819946,0.0,1.0,yahoo,2023-12-13 16:24:29
2006-10-06,OIH,831.066650390625,839.3333129882812,818.8666381835938,833.3333129882812,1847460,570.4859067387702,0.0,1.0,yahoo,2023-12-13 16:24:29
2006-10-09,OIH,843.933349609375,847.933349609375,816.8666381835938,818.3333129882812,1835955,560.2171601667704,0.0,1.0,yahoo,2023-12-13 16:24:29
2006-10-10,OIH,811.4666748046875,846.0,811.4666748046875,837.3333129882812,2412705,573.22423915797,0.0,1.0,yahoo,2023-12-13 16:24:29
2006-10-11,OIH,834.6666870117188,838.7999877929688,813.6666870117188,817.6666870117188,1898415,559.760799285995,0.0,1.0,yahoo,2023-12-13 16:24:29
2006-10-12,OIH,821.4000244140625,840.066650390625,819.6666870117188,838.6666870117188,1934520,574.1370444867945,0.0,1.0,yahoo,2023-12-13 16:24:29
2006-10-13,OIH,847.6666870117188,865.3333129882812,844.0,852.3333129882812,1965960,583.4929857299697,0.0,1.0,yahoo,2023-12-13 16:24:29
2006-10-16,OIH,854.4000244140625,877.5999755859375,853.4000244140625,877.3333129882812,1763730,600.6075633499692,0.0,1.0,yahoo,2023-12-13 16:24:29
2006-10-17,OIH,878.3333129882812,881.2000122070312,854.5333251953125,867.3333129882812,1863540,593.7617323019695,0.0,1.0,yahoo,2023-12-13 16:24:29
2006-10-18,OIH,865.8666381835938,875.066650390625,845.1333618164062,855.8666381835938,2235870,585.9118404624447,0.0,1.0,yahoo,2023-12-13 16:24:29
2006-10-19,OIH,864.0,885.8666381835938,856.4000244140625,885.6666870117188,2170695,606.3124504123936,0.0,1.0,yahoo,2023-12-13 16:24:29
2006-10-20,OIH,888.4000244140625,890.6666870117188,864.8666381835938,866.6666870117188,1802175,593.305371421194,0.0,1.0,yahoo,2023-12-13 16:24:29
2006-10-23,OIH,861.0,881.6666870117188,853.0,865.2666625976562,2060625,592.3469383610193,0.0,1.0,yahoo,2023-12-13 16:24:29
2006-10-24,OIH,865.1333618164062,899.933349609375,864.2666625976562,896.6666870117188,2042070,613.8428645651933,0.0,1.0,yahoo,2023-12-13 16:24:29
2006-10-25,OIH,890.0,929.3333129882812,888.7999877929688,918.3333129882812,2348505,628.6754706467683,0.0,1.0,yahoo,2023-12-13 16:24:29
2006-10-26,OIH,925.6666870117188,932.0,908.0,920.933349609375,2077860,630.4554117894303,0.0,1.0,yahoo,2023-12-13 16:24:29
2006-10-27,OIH,914.6666870117188,921.066650390625,896.4666748046875,898.4666748046875,1586655,615.075105797106,0.0,1.0,yahoo,2023-12-13 16:24:29
2006-10-30,OIH,888.4666748046875,897.3333129882812,881.7333374023438,884.6666870117188,1653945,605.6278673075935,0.0,1.0,yahoo,2023-12-13 16:24:29
2006-10-31,OIH,879.7999877929688,895.5333251953125,871.933349609375,893.3333129882812,2150895,611.6254199679998,0.093333,1.0,yahoo,2023-12-13 16:24:29
2006-11-01,OIH,892.6666870117188,899.0,873.2000122070312,878.2000122070312,2374065,601.26432482998,0.0,1.0,yahoo,2023-12-13 16:24:29
2006-11-02,OIH,874.6666870117188,888.6666870117188,866.066650390625,876.8666381835938,1769970,600.4744992635497,0.18,1.0,yahoo,2023-12-13 16:24:29
2006-11-03,OIH,886.0,909.3333129882812,885.066650390625,905.6666870117188,1803405,620.1966487282135,0.0,1.0,yahoo,2023-12-13 16:24:29
2006-11-06,OIH,902.3333129882812,922.0,897.2666625976562,919.6666870117188,1594935,629.802332746146,0.026667,1.0,yahoo,2023-12-13 16:24:29
2006-11-07,OIH,920.0,921.7999877929688,902.8666381835938,913.2000122070312,1671525,625.3738512814792,0.0,1.0,yahoo,2023-12-13 16:24:29
2006-11-08,OIH,905.3333129882812,932.7999877929688,902.5333251953124,932.7333374023438,2660745,638.7505821645672,0.0,1.0,yahoo,2023-12-13 16:24:29
2006-11-09,OIH,941.0,954.2000122070312,929.066650390625,932.4000244140624,2367750,638.5588364643645,0.053333,1.0,yahoo,2023-12-13 16:24:29
2006-11-10,OIH,927.0,927.8666381835938,908.5333251953124,916.6666870117188,1437645,627.7837813782653,0.0,1.0,yahoo,2023-12-13 16:24:29
2006-11-13,OIH,908.7333374023438,922.3333129882812,904.2666625976562,913.8666381835938,1271475,625.8661538847927,0.0,1.0,yahoo,2023-12-13 16:24:29
2006-11-14,OIH,918.5999755859376,924.5333251953124,913.8666381835938,921.0,1179555,630.7514725273209,0.0,1.0,yahoo,2023-12-13 16:24:29
2006-11-15,OIH,923.933349609375,948.1333618164062,922.4000244140624,938.7999877929688,1684560,642.9418835060216,0.0,1.0,yahoo,2023-12-13 16:24:29
2006-11-16,OIH,942.5333251953124,946.0,903.3333129882812,905.066650390625,1976790,619.8394380773688,0.0,1.0,yahoo,2023-12-13 16:24:29
2006-11-17,OIH,894.8666381835938,915.6666870117188,891.6666870117188,912.3333129882812,1979415,624.8160484289766,0.0,1.0,yahoo,2023-12-13 16:24:29
2006-11-20,OIH,906.6666870117188,923.2000122070312,899.0,917.7333374023438,1505325,628.5142822518359,0.0,1.0,yahoo,2023-12-13 16:24:29
2006-11-21,OIH,923.3333129882812,936.6666870117188,920.7999877929688,934.6666870117188,1193550,640.1111717208188,0.0,1.0,yahoo,2023-12-13 16:24:29
2006-11-22,OIH,931.4666748046876,941.0,918.1333618164062,934.4666748046876,1504050,640.0107119973654,0.053333,1.0,yahoo,2023-12-13 16:24:29
2006-11-24,OIH,940.0,944.6666870117188,934.0,935.3333129882812,441465,640.6042673759366,0.0,1.0,yahoo,2023-12-13 16:24:29
2006-11-27,OIH,940.0,940.4666748046876,918.4000244140624,921.5333251953124,1329960,631.1527371597532,0.0,1.0,yahoo,2023-12-13 16:24:29
2006-11-28,OIH,925.066650390625,943.933349609375,925.066650390625,937.3333129882812,1301580,641.9740555754594,0.0,1.0,yahoo,2023-12-13 16:24:29
2006-11-29,OIH,938.4666748046876,974.6666870117188,930.3333129882812,972.6666870117188,1820085,666.3442894420355,0.24,1.0,yahoo,2023-12-13 16:24:29
2006-11-30,OIH,972.7999877929688,983.3333129882812,962.4666748046876,974.2666625976562,1958700,667.4403839306948,0.0,1.0,yahoo,2023-12-13 16:24:29
2006-12-01,OIH,967.3333129882812,986.6666870117188,956.0,984.3333129882812,1916865,674.3367391684902,0.0,1.0,yahoo,2023-12-13 16:24:29
2006-12-04,OIH,976.4000244140624,979.7999877929688,967.5333251953124,977.066650390625,1196865,669.4855300889161,0.186667,1.0,yahoo,2023-12-13 16:24:29
2006-12-05,OIH,984.3333129882812,986.933349609375,963.7333374023438,975.933349609375,1408620,668.7089930185106,0.0,1.0,yahoo,2023-12-13 16:24:29
2006-12-06,OIH,970.6666870117188,988.1333618164062,968.933349609375,979.8666381835938,1543515,671.404080180733,0.0,1.0,yahoo,2023-12-13 16:24:29
2006-12-07,OIH,978.8666381835938,983.3333129882812,964.0,971.0,1226925,665.328664586437,0.0,1.0,yahoo,2023-12-13 16:24:29
2006-12-08,OIH,978.0,989.7999877929688,972.1333618164062,977.6666870117188,1132125,669.8966748508268,0.0,1.0,yahoo,2023-12-13 16:24:29
2006-12-11,OIH,970.7333374023438,984.6666870117188,968.0,973.7999877929688,1110525,667.2472146782538,0.0,1.0,yahoo,2023-12-13 16:24:29
2006-12-12,OIH,981.2000122070312,985.6666870117188,967.3333129882812,972.0,1266285,666.0138640350326,0.0,1.0,yahoo,2023-12-13 16:24:29
2006-12-13,OIH,978.066650390625,994.066650390625,975.5333251953124,987.2666625976562,1708260,676.5348951022527,0.086667,1.0,yahoo,2023-12-13 16:24:29
2006-12-14,OIH,996.2666625976562,1006.5333251953124,990.3333129882812,1001.4000244140624,1330875,686.219930378078,0.0,1.0,yahoo,2023-12-13 16:24:29
2006-12-15,OIH,1001.4000244140624,1004.0,993.2666625976562,997.3333129882812,1235775,683.4968771017088,0.093333,1.0,yahoo,2023-12-13 16:24:29
2006-12-18,OIH,990.066650390625,991.1333618164062,959.5999755859376,959.5999755859376,1669785,657.6372994246619,0.0,1.0,yahoo,2023-12-13 16:24:29
2006-12-19,OIH,949.5333251953124,978.066650390625,946.5333251953124,974.5333251953124,1579605,667.8714886267584,0.0,1.0,yahoo,2023-12-13 16:24:29
2006-12-20,OIH,976.6666870117188,980.0,953.6666870117188,956.3333129882812,1276560,655.3985757653137,0.0,1.0,yahoo,2023-12-13 16:24:29
2006-12-21,OIH,959.4000244140624,964.5999755859376,942.6666870117188,948.0,1188435,649.6875528512838,0.0,1.0,yahoo,2023-12-13 16:24:29
2006-12-22,OIH,944.7333374023438,951.8666381835938,936.2000122070312,942.5333251953124,759900,645.9411070959134,0.0,1.0,yahoo,2023-12-13 16:24:29
2006-12-26,OIH,946.5333251953124,951.1333618164062,923.5999755859376,933.7333374023438,1105725,639.9102605407077,0.0,1.0,yahoo,2023-12-13 16:24:29
2006-12-27,OIH,931.0,944.6666870117188,923.7333374023438,944.6666870117188,960720,647.6112236274606,0.3,1.0,yahoo,2023-12-13 16:24:29
2006-12-28,OIH,944.3333129882812,950.1333618164062,935.8666381835938,940.0,1071600,644.4120011636033,0.0,1.0,yahoo,2023-12-13 16:24:29
2006-12-29,OIH,936.7333374023438,938.7333374023438,926.6666870117188,931.066650390625,874140,638.287790845655,0.0,1.0,yahoo,2023-12-13 16:24:29
2007-01-03,OIH,920.4000244140624,934.1333618164062,884.066650390625,889.0,1819620,609.4492223770674,0.0,1.0,yahoo,2023-12-13 16:24:29
2007-01-04,OIH,877.3333129882812,885.3333129882812,861.7999877929688,866.7333374023438,2640825,594.1844302453754,0.0,1.0,yahoo,2023-12-13 16:24:29
2007-01-05,OIH,870.0,877.3333129882812,859.6666870117188,871.6666870117188,2360625,597.5664618349681,0.0,1.0,yahoo,2023-12-13 16:24:29
2007-01-08,OIH,883.4666748046875,887.6666870117188,864.6666870117188,867.3333129882812,1946910,594.5957403176981,0.0,1.0,yahoo,2023-12-13 16:24:29
2007-01-09,OIH,851.3333129882812,867.933349609375,845.7333374023438,861.6666870117188,2295030,590.7110150140786,0.0,1.0,yahoo,2023-12-13 16:24:29
2007-01-10,OIH,853.3333129882812,861.6666870117188,847.0,849.8666381835938,2465535,582.6215542915677,0.0,1.0,yahoo,2023-12-13 16:24:29
2007-01-11,OIH,847.3333129882812,871.3333129882812,838.7333374023438,841.0,2813010,576.5430776367983,0.0,1.0,yahoo,2023-12-13 16:24:29
2007-01-12,OIH,844.6666870117188,867.1333618164062,844.066650390625,864.5999755859375,1844175,592.7219153971665,0.0,1.0,yahoo,2023-12-13 16:24:29
2007-01-16,OIH,856.3333129882812,865.5333251953125,848.5999755859375,855.8666381835938,1768830,586.7348223841013,0.0,1.0,yahoo,2023-12-13 16:24:29
2007-01-17,OIH,854.0,876.6666870117188,853.4000244140625,867.3333129882812,1881300,594.5957403176981,0.0,1.0,yahoo,2023-12-13 16:24:29
2007-01-18,OIH,870.7333374023438,877.0,852.1333618164062,857.3333129882812,2096925,587.7402934968087,0.0,1.0,yahoo,2023-12-13 16:24:29
2007-01-19,OIH,867.2000122070312,883.0,859.5999755859375,882.4000244140625,1967985,604.9246442122111,0.0,1.0,yahoo,2023-12-13 16:24:29
2007-01-22,OIH,890.066650390625,896.6666870117188,877.4000244140625,881.6666870117188,1918965,604.4219086558575,0.0,1.0,yahoo,2023-12-13 16:24:29
2007-01-23,OIH,890.7999877929688,911.6666870117188,890.6666870117188,906.3333129882812,1920480,621.3319829191668,0.0,1.0,yahoo,2023-12-13 16:24:29
2007-01-24,OIH,901.3333129882812,911.3333129882812,891.4666748046875,909.0,1688400,623.1601160188462,0.0,1.0,yahoo,2023-12-13 16:24:29
2007-01-25,OIH,904.933349609375,909.1333618164062,885.0,888.4666748046875,1525080,609.0836041255968,0.0,1.0,yahoo,2023-12-13 16:24:29
2007-01-26,OIH,894.0,897.933349609375,881.2666625976562,883.3333129882812,1273830,605.5644552311211,0.0,1.0,yahoo,2023-12-13 16:24:29
2007-01-29,OIH,884.1333618164062,893.6666870117188,873.3333129882812,878.066650390625,1304520,601.9539226949412,0.0,1.0,yahoo,2023-12-13 16:24:29
2007-01-30,OIH,883.7999877929688,908.1333618164062,883.7999877929688,902.5999755859376,1835505,618.7726133165463,0.0,1.0,yahoo,2023-12-13 16:24:29
2007-01-31,OIH,899.4000244140625,916.0,896.0,911.6666870117188,1982580,624.9882491185256,0.0,1.0,yahoo,2023-12-13 16:24:29
2007-02-01,OIH,914.7333374023438,919.4000244140624,901.3333129882812,911.0,1883130,624.6910895249684,0.233333,1.0,yahoo,2023-12-13 16:24:29
2007-02-02,OIH,917.0,929.2666625976562,905.6666870117188,921.3333129882812,1529640,631.7768508301847,0.0,1.0,yahoo,2023-12-13 16:24:29
2007-02-05,OIH,928.5999755859376,932.5999755859376,920.933349609375,921.933349609375,1148085,632.1883080536599,0.0,1.0,yahoo,2023-12-13 16:24:29
2007-02-06,OIH,930.6666870117188,932.066650390625,914.3333129882812,925.3333129882812,1803675,634.5197315745313,0.0,1.0,yahoo,2023-12-13 16:24:29
2007-02-07,OIH,928.6666870117188,936.6666870117188,910.7999877929688,919.0,1977150,630.1768510136619,0.0,1.0,yahoo,2023-12-13 16:24:29
2007-02-08,OIH,918.1333618164062,929.4666748046876,909.7999877929688,927.2666625976562,1805535,635.88237105575,0.053333,1.0,yahoo,2023-12-13 16:24:29
2007-02-09,OIH,926.2000122070312,932.8666381835938,916.5999755859376,922.5333251953124,1252065,632.6364376777749,0.0,1.0,yahoo,2023-12-13 16:24:29
2007-02-12,OIH,913.3333129882812,914.6666870117188,902.4666748046876,908.6666870117188,1336425,625.1964814754238,3.053333,1.0,yahoo,2023-12-13 16:24:29
2007-02-13,OIH,912.6666870117188,924.3333129882812,910.933349609375,923.933349609375,1055310,635.7005132357561,0.0,1.0,yahoo,2023-12-13 16:24:29
2007-02-14,OIH,928.3333129882812,934.4000244140624,915.5999755859376,924.2666625976562,1711170,635.9298449703539,0.0,1.0,yahoo,2023-12-13 16:24:29
2007-02-15,OIH,915.0,915.0,902.4666748046876,907.0,1628670,624.0497388135198,0.0,1.0,yahoo,2023-12-13 16:24:29
2007-02-16,OIH,907.3333129882812,910.2000122070312,901.066650390625,903.6666870117188,1005315,621.9345788253984,0.26,1.0,yahoo,2023-12-13 16:24:29
2007-02-20,OIH,893.2666625976562,898.2000122070312,880.066650390625,896.5999755859375,1115520,617.0710243119444,0.0,1.0,yahoo,2023-12-13 16:24:29
2007-02-21,OIH,895.7333374023438,912.7999877929688,886.6666870117188,912.3333129882812,1293255,627.8992497090787,0.0,1.0,yahoo,2023-12-13 16:24:29
2007-02-22,OIH,913.3333129882812,931.3333129882812,908.4000244140624,929.5999755859376,1707720,639.7827623855335,0.0,1.0,yahoo,2023-12-13 16:24:29
2007-02-23,OIH,935.066650390625,939.1333618164062,927.6666870117188,928.7999877929688,1313130,639.2321831971706,0.0,1.0,yahoo,2023-12-13 16:24:29
2007-02-26,OIH,935.8666381835938,947.3333129882812,935.3333129882812,940.0,1189185,646.9404178537492,0.0,1.0,yahoo,2023-12-13 16:24:29
2007-02-27,OIH,920.7999877929688,933.5999755859376,897.4000244140625,905.8666381835938,2509230,623.5946087661636,0.22,1.0,yahoo,2023-12-13 16:24:29
2007-02-28,OIH,910.1333618164062,917.0,898.6666870117188,906.6666870117188,1635510,624.145358859984,0.0,1.0,yahoo,2023-12-13 16:24:29
2007-03-01,OIH,897.6666870117188,922.2666625976562,886.7999877929688,909.3333129882812,1943730,625.9810524516087,0.0,1.0,yahoo,2023-12-13 16:24:29
2007-03-02,OIH,907.7999877929688,914.4000244140624,891.066650390625,897.6666870117188,1540290,617.9497984515015,0.0,1.0,yahoo,2023-12-13 16:24:29
2007-03-05,OIH,880.6666870117188,902.933349609375,878.0,884.6666870117188,1799145,609.0006556392489,0.0,1.0,yahoo,2023-12-13 16:24:29
2007-03-06,OIH,897.0,908.2666625976562,893.3333129882812,902.2000122070312,1459215,621.0705195735964,0.0,1.0,yahoo,2023-12-13 16:24:29
2007-03-07,OIH,902.5333251953124,933.3333129882812,901.4000244140624,923.3333129882812,2190285,635.6185908648038,0.0,1.0,yahoo,2023-12-13 16:24:29
2007-03-08,OIH,930.066650390625,937.6666870117188,922.5333251953124,930.3333129882812,1926030,640.4512326615841,0.02,1.0,yahoo,2023-12-13 16:24:29
2007-03-09,OIH,936.0,941.8666381835938,923.1333618164062,933.3333129882812,1658505,642.5164641986697,0.0,1.0,yahoo,2023-12-13 16:24:29
2007-03-12,OIH,923.6666870117188,932.5333251953124,919.5333251953124,930.8666381835938,1245855,640.8183793325446,0.0,1.0,yahoo,2023-12-13 16:24:29
2007-03-13,OIH,932.6666870117188,943.5333251953124,915.7333374023438,917.3333129882812,1718880,631.6376055815375,0.2,1.0,yahoo,2023-12-13 16:24:29
2007-03-14,OIH,921.5999755859376,932.5333251953124,910.3333129882812,928.4000244140624,2203725,639.2576832650474,0.0,1.0,yahoo,2023-12-13 16:24:29
2007-03-15,OIH,924.5999755859376,932.5333251953124,922.0,928.6666870117188,1228845,639.4412960503862,0.0,1.0,yahoo,2023-12-13 16:24:29
2007-03-16,OIH,930.2000122070312,936.8666381835938,920.7333374023438,924.3333129882812,1392105,636.4575147426552,0.0,1.0,yahoo,2023-12-13 16:24:29
2007-03-19,OIH,938.0,953.3333129882812,937.6666870117188,949.5999755859376,1344450,653.8550888177004,0.0,1.0,yahoo,2023-12-13 16:24:29
2007-03-20,OIH,949.8666381835938,954.4666748046876,925.2666625976562,938.0,2486085,645.8678275897857,0.0,1.0,yahoo,2023-12-13 16:24:29
2007-03-21,OIH,942.5333251953124,968.6666870117188,941.066650390625,957.933349609375,1392435,659.5931039317843,0.0,1.0,yahoo,2023-12-13 16:24:29
2007-03-22,OIH,968.1333618164062,976.066650390625,963.0,974.5333251953124,1669995,671.0231574176403,0.0,1.0,yahoo,2023-12-13 16:24:29
2007-03-23,OIH,980.2666625976562,982.066650390625,969.8666381835938,980.0,1412280,674.7872825564925,0.0,1.0,yahoo,2023-12-13 16:24:29
2007-03-26,OIH,984.7999877929688,987.6666870117188,967.3333129882812,983.6666870117188,1270455,677.3120108877404,0.0,1.0,yahoo,2023-12-13 16:24:29
2007-03-27,OIH,977.0,984.4000244140624,974.1333618164062,983.3333129882812,787845,677.0824633863625,0.0,1.0,yahoo,2023-12-13 16:24:29
2007-03-28,OIH,987.6666870117188,987.6666870117188,971.3333129882812,973.3333129882812,977490,670.4014081178663,0.3,1.0,yahoo,2023-12-13 16:24:29
2007-03-29,OIH,978.0,992.933349609375,972.7999877929688,986.3333129882812,1484130,679.35539971482,0.0,1.0,yahoo,2023-12-13 16:24:29
2007-03-30,OIH,980.3333129882812,986.3333129882812,971.2666625976562,971.4666748046876,860340,669.1157263786008,0.0,1.0,yahoo,2023-12-13 16:24:29
2007-04-02,OIH,971.6666870117188,990.7333374023438,967.5333251953124,990.4000244140624,1110855,682.1564227866415,0.0,1.0,yahoo,2023-12-13 16:24:29
2007-04-03,OIH,982.8666381835938,999.8666381835938,979.2000122070312,991.6666870117188,1036755,683.0288601909178,0.0,1.0,yahoo,2023-12-13 16:24:29
2007-04-04,OIH,983.933349609375,995.066650390625,980.2666625976562,993.0,1013130,683.9472042903932,0.0,1.0,yahoo,2023-12-13 16:24:29
2007-04-05,OIH,992.8666381835938,1001.5999755859376,989.1333618164062,996.5333251953124,715095,686.3808476833265,0.0,1.0,yahoo,2023-12-13 16:24:29
2007-04-09,OIH,997.066650390625,1009.4000244140624,990.2666625976562,993.0,1234455,683.9472042903932,0.0,1.0,yahoo,2023-12-13 16:24:29
2007-04-10,OIH,994.4666748046876,1013.3333129882812,994.4666748046876,1013.3333129882812,1488990,697.9521514931087,0.0,1.0,yahoo,2023-12-13 16:24:29
2007-04-11,OIH,1012.6666870117188,1017.5999755859376,1002.2666625976562,1005.933349609375,1096560,692.8552891921478,0.0,1.0,yahoo,2023-12-13 16:24:29
2007-04-12,OIH,1009.3333129882812,1026.86669921875,1000.4000244140624,1025.3333740234375,1412040,706.2174165447796,0.0,1.0,yahoo,2023-12-13 16:24:29
2007-04-13,OIH,1027.6666259765625,1031.199951171875,1019.4000244140624,1027.199951171875,949125,707.503056244947,0.0,1.0,yahoo,2023-12-13 16:24:29
2007-04-16,OIH,1030.5999755859375,1038.199951171875,1013.3333129882812,1036.6666259765625,1403670,714.0234044489673,0.0,1.0,yahoo,2023-12-13 16:24:29
2007-04-17,OIH,1039.86669921875,1043.3333740234375,1020.0,1026.6666259765625,1769310,707.1357186051567,0.0,1.0,yahoo,2023-12-13 16:24:29
2007-04-18,OIH,1019.3333129882812,1019.3333129882812,1007.5999755859376,1013.5999755859376,1607235,698.1358203130038,0.0,1.0,yahoo,2023-12-13 16:24:29
2007-04-19,OIH,1005.2666625976562,1008.1333618164062,999.066650390625,1001.6666870117188,1151190,689.9165460347284,0.0,1.0,yahoo,2023-12-13 16:24:29
2007-04-20,OIH,1015.3333129882812,1016.6666870117188,999.2000122070312,1010.2666625976562,1212615,695.8399390447663,0.0,1.0,yahoo,2023-12-13 16:24:29
2007-04-23,OIH,1010.3333129882812,1025.3333740234375,1009.7333374023438,1012.6666870117188,1648305,697.4930004629201,0.0,1.0,yahoo,2023-12-13 16:24:29
2007-04-24,OIH,1009.5333251953124,1016.0,1003.4000244140624,1014.5333251953124,1140660,698.7786822021855,0.0,1.0,yahoo,2023-12-13 16:24:29
2007-04-25,OIH,1023.1333618164062,1057.2667236328125,1023.1333618164062,1047.3333740234375,1723335,721.3703254011629,0.0,1.0,yahoo,2023-12-13 16:24:29
2007-04-26,OIH,1046.6666259765625,1059.86669921875,1036.0,1054.066650390625,1263855,726.007994632837,0.0,1.0,yahoo,2023-12-13 16:24:29
2007-04-27,OIH,1050.6666259765625,1076.3333740234375,1046.4666748046875,1067.066650390625,1413645,734.9619862297909,0.0,1.0,yahoo,2023-12-13 16:24:29
2007-04-30,OIH,1066.5999755859375,1076.6666259765625,1043.6666259765625,1043.6666259765625,1750560,718.8447845396348,0.0,1.0,yahoo,2023-12-13 16:24:29
2007-05-01,OIH,1045.933349609375,1055.13330078125,1028.3333740234375,1052.0,1671945,724.5845507688757,0.0,1.0,yahoo,2023-12-13 16:24:29
2007-05-02,OIH,1059.0,1065.0,1049.933349609375,1064.6666259765625,1010925,733.3739894452463,0.093333,1.0,yahoo,2023-12-13 16:24:29
2007-05-03,OIH,1058.3333740234375,1077.199951171875,1056.933349609375,1074.6666259765625,966720,740.4060097984833,0.206667,1.0,yahoo,2023-12-13 16:24:29
2007-05-04,OIH,1078.800048828125,1093.86669921875,1066.4000244140625,1075.3333740234375,2143020,740.865374822943,0.0,1.0,yahoo,2023-12-13 16:24:29
2007-05-07,OIH,1069.2667236328125,1073.800048828125,1062.5333251953125,1068.933349609375,1110540,736.4559920204176,0.0,1.0,yahoo,2023-12-13 16:24:29
2007-05-08,OIH,1065.86669921875,1069.7332763671875,1047.4666748046875,1068.0,1859250,735.8129482677597,0.0,1.0,yahoo,2023-12-13 16:24:29
2007-05-09,OIH,1065.5333251953125,1074.933349609375,1051.066650390625,1073.5333251953125,1907010,739.6252069996765,0.0,1.0,yahoo,2023-12-13 16:24:29
2007-05-10,OIH,1077.5999755859375,1077.86669921875,1049.6666259765625,1052.0,1485645,724.7895333124374,0.0,1.0,yahoo,2023-12-13 16:24:29
2007-05-11,OIH,1054.800048828125,1083.5999755859375,1054.6666259765625,1083.066650390625,1334865,746.1933194704238,0.0,1.0,yahoo,2023-12-13 16:24:29
2007-05-14,OIH,1082.800048828125,1092.199951171875,1074.066650390625,1082.066650390625,1063350,745.5043560357162,0.0,1.0,yahoo,2023-12-13 16:24:29
2007-05-15,OIH,1080.0,1098.6666259765625,1074.4666748046875,1083.86669921875,1430295,746.7445238589827,0.0,1.0,yahoo,2023-12-13 16:24:29
2007-05-16,OIH,1084.0,1090.5333251953125,1067.2667236328125,1089.199951171875,1695000,750.4189394427689,0.0,1.0,yahoo,2023-12-13 16:24:29
2007-05-17,OIH,1091.6666259765625,1121.5999755859375,1083.5999755859375,1115.3333740234375,1961535,768.4239122112485,0.0,1.0,yahoo,2023-12-13 16:24:29
2007-05-18,OIH,1119.4000244140625,1134.2667236328125,1115.800048828125,1133.199951171875,1612755,780.7706654536901,0.053333,1.0,yahoo,2023-12-13 16:24:29
2007-05-21,OIH,1135.066650390625,1154.3333740234375,1125.800048828125,1140.6666259765625,3823260,785.9151773731915,0.0,1.0,yahoo,2023-12-13 16:24:29
2007-05-22,OIH,1138.066650390625,1146.3333740234375,1120.199951171875,1123.0,1603065,773.7429360085692,0.0,1.0,yahoo,2023-12-13 16:24:29
2007-05-23,OIH,1125.0,1146.4666748046875,1120.0,1131.933349609375,1824885,779.8979815607944,0.0,1.0,yahoo,2023-12-13 16:24:29
2007-05-24,OIH,1130.6666259765625,1143.7332763671875,1098.199951171875,1103.5333251953125,2511195,760.3304675155123,0.0,1.0,yahoo,2023-12-13 16:24:29
2007-05-25,OIH,1115.3333740234375,1122.066650390625,1109.4000244140625,1120.6666259765625,930555,772.135249750599,0.0,1.0,yahoo,2023-12-13 16:24:29
2007-05-29,OIH,1114.0,1120.933349609375,1103.5999755859375,1110.800048828125,1230345,765.3372138011893,0.0,1.0,yahoo,2023-12-13 16:24:29
2007-05-30,OIH,1104.86669921875,1137.933349609375,1101.7332763671875,1136.2667236328125,1378590,783.0716506410548,0.266667,1.0,yahoo,2023-12-13 16:24:29
2007-05-31,OIH,1138.3333740234375,1149.3333740234375,1123.0,1128.2667236328125,1578015,777.5583560291175,0.0,1.0,yahoo,2023-12-13 16:24:29
2007-06-01,OIH,1132.7332763671875,1140.3333740234375,1127.933349609375,1132.199951171875,686895,780.268986303947,0.0,1.0,yahoo,2023-12-13 16:24:29
2007-06-04,OIH,1127.6666259765625,1164.7332763671875,1125.13330078125,1161.3333740234375,1252710,800.5304641576513,0.26,1.0,yahoo,2023-12-13 16:24:29
2007-06-05,OIH,1156.933349609375,1162.2667236328125,1145.066650390625,1156.0,1253040,796.8540621201236,0.0,1.0,yahoo,2023-12-13 16:24:29
2007-06-06,OIH,1151.0,1151.13330078125,1132.86669921875,1137.2667236328125,1399620,783.9408377516007,0.0,1.0,yahoo,2023-12-13 16:24:29
2007-06-07,OIH,1133.0,1144.933349609375,1112.6666259765625,1114.4000244140625,1916655,768.2278985489181,0.073333,1.0,yahoo,2023-12-13 16:24:29
2007-06-08,OIH,1109.0,1118.3333740234375,1100.4000244140625,1115.800048828125,1558425,769.1930257832772,0.0,1.0,yahoo,2023-12-13 16:24:29
2007-06-11,OIH,1118.4000244140625,1141.0,1112.86669921875,1132.6666259765625,958875,780.8202465609061,0.0,1.0,yahoo,2023-12-13 16:24:29
2007-06-12,OIH,1126.7332763671875,1132.0,1111.6666259765625,1114.3333740234375,1315725,768.1819521307509,0.0,1.0,yahoo,2023-12-13 16:24:29
2007-06-13,OIH,1119.2667236328125,1151.6666259765625,1119.2667236328125,1145.0,1456455,789.4641303252142,0.2,1.0,yahoo,2023-12-13 16:24:29
2007-06-14,OIH,1150.3333740234375,1172.199951171875,1150.3333740234375,1169.0,1408905,806.0118500874895,0.0,1.0,yahoo,2023-12-13 16:24:29
2007-06-15,OIH,1179.3333740234375,1188.13330078125,1170.2667236328125,1184.3333740234375,1068495,816.5840324354059,0.0,1.0,yahoo,2023-12-13 16:24:29
2007-06-18,OIH,1185.86669921875,1193.5999755859375,1175.199951171875,1189.3333740234375,1005270,820.0314740525466,0.0,1.0,yahoo,2023-12-13 16:24:29
2007-06-19,OIH,1185.199951171875,1206.199951171875,1179.0,1196.6666259765625,1177785,825.0876656469828,0.0,1.0,yahoo,2023-12-13 16:24:29
2007-06-20,OIH,1193.3333740234375,1201.5999755859375,1165.4666748046875,1168.800048828125,1772190,805.8739860892259,0.0,1.0,yahoo,2023-12-13 16:24:29
2007-06-21,OIH,1179.800048828125,1198.5333251953125,1167.933349609375,1195.6666259765625,1669365,824.3981773235547,0.0,1.0,yahoo,2023-12-13 16:24:29
2007-06-22,OIH,1196.13330078125,1204.800048828125,1181.0,1201.3333740234375,1647480,828.3053339336842,0.0,1.0,yahoo,2023-12-13 16:24:29
2007-06-25,OIH,1191.066650390625,1198.13330078125,1171.6666259765625,1177.3333740234375,1559985,811.7576141714089,0.0,1.0,yahoo,2023-12-13 16:24:29
2007-06-26,OIH,1179.86669921875,1180.0,1153.6666259765625,1158.4000244140625,1626510,798.7032906923623,0.0,1.0,yahoo,2023-12-13 16:24:29
2007-06-27,OIH,1150.0,1180.066650390625,1138.6666259765625,1178.4000244140625,1872405,812.7035294103074,0.3,1.0,yahoo,2023-12-13 16:24:29
2007-06-28,OIH,1184.3333740234375,1190.7332763671875,1155.6666259765625,1162.0,1460370,801.3929748892728,0.0,1.0,yahoo,2023-12-13 16:24:29
2007-06-29,OIH,1169.2667236328125,1181.800048828125,1158.5999755859375,1164.86669921875,1065105,803.3700425442012,0.0,1.0,yahoo,2023-12-13 16:24:29
2007-07-02,OIH,1160.0,1188.4666748046875,1160.0,1188.4666748046875,1109070,819.6461652999058,0.0,1.0,yahoo,2023-12-13 16:24:29
2007-07-03,OIH,1193.3333740234375,1196.933349609375,1187.199951171875,1194.2667236328125,388500,823.6462671801761,0.0,1.0,yahoo,2023-12-13 16:24:29
2007-07-05,OIH,1199.4000244140625,1207.86669921875,1177.7332763671875,1194.13330078125,1060785,823.5542498514911,0.0,1.0,yahoo,2023-12-13 16:24:29
2007-07-06,OIH,1204.6666259765625,1212.800048828125,1198.6666259765625,1207.3333740234375,829335,832.6579038655298,0.0,1.0,yahoo,2023-12-13 16:24:29
2007-07-09,OIH,1208.4000244140625,1215.4666748046875,1200.0,1207.0,853800,832.4279868256043,0.0,1.0,yahoo,2023-12-13 16:24:29
2007-07-10,OIH,1200.066650390625,1210.933349609375,1192.199951171875,1197.800048828125,938235,826.0830847270975,0.0,1.0,yahoo,2023-12-13 16:24:29
2007-07-11,OIH,1186.2667236328125,1191.4000244140625,1174.86669921875,1185.3333740234375,1227450,817.4852313633232,0.0,1.0,yahoo,2023-12-13 16:24:29
2007-07-12,OIH,1195.2667236328125,1207.7332763671875,1188.86669921875,1204.0,1460205,830.3589860298489,0.0,1.0,yahoo,2023-12-13 16:24:29
2007-07-13,OIH,1192.6666259765625,1204.5333251953125,1188.066650390625,1199.199951171875,1009215,827.0485510814971,0.0,1.0,yahoo,2023-12-13 16:24:29
2007-07-16,OIH,1198.3333740234375,1200.0,1175.7332763671875,1184.5999755859375,1129020,816.9794307130588,0.0,1.0,yahoo,2023-12-13 16:24:29
2007-07-17,OIH,1192.0,1199.7332763671875,1172.5333251953125,1177.3333740234375,1557780,811.9678959079754,0.0,1.0,yahoo,2023-12-13 16:24:29
2007-07-18,OIH,1174.86669921875,1197.13330078125,1169.7332763671875,1194.0,1609095,823.4623167106641,0.0,1.0,yahoo,2023-12-13 16:24:29
2007-07-19,OIH,1210.0,1221.6666259765625,1201.2667236328125,1221.4666748046875,1529085,842.4051740532155,0.0,1.0,yahoo,2023-12-13 16:24:29
2007-07-20,OIH,1233.3333740234375,1234.199951171875,1214.199951171875,1229.86669921875,2136915,848.1983931189023,0.0,1.0,yahoo,2023-12-13 16:24:29
2007-07-23,OIH,1268.4000244140625,1274.066650390625,1249.86669921875,1256.800048828125,2071515,866.7734337102878,0.0,1.0,yahoo,2023-12-13 16:24:29
2007-07-24,OIH,1243.933349609375,1251.800048828125,1223.800048828125,1228.3333740234375,1745850,847.1409094358179,0.0,1.0,yahoo,2023-12-13 16:24:29
2007-07-25,OIH,1238.5333251953125,1249.2667236328125,1208.0,1246.7332763671875,1481520,859.8307136328316,0.0,1.0,yahoo,2023-12-13 16:24:29
2007-07-26,OIH,1236.6666259765625,1238.933349609375,1189.6666259765625,1217.86669921875,1672425,839.9223899358806,0.0,1.0,yahoo,2023-12-13 16:24:29
2007-07-27,OIH,1225.199951171875,1230.066650390625,1184.933349609375,1188.933349609375,1777065,819.9680154806582,0.0,1.0,yahoo,2023-12-13 16:24:29
2007-07-30,OIH,1196.5333251953125,1200.7332763671875,1163.5333251953125,1194.13330078125,1714800,823.5542498514911,0.0,1.0,yahoo,2023-12-13 16:24:29
2007-07-31,OIH,1202.3333740234375,1219.066650390625,1183.2667236328125,1184.6666259765625,1576950,817.0253972834723,0.0,1.0,yahoo,2023-12-13 16:24:29
2007-08-01,OIH,1180.199951171875,1202.199951171875,1142.4000244140625,1170.0,2458965,806.9738871282963,0.093333,1.0,yahoo,2023-12-13 16:24:29
2007-08-02,OIH,1172.066650390625,1195.0,1139.933349609375,1153.0,2214795,795.3709902881859,0.18,1.0,yahoo,2023-12-13 16:24:29
2007-08-03,OIH,1147.4000244140625,1167.6666259765625,1110.2667236328125,1111.6666259765625,1788345,766.8580964209062,0.0,1.0,yahoo,2023-12-13 16:24:29
2007-08-06,OIH,1108.933349609375,1111.3333740234375,1078.2667236328125,1111.3333740234375,2257485,766.6282100930896,0.0,1.0,yahoo,2023-12-13 16:24:29
2007-08-07,OIH,1100.6666259765625,1147.199951171875,1096.7332763671875,1136.933349609375,1785135,784.2877746491525,0.0,1.0,yahoo,2023-12-13 16:24:29
2007-08-08,OIH,1140.0,1176.86669921875,1136.6666259765625,1163.199951171875,2117790,802.4071960682945,0.0,1.0,yahoo,2023-12-13 16:24:29
2007-08-09,OIH,1136.0,1167.86669921875,1114.3333740234375,1137.86669921875,1655910,784.9316247819311,0.0,1.0,yahoo,2023-12-13 16:24:29
2007-08-10,OIH,1119.933349609375,1156.0,1107.800048828125,1145.800048828125,1536510,790.4413155126946,0.053333,1.0,yahoo,2023-12-13 16:24:29
2007-08-13,OIH,1164.0,1174.5999755859375,1144.6666259765625,1146.7332763671875,1204650,791.0851116134223,0.0,1.0,yahoo,2023-12-13 16:24:29
2007-08-14,OIH,1153.0,1161.3333740234375,1126.6666259765625,1126.6666259765625,1541400,777.2419375370017,0.0,1.0,yahoo,2023-12-13 16:24:29
2007-08-15,OIH,1130.3333740234375,1142.0,1093.3333740234375,1097.0,1931895,756.776126868098,0.0,1.0,yahoo,2023-12-13 16:24:29
2007-08-16,OIH,1078.199951171875,1086.0,1033.4000244140625,1075.6666259765625,2973435,742.0590911648295,0.0,1.0,yahoo,2023-12-13 16:24:29
2007-08-17,OIH,1106.5333251953125,1125.0,1088.933349609375,1108.0,1776270,764.3645839287626,0.0,1.0,yahoo,2023-12-13 16:24:29
2007-08-20,OIH,1104.3333740234375,1127.3333740234375,1089.86669921875,1119.933349609375,1746045,772.5969213015482,0.0,1.0,yahoo,2023-12-13 16:24:29
2007-08-21,OIH,1112.4000244140625,1126.199951171875,1098.5999755859375,1104.0,1356405,761.6051449976118,0.0,1.0,yahoo,2023-12-13 16:24:29
2007-08-22,OIH,1086.6666259765625,1130.7332763671875,1086.6666259765625,1124.800048828125,1326750,775.954261124153,0.0,1.0,yahoo,2023-12-13 16:24:29
2007-08-23,OIH,1131.0,1150.0,1128.0,1146.6666259765625,1019640,791.0391321927556,0.0,1.0,yahoo,2023-12-13 16:24:29
2007-08-24,OIH,1149.0,1173.3333740234375,1149.0,1170.6666259765625,1005195,807.5957657796603,0.0,1.0,yahoo,2023-12-13 16:24:29
2007-08-27,OIH,1165.5333251953125,1166.6666259765625,1146.4666748046875,1154.933349609375,800685,796.7420119491173,0.0,1.0,yahoo,2023-12-13 16:24:29
2007-08-28,OIH,1150.0,1153.0,1131.2667236328125,1135.933349609375,993450,783.6346770261512,0.0,1.0,yahoo,2023-12-13 16:24:29
2007-08-29,OIH,1145.86669921875,1181.6666259765625,1142.2667236328125,1174.86669921875,1098825,810.7216128691632,0.32,1.0,yahoo,2023-12-13 16:24:29
2007-08-30,OIH,1164.5999755859375,1176.86669921875,1161.13330078125,1169.3333740234375,740010,806.9033189896479,0.0,1.0,yahoo,2023-12-13 16:24:29
2007-08-31,OIH,1187.0,1203.0,1184.800048828125,1191.4000244140625,911535,822.3133426052876,0.26,1.0,yahoo,2023-12-13 16:24:29
2007-09-04,OIH,1189.5999755859375,1234.5999755859375,1188.199951171875,1223.6666259765625,1312365,844.5839959892521,0.0,1.0,yahoo,2023-12-13 16:24:29
2007-09-05,OIH,1214.6666259765625,1226.3333740234375,1206.066650390625,1221.199951171875,1167270,842.922809313373,0.06,1.0,yahoo,2023-12-13 16:24:29
2007-09-06,OIH,1232.5999755859375,1237.3333740234375,1217.3333740234375,1227.5999755859375,1328805,847.3542487664765,0.02,1.0,yahoo,2023-12-13 16:24:29
2007-09-07,OIH,1211.6666259765625,1222.7332763671875,1201.7332763671875,1219.5333251953125,1065900,841.7862212186205,0.0,1.0,yahoo,2023-12-13 16:24:29
2007-09-10,OIH,1212.4000244140625,1217.5999755859375,1183.6666259765625,1212.0,1425195,836.5863228490065,0.0,1.0,yahoo,2023-12-13 16:24:29
2007-09-11,OIH,1213.2667236328125,1229.800048828125,1194.5333251953125,1222.4000244140625,1552635,843.8299493859425,0.093333,1.0,yahoo,2023-12-13 16:24:29
2007-09-12,OIH,1223.3333740234375,1233.6666259765625,1217.0,1224.5333251953125,1192980,845.3763473009874,0.106667,1.0,yahoo,2023-12-13 16:24:29
2007-09-13,OIH,1225.0,1237.4666748046875,1221.4666748046875,1232.2667236328125,777045,850.715223743794,0.0,1.0,yahoo,2023-12-13 16:24:29
2007-09-14,OIH,1223.3333740234375,1233.0,1217.86669921875,1228.4000244140625,676275,848.0457855223907,0.0,1.0,yahoo,2023-12-13 16:24:29
2007-09-17,OIH,1219.3333740234375,1233.2667236328125,1214.0,1215.5333251953125,854430,839.1630520241966,0.0,1.0,yahoo,2023-12-13 16:24:29
2007-09-18,OIH,1220.199951171875,1257.4000244140625,1211.3333740234375,1253.5999755859375,1303560,865.4429785881205,0.0,1.0,yahoo,2023-12-13 16:24:29
2007-09-19,OIH,1265.199951171875,1281.13330078125,1264.0,1276.13330078125,1780890,880.9992233666121,0.0,1.0,yahoo,2023-12-13 16:24:29
2007-09-20,OIH,1274.5333251953125,1291.86669921875,1267.933349609375,1286.800048828125,958170,888.363185061986,0.0,1.0,yahoo,2023-12-13 16:24:29
2007-09-21,OIH,1293.199951171875,1310.4000244140625,1287.4666748046875,1303.3333740234375,1175790,899.7772329892839,0.0,1.0,yahoo,2023-12-13 16:24:29
2007-09-24,OIH,1301.066650390625,1307.86669921875,1279.199951171875,1288.0,1136055,889.1915907229405,0.0,1.0,yahoo,2023-12-13 16:24:29
2007-09-25,OIH,1274.3333740234375,1277.6666259765625,1261.13330078125,1275.3333740234375,1030890,880.446981017046,0.0,1.0,yahoo,2023-12-13 16:24:29
2007-09-26,OIH,1286.5999755859375,1289.5333251953125,1252.13330078125,1270.86669921875,1439130,877.3633399651654,0.0,1.0,yahoo,2023-12-13 16:24:29
2007-09-27,OIH,1282.6666259765625,1296.13330078125,1279.2667236328125,1293.199951171875,877230,892.7814609513575,0.0,1.0,yahoo,2023-12-13 16:24:29
2007-09-28,OIH,1297.199951171875,1309.933349609375,1276.199951171875,1279.5333251953125,1083675,883.3464851035974,0.0,1.0,yahoo,2023-12-13 16:24:29
2007-10-01,OIH,1279.0,1304.5333251953125,1274.2667236328125,1299.2667236328125,1028805,896.9697552487917,0.0,1.0,yahoo,2023-12-13 16:24:29
2007-10-02,OIH,1292.6666259765625,1294.6666259765625,1273.4666748046875,1289.199951171875,1071210,890.019996383895,0.0,1.0,yahoo,2023-12-13 16:24:29
2007-10-03,OIH,1285.3333740234375,1294.0,1275.199951171875,1284.0,879270,886.430126155478,0.0,1.0,yahoo,2023-12-13 16:24:29
2007-10-04,OIH,1280.0,1296.3333740234375,1260.86669921875,1291.3333740234375,1066785,891.4928392868962,0.0,1.0,yahoo,2023-12-13 16:24:29
2007-10-05,OIH,1288.3333740234375,1289.13330078125,1273.199951171875,1284.0,984825,886.430126155478,0.0,1.0,yahoo,2023-12-13 16:24:29
2007-10-08,OIH,1271.5333251953125,1271.800048828125,1255.3333740234375,1258.13330078125,968580,868.5726328130306,0.0,1.0,yahoo,2023-12-13 16:24:29
2007-10-09,OIH,1263.3333740234375,1281.4000244140625,1257.4666748046875,1280.0,914100,883.6686615880154,0.0,1.0,yahoo,2023-12-13 16:24:29
2007-10-10,OIH,1268.6666259765625,1320.0,1268.6666259765625,1318.800048828125,1648710,910.4549016016864,0.0,1.0,yahoo,2023-12-13 16:24:29
2007-10-11,OIH,1330.800048828125,1360.933349609375,1304.5333251953125,1322.199951171875,2107200,912.802079065461,0.0,1.0,yahoo,2023-12-13 16:24:29
2007-10-12,OIH,1328.3333740234375,1340.3333740234375,1316.6666259765625,1332.066650390625,948375,919.6137141380582,0.0,1.0,yahoo,2023-12-13 16:24:29
2007-10-15,OIH,1350.066650390625,1364.13330078125,1336.86669921875,1340.7332763671875,1073985,925.5968592764901,0.0,1.0,yahoo,2023-12-13 16:24:29
2007-10-16,OIH,1336.5999755859375,1342.3333740234375,1327.800048828125,1334.3333740234375,946110,921.1785833871186,0.0,1.0,yahoo,2023-12-13 16:24:29
2007-10-17,OIH,1337.5999755859375,1342.3333740234375,1305.5333251953125,1316.0,1181055,908.5218426951784,0.0,1.0,yahoo,2023-12-13 16:24:29
2007-10-18,OIH,1317.066650390625,1331.933349609375,1312.5333251953125,1327.2667236328125,1202940,916.3000072210295,0.0,1.0,yahoo,2023-12-13 16:24:29
2007-10-19,OIH,1301.3333740234375,1302.6666259765625,1240.800048828125,1245.199951171875,2637525,859.643886141807,0.0,1.0,yahoo,2023-12-13 16:24:29
2007-10-22,OIH,1226.6666259765625,1252.0,1215.800048828125,1234.199951171875,1904895,852.049858581285,0.0,1.0,yahoo,2023-12-13 16:24:29
2007-10-23,OIH,1249.7332763671875,1279.800048828125,1240.6666259765625,1279.800048828125,1596030,883.5306220689266,0.0,1.0,yahoo,2023-12-13 16:24:29
2007-10-24,OIH,1270.6666259765625,1292.199951171875,1260.066650390625,1285.6666259765625,1663305,887.5807083008505,0.0,1.0,yahoo,2023-12-13 16:24:29
2007-10-25,OIH,1293.7332763671875,1300.066650390625,1273.86669921875,1290.0,1304700,890.5723230066718,0.0,1.0,yahoo,2023-12-13 16:24:29
2007-10-26,OIH,1306.5333251953125,1310.6666259765625,1269.4000244140625,1281.4666748046875,1003410,884.6812042142991,0.0,1.0,yahoo,2023-12-13 16:24:29
2007-10-29,OIH,1294.6666259765625,1297.933349609375,1279.0,1290.86669921875,769905,891.1706628024782,0.0,1.0,yahoo,2023-12-13 16:24:29
2007-10-30,OIH,1280.0,1280.0,1237.5333251953125,1238.066650390625,1363950,854.7192968026883,0.0,1.0,yahoo,2023-12-13 16:24:29
2007-10-31,OIH,1253.6666259765625,1275.86669921875,1235.7332763671875,1267.3333740234375,1582260,875.6407464673924,1.013333,1.0,yahoo,2023-12-13 16:24:29
2007-11-01,OIH,1257.7332763671875,1295.066650390625,1241.6666259765625,1260.2667236328125,1537485,870.8818658043833,0.18,1.0,yahoo,2023-12-13 16:24:29
2007-11-02,OIH,1274.0,1294.13330078125,1255.933349609375,1292.6666259765625,1311525,893.2711639393596,0.0,1.0,yahoo,2023-12-13 16:24:29
2007-11-05,OIH,1269.4000244140625,1286.5999755859375,1266.0,1277.4000244140625,815640,882.7624612882078,0.06,1.0,yahoo,2023-12-13 16:24:29
2007-11-06,OIH,1290.0,1321.2667236328125,1288.4000244140625,1321.2667236328125,880920,913.0770648820942,0.0,1.0,yahoo,2023-12-13 16:24:29
2007-11-07,OIH,1314.5333251953125,1320.13330078125,1276.86669921875,1276.86669921875,1495815,882.393900576541,0.0,1.0,yahoo,2023-12-13 16:24:29
2007-11-08,OIH,1282.0,1305.2667236328125,1255.066650390625,1282.0,1380810,885.9413290606351,0.0,1.0,yahoo,2023-12-13 16:24:29
2007-11-09,OIH,1266.5999755859375,1287.5999755859375,1256.199951171875,1261.2667236328125,913035,871.6496139813331,0.053333,1.0,yahoo,2023-12-13 16:24:29
2007-11-12,OIH,1246.5999755859375,1246.5999755859375,1190.199951171875,1190.6666259765625,1972125,822.8585480505157,0.0,1.0,yahoo,2023-12-13 16:24:29
2007-11-13,OIH,1196.6666259765625,1232.2667236328125,1184.5999755859375,1225.6666259765625,1556955,847.0467200824198,0.0,1.0,yahoo,2023-12-13 16:24:29
2007-11-14,OIH,1243.2667236328125,1248.800048828125,1219.13330078125,1223.5333251953125,915615,845.5724159026292,0.0,1.0,yahoo,2023-12-13 16:24:29
2007-11-15,OIH,1213.3333740234375,1225.4000244140625,1176.066650390625,1186.3333740234375,1617450,819.8638782305221,0.0,1.0,yahoo,2023-12-13 16:24:29
2007-11-16,OIH,1200.933349609375,1215.5999755859375,1184.4666748046875,1214.933349609375,1267845,839.6290533614055,0.0,1.0,yahoo,2023-12-13 16:24:29
2007-11-19,OIH,1214.3333740234375,1218.2667236328125,1186.800048828125,1194.0,1101750,825.1622116026753,0.0,1.0,yahoo,2023-12-13 16:24:29
2007-11-20,OIH,1205.0,1242.7332763671875,1205.0,1233.7332763671875,1209285,852.621506578696,0.0,1.0,yahoo,2023-12-13 16:24:29
2007-11-21,OIH,1222.066650390625,1242.199951171875,1207.4666748046875,1212.6666259765625,1197645,838.0625418991411,0.0,1.0,yahoo,2023-12-13 16:24:29
2007-11-23,OIH,1217.199951171875,1249.933349609375,1212.066650390625,1249.2667236328125,417885,863.3565264275375,0.0,1.0,yahoo,2023-12-13 16:24:29
2007-11-26,OIH,1249.3333740234375,1270.7332763671875,1226.4000244140625,1228.6666259765625,1349565,849.1199919708688,0.0,1.0,yahoo,2023-12-13 16:24:29
2007-11-27,OIH,1209.6666259765625,1218.933349609375,1194.0,1211.0,1412505,836.9107523038859,0.0,1.0,yahoo,2023-12-13 16:24:29
2007-11-28,OIH,1168.86669921875,1171.13330078125,1148.0,1154.6666259765625,1134510,846.5987081628949,69.54667,1.0,yahoo,2023-12-13 16:24:29
2007-11-29,OIH,1169.2667236328125,1185.5333251953125,1162.4000244140625,1179.0,1081860,864.6395637513342,0.266667,1.0,yahoo,2023-12-13 16:24:29
2007-11-30,OIH,1176.6666259765625,1189.6666259765625,1169.2667236328125,1174.3333740234375,923130,861.2561743764252,0.053333,1.0,yahoo,2023-12-13 16:24:29
2007-12-03,OIH,1173.3333740234375,1194.4666748046875,1169.0,1191.3333740234375,715515,873.9174627580834,0.26,1.0,yahoo,2023-12-13 16:24:29
2007-12-04,OIH,1182.4000244140625,1182.7332763671875,1167.199951171875,1173.0,696240,860.468787467264,0.0,1.0,yahoo,2023-12-13 16:24:29
2007-12-05,OIH,1190.933349609375,1204.86669921875,1170.800048828125,1177.6666259765625,940230,863.8920491856067,0.0,1.0,yahoo,2023-12-13 16:24:29
2007-12-06,OIH,1177.3333740234375,1224.5999755859375,1176.6666259765625,1223.800048828125,1062150,897.7490434355606,0.02,1.0,yahoo,2023-12-13 16:24:29
2007-12-07,OIH,1227.199951171875,1227.199951171875,1210.199951171875,1218.3333740234375,607245,893.7388278113817,0.0,1.0,yahoo,2023-12-13 16:24:29
2007-12-10,OIH,1218.3333740234375,1237.86669921875,1218.3333740234375,1235.6666259765625,573390,906.4540670168763,0.0,1.0,yahoo,2023-12-13 16:24:29
2007-12-11,OIH,1235.4666748046875,1246.6666259765625,1203.800048828125,1206.3333740234375,905970,884.9359285701677,0.0,1.0,yahoo,2023-12-13 16:24:29
2007-12-12,OIH,1234.3333740234375,1243.6666259765625,1219.800048828125,1240.0,802980,909.7133607121224,0.106667,1.0,yahoo,2023-12-13 16:24:29
2007-12-13,OIH,1235.5333251953125,1240.3333740234375,1216.2667236328125,1239.066650390625,531825,909.0286182848128,0.0,1.0,yahoo,2023-12-13 16:24:29
2007-12-14,OIH,1226.6666259765625,1231.2667236328125,1208.86669921875,1209.6666259765625,711930,887.5264431946083,0.093333,1.0,yahoo,2023-12-13 16:24:29
2007-12-17,OIH,1205.4000244140625,1208.7332763671875,1172.13330078125,1179.0,904395,865.0264908165841,0.0,1.0,yahoo,2023-12-13 16:24:29
2007-12-18,OIH,1193.6666259765625,1198.2667236328125,1166.199951171875,1188.13330078125,652305,871.7275485980745,0.0,1.0,yahoo,2023-12-13 16:24:29
2007-12-19,OIH,1181.2667236328125,1208.066650390625,1181.2667236328125,1191.13330078125,744210,873.9286338164372,0.0,1.0,yahoo,2023-12-13 16:24:29
2007-12-20,OIH,1199.3333740234375,1212.6666259765625,1187.86669921875,1212.6666259765625,686940,889.7275284129712,0.0,1.0,yahoo,2023-12-13 16:24:29
2007-12-21,OIH,1219.933349609375,1255.3333740234375,1216.7332763671875,1255.3333740234375,695025,921.0319112268335,0.0,1.0,yahoo,2023-12-13 16:24:29
2007-12-24,OIH,1264.066650390625,1266.2667236328125,1244.066650390625,1264.6666259765625,192645,927.8796721979265,0.0,1.0,yahoo,2023-12-13 16:24:29
2007-12-26,OIH,1267.0,1290.7332763671875,1261.0,1290.6666259765625,359370,946.9557440904042,0.0,1.0,yahoo,2023-12-13 16:24:29
2007-12-27,OIH,1286.4666748046875,1288.0,1268.199951171875,1268.800048828125,624465,930.9123441778656,0.0,1.0,yahoo,2023-12-13 16:24:29
2007-12-28,OIH,1277.5999755859375,1288.5333251953125,1274.800048828125,1278.13330078125,446025,937.7601051489587,0.0,1.0,yahoo,2023-12-13 16:24:29
2007-12-31,OIH,1287.199951171875,1287.199951171875,1260.13330078125,1260.13330078125,446880,924.5535938387818,0.0,1.0,yahoo,2023-12-13 16:24:29
2008-01-02,OIH,1273.3333740234375,1292.5999755859375,1264.86669921875,1284.6666259765625,708780,942.5535736536785,0.0,1.0,yahoo,2023-12-13 16:24:29
2008-01-03,OIH,1290.13330078125,1301.86669921875,1277.933349609375,1289.3333740234375,771690,945.9775437016119,0.0,1.0,yahoo,2023-12-13 16:24:29
2008-01-04,OIH,1271.4000244140625,1271.7332763671875,1245.066650390625,1248.6666259765625,968610,916.1405510333249,0.0,1.0,yahoo,2023-12-13 16:24:29
2008-01-07,OIH,1253.6666259765625,1260.5999755859375,1214.066650390625,1229.3333740234375,1152330,901.9558393343558,0.0,1.0,yahoo,2023-12-13 16:24:29
2008-01-08,OIH,1244.199951171875,1250.800048828125,1207.86669921875,1211.6666259765625,1044165,888.9938333401835,0.0,1.0,yahoo,2023-12-13 16:24:29
2008-01-09,OIH,1209.6666259765625,1231.7332763671875,1199.3333740234375,1228.6666259765625,1062960,901.4666495775728,0.0,1.0,yahoo,2023-12-13 16:24:29
2008-01-10,OIH,1211.0,1221.2667236328125,1195.13330078125,1213.4000244140625,1466220,890.265619232955,0.0,1.0,yahoo,2023-12-13 16:24:29
2008-01-11,OIH,1206.933349609375,1226.2667236328125,1195.2667236328125,1198.3333740234375,757140,879.21129207794,0.0,1.0,yahoo,2023-12-13 16:24:29
2008-01-14,OIH,1210.3333740234375,1233.6666259765625,1205.5333251953125,1230.6666259765625,629490,902.934039723148,0.0,1.0,yahoo,2023-12-13 16:24:29
2008-01-15,OIH,1208.86669921875,1208.86669921875,1162.066650390625,1168.6666259765625,1457625,857.4449452103166,0.0,1.0,yahoo,2023-12-13 16:24:29
2008-01-16,OIH,1156.86669921875,1167.86669921875,1109.4666748046875,1130.3333740234375,1973175,829.320027128383,0.0,1.0,yahoo,2023-12-13 16:24:29
2008-01-17,OIH,1143.0,1155.86669921875,1081.5333251953125,1084.6666259765625,1955910,795.814559096158,0.0,1.0,yahoo,2023-12-13 16:24:29
2008-01-18,OIH,1072.6666259765625,1086.13330078125,1034.5333251953125,1077.3333740234375,2806725,790.4341882706401,0.0,1.0,yahoo,2023-12-13 16:24:29
2008-01-22,OIH,1016.6666870117188,1066.5333251953125,1013.3333129882812,1051.86669921875,1517985,771.7494144461566,0.0,1.0,yahoo,2023-12-13 16:24:29
2008-01-23,OIH,1020.0,1067.4666748046875,977.5333251953124,1066.6666259765625,2231025,782.6080477859811,0.0,1.0,yahoo,2023-12-13 16:24:29
2008-01-24,OIH,1074.199951171875,1111.933349609375,1073.3333740234375,1096.0,1789005,804.1297997752131,0.0,1.0,yahoo,2023-12-13 16:24:29
2008-01-25,OIH,1118.13330078125,1137.4000244140625,1074.2667236328125,1089.933349609375,2146125,799.6787282752865,0.0,1.0,yahoo,2023-12-13 16:24:29
2008-01-28,OIH,1087.2667236328125,1115.933349609375,1068.4666748046875,1105.0,1111305,810.7330554303015,0.0,1.0,yahoo,2023-12-13 16:24:29
2008-01-29,OIH,1108.0,1108.0,1085.7332763671875,1093.3333740234375,1171755,802.1733094352417,0.0,1.0,yahoo,2023-12-13 16:24:29
2008-01-30,OIH,1074.800048828125,1096.2667236328125,1060.7332763671875,1062.0,1625220,779.1841673004345,0.0,1.0,yahoo,2023-12-13 16:24:29
2008-01-31,OIH,1049.3333740234375,1059.933349609375,1033.800048828125,1049.800048828125,1428900,770.3636933548984,0.18,1.0,yahoo,2023-12-13 16:24:29
2008-02-01,OIH,1056.2667236328125,1081.6666259765625,1052.199951171875,1079.0,1165170,791.7911854336601,0.0,1.0,yahoo,2023-12-13 16:24:29
2008-02-04,OIH,1085.3333740234375,1108.933349609375,1074.066650390625,1098.4000244140625,919500,806.0273006591026,0.0,1.0,yahoo,2023-12-13 16:24:29
2008-02-05,OIH,1076.2667236328125,1079.4666748046875,1055.6666259765625,1055.6666259765625,1131255,774.6687017652778,0.0,1.0,yahoo,2023-12-13 16:24:29
2008-02-06,OIH,1061.5999755859375,1071.5999755859375,1037.4666748046875,1041.3333740234375,1148685,764.1506827151534,0.0,1.0,yahoo,2023-12-13 16:24:29
2008-02-07,OIH,1028.86669921875,1063.86669921875,1019.0,1048.86669921875,1078950,769.6787832588548,0.0,1.0,yahoo,2023-12-13 16:24:29
2008-02-08,OIH,1047.199951171875,1071.4000244140625,1045.4666748046875,1063.5333251953125,1004415,780.4414386511573,0.0,1.0,yahoo,2023-12-13 16:24:29
2008-02-11,OIH,1068.4000244140625,1096.6666259765625,1054.86669921875,1096.6666259765625,998925,804.7552991728589,0.0,1.0,yahoo,2023-12-13 16:24:29
2008-02-12,OIH,1099.933349609375,1118.3333740234375,1077.5999755859375,1088.933349609375,1572540,799.1193332752399,0.053333,1.0,yahoo,2023-12-13 16:24:29
2008-02-13,OIH,1098.86669921875,1135.199951171875,1096.13330078125,1132.3333740234375,1205985,831.7426622179815,1.013333,1.0,yahoo,2023-12-13 16:24:29
2008-02-14,OIH,1140.933349609375,1147.933349609375,1119.800048828125,1121.3333740234375,1231890,823.6627367346508,0.0,1.0,yahoo,2023-12-13 16:24:29
2008-02-15,OIH,1117.4000244140625,1128.5333251953125,1097.199951171875,1128.3333740234375,1173405,829.075608556638,0.366667,1.0,yahoo,2023-12-13 16:24:29
2008-02-19,OIH,1146.800048828125,1160.4000244140625,1142.13330078125,1146.86669921875,1157850,842.69350573014,0.0,1.0,yahoo,2023-12-13 16:24:29
2008-02-20,OIH,1144.4666748046875,1176.6666259765625,1134.7332763671875,1173.2667236328125,1179555,862.0916878728445,0.0,1.0,yahoo,2023-12-13 16:24:29
2008-02-21,OIH,1176.6666259765625,1177.0,1144.066650390625,1147.4666748046875,1347270,843.1343551594683,0.0,1.0,yahoo,2023-12-13 16:24:29
2008-02-22,OIH,1151.86669921875,1163.4000244140625,1125.0,1160.0,1038795,852.3435786502964,0.0,1.0,yahoo,2023-12-13 16:24:29
2008-02-25,OIH,1161.7332763671875,1189.5999755859375,1154.13330078125,1183.86669921875,950595,869.8803267732961,0.0,1.0,yahoo,2023-12-13 16:24:29
2008-02-26,OIH,1180.6666259765625,1215.5333251953125,1173.933349609375,1207.7332763671875,1071045,887.4169852016,0.0,1.0,yahoo,2023-12-13 16:24:29
2008-02-27,OIH,1201.0,1211.066650390625,1189.4000244140625,1190.5999755859375,786090,874.8277964929944,0.0,1.0,yahoo,2023-12-13 16:24:29
2008-02-28,OIH,1193.066650390625,1224.800048828125,1191.0,1217.4000244140625,805605,894.720304915152,0.266667,1.0,yahoo,2023-12-13 16:24:29
2008-02-29,OIH,1207.933349609375,1209.6666259765625,1169.800048828125,1175.4000244140625,1080825,863.8905216224246,0.053333,1.0,yahoo,2023-12-13 16:24:29
2008-03-03,OIH,1178.0,1197.5333251953125,1151.2667236328125,1170.0,1178385,859.9216345959301,0.0,1.0,yahoo,2023-12-13 16:24:29
2008-03-04,OIH,1162.0,1175.2667236328125,1135.4666748046875,1155.4000244140625,1035195,849.1910065011266,0.0,1.0,yahoo,2023-12-13 16:24:29
2008-03-05,OIH,1165.13330078125,1198.0,1162.2667236328125,1198.0,1006920,880.5009557657472,0.0,1.0,yahoo,2023-12-13 16:24:29
2008-03-06,OIH,1195.4000244140625,1204.4000244140625,1174.5333251953125,1181.933349609375,1042665,868.7068598661629,0.02,1.0,yahoo,2023-12-13 16:24:29
2008-03-07,OIH,1168.4666748046875,1177.5999755859375,1138.6666259765625,1153.800048828125,1034895,848.0292206512045,0.0,1.0,yahoo,2023-12-13 16:24:29
2008-03-10,OIH,1148.933349609375,1159.86669921875,1119.6666259765625,1120.86669921875,1197210,823.8236030218432,0.0,1.0,yahoo,2023-12-13 16:24:29
2008-03-11,OIH,1145.066650390625,1179.933349609375,1145.066650390625,1179.933349609375,1161510,867.2368838135313,0.0,1.0,yahoo,2023-12-13 16:24:29
2008-03-12,OIH,1179.6666259765625,1184.3333740234375,1157.6666259765625,1161.13330078125,896115,853.5782237228052,0.22,1.0,yahoo,2023-12-13 16:24:29
2008-03-13,OIH,1146.6666259765625,1186.5999755859375,1128.7332763671875,1181.7332763671875,1042665,868.7217826557433,0.0,1.0,yahoo,2023-12-13 16:24:29
2008-03-14,OIH,1191.6666259765625,1191.6666259765625,1141.4666748046875,1171.6666259765625,1020255,861.3215353684708,0.0,1.0,yahoo,2023-12-13 16:24:29
2008-03-17,OIH,1134.6666259765625,1150.0,1104.6666259765625,1116.0,1232160,820.3996018663089,0.0,1.0,yahoo,2023-12-13 16:24:29
2008-03-18,OIH,1137.13330078125,1173.2667236328125,1137.13330078125,1173.2667236328125,1049460,862.4978073040753,0.0,1.0,yahoo,2023-12-13 16:24:29
2008-03-19,OIH,1163.0,1166.7332763671875,1100.066650390625,1100.066650390625,1312635,808.6865967803519,0.0,1.0,yahoo,2023-12-13 16:24:29
2008-03-20,OIH,1091.4666748046875,1112.5333251953125,1070.5999755859375,1096.0,1395135,805.6971000407478,0.0,1.0,yahoo,2023-12-13 16:24:29
2008-03-24,OIH,1102.4666748046875,1130.0,1100.13330078125,1113.5999755859375,602850,818.6352836998517,0.0,1.0,yahoo,2023-12-13 16:24:29
2008-03-25,OIH,1115.86669921875,1150.4000244140625,1115.86669921875,1140.6666259765625,896415,838.532657538851,0.0,1.0,yahoo,2023-12-13 16:24:29
2008-03-26,OIH,1140.86669921875,1182.0,1140.800048828125,1176.2667236328125,855390,864.7031825779095,0.0,1.0,yahoo,2023-12-13 16:24:29
2008-03-27,OIH,1179.7332763671875,1192.3333740234375,1165.4000244140625,1169.199951171875,825210,859.5082208275215,0.0,1.0,yahoo,2023-12-13 16:24:29
2008-03-28,OIH,1168.86669921875,1179.5999755859375,1155.7332763671875,1161.066650390625,652620,853.5292273483133,0.0,1.0,yahoo,2023-12-13 16:24:29
2008-03-31,OIH,1167.2667236328125,1197.0,1157.86669921875,1178.6666259765625,1216005,866.4674110074171,0.0,1.0,yahoo,2023-12-13 16:24:29
2008-04-01,OIH,1170.800048828125,1199.933349609375,1157.5333251953125,1199.933349609375,1207455,882.1011131591736,0.0,1.0,yahoo,2023-12-13 16:24:29
2008-04-02,OIH,1199.3333740234375,1231.86669921875,1181.6666259765625,1222.933349609375,1326555,899.0089902585688,0.0,1.0,yahoo,2023-12-13 16:24:29
2008-04-03,OIH,1216.0,1242.4666748046875,1208.7332763671875,1230.066650390625,1019340,904.252858646499,0.0,1.0,yahoo,2023-12-13 16:24:29
2008-04-04,OIH,1232.7332763671875,1265.0,1232.6666259765625,1250.86669921875,1039950,919.5434964398625,0.0,1.0,yahoo,2023-12-13 16:24:29
2008-04-07,OIH,1264.6666259765625,1286.0,1247.933349609375,1252.3333740234375,1069005,920.6216858895335,0.0,1.0,yahoo,2023-12-13 16:24:29
2008-04-08,OIH,1245.066650390625,1271.5333251953125,1243.933349609375,1252.6666259765625,1151835,920.8666677619932,0.0,1.0,yahoo,2023-12-13 16:24:29
2008-04-09,OIH,1256.13330078125,1279.066650390625,1255.5999755859375,1268.5333251953125,1053585,932.5306764734582,0.0,1.0,yahoo,2023-12-13 16:24:29
2008-04-10,OIH,1263.7332763671875,1275.5999755859375,1258.5333251953125,1275.199951171875,967860,937.4314805029953,0.0,1.0,yahoo,2023-12-13 16:24:29
2008-04-11,OIH,1263.3333740234375,1269.6666259765625,1250.13330078125,1254.5999755859375,835680,922.2879215700574,0.0,1.0,yahoo,2023-12-13 16:24:29
2008-04-14,OIH,1257.800048828125,1292.3333740234375,1254.4000244140625,1289.5999755859375,1079790,948.0172997647893,0.0,1.0,yahoo,2023-12-13 16:24:29
2008-04-15,OIH,1291.13330078125,1299.13330078125,1274.800048828125,1286.933349609375,995370,946.0569961003644,0.0,1.0,yahoo,2023-12-13 16:24:29
2008-04-16,OIH,1293.3333740234375,1324.2667236328125,1277.199951171875,1323.86669921875,1571460,973.2076281031605,0.0,1.0,yahoo,2023-12-13 16:24:29
2008-04-17,OIH,1314.6666259765625,1330.0,1301.0,1328.6666259765625,1234290,976.7361746991253,0.0,1.0,yahoo,2023-12-13 16:24:29
2008-04-18,OIH,1317.4666748046875,1392.0,1314.800048828125,1392.0,2077110,1023.294127059052,0.0,1.0,yahoo,2023-12-13 16:24:29
2008-04-21,OIH,1391.5333251953125,1404.0,1371.6666259765625,1401.13330078125,940260,1030.0082456295384,0.0,1.0,yahoo,2023-12-13 16:24:29
2008-04-22,OIH,1388.7332763671875,1394.0,1368.4666748046875,1382.86669921875,1145610,1016.5800084885657,0.0,1.0,yahoo,2023-12-13 16:24:29
2008-04-23,OIH,1375.5999755859375,1383.5333251953125,1358.6666259765625,1374.199951171875,1075350,1010.2088645395228,0.0,1.0,yahoo,2023-12-13 16:24:29
2008-04-24,OIH,1353.3333740234375,1365.0,1324.7332763671875,1342.4666748046875,1281330,986.8809368535424,0.0,1.0,yahoo,2023-12-13 16:24:29
2008-04-25,OIH,1346.0,1353.2667236328125,1325.6666259765625,1350.4666748046875,700530,1003.1637145278833,13.92,1.0,yahoo,2023-12-13 16:24:29
2008-04-28,OIH,1350.199951171875,1362.3333740234375,1333.4666748046875,1340.0,553785,996.2002193821289,1.1,1.0,yahoo,2023-12-13 16:24:29
2008-04-29,OIH,1325.5999755859375,1325.5999755859375,1295.0,1296.933349609375,1075260,964.1830503021333,0.0,1.0,yahoo,2023-12-13 16:24:29
2008-04-30,OIH,1302.0,1323.800048828125,1286.86669921875,1308.5333251953125,1324140,973.5675325162522,1.013333,1.0,yahoo,2023-12-13 16:24:29
2008-05-01,OIH,1297.3333740234375,1297.3333740234375,1249.3333740234375,1278.4666748046875,1537020,951.3283774534308,0.18,1.0,yahoo,2023-12-13 16:24:29
2008-05-02,OIH,1288.2667236328125,1313.066650390625,1285.5999755859375,1309.4000244140625,855750,974.346398863791,0.0,1.0,yahoo,2023-12-13 16:24:29
2008-05-05,OIH,1316.800048828125,1337.5999755859375,1314.5333251953125,1324.13330078125,637650,985.3096755585948,0.0,1.0,yahoo,2023-12-13 16:24:29
2008-05-06,OIH,1326.6666259765625,1366.6666259765625,1326.6666259765625,1357.7332763671875,1163895,1010.3119778372428,0.0,1.0,yahoo,2023-12-13 16:24:29
2008-05-07,OIH,1367.4000244140625,1373.199951171875,1337.800048828125,1344.13330078125,1210560,1000.1920091571419,0.0,1.0,yahoo,2023-12-13 16:24:29
2008-05-08,OIH,1341.933349609375,1382.5999755859375,1340.199951171875,1380.86669921875,1279470,1027.5259436449032,0.0,1.0,yahoo,2023-12-13 16:24:29
2008-05-09,OIH,1385.3333740234375,1386.13330078125,1352.6666259765625,1379.5999755859375,1068390,1026.5833534608691,0.0,1.0,yahoo,2023-12-13 16:24:29
2008-05-12,OIH,1366.7332763671875,1369.0,1346.5333251953125,1356.5999755859375,958005,1009.5125744003423,0.06,1.0,yahoo,2023-12-13 16:24:29
2008-05-13,OIH,1356.86669921875,1380.7332763671875,1330.86669921875,1378.5333251953125,1535565,1025.834255535431,0.0,1.0,yahoo,2023-12-13 16:24:29
2008-05-14,OIH,1374.0,1386.6666259765625,1350.800048828125,1350.800048828125,1518255,1005.1965644504793,0.0,1.0,yahoo,2023-12-13 16:24:29
2008-05-15,OIH,1370.3333740234375,1395.2667236328125,1349.6666259765625,1394.933349609375,1900410,1038.0383180184174,0.0,1.0,yahoo,2023-12-13 16:24:29
2008-05-16,OIH,1413.3333740234375,1434.4666748046875,1408.3333740234375,1433.066650390625,1605990,1066.415177324666,0.0,1.0,yahoo,2023-12-13 16:24:29
2008-05-19,OIH,1439.3333740234375,1460.6666259765625,1428.0,1445.13330078125,1383480,1075.3945636724854,0.0,1.0,yahoo,2023-12-13 16:24:29
2008-05-20,OIH,1453.2667236328125,1461.0,1435.86669921875,1455.800048828125,1031610,1083.3322140300493,0.0,1.0,yahoo,2023-12-13 16:24:29
2008-05-21,OIH,1454.5999755859375,1474.3333740234375,1425.86669921875,1425.86669921875,1764690,1061.057340546041,0.0,1.0,yahoo,2023-12-13 16:24:29
2008-05-22,OIH,1428.2667236328125,1437.13330078125,1399.800048828125,1411.13330078125,1518600,1050.093496189577,0.0,1.0,yahoo,2023-12-13 16:24:29
2008-05-23,OIH,1417.7332763671875,1424.5333251953125,1373.6666259765625,1387.4666748046875,1238160,1032.4819991035254,0.0,1.0,yahoo,2023-12-13 16:24:29
2008-05-27,OIH,1382.066650390625,1409.5333251953125,1367.800048828125,1396.800048828125,1072740,1039.427420456767,0.0,1.0,yahoo,2023-12-13 16:24:29
2008-05-28,OIH,1390.066650390625,1435.933349609375,1377.800048828125,1435.933349609375,1016910,1068.5892299717293,0.053333,1.0,yahoo,2023-12-13 16:24:29
2008-05-29,OIH,1423.13330078125,1431.5333251953125,1390.5333251953125,1398.86669921875,1734345,1041.1984251347126,0.266667,1.0,yahoo,2023-12-13 16:24:29
2008-05-30,OIH,1407.800048828125,1422.5999755859375,1397.0,1409.3333740234375,1034205,1048.9889353592566,0.0,1.0,yahoo,2023-12-13 16:24:29
2008-06-02,OIH,1401.7332763671875,1430.066650390625,1391.0,1403.6666259765625,1256970,1044.998474651327,0.306667,1.0,yahoo,2023-12-13 16:24:29
2008-06-03,OIH,1397.5999755859375,1412.3333740234375,1367.066650390625,1367.066650390625,1621110,1017.7506097012207,0.0,1.0,yahoo,2023-12-13 16:24:29
2008-06-04,OIH,1363.800048828125,1401.5999755859375,1363.3333740234375,1367.13330078125,1675815,1017.8647583132578,0.086667,1.0,yahoo,2023-12-13 16:24:29
2008-06-05,OIH,1379.933349609375,1435.13330078125,1379.933349609375,1432.4000244140625,1212555,1066.473059566418,0.02,1.0,yahoo,2023-12-13 16:24:29
2008-06-06,OIH,1451.5999755859375,1473.6666259765625,1411.4000244140625,1413.4666748046875,1612980,1052.3765034776184,0.0,1.0,yahoo,2023-12-13 16:24:29
2008-06-09,OIH,1420.0,1463.4000244140625,1413.4666748046875,1449.6666259765625,1095840,1079.3286621095735,0.0,1.0,yahoo,2023-12-13 16:24:29
2008-06-10,OIH,1445.2667236328125,1445.6666259765625,1394.6666259765625,1413.6666259765625,1321755,1052.5253742779526,0.0,1.0,yahoo,2023-12-13 16:24:29
2008-06-11,OIH,1425.0,1431.2667236328125,1400.933349609375,1416.3333740234375,1126365,1054.6053580796518,0.126667,1.0,yahoo,2023-12-13 16:24:29
2008-06-12,OIH,1410.86669921875,1411.3333740234375,1380.0,1389.0,1064355,1034.321018994826,0.093333,1.0,yahoo,2023-12-13 16:24:29
2008-06-13,OIH,1387.066650390625,1414.13330078125,1384.2667236328125,1400.13330078125,1043265,1042.611448806805,0.0,1.0,yahoo,2023-12-13 16:24:29
2008-06-16,OIH,1413.3333740234375,1421.4000244140625,1405.800048828125,1413.199951171875,593895,1052.3415504244292,0.0,1.0,yahoo,2023-12-13 16:24:29
2008-06-17,OIH,1414.5999755859375,1446.5333251953125,1406.0,1442.933349609375,906090,1074.4825720011422,0.0,1.0,yahoo,2023-12-13 16:24:29
2008-06-18,OIH,1437.199951171875,1458.199951171875,1424.86669921875,1453.13330078125,1001235,1082.0779815690264,0.0,1.0,yahoo,2023-12-13 16:24:29
2008-06-19,OIH,1470.0,1473.3333740234375,1430.4666748046875,1433.066650390625,1285815,1067.1353190205425,0.0,1.0,yahoo,2023-12-13 16:24:29
2008-06-20,OIH,1441.199951171875,1459.199951171875,1419.2667236328125,1425.86669921875,1107810,1061.7738641373123,0.0,1.0,yahoo,2023-12-13 16:24:29
2008-06-23,OIH,1427.933349609375,1494.7332763671875,1427.933349609375,1494.7332763671875,1263015,1113.0554683495927,0.0,1.0,yahoo,2023-12-13 16:24:29
2008-06-24,OIH,1488.3333740234375,1488.4000244140625,1459.800048828125,1464.5333251953125,1282590,1090.5670275506816,0.0,1.0,yahoo,2023-12-13 16:24:29
2008-06-25,OIH,1469.5333251953125,1470.0,1418.3333740234375,1455.066650390625,1321995,1083.5176533746721,0.0,1.0,yahoo,2023-12-13 16:24:29
2008-06-26,OIH,1457.4000244140625,1477.2667236328125,1426.6666259765625,1453.6666259765625,1254180,1082.4751230085305,0.0,1.0,yahoo,2023-12-13 16:24:29
2008-06-27,OIH,1459.4666748046875,1484.86669921875,1451.933349609375,1470.4000244140625,1059390,1094.935674285076,0.0,1.0,yahoo,2023-12-13 16:24:29
2008-06-30,OIH,1483.933349609375,1501.5999755859375,1476.066650390625,1480.066650390625,1015920,1102.133942413456,0.0,1.0,yahoo,2023-12-13 16:24:29
2008-07-01,OIH,1477.199951171875,1498.0,1456.0,1494.3333740234375,1159035,1112.7576804448513,0.0,1.0,yahoo,2023-12-13 16:24:29
2008-07-02,OIH,1494.6666259765625,1525.0,1432.800048828125,1435.13330078125,1547055,1068.6742534611021,0.0,1.0,yahoo,2023-12-13 16:24:29
2008-07-03,OIH,1435.4666748046875,1448.0,1379.800048828125,1408.3333740234375,1223940,1048.7176461514352,0.0,1.0,yahoo,2023-12-13 16:24:29
2008-07-07,OIH,1392.0,1417.4666748046875,1352.7332763671875,1375.4666748046875,1502040,1024.2434072551544,0.0,1.0,yahoo,2023-12-13 16:24:29
2008-07-08,OIH,1356.5333251953125,1363.2667236328125,1316.13330078125,1359.3333740234375,1923615,1012.229719635419,0.0,1.0,yahoo,2023-12-13 16:24:29
2008-07-09,OIH,1372.86669921875,1389.86669921875,1334.2667236328125,1336.4000244140625,1336215,995.1523650371948,0.0,1.0,yahoo,2023-12-13 16:24:29
2008-07-10,OIH,1350.13330078125,1373.199951171875,1312.5333251953125,1370.5333251953125,1049490,1020.5697807648546,0.0,1.0,yahoo,2023-12-13 16:24:29
2008-07-11,OIH,1382.6666259765625,1395.13330078125,1347.3333740234375,1368.4000244140625,938925,1018.981215006838,0.0,1.0,yahoo,2023-12-13 16:24:29
2008-07-14,OIH,1383.0,1415.5999755859375,1376.7332763671875,1399.5333251953125,940695,1042.1646760498438,0.0,1.0,yahoo,2023-12-13 16:24:29
2008-07-15,OIH,1399.5333251953125,1401.3333740234375,1340.13330078125,1342.199951171875,1065285,999.4712895542834,0.0,1.0,yahoo,2023-12-13 16:24:29
2008-07-16,OIH,1335.5333251953125,1346.86669921875,1295.4666748046875,1333.066650390625,1477095,992.6701628654074,0.0,1.0,yahoo,2023-12-13 16:24:29
2008-07-17,OIH,1338.86669921875,1373.4666748046875,1287.800048828125,1315.800048828125,1829070,979.8125610492068,0.0,1.0,yahoo,2023-12-13 16:24:29
2008-07-18,OIH,1329.6666259765625,1363.6666259765625,1326.933349609375,1342.6666259765625,1225815,999.8187996763306,0.0,1.0,yahoo,2023-12-13 16:24:29
2008-07-21,OIH,1355.933349609375,1395.3333740234375,1334.800048828125,1395.3333740234375,1062675,1039.0371758512676,0.0,1.0,yahoo,2023-12-13 16:24:29
2008-07-22,OIH,1397.7332763671875,1417.066650390625,1349.86669921875,1358.13330078125,1952055,1011.3360832216481,0.0,1.0,yahoo,2023-12-13 16:24:29
2008-07-23,OIH,1354.0,1365.0,1281.4000244140625,1294.3333740234375,1980960,963.8273681345812,0.0,1.0,yahoo,2023-12-13 16:24:29
2008-07-24,OIH,1303.4000244140625,1313.0,1247.2667236328125,1282.86669921875,2258775,955.2886908354691,0.0,1.0,yahoo,2023-12-13 16:24:29
2008-07-25,OIH,1284.4000244140625,1301.199951171875,1262.4000244140625,1288.933349609375,1244715,959.8062315222342,0.0,1.0,yahoo,2023-12-13 16:24:29
2008-07-28,OIH,1297.066650390625,1312.5333251953125,1281.5333251953125,1281.5333251953125,1293165,954.2957917867844,0.0,1.0,yahoo,2023-12-13 16:24:29
2008-07-29,OIH,1285.3333740234375,1285.3333740234375,1252.3333740234375,1260.6666259765625,1213080,938.7573716291198,0.0,1.0,yahoo,2023-12-13 16:24:29
2008-07-30,OIH,1260.0,1335.3333740234375,1253.4666748046875,1333.0,1829490,993.4190490024782,1.013333,1.0,yahoo,2023-12-13 16:24:29
2008-07-31,OIH,1324.4666748046875,1326.6666259765625,1282.5999755859375,1286.933349609375,1607070,959.2413669445264,0.213333,1.0,yahoo,2023-12-13 16:24:29
2008-08-01,OIH,1286.199951171875,1323.5999755859375,1281.3333740234375,1296.2667236328125,1461075,966.1981828970885,0.0,1.0,yahoo,2023-12-13 16:24:29
2008-08-04,OIH,1285.13330078125,1295.800048828125,1207.4000244140625,1224.3333740234375,2096835,912.581230139481,0.0,1.0,yahoo,2023-12-13 16:24:29
2008-08-05,OIH,1213.199951171875,1233.86669921875,1196.7332763671875,1223.86669921875,1939470,912.2333847924762,0.0,1.0,yahoo,2023-12-13 16:24:29
2008-08-06,OIH,1230.0,1254.2667236328125,1212.5333251953125,1250.4666748046875,1421835,932.0602056216128,0.0,1.0,yahoo,2023-12-13 16:24:29
2008-08-07,OIH,1262.2667236328125,1276.6666259765625,1236.4000244140625,1241.4000244140625,1388535,925.3021974334256,0.0,1.0,yahoo,2023-12-13 16:24:29
2008-08-08,OIH,1224.0,1226.933349609375,1191.4000244140625,1200.933349609375,1442055,895.1395565576333,0.0,1.0,yahoo,2023-12-13 16:24:29
2008-08-11,OIH,1211.13330078125,1214.800048828125,1169.7332763671875,1195.2667236328125,1360845,890.9603375816462,0.06,1.0,yahoo,2023-12-13 16:24:29
2008-08-12,OIH,1204.2667236328125,1211.933349609375,1183.13330078125,1187.86669921875,1295505,885.4838170593018,0.053333,1.0,yahoo,2023-12-13 16:24:29
2008-08-13,OIH,1192.7332763671875,1241.13330078125,1190.5333251953125,1237.13330078125,1596510,922.2091318053032,0.0,1.0,yahoo,2023-12-13 16:24:29
2008-08-14,OIH,1234.066650390625,1237.0,1200.0,1221.066650390625,1414530,910.2324016514865,0.0,1.0,yahoo,2023-12-13 16:24:29
2008-08-15,OIH,1211.6666259765625,1212.4666748046875,1181.86669921875,1190.933349609375,1812375,887.7698221264218,0.0,1.0,yahoo,2023-12-13 16:24:29
2008-08-18,OIH,1199.7332763671875,1210.0,1168.13330078125,1171.199951171875,1330065,873.0597498738014,0.0,1.0,yahoo,2023-12-13 16:24:29
2008-08-19,OIH,1173.4000244140625,1218.6666259765625,1169.13330078125,1210.5333251953125,1463460,902.3804355963672,0.0,1.0,yahoo,2023-12-13 16:24:29
2008-08-20,OIH,1224.066650390625,1252.13330078125,1209.066650390625,1248.86669921875,1726515,930.9556809276487,0.0,1.0,yahoo,2023-12-13 16:24:29
2008-08-21,OIH,1268.7332763671875,1283.199951171875,1252.800048828125,1272.6666259765625,1482240,948.6971076425318,0.0,1.0,yahoo,2023-12-13 16:24:29
2008-08-22,OIH,1258.3333740234375,1268.7332763671875,1235.7332763671875,1246.0,1121715,928.8187275403291,0.0,1.0,yahoo,2023-12-13 16:24:29
2008-08-25,OIH,1245.5999755859375,1259.800048828125,1226.13330078125,1234.066650390625,930075,919.9231267381833,0.0,1.0,yahoo,2023-12-13 16:24:29
2008-08-26,OIH,1251.7332763671875,1263.4666748046875,1238.7332763671875,1258.3333740234375,840840,938.0125226982168,0.0,1.0,yahoo,2023-12-13 16:24:29
2008-08-27,OIH,1270.6666259765625,1278.3333740234375,1255.4666748046875,1268.5999755859375,940950,945.6656621841275,0.0,1.0,yahoo,2023-12-13 16:24:29
2008-08-28,OIH,1277.6666259765625,1281.0,1232.5333251953125,1247.5999755859375,1215000,930.206948809653,0.266667,1.0,yahoo,2023-12-13 16:24:29
2008-08-29,OIH,1259.3333740234375,1259.3333740234375,1226.6666259765625,1226.6666259765625,785340,914.8239724382937,0.306667,1.0,yahoo,2023-12-13 16:24:29
2008-09-02,OIH,1185.3333740234375,1190.5999755859375,1164.5333251953125,1164.5333251953125,1491510,868.48617222615,0.0,1.0,yahoo,2023-12-13 16:24:29
2008-09-03,OIH,1157.066650390625,1176.6666259765625,1119.5999755859375,1136.5333251953125,2047035,847.6674051657376,0.086667,1.0,yahoo,2023-12-13 16:24:29
2008-09-04,OIH,1133.3333740234375,1145.5333251953125,1098.5333251953125,1117.4666748046875,2124330,833.4614787099739,0.02,1.0,yahoo,2023-12-13 16:24:29
2008-09-05,OIH,1121.4666748046875,1127.066650390625,1084.933349609375,1117.199951171875,1850475,833.2625431368396,0.0,1.0,yahoo,2023-12-13 16:24:29
2008-09-08,OIH,1139.933349609375,1146.800048828125,1080.2667236328125,1090.5333251953125,1807755,813.373264986763,0.0,1.0,yahoo,2023-12-13 16:24:29
2008-09-09,OIH,1073.5333251953125,1073.6666259765625,1016.933349609375,1017.4666748046876,2488155,758.8765718396508,0.0,1.0,yahoo,2023-12-13 16:24:29
2008-09-10,OIH,1028.86669921875,1052.6666259765625,1011.2000122070312,1040.066650390625,2638080,775.8293275385619,0.126667,1.0,yahoo,2023-12-13 16:24:29
2008-09-11,OIH,1033.4666748046875,1062.13330078125,1013.0,1062.066650390625,2346390,792.3111500986664,0.093333,1.0,yahoo,2023-12-13 16:24:29
2008-09-12,OIH,1062.4000244140625,1101.6666259765625,1062.4000244140625,1094.7332763671875,1844025,816.6807430877824,0.0,1.0,yahoo,2023-12-13 16:24:29
2008-09-15,OIH,1039.86669921875,1065.4000244140625,1008.3333129882812,1015.1333618164062,1955595,757.2985001538866,0.0,1.0,yahoo,2023-12-13 16:24:29
2008-09-16,OIH,987.933349609375,1055.6666259765625,961.2000122070312,1055.5999755859375,2363025,787.4869532839641,0.0,1.0,yahoo,2023-12-13 16:24:29
2008-09-17,OIH,1056.4000244140625,1066.066650390625,1000.0,1013.3333129882812,1902420,755.955647747476,0.0,1.0,yahoo,2023-12-13 16:24:29
2008-09-18,OIH,1034.7332763671875,1054.4666748046875,987.5333251953124,1028.2667236328125,1599315,767.0961046654222,0.0,1.0,yahoo,2023-12-13 16:24:29
2008-09-19,OIH,1075.3333740234375,1130.2667236328125,1073.3333740234375,1113.2667236328125,1306200,830.5068592857814,0.0,1.0,yahoo,2023-12-13 16:24:29
2008-09-22,OIH,1127.933349609375,1143.5999755859375,1103.066650390625,1112.13330078125,1574820,829.6613157761162,0.0,1.0,yahoo,2023-12-13 16:24:29
2008-09-23,OIH,1120.0,1120.0,1065.0,1067.4000244140625,2054400,796.2898944692405,0.0,1.0,yahoo,2023-12-13 16:24:29
2008-09-24,OIH,1086.933349609375,1092.0,1068.3333740234375,1074.86669921875,1273500,801.8601001618293,0.0,1.0,yahoo,2023-12-13 16:24:29
2008-09-25,OIH,1083.3333740234375,1093.800048828125,1069.13330078125,1086.86669921875,903105,810.8122066964684,0.0,1.0,yahoo,2023-12-13 16:24:29
2008-09-26,OIH,1065.5999755859375,1067.800048828125,1021.2666625976562,1050.800048828125,1136640,783.9061653094307,0.0,1.0,yahoo,2023-12-13 16:24:29
2008-09-29,OIH,1011.6666870117188,1013.3333129882812,902.0,927.5333251953124,1690455,691.9480951313612,0.0,1.0,yahoo,2023-12-13 16:24:29
2008-09-30,OIH,942.5333251953124,986.6666870117188,940.0,978.0,1001520,729.596682573073,0.0,1.0,yahoo,2023-12-13 16:24:29
2008-10-01,OIH,961.6666870117188,961.6666870117188,907.3333129882812,934.2666625976562,1242630,696.9712246113155,0.0,1.0,yahoo,2023-12-13 16:24:29
2008-10-02,OIH,914.3333129882812,917.066650390625,836.0,841.4000244140625,2556180,627.691888066874,0.0,1.0,yahoo,2023-12-13 16:24:29
2008-10-03,OIH,839.2000122070312,896.3333129882812,831.6666870117188,837.6666870117188,1677030,624.9067852205794,0.0,1.0,yahoo,2023-12-13 16:24:29
2008-10-06,OIH,802.4000244140625,807.7333374023438,700.0,779.7999877929688,3255690,581.7377138693996,0.0,1.0,yahoo,2023-12-13 16:24:29
2008-10-07,OIH,803.4000244140625,805.7333374023438,704.3333129882812,704.933349609375,2324490,525.8865371269164,0.0,1.0,yahoo,2023-12-13 16:24:29
2008-10-08,OIH,686.7333374023438,746.6666870117188,647.5333251953125,710.0,3401550,529.6663032994702,0.0,1.0,yahoo,2023-12-13 16:24:29
2008-10-09,OIH,724.5333251953125,747.2666625976562,649.7333374023438,650.6666870117188,1938465,485.4031250557894,0.0,1.0,yahoo,2023-12-13 16:24:29
2008-10-10,OIH,594.3333129882812,643.7333374023438,530.8666381835938,584.3333129882812,3467595,435.9178391341341,0.0,1.0,yahoo,2023-12-13 16:24:29
2008-10-13,OIH,622.7333374023438,711.5999755859375,611.2666625976562,711.5999755859375,1822485,530.8598992909814,0.0,1.0,yahoo,2023-12-13 16:24:29
2008-10-14,OIH,738.3333129882812,764.6666870117188,672.5999755859375,707.6666870117188,2192295,527.9256310953243,0.0,1.0,yahoo,2023-12-13 16:24:29
2008-10-15,OIH,676.2000122070312,677.7333374023438,582.5333251953125,584.1333618164062,1893945,435.7686737847716,0.0,1.0,yahoo,2023-12-13 16:24:29
2008-10-16,OIH,600.0,618.4000244140625,542.5333251953125,602.7999877929688,2162640,449.6941424834754,0.0,1.0,yahoo,2023-12-13 16:24:29
2008-10-17,OIH,585.1333618164062,649.0,565.4666748046875,598.5999755859375,1987395,446.56089608979806,0.0,1.0,yahoo,2023-12-13 16:24:29
2008-10-20,OIH,629.3333129882812,671.6666870117188,620.2666625976562,671.6666870117188,1055055,501.0693114914075,0.0,1.0,yahoo,2023-12-13 16:24:29
2008-10-21,OIH,650.1333618164062,686.4000244140625,634.7333374023438,653.933349609375,1394415,487.840084354701,0.0,1.0,yahoo,2023-12-13 16:24:29
2008-10-22,OIH,625.2000122070312,625.3333129882812,544.5333251953125,565.4000244140625,1605525,421.79343777017846,0.0,1.0,yahoo,2023-12-13 16:24:29
2008-10-23,OIH,577.933349609375,600.8666381835938,543.7333374023438,594.3333129882812,1828095,443.3779279129999,0.0,1.0,yahoo,2023-12-13 16:24:29
2008-10-24,OIH,533.3333129882812,570.4000244140625,522.3333129882812,558.2666625976562,1241655,416.47188652596225,0.0,1.0,yahoo,2023-12-13 16:24:29
2008-10-27,OIH,546.7333374023438,574.933349609375,525.6666870117188,527.933349609375,1146285,393.8429657409922,0.0,1.0,yahoo,2023-12-13 16:24:29
2008-10-28,OIH,550.6666870117188,572.5333251953125,504.5333251953125,569.0,1905525,424.4790515174628,0.0,1.0,yahoo,2023-12-13 16:24:29
2008-10-29,OIH,582.7999877929688,650.0,582.3333129882812,608.7333374023438,2161215,454.120473967674,0.0,1.0,yahoo,2023-12-13 16:24:29
2008-10-30,OIH,631.3333129882812,660.0,610.066650390625,657.3333129882812,1831485,491.7335879023983,1.68,1.0,yahoo,2023-12-13 16:24:29
2008-10-31,OIH,642.1333618164062,679.0,625.066650390625,656.7999877929688,1394850,491.33462149277346,0.0,1.0,yahoo,2023-12-13 16:24:29
2008-11-03,OIH,645.2000122070312,653.2000122070312,617.7999877929688,624.5333251953125,990885,467.1967884402373,0.0,1.0,yahoo,2023-12-13 16:24:29
2008-11-04,OIH,648.1333618164062,690.0,648.1333618164062,687.0,1488240,513.9264482933185,0.0,1.0,yahoo,2023-12-13 16:24:29
2008-11-05,OIH,665.066650390625,684.0,644.4000244140625,650.5333251953125,1570485,486.6466976915128,0.0,1.0,yahoo,2023-12-13 16:24:29
2008-11-06,OIH,636.4000244140625,648.066650390625,594.7333374023438,607.1333618164062,1624470,454.1803381058048,0.0,1.0,yahoo,2023-12-13 16:24:29
2008-11-07,OIH,608.5999755859375,632.4000244140625,601.1333618164062,627.3333129882812,1237710,469.3377672601944,0.06,1.0,yahoo,2023-12-13 16:24:29
2008-11-10,OIH,652.5333251953125,660.933349609375,609.5333251953125,624.7999877929688,1170570,467.442466681865,0.0,1.0,yahoo,2023-12-13 16:24:29
2008-11-11,OIH,605.6666870117188,612.7999877929688,580.6666870117188,591.6666870117188,1318980,442.65387489394124,0.0,1.0,yahoo,2023-12-13 16:24:29
2008-11-12,OIH,576.6666870117188,580.7999877929688,542.933349609375,546.5999755859375,1195335,408.9741983837239,0.053333,1.0,yahoo,2023-12-13 16:24:29
2008-11-13,OIH,550.5999755859375,609.066650390625,517.2000122070312,606.6666870117188,1904745,453.91700162584203,0.0,1.0,yahoo,2023-12-13 16:24:29
2008-11-14,OIH,588.3333129882812,604.3333129882812,560.5333251953125,568.3333129882812,1387245,425.23540335871223,0.0,1.0,yahoo,2023-12-13 16:24:29
2008-11-17,OIH,560.4666748046875,587.1333618164062,554.0,554.0,1212000,414.5110062650579,0.0,1.0,yahoo,2023-12-13 16:24:29
2008-11-18,OIH,557.2000122070312,573.4666748046875,540.7999877929688,567.1333618164062,1245750,424.3375821173352,0.0,1.0,yahoo,2023-12-13 16:24:29
2008-11-19,OIH,563.3333129882812,584.1333618164062,526.6666870117188,532.1333618164062,2113560,398.1500636709868,0.0,1.0,yahoo,2023-12-13 16:24:29
2008-11-20,OIH,513.933349609375,519.1333618164062,440.3999938964844,448.0,2557245,335.20023611325985,0.0,1.0,yahoo,2023-12-13 16:24:29
2008-11-21,OIH,470.3999938964844,492.1333312988281,443.8666687011719,492.1333312988281,2548155,368.2214483271703,0.0,1.0,yahoo,2023-12-13 16:24:29
2008-11-24,OIH,510.0,544.6666870117188,496.26666259765625,531.7333374023438,1829805,397.8507594789225,0.0,1.0,yahoo,2023-12-13 16:24:29
2008-11-25,OIH,533.5999755859375,544.5333251953125,514.5333251953125,535.7999877929688,1519155,400.89348753947513,0.0,1.0,yahoo,2023-12-13 16:24:29
2008-11-26,OIH,534.7999877929688,584.2666625976562,530.5333251953125,583.5999755859375,1347075,436.65814645557793,0.0,1.0,yahoo,2023-12-13 16:24:29
2008-11-28,OIH,575.2666625976562,581.2000122070312,562.3333129882812,573.7999877929688,527235,429.32565042408197,0.0,1.0,yahoo,2023-12-13 16:24:29
2008-12-01,OIH,542.066650390625,547.7333374023438,486.6666564941406,487.6000061035156,1600245,365.1944444955806,0.573333,1.0,yahoo,2023-12-13 16:24:29
2008-12-02,OIH,498.3333435058594,504.5333251953125,471.3999938964844,491.6666564941406,1988565,368.24021584868177,0.0,1.0,yahoo,2023-12-13 16:24:29
2008-12-03,OIH,472.6000061035156,484.7999877929688,453.26666259765625,483.7999877929688,2151195,362.4122538344209,0.086667,1.0,yahoo,2023-12-13 16:24:29
2008-12-04,OIH,469.26666259765625,477.5333251953125,426.1333312988281,438.1333312988281,1884825,328.21714846117715,0.02,1.0,yahoo,2023-12-13 16:24:29
2008-12-05,OIH,428.1333312988281,451.26666259765625,406.3999938964844,449.0666809082031,2602380,336.40760688003377,0.0,1.0,yahoo,2023-12-13 16:24:29
2008-12-08,OIH,473.3333435058594,493.3333435058594,466.3999938964844,483.3999938964844,2398725,362.12759045862373,0.0,1.0,yahoo,2023-12-13 16:24:29
2008-12-09,OIH,477.0,515.066650390625,474.3333435058594,493.5333251953125,2030430,369.718734217201,0.0,1.0,yahoo,2023-12-13 16:24:29
2008-12-10,OIH,507.5333251953125,532.2666625976562,506.6666564941406,522.4000244140625,2262240,391.4439997381393,0.126667,1.0,yahoo,2023-12-13 16:24:29
2008-12-11,OIH,527.2000122070312,547.5333251953125,507.0666809082031,516.2666625976562,2104680,386.9172856881496,0.093333,1.0,yahoo,2023-12-13 16:24:29
2008-12-12,OIH,489.26666259765625,515.4666748046875,482.26666259765625,513.066650390625,1673700,384.5190288820959,0.0,1.0,yahoo,2023-12-13 16:24:29
2008-12-15,OIH,529.8666381835938,542.4000244140625,507.0666809082031,519.3333129882812,1780410,389.2155941617685,0.0,1.0,yahoo,2023-12-13 16:24:29
2008-12-16,OIH,531.2000122070312,533.7333374023438,506.8666687011719,531.2000122070312,1560435,398.10912028777113,0.0,1.0,yahoo,2023-12-13 16:24:29
2008-12-17,OIH,525.4000244140625,545.3333129882812,517.7999877929688,526.7333374023438,1768155,394.76156016683376,0.0,1.0,yahoo,2023-12-13 16:24:29
2008-12-18,OIH,519.2666625976562,524.5999755859375,469.0,470.0666809082031,2403780,352.29259885638254,0.0,1.0,yahoo,2023-12-13 16:24:29
2008-12-19,OIH,467.9333190917969,487.6000061035156,467.1333312988281,477.4666748046875,1530600,357.83854198997585,0.0,1.0,yahoo,2023-12-13 16:24:29
2008-12-22,OIH,482.1333312988281,485.26666259765625,450.26666259765625,458.3333435058594,1295925,343.4990210628148,0.0,1.0,yahoo,2023-12-13 16:24:29
2008-12-23,OIH,462.1333312988281,467.0666809082031,445.0,450.0,1145670,337.2535768310091,0.0,1.0,yahoo,2023-12-13 16:24:29
2008-12-24,OIH,443.3999938964844,453.5333251953125,441.6000061035156,449.1333312988281,328305,336.6040498990142,0.0,1.0,yahoo,2023-12-13 16:24:29
2008-12-26,OIH,449.3333435058594,464.7999877929688,449.3333435058594,464.3999938964844,382365,348.04568671530706,0.0,1.0,yahoo,2023-12-13 16:24:29
2008-12-29,OIH,477.3999938964844,482.5333251953125,465.8666687011719,476.0,748200,356.73933904791187,0.0,1.0,yahoo,2023-12-13 16:24:29
2008-12-30,OIH,478.3333435058594,488.4666748046875,469.8666687011719,488.3999938964844,682920,366.0325441462942,0.0,1.0,yahoo,2023-12-13 16:24:29
2008-12-31,OIH,482.1333312988281,502.5333251953125,477.5333251953125,491.6666564941406,641400,368.4807522470934,0.0,1.0,yahoo,2023-12-13 16:24:29
2009-01-02,OIH,493.3999938964844,537.5999755859375,493.26666259765625,530.5999755859375,1076085,397.6594214062301,0.0,1.0,yahoo,2023-12-13 16:24:29
2009-01-05,OIH,527.6666870117188,569.6666870117188,524.2666625976562,551.5333251953125,2436150,413.3479703635984,0.0,1.0,yahoo,2023-12-13 16:24:29
2009-01-06,OIH,565.0,587.6666870117188,565.0,578.066650390625,2559360,433.23343442435277,0.0,1.0,yahoo,2023-12-13 16:24:29
2009-01-07,OIH,563.7999877929688,565.6666870117188,538.6666870117188,553.4000244140625,1976085,414.74697256002304,0.0,1.0,yahoo,2023-12-13 16:24:29
2009-01-08,OIH,550.4000244140625,564.8666381835938,538.2000122070312,563.0,1784835,421.9416972352403,0.0,1.0,yahoo,2023-12-13 16:24:29
2009-01-09,OIH,560.0,561.6666870117188,524.4666748046875,528.2000122070312,1597095,395.86076310889774,0.0,1.0,yahoo,2023-12-13 16:24:29
2009-01-12,OIH,511.0,521.1333618164062,493.6666564941406,499.7999877929688,1655880,374.5762968517187,0.0,1.0,yahoo,2023-12-13 16:24:29
2009-01-13,OIH,503.3333435058594,518.2666625976562,492.0666809082031,512.066650390625,2471175,383.7695764891381,0.0,1.0,yahoo,2023-12-13 16:24:29
2009-01-14,OIH,500.0,502.2000122070313,476.2000122070313,483.6000061035156,2656020,362.43518180868557,0.0,1.0,yahoo,2023-12-13 16:24:29
2009-01-15,OIH,477.3333435058594,492.8666687011719,462.6666564941406,487.0,1721220,364.98331537044766,0.0,1.0,yahoo,2023-12-13 16:24:29
2009-01-16,OIH,496.8666687011719,499.0666809082031,475.5333251953125,489.26666259765625,1470120,366.6820710782891,0.0,1.0,yahoo,2023-12-13 16:24:29
2009-01-20,OIH,477.0666809082031,495.7999877929688,452.73333740234375,455.0666809082031,1354620,341.0508129620156,0.0,1.0,yahoo,2023-12-13 16:24:29
2009-01-21,OIH,466.0,497.26666259765625,458.8666687011719,497.26666259765625,1826775,372.6776902219515,0.0,1.0,yahoo,2023-12-13 16:24:29
2009-01-22,OIH,484.73333740234375,491.7999877929688,465.9333190917969,476.0666809082031,2067690,356.7893132141293,0.0,1.0,yahoo,2023-12-13 16:24:29
2009-01-23,OIH,463.0666809082031,520.933349609375,459.4666748046875,508.26666259765625,2525745,380.92166654448727,0.0,1.0,yahoo,2023-12-13 16:24:29
2009-01-26,OIH,520.0,546.4666748046875,514.2000122070312,525.6666870117188,2295330,393.9621564791305,0.0,1.0,yahoo,2023-12-13 16:24:29
2009-01-27,OIH,527.3333129882812,532.933349609375,509.0666809082031,525.2000122070312,1560330,393.61240593002435,0.0,1.0,yahoo,2023-12-13 16:24:29
2009-01-28,OIH,535.7333374023438,554.6666870117188,531.933349609375,548.5999755859375,1715550,411.1495644794705,0.0,1.0,yahoo,2023-12-13 16:24:29
2009-01-29,OIH,536.6666870117188,537.933349609375,519.3333129882812,526.0,1381950,394.3653147647751,0.213333,1.0,yahoo,2023-12-13 16:24:29
2009-01-30,OIH,537.933349609375,540.0,506.9333190917969,513.066650390625,1413840,384.668614214083,0.0,1.0,yahoo,2023-12-13 16:24:29
2009-02-02,OIH,496.6000061035156,511.0666809082031,493.1333312988281,502.73333740234375,1264185,376.9212753753255,0.0,1.0,yahoo,2023-12-13 16:24:29
2009-02-03,OIH,506.6666564941406,506.9333190917969,491.6000061035156,502.26666259765625,1183635,376.57138876649776,0.0,1.0,yahoo,2023-12-13 16:24:29
2009-02-04,OIH,515.2000122070312,531.6666870117188,510.0666809082031,519.933349609375,1861530,389.81688037149246,0.0,1.0,yahoo,2023-12-13 16:24:29
2009-02-05,OIH,518.8666381835938,544.066650390625,501.1333312988281,540.7999877929688,1852680,405.4615159900393,0.0,1.0,yahoo,2023-12-13 16:24:29
2009-02-06,OIH,534.5999755859375,564.2000122070312,530.066650390625,557.5999755859375,1905330,418.0572051041429,0.0,1.0,yahoo,2023-12-13 16:24:29
2009-02-09,OIH,566.0,582.3333129882812,551.066650390625,559.3333129882812,1926090,419.4018936557479,0.06,1.0,yahoo,2023-12-13 16:24:29
2009-02-10,OIH,560.0,570.4666748046875,524.2000122070312,531.066650390625,2053335,398.20685387267406,0.0,1.0,yahoo,2023-12-13 16:24:29
2009-02-11,OIH,539.1333618164062,543.5999755859375,507.9333190917969,523.933349609375,1604445,393.94610523058844,1.466667,1.0,yahoo,2023-12-13 16:24:29
2009-02-12,OIH,511.8666687011719,524.8666381835938,503.4666748046875,523.7999877929688,1779495,393.84583032310474,0.0,1.0,yahoo,2023-12-13 16:24:29
2009-02-13,OIH,523.5333251953125,538.6666870117188,519.2666625976562,524.5333251953125,1273260,394.6282689543375,0.306667,1.0,yahoo,2023-12-13 16:24:29
2009-02-17,OIH,508.8666687011719,508.8666687011719,479.5333251953125,480.4666748046875,2309490,361.47509235532334,0.0,1.0,yahoo,2023-12-13 16:24:29
2009-02-18,OIH,486.26666259765625,490.0,471.3333435058594,486.9333190917969,1752015,366.3402182079376,0.0,1.0,yahoo,2023-12-13 16:24:29
2009-02-19,OIH,499.8666687011719,509.6000061035156,493.3333435058594,496.3333435058594,1975950,373.41224811427145,0.0,1.0,yahoo,2023-12-13 16:24:29
2009-02-20,OIH,481.8666687011719,494.3999938964844,471.3333435058594,487.5333251953125,2169915,366.7916277916933,0.0,1.0,yahoo,2023-12-13 16:24:29
2009-02-23,OIH,497.3333435058594,499.3333435058594,457.6666564941406,460.0,2030100,346.0771604004418,0.0,1.0,yahoo,2023-12-13 16:24:29
2009-02-24,OIH,463.73333740234375,490.3333435058594,460.0,486.9333190917969,2140290,366.3402182079376,0.0,1.0,yahoo,2023-12-13 16:24:29
2009-02-25,OIH,491.2000122070313,499.6000061035156,467.5333251953125,479.6666564941406,3290325,360.87320525710066,0.0,1.0,yahoo,2023-12-13 16:24:29
2009-02-26,OIH,491.3333435058594,508.1333312988281,489.6666564941406,492.26666259765625,2300745,370.35271467738966,0.0,1.0,yahoo,2023-12-13 16:24:29
2009-02-27,OIH,476.6000061035156,507.4666748046875,472.6666564941406,487.2000122070313,1929450,366.79917207372637,0.346667,1.0,yahoo,2023-12-13 16:24:29
2009-03-02,OIH,473.3333435058594,480.8666687011719,441.4666748046875,444.4666748046875,2474220,334.6264455006692,0.0,1.0,yahoo,2023-12-13 16:24:29
2009-03-03,OIH,455.6000061035156,465.8666687011719,444.0666809082031,445.6666564941406,1924530,335.5298779291725,0.0,1.0,yahoo,2023-12-13 16:24:29
2009-03-04,OIH,469.9333190917969,488.5333251953125,465.8666687011719,475.0,2437290,357.6141263744113,0.0,1.0,yahoo,2023-12-13 16:24:29
2009-03-05,OIH,460.0,473.26666259765625,438.2000122070313,446.3333435058594,2457915,336.0459571131793,0.02,1.0,yahoo,2023-12-13 16:24:29
2009-03-06,OIH,456.3999938964844,460.0,431.0,445.3333435058594,2130225,335.2930535669786,0.0,1.0,yahoo,2023-12-13 16:24:29
2009-03-09,OIH,442.2000122070313,469.3333435058594,438.26666259765625,448.1333312988281,1948575,337.4011743056235,0.0,1.0,yahoo,2023-12-13 16:24:29
2009-03-10,OIH,463.4666748046875,484.9333190917969,458.8666687011719,474.8666687011719,2378760,357.5287988376281,0.0,1.0,yahoo,2023-12-13 16:24:29
2009-03-11,OIH,480.2000122070313,480.7999877929688,459.0666809082031,468.0,1774140,352.45287369176185,0.126667,1.0,yahoo,2023-12-13 16:24:29
2009-03-12,OIH,472.73333740234375,491.3999938964844,461.8666687011719,489.4666748046875,2135145,368.69304987112565,0.093333,1.0,yahoo,2023-12-13 16:24:29
2009-03-13,OIH,493.3333435058594,498.9333190917969,477.7999877929688,482.26666259765625,1523625,363.2696071806116,0.0,1.0,yahoo,2023-12-13 16:24:29
2009-03-16,OIH,482.0666809082031,509.3333435058594,476.5333251953125,494.5333251953125,1983885,372.5095278487033,0.0,1.0,yahoo,2023-12-13 16:24:29
2009-03-17,OIH,493.8666687011719,512.1333618164062,487.0,510.73333740234375,1461765,384.712262408606,0.0,1.0,yahoo,2023-12-13 16:24:29
2009-03-18,OIH,504.73333740234375,530.6666870117188,493.3999938964844,521.3333129882812,2426685,392.6967433314354,0.0,1.0,yahoo,2023-12-13 16:24:29
2009-03-19,OIH,540.0,562.5333251953125,537.933349609375,545.3333129882812,3096090,410.7748549831386,0.0,1.0,yahoo,2023-12-13 16:24:29
2009-03-20,OIH,545.2000122070312,549.0,513.6666870117188,518.4666748046875,2132565,390.5374347836003,0.0,1.0,yahoo,2023-12-13 16:24:29
2009-03-23,OIH,533.2000122070312,568.066650390625,530.0,568.0,2312445,427.84864242364114,0.0,1.0,yahoo,2023-12-13 16:24:29
2009-03-24,OIH,556.4666748046875,567.5999755859375,544.6666870117188,556.5333251953125,1723290,419.2113162822698,0.0,1.0,yahoo,2023-12-13 16:24:29
2009-03-25,OIH,554.1333618164062,564.5999755859375,527.066650390625,550.7999877929688,2103765,414.8926532115841,0.0,1.0,yahoo,2023-12-13 16:24:29
2009-03-26,OIH,562.1333618164062,573.0,542.2000122070312,547.7333374023438,2799525,412.58268453831505,0.0,1.0,yahoo,2023-12-13 16:24:29
2009-03-27,OIH,537.0,538.5999755859375,520.8666381835938,526.6666870117188,1726665,396.7141321262686,0.0,1.0,yahoo,2023-12-13 16:24:29
2009-03-30,OIH,513.0,514.6666870117188,494.3333435058594,503.6666564941406,1285125,379.3892521392121,0.0,1.0,yahoo,2023-12-13 16:24:29
2009-03-31,OIH,511.4666748046875,515.3333129882812,492.2000122070313,494.73333740234375,1504050,372.6601879741373,0.0,1.0,yahoo,2023-12-13 16:24:29
2009-04-01,OIH,484.3333435058594,505.5333251953125,474.73333740234375,499.3999938964844,2603670,376.17536868835475,0.0,1.0,yahoo,2023-12-13 16:24:29
2009-04-02,OIH,524.5333251953125,541.1333618164062,522.7333374023438,526.2666625976562,2322495,396.41281187540073,0.0,1.0,yahoo,2023-12-13 16:24:29
2009-04-03,OIH,528.0,557.6666870117188,527.066650390625,551.066650390625,1928130,415.09351805382425,0.0,1.0,yahoo,2023-12-13 16:24:29
2009-04-06,OIH,538.1333618164062,540.0,526.0,536.6666870117188,1134345,404.2466786478116,0.0,1.0,yahoo,2023-12-13 16:24:29
2009-04-07,OIH,520.4666748046875,526.5333251953125,516.8666381835938,522.3333129882812,1265580,393.44999798358975,0.0,1.0,yahoo,2023-12-13 16:24:29
2009-04-08,OIH,520.066650390625,536.5333251953125,509.2000122070313,530.7999877929688,1621110,399.82756016849817,0.0,1.0,yahoo,2023-12-13 16:24:29
2009-04-09,OIH,551.3333129882812,555.4666748046875,543.4666748046875,554.5333251953125,1216140,417.7048069779612,0.0,1.0,yahoo,2023-12-13 16:24:29
2009-04-13,OIH,539.8666381835938,559.4666748046875,532.933349609375,553.8666381835938,1156980,417.2026218848532,0.0,1.0,yahoo,2023-12-13 16:24:29
2009-04-14,OIH,551.6666870117188,576.6666870117188,543.0,562.2666625976562,1557690,423.5299793529555,0.0,1.0,yahoo,2023-12-13 16:24:29
2009-04-15,OIH,559.933349609375,570.4000244140625,556.2666625976562,566.5999755859375,1091880,426.79406752061897,0.0,1.0,yahoo,2023-12-13 16:24:29
2009-04-16,OIH,573.4666748046875,589.6666870117188,561.2666625976562,583.8666381835938,1452495,439.80026144948215,0.0,1.0,yahoo,2023-12-13 16:24:29
2009-04-17,OIH,589.8666381835938,599.7999877929688,580.0,596.5999755859375,1332750,449.3917070852479,0.0,1.0,yahoo,2023-12-13 16:24:29
2009-04-20,OIH,575.4000244140625,580.0,555.7999877929688,558.066650390625,1062990,420.36630061890435,0.0,1.0,yahoo,2023-12-13 16:24:29
2009-04-21,OIH,549.7999877929688,586.2000122070312,546.5333251953125,583.7333374023438,1494765,439.6998520158698,0.0,1.0,yahoo,2023-12-13 16:24:29
2009-04-22,OIH,573.7333374023438,607.6666870117188,571.5999755859375,588.1333618164062,1780575,443.0141908753548,0.0,1.0,yahoo,2023-12-13 16:24:29
2009-04-23,OIH,595.4666748046875,605.5333251953125,574.2666625976562,592.1333618164062,1223925,446.02720948397206,0.0,1.0,yahoo,2023-12-13 16:24:29
2009-04-24,OIH,610.2666625976562,626.2000122070312,606.7333374023438,620.0,1159155,467.01788433566463,0.0,1.0,yahoo,2023-12-13 16:24:29
2009-04-27,OIH,602.066650390625,608.8666381835938,593.7333374023438,603.2000122070312,1129440,454.3632153744755,0.0,1.0,yahoo,2023-12-13 16:24:29
2009-04-28,OIH,591.5333251953125,598.0,585.6666870117188,592.3333129882812,1071195,446.17782363439056,0.0,1.0,yahoo,2023-12-13 16:24:29
2009-04-29,OIH,598.066650390625,620.7999877929688,597.0,611.066650390625,1137795,461.43133991058534,1.466667,1.0,yahoo,2023-12-13 16:24:29
2009-04-30,OIH,616.8666381835938,621.5999755859375,588.6666870117188,600.6666870117188,1666035,453.7364803246681,0.213333,1.0,yahoo,2023-12-13 16:24:29
2009-05-01,OIH,604.2666625976562,628.7999877929688,598.066650390625,621.7999877929688,1269315,469.7003247020405,0.0,1.0,yahoo,2023-12-13 16:24:29
2009-05-04,OIH,633.3333129882812,659.5333251953125,630.7333374023438,659.066650390625,1453860,497.8511189547233,0.0,1.0,yahoo,2023-12-13 16:24:29
2009-05-05,OIH,653.4666748046875,662.6666870117188,640.1333618164062,655.2666625976562,873225,494.98065331422623,0.0,1.0,yahoo,2023-12-13 16:24:29
2009-05-06,OIH,674.4000244140625,685.8666381835938,665.2000122070312,678.0,1020900,512.1531463490719,0.0,1.0,yahoo,2023-12-13 16:24:29
2009-05-07,OIH,699.4000244140625,700.6666870117188,646.2000122070312,658.8666381835938,1529430,497.7000321093851,0.0,1.0,yahoo,2023-12-13 16:24:29
2009-05-08,OIH,671.5333251953125,696.6666870117188,666.3333129882812,687.6666870117188,1185990,519.4552468915845,0.0,1.0,yahoo,2023-12-13 16:24:29
2009-05-11,OIH,673.3333129882812,675.066650390625,656.7333374023438,663.2000122070312,871035,500.973411372528,0.0,1.0,yahoo,2023-12-13 16:24:29
2009-05-12,OIH,673.5999755859375,676.4666748046875,649.2000122070312,667.7999877929688,1116735,504.4481782891457,0.0,1.0,yahoo,2023-12-13 16:24:29
2009-05-13,OIH,658.2666625976562,661.3333129882812,630.6666870117188,638.6666870117188,1711620,482.44122894010286,0.0,1.0,yahoo,2023-12-13 16:24:29
2009-05-14,OIH,630.7999877929688,649.7333374023438,627.2666625976562,641.5333251953125,1103715,484.6066533725098,0.0,1.0,yahoo,2023-12-13 16:24:29
2009-05-15,OIH,638.5999755859375,649.5999755859375,618.2666625976562,624.0,1341900,471.36218779029633,0.0,1.0,yahoo,2023-12-13 16:24:29
2009-05-18,OIH,635.066650390625,655.4000244140625,633.933349609375,653.8666381835938,1151820,493.9230915020911,0.0,1.0,yahoo,2023-12-13 16:24:29
2009-05-19,OIH,654.0,669.1333618164062,643.7999877929688,659.8666381835938,1095360,498.45542023084397,0.0,1.0,yahoo,2023-12-13 16:24:29
2009-05-20,OIH,673.3333129882812,695.2666625976562,664.6666870117188,664.6666870117188,1285050,502.0813200980318,0.0,1.0,yahoo,2023-12-13 16:24:29
2009-05-21,OIH,650.6666870117188,652.5333251953125,630.7999877929688,642.2666625976562,1297755,485.16060773526175,0.0,1.0,yahoo,2023-12-13 16:24:29
2009-05-22,OIH,650.8666381835938,660.1333618164062,643.4666748046875,648.4666748046875,908850,489.84402330935274,0.0,1.0,yahoo,2023-12-13 16:24:29
2009-05-26,OIH,639.2666625976562,673.3333129882812,634.6666870117188,668.5333251953125,1091010,505.0021326518976,0.0,1.0,yahoo,2023-12-13 16:24:29
2009-05-27,OIH,673.2666625976562,683.933349609375,664.3333129882812,664.8666381835938,1081545,502.232360838138,0.0,1.0,yahoo,2023-12-13 16:24:29
2009-05-28,OIH,669.6666870117188,700.066650390625,662.0,693.066650390625,1599780,523.7443802833205,0.266667,1.0,yahoo,2023-12-13 16:24:29
2009-05-29,OIH,706.6666870117188,713.3333129882812,701.5333251953125,709.7333374023438,1350420,536.3392492694546,0.0,1.0,yahoo,2023-12-13 16:24:29
2009-06-01,OIH,728.6666870117188,750.933349609375,727.933349609375,744.0,1422330,562.4773047088363,0.306667,1.0,yahoo,2023-12-13 16:24:29
2009-06-02,OIH,743.6666870117188,749.3333129882812,733.2000122070312,743.2000122070312,1300920,561.8724996314317,0.0,1.0,yahoo,2023-12-13 16:24:29
2009-06-03,OIH,731.3333129882812,731.933349609375,689.6666870117188,705.2666625976562,1971495,533.2563937605803,0.086667,1.0,yahoo,2023-12-13 16:24:29
2009-06-04,OIH,719.933349609375,732.7333374023438,708.6666870117188,727.2000122070312,1611045,549.8403321998452,0.0,1.0,yahoo,2023-12-13 16:24:29
2009-06-05,OIH,735.5333251953125,740.2000122070312,705.0,718.2666625976562,1818900,543.0857724715407,0.0,1.0,yahoo,2023-12-13 16:24:29
2009-06-08,OIH,710.2666625976562,720.6666870117188,696.4666748046875,715.933349609375,1163520,541.3215403936161,0.0,1.0,yahoo,2023-12-13 16:24:29
2009-06-09,OIH,729.7333374023438,740.3333129882812,719.6666870117188,730.2000122070312,1243335,552.108650363913,0.0,1.0,yahoo,2023-12-13 16:24:29
2009-06-10,OIH,745.5999755859375,748.6666870117188,727.2000122070312,741.2000122070312,1625310,560.523050287905,0.126667,1.0,yahoo,2023-12-13 16:24:29
2009-06-11,OIH,743.7333374023438,772.933349609375,741.1333618164062,761.1333618164062,1707255,575.5973915473345,0.0,1.0,yahoo,2023-12-13 16:24:29
2009-06-12,OIH,750.4000244140625,751.1333618164062,736.4000244140625,744.933349609375,1272465,563.4154271472813,0.093333,1.0,yahoo,2023-12-13 16:24:29
2009-06-15,OIH,728.7333374023438,732.066650390625,708.7333374023438,724.066650390625,1347030,547.6333168958732,0.0,1.0,yahoo,2023-12-13 16:24:29
2009-06-16,OIH,736.6666870117188,741.5333251953125,701.8666381835938,702.6666870117188,1791390,531.4478829716369,0.0,1.0,yahoo,2023-12-13 16:24:29
2009-06-17,OIH,696.6666870117188,698.2666625976562,675.7333374023438,685.6666870117188,2230080,518.5902732720224,0.0,1.0,yahoo,2023-12-13 16:24:29
2009-06-18,OIH,685.3333129882812,700.0,676.1333618164062,682.4666748046875,1509975,516.1700080960219,0.0,1.0,yahoo,2023-12-13 16:24:29
2009-06-19,OIH,691.8666381835938,693.5333251953125,669.7999877929688,677.7333374023438,1730490,512.590043102144,0.0,1.0,yahoo,2023-12-13 16:24:29
2009-06-22,OIH,660.6666870117188,662.5333251953125,631.3333129882812,633.5999755859375,1793265,479.21065833936643,0.0,1.0,yahoo,2023-12-13 16:24:29
2009-06-23,OIH,641.0,646.3333129882812,624.5999755859375,637.3333129882812,1891770,482.03429335091397,0.0,1.0,yahoo,2023-12-13 16:24:29
2009-06-24,OIH,644.7999877929688,656.1333618164062,636.8666381835938,640.2666625976562,1813455,484.2528736091411,0.0,1.0,yahoo,2023-12-13 16:24:29
2009-06-25,OIH,640.933349609375,665.6666870117188,640.0,661.7333374023438,1549770,500.48876338485985,0.0,1.0,yahoo,2023-12-13 16:24:29
2009-06-26,OIH,659.4666748046875,665.5333251953125,652.4666748046875,660.5333251953125,1230630,499.5811581735198,0.0,1.0,yahoo,2023-12-13 16:24:29
2009-06-29,OIH,671.7999877929688,673.1333618164062,658.5333251953125,660.8666381835938,1225140,499.833252780057,0.0,1.0,yahoo,2023-12-13 16:24:29
2009-06-30,OIH,662.6666870117188,672.6666870117188,643.066650390625,651.2000122070312,1590555,492.5220937260102,0.0,1.0,yahoo,2023-12-13 16:24:29
2009-07-01,OIH,660.6666870117188,668.933349609375,648.4666748046875,649.066650390625,1345785,490.9085682211036,0.0,1.0,yahoo,2023-12-13 16:24:29
2009-07-02,OIH,634.2000122070312,634.7999877929688,614.1333618164062,617.4666748046875,1399035,467.0085592445548,0.0,1.0,yahoo,2023-12-13 16:24:29
2009-07-06,OIH,600.8666381835938,614.4666748046875,595.066650390625,614.4666748046875,1823610,464.73956929756406,0.0,1.0,yahoo,2023-12-13 16:24:29
2009-07-07,OIH,611.6666870117188,614.1333618164062,591.7999877929688,594.3333129882812,1834125,449.51210411071276,0.0,1.0,yahoo,2023-12-13 16:24:29
2009-07-08,OIH,594.7333374023438,603.3333129882812,579.7333374023438,601.4000244140625,2653785,454.8568698385069,0.0,1.0,yahoo,2023-12-13 16:24:29
2009-07-09,OIH,610.933349609375,623.7333374023438,599.5333251953125,610.0,1955730,461.36128922145974,0.0,1.0,yahoo,2023-12-13 16:24:29
2009-07-10,OIH,601.3333129882812,614.7999877929688,597.6666870117188,611.7999877929688,1762635,462.72267395711043,0.0,1.0,yahoo,2023-12-13 16:24:29
2009-07-13,OIH,611.0,622.2666625976562,592.1333618164062,621.2000122070312,1432335,469.83219425610235,0.0,1.0,yahoo,2023-12-13 16:24:29
2009-07-14,OIH,628.3333129882812,634.8666381835938,621.4000244140625,630.5333251953125,1290135,476.8912587036119,0.0,1.0,yahoo,2023-12-13 16:24:29
2009-07-15,OIH,644.6666870117188,660.2666625976562,643.3333129882812,657.8666381835938,1584600,497.5642628330662,0.0,1.0,yahoo,2023-12-13 16:24:29
2009-07-16,OIH,650.7333374023438,671.066650390625,648.6666870117188,668.1333618164062,1111530,505.32929373686096,0.0,1.0,yahoo,2023-12-13 16:24:29
2009-07-17,OIH,668.933349609375,675.933349609375,660.4000244140625,673.2000122070312,1380600,509.161353337276,0.0,1.0,yahoo,2023-12-13 16:24:29
2009-07-20,OIH,680.3333129882812,685.1333618164062,663.2000122070312,682.933349609375,1503255,516.5229682428051,0.0,1.0,yahoo,2023-12-13 16:24:29
2009-07-21,OIH,692.7333374023438,698.4666748046875,676.2666625976562,690.3333129882812,1498950,522.1197824144178,0.0,1.0,yahoo,2023-12-13 16:24:29
2009-07-22,OIH,680.0,690.8666381835938,672.0,681.933349609375,1436955,515.7666382604749,0.0,1.0,yahoo,2023-12-13 16:24:29
2009-07-23,OIH,680.5333251953125,710.0,677.2000122070312,706.3333129882812,1653195,534.2210621317021,0.0,1.0,yahoo,2023-12-13 16:24:29
2009-07-24,OIH,702.0,718.4000244140625,693.4000244140625,717.3333129882812,978135,542.5406919373349,0.0,1.0,yahoo,2023-12-13 16:24:29
2009-07-27,OIH,717.3333129882812,721.933349609375,705.3333129882812,712.933349609375,853920,539.212867712713,0.0,1.0,yahoo,2023-12-13 16:24:29
2009-07-28,OIH,703.5333251953125,704.1333618164062,680.0,695.2000122070312,1192950,525.8006129485417,0.0,1.0,yahoo,2023-12-13 16:24:29
2009-07-29,OIH,679.7999877929688,681.6666870117188,662.8666381835938,674.0,1359150,509.7664080905965,0.0,1.0,yahoo,2023-12-13 16:24:29
2009-07-30,OIH,686.7999877929688,695.2000122070312,674.8666381835938,685.2000122070312,1072155,519.5322897525155,1.68,1.0,yahoo,2023-12-13 16:24:29
2009-07-31,OIH,681.2666625976562,695.4000244140625,673.7999877929688,690.1333618164062,1014225,523.2728536361218,0.0,1.0,yahoo,2023-12-13 16:24:29
2009-08-03,OIH,706.6666870117188,725.4000244140625,705.933349609375,720.1333618164062,1031505,546.019450855776,0.0,1.0,yahoo,2023-12-13 16:24:29
2009-08-04,OIH,710.066650390625,717.6666870117188,702.7999877929688,708.4000244140625,1243080,537.1230008579954,0.0,1.0,yahoo,2023-12-13 16:24:29
2009-08-05,OIH,698.3333129882812,701.5333251953125,687.4000244140625,694.6666870117188,1031100,526.7101110455712,0.0,1.0,yahoo,2023-12-13 16:24:29
2009-08-06,OIH,697.5333251953125,698.066650390625,679.1333618164062,689.2666625976562,859305,522.6157050348053,0.0,1.0,yahoo,2023-12-13 16:24:29
2009-08-07,OIH,695.3333129882812,698.0,676.066650390625,686.3333129882812,941895,520.4973014745523,0.14,1.0,yahoo,2023-12-13 16:24:29
2009-08-10,OIH,685.3333129882812,696.8666381835938,683.3333129882812,690.0,761145,523.2780213650699,0.0,1.0,yahoo,2023-12-13 16:24:29
2009-08-11,OIH,685.4000244140625,687.0,672.6666870117188,676.7333374023438,673830,513.2169301270706,0.0,1.0,yahoo,2023-12-13 16:24:29
2009-08-12,OIH,673.8666381835938,696.933349609375,673.7333374023438,687.6666870117188,1289670,521.5084975915435,0.0,1.0,yahoo,2023-12-13 16:24:29
2009-08-13,OIH,698.066650390625,710.8666381835938,689.3333129882812,710.0,1160745,538.4455002452169,0.0,1.0,yahoo,2023-12-13 16:24:29
2009-08-14,OIH,709.066650390625,709.4666748046875,683.066650390625,691.2666625976562,1183815,524.2386252749811,0.0,1.0,yahoo,2023-12-13 16:24:29
2009-08-17,OIH,667.7333374023438,670.0,656.4000244140625,664.1333618164062,1103415,503.66143694756687,0.0,1.0,yahoo,2023-12-13 16:24:29
2009-08-18,OIH,666.066650390625,680.3333129882812,662.0,676.5333251953125,1076250,513.0652460807747,0.0,1.0,yahoo,2023-12-13 16:24:29
2009-08-19,OIH,666.4000244140625,695.5999755859375,665.0,689.1333618164062,1265265,522.6207855477505,0.0,1.0,yahoo,2023-12-13 16:24:29
2009-08-20,OIH,690.0,701.5333251953125,689.4666748046875,699.5333251953125,835875,530.5078467929437,0.0,1.0,yahoo,2023-12-13 16:24:29
2009-08-21,OIH,708.6666870117188,729.3333129882812,708.2000122070312,727.6666870117188,1249800,551.8434553518374,0.0,1.0,yahoo,2023-12-13 16:24:29
2009-08-24,OIH,732.8666381835938,744.0,732.0,735.4666748046875,1001190,557.7587628576002,0.0,1.0,yahoo,2023-12-13 16:24:29
2009-08-25,OIH,740.0,742.7333374023438,713.5333251953125,720.4000244140625,1422450,546.3326077778821,0.0,1.0,yahoo,2023-12-13 16:24:29
2009-08-26,OIH,711.3333129882812,722.4666748046875,709.7333374023438,719.7999877929688,884715,545.8775556389944,0.0,1.0,yahoo,2023-12-13 16:24:29
2009-08-27,OIH,712.6666870117188,721.6666870117188,700.066650390625,719.6666870117188,814500,545.7764637997786,0.0,1.0,yahoo,2023-12-13 16:24:29
2009-08-28,OIH,730.6666870117188,731.5333251953125,712.6666870117188,720.0,575010,546.0292396852903,0.0,1.0,yahoo,2023-12-13 16:24:29
2009-08-31,OIH,708.2666625976562,708.6666870117188,695.7999877929688,701.3333129882812,883005,532.2967763397586,0.573333,1.0,yahoo,2023-12-13 16:24:29
2009-09-01,OIH,700.7999877929688,715.3333129882812,688.8666381835938,691.0,1035615,524.4540158566789,0.0,1.0,yahoo,2023-12-13 16:24:29
2009-09-02,OIH,688.4666748046875,691.8666381835938,680.8666381835938,682.1333618164062,919500,517.7993645309468,0.1,1.0,yahoo,2023-12-13 16:24:29
2009-09-03,OIH,690.0,695.2000122070312,685.0,695.2000122070312,659025,527.7181042489358,0.0,1.0,yahoo,2023-12-13 16:24:29
2009-09-04,OIH,691.0,710.4000244140625,690.7333374023438,706.8666381835938,616680,536.5741019981123,0.0,1.0,yahoo,2023-12-13 16:24:29
2009-09-08,OIH,727.2000122070312,734.2666625976562,723.5999755859375,729.4000244140625,733695,553.6789288897304,0.0,1.0,yahoo,2023-12-13 16:24:29
2009-09-09,OIH,735.7999877929688,735.7999877929688,720.5999755859375,726.2666625976562,847665,551.3961860080362,0.126667,1.0,yahoo,2023-12-13 16:24:29
2009-09-10,OIH,729.066650390625,744.2000122070312,724.1333618164062,741.8666381835938,1180095,563.2399996964385,0.0,1.0,yahoo,2023-12-13 16:24:29
2009-09-11,OIH,748.8666381835938,760.933349609375,740.2000122070312,751.066650390625,1362150,570.2965811546936,0.093333,1.0,yahoo,2023-12-13 16:24:29
2009-09-14,OIH,737.7999877929688,758.066650390625,731.2000122070312,756.7333374023438,1108155,574.5993846776248,0.0,1.0,yahoo,2023-12-13 16:24:29
2009-09-15,OIH,758.2666625976562,771.4666748046875,750.7333374023438,769.5999755859375,1047090,584.3692230311739,0.0,1.0,yahoo,2023-12-13 16:24:29
2009-09-16,OIH,775.7333374023438,796.3333129882812,773.2666625976562,794.5333251953125,1278765,603.3015029181398,0.0,1.0,yahoo,2023-12-13 16:24:29
2009-09-17,OIH,792.5333251953125,799.3333129882812,778.0,786.0,1030800,596.8220164674542,0.0,1.0,yahoo,2023-12-13 16:24:29
2009-09-18,OIH,790.933349609375,796.933349609375,777.5333251953125,794.7333374023438,971685,603.4533752956443,0.0,1.0,yahoo,2023-12-13 16:24:29
2009-09-21,OIH,776.7999877929688,789.4000244140625,773.2666625976562,785.4000244140625,863280,596.3664456798836,0.0,1.0,yahoo,2023-12-13 16:24:29
2009-09-22,OIH,797.6666870117188,804.933349609375,792.7333374023438,804.5333251953125,786885,610.8946583439345,0.0,1.0,yahoo,2023-12-13 16:24:29
2009-09-23,OIH,803.933349609375,809.3333129882812,780.5999755859375,786.2000122070312,1542810,596.9738888449587,0.0,1.0,yahoo,2023-12-13 16:24:29
2009-09-24,OIH,783.0,785.066650390625,759.3333129882812,766.3333129882812,1071360,581.8887953484106,0.0,1.0,yahoo,2023-12-13 16:24:29
2009-09-25,OIH,760.7999877929688,772.6666870117188,755.8666381835938,765.0,1051830,580.8763900732855,0.0,1.0,yahoo,2023-12-13 16:24:29
2009-09-28,OIH,766.3333129882812,784.7999877929688,763.7999877929688,782.6666870117188,681660,594.2909801071702,0.0,1.0,yahoo,2023-12-13 16:24:29
2009-09-29,OIH,777.6666870117188,791.4666748046875,775.4666748046875,785.933349609375,824835,596.7714077899336,0.0,1.0,yahoo,2023-12-13 16:24:29
2009-09-30,OIH,792.1333618164062,793.3333129882812,770.0,782.8666381835938,1295700,594.4428061397319,0.0,1.0,yahoo,2023-12-13 16:24:29
2009-10-01,OIH,782.6666870117188,786.0,754.8666381835938,757.0,1095765,574.8018657326498,0.0,1.0,yahoo,2023-12-13 16:24:29
2009-10-02,OIH,740.4666748046875,754.2666625976562,736.4000244140625,744.2666625976562,1030875,565.133244734142,0.0,1.0,yahoo,2023-12-13 16:24:29
2009-10-05,OIH,742.5999755859375,763.5999755859375,742.5999755859375,760.0,816075,577.0798123603882,0.0,1.0,yahoo,2023-12-13 16:24:29
2009-10-06,OIH,771.2000122070312,790.066650390625,771.2000122070312,780.0,964455,592.2661232119774,0.0,1.0,yahoo,2023-12-13 16:24:29
2009-10-07,OIH,778.4000244140625,797.5333251953125,778.4000244140625,796.066650390625,1164195,604.4657805707693,0.0,1.0,yahoo,2023-12-13 16:24:29
2009-10-08,OIH,798.7333374023438,826.7333374023438,794.6666870117188,822.7999877929688,1306575,624.7648191653897,0.0,1.0,yahoo,2023-12-13 16:24:29
2009-10-09,OIH,818.7999877929688,823.8666381835938,808.5333251953125,814.5999755859375,802245,618.5384224472496,0.0,1.0,yahoo,2023-12-13 16:24:29
2009-10-12,OIH,826.3333129882812,835.7333374023438,820.5333251953125,826.066650390625,753315,627.245246848153,0.0,1.0,yahoo,2023-12-13 16:24:29
2009-10-13,OIH,825.933349609375,828.6666870117188,806.2666625976562,820.7999877929688,853320,623.2461880802307,0.0,1.0,yahoo,2023-12-13 16:24:29
2009-10-14,OIH,833.6666870117188,838.6666870117188,829.6666870117188,838.1333618164062,904335,636.4076883815699,0.0,1.0,yahoo,2023-12-13 16:24:29
2009-10-15,OIH,834.933349609375,861.2666625976562,830.2666625976562,859.3333129882812,1398825,652.5051408083002,0.0,1.0,yahoo,2023-12-13 16:24:29
2009-10-16,OIH,855.7333374023438,863.4666748046875,847.8666381835938,857.5999755859375,981300,651.1889907781663,0.0,1.0,yahoo,2023-12-13 16:24:29
2009-10-19,OIH,857.4000244140625,873.5333251953125,853.1333618164062,870.6666870117188,896430,661.1107478541626,0.0,1.0,yahoo,2023-12-13 16:24:29
2009-10-20,OIH,870.066650390625,871.6666870117188,842.1333618164062,859.2000122070312,1338285,652.403923453259,0.0,1.0,yahoo,2023-12-13 16:24:29
2009-10-21,OIH,851.4000244140625,882.5999755859375,849.4000244140625,856.7333374023438,1495125,650.5309389355707,0.0,1.0,yahoo,2023-12-13 16:24:29
2009-10-22,OIH,857.1333618164062,873.4666748046875,842.6666870117188,869.6666870117188,1263660,660.351432311583,0.0,1.0,yahoo,2023-12-13 16:24:29
2009-10-23,OIH,873.4000244140625,876.2000122070312,836.8666381835938,846.7999877929688,1429020,642.9883921872967,0.0,1.0,yahoo,2023-12-13 16:24:29
2009-10-26,OIH,845.8666381835938,868.0,823.3333129882812,827.8666381835938,1842705,628.6120055558075,0.0,1.0,yahoo,2023-12-13 16:24:29
2009-10-27,OIH,828.2000122070312,836.0,815.0,825.4666748046875,1527945,626.7896760605825,0.0,1.0,yahoo,2023-12-13 16:24:29
2009-10-28,OIH,818.8666381835938,819.4666748046875,786.3333129882812,789.066650390625,2095470,599.1505717727131,0.0,1.0,yahoo,2023-12-13 16:24:29
2009-10-29,OIH,800.066650390625,818.2666625976562,796.4666748046875,813.7999877929688,1514520,619.2494218093359,1.68,1.0,yahoo,2023-12-13 16:24:29
2009-10-30,OIH,808.066650390625,811.4666748046875,771.3333129882812,780.4000244140625,2016720,593.8341990014161,0.0,1.0,yahoo,2023-12-13 16:24:29
2009-11-02,OIH,785.7999877929688,802.2666625976562,769.066650390625,785.5999755859375,1519830,597.7910272207838,0.0,1.0,yahoo,2023-12-13 16:24:29
2009-11-03,OIH,771.3333129882812,811.2000122070312,768.1333618164062,805.6666870117188,1376685,613.0605033014239,0.0,1.0,yahoo,2023-12-13 16:24:29
2009-11-04,OIH,809.1333618164062,817.5999755859375,794.7999877929688,795.5333251953125,1389450,605.3496670518283,0.0,1.0,yahoo,2023-12-13 16:24:29
2009-11-05,OIH,801.933349609375,814.4000244140625,797.3333129882812,811.6666870117188,860550,617.6830557921552,0.073333,1.0,yahoo,2023-12-13 16:24:29
2009-11-06,OIH,800.3333129882812,819.7999877929688,796.6666870117188,806.0,1007655,613.3706741142736,0.0,1.0,yahoo,2023-12-13 16:24:29
2009-11-09,OIH,824.3333129882812,834.3333129882812,821.066650390625,831.2000122070312,941835,632.5480295424557,0.0,1.0,yahoo,2023-12-13 16:24:29
2009-11-10,OIH,830.0,834.933349609375,812.8666381835938,827.7333374023438,776490,629.9098699123239,0.0,1.0,yahoo,2023-12-13 16:24:29
2009-11-11,OIH,835.1333618164062,845.7333374023438,828.2000122070312,834.6666870117188,816615,635.1861891725873,0.0,1.0,yahoo,2023-12-13 16:24:29
2009-11-12,OIH,829.4666748046875,835.5999755859375,804.5999755859375,809.2000122070312,1012245,615.8059019611727,0.0,1.0,yahoo,2023-12-13 16:24:29
2009-11-13,OIH,808.3333129882812,823.2000122070312,799.0,815.3333129882812,1005780,620.4733794236304,0.0,1.0,yahoo,2023-12-13 16:24:29
2009-11-16,OIH,824.0,848.6666870117188,822.3333129882812,842.0,1065015,640.7668828836456,0.0,1.0,yahoo,2023-12-13 16:24:29
2009-11-17,OIH,838.7333374023438,841.2666625976562,824.6666870117188,836.4000244140625,950970,636.5052689876532,0.0,1.0,yahoo,2023-12-13 16:24:29
2009-11-18,OIH,842.0,843.2000122070312,822.4000244140625,829.4666748046875,993390,631.2289497273897,0.0,1.0,yahoo,2023-12-13 16:24:29
2009-11-19,OIH,822.2666625976562,824.6666870117188,796.0,798.6666870117188,1163085,607.7899804032153,0.0,1.0,yahoo,2023-12-13 16:24:29
2009-11-20,OIH,792.7999877929688,795.6666870117188,776.0,780.6666870117188,1027200,594.0918760185292,0.0,1.0,yahoo,2023-12-13 16:24:29
2009-11-23,OIH,800.066650390625,809.8666381835938,788.933349609375,790.933349609375,929460,601.9048657932541,0.0,1.0,yahoo,2023-12-13 16:24:29
2009-11-24,OIH,791.2000122070312,799.7999877929688,779.6666870117188,797.3333129882812,887895,606.7752750389444,0.0,1.0,yahoo,2023-12-13 16:24:29
2009-11-25,OIH,798.7333374023438,807.5333251953125,785.6666870117188,804.3333129882812,790485,612.102315632989,0.0,1.0,yahoo,2023-12-13 16:24:29
2009-11-27,OIH,774.6666870117188,788.066650390625,770.3333129882812,782.3333129882812,620160,595.360188051706,0.0,1.0,yahoo,2023-12-13 16:24:29
2009-11-30,OIH,777.2666625976562,792.4000244140625,775.1333618164062,789.3333129882812,905745,601.943949919447,1.633333,1.0,yahoo,2023-12-13 16:24:29
2009-12-01,OIH,800.0,806.066650390625,796.3333129882812,798.7333374023438,722010,609.3182400912809,0.266667,1.0,yahoo,2023-12-13 16:24:29
2009-12-02,OIH,797.2000122070312,800.7999877929688,785.3333129882812,790.5333251953125,847185,603.1282572039663,0.086667,1.0,yahoo,2023-12-13 16:24:29
2009-12-03,OIH,788.5333251953125,790.933349609375,769.8666381835938,771.2000122070312,1049745,588.3930156435805,0.02,1.0,yahoo,2023-12-13 16:24:29
2009-12-04,OIH,783.3333129882812,793.2666625976562,756.5999755859375,763.6666870117188,1563930,582.6454069048195,0.0,1.0,yahoo,2023-12-13 16:24:29
2009-12-07,OIH,760.0,775.066650390625,758.6666870117188,762.3333129882812,899835,581.6280988780911,0.0,1.0,yahoo,2023-12-13 16:24:29
2009-12-08,OIH,754.933349609375,757.0,736.4000244140625,741.933349609375,1164420,566.0637889953898,0.0,1.0,yahoo,2023-12-13 16:24:29
2009-12-09,OIH,744.7333374023438,756.4666748046875,737.2666625976562,750.2000122070312,1153560,572.4686382178635,0.126667,1.0,yahoo,2023-12-13 16:24:29
2009-12-10,OIH,757.1333618164062,765.7333374023438,752.3333129882812,762.066650390625,740040,581.5239275948934,0.0,1.0,yahoo,2023-12-13 16:24:29
2009-12-11,OIH,763.7999877929688,769.1333618164062,753.7999877929688,761.8666381835938,801960,581.4425119992949,0.093333,1.0,yahoo,2023-12-13 16:24:29
2009-12-14,OIH,774.7333374023438,775.7999877929688,767.4666748046875,771.7333374023438,620385,588.9725941572027,0.0,1.0,yahoo,2023-12-13 16:24:29
2009-12-15,OIH,768.6666870117188,789.5999755859375,768.6666870117188,782.5333251953125,975735,597.2149448747468,0.0,1.0,yahoo,2023-12-13 16:24:29
2009-12-16,OIH,789.6666870117188,801.2666625976562,785.0,793.066650390625,829395,605.2537836351232,0.0,1.0,yahoo,2023-12-13 16:24:29
2009-12-17,OIH,786.6666870117188,793.2000122070312,780.0,786.8666381835938,625515,600.5220491143975,0.0,1.0,yahoo,2023-12-13 16:24:29
2009-12-18,OIH,796.3333129882812,796.933349609375,781.4666748046875,784.7999877929688,620370,598.9448198011228,0.0,1.0,yahoo,2023-12-13 16:24:29
2009-12-21,OIH,792.0,804.5333251953125,788.6666870117188,795.5999755859375,562290,607.1871705186669,0.0,1.0,yahoo,2023-12-13 16:24:29
2009-12-22,OIH,796.0,801.2000122070312,789.5333251953125,790.3333129882812,968685,603.1677511384786,0.0,1.0,yahoo,2023-12-13 16:24:29
2009-12-23,OIH,800.0,807.4666748046875,794.0,805.0,623685,614.3610951063059,0.0,1.0,yahoo,2023-12-13 16:24:29
2009-12-24,OIH,808.5333251953125,810.066650390625,803.3333129882812,804.5999755859375,115575,614.0558038801038,0.0,1.0,yahoo,2023-12-13 16:24:29
2009-12-28,OIH,813.3333129882812,815.7999877929688,803.933349609375,807.6666870117188,346260,616.3962612588839,0.0,1.0,yahoo,2023-12-13 16:24:29
2009-12-29,OIH,811.4666748046875,813.6666870117188,795.933349609375,800.2666625976562,366030,610.7486996404531,0.0,1.0,yahoo,2023-12-13 16:24:29
2009-12-30,OIH,797.4666748046875,800.5333251953125,792.066650390625,799.0,362970,609.7820061986813,0.0,1.0,yahoo,2023-12-13 16:24:29
2009-12-31,OIH,802.5999755859375,804.2000122070312,792.5333251953125,792.5333251953125,309960,604.8467597207879,0.0,1.0,yahoo,2023-12-13 16:24:29
2010-01-04,OIH,807.6666870117188,824.3333129882812,807.6666870117188,823.2000122070312,724935,628.2510074422809,0.0,1.0,yahoo,2023-12-13 16:24:29
2010-01-05,OIH,825.933349609375,844.2666625976562,824.066650390625,841.3333129882812,875460,642.0900068532881,0.0,1.0,yahoo,2023-12-13 16:24:29
2010-01-06,OIH,840.0,866.3333129882812,838.1333618164062,864.066650390625,1301295,659.4396690420149,0.0,1.0,yahoo,2023-12-13 16:24:29
2010-01-07,OIH,860.8666381835938,867.4000244140625,853.066650390625,862.7999877929688,754110,658.4729756002431,0.0,1.0,yahoo,2023-12-13 16:24:29
2010-01-08,OIH,860.0,887.7999877929688,859.7333374023438,885.4666748046875,980655,675.7717714449032,0.0,1.0,yahoo,2023-12-13 16:24:29
2010-01-11,OIH,896.2666625976562,896.3333129882812,867.066650390625,873.2666625976562,1333305,666.4609480165528,0.0,1.0,yahoo,2023-12-13 16:24:29
2010-01-12,OIH,857.3333129882812,869.7333374023438,853.7999877929688,858.0,1183020,654.8097137903236,0.0,1.0,yahoo,2023-12-13 16:24:29
2010-01-13,OIH,856.4000244140625,872.4000244140625,847.4000244140625,871.2666625976562,1085295,664.9345850473446,0.0,1.0,yahoo,2023-12-13 16:24:29
2010-01-14,OIH,869.3333129882812,879.7333374023438,867.1333618164062,877.066650390625,848085,669.3610283418682,0.0,1.0,yahoo,2023-12-13 16:24:29
2010-01-15,OIH,879.3333129882812,880.7333374023438,859.5999755859375,867.933349609375,1295805,662.390662292298,0.0,1.0,yahoo,2023-12-13 16:24:29
2010-01-19,OIH,863.933349609375,878.2000122070312,861.8666381835938,877.7333374023438,818895,669.869831525238,0.0,1.0,yahoo,2023-12-13 16:24:29
2010-01-20,OIH,863.6666870117188,867.5999755859375,849.3333129882812,858.0,1066875,654.8097137903236,0.0,1.0,yahoo,2023-12-13 16:24:29
2010-01-21,OIH,859.4000244140625,865.066650390625,842.2000122070312,843.7999877929688,1291770,643.9725273927651,0.0,1.0,yahoo,2023-12-13 16:24:29
2010-01-22,OIH,837.4666748046875,839.2000122070312,806.7999877929688,810.5999755859375,1634565,618.6348927877284,0.0,1.0,yahoo,2023-12-13 16:24:29
2010-01-25,OIH,809.6666870117188,826.6666870117188,806.7333374023438,818.1333618164062,866145,624.3842336751937,0.0,1.0,yahoo,2023-12-13 16:24:29
2010-01-26,OIH,812.3333129882812,866.6666870117188,804.4000244140625,817.4000244140625,1629150,623.8245641477573,0.0,1.0,yahoo,2023-12-13 16:24:29
2010-01-27,OIH,813.4000244140625,822.2666625976562,795.066650390625,816.3333129882812,1571250,623.0104697381854,0.0,1.0,yahoo,2023-12-13 16:24:29
2010-01-28,OIH,825.5999755859375,828.0,791.5999755859375,798.2666625976562,1476510,609.3815868206542,0.213333,1.0,yahoo,2023-12-13 16:24:29
2010-01-29,OIH,806.7333374023438,822.5999755859375,778.4000244140625,785.8666381835938,1409700,599.9156440372402,0.0,1.0,yahoo,2023-12-13 16:24:29
2010-02-01,OIH,794.5999755859375,816.0,792.8666381835938,816.0,1046505,622.9188792972071,0.0,1.0,yahoo,2023-12-13 16:24:29
2010-02-02,OIH,820.0,826.5999755859375,813.0,823.2000122070312,1135905,628.415231668445,0.0,1.0,yahoo,2023-12-13 16:24:29
2010-02-03,OIH,821.5333251953125,831.4000244140625,813.3333129882812,817.6666870117188,1238175,624.1911964607845,0.0,1.0,yahoo,2023-12-13 16:24:29
2010-02-04,OIH,806.1333618164062,808.2000122070312,776.5999755859375,778.4666748046875,1671570,594.266652744558,0.0,1.0,yahoo,2023-12-13 16:24:29
2010-02-05,OIH,781.4666748046875,786.7333374023438,749.5333251953125,773.7999877929688,2016240,590.7041926423881,0.0,1.0,yahoo,2023-12-13 16:24:29
2010-02-08,OIH,773.0,788.4000244140625,766.2000122070312,766.6666870117188,997140,585.258766504709,0.0,1.0,yahoo,2023-12-13 16:24:29
2010-02-09,OIH,780.4666748046875,799.3333129882812,779.8666381835938,787.2666625976562,1159785,600.9843960458144,0.0,1.0,yahoo,2023-12-13 16:24:29
2010-02-10,OIH,784.0,792.933349609375,770.7333374023438,784.4000244140625,957345,599.9136899616108,1.466667,1.0,yahoo,2023-12-13 16:24:29
2010-02-11,OIH,784.5999755859375,804.5333251953125,778.4666748046875,803.4666748046875,886740,614.495974809947,0.0,1.0,yahoo,2023-12-13 16:24:29
2010-02-12,OIH,789.6666870117188,796.5999755859375,780.0,794.8666381835938,929625,608.1507357539052,0.306667,1.0,yahoo,2023-12-13 16:24:29
2010-02-16,OIH,809.2666625976562,812.1333618164062,802.8666381835938,808.6666870117188,692880,618.7817802615367,0.093333,1.0,yahoo,2023-12-13 16:24:29
2010-02-17,OIH,815.4000244140625,816.4000244140625,803.5333251953125,813.3333129882812,766995,622.3526249321176,0.0,1.0,yahoo,2023-12-13 16:24:29
2010-02-18,OIH,813.3333129882812,823.2000122070312,807.7333374023438,818.7333374023438,714675,626.4846570462845,0.0,1.0,yahoo,2023-12-13 16:24:29
2010-02-19,OIH,821.6666870117188,833.2000122070312,817.933349609375,829.3333129882812,902400,634.5956276960501,0.0,1.0,yahoo,2023-12-13 16:24:29
2010-02-22,OIH,835.8666381835938,835.8666381835938,818.066650390625,824.4666748046875,1024170,630.8717361502502,0.0,1.0,yahoo,2023-12-13 16:24:29
2010-02-23,OIH,819.5333251953125,823.1333618164062,802.933349609375,808.5333251953125,707880,618.6797334436077,0.0,1.0,yahoo,2023-12-13 16:24:29
2010-02-24,OIH,805.7999877929688,813.1333618164062,800.0,805.6666870117188,796410,616.4862172432994,0.0,1.0,yahoo,2023-12-13 16:24:29
2010-02-25,OIH,793.066650390625,806.1333618164062,781.6666870117188,804.1333618164062,893655,615.3129357055358,0.0,1.0,yahoo,2023-12-13 16:24:29
2010-02-26,OIH,806.7999877929688,810.066650390625,798.5333251953125,807.2000122070312,616785,617.8643951981227,0.266667,1.0,yahoo,2023-12-13 16:24:29
2010-03-01,OIH,814.066650390625,819.2666625976562,812.2666625976562,815.7333374023438,818085,624.3961565101856,0.0,1.0,yahoo,2023-12-13 16:24:29
2010-03-02,OIH,819.8666381835938,835.4000244140625,816.5333251953125,827.4000244140625,809805,633.3263230184247,0.0,1.0,yahoo,2023-12-13 16:24:29
2010-03-03,OIH,831.5999755859375,844.2666625976562,831.3333129882812,837.0,602385,640.7416580621149,0.086667,1.0,yahoo,2023-12-13 16:24:29
2010-03-04,OIH,837.1333618164062,843.4666748046875,826.2000122070312,832.7333374023438,901740,637.4906680336164,0.02,1.0,yahoo,2023-12-13 16:24:29
2010-03-05,OIH,842.8666381835938,847.5999755859375,838.0,845.3333129882812,732180,647.1364531760042,0.0,1.0,yahoo,2023-12-13 16:24:29
2010-03-08,OIH,847.5333251953125,853.066650390625,839.066650390625,843.1333618164062,579750,645.4523025851623,0.0,1.0,yahoo,2023-12-13 16:24:29
2010-03-09,OIH,836.8666381835938,845.8666381835938,832.4000244140625,839.4666748046875,780030,642.6453070590045,0.0,1.0,yahoo,2023-12-13 16:24:29
2010-03-10,OIH,840.8666381835938,849.2000122070312,831.8666381835938,842.0,1028310,644.6768239947996,0.12,1.0,yahoo,2023-12-13 16:24:29
2010-03-11,OIH,837.5333251953125,841.933349609375,834.2666625976562,841.1333618164062,475830,644.013282959465,0.0,1.0,yahoo,2023-12-13 16:24:29
2010-03-12,OIH,848.3333129882812,850.3333129882812,840.2000122070312,847.4666748046875,693420,648.8623804685507,0.0,1.0,yahoo,2023-12-13 16:24:29
2010-03-15,OIH,841.5999755859375,844.933349609375,826.8666381835938,837.933349609375,574785,641.5631954222042,0.0,1.0,yahoo,2023-12-13 16:24:29
2010-03-16,OIH,842.2000122070312,852.2666625976562,835.8666381835938,851.7999877929688,738540,652.18017910829,0.0,1.0,yahoo,2023-12-13 16:24:29
2010-03-17,OIH,853.3333129882812,863.8666381835938,852.2666625976562,856.7999877929688,649125,656.0084262816558,0.0,1.0,yahoo,2023-12-13 16:24:29
2010-03-18,OIH,856.4666748046875,858.4666748046875,828.2666625976562,832.6666870117188,882855,637.5307781816945,0.0,1.0,yahoo,2023-12-13 16:24:29
2010-03-19,OIH,810.4666748046875,836.2666625976562,804.4000244140625,810.4666748046875,1222275,620.5333513856438,0.0,1.0,yahoo,2023-12-13 16:24:29
2010-03-22,OIH,798.4000244140625,815.5999755859375,792.5999755859375,808.5333251953125,778710,619.0530833502002,0.0,1.0,yahoo,2023-12-13 16:24:29
2010-03-23,OIH,808.8666381835938,817.2666625976562,803.933349609375,806.8666381835938,645750,617.7769853819007,0.0,1.0,yahoo,2023-12-13 16:24:29
2010-03-24,OIH,798.5999755859375,811.4666748046875,798.4000244140625,801.2666625976562,808455,613.4893672403441,0.0,1.0,yahoo,2023-12-13 16:24:29
2010-03-25,OIH,809.4666748046875,812.3333129882812,782.0,784.0,1069395,600.2691567837564,0.0,1.0,yahoo,2023-12-13 16:24:29
2010-03-26,OIH,787.3333129882812,794.4666748046875,781.2666625976562,786.0,752910,601.8004556531027,0.0,1.0,yahoo,2023-12-13 16:24:29
2010-03-29,OIH,792.6666870117188,805.5333251953125,792.4000244140625,799.7999877929688,595845,612.3664085052858,0.0,1.0,yahoo,2023-12-13 16:24:29
2010-03-30,OIH,803.5999755859375,809.2000122070312,797.3333129882812,803.8666381835938,608025,615.4800370778812,0.0,1.0,yahoo,2023-12-13 16:24:29
2010-03-31,OIH,812.1333618164062,819.7333374023438,807.3333129882812,817.2666625976562,757425,625.7397581951146,0.0,1.0,yahoo,2023-12-13 16:24:29
2010-04-01,OIH,830.6666870117188,840.0,827.7333374023438,837.5999755859375,775275,641.3079477896246,0.0,1.0,yahoo,2023-12-13 16:24:29
2010-04-05,OIH,844.933349609375,856.7999877929688,839.2000122070312,854.6666870117188,656640,654.3750657445039,0.0,1.0,yahoo,2023-12-13 16:24:29
2010-04-06,OIH,853.5999755859375,860.7333374023438,849.5999755859375,858.2666625976562,627030,657.1313850167141,0.0,1.0,yahoo,2023-12-13 16:24:29
2010-04-07,OIH,857.0,858.5999755859375,840.8666381835938,844.4000244140625,751080,646.5144013306284,0.0,1.0,yahoo,2023-12-13 16:24:29
2010-04-08,OIH,836.5333251953125,845.066650390625,830.0,841.7999877929688,692460,644.5236847615585,0.0,1.0,yahoo,2023-12-13 16:24:29
2010-04-09,OIH,847.066650390625,850.3333129882812,834.933349609375,842.066650390625,660885,644.7278548287024,0.0,1.0,yahoo,2023-12-13 16:24:29
2010-04-12,OIH,841.4000244140625,849.2666625976562,840.0,842.5333251953125,411645,645.0851641290876,0.0,1.0,yahoo,2023-12-13 16:24:29
2010-04-13,OIH,840.5333251953125,842.7999877929688,823.3333129882812,833.8666381835938,724140,638.449520118076,0.0,1.0,yahoo,2023-12-13 16:24:29
2010-04-14,OIH,843.066650390625,856.4666748046875,836.7999877929688,853.066650390625,932820,653.1499986101071,0.0,1.0,yahoo,2023-12-13 16:24:29
2010-04-15,OIH,855.2666625976562,861.2000122070312,850.7333374023438,857.4666748046875,723750,656.5188748152822,0.0,1.0,yahoo,2023-12-13 16:24:29
2010-04-16,OIH,850.0,854.066650390625,822.8666381835938,837.5999755859375,1461450,641.3079477896246,0.0,1.0,yahoo,2023-12-13 16:24:29
2010-04-19,OIH,826.8666381835938,843.1333618164062,825.3333129882812,835.933349609375,990720,640.0318965528579,0.0,1.0,yahoo,2023-12-13 16:24:29
2010-04-20,OIH,845.5333251953125,876.3333129882812,845.5333251953125,870.5333251953125,1163550,666.5233482999361,0.0,1.0,yahoo,2023-12-13 16:24:29
2010-04-21,OIH,870.5999755859375,877.3333129882812,860.1333618164062,868.6666870117188,977415,665.0941578299281,0.0,1.0,yahoo,2023-12-13 16:24:29
2010-04-22,OIH,857.2666625976562,875.7333374023438,850.2666625976562,873.933349609375,872595,669.126575070438,0.0,1.0,yahoo,2023-12-13 16:24:29
2010-04-23,OIH,883.2666625976562,905.066650390625,878.3333129882812,902.2666625976562,1244280,690.8199601423331,0.0,1.0,yahoo,2023-12-13 16:24:29
2010-04-26,OIH,905.2000122070312,905.4000244140624,894.0,896.0,747120,686.0218934671502,0.0,1.0,yahoo,2023-12-13 16:24:29
2010-04-27,OIH,888.7333374023438,891.5999755859375,856.933349609375,861.1333618164062,1425495,659.3262716529281,0.0,1.0,yahoo,2023-12-13 16:24:29
2010-04-28,OIH,865.066650390625,871.7999877929688,852.1333618164062,869.4666748046875,1132785,665.7066680313601,0.0,1.0,yahoo,2023-12-13 16:24:29
2010-04-29,OIH,879.933349609375,883.3333129882812,830.0,852.2000122070312,2063385,653.3129921760614,1.1,1.0,yahoo,2023-12-13 16:24:29
2010-04-30,OIH,841.4666748046875,841.7999877929688,804.7999877929688,824.4000244140625,2046150,632.0009844932098,0.0,1.0,yahoo,2023-12-13 16:24:29
2010-05-03,OIH,822.5333251953125,841.3333129882812,802.2000122070312,829.8666381835938,1883655,636.1917962130948,0.0,1.0,yahoo,2023-12-13 16:24:29
2010-05-04,OIH,814.0,818.2666625976562,794.1333618164062,802.1333618164062,1209765,618.6733880375508,5.02,1.0,yahoo,2023-12-13 16:24:29
2010-05-05,OIH,789.2000122070312,806.6666870117188,782.5999755859375,791.933349609375,1435560,610.8062721556499,0.0,1.0,yahoo,2023-12-13 16:24:29
2010-05-06,OIH,790.1333618164062,799.7999877929688,704.5999755859375,762.5333251953125,1959180,588.3384918245093,0.28,1.0,yahoo,2023-12-13 16:24:29
2010-05-07,OIH,754.3333129882812,765.8666381835938,724.2000122070312,733.5999755859375,1740030,566.0147418844647,0.0,1.0,yahoo,2023-12-13 16:24:29
2010-05-10,OIH,766.6666870117188,768.5333251953125,746.933349609375,758.8666381835938,1232895,585.5094310671784,0.0,1.0,yahoo,2023-12-13 16:24:29
2010-05-11,OIH,748.7333374023438,773.6666870117188,748.7333374023438,764.6666870117188,958650,589.9845036539057,0.0,1.0,yahoo,2023-12-13 16:24:29
2010-05-12,OIH,770.4000244140625,778.2000122070312,758.066650390625,769.2000122070312,883140,593.4822258127072,0.0,1.0,yahoo,2023-12-13 16:24:29
2010-05-13,OIH,770.3333129882812,777.6666870117188,758.0,759.8666381835938,920400,586.2809888108007,0.0,1.0,yahoo,2023-12-13 16:24:29
2010-05-14,OIH,753.4666748046875,755.1333618164062,730.6666870117188,741.7999877929688,967905,572.341524800597,0.0,1.0,yahoo,2023-12-13 16:24:29
2010-05-17,OIH,745.7333374023438,751.4000244140625,718.2000122070312,733.5999755859375,1251540,566.0147418844647,0.0,1.0,yahoo,2023-12-13 16:24:29
2010-05-18,OIH,748.3333129882812,755.933349609375,717.2666625976562,722.1333618164062,1256940,557.1675872374566,0.0,1.0,yahoo,2023-12-13 16:24:29
2010-05-19,OIH,720.1333618164062,726.8666381835938,696.3333129882812,710.2666625976562,1447290,548.0117435639933,0.0,1.0,yahoo,2023-12-13 16:24:29
2010-05-20,OIH,690.3333129882812,694.6666870117188,668.5999755859375,672.1333618164062,1912620,518.5897000563414,0.0,1.0,yahoo,2023-12-13 16:24:29
2010-05-21,OIH,665.4000244140625,695.4666748046875,660.5999755859375,690.1333618164062,1828755,532.4777394415429,0.0,1.0,yahoo,2023-12-13 16:24:29
2010-05-24,OIH,691.7999877929688,694.7999877929688,659.3333129882812,661.1333618164062,1215150,510.102564876496,0.0,1.0,yahoo,2023-12-13 16:24:29
2010-05-25,OIH,642.4000244140625,672.6666870117188,637.066650390625,670.5333251953125,2167230,517.3551794112572,0.0,1.0,yahoo,2023-12-13 16:24:29
2010-05-26,OIH,679.6666870117188,691.1333618164062,674.2000122070312,676.2000122070312,1313055,521.7273556558328,0.0,1.0,yahoo,2023-12-13 16:24:29
2010-05-27,OIH,695.0,708.5999755859375,680.4000244140625,693.933349609375,2013480,535.6208775026529,0.266667,1.0,yahoo,2023-12-13 16:24:29
2010-05-28,OIH,684.8666381835938,685.0,651.8666381835938,654.7333374023438,1620570,505.5873043845675,0.306667,1.0,yahoo,2023-12-13 16:24:29
2010-06-01,OIH,632.2666625976562,632.4666748046875,596.5333251953125,596.5333251953125,2558385,460.64505750945597,0.0,1.0,yahoo,2023-12-13 16:24:29
2010-06-02,OIH,608.4666748046875,634.0,604.5333251953125,633.066650390625,1612920,488.92724868116284,0.086667,1.0,yahoo,2023-12-13 16:24:29
2010-06-03,OIH,644.3333129882812,644.6666870117188,614.6666870117188,638.3333129882812,2468565,493.1973301295692,0.26,1.0,yahoo,2023-12-13 16:24:29
2010-06-04,OIH,629.933349609375,648.2666625976562,619.2000122070312,622.6666870117188,1424940,481.0927791895479,0.0,1.0,yahoo,2023-12-13 16:24:29
2010-06-07,OIH,627.4666748046875,637.066650390625,615.4666748046875,617.0,1069725,476.71451026954423,0.0,1.0,yahoo,2023-12-13 16:24:29
2010-06-08,OIH,614.5999755859375,620.2666625976562,597.5333251953125,617.5999755859375,1914840,477.1780711571032,0.0,1.0,yahoo,2023-12-13 16:24:29
2010-06-09,OIH,624.4666748046875,649.5333251953125,606.6666870117188,611.5333251953125,2077005,472.5877029944133,0.126667,1.0,yahoo,2023-12-13 16:24:29
2010-06-10,OIH,631.7999877929688,654.6666870117188,631.4000244140625,653.5999755859375,1422165,505.09644922574114,0.0,1.0,yahoo,2023-12-13 16:24:29
2010-06-11,OIH,644.5999755859375,663.3333129882812,643.8666381835938,657.5999755859375,1135455,508.1876148811433,0.0,1.0,yahoo,2023-12-13 16:24:29
2010-06-14,OIH,670.7999877929688,673.933349609375,647.7999877929688,649.0,1269675,501.5416275890065,0.0,1.0,yahoo,2023-12-13 16:24:29
2010-06-15,OIH,657.5999755859375,682.2666625976562,655.4666748046875,681.933349609375,1069875,526.9922373964698,0.0,1.0,yahoo,2023-12-13 16:24:29
2010-06-16,OIH,673.4000244140625,694.0,670.7999877929688,681.2000122070312,1142370,526.4255205484831,0.0,1.0,yahoo,2023-12-13 16:24:29
2010-06-17,OIH,686.2000122070312,689.5999755859375,677.2000122070312,684.6666870117188,804705,529.1045370721577,0.0,1.0,yahoo,2023-12-13 16:24:29
2010-06-18,OIH,686.8666381835938,700.0,679.5999755859375,700.0,697170,540.9539896953845,0.0,1.0,yahoo,2023-12-13 16:24:29
2010-06-21,OIH,713.4000244140625,713.4666748046875,687.7333374023438,694.7333374023438,1118805,536.8839580602679,0.0,1.0,yahoo,2023-12-13 16:24:29
2010-06-22,OIH,692.6666870117188,700.0,666.6666870117188,669.3333129882812,2153805,517.2550372814861,0.0,1.0,yahoo,2023-12-13 16:24:29
2010-06-23,OIH,669.2666625976562,672.2000122070312,658.3333129882812,667.7333374023438,921900,516.0185898863031,0.0,1.0,yahoo,2023-12-13 16:24:29
2010-06-24,OIH,665.4666748046875,666.3333129882812,646.2000122070312,647.8666381835938,965850,500.6657753085017,0.0,1.0,yahoo,2023-12-13 16:24:29
2010-06-25,OIH,651.066650390625,666.8666381835938,646.1333618164062,661.066650390625,1163325,510.86663140481784,0.0,1.0,yahoo,2023-12-13 16:24:29
2010-06-28,OIH,665.0,667.5333251953125,653.0,653.0,625260,504.6327932444087,0.0,1.0,yahoo,2023-12-13 16:24:29
2010-06-29,OIH,640.0,641.1333618164062,626.2000122070312,627.6666870117188,1197390,485.05542648267635,0.0,1.0,yahoo,2023-12-13 16:24:29
2010-06-30,OIH,630.5333251953125,648.4666748046875,628.0,630.933349609375,987300,487.5798752900918,0.0,1.0,yahoo,2023-12-13 16:24:29
2010-07-01,OIH,634.4666748046875,647.4666748046875,622.4000244140625,641.5999755859375,1151925,495.82295225953453,0.0,1.0,yahoo,2023-12-13 16:24:29
2010-07-02,OIH,643.4000244140625,655.1333618164062,635.7999877929688,642.5333251953125,633960,496.5442368237803,0.0,1.0,yahoo,2023-12-13 16:24:29
2010-07-06,OIH,655.1333618164062,667.3333129882812,640.7999877929688,650.0,851910,502.31441900285705,0.0,1.0,yahoo,2023-12-13 16:24:29
2010-07-07,OIH,653.3333129882812,677.4000244140625,653.0,677.0,920160,523.1797871768218,0.0,1.0,yahoo,2023-12-13 16:24:29
2010-07-08,OIH,684.5333251953125,689.2666625976562,667.3333129882812,688.7999877929688,708675,532.2987164267694,0.0,1.0,yahoo,2023-12-13 16:24:29
2010-07-09,OIH,688.2000122070312,688.4000244140625,678.7999877929688,686.4000244140625,604110,530.444045333995,0.0,1.0,yahoo,2023-12-13 16:24:29
2010-07-12,OIH,685.4000244140625,694.5333251953125,674.7999877929688,686.0,711990,530.1349099014768,0.0,1.0,yahoo,2023-12-13 16:24:29
2010-07-13,OIH,697.0,698.1333618164062,684.6666870117188,687.066650390625,846480,530.9592081649322,0.0,1.0,yahoo,2023-12-13 16:24:29
2010-07-14,OIH,685.7999877929688,698.3333129882812,679.0,689.7999877929688,650445,533.0715078406199,0.0,1.0,yahoo,2023-12-13 16:24:29
2010-07-15,OIH,688.2000122070312,696.1333618164062,674.4666748046875,691.3333129882812,805890,534.2564483861981,0.0,1.0,yahoo,2023-12-13 16:24:29
2010-07-16,OIH,687.066650390625,688.5333251953125,670.3333129882812,671.0,925950,518.5430386937186,0.0,1.0,yahoo,2023-12-13 16:24:29
2010-07-19,OIH,679.0,689.2666625976562,670.7333374023438,685.933349609375,833895,530.083403051872,0.0,1.0,yahoo,2023-12-13 16:24:29
2010-07-20,OIH,674.7999877929688,711.933349609375,674.4666748046875,709.1333618164062,840000,548.0121732866937,0.0,1.0,yahoo,2023-12-13 16:24:29
2010-07-21,OIH,713.1333618164062,714.2000122070312,688.4666748046875,693.7333374023438,900750,536.1111666464174,0.0,1.0,yahoo,2023-12-13 16:24:29
2010-07-22,OIH,704.6666870117188,709.5333251953125,699.933349609375,703.066650390625,638805,543.323870786541,0.0,1.0,yahoo,2023-12-13 16:24:29
2010-07-23,OIH,695.2000122070312,700.5333251953125,685.3333129882812,698.5999755859375,1159335,539.8720628490158,0.0,1.0,yahoo,2023-12-13 16:24:29
2010-07-26,OIH,700.5333251953125,705.6666870117188,693.6666870117188,705.6666870117188,540630,545.3331567630191,0.0,1.0,yahoo,2023-12-13 16:24:29
2010-07-27,OIH,712.1333618164062,712.1333618164062,689.6666870117188,704.066650390625,878925,544.0966622003915,0.0,1.0,yahoo,2023-12-13 16:24:29
2010-07-28,OIH,699.2666625976562,705.6666870117188,693.5333251953125,697.5333251953125,663300,539.0477645855606,0.0,1.0,yahoo,2023-12-13 16:24:29
2010-07-29,OIH,703.4666748046875,712.1333618164062,689.1333618164062,702.066650390625,796620,542.5510793726904,0.0,1.0,yahoo,2023-12-13 16:24:29
2010-07-30,OIH,691.6666870117188,703.0,687.7999877929688,700.933349609375,462570,541.6752742596302,0.0,1.0,yahoo,2023-12-13 16:24:29
2010-08-02,OIH,715.0,735.2000122070312,714.5999755859375,730.2000122070312,733365,564.29229982716,0.0,1.0,yahoo,2023-12-13 16:24:29
2010-08-03,OIH,718.2666625976562,726.6666870117188,710.066650390625,718.2000122070312,845235,555.0188028609534,0.0,1.0,yahoo,2023-12-13 16:24:29
2010-08-04,OIH,722.5999755859375,732.3333129882812,719.8666381835938,729.1333618164062,791265,563.4680015637047,0.0,1.0,yahoo,2023-12-13 16:24:29
2010-08-05,OIH,726.5999755859375,735.2000122070312,721.3333129882812,733.1333618164062,740250,567.3061003384037,0.96,1.0,yahoo,2023-12-13 16:24:29
2010-08-06,OIH,723.0,727.933349609375,713.3333129882812,723.3333129882812,705720,559.722722233723,0.0,1.0,yahoo,2023-12-13 16:24:29
2010-08-09,OIH,729.8666381835938,730.8666381835938,701.4000244140625,722.6666870117188,403500,559.2068802289191,0.0,1.0,yahoo,2023-12-13 16:24:29
2010-08-10,OIH,712.0,717.5333251953125,705.5999755859375,712.8666381835938,801165,551.6235021242384,0.0,1.0,yahoo,2023-12-13 16:24:29
2010-08-11,OIH,699.2000122070312,699.2000122070312,680.7999877929688,688.4000244140625,760815,532.6909859286999,0.0,1.0,yahoo,2023-12-13 16:24:29
2010-08-12,OIH,677.066650390625,689.2666625976562,672.5999755859375,681.933349609375,664620,527.6870067665532,0.0,1.0,yahoo,2023-12-13 16:24:29
2010-08-13,OIH,680.4000244140625,691.4666748046875,679.4666748046875,681.5999755859375,439725,527.4290385345225,0.0,1.0,yahoo,2023-12-13 16:24:29
2010-08-16,OIH,679.1333618164062,686.1333618164062,675.0,682.933349609375,349815,528.4608170033877,0.0,1.0,yahoo,2023-12-13 16:24:29
2010-08-17,OIH,695.066650390625,705.066650390625,689.2666625976562,698.8666381835938,593925,540.7901588085558,0.0,1.0,yahoo,2023-12-13 16:24:29
2010-08-18,OIH,695.933349609375,695.933349609375,683.8666381835938,690.5333251953125,576900,534.3417559114781,0.0,1.0,yahoo,2023-12-13 16:24:29
2010-08-19,OIH,687.7999877929688,689.0,672.0,674.6666870117188,548685,522.0639888608646,0.0,1.0,yahoo,2023-12-13 16:24:29
2010-08-20,OIH,671.2666625976562,671.4000244140625,653.3333129882812,661.2666625976562,855345,511.6949127954312,0.0,1.0,yahoo,2023-12-13 16:24:29
2010-08-23,OIH,662.2000122070312,669.2000122070312,660.066650390625,660.933349609375,545385,511.43699179302934,0.0,1.0,yahoo,2023-12-13 16:24:29
2010-08-24,OIH,651.2000122070312,674.5999755859375,649.1333618164062,660.3333129882812,1037820,510.9726773131514,0.0,1.0,yahoo,2023-12-13 16:24:29
2010-08-25,OIH,654.4000244140625,657.3333129882812,644.6666870117188,654.3333129882812,784245,506.3298158921446,0.0,1.0,yahoo,2023-12-13 16:24:29
2010-08-26,OIH,659.6666870117188,661.6666870117188,642.7333374023438,645.6666870117188,508860,499.623491992665,0.0,1.0,yahoo,2023-12-13 16:24:29
2010-08-27,OIH,650.4666748046875,669.5999755859375,640.6666870117188,668.066650390625,862695,516.9568129599799,0.0,1.0,yahoo,2023-12-13 16:24:29
2010-08-30,OIH,666.0,671.6666870117188,658.3333129882812,658.4666748046875,588735,510.0626970918362,0.7,1.0,yahoo,2023-12-13 16:24:29
2010-08-31,OIH,655.8666381835938,660.1333618164062,643.2666625976562,649.0,601755,502.7296036064256,0.0,1.0,yahoo,2023-12-13 16:24:29
2010-09-01,OIH,662.0,686.0,661.1333618164062,682.3333129882812,962175,528.7621481118133,0.26,1.0,yahoo,2023-12-13 16:24:29
2010-09-02,OIH,683.933349609375,689.2666625976562,674.6666870117188,685.7999877929688,858705,531.4485865160938,0.0,1.0,yahoo,2023-12-13 16:24:29
2010-09-03,OIH,694.1333618164062,700.6666870117188,687.7333374023438,692.0,684840,536.2531764584371,0.0,1.0,yahoo,2023-12-13 16:24:29
2010-09-07,OIH,689.3333129882812,690.8666381835938,679.7333374023438,684.6666870117188,608865,530.5703550943769,0.0,1.0,yahoo,2023-12-13 16:24:29
2010-09-08,OIH,686.7999877929688,699.0,685.066650390625,694.7999877929688,550860,538.5173622738946,0.12,1.0,yahoo,2023-12-13 16:24:29
2010-09-09,OIH,704.0,706.6666870117188,693.8666381835938,695.7999877929688,546180,539.292430454285,0.0,1.0,yahoo,2023-12-13 16:24:29
2010-09-10,OIH,700.1333618164062,718.5999755859375,700.066650390625,714.2666625976562,655860,553.6053624930133,0.0,1.0,yahoo,2023-12-13 16:24:29
2010-09-13,OIH,724.3333129882812,726.7999877929688,718.7999877929688,722.2000122070312,444900,559.7542493391517,0.0,1.0,yahoo,2023-12-13 16:24:29
2010-09-14,OIH,720.6666870117188,724.7999877929688,710.6666870117188,717.4000244140625,619980,556.0339315345598,0.0,1.0,yahoo,2023-12-13 16:24:29
2010-09-15,OIH,712.5999755859375,716.933349609375,702.6666870117188,716.1333618164062,836775,555.0521816598259,0.0,1.0,yahoo,2023-12-13 16:24:29
2010-09-16,OIH,713.066650390625,718.8666381835938,706.5999755859375,710.2000122070312,542175,550.4534311744682,0.0,1.0,yahoo,2023-12-13 16:24:29
2010-09-17,OIH,714.6666870117188,716.3333129882812,707.0,714.5333251953125,414270,553.812044187357,0.0,1.0,yahoo,2023-12-13 16:24:29
2010-09-20,OIH,717.6666870117188,729.933349609375,709.5999755859375,727.6666870117188,572625,563.9912950328063,0.0,1.0,yahoo,2023-12-13 16:24:29
2010-09-21,OIH,729.7333374023438,735.1333618164062,723.8666381835938,728.5333251953125,980250,564.662998712821,0.0,1.0,yahoo,2023-12-13 16:24:29
2010-09-22,OIH,728.5333251953125,736.4000244140625,722.4000244140625,724.5999755859375,653805,561.6143845882439,0.0,1.0,yahoo,2023-12-13 16:24:29
2010-09-23,OIH,715.6666870117188,726.5333251953125,713.3333129882812,717.8666381835938,513570,556.3955890198554,0.0,1.0,yahoo,2023-12-13 16:24:29
2010-09-24,OIH,728.7999877929688,743.2666625976562,727.4666748046875,738.7999877929688,501255,572.6203622110676,0.0,1.0,yahoo,2023-12-13 16:24:29
2010-09-27,OIH,743.0,747.2666625976562,734.5999755859375,735.2000122070312,477600,569.8301356842255,0.0,1.0,yahoo,2023-12-13 16:24:29
2010-09-28,OIH,736.7333374023438,745.2666625976562,730.4000244140625,744.7999877929688,546690,577.2707712934093,0.0,1.0,yahoo,2023-12-13 16:24:29
2010-09-29,OIH,742.6666870117188,765.3333129882812,741.8666381835938,760.8666381835938,826230,589.723520776638,0.0,1.0,yahoo,2023-12-13 16:24:29
2010-09-30,OIH,764.8666381835938,767.3333129882812,747.933349609375,754.3333129882812,728640,584.6597483056091,0.0,1.0,yahoo,2023-12-13 16:24:29
2010-10-01,OIH,762.6666870117188,766.4000244140625,753.6666870117188,758.7999877929688,521175,588.1217258188734,0.0,1.0,yahoo,2023-12-13 16:24:29
2010-10-04,OIH,757.7999877929688,760.5999755859375,737.066650390625,744.2666625976562,688605,576.8574079047222,0.0,1.0,yahoo,2023-12-13 16:24:29
2010-10-05,OIH,754.2666625976562,768.8666381835938,752.7999877929688,765.4000244140625,662475,593.2372041932939,0.0,1.0,yahoo,2023-12-13 16:24:29
2010-10-06,OIH,765.6666870117188,771.8666381835938,762.5999755859375,765.4000244140625,595695,593.2372041932939,0.0,1.0,yahoo,2023-12-13 16:24:29
2010-10-07,OIH,769.2000122070312,771.7333374023438,750.6666870117188,756.8666381835938,456645,586.6232480550768,0.0,1.0,yahoo,2023-12-13 16:24:29
2010-10-08,OIH,757.4000244140625,777.1333618164062,753.933349609375,771.933349609375,623025,598.3009766643228,0.0,1.0,yahoo,2023-12-13 16:24:29
2010-10-11,OIH,769.1333618164062,777.7999877929688,764.5999755859375,768.6666870117188,421005,595.7690904288083,0.0,1.0,yahoo,2023-12-13 16:24:29
2010-10-12,OIH,766.5999755859375,783.5999755859375,757.6666870117188,779.2666625976562,1078020,603.9847942183825,0.0,1.0,yahoo,2023-12-13 16:24:29
2010-10-13,OIH,789.6666870117188,800.4000244140625,785.4000244140625,796.066650390625,633150,617.0059301876579,0.0,1.0,yahoo,2023-12-13 16:24:29
2010-10-14,OIH,796.3333129882812,803.5999755859375,784.2000122070312,794.066650390625,696510,615.4557938268773,0.0,1.0,yahoo,2023-12-13 16:24:29
2010-10-15,OIH,795.3333129882812,800.5999755859375,782.5333251953125,800.5999755859375,760575,620.5195662979062,0.0,1.0,yahoo,2023-12-13 16:24:29
2010-10-18,OIH,795.2000122070312,798.5999755859375,788.4000244140625,794.4000244140625,575130,615.7141814246124,0.0,1.0,yahoo,2023-12-13 16:24:29
2010-10-19,OIH,780.0,781.7333374023438,763.5999755859375,769.933349609375,743055,596.7508403035422,0.0,1.0,yahoo,2023-12-13 16:24:29
2010-10-20,OIH,774.066650390625,787.933349609375,772.2666625976562,783.5999755859375,560865,607.3434072312713,0.0,1.0,yahoo,2023-12-13 16:24:29
2010-10-21,OIH,787.5333251953125,794.2666625976562,770.1333618164062,777.7333374023438,730350,602.796362649305,0.0,1.0,yahoo,2023-12-13 16:24:29
2010-10-22,OIH,786.066650390625,797.7333374023438,785.933349609375,792.933349609375,477870,614.577408452519,0.0,1.0,yahoo,2023-12-13 16:24:29
2010-10-25,OIH,798.6666870117188,810.0,793.2000122070312,794.3333129882812,520830,615.6624755212209,0.0,1.0,yahoo,2023-12-13 16:24:29
2010-10-26,OIH,792.7999877929688,807.4000244140625,791.7999877929688,803.5333251953125,564570,622.7931122420931,0.0,1.0,yahoo,2023-12-13 16:24:29
2010-10-27,OIH,798.3333129882812,805.2666625976562,791.933349609375,805.1333618164062,537075,624.0332497145621,0.0,1.0,yahoo,2023-12-13 16:24:29
2010-10-28,OIH,810.2000122070312,810.3333129882812,779.0,792.6666870117188,797250,615.1092451663005,0.966667,1.0,yahoo,2023-12-13 16:24:29
2010-10-29,OIH,786.4666748046875,796.6666870117188,784.2666625976562,794.6666870117188,487230,616.6612449040093,0.0,1.0,yahoo,2023-12-13 16:24:29
2010-11-01,OIH,805.7999877929688,810.7999877929688,793.066650390625,798.4666748046875,534855,619.6100349330011,0.0,1.0,yahoo,2023-12-13 16:24:29
2010-11-02,OIH,805.933349609375,813.5333251953125,798.6666870117188,807.7333374023438,526860,626.8009638934998,0.0,1.0,yahoo,2023-12-13 16:24:29
2010-11-03,OIH,810.066650390625,814.5999755859375,798.933349609375,814.5999755859375,626805,632.1294742234388,0.0,1.0,yahoo,2023-12-13 16:24:29
2010-11-04,OIH,827.933349609375,843.0,826.1333618164062,843.0,814665,654.3285397165727,0.2,1.0,yahoo,2023-12-13 16:24:29
2010-11-05,OIH,843.2666625976562,846.3333129882812,833.7999877929688,840.5999755859375,616500,652.465663714037,0.0,1.0,yahoo,2023-12-13 16:24:29
2010-11-08,OIH,836.1333618164062,853.0,835.3333129882812,850.933349609375,626910,660.486329829222,0.0,1.0,yahoo,2023-12-13 16:24:29
2010-11-09,OIH,859.7999877929688,868.0,839.8666381835938,845.4000244140625,967755,656.1914157191085,0.0,1.0,yahoo,2023-12-13 16:24:29
2010-11-10,OIH,851.5999755859375,862.2000122070312,836.2000122070312,861.5333251953125,731985,668.7139295281281,0.0,1.0,yahoo,2023-12-13 16:24:29
2010-11-11,OIH,855.1333618164062,868.5333251953125,854.2666625976562,865.933349609375,634530,672.1291864078087,0.0,1.0,yahoo,2023-12-13 16:24:29
2010-11-12,OIH,854.2000122070312,862.8666381835938,839.7333374023438,846.6666870117188,783690,657.1745871163066,0.0,1.0,yahoo,2023-12-13 16:24:29
2010-11-15,OIH,853.3333129882812,854.3333129882812,840.0,842.066650390625,482295,653.6040826739305,0.0,1.0,yahoo,2023-12-13 16:24:29
2010-11-16,OIH,830.8666381835938,839.933349609375,819.7999877929688,832.933349609375,1061010,646.5149019349179,0.0,1.0,yahoo,2023-12-13 16:24:29
2010-11-17,OIH,829.3333129882812,847.4666748046875,826.2666625976562,844.5999755859375,881340,655.5704254683267,0.0,1.0,yahoo,2023-12-13 16:24:29
2010-11-18,OIH,857.2666625976562,867.2666625976562,853.5333251953125,865.0,703095,671.4047293651665,0.0,1.0,yahoo,2023-12-13 16:24:29
2010-11-19,OIH,862.1333618164062,874.4666748046875,855.3333129882812,873.2000122070312,487140,677.7695004364415,0.0,1.0,yahoo,2023-12-13 16:24:29
2010-11-22,OIH,870.1333618164062,870.1333618164062,853.4000244140625,869.2000122070312,623055,674.6647386821518,0.0,1.0,yahoo,2023-12-13 16:24:29
2010-11-23,OIH,857.3333129882812,858.066650390625,842.1333618164062,851.8666381835938,676920,661.2107394969595,0.0,1.0,yahoo,2023-12-13 16:24:29
2010-11-24,OIH,861.066650390625,871.1333618164062,859.2000122070312,867.7999877929688,405240,673.5780531181884,0.0,1.0,yahoo,2023-12-13 16:24:29
2010-11-26,OIH,856.7333374023438,865.6666870117188,853.3333129882812,853.3333129882812,237285,662.349158456853,0.0,1.0,yahoo,2023-12-13 16:24:29
2010-11-29,OIH,853.5333251953125,873.8666381835938,842.0,871.1333618164062,700005,676.5353667151313,0.466667,1.0,yahoo,2023-12-13 16:24:29
2010-11-30,OIH,858.3333129882812,881.7333374023438,850.2666625976562,867.933349609375,1365165,674.0501887540179,0.0,1.0,yahoo,2023-12-13 16:24:29
2010-12-01,OIH,884.5999755859375,899.0,883.4666748046875,894.3333129882812,914745,694.9371268209604,0.48,1.0,yahoo,2023-12-13 16:24:29
2010-12-02,OIH,896.066650390625,909.933349609375,894.4000244140625,907.8666381835938,503865,705.6582764641589,0.26,1.0,yahoo,2023-12-13 16:24:29
2010-12-03,OIH,903.2666625976562,919.2000122070312,902.1333618164062,917.2666625976562,565725,712.9646414606959,0.0,1.0,yahoo,2023-12-13 16:24:29
2010-12-06,OIH,917.4000244140624,920.7999877929688,908.2000122070312,918.2666625976562,436110,713.7419123139085,0.0,1.0,yahoo,2023-12-13 16:24:29
2010-12-07,OIH,931.3333129882812,933.2666625976562,895.8666381835938,899.3333129882812,909870,699.0255715088583,0.0,1.0,yahoo,2023-12-13 16:24:29
2010-12-08,OIH,902.4000244140624,910.8666381835938,891.7333374023438,901.4000244140624,657150,700.6319660621193,0.0,1.0,yahoo,2023-12-13 16:24:29
2010-12-09,OIH,907.7333374023438,910.7333374023438,897.3333129882812,906.8666381835938,379935,704.8810056109463,0.0,1.0,yahoo,2023-12-13 16:24:29
2010-12-10,OIH,908.4000244140624,910.066650390625,901.2000122070312,907.8666381835938,411570,705.6582764641589,0.0,1.0,yahoo,2023-12-13 16:24:29
2010-12-13,OIH,918.4666748046876,931.0,916.6666870117188,921.2666625976562,568245,716.0737248735461,0.0,1.0,yahoo,2023-12-13 16:24:29
2010-12-14,OIH,922.2000122070312,930.5333251953124,911.3333129882812,914.5333251953124,541830,710.8400979658584,0.0,1.0,yahoo,2023-12-13 16:24:29
2010-12-15,OIH,908.2000122070312,921.8666381835938,901.5999755859376,903.1333618164062,779700,701.9792387037444,0.0,1.0,yahoo,2023-12-13 16:24:29
2010-12-16,OIH,900.7333374023438,907.3333129882812,892.1333618164062,907.3333129882812,574830,705.2437383345587,0.0,1.0,yahoo,2023-12-13 16:24:29
2010-12-17,OIH,906.5333251953124,913.066650390625,903.4000244140624,912.2000122070312,480750,709.0264817886452,0.0,1.0,yahoo,2023-12-13 16:24:29
2010-12-20,OIH,919.2666625976562,919.8666381835938,906.7333374023438,917.5999755859376,415110,713.2237159314842,0.0,1.0,yahoo,2023-12-13 16:24:29
2010-12-21,OIH,921.3333129882812,924.5333251953124,916.066650390625,922.066650390625,317370,716.6955320679465,0.0,1.0,yahoo,2023-12-13 16:24:29
2010-12-22,OIH,924.2666625976562,926.4666748046876,919.5999755859376,923.4666748046876,229050,717.7837302387834,0.0,1.0,yahoo,2023-12-13 16:24:29
2010-12-23,OIH,920.2666625976562,928.3333129882812,920.2666625976562,924.4666748046876,220770,718.5610010919959,0.0,1.0,yahoo,2023-12-13 16:24:29
2010-12-27,OIH,920.7999877929688,920.7999877929688,911.1333618164062,915.066650390625,201390,711.2546360954587,0.0,1.0,yahoo,2023-12-13 16:24:29
2010-12-28,OIH,919.7333374023438,919.7999877929688,912.7333374023438,913.4000244140624,231375,709.9592163006697,0.0,1.0,yahoo,2023-12-13 16:24:29
2010-12-29,OIH,914.6666870117188,934.1333618164062,914.5999755859376,932.7999877929688,260295,725.0382423884843,0.0,1.0,yahoo,2023-12-13 16:24:29
2010-12-30,OIH,930.5999755859376,937.2000122070312,925.4000244140624,933.2000122070312,373830,725.3491697061085,0.0,1.0,yahoo,2023-12-13 16:24:29
2010-12-31,OIH,931.6666870117188,939.3333129882812,927.2000122070312,936.8666381835938,442020,728.1991312073225,0.0,1.0,yahoo,2023-12-13 16:24:29
2011-01-03,OIH,947.7999877929688,947.7999877929688,932.6666870117188,932.6666870117188,418710,724.9346315765082,0.0,1.0,yahoo,2023-12-13 16:24:29
2011-01-04,OIH,937.6666870117188,938.5999755859376,907.2666625976562,915.933349609375,1160985,711.9282961366952,0.0,1.0,yahoo,2023-12-13 16:24:29
2011-01-05,OIH,911.066650390625,929.933349609375,902.7999877929688,929.7333374023438,829200,722.6546244228587,0.0,1.0,yahoo,2023-12-13 16:24:29
2011-01-06,OIH,931.5999755859376,932.0,903.5999755859376,909.5999755859376,700680,707.0055491057839,0.0,1.0,yahoo,2023-12-13 16:24:29
2011-01-07,OIH,914.1333618164062,935.2000122070312,913.2666625976562,928.3333129882812,910620,721.5664262520219,0.0,1.0,yahoo,2023-12-13 16:24:29
2011-01-10,OIH,922.933349609375,923.2000122070312,908.5999755859376,916.7999877929688,525840,712.6019087370837,0.0,1.0,yahoo,2023-12-13 16:24:29
2011-01-11,OIH,925.5999755859376,944.0,925.4666748046876,942.7999877929688,721485,732.8109509206097,0.0,1.0,yahoo,2023-12-13 16:24:29
2011-01-12,OIH,952.6666870117188,962.3333129882812,947.7333374023438,958.4666748046876,514860,744.9882101012221,0.0,1.0,yahoo,2023-12-13 16:24:29
2011-01-13,OIH,960.3333129882812,962.5333251953124,948.4000244140624,954.4000244140624,507210,741.8273212823838,0.0,1.0,yahoo,2023-12-13 16:24:29
2011-01-14,OIH,950.933349609375,977.4666748046876,948.1333618164062,977.2666625976562,799710,759.6008926534481,0.0,1.0,yahoo,2023-12-13 16:24:29
2011-01-18,OIH,977.7999877929688,983.5999755859376,968.7999877929688,983.5999755859376,433485,764.5235922435116,0.0,1.0,yahoo,2023-12-13 16:24:29
2011-01-19,OIH,982.0,982.0,959.7333374023438,962.0,735495,747.7345607904599,0.0,1.0,yahoo,2023-12-13 16:24:29
2011-01-20,OIH,951.4666748046876,962.3333129882812,933.2000122070312,956.933349609375,1246065,743.7964011184092,0.0,1.0,yahoo,2023-12-13 16:24:29
2011-01-21,OIH,974.4666748046876,977.2000122070312,945.7999877929688,952.066650390625,1142250,740.0136576643226,0.0,1.0,yahoo,2023-12-13 16:24:29
2011-01-24,OIH,949.7999877929688,962.066650390625,935.4000244140624,954.066650390625,745125,741.5681993707477,0.0,1.0,yahoo,2023-12-13 16:24:29
2011-01-25,OIH,957.5333251953124,960.1333618164062,943.6666870117188,957.4666748046876,607500,744.2109392480096,0.0,1.0,yahoo,2023-12-13 16:24:29
2011-01-26,OIH,966.0,1008.0,965.933349609375,1005.0,1041630,781.1572074785989,0.0,1.0,yahoo,2023-12-13 16:24:29
2011-01-27,OIH,1006.4000244140624,1011.0,990.6666870117188,1000.1333618164062,917955,777.3745114653603,0.0,1.0,yahoo,2023-12-13 16:24:29
2011-01-28,OIH,1001.4000244140624,1011.066650390625,993.5999755859376,1002.7333374023438,1040385,779.3953967073737,0.0,1.0,yahoo,2023-12-13 16:24:29
2011-01-31,OIH,1000.6666870117188,1028.4666748046875,997.7999877929688,1026.066650390625,773010,797.5317008020503,0.0,1.0,yahoo,2023-12-13 16:24:29
2011-02-01,OIH,1029.3333740234375,1033.86669921875,1020.5999755859376,1031.4000244140625,852570,801.6771769797491,0.0,1.0,yahoo,2023-12-13 16:24:29
2011-02-02,OIH,1029.199951171875,1044.4000244140625,1023.8666381835938,1038.199951171875,606030,806.9625618525769,0.0,1.0,yahoo,2023-12-13 16:24:29
2011-02-03,OIH,1040.066650390625,1045.7332763671875,1024.800048828125,1045.199951171875,630285,812.6539387272253,0.32,1.0,yahoo,2023-12-13 16:24:29
2011-02-04,OIH,1048.0,1048.0,1025.5333251953125,1036.5999755859375,634350,805.9673673922053,0.0,1.0,yahoo,2023-12-13 16:24:29
2011-02-07,OIH,1041.0,1059.199951171875,1038.3333740234375,1041.199951171875,780045,809.5438967192207,0.0,1.0,yahoo,2023-12-13 16:24:29
2011-02-08,OIH,1037.2667236328125,1039.0,1016.066650390625,1033.13330078125,765885,803.271991324538,0.0,1.0,yahoo,2023-12-13 16:24:29
2011-02-09,OIH,1026.13330078125,1038.066650390625,1005.4000244140624,1012.5999755859376,1095855,787.7951345433715,0.64,1.0,yahoo,2023-12-13 16:24:29
2011-02-10,OIH,1009.2000122070312,1037.0,1009.1333618164062,1036.066650390625,659190,806.2112662221206,0.2,1.0,yahoo,2023-12-13 16:24:29
2011-02-11,OIH,1033.800048828125,1037.800048828125,1021.8666381835938,1031.5999755859375,674880,802.7355404580186,0.0,1.0,yahoo,2023-12-13 16:24:29
2011-02-14,OIH,1030.3333740234375,1057.800048828125,1030.3333740234375,1057.066650390625,688590,822.993775308996,0.553333,1.0,yahoo,2023-12-13 16:24:29
2011-02-15,OIH,1058.2667236328125,1060.4000244140625,1042.933349609375,1049.0,606210,816.7133737310776,0.0,1.0,yahoo,2023-12-13 16:24:29
2011-02-16,OIH,1056.066650390625,1080.0,1050.4000244140625,1072.4000244140625,814695,834.9317844885595,0.0,1.0,yahoo,2023-12-13 16:24:29
2011-02-17,OIH,1072.066650390625,1097.066650390625,1064.933349609375,1094.933349609375,621150,852.475414652185,0.0,1.0,yahoo,2023-12-13 16:24:29
2011-02-18,OIH,1097.86669921875,1099.4666748046875,1084.0,1093.2667236328125,666480,851.1778400820551,0.0,1.0,yahoo,2023-12-13 16:24:29
2011-02-22,OIH,1100.066650390625,1102.199951171875,1058.0,1068.4000244140625,844800,831.8175294886316,0.0,1.0,yahoo,2023-12-13 16:24:29
2011-02-23,OIH,1071.066650390625,1090.800048828125,1068.6666259765625,1077.800048828125,814785,839.1360477463661,0.0,1.0,yahoo,2023-12-13 16:24:29
2011-02-24,OIH,1075.5333251953125,1081.13330078125,1048.4000244140625,1056.933349609375,826590,822.8899921528705,0.0,1.0,yahoo,2023-12-13 16:24:29
2011-02-25,OIH,1069.066650390625,1090.13330078125,1062.5999755859375,1089.0,596040,847.855923730356,0.0,1.0,yahoo,2023-12-13 16:24:29
2011-02-28,OIH,1092.2667236328125,1096.066650390625,1072.5333251953125,1095.5999755859375,579150,853.2033521741826,0.266667,1.0,yahoo,2023-12-13 16:24:29
2011-03-01,OIH,1102.800048828125,1106.5333251953125,1067.066650390625,1067.86669921875,758160,831.6059398973133,0.0,1.0,yahoo,2023-12-13 16:24:29
2011-03-02,OIH,1059.4666748046875,1080.7332763671875,1054.3333740234375,1078.3333740234375,665700,839.8250688056416,0.086667,1.0,yahoo,2023-12-13 16:24:29
2011-03-03,OIH,1084.0,1096.066650390625,1074.933349609375,1095.199951171875,511110,853.1667662992103,0.26,1.0,yahoo,2023-12-13 16:24:29
2011-03-04,OIH,1095.2667236328125,1095.2667236328125,1074.5333251953125,1082.933349609375,569340,843.6110164314708,0.0,1.0,yahoo,2023-12-13 16:24:29
2011-03-07,OIH,1086.066650390625,1095.800048828125,1065.4666748046875,1072.199951171875,640920,835.249640203756,0.0,1.0,yahoo,2023-12-13 16:24:29
2011-03-08,OIH,1076.5333251953125,1078.199951171875,1055.6666259765625,1065.13330078125,469800,829.7446808071769,0.0,1.0,yahoo,2023-12-13 16:24:29
2011-03-09,OIH,1065.5999755859375,1072.3333740234375,1050.2667236328125,1054.5999755859375,446175,821.6420155813041,0.133333,1.0,yahoo,2023-12-13 16:24:29
2011-03-10,OIH,1036.199951171875,1036.199951171875,1012.0,1014.7999877929688,1093305,790.6337252841636,0.0,1.0,yahoo,2023-12-13 16:24:29
2011-03-11,OIH,1004.6666870117188,1046.066650390625,997.0,1038.3333740234375,743355,808.9686573375353,0.0,1.0,yahoo,2023-12-13 16:24:29
2011-03-14,OIH,1027.800048828125,1043.5999755859375,1017.066650390625,1042.3333740234375,582675,812.0850693785077,0.0,1.0,yahoo,2023-12-13 16:24:29
2011-03-15,OIH,1001.5333251953124,1040.86669921875,999.4000244140624,1031.2667236328125,860115,803.4630087458638,0.0,1.0,yahoo,2023-12-13 16:24:29
2011-03-16,OIH,1029.13330078125,1037.3333740234375,995.6666870117188,1006.0,1241640,783.777628304559,0.0,1.0,yahoo,2023-12-13 16:24:29
2011-03-17,OIH,1024.13330078125,1045.933349609375,1020.1333618164062,1041.066650390625,807330,811.0981611830374,0.0,1.0,yahoo,2023-12-13 16:24:29
2011-03-18,OIH,1052.13330078125,1057.3333740234375,1029.13330078125,1033.5333251953125,934140,805.2289248462292,0.0,1.0,yahoo,2023-12-13 16:24:29
2011-03-21,OIH,1050.13330078125,1068.4000244140625,1046.066650390625,1068.0,622620,832.0820149396313,0.0,1.0,yahoo,2023-12-13 16:24:29
2011-03-22,OIH,1066.7332763671875,1073.066650390625,1056.3333740234375,1063.4666748046875,550110,828.5500876335525,0.0,1.0,yahoo,2023-12-13 16:24:29
2011-03-23,OIH,1065.4000244140625,1068.13330078125,1051.3333740234375,1064.4666748046875,469635,829.3291906437955,0.0,1.0,yahoo,2023-12-13 16:24:29
2011-03-24,OIH,1070.13330078125,1071.5333251953125,1050.2667236328125,1066.5333251953125,609030,830.9393241842515,0.0,1.0,yahoo,2023-12-13 16:24:29
2011-03-25,OIH,1065.0,1070.800048828125,1056.86669921875,1062.4000244140625,575655,827.7190571033395,0.0,1.0,yahoo,2023-12-13 16:24:29
2011-03-28,OIH,1058.5999755859375,1094.066650390625,1053.800048828125,1081.4666748046875,808500,842.5739418179282,0.0,1.0,yahoo,2023-12-13 16:24:29
2011-03-29,OIH,1079.7332763671875,1109.5999755859375,1077.2667236328125,1106.6666259765625,681405,862.2072996339152,0.0,1.0,yahoo,2023-12-13 16:24:29
2011-03-30,OIH,1113.066650390625,1113.066650390625,1087.6666259765625,1100.4000244140625,656565,857.3249714925773,0.0,1.0,yahoo,2023-12-13 16:24:29
2011-03-31,OIH,1105.4666748046875,1114.199951171875,1095.4000244140625,1095.7332763671875,623220,853.6890940412109,0.0,1.0,yahoo,2023-12-13 16:24:29
2011-04-01,OIH,1106.4000244140625,1114.7332763671875,1093.86669921875,1096.4666748046875,522870,854.2604869715748,0.0,1.0,yahoo,2023-12-13 16:24:29
2011-04-04,OIH,1105.6666259765625,1114.066650390625,1098.5999755859375,1101.5999755859375,537375,858.2598570627299,0.0,1.0,yahoo,2023-12-13 16:24:29
2011-04-05,OIH,1095.4666748046875,1108.800048828125,1095.0,1103.800048828125,529875,859.9739407484735,0.0,1.0,yahoo,2023-12-13 16:24:29
2011-04-06,OIH,1111.6666259765625,1115.800048828125,1074.5999755859375,1081.3333740234375,722520,842.4700867779886,0.0,1.0,yahoo,2023-12-13 16:24:29
2011-04-07,OIH,1078.5999755859375,1088.5999755859375,1071.7332763671875,1078.86669921875,541185,840.5482930123658,0.0,1.0,yahoo,2023-12-13 16:24:29
2011-04-08,OIH,1091.066650390625,1101.5999755859375,1077.13330078125,1081.5999755859375,497295,842.6777968578679,0.0,1.0,yahoo,2023-12-13 16:24:29
2011-04-11,OIH,1084.7332763671875,1094.199951171875,1059.0,1061.6666259765625,898110,827.1476641729757,0.0,1.0,yahoo,2023-12-13 16:24:29
2011-04-12,OIH,1051.86669921875,1053.3333740234375,1022.8666381835938,1032.066650390625,1069200,804.0862340908495,0.0,1.0,yahoo,2023-12-13 16:24:29
2011-04-13,OIH,1041.3333740234375,1044.3333740234375,1024.4000244140625,1033.4000244140625,828495,805.1250698062896,0.0,1.0,yahoo,2023-12-13 16:24:29
2011-04-14,OIH,1025.7332763671875,1042.13330078125,1022.4666748046876,1039.800048828125,699510,810.111348092915,0.0,1.0,yahoo,2023-12-13 16:24:29
2011-04-15,OIH,1043.066650390625,1047.199951171875,1026.86669921875,1042.933349609375,658140,812.552512163584,0.0,1.0,yahoo,2023-12-13 16:24:29
2011-04-18,OIH,1027.933349609375,1040.5999755859375,1012.5999755859376,1034.13330078125,648795,805.6963676313055,0.0,1.0,yahoo,2023-12-13 16:24:29
2011-04-19,OIH,1033.3333740234375,1053.933349609375,1032.800048828125,1053.13330078125,447255,820.4993248259244,0.0,1.0,yahoo,2023-12-13 16:24:29
2011-04-20,OIH,1070.13330078125,1073.0,1061.066650390625,1070.5333251953125,496770,834.055736225224,0.0,1.0,yahoo,2023-12-13 16:24:29
2011-04-21,OIH,1070.5333251953125,1081.5999755859375,1063.933349609375,1078.199951171875,458145,840.0288276019718,0.0,1.0,yahoo,2023-12-13 16:24:29
2011-04-25,OIH,1076.3333740234375,1080.4666748046875,1060.199951171875,1069.199951171875,367920,833.0169005097838,0.0,1.0,yahoo,2023-12-13 16:24:29
2011-04-26,OIH,1067.933349609375,1077.4666748046875,1063.2667236328125,1074.4000244140625,360000,837.0682932262567,0.0,1.0,yahoo,2023-12-13 16:24:29
2011-04-27,OIH,1086.4000244140625,1087.0,1050.13330078125,1070.066650390625,850830,833.6921484800873,0.0,1.0,yahoo,2023-12-13 16:24:29
2011-04-28,OIH,1066.4666748046875,1077.4666748046875,1055.3333740234375,1068.6666259765625,763050,833.099656805763,0.64,1.0,yahoo,2023-12-13 16:24:29
2011-04-29,OIH,1067.7332763671875,1078.2667236328125,1062.5999755859375,1075.4666748046875,620895,838.4007658768884,0.0,1.0,yahoo,2023-12-13 16:24:29
2011-05-02,OIH,1077.6666259765625,1082.6666259765625,1037.4000244140625,1045.933349609375,784770,815.377493243045,0.0,1.0,yahoo,2023-12-13 16:24:29
2011-05-03,OIH,1039.6666259765625,1044.199951171875,1011.4666748046876,1019.8666381835938,1104060,795.0566861597054,0.0,1.0,yahoo,2023-12-13 16:24:29
2011-05-04,OIH,1021.0,1022.5333251953124,992.8666381835938,1003.4666748046876,1334430,782.2717787522073,0.0,1.0,yahoo,2023-12-13 16:24:29
2011-05-05,OIH,985.4666748046876,1012.933349609375,975.8666381835938,987.1333618164062,1715250,769.9480500112306,0.533333,1.0,yahoo,2023-12-13 16:24:29
2011-05-06,OIH,1002.2000122070312,1015.0,975.1333618164062,983.8666381835938,1323660,767.4000584345085,0.0,1.0,yahoo,2023-12-13 16:24:29
2011-05-09,OIH,993.4666748046876,1010.0,992.1333618164062,1006.2000122070312,718020,784.8197288100249,0.0,1.0,yahoo,2023-12-13 16:24:29
2011-05-10,OIH,1005.3333129882812,1021.5333251953124,997.4666748046876,1014.066650390625,774360,790.955579307932,0.0,1.0,yahoo,2023-12-13 16:24:29
2011-05-11,OIH,1008.933349609375,1008.933349609375,971.5999755859376,978.7999877929688,1241685,763.4481531102147,0.0,1.0,yahoo,2023-12-13 16:24:29
2011-05-12,OIH,974.7333374023438,994.7999877929688,963.3333129882812,986.4000244140624,1319610,769.3760587030896,0.0,1.0,yahoo,2023-12-13 16:24:29
2011-05-13,OIH,988.0,1002.4000244140624,974.5333251953124,983.2666625976562,942540,766.9320871853179,0.0,1.0,yahoo,2023-12-13 16:24:29
2011-05-16,OIH,980.7333374023438,999.2666625976562,971.4000244140624,974.1333618164062,690390,759.8082603563373,0.0,1.0,yahoo,2023-12-13 16:24:29
2011-05-17,OIH,969.0,981.4000244140624,957.4000244140624,969.7333374023438,977235,756.376312507492,0.0,1.0,yahoo,2023-12-13 16:24:29
2011-05-18,OIH,973.3333129882812,1000.3333129882812,972.2000122070312,992.2000122070312,812325,774.9121466320177,1.266667,1.0,yahoo,2023-12-13 16:24:29
2011-05-19,OIH,998.1333618164062,1002.5333251953124,983.7999877929688,992.2000122070312,654855,774.9121466320177,0.0,1.0,yahoo,2023-12-13 16:24:29
2011-05-20,OIH,991.3333129882812,1003.2000122070312,980.066650390625,993.4666748046876,981165,775.9014151469665,0.0,1.0,yahoo,2023-12-13 16:24:29
2011-05-23,OIH,972.8666381835938,979.5999755859376,966.933349609375,973.5333251953124,700020,760.3333900055353,0.0,1.0,yahoo,2023-12-13 16:24:29
2011-05-24,OIH,984.7999877929688,1000.4000244140624,982.2000122070312,991.0,774960,773.974932336619,0.0,1.0,yahoo,2023-12-13 16:24:29
2011-05-25,OIH,988.4666748046876,1023.5999755859376,988.4666748046876,1017.4666748046876,917910,794.6455103801441,0.0,1.0,yahoo,2023-12-13 16:24:29
2011-05-26,OIH,1017.7333374023438,1027.3333740234375,1010.8666381835938,1024.6666259765625,495465,800.2687008151378,0.0,1.0,yahoo,2023-12-13 16:24:29
2011-05-27,OIH,1029.6666259765625,1036.2667236328125,1015.4666748046876,1018.6666870117188,610890,796.2147231157951,0.813333,1.0,yahoo,2023-12-13 16:24:29
2011-05-31,OIH,1034.0,1037.2667236328125,1015.5999755859376,1022.8666381835938,859995,799.4975073690273,0.0,1.0,yahoo,2023-12-13 16:24:29
2011-06-01,OIH,1019.0,1029.13330078125,995.7333374023438,998.2666625976562,802560,780.3356840404525,0.086667,1.0,yahoo,2023-12-13 16:24:29
2011-06-02,OIH,999.6666870117188,1017.2666625976562,996.7333374023438,1011.2000122070312,858255,790.4455620845655,0.0,1.0,yahoo,2023-12-13 16:24:29
2011-06-03,OIH,995.0,1028.6666259765625,992.6666870117188,1015.5999755859376,731250,793.8849721757504,0.0,1.0,yahoo,2023-12-13 16:24:29
2011-06-06,OIH,1010.933349609375,1017.5333251953124,979.5999755859376,981.2000122070312,741840,766.9948435558142,0.0,1.0,yahoo,2023-12-13 16:24:29
2011-06-07,OIH,990.6666870117188,999.3333129882812,982.3333129882812,982.5333251953124,613530,768.0370818091112,0.0,1.0,yahoo,2023-12-13 16:24:29
2011-06-08,OIH,986.4666748046876,992.933349609375,978.7333374023438,981.1333618164062,568395,767.0468343460875,0.133333,1.0,yahoo,2023-12-13 16:24:29
2011-06-09,OIH,987.933349609375,1008.6666870117188,984.7999877929688,1002.2666625976562,762630,783.7764798633066,0.26,1.0,yahoo,2023-12-13 16:24:29
2011-06-10,OIH,993.8666381835938,995.066650390625,974.5333251953124,975.2000122070312,740850,762.6102525941362,0.0,1.0,yahoo,2023-12-13 16:24:29
2011-06-13,OIH,976.7333374023438,981.5999755859376,944.066650390625,957.2000122070312,876555,748.5341816601049,0.0,1.0,yahoo,2023-12-13 16:24:29
2011-06-14,OIH,969.3333129882812,985.7333374023438,967.933349609375,978.7999877929688,586200,765.4254476890494,0.0,1.0,yahoo,2023-12-13 16:24:29
2011-06-15,OIH,967.933349609375,983.6666870117188,952.3333129882812,958.8666381835938,746265,749.8374897415822,0.0,1.0,yahoo,2023-12-13 16:24:29
2011-06-16,OIH,959.2000122070312,967.4000244140624,943.0,953.4000244140624,699075,745.5625762310891,0.0,1.0,yahoo,2023-12-13 16:24:29
2011-06-17,OIH,960.2666625976562,961.066650390625,941.066650390625,946.7333374023438,809115,740.3492007159815,0.0,1.0,yahoo,2023-12-13 16:24:29
2011-06-20,OIH,938.8666381835938,950.1333618164062,931.4666748046876,944.7999877929688,726810,738.8373137025457,0.0,1.0,yahoo,2023-12-13 16:24:29
2011-06-21,OIH,953.2666625976562,972.2666625976562,951.6666870117188,966.066650390625,606120,755.4679276611414,0.0,1.0,yahoo,2023-12-13 16:24:29
2011-06-22,OIH,965.8666381835938,984.4666748046876,963.6666870117188,969.4666748046876,525150,758.126760151685,0.0,1.0,yahoo,2023-12-13 16:24:29
2011-06-23,OIH,947.0,965.2666625976562,931.3333129882812,963.2000122070312,1014390,753.226205304782,0.0,1.0,yahoo,2023-12-13 16:24:29
2011-06-24,OIH,963.8666381835938,965.7333374023438,938.6666870117188,939.4000244140624,583230,734.6145210601758,0.0,1.0,yahoo,2023-12-13 16:24:29
2011-06-27,OIH,937.2000122070312,947.5999755859376,927.7333374023438,942.1333618164062,678375,736.7520016802888,0.0,1.0,yahoo,2023-12-13 16:24:29
2011-06-28,OIH,951.933349609375,982.5333251953124,951.7333374023438,981.066650390625,713955,767.1979867728342,0.0,1.0,yahoo,2023-12-13 16:24:29
2011-06-29,OIH,984.066650390625,1007.066650390625,981.0,995.7333374023438,923790,778.667393814178,0.0,1.0,yahoo,2023-12-13 16:24:29
2011-06-30,OIH,999.8666381835938,1015.6666870117188,999.6666870117188,1013.3333129882812,662340,792.4306440800045,0.0,1.0,yahoo,2023-12-13 16:24:29
2011-07-01,OIH,1009.2000122070312,1020.2666625976562,998.3333129882812,1017.6666870117188,616635,795.8193596432043,0.0,1.0,yahoo,2023-12-13 16:24:29
2011-07-05,OIH,1018.4000244140624,1033.3333740234375,1015.066650390625,1026.6666259765625,493680,802.8573473804873,0.0,1.0,yahoo,2023-12-13 16:24:29
2011-07-06,OIH,1022.4666748046876,1029.199951171875,1013.6666870117188,1024.3333740234375,458145,801.032735158312,0.0,1.0,yahoo,2023-12-13 16:24:29
2011-07-07,OIH,1037.3333740234375,1041.86669921875,1025.4000244140625,1038.4000244140625,459990,812.0329111973485,0.0,1.0,yahoo,2023-12-13 16:24:29
2011-07-08,OIH,1019.2000122070312,1032.13330078125,1016.5333251953124,1030.13330078125,361890,805.568300739154,0.0,1.0,yahoo,2023-12-13 16:24:29
2011-07-11,OIH,1011.4666748046876,1018.4000244140624,997.0,1004.0,609240,785.13195654264,0.0,1.0,yahoo,2023-12-13 16:24:29
2011-07-12,OIH,997.2666625976562,1009.1333618164062,993.2000122070312,994.8666381835938,574770,777.989631609645,0.0,1.0,yahoo,2023-12-13 16:24:29
2011-07-13,OIH,999.6666870117188,1026.6666259765625,999.6666870117188,1008.0,682965,788.259972305758,0.0,1.0,yahoo,2023-12-13 16:24:29
2011-07-14,OIH,1013.2000122070312,1015.3333129882812,991.7333374023438,995.0,955275,778.0939210756243,0.0,1.0,yahoo,2023-12-13 16:24:29
2011-07-15,OIH,1004.7999877929688,1025.2667236328125,1004.7999877929688,1024.4000244140625,635640,801.0848560264353,0.0,1.0,yahoo,2023-12-13 16:24:29
2011-07-18,OIH,1022.066650390625,1029.0,1012.3333129882812,1019.6666870117188,524025,797.3833675247633,0.0,1.0,yahoo,2023-12-13 16:24:29
2011-07-19,OIH,1028.3333740234375,1046.3333740234375,1028.066650390625,1044.86669921875,621195,817.0898763783539,0.0,1.0,yahoo,2023-12-13 16:24:29
2011-07-20,OIH,1049.4666748046875,1051.066650390625,1037.2667236328125,1046.0,383715,817.9761220553798,0.0,1.0,yahoo,2023-12-13 16:24:29
2011-07-21,OIH,1050.5333251953125,1061.933349609375,1048.4000244140625,1061.4000244140625,514530,830.0190018352775,0.0,1.0,yahoo,2023-12-13 16:24:29
2011-07-22,OIH,1069.800048828125,1078.933349609375,1059.2667236328125,1076.86669921875,606360,842.1140024832986,0.0,1.0,yahoo,2023-12-13 16:24:29
2011-07-25,OIH,1061.7332763671875,1083.86669921875,1061.5333251953125,1077.7332763671875,310770,842.7916692283661,0.0,1.0,yahoo,2023-12-13 16:24:29
2011-07-26,OIH,1084.2667236328125,1091.0,1074.6666259765625,1077.4000244140625,541530,842.53106488775,0.0,1.0,yahoo,2023-12-13 16:24:29
2011-07-27,OIH,1070.933349609375,1076.800048828125,1049.6666259765625,1052.6666259765625,541125,823.1894498407548,0.0,1.0,yahoo,2023-12-13 16:24:29
2011-07-28,OIH,1054.800048828125,1070.4666748046875,1054.6666259765625,1056.86669921875,506940,826.9767087665704,0.64,1.0,yahoo,2023-12-13 16:24:29
2011-07-29,OIH,1039.3333740234375,1057.4666748046875,1036.5999755859375,1052.6666259765625,425040,823.6902368312068,0.0,1.0,yahoo,2023-12-13 16:24:29
2011-08-01,OIH,1072.6666259765625,1073.800048828125,1031.4000244140625,1043.86669921875,665280,816.8044730230159,0.0,1.0,yahoo,2023-12-13 16:24:29
2011-08-02,OIH,1033.800048828125,1051.86669921875,1011.7333374023438,1011.7333374023438,797100,791.6607705899838,0.0,1.0,yahoo,2023-12-13 16:24:29
2011-08-03,OIH,1012.7333374023438,1015.2666625976562,977.2666625976562,1006.3333129882812,1029360,787.4353612545382,0.0,1.0,yahoo,2023-12-13 16:24:29
2011-08-04,OIH,982.0,982.6666870117188,915.933349609375,918.4666748046876,1468590,718.9101063948926,0.32,1.0,yahoo,2023-12-13 16:24:29
2011-08-05,OIH,933.2666625976562,940.7999877929688,866.6666870117188,905.4666748046876,1873425,708.7346349929269,0.0,1.0,yahoo,2023-12-13 16:24:29
2011-08-08,OIH,861.7333374023438,882.5999755859375,810.2000122070312,815.4666748046875,1503090,638.458291390159,0.24,1.0,yahoo,2023-12-13 16:24:29
2011-08-09,OIH,841.5999755859375,866.6666870117188,810.066650390625,866.2000122070312,1311135,678.1792523015033,0.0,1.0,yahoo,2023-12-13 16:24:29
2011-08-10,OIH,851.6666870117188,869.8666381835938,827.4000244140625,833.5333251953125,1487655,652.6033240394755,0.0,1.0,yahoo,2023-12-13 16:24:29
2011-08-11,OIH,846.4666748046875,889.0,826.7333374023438,874.7999877929688,1107480,684.912483576601,0.0,1.0,yahoo,2023-12-13 16:24:29
2011-08-12,OIH,886.8666381835938,894.1333618164062,875.5333251953125,885.1333618164062,957045,693.002855049941,0.0,1.0,yahoo,2023-12-13 16:24:29
2011-08-15,OIH,898.2666625976562,923.7999877929688,898.2666625976562,916.5999755859376,743940,717.6392026578194,0.0,1.0,yahoo,2023-12-13 16:24:29
2011-08-16,OIH,901.066650390625,910.4666748046876,883.7333374023438,890.8666381835938,625080,697.491644042255,0.0,1.0,yahoo,2023-12-13 16:24:29
2011-08-17,OIH,904.0,914.7333374023438,890.066650390625,897.933349609375,541740,703.0244274680549,0.0,1.0,yahoo,2023-12-13 16:24:29
2011-08-18,OIH,863.4666748046875,865.0,822.7333374023438,833.3333129882812,1155435,652.4467272637839,0.0,1.0,yahoo,2023-12-13 16:24:29
2011-08-19,OIH,816.933349609375,842.066650390625,797.4000244140625,801.933349609375,1281165,627.8625626522605,0.0,1.0,yahoo,2023-12-13 16:24:29
2011-08-22,OIH,826.0,826.6666870117188,786.6666870117188,788.5999755859375,828060,617.4233829034268,0.0,1.0,yahoo,2023-12-13 16:24:29
2011-08-23,OIH,797.1333618164062,828.1333618164062,786.066650390625,828.1333618164062,836565,648.3754978155631,0.0,1.0,yahoo,2023-12-13 16:24:29
2011-08-24,OIH,823.4000244140625,832.6666870117188,810.6666870117188,831.5333251953125,745410,651.9559216268514,1.166667,1.0,yahoo,2023-12-13 16:24:29
2011-08-25,OIH,837.6666870117188,844.2666625976562,809.1333618164062,814.1333618164062,747120,638.3136431790167,0.0,1.0,yahoo,2023-12-13 16:24:29
2011-08-26,OIH,804.066650390625,849.0,804.0,842.933349609375,894150,660.8940040803634,0.0,1.0,yahoo,2023-12-13 16:24:29
2011-08-29,OIH,859.4666748046875,875.2000122070312,853.066650390625,874.2666625976562,417900,685.4605948927032,0.0,1.0,yahoo,2023-12-13 16:24:29
2011-08-30,OIH,869.3333129882812,890.7999877929688,860.0,883.066650390625,642390,693.0048475348885,0.813333,1.0,yahoo,2023-12-13 16:24:29
2011-08-31,OIH,893.3333129882812,908.5333251953124,883.5999755859375,892.066650390625,670110,700.1364976259297,0.086667,1.0,yahoo,2023-12-13 16:24:29
2011-09-01,OIH,894.7333374023438,904.1333618164062,878.6666870117188,878.8666381835938,668625,689.7764978308433,0.0,1.0,yahoo,2023-12-13 16:24:29
2011-09-02,OIH,857.3333129882812,863.2666625976562,844.0,851.3333129882812,597075,668.1670296797801,0.0,1.0,yahoo,2023-12-13 16:24:29
2011-09-06,OIH,818.066650390625,845.066650390625,813.7333374023438,842.933349609375,800595,661.5743373762192,0.0,1.0,yahoo,2023-12-13 16:24:29
2011-09-07,OIH,858.0,880.2666625976562,856.1333618164062,879.933349609375,656085,690.7229606437858,0.133333,1.0,yahoo,2023-12-13 16:24:29
2011-09-08,OIH,872.2000122070312,887.8666381835938,863.7999877929688,868.3333129882812,528870,681.8187194590221,0.26,1.0,yahoo,2023-12-13 16:24:29
2011-09-09,OIH,855.3333129882812,861.4000244140625,828.5999755859375,836.4666748046875,913200,656.796910304851,0.0,1.0,yahoo,2023-12-13 16:24:29
2011-09-12,OIH,817.0,844.8666381835938,816.5999755859375,843.2000122070312,868530,662.0839532141601,0.0,1.0,yahoo,2023-12-13 16:24:29
2011-09-13,OIH,845.3333129882812,855.7333374023438,826.7999877929688,848.8666381835938,844245,666.5334101326064,0.0,1.0,yahoo,2023-12-13 16:24:29
2011-09-14,OIH,853.2000122070312,870.4000244140625,827.4000244140625,859.3333129882812,698865,674.7518841973258,0.0,1.0,yahoo,2023-12-13 16:24:29
2011-09-15,OIH,870.2000122070312,877.0,860.7333374023438,873.933349609375,624915,686.2158901546595,0.0,1.0,yahoo,2023-12-13 16:24:29
2011-09-16,OIH,879.2666625976562,883.7999877929688,858.2666625976562,867.3333129882812,575265,681.0335155410559,0.0,1.0,yahoo,2023-12-13 16:24:29
2011-09-19,OIH,846.8666381835938,854.2000122070312,830.2000122070312,846.8666381835938,578265,664.9630022966738,0.0,1.0,yahoo,2023-12-13 16:24:29
2011-09-20,OIH,850.066650390625,862.2666625976562,834.933349609375,835.4666748046875,556155,656.0117063868848,0.0,1.0,yahoo,2023-12-13 16:24:29
2011-09-21,OIH,837.2666625976562,840.2666625976562,790.6666870117188,790.6666870117188,1156200,620.834580447005,0.0,1.0,yahoo,2023-12-13 16:24:29
2011-09-22,OIH,758.8666381835938,758.933349609375,722.066650390625,738.3333129882812,1387395,579.7422101234082,0.0,1.0,yahoo,2023-12-13 16:24:29
2011-09-23,OIH,729.933349609375,741.4666748046875,723.066650390625,726.2000122070312,1058445,570.2150948121076,0.0,1.0,yahoo,2023-12-13 16:24:29
2011-09-26,OIH,732.2666625976562,755.4000244140625,707.7333374023438,753.4000244140625,1123035,591.5726509657986,0.0,1.0,yahoo,2023-12-13 16:24:29
2011-09-27,OIH,778.6666870117188,784.0,750.6666870117188,757.933349609375,1122480,595.1322356705732,0.0,1.0,yahoo,2023-12-13 16:24:29
2011-09-28,OIH,757.4000244140625,763.4666748046875,717.7999877929688,718.6666870117188,1088025,564.2998983534343,0.0,1.0,yahoo,2023-12-13 16:24:29
2011-09-29,OIH,739.6666870117188,741.7999877929688,702.4000244140625,719.0,1336215,564.5616170177417,0.0,1.0,yahoo,2023-12-13 16:24:29
2011-09-30,OIH,701.2666625976562,707.933349609375,687.4000244140625,687.4000244140625,984555,539.7491923800254,0.0,1.0,yahoo,2023-12-13 16:24:29
2011-10-03,OIH,679.1333618164062,694.0,663.0,663.0,1306440,520.5901976116311,0.0,1.0,yahoo,2023-12-13 16:24:29
2011-10-04,OIH,648.7333374023438,684.2666625976562,633.3333129882812,682.8666381835938,1785000,536.1895597502071,0.0,1.0,yahoo,2023-12-13 16:24:29
2011-10-05,OIH,685.0,715.6666870117188,670.4666748046875,712.5999755859375,1361940,559.5362927727401,0.0,1.0,yahoo,2023-12-13 16:24:29
2011-10-06,OIH,711.7999877929688,746.7333374023438,707.6666870117188,741.7333374023438,1462140,582.411922614511,0.0,1.0,yahoo,2023-12-13 16:24:29
2011-10-07,OIH,744.6666870117188,748.2666625976562,718.0,727.5999755859375,1102680,571.314351542234,0.0,1.0,yahoo,2023-12-13 16:24:29
2011-10-10,OIH,751.933349609375,769.5333251953125,750.2000122070312,765.3333129882812,905175,600.9427159084972,0.0,1.0,yahoo,2023-12-13 16:24:29
2011-10-11,OIH,758.2666625976562,784.5333251953125,757.3333129882812,773.933349609375,922320,607.6954983580333,0.0,1.0,yahoo,2023-12-13 16:24:29
2011-10-12,OIH,780.7999877929688,796.4666748046875,773.3333129882812,776.1333618164062,1104795,609.422956562568,0.0,1.0,yahoo,2023-12-13 16:24:29
2011-10-13,OIH,771.4000244140625,779.1333618164062,754.6666870117188,775.4000244140625,666945,608.8471371610564,0.0,1.0,yahoo,2023-12-13 16:24:29
2011-10-14,OIH,793.7333374023438,815.5999755859375,789.066650390625,814.3333129882812,889095,639.417707888844,0.0,1.0,yahoo,2023-12-13 16:24:29
2011-10-17,OIH,805.7999877929688,809.6666870117188,777.066650390625,778.5333251953125,969915,611.3074172106607,0.0,1.0,yahoo,2023-12-13 16:24:29
2011-10-18,OIH,778.933349609375,811.8666381835938,762.8666381835938,807.1333618164062,1122405,633.764278019522,0.0,1.0,yahoo,2023-12-13 16:24:29
2011-10-19,OIH,803.6666870117188,815.4666748046875,783.066650390625,786.2000122070312,940170,617.3273298900832,0.0,1.0,yahoo,2023-12-13 16:24:29
2011-10-20,OIH,788.6666870117188,799.5999755859375,773.5999755859375,796.3333129882812,923775,625.2840373654514,0.0,1.0,yahoo,2023-12-13 16:24:29
2011-10-21,OIH,808.5333251953125,821.8666381835938,797.0,804.4000244140625,1302360,631.618050782078,0.0,1.0,yahoo,2023-12-13 16:24:29
2011-10-24,OIH,809.0,834.5333251953125,808.4666748046875,834.4000244140625,768495,655.1741683210657,0.0,1.0,yahoo,2023-12-13 16:24:29
2011-10-25,OIH,838.1333618164062,840.0,807.5333251953125,818.7999877929688,917325,642.9249584457658,0.0,1.0,yahoo,2023-12-13 16:24:29
2011-10-26,OIH,833.2666625976562,844.3333129882812,809.4666748046875,839.8666381835938,709320,659.46657487091,0.0,1.0,yahoo,2023-12-13 16:24:29
2011-10-27,OIH,870.4000244140625,906.2000122070312,869.933349609375,894.066650390625,1391325,702.0246368096902,0.0,1.0,yahoo,2023-12-13 16:24:29
2011-10-28,OIH,882.1333618164062,902.5999755859376,882.1333618164062,898.4000244140625,514980,705.93254697892,0.64,1.0,yahoo,2023-12-13 16:24:29
2011-10-31,OIH,881.7999877929688,887.4666748046875,858.2000122070312,859.2666625976562,547140,675.1828664043667,0.0,1.0,yahoo,2023-12-13 16:24:29
2011-11-01,OIH,811.4666748046875,836.4666748046875,798.7999877929688,819.7333374023438,1090845,644.1189080480939,0.0,1.0,yahoo,2023-12-13 16:24:29
2011-11-02,OIH,846.7333374023438,846.8666381835938,824.5333251953125,840.933349609375,626235,660.7771651792137,0.0,1.0,yahoo,2023-12-13 16:24:29
2011-11-03,OIH,846.933349609375,866.3333129882812,834.5333251953125,863.1333618164062,640080,678.6516000959907,0.533333,1.0,yahoo,2023-12-13 16:24:29
2011-11-04,OIH,853.6666870117188,868.933349609375,843.7999877929688,857.3333129882812,455955,674.0912243858473,0.0,1.0,yahoo,2023-12-13 16:24:29
2011-11-07,OIH,858.933349609375,871.1333618164062,844.5999755859375,865.4000244140625,477360,680.4337976877279,0.0,1.0,yahoo,2023-12-13 16:24:29
2011-11-08,OIH,875.3333129882812,885.933349609375,861.4666748046875,884.5333251953125,618150,695.4776434765031,0.0,1.0,yahoo,2023-12-13 16:24:29
2011-11-09,OIH,850.933349609375,858.4000244140625,832.2666625976562,835.066650390625,992595,656.5837256965414,0.0,1.0,yahoo,2023-12-13 16:24:29
2011-11-10,OIH,852.4666748046875,856.7333374023438,830.0,846.4666748046875,573825,665.5471665180798,0.0,1.0,yahoo,2023-12-13 16:24:29
2011-11-11,OIH,860.0,876.4666748046875,858.066650390625,872.4000244140625,437610,685.9376530718769,0.0,1.0,yahoo,2023-12-13 16:24:29
2011-11-14,OIH,866.4666748046875,870.1333618164062,853.066650390625,861.2000122070312,305685,677.1314748592763,0.0,1.0,yahoo,2023-12-13 16:24:29
2011-11-15,OIH,859.4666748046875,869.6666870117188,850.1333618164062,861.2666625976562,533265,677.1838797323187,0.0,1.0,yahoo,2023-12-13 16:24:29
2011-11-16,OIH,856.7333374023438,886.8666381835938,855.2000122070312,862.0,1204905,677.7604773052169,0.0,1.0,yahoo,2023-12-13 16:24:29
2011-11-17,OIH,862.5999755859375,863.2000122070312,820.7999877929688,829.066650390625,1087530,651.8661353672708,0.0,1.0,yahoo,2023-12-13 16:24:29
2011-11-18,OIH,836.0,838.3333129882812,809.4666748046875,817.3333129882812,864585,642.6406221907097,0.0,1.0,yahoo,2023-12-13 16:24:29
2011-11-21,OIH,800.0,801.5333251953125,782.3333129882812,796.5333251953125,845700,626.2863186472002,0.0,1.0,yahoo,2023-12-13 16:24:29
2011-11-22,OIH,792.6666870117188,800.2666625976562,777.066650390625,785.0,667665,618.1234215343798,1.166667,1.0,yahoo,2023-12-13 16:24:29
2011-11-23,OIH,772.0,775.7333374023438,754.2000122070312,754.933349609375,890700,594.4483886509006,0.0,1.0,yahoo,2023-12-13 16:24:29
2011-11-25,OIH,753.3333129882812,769.7333374023438,749.7333374023438,752.3333129882812,326940,592.4010720491871,0.0,1.0,yahoo,2023-12-13 16:24:29
2011-11-28,OIH,785.2666625976562,791.8666381835938,773.2000122070312,781.7333374023438,784080,615.5511913918808,0.0,1.0,yahoo,2023-12-13 16:24:29
2011-11-29,OIH,780.3333129882812,796.6666870117188,774.7333374023438,783.5333251953125,644685,617.4055519869751,0.553333,1.0,yahoo,2023-12-13 16:24:29
2011-11-30,OIH,815.3333129882812,833.933349609375,815.3333129882812,832.6666870117188,702450,656.4621828866675,0.406667,1.0,yahoo,2023-12-13 16:24:29
2011-12-01,OIH,829.5999755859375,841.4666748046875,825.5333251953125,832.6666870117188,608130,656.7303433886248,0.34,1.0,yahoo,2023-12-13 16:24:29
2011-12-02,OIH,840.2666625976562,849.0,822.8666381835938,825.0,545370,650.6835709256497,0.0,1.0,yahoo,2023-12-13 16:24:29
2011-12-05,OIH,840.2000122070312,855.6666870117188,839.1333618164062,845.7333374023438,513930,667.0361067052417,0.0,1.0,yahoo,2023-12-13 16:24:29
2011-12-06,OIH,842.5999755859375,848.2000122070312,829.7999877929688,836.8666381835938,520620,660.0428757840539,0.0,1.0,yahoo,2023-12-13 16:24:29
2011-12-07,OIH,830.6666870117188,830.8666381835938,809.2000122070312,815.1333618164062,574005,642.901680784641,0.0,1.0,yahoo,2023-12-13 16:24:29
2011-12-08,OIH,808.8666381835938,821.0,786.0,787.7999877929688,692805,621.3436475543177,0.0,1.0,yahoo,2023-12-13 16:24:29
2011-12-09,OIH,791.7999877929688,813.7999877929688,790.066650390625,809.0,580935,638.0642531864855,0.0,1.0,yahoo,2023-12-13 16:24:29
2011-12-12,OIH,792.066650390625,796.1333618164062,769.7333374023438,781.5999755859375,548220,616.4536523026163,0.0,1.0,yahoo,2023-12-13 16:24:29
2011-12-13,OIH,784.8666381835938,798.933349609375,761.1333618164062,766.933349609375,755130,604.8859764676338,0.0,1.0,yahoo,2023-12-13 16:24:29
2011-12-14,OIH,752.1333618164062,759.066650390625,734.6666870117188,738.8666381835938,937695,582.7495546316736,0.0,1.0,yahoo,2023-12-13 16:24:29
2011-12-15,OIH,749.1333618164062,751.3333129882812,725.4000244140625,725.7333374023438,287685,572.3912236615108,0.0,1.0,yahoo,2023-12-13 16:24:29
2011-12-16,OIH,732.4666748046875,743.933349609375,727.2666625976562,736.4666748046875,279570,580.8566858541252,0.0,1.0,yahoo,2023-12-13 16:24:29
2011-12-19,OIH,738.5333251953125,741.5999755859375,715.933349609375,720.066650390625,270675,567.9218659159312,0.0,1.0,yahoo,2023-12-13 16:24:29
2011-12-20,OIH,735.1333618164062,755.5333251953125,734.3333129882812,754.7999877929688,125940,595.3163047172918,0.0,1.0,yahoo,2023-12-13 16:24:29
2011-12-21,OIH,753.0,767.4000244140625,745.0,762.2000122070312,322965,601.1527584272059,0.0,1.0,yahoo,2023-12-13 16:24:29
2011-12-22,OIH,776.2666625976562,776.2666625976562,760.6666870117188,771.3333129882812,114570,608.3562599625777,0.0,1.0,yahoo,2023-12-13 16:24:29
2011-12-23,OIH,775.3333129882812,776.3333129882812,768.5999755859375,776.3333129882812,72585,612.2997967560666,0.0,1.0,yahoo,2023-12-13 16:24:29
2011-12-27,OIH,774.6666870117188,779.6666870117188,771.3333129882812,773.2666625976562,96945,609.8811070264272,0.0,1.0,yahoo,2023-12-13 16:24:29
2011-12-28,OIH,770.2666625976562,774.5999755859375,753.066650390625,754.2666625976562,214755,594.8956672111699,0.0,1.0,yahoo,2023-12-13 16:24:29
2011-12-29,OIH,753.7333374023438,765.5333251953125,753.7333374023438,760.6666870117188,171720,599.9434135623862,0.0,1.0,yahoo,2023-12-13 16:24:29
2011-12-30,OIH,759.5999755859375,770.5999755859375,759.4666748046875,765.8666381835938,121245,604.0446533165131,0.0,1.0,yahoo,2023-12-13 16:24:29
2012-01-03,OIH,786.2000122070312,795.5999755859375,780.5999755859375,790.6666870117188,243060,623.604634323319,0.0,1.0,yahoo,2023-12-13 16:24:29
2012-01-04,OIH,787.933349609375,795.4000244140625,781.3333129882812,792.2666625976562,192915,624.8665468416847,0.0,1.0,yahoo,2023-12-13 16:24:29
2012-01-05,OIH,785.4666748046875,786.4666748046875,770.8666381835938,783.8666381835938,325860,618.2413857730727,0.0,1.0,yahoo,2023-12-13 16:24:29
2012-01-06,OIH,784.2666625976562,787.6666870117188,774.5999755859375,782.0,233175,616.7691545016461,0.0,1.0,yahoo,2023-12-13 16:24:29
2012-01-09,OIH,786.3333129882812,792.933349609375,783.1333618164062,787.4666748046875,136260,621.0807611477107,0.0,1.0,yahoo,2023-12-13 16:24:29
2012-01-10,OIH,802.0,810.5333251953125,800.8666381835938,806.6666870117188,273480,636.2239520624831,0.0,1.0,yahoo,2023-12-13 16:24:29
2012-01-11,OIH,802.066650390625,804.1333618164062,790.7999877929688,796.0,268875,627.8110575234148,0.0,1.0,yahoo,2023-12-13 16:24:29
2012-01-12,OIH,799.6666870117188,803.8666381835938,784.5999755859375,788.933349609375,387975,622.2375383589845,0.0,1.0,yahoo,2023-12-13 16:24:29
2012-01-13,OIH,778.6666870117188,784.7999877929688,772.066650390625,777.8666381835938,252195,613.5091416208862,0.0,1.0,yahoo,2023-12-13 16:24:29
2012-01-17,OIH,787.5999755859375,793.6666870117188,778.6666870117188,782.1333618164062,271320,616.874337947615,0.0,1.0,yahoo,2023-12-13 16:24:29
2012-01-18,OIH,784.0,808.6666870117188,780.933349609375,807.8666381835938,368280,637.1703623818189,0.0,1.0,yahoo,2023-12-13 16:24:29
2012-01-19,OIH,814.0,826.6666870117188,812.7999877929688,821.933349609375,329625,648.2648811960104,0.0,1.0,yahoo,2023-12-13 16:24:29
2012-01-20,OIH,822.6666870117188,833.4000244140625,811.6666870117188,817.933349609375,287760,645.1100517612193,0.0,1.0,yahoo,2023-12-13 16:24:29
2012-01-23,OIH,819.5333251953125,820.4666748046875,809.933349609375,817.5333251953125,279765,644.7945495621896,0.0,1.0,yahoo,2023-12-13 16:24:29
2012-01-24,OIH,806.5999755859375,822.5333251953125,801.5333251953125,821.5999755859375,230520,648.0019466505265,0.0,1.0,yahoo,2023-12-13 16:24:29
2012-01-25,OIH,818.4666748046875,838.7999877929688,805.2000122070312,837.3333129882812,379155,660.4109456366298,0.0,1.0,yahoo,2023-12-13 16:24:29
2012-01-26,OIH,841.2666625976562,852.1333618164062,823.3333129882812,826.5999755859375,300540,651.9454834440154,0.0,1.0,yahoo,2023-12-13 16:24:29
2012-01-27,OIH,831.3333129882812,842.933349609375,830.2666625976562,837.4000244140625,217455,660.4635614290527,0.0,1.0,yahoo,2023-12-13 16:24:29
2012-01-30,OIH,825.3333129882812,832.5999755859375,815.7999877929688,831.066650390625,158265,655.4683827313822,0.0,1.0,yahoo,2023-12-13 16:24:29
2012-01-31,OIH,838.3333129882812,841.4666748046875,824.1333618164062,827.4000244140625,194985,652.576487842075,0.0,1.0,yahoo,2023-12-13 16:24:29
2012-02-01,OIH,835.3333129882812,843.3333129882812,828.2000122070312,835.5333251953125,218640,658.9912820187492,0.0,1.0,yahoo,2023-12-13 16:24:29
2012-02-02,OIH,837.4666748046875,849.933349609375,835.1333618164062,847.7999877929688,281235,668.6660890761832,0.0,1.0,yahoo,2023-12-13 16:24:29
2012-02-03,OIH,859.6666870117188,862.933349609375,852.3333129882812,862.933349609375,267975,680.6018829026184,0.0,1.0,yahoo,2023-12-13 16:24:29
2012-02-06,OIH,859.1333618164062,874.0,853.2000122070312,874.0,243240,689.3302315018398,0.0,1.0,yahoo,2023-12-13 16:24:29
2012-02-07,OIH,870.4000244140625,873.8666381835938,856.2000122070312,870.4000244140625,419160,686.4909042660786,0.0,1.0,yahoo,2023-12-13 16:24:29
2012-02-08,OIH,873.7999877929688,876.2000122070312,863.066650390625,867.5333251953125,288360,684.2299174970774,0.0,1.0,yahoo,2023-12-13 16:24:29
2012-02-09,OIH,870.4000244140625,873.066650390625,859.7999877929688,868.4000244140625,314115,684.9134895486831,0.0,1.0,yahoo,2023-12-13 16:24:29
2012-02-10,OIH,855.3333129882812,866.6666870117188,854.4666748046875,859.8666381835938,296265,678.1831450341023,0.0,1.0,yahoo,2023-12-13 16:24:29
2012-02-13,OIH,870.066650390625,873.2000122070312,859.5999755859375,865.4000244140625,593790,682.5473674725898,0.0,1.0,yahoo,2023-12-13 16:24:29
2012-02-14,OIH,864.4000244140625,864.5999755859375,854.0,862.0,171780,679.8657431974667,0.0,3.0,yahoo,2023-12-13 16:24:29
2012-02-15,OIH,862.0,865.4000244140625,848.4000244140625,851.5999755859375,202370,671.6631674114593,0.0,1.0,yahoo,2023-12-13 16:24:29
2012-02-16,OIH,853.2000122070312,866.5999755859375,846.5999755859375,865.0,246975,682.23186527356,0.0,1.0,yahoo,2023-12-13 16:24:29
2012-02-17,OIH,875.5999755859375,876.2000122070312,867.4000244140625,871.7999877929688,187095,687.5950656849294,0.0,1.0,yahoo,2023-12-13 16:24:29
2012-02-21,OIH,871.5999755859375,882.0,868.0,873.4000244140625,202155,688.8570263421719,0.0,1.0,yahoo,2023-12-13 16:24:29
2012-02-22,OIH,873.4000244140625,894.2000122070312,872.5999755859375,889.7999877929688,249420,701.791798141489,0.0,1.0,yahoo,2023-12-13 16:24:29
2012-02-23,OIH,894.2000122070312,896.0,883.7999877929688,893.2000122070312,161870,704.4734224166122,0.0,1.0,yahoo,2023-12-13 16:24:29
2012-02-24,OIH,897.7999877929688,902.7999877929688,892.5999755859375,893.7999877929688,141115,704.94662757628,0.0,1.0,yahoo,2023-12-13 16:24:29
2012-02-27,OIH,887.2000122070312,890.5999755859375,876.5999755859375,887.4000244140625,231425,699.8989293639405,0.0,1.0,yahoo,2023-12-13 16:24:29
2012-02-28,OIH,887.0,892.5999755859375,878.4000244140625,884.4000244140625,171995,697.5328072878473,0.0,1.0,yahoo,2023-12-13 16:24:29
2012-02-29,OIH,886.7999877929688,890.5999755859375,869.4000244140625,870.5999755859375,274935,686.6486072267166,0.0,1.0,yahoo,2023-12-13 16:24:29
2012-03-01,OIH,875.5999755859375,886.0,872.4000244140625,883.4000244140625,140035,696.7440999291495,0.0,1.0,yahoo,2023-12-13 16:24:29
2012-03-02,OIH,880.5999755859375,884.2000122070312,867.0,873.5999755859375,142410,689.01472930281,0.0,1.0,yahoo,2023-12-13 16:24:29
2012-03-05,OIH,870.5999755859375,870.5999755859375,848.5999755859375,856.2000122070312,228870,675.2912501447951,0.0,1.0,yahoo,2023-12-13 16:24:29
2012-03-06,OIH,836.4000244140625,836.4000244140625,826.0,834.0,248140,657.7819371539296,0.0,1.0,yahoo,2023-12-13 16:24:29
2012-03-07,OIH,839.0,847.7999877929688,832.7999877929688,845.2000122070312,189235,666.6154691991197,0.0,1.0,yahoo,2023-12-13 16:24:29
2012-03-08,OIH,851.7999877929688,866.7999877929688,850.4000244140625,861.4000244140625,166865,679.3925380377988,0.0,1.0,yahoo,2023-12-13 16:24:29
2012-03-09,OIH,864.2000122070312,872.4000244140625,860.7999877929688,862.0,123890,679.8657431974667,0.0,1.0,yahoo,2023-12-13 16:24:29
2012-03-12,OIH,859.4000244140625,861.7999877929688,842.2000122070312,845.2000122070312,124305,666.6154691991197,0.0,1.0,yahoo,2023-12-13 16:24:29
2012-03-13,OIH,849.0,861.5999755859375,842.2000122070312,860.0,204370,678.2883284800712,0.0,1.0,yahoo,2023-12-13 16:24:29
2012-03-14,OIH,861.5999755859375,861.5999755859375,844.0,845.4000244140625,150985,666.7732202986347,0.0,1.0,yahoo,2023-12-13 16:24:29
2012-03-15,OIH,848.0,856.5999755859375,838.5999755859375,853.4000244140625,153505,673.0828791682168,0.0,1.0,yahoo,2023-12-13 16:24:29
2012-03-16,OIH,862.5999755859375,881.4000244140625,860.4000244140625,876.4000244140625,201070,691.2231484182652,0.0,1.0,yahoo,2023-12-13 16:24:29
2012-03-19,OIH,876.5999755859375,881.7999877929688,866.7999877929688,876.0,122880,690.9076462192353,0.0,1.0,yahoo,2023-12-13 16:24:29
2012-03-20,OIH,866.0,866.4000244140625,853.4000244140625,860.0,241435,678.2883284800712,0.0,1.0,yahoo,2023-12-13 16:24:29
2012-03-21,OIH,852.2000122070312,852.7999877929688,837.5999755859375,843.7999877929688,281440,665.5112596413921,0.0,1.0,yahoo,2023-12-13 16:24:29
2012-03-22,OIH,831.4000244140625,833.0,814.4000244140625,820.4000244140625,445745,647.0555363311908,0.0,1.0,yahoo,2023-12-13 16:24:29
2012-03-23,OIH,821.7999877929688,837.4000244140625,818.5999755859375,833.0,235600,656.9932297952317,0.0,1.0,yahoo,2023-12-13 16:24:29
2012-03-26,OIH,843.0,844.0,829.4000244140625,835.5999755859375,179965,659.0438496722952,0.0,1.0,yahoo,2023-12-13 16:24:29
2012-03-27,OIH,834.5999755859375,836.0,813.2000122070312,814.0,225550,642.0077899799744,0.0,1.0,yahoo,2023-12-13 16:24:29
2012-03-28,OIH,807.7999877929688,814.4000244140625,794.0,805.2000122070312,252580,635.0671748512095,0.0,1.0,yahoo,2023-12-13 16:24:29
2012-03-29,OIH,799.0,807.7999877929688,793.2000122070312,803.4000244140625,286495,633.6475112333289,0.0,1.0,yahoo,2023-12-13 16:24:29
2012-03-30,OIH,809.4000244140625,819.2000122070312,801.4000244140625,812.4000244140625,327415,640.7458774616088,0.0,1.0,yahoo,2023-12-13 16:24:29
2012-04-02,OIH,808.7999877929688,829.2000122070312,807.0,818.0,254210,645.1626194147653,0.0,1.0,yahoo,2023-12-13 16:24:29
2012-04-03,OIH,819.2000122070312,822.4000244140625,806.7999877929688,817.0,252820,644.3739120560676,0.0,1.0,yahoo,2023-12-13 16:24:29
2012-04-04,OIH,804.7999877929688,810.4000244140625,797.0,802.0,180210,632.5433016756012,0.0,1.0,yahoo,2023-12-13 16:24:29
2012-04-05,OIH,799.7999877929688,812.5999755859375,797.0,798.0,231515,629.3884722408103,0.0,1.0,yahoo,2023-12-13 16:24:29
2012-04-09,OIH,784.7999877929688,799.2000122070312,783.5999755859375,788.5999755859375,158715,621.9746038135006,0.0,1.0,yahoo,2023-12-13 16:24:29
2012-04-10,OIH,784.7999877929688,790.2000122070312,766.0,773.4000244140625,362785,609.9862904723961,0.0,1.0,yahoo,2023-12-13 16:24:29
2012-04-11,OIH,786.5999755859375,788.5999755859375,777.2000122070312,778.4000244140625,262090,613.9298272658849,0.0,1.0,yahoo,2023-12-13 16:24:29
2012-04-12,OIH,782.0,807.2000122070312,782.0,804.0,500070,634.1207163929968,0.0,1.0,yahoo,2023-12-13 16:24:29
2012-04-13,OIH,798.7999877929688,801.4000244140625,782.5999755859375,784.2000122070312,269860,618.5043203185566,0.0,1.0,yahoo,2023-12-13 16:24:29
2012-04-16,OIH,787.4000244140625,791.2000122070312,769.0,772.4000244140625,317445,609.1975831136984,0.0,1.0,yahoo,2023-12-13 16:24:29
2012-04-17,OIH,780.5999755859375,792.4000244140625,779.5999755859375,788.4000244140625,265640,621.8169008528625,0.0,1.0,yahoo,2023-12-13 16:24:29
2012-04-18,OIH,786.5999755859375,804.2000122070312,786.5999755859375,793.2000122070312,350980,625.6026865468364,0.0,1.0,yahoo,2023-12-13 16:24:29
2012-04-19,OIH,794.4000244140625,806.4000244140625,789.5999755859375,793.0,303250,625.4449354473214,0.0,1.0,yahoo,2023-12-13 16:24:29
2012-04-20,OIH,805.2000122070312,816.5999755859375,791.7999877929688,791.7999877929688,313940,624.4984769891088,0.0,1.0,yahoo,2023-12-13 16:24:29
2012-04-23,OIH,777.4000244140625,792.7999877929688,771.4000244140625,788.5999755859375,330340,621.9746038135006,0.0,1.0,yahoo,2023-12-13 16:24:29
2012-04-24,OIH,794.7999877929688,807.0,786.7999877929688,797.7999877929688,206335,629.2307211412954,0.0,1.0,yahoo,2023-12-13 16:24:29
2012-04-25,OIH,808.4000244140625,810.5999755859375,797.2000122070312,808.4000244140625,283985,637.5910480268177,0.0,1.0,yahoo,2023-12-13 16:24:29
2012-04-26,OIH,806.0,816.2000122070312,801.4000244140625,813.5999755859375,137800,641.6922877809445,0.0,1.0,yahoo,2023-12-13 16:24:29
2012-04-27,OIH,818.4000244140625,820.5999755859375,805.5999755859375,810.0,140450,638.8529605451834,0.0,1.0,yahoo,2023-12-13 16:24:29
2012-04-30,OIH,807.2000122070312,818.0,805.2000122070312,816.4000244140625,119825,643.9007068963997,0.0,1.0,yahoo,2023-12-13 16:24:29
2012-05-01,OIH,815.7999877929688,834.5999755859375,812.4000244140625,824.5999755859375,175520,650.3680687266199,0.0,1.0,yahoo,2023-12-13 16:24:29
2012-05-02,OIH,815.7999877929688,820.2000122070312,812.0,817.2000122070312,156880,644.5316631555826,0.0,1.0,yahoo,2023-12-13 16:24:29
2012-05-03,OIH,819.4000244140625,819.4000244140625,798.4000244140625,801.4000244140625,198160,632.0700965159334,0.0,1.0,yahoo,2023-12-13 16:24:29
2012-05-04,OIH,790.2000122070312,791.7999877929688,767.0,772.4000244140625,358790,609.1975831136984,0.0,1.0,yahoo,2023-12-13 16:24:29
2012-05-07,OIH,768.7999877929688,777.5999755859375,758.7999877929688,771.5999755859375,197575,608.5665787156387,0.0,1.0,yahoo,2023-12-13 16:24:29
2012-05-08,OIH,762.2000122070312,768.4000244140625,745.5999755859375,767.2000122070312,304645,605.0962952206947,0.0,1.0,yahoo,2023-12-13 16:24:29
2012-05-09,OIH,751.0,766.5999755859375,746.5999755859375,759.7999877929688,295100,599.2598415107806,0.0,1.0,yahoo,2023-12-13 16:24:29
2012-05-10,OIH,769.4000244140625,774.2000122070312,759.0,759.7999877929688,232570,599.2598415107806,0.0,1.0,yahoo,2023-12-13 16:24:29
2012-05-11,OIH,752.7999877929688,769.4000244140625,751.7999877929688,757.0,169500,597.0514705342022,0.0,1.0,yahoo,2023-12-13 16:24:29
2012-05-14,OIH,745.5999755859375,748.0,738.0,741.7999877929688,201300,585.063109054221,0.0,1.0,yahoo,2023-12-13 16:24:29
2012-05-15,OIH,741.0,746.4000244140625,722.2000122070312,725.0,241950,571.812835055874,0.0,1.0,yahoo,2023-12-13 16:24:29
2012-05-16,OIH,728.5999755859375,741.2000122070312,719.0,719.2000122070312,233565,567.2383420032023,0.0,1.0,yahoo,2023-12-13 16:24:29
2012-05-17,OIH,719.4000244140625,731.7999877929688,714.2000122070312,716.0,282595,564.7144688275941,0.0,1.0,yahoo,2023-12-13 16:24:29
2012-05-18,OIH,719.7999877929688,728.0,706.4000244140625,709.5999755859375,207610,559.6667224763778,0.0,1.0,yahoo,2023-12-13 16:24:29
2012-05-21,OIH,713.4000244140625,738.7999877929688,712.4000244140625,737.5999755859375,288225,581.750528519915,0.0,1.0,yahoo,2023-12-13 16:24:29
2012-05-22,OIH,738.4000244140625,751.5999755859375,727.0,732.0,256760,577.3337865667582,0.0,1.0,yahoo,2023-12-13 16:24:29
2012-05-23,OIH,723.4000244140625,742.4000244140625,715.5999755859375,741.7999877929688,333265,585.063109054221,0.0,1.0,yahoo,2023-12-13 16:24:29
2012-05-24,OIH,742.5999755859375,744.4000244140625,724.5999755859375,734.2000122070312,191475,579.0689523836687,0.0,1.0,yahoo,2023-12-13 16:24:29
2012-05-25,OIH,731.7999877929688,739.5999755859375,729.2000122070312,732.7999877929688,87910,577.9647428259411,0.0,1.0,yahoo,2023-12-13 16:24:29
2012-05-29,OIH,741.2000122070312,757.7999877929688,740.7999877929688,751.2000122070312,207180,592.4769774815306,0.0,1.0,yahoo,2023-12-13 16:24:29
2012-05-30,OIH,738.0,738.4000244140625,717.2000122070312,719.5999755859375,211350,567.5537960633553,0.0,1.0,yahoo,2023-12-13 16:24:29
2012-05-31,OIH,718.4000244140625,720.5999755859375,690.5999755859375,705.2000122070312,267340,556.1964389814337,0.0,1.0,yahoo,2023-12-13 16:24:29
2012-06-01,OIH,685.5999755859375,699.4000244140625,682.5999755859375,689.5999755859375,274985,543.8925753024226,0.0,1.0,yahoo,2023-12-13 16:24:29
2012-06-04,OIH,690.0,694.2000122070312,671.4000244140625,686.5999755859375,317060,541.5264532263293,0.0,1.0,yahoo,2023-12-13 16:24:29
2012-06-05,OIH,682.5999755859375,701.5999755859375,682.2000122070312,694.4000244140625,242330,547.6784091352733,0.0,1.0,yahoo,2023-12-13 16:24:29
2012-06-06,OIH,701.4000244140625,716.5999755859375,695.5999755859375,708.5999755859375,418920,558.87801511768,0.0,1.0,yahoo,2023-12-13 16:24:29
2012-06-07,OIH,720.0,730.0,706.0,707.5999755859375,263490,558.0893077589823,0.0,1.0,yahoo,2023-12-13 16:24:29
2012-06-08,OIH,700.5999755859375,707.7999877929688,689.5999755859375,705.4000244140625,151715,556.3541900809487,0.0,1.0,yahoo,2023-12-13 16:24:29
2012-06-11,OIH,712.5999755859375,716.4000244140625,691.7999877929688,692.7999877929688,197175,546.4164484780308,0.0,1.0,yahoo,2023-12-13 16:24:29
2012-06-12,OIH,698.0,706.2000122070312,690.5999755859375,705.4000244140625,161150,556.3541900809487,0.0,1.0,yahoo,2023-12-13 16:24:29
2012-06-13,OIH,698.7999877929688,707.7999877929688,689.7999877929688,692.7999877929688,237985,546.4164484780308,0.0,1.0,yahoo,2023-12-13 16:24:29
2012-06-14,OIH,695.4000244140625,707.5999755859375,690.7999877929688,705.5999755859375,152655,556.5118930415867,0.0,1.0,yahoo,2023-12-13 16:24:29
2012-06-15,OIH,710.5999755859375,718.4000244140625,706.0,716.7999877929688,163470,565.345425086777,0.0,1.0,yahoo,2023-12-13 16:24:29
2012-06-18,OIH,708.2000122070312,712.0,703.0,709.5999755859375,248015,559.6667224763778,0.0,1.0,yahoo,2023-12-13 16:24:29
2012-06-19,OIH,716.7999877929688,728.0,713.4000244140625,724.4000244140625,225580,571.339629896206,0.0,1.0,yahoo,2023-12-13 16:24:29
2012-06-20,OIH,725.5999755859375,731.0,714.7999877929688,720.4000244140625,282535,568.1848004614151,0.0,1.0,yahoo,2023-12-13 16:24:29
2012-06-21,OIH,719.0,720.0,683.7999877929688,685.2000122070312,264105,540.4222918074786,0.0,1.0,yahoo,2023-12-13 16:24:29
2012-06-22,OIH,692.0,692.0,676.2000122070312,681.5999755859375,186765,537.5829164328405,0.0,1.0,yahoo,2023-12-13 16:24:29
2012-06-25,OIH,671.0,671.0,656.0,661.2000122070312,177330,521.4933151987325,0.0,1.0,yahoo,2023-12-13 16:24:29
2012-06-26,OIH,662.4000244140625,665.0,650.7999877929688,661.4000244140625,222530,521.6510662982473,0.0,1.0,yahoo,2023-12-13 16:24:29
2012-06-27,OIH,667.0,682.2000122070312,662.4000244140625,680.4000244140625,227830,536.6365061135048,0.0,1.0,yahoo,2023-12-13 16:24:29
2012-06-28,OIH,676.0,687.0,673.5999755859375,685.5999755859375,252490,540.7377458676316,0.0,1.0,yahoo,2023-12-13 16:24:29
2012-06-29,OIH,708.4000244140625,717.7999877929688,702.5999755859375,712.7999877929688,437805,562.190595651986,0.0,1.0,yahoo,2023-12-13 16:24:29
2012-07-02,OIH,712.4000244140625,718.7999877929688,706.4000244140625,714.0,185495,563.1370541101986,0.0,1.0,yahoo,2023-12-13 16:24:29
2012-07-03,OIH,722.0,742.0,720.0,741.2000122070312,205875,584.589903894553,0.0,1.0,yahoo,2023-12-13 16:24:29
2012-07-05,OIH,736.0,737.0,723.5999755859375,728.0,145685,574.1789571319672,0.0,1.0,yahoo,2023-12-13 16:24:29
2012-07-06,OIH,714.2000122070312,722.2000122070312,711.2000122070312,719.2000122070312,178050,567.2383420032023,0.0,1.0,yahoo,2023-12-13 16:24:29
2012-07-09,OIH,717.0,725.0,710.2000122070312,720.2000122070312,196715,568.0270493619001,0.0,1.0,yahoo,2023-12-13 16:24:29
2012-07-10,OIH,726.0,727.7999877929688,701.2000122070312,706.7999877929688,186255,557.4583514997994,0.0,1.0,yahoo,2023-12-13 16:24:29
2012-07-11,OIH,710.2000122070312,719.5999755859375,707.0,716.0,192215,564.7144688275941,0.0,1.0,yahoo,2023-12-13 16:24:29
2012-07-12,OIH,707.4000244140625,716.4000244140625,698.5999755859375,712.5999755859375,227485,562.032844552471,0.0,1.0,yahoo,2023-12-13 16:24:29
2012-07-13,OIH,717.2000122070312,727.7999877929688,715.7999877929688,725.2000122070312,196525,571.9705861553889,0.0,1.0,yahoo,2023-12-13 16:24:29
2012-07-16,OIH,725.2000122070312,732.5999755859375,716.0,727.5999755859375,167960,573.8634549329374,0.0,1.0,yahoo,2023-12-13 16:24:29
2012-07-17,OIH,733.5999755859375,740.0,720.0,739.5999755859375,327535,583.3279432373105,0.0,1.0,yahoo,2023-12-13 16:24:29
2012-07-18,OIH,735.4000244140625,752.5999755859375,734.0,750.2000122070312,231215,591.6882701228328,0.0,1.0,yahoo,2023-12-13 16:24:29
2012-07-19,OIH,758.4000244140625,764.5999755859375,754.0,755.2000122070312,211030,595.6318069163216,0.0,1.0,yahoo,2023-12-13 16:24:29
2012-07-20,OIH,763.4000244140625,767.0,759.0,764.0,336360,602.5724220450865,0.0,1.0,yahoo,2023-12-13 16:24:29
2012-07-23,OIH,746.2000122070312,760.2000122070312,740.5999755859375,757.5999755859375,222565,597.5246756938701,0.0,1.0,yahoo,2023-12-13 16:24:29
2012-07-24,OIH,757.5999755859375,760.2000122070312,736.5999755859375,745.2000122070312,226900,587.7447333293441,0.0,1.0,yahoo,2023-12-13 16:24:29
2012-07-25,OIH,750.4000244140625,754.5999755859375,738.5999755859375,745.4000244140625,161535,587.902484428859,0.0,1.0,yahoo,2023-12-13 16:24:29
2012-07-26,OIH,764.4000244140625,780.5999755859375,762.7999877929688,778.2000122070312,242030,613.7720761663701,0.0,1.0,yahoo,2023-12-13 16:24:29
2012-07-27,OIH,784.7999877929688,803.0,777.7999877929688,799.0,321880,630.177179599508,0.0,1.0,yahoo,2023-12-13 16:24:29
2012-07-30,OIH,796.5999755859375,800.5999755859375,790.2000122070312,799.4000244140625,351785,630.4926817985379,0.0,1.0,yahoo,2023-12-13 16:24:29
2012-07-31,OIH,795.4000244140625,798.7999877929688,778.7999877929688,781.7999877929688,339000,616.6114034021313,0.0,1.0,yahoo,2023-12-13 16:24:29
2012-08-01,OIH,786.4000244140625,796.0,776.2000122070312,796.0,163330,627.8110575234148,0.0,1.0,yahoo,2023-12-13 16:24:29
2012-08-02,OIH,775.0,787.0,766.7999877929688,777.2000122070312,498090,612.9833688076723,0.0,1.0,yahoo,2023-12-13 16:24:29
2012-08-03,OIH,796.5999755859375,803.0,790.2000122070312,795.2000122070312,220940,627.1801012642319,0.0,1.0,yahoo,2023-12-13 16:24:29
2012-08-06,OIH,803.5999755859375,807.2000122070312,800.7999877929688,802.2000122070312,132085,632.7010527751162,0.0,1.0,yahoo,2023-12-13 16:24:29
2012-08-07,OIH,806.4000244140625,822.0,806.4000244140625,812.4000244140625,262935,640.7458774616088,0.0,1.0,yahoo,2023-12-13 16:24:29
2012-08-08,OIH,807.7999877929688,814.7999877929688,806.5999755859375,812.0,144830,640.4303752625789,0.0,1.0,yahoo,2023-12-13 16:24:29
2012-08-09,OIH,811.5999755859375,823.5999755859375,808.5999755859375,821.2000122070312,160890,647.6864925903736,0.0,1.0,yahoo,2023-12-13 16:24:29
2012-08-10,OIH,815.7999877929688,824.4000244140625,811.7999877929688,824.0,117825,649.8948635669519,0.0,1.0,yahoo,2023-12-13 16:24:29
2012-08-13,OIH,821.2000122070312,823.0,811.4000244140625,818.2000122070312,123710,645.3203705142803,0.0,1.0,yahoo,2023-12-13 16:24:29
2012-08-14,OIH,821.0,824.4000244140625,810.7999877929688,813.5999755859375,113830,641.6922877809445,0.0,1.0,yahoo,2023-12-13 16:24:29
2012-08-15,OIH,812.5999755859375,814.5999755859375,805.7999877929688,811.4000244140625,126720,639.9571701029109,0.0,1.0,yahoo,2023-12-13 16:24:29
2012-08-16,OIH,812.7999877929688,827.4000244140625,812.7999877929688,825.7999877929688,115630,651.3145271848325,0.0,1.0,yahoo,2023-12-13 16:24:29
2012-08-17,OIH,827.2000122070312,830.7999877929688,825.0,827.7999877929688,99260,652.891941902228,0.0,1.0,yahoo,2023-12-13 16:24:29
2012-08-20,OIH,824.0,828.5999755859375,821.7999877929688,826.0,92580,651.4722782843475,0.0,1.0,yahoo,2023-12-13 16:24:29
2012-08-21,OIH,829.7999877929688,835.0,823.0,829.7999877929688,160115,654.4693566196236,0.0,1.0,yahoo,2023-12-13 16:24:29
2012-08-22,OIH,823.0,828.0,818.2000122070312,826.5999755859375,124640,651.9454834440154,0.0,1.0,yahoo,2023-12-13 16:24:29
2012-08-23,OIH,825.0,828.2000122070312,815.4000244140625,817.0,200595,644.3739120560676,0.0,1.0,yahoo,2023-12-13 16:24:29
2012-08-24,OIH,816.2000122070312,821.4000244140625,808.7999877929688,818.7999877929688,95220,645.7935756739482,0.0,1.0,yahoo,2023-12-13 16:24:29
2012-08-27,OIH,821.0,827.2000122070312,816.5999755859375,819.7999877929688,137180,646.5822830326459,0.0,1.0,yahoo,2023-12-13 16:24:29
2012-08-28,OIH,816.5999755859375,819.0,812.2000122070312,815.2000122070312,206855,642.954248438187,0.0,1.0,yahoo,2023-12-13 16:24:29
2012-08-29,OIH,816.7999877929688,817.5999755859375,804.5999755859375,806.5999755859375,129060,636.1713362700602,0.0,1.0,yahoo,2023-12-13 16:24:29
2012-08-30,OIH,800.0,803.0,788.2000122070312,794.4000244140625,341960,626.5491450050491,0.0,1.0,yahoo,2023-12-13 16:24:29
2012-08-31,OIH,803.0,809.0,796.0,806.0,260125,635.6981311103923,0.0,1.0,yahoo,2023-12-13 16:24:29
2012-09-04,OIH,805.2000122070312,806.0,787.2000122070312,798.5999755859375,283205,629.8616774004781,0.0,1.0,yahoo,2023-12-13 16:24:29
2012-09-05,OIH,795.5999755859375,803.5999755859375,793.2000122070312,793.4000244140625,198040,625.7604376463513,0.0,1.0,yahoo,2023-12-13 16:24:29
2012-09-06,OIH,803.4000244140625,818.5999755859375,803.4000244140625,809.0,314465,638.0642531864855,0.0,1.0,yahoo,2023-12-13 16:24:29
2012-09-07,OIH,811.4000244140625,829.4000244140625,811.4000244140625,825.5999755859375,287115,651.1567760853176,0.0,1.0,yahoo,2023-12-13 16:24:29
2012-09-10,OIH,823.5999755859375,829.5999755859375,818.4000244140625,818.5999755859375,96020,645.6358245744333,0.0,1.0,yahoo,2023-12-13 16:24:29
2012-09-11,OIH,822.4000244140625,833.5999755859375,820.4000244140625,832.4000244140625,124240,656.5200246355638,0.0,1.0,yahoo,2023-12-13 16:24:29
2012-09-12,OIH,837.5999755859375,844.7999877929688,837.4000244140625,839.7999877929688,170530,662.3564302066011,0.0,1.0,yahoo,2023-12-13 16:24:29
2012-09-13,OIH,843.2000122070312,857.0,832.7999877929688,852.2000122070312,224230,672.136420710004,0.0,1.0,yahoo,2023-12-13 16:24:29
2012-09-14,OIH,861.4000244140625,876.7999877929688,861.4000244140625,867.2000122070312,206430,683.9670310904704,0.0,1.0,yahoo,2023-12-13 16:24:29
2012-09-17,OIH,863.2000122070312,870.4000244140625,854.7999877929688,857.4000244140625,135790,676.2377086030078,0.0,1.0,yahoo,2023-12-13 16:24:29
2012-09-18,OIH,852.5999755859375,856.5999755859375,839.7999877929688,849.4000244140625,220730,669.9280497334257,0.0,1.0,yahoo,2023-12-13 16:24:29
2012-09-19,OIH,851.0,851.4000244140625,836.7999877929688,839.5999755859375,264925,662.1986791070861,0.0,1.0,yahoo,2023-12-13 16:24:29
2012-09-20,OIH,831.0,837.7999877929688,823.2000122070312,836.5999755859375,163385,659.8325570309929,0.0,1.0,yahoo,2023-12-13 16:24:29
2012-09-21,OIH,847.5999755859375,848.5999755859375,834.7999877929688,840.5999755859375,160995,662.987386465784,0.0,1.0,yahoo,2023-12-13 16:24:29
2012-09-24,OIH,830.7999877929688,836.2000122070312,828.0,831.0,186830,655.4158150778362,0.0,1.0,yahoo,2023-12-13 16:24:29
2012-09-25,OIH,832.4000244140625,834.2000122070312,816.2000122070312,817.4000244140625,257540,644.6894142550975,0.0,1.0,yahoo,2023-12-13 16:24:29
2012-09-26,OIH,811.4000244140625,813.0,798.5999755859375,802.0,198440,632.5433016756012,0.0,1.0,yahoo,2023-12-13 16:24:29
2012-09-27,OIH,809.0,815.0,802.5999755859375,812.2000122070312,155605,640.5881263620938,0.0,1.0,yahoo,2023-12-13 16:24:29
2012-09-28,OIH,809.0,810.0,801.4000244140625,804.7999877929688,115880,634.7516726521796,0.0,1.0,yahoo,2023-12-13 16:24:29
2012-10-01,OIH,812.2000122070312,818.5999755859375,804.5999755859375,806.7999877929688,116870,636.3290873695752,0.0,1.0,yahoo,2023-12-13 16:24:29
2012-10-02,OIH,809.5999755859375,809.7999877929688,798.4000244140625,804.0,228625,634.1207163929968,0.0,1.0,yahoo,2023-12-13 16:24:29
2012-10-03,OIH,802.4000244140625,802.5999755859375,780.0,783.5999755859375,253840,618.0310670200118,0.0,1.0,yahoo,2023-12-13 16:24:29
2012-10-04,OIH,787.4000244140625,795.2000122070312,785.0,794.0,177000,626.2336428060192,0.0,1.0,yahoo,2023-12-13 16:24:29
2012-10-05,OIH,798.0,800.5999755859375,786.2000122070312,788.0,149320,621.5013986538327,0.0,1.0,yahoo,2023-12-13 16:24:29
2012-10-08,OIH,784.4000244140625,792.0,781.4000244140625,790.2000122070312,54995,623.2365644707431,0.0,1.0,yahoo,2023-12-13 16:24:29
2012-10-09,OIH,790.2000122070312,801.4000244140625,790.2000122070312,795.2000122070312,165260,627.1801012642319,0.0,1.0,yahoo,2023-12-13 16:24:29
2012-10-10,OIH,792.2000122070312,795.4000244140625,782.7999877929688,784.0,167190,618.3465692190416,0.0,1.0,yahoo,2023-12-13 16:24:29
2012-10-11,OIH,794.0,799.2000122070312,788.5999755859375,795.2000122070312,340950,627.1801012642319,0.0,1.0,yahoo,2023-12-13 16:24:29
2012-10-12,OIH,796.0,798.0,785.0,791.5999755859375,269855,624.3407258895938,0.0,1.0,yahoo,2023-12-13 16:24:29
2012-10-15,OIH,791.5999755859375,798.7999877929688,785.4000244140625,797.5999755859375,176180,629.0729700417804,0.0,1.0,yahoo,2023-12-13 16:24:29
2012-10-16,OIH,801.5999755859375,813.7999877929688,801.5999755859375,809.2000122070312,342900,638.2220042860005,0.0,1.0,yahoo,2023-12-13 16:24:29
2012-10-17,OIH,807.5999755859375,824.7999877929688,804.7999877929688,822.4000244140625,290535,648.6329510485863,0.0,1.0,yahoo,2023-12-13 16:24:29
2012-10-18,OIH,818.5999755859375,832.7999877929688,818.5999755859375,830.7999877929688,366780,655.2580639783213,0.0,1.0,yahoo,2023-12-13 16:24:29
2012-10-19,OIH,826.7999877929688,832.5999755859375,813.0,815.7999877929688,286035,643.427453597855,0.0,1.0,yahoo,2023-12-13 16:24:29
2012-10-22,OIH,816.2000122070312,819.0,801.0,809.7999877929688,332370,638.6952094456684,0.0,1.0,yahoo,2023-12-13 16:24:29
2012-10-23,OIH,796.0,796.0,782.7999877929688,792.0,280265,624.6562280886237,0.0,1.0,yahoo,2023-12-13 16:24:29
2012-10-24,OIH,794.7999877929688,796.4000244140625,774.4000244140625,776.5999755859375,255735,612.5101155091274,0.0,1.0,yahoo,2023-12-13 16:24:29
2012-10-25,OIH,782.7999877929688,784.7999877929688,774.0,783.4000244140625,172815,617.8733640593738,0.0,1.0,yahoo,2023-12-13 16:24:29
2012-10-26,OIH,780.5999755859375,787.5999755859375,774.5999755859375,777.5999755859375,173875,613.2988228678253,0.0,1.0,yahoo,2023-12-13 16:24:29
2012-10-31,OIH,779.5999755859375,783.5999755859375,763.5999755859375,770.7999877929688,196125,607.9356224564559,0.0,1.0,yahoo,2023-12-13 16:24:29
2012-11-01,OIH,772.4000244140625,780.2000122070312,768.4000244140625,780.2000122070312,103345,615.3494908837655,0.0,1.0,yahoo,2023-12-13 16:24:29
2012-11-02,OIH,785.5999755859375,786.0,764.0,764.7999877929688,136480,603.2033783042693,0.0,1.0,yahoo,2023-12-13 16:24:29
2012-11-05,OIH,767.4000244140625,777.2000122070312,765.2000122070312,775.5999755859375,179845,611.7214081504297,0.0,1.0,yahoo,2023-12-13 16:24:29
2012-11-06,OIH,778.2000122070312,786.7999877929688,775.5999755859375,784.2000122070312,219550,618.5043203185566,0.0,1.0,yahoo,2023-12-13 16:24:29
2012-11-07,OIH,772.2000122070312,774.2000122070312,758.2000122070312,764.2000122070312,240340,602.7301731446014,0.0,1.0,yahoo,2023-12-13 16:24:29
2012-11-08,OIH,765.2000122070312,767.0,743.2000122070312,743.7999877929688,277720,586.6405237716165,0.0,1.0,yahoo,2023-12-13 16:24:29
2012-11-09,OIH,741.0,757.5999755859375,739.4000244140625,745.7999877929688,245020,588.217938489012,0.0,1.0,yahoo,2023-12-13 16:24:29
2012-11-12,OIH,747.4000244140625,753.2000122070312,744.0,750.7999877929688,136755,592.1614752825008,0.0,1.0,yahoo,2023-12-13 16:24:29
2012-11-13,OIH,740.0,753.7999877929688,737.0,743.5999755859375,126610,586.4827726721015,0.0,1.0,yahoo,2023-12-13 16:24:29
2012-11-14,OIH,736.7999877929688,747.4000244140625,730.2000122070312,732.2000122070312,179825,577.4915376662732,0.0,1.0,yahoo,2023-12-13 16:24:29
2012-11-15,OIH,733.2000122070312,744.2000122070312,729.7999877929688,739.7999877929688,280180,583.4856943368254,0.0,1.0,yahoo,2023-12-13 16:24:29
2012-11-16,OIH,741.4000244140625,741.4000244140625,724.7999877929688,740.0,310330,583.6434454363404,0.0,1.0,yahoo,2023-12-13 16:24:29
2012-11-19,OIH,750.2000122070312,763.0,750.2000122070312,762.7999877929688,216670,601.6259635868738,0.0,1.0,yahoo,2023-12-13 16:24:29
2012-11-20,OIH,759.7999877929688,762.7999877929688,752.2000122070312,757.0,177060,597.0514705342022,0.0,1.0,yahoo,2023-12-13 16:24:29
2012-11-21,OIH,759.7999877929688,762.0,752.4000244140625,760.4000244140625,163645,599.7330948093253,0.0,1.0,yahoo,2023-12-13 16:24:29
2012-11-23,OIH,768.5999755859375,771.4000244140625,761.0,771.4000244140625,105270,608.4088757550006,0.0,1.0,yahoo,2023-12-13 16:24:29
2012-11-26,OIH,762.7999877929688,765.4000244140625,758.4000244140625,763.7999877929688,150095,602.4146709455716,0.0,1.0,yahoo,2023-12-13 16:24:29
2012-11-27,OIH,758.7999877929688,769.0,757.0,757.7999877929688,137055,597.682426793385,0.0,1.0,yahoo,2023-12-13 16:24:29
2012-11-28,OIH,751.4000244140625,764.4000244140625,746.7999877929688,763.2000122070312,148995,601.9414657859037,0.0,1.0,yahoo,2023-12-13 16:24:29
2012-11-29,OIH,770.4000244140625,774.5999755859375,767.7999877929688,770.2000122070312,169960,607.462417296788,0.0,1.0,yahoo,2023-12-13 16:24:29
2012-11-30,OIH,771.0,776.5999755859375,767.0,774.4000244140625,148160,610.774997831094,0.0,1.0,yahoo,2023-12-13 16:24:29
2012-12-03,OIH,778.7999877929688,783.5999755859375,770.2000122070312,771.2000122070312,131240,608.2511246554857,0.0,1.0,yahoo,2023-12-13 16:24:29
2012-12-04,OIH,776.2000122070312,781.0,769.5999755859375,776.2000122070312,157990,612.1946614489746,0.0,1.0,yahoo,2023-12-13 16:24:29
2012-12-05,OIH,779.4000244140625,785.5999755859375,774.4000244140625,779.7999877929688,151275,615.0339886847357,0.0,1.0,yahoo,2023-12-13 16:24:29
2012-12-06,OIH,771.7999877929688,780.4000244140625,771.7999877929688,778.5999755859375,85065,614.087530226523,0.0,1.0,yahoo,2023-12-13 16:24:29
2012-12-07,OIH,780.0,782.5999755859375,776.4000244140625,781.5999755859375,110610,616.4536523026163,0.0,1.0,yahoo,2023-12-13 16:24:29
2012-12-10,OIH,781.7999877929688,784.2000122070312,777.4000244140625,780.5999755859375,90970,615.6649449439185,0.0,1.0,yahoo,2023-12-13 16:24:29
2012-12-11,OIH,782.5999755859375,786.7999877929688,780.2000122070312,783.7999877929688,161850,618.1888181195267,0.0,1.0,yahoo,2023-12-13 16:24:29
2012-12-12,OIH,788.0,788.7999877929688,780.2000122070312,781.5999755859375,135090,616.4536523026163,0.0,1.0,yahoo,2023-12-13 16:24:29
2012-12-13,OIH,778.0,781.4000244140625,767.7999877929688,771.7999877929688,311995,608.7243298151536,0.0,1.0,yahoo,2023-12-13 16:24:29
2012-12-14,OIH,760.2000122070312,762.2000122070312,753.7999877929688,759.0,203585,598.6288852515977,0.0,1.0,yahoo,2023-12-13 16:24:29
2012-12-17,OIH,760.0,766.4000244140625,759.2000122070312,765.7999877929688,135600,603.992085662967,0.0,1.0,yahoo,2023-12-13 16:24:29
2012-12-18,OIH,761.7999877929688,793.0,761.5999755859375,790.4000244140625,285475,623.3943155702581,0.0,1.0,yahoo,2023-12-13 16:24:29
2012-12-19,OIH,791.7999877929688,798.5999755859375,787.5999755859375,787.5999755859375,221320,621.1858964548028,0.0,1.0,yahoo,2023-12-13 16:24:29
2012-12-20,OIH,785.7999877929688,794.7999877929688,783.4000244140625,794.4000244140625,99755,626.5491450050491,0.0,1.0,yahoo,2023-12-13 16:24:29
2012-12-21,OIH,782.0,785.5999755859375,777.4000244140625,781.7999877929688,155080,616.6114034021313,0.0,1.0,yahoo,2023-12-13 16:24:29
2012-12-24,OIH,780.0,780.0,766.0,768.4000244140625,51560,612.4666816243367,8.2,1.0,yahoo,2023-12-13 16:24:29
2012-12-26,OIH,773.2000122070312,776.4000244140625,765.2000122070312,765.5999755859375,63375,610.2348537226451,0.0,1.0,yahoo,2023-12-13 16:24:29
2012-12-27,OIH,766.4000244140625,767.2000122070312,753.5999755859375,764.5999755859375,167065,609.4377862289379,0.0,1.0,yahoo,2023-12-13 16:24:29
2012-12-28,OIH,759.4000244140625,760.2000122070312,752.4000244140625,753.4000244140625,126275,600.5106692187275,0.0,1.0,yahoo,2023-12-13 16:24:29
2012-12-31,OIH,751.5999755859375,773.5999755859375,751.0,772.5999755859375,139870,615.8143261785962,0.0,1.0,yahoo,2023-12-13 16:24:29
2013-01-02,OIH,792.4000244140625,795.2000122070312,781.4000244140625,795.2000122070312,202600,633.8280807258643,0.0,1.0,yahoo,2023-12-13 16:24:29
2013-01-03,OIH,791.2000122070312,807.5999755859375,788.5999755859375,797.0,234210,635.2627924847096,0.0,1.0,yahoo,2023-12-13 16:24:29
2013-01-04,OIH,798.4000244140625,813.4000244140625,798.4000244140625,812.7999877929688,251690,647.856449155457,0.0,1.0,yahoo,2023-12-13 16:24:29
2013-01-07,OIH,808.4000244140625,812.5999755859375,806.0,810.7999877929688,102090,646.2623141680424,0.0,1.0,yahoo,2023-12-13 16:24:29
2013-01-08,OIH,803.2000122070312,806.2000122070312,797.0,802.4000244140625,142330,639.5669764103845,0.0,1.0,yahoo,2023-12-13 16:24:29
2013-01-09,OIH,802.2000122070312,806.0,799.7999877929688,805.4000244140625,117875,641.9581788915065,0.0,1.0,yahoo,2023-12-13 16:24:29
2013-01-10,OIH,812.4000244140625,814.5999755859375,807.4000244140625,814.2000122070312,128470,648.9723631063029,0.0,1.0,yahoo,2023-12-13 16:24:29
2013-01-11,OIH,814.4000244140625,815.5999755859375,808.2000122070312,813.7999877929688,97950,648.6535166491643,0.0,1.0,yahoo,2023-12-13 16:24:29
2013-01-14,OIH,815.7999877929688,817.0,804.2000122070312,806.0,185900,642.4363999280753,0.0,1.0,yahoo,2023-12-13 16:24:29
2013-01-15,OIH,805.0,813.5999755859375,803.2000122070312,813.4000244140625,138100,648.3347188411648,0.0,1.0,yahoo,2023-12-13 16:24:29
2013-01-16,OIH,809.4000244140625,819.5999755859375,809.4000244140625,818.4000244140625,110325,652.3200563097013,0.0,1.0,yahoo,2023-12-13 16:24:29
2013-01-17,OIH,821.0,825.4000244140625,816.2000122070312,822.2000122070312,195590,655.3489030559612,0.0,1.0,yahoo,2023-12-13 16:24:29
2013-01-18,OIH,825.2000122070312,841.0,825.2000122070312,841.0,238795,670.3337622078303,0.0,1.0,yahoo,2023-12-13 16:24:29
2013-01-22,OIH,841.0,850.7999877929688,837.5999755859375,850.5999755859375,166880,677.9855906877647,0.0,1.0,yahoo,2023-12-13 16:24:29
2013-01-23,OIH,848.0,855.7999877929688,846.2000122070312,852.0,263225,679.1015046386105,0.0,1.0,yahoo,2023-12-13 16:24:29
2013-01-24,OIH,851.7999877929688,856.7999877929688,844.4000244140625,848.0,301670,675.9132346637814,0.0,1.0,yahoo,2023-12-13 16:24:29
2013-01-25,OIH,855.5999755859375,865.4000244140625,855.4000244140625,862.7999877929688,277845,687.7098238408214,0.0,1.0,yahoo,2023-12-13 16:24:29
2013-01-28,OIH,865.2000122070312,869.7999877929688,861.5999755859375,866.5999755859375,174305,690.7386705870814,0.0,1.0,yahoo,2023-12-13 16:24:29
2013-01-29,OIH,866.4000244140625,874.2000122070312,864.2000122070312,873.5999755859375,147155,696.3181430430324,0.0,1.0,yahoo,2023-12-13 16:24:29
2013-01-30,OIH,873.4000244140625,874.5999755859375,863.0,864.5999755859375,400680,689.1445355996668,0.0,1.0,yahoo,2023-12-13 16:24:29
2013-01-31,OIH,863.0,875.7999877929688,861.0,872.0,163055,695.0428545127563,0.0,1.0,yahoo,2023-12-13 16:24:29
2013-02-01,OIH,875.7999877929688,882.4000244140625,864.5999755859375,881.0,238205,702.216461956122,0.0,1.0,yahoo,2023-12-13 16:24:29
2013-02-04,OIH,871.5999755859375,877.2000122070312,868.7999877929688,869.7999877929688,245875,693.2892962967725,0.0,1.0,yahoo,2023-12-13 16:24:29
2013-02-05,OIH,873.2000122070312,874.7999877929688,866.7999877929688,871.7999877929688,153250,694.883431284187,0.0,1.0,yahoo,2023-12-13 16:24:29
2013-02-06,OIH,864.0,865.5999755859375,850.0,862.2000122070312,409670,687.2316028042527,0.0,1.0,yahoo,2023-12-13 16:24:29
2013-02-07,OIH,865.2000122070312,868.2000122070312,856.5999755859375,861.7999877929688,194070,686.9127563471142,0.0,1.0,yahoo,2023-12-13 16:24:29
2013-02-08,OIH,866.7999877929688,873.2000122070312,864.5999755859375,873.2000122070312,188285,695.9993452350328,0.0,1.0,yahoo,2023-12-13 16:24:29
2013-02-11,OIH,870.5999755859375,871.2000122070312,862.5999755859375,863.5999755859375,102405,688.3474681059595,0.0,1.0,yahoo,2023-12-13 16:24:29
2013-02-12,OIH,864.7999877929688,867.4000244140625,862.5999755859375,866.5999755859375,76150,690.7386705870814,0.0,1.0,yahoo,2023-12-13 16:24:29
2013-02-13,OIH,869.2000122070312,874.4000244140625,868.2000122070312,872.0,114680,695.0428545127563,0.0,1.0,yahoo,2023-12-13 16:24:29
2013-02-14,OIH,870.0,902.4000244140624,866.4000244140625,897.5999755859375,318490,715.4477628920073,0.0,1.0,yahoo,2023-12-13 16:24:29
2013-02-15,OIH,894.5999755859375,896.0,879.7999877929688,885.0,319175,705.4047319309511,0.0,1.0,yahoo,2023-12-13 16:24:29
2013-02-19,OIH,886.4000244140625,894.4000244140625,886.4000244140625,889.7999877929688,177800,709.2306461709182,0.0,1.0,yahoo,2023-12-13 16:24:29
2013-02-20,OIH,890.5999755859375,891.2000122070312,867.2000122070312,867.2000122070312,391145,691.2169402727891,0.0,1.0,yahoo,2023-12-13 16:24:29
2013-02-21,OIH,862.0,862.2000122070312,845.2000122070312,855.4000244140625,386445,681.8115535768709,0.0,1.0,yahoo,2023-12-13 16:24:29
2013-02-22,OIH,862.2000122070312,864.5999755859375,851.2000122070312,862.4000244140625,226520,687.391026032822,0.0,1.0,yahoo,2023-12-13 16:24:29
2013-02-25,OIH,868.4000244140625,871.7999877929688,834.0,835.0,288060,665.5513572455866,0.0,1.0,yahoo,2023-12-13 16:24:29
2013-02-26,OIH,843.4000244140625,846.5999755859375,828.0,842.5999755859375,420895,671.6090507381064,0.0,1.0,yahoo,2023-12-13 16:24:29
2013-02-27,OIH,835.2000122070312,862.4000244140625,835.2000122070312,858.5999755859375,269615,684.362130637423,0.0,1.0,yahoo,2023-12-13 16:24:29
2013-02-28,OIH,855.7999877929688,864.7999877929688,854.2000122070312,857.4000244140625,126925,683.4056885642855,0.0,1.0,yahoo,2023-12-13 16:24:29
2013-03-01,OIH,847.5999755859375,852.0,839.7999877929688,848.0,224840,675.9132346637814,0.0,1.0,yahoo,2023-12-13 16:24:29
2013-03-04,OIH,848.0,848.0,828.4000244140625,835.4000244140625,219790,665.8702037027251,0.0,1.0,yahoo,2023-12-13 16:24:29
2013-03-05,OIH,843.0,850.2000122070312,838.0,847.0,226390,675.116167170074,0.0,1.0,yahoo,2023-12-13 16:24:29
2013-03-06,OIH,851.0,852.7999877929688,839.7999877929688,847.0,141500,675.116167170074,0.0,1.0,yahoo,2023-12-13 16:24:29
2013-03-07,OIH,845.7999877929688,853.5999755859375,845.5999755859375,852.4000244140625,146145,679.4203510957491,0.0,1.0,yahoo,2023-12-13 16:24:29
2013-03-08,OIH,856.2000122070312,859.5999755859375,850.4000244140625,857.7999877929688,151925,683.724486372285,0.0,1.0,yahoo,2023-12-13 16:24:29
2013-03-11,OIH,855.4000244140625,858.4000244140625,849.5999755859375,856.5999755859375,287640,682.7679956500084,0.0,1.0,yahoo,2023-12-13 16:24:29
2013-03-12,OIH,857.5999755859375,863.5999755859375,851.4000244140625,858.2000122070312,174560,684.0433328294235,0.0,1.0,yahoo,2023-12-13 16:24:29
2013-03-13,OIH,858.5999755859375,861.5999755859375,854.5999755859375,856.0,119765,682.2897746134397,0.0,1.0,yahoo,2023-12-13 16:24:29
2013-03-14,OIH,859.0,874.0,858.2000122070312,872.7999877929688,237160,695.6804987778944,0.0,1.0,yahoo,2023-12-13 16:24:29
2013-03-15,OIH,873.5999755859375,882.2000122070312,871.5999755859375,877.4000244140625,178125,699.3470384384312,0.0,1.0,yahoo,2023-12-13 16:24:29
2013-03-18,OIH,862.4000244140625,867.2000122070312,856.4000244140625,858.0,166240,683.8839096008543,0.0,1.0,yahoo,2023-12-13 16:24:29
2013-03-19,OIH,860.0,860.0,828.5999755859375,838.7999877929688,362605,668.5802039918465,0.0,1.0,yahoo,2023-12-13 16:24:29
2013-03-20,OIH,842.0,845.5999755859375,833.4000244140625,841.2000122070312,251290,670.4931854363996,0.0,1.0,yahoo,2023-12-13 16:24:29
2013-03-21,OIH,836.0,846.0,835.4000244140625,835.4000244140625,138170,665.8702037027251,0.0,1.0,yahoo,2023-12-13 16:24:29
2013-03-22,OIH,839.0,844.0,837.0,840.5999755859375,73480,670.0149157506918,0.0,1.0,yahoo,2023-12-13 16:24:29
2013-03-25,OIH,845.5999755859375,850.0,835.7999877929688,840.5999755859375,129745,670.0149157506918,0.0,1.0,yahoo,2023-12-13 16:24:29
2013-03-26,OIH,846.0,851.0,844.4000244140625,850.5999755859375,75940,677.9855906877647,0.0,1.0,yahoo,2023-12-13 16:24:29
2013-03-27,OIH,843.0,860.5999755859375,841.2000122070312,859.4000244140625,139220,684.9998235517,0.0,1.0,yahoo,2023-12-13 16:24:29
2013-03-28,OIH,861.4000244140625,862.5999755859375,855.0,858.2000122070312,98435,684.0433328294235,0.0,1.0,yahoo,2023-12-13 16:24:29
2013-04-01,OIH,856.5999755859375,860.0,841.0,846.0,157120,674.3190996763668,0.0,1.0,yahoo,2023-12-13 16:24:29
2013-04-02,OIH,847.4000244140625,852.5999755859375,841.5999755859375,845.7999877929688,161800,674.1596764477976,0.0,1.0,yahoo,2023-12-13 16:24:29
2013-04-03,OIH,845.5999755859375,847.0,823.2000122070312,827.0,285410,659.1748172959283,0.0,1.0,yahoo,2023-12-13 16:24:29
2013-04-04,OIH,825.2000122070312,829.4000244140625,819.2000122070312,826.4000244140625,236980,658.6965962593596,0.0,1.0,yahoo,2023-12-13 16:24:29
2013-04-05,OIH,813.0,833.5999755859375,812.0,833.5999755859375,292320,664.4354432947408,0.0,1.0,yahoo,2023-12-13 16:24:29
2013-04-08,OIH,834.7999877929688,842.2000122070312,833.2000122070312,840.4000244140625,172965,669.8555411712616,0.0,1.0,yahoo,2023-12-13 16:24:29
2013-04-09,OIH,842.7999877929688,848.4000244140625,836.0,846.5999755859375,203420,674.7973207129355,0.0,1.0,yahoo,2023-12-13 16:24:29
2013-04-10,OIH,843.4000244140625,863.4000244140625,843.4000244140625,860.0,209075,685.4780445882689,0.0,1.0,yahoo,2023-12-13 16:24:29
2013-04-11,OIH,859.7999877929688,868.0,853.4000244140625,865.4000244140625,205180,689.7822285139438,0.0,1.0,yahoo,2023-12-13 16:24:29
2013-04-12,OIH,858.2000122070312,860.0,839.7999877929688,848.2000122070312,318020,676.0726578923507,0.0,1.0,yahoo,2023-12-13 16:24:29
2013-04-15,OIH,836.2000122070312,839.5999755859375,804.0,804.0,547900,640.8422649406606,0.0,1.0,yahoo,2023-12-13 16:24:29
2013-04-16,OIH,813.0,822.0,805.2000122070312,820.5999755859375,413630,654.073565876546,0.0,1.0,yahoo,2023-12-13 16:24:29
2013-04-17,OIH,810.7999877929688,812.2000122070312,788.4000244140625,793.5999755859375,659850,632.5527435464493,0.0,1.0,yahoo,2023-12-13 16:24:29
2013-04-18,OIH,801.5999755859375,811.5999755859375,789.5999755859375,805.7999877929688,408810,642.276976699506,0.0,1.0,yahoo,2023-12-13 16:24:29
2013-04-19,OIH,818.2000122070312,818.2000122070312,793.2000122070312,800.0,304900,637.6539949658314,0.0,1.0,yahoo,2023-12-13 16:24:29
2013-04-22,OIH,810.2000122070312,817.2000122070312,800.2000122070312,814.7999877929688,350480,649.4505841428715,0.0,1.0,yahoo,2023-12-13 16:24:29
2013-04-23,OIH,816.5999755859375,826.0,811.2000122070312,822.4000244140625,196355,655.5083262845304,0.0,1.0,yahoo,2023-12-13 16:24:29
2013-04-24,OIH,827.4000244140625,848.2000122070312,825.4000244140625,841.4000244140625,454600,670.6526086649689,0.0,1.0,yahoo,2023-12-13 16:24:29
2013-04-25,OIH,843.2000122070312,847.4000244140625,834.4000244140625,836.4000244140625,308185,666.6672711964325,0.0,1.0,yahoo,2023-12-13 16:24:29
2013-04-26,OIH,832.7999877929688,836.7999877929688,825.7999877929688,832.7999877929688,233470,663.7977990296027,0.0,1.0,yahoo,2023-12-13 16:24:29
2013-04-29,OIH,839.5999755859375,846.0,830.2000122070312,843.5999755859375,180370,672.4061182318137,0.0,1.0,yahoo,2023-12-13 16:24:29
2013-04-30,OIH,843.7999877929688,855.4000244140625,839.2000122070312,855.4000244140625,190735,681.8115535768709,0.0,1.0,yahoo,2023-12-13 16:24:29
2013-05-01,OIH,845.7999877929688,848.5999755859375,837.7999877929688,844.2000122070312,410620,672.8843879175215,0.0,1.0,yahoo,2023-12-13 16:24:29
2013-05-02,OIH,846.0,856.2000122070312,842.0,853.0,251410,679.8985721323178,0.0,1.0,yahoo,2023-12-13 16:24:29
2013-05-03,OIH,862.7999877929688,877.7999877929688,861.2000122070312,871.5999755859375,345170,694.7240080556178,0.0,1.0,yahoo,2023-12-13 16:24:29
2013-05-06,OIH,873.0,880.7999877929688,870.4000244140625,878.7999877929688,273980,700.4629037401381,0.0,1.0,yahoo,2023-12-13 16:24:29
2013-05-07,OIH,884.0,892.7999877929688,878.2000122070312,888.4000244140625,245205,708.1147808692115,0.0,1.0,yahoo,2023-12-13 16:24:29
2013-05-08,OIH,891.7999877929688,895.2000122070312,884.7999877929688,895.2000122070312,153890,713.5348300965933,0.0,1.0,yahoo,2023-12-13 16:24:29
2013-05-09,OIH,892.4000244140625,894.4000244140625,883.4000244140625,889.5999755859375,155705,709.071222942349,0.0,1.0,yahoo,2023-12-13 16:24:29
2013-05-10,OIH,885.0,887.7999877929688,877.2000122070312,887.0,204600,706.9988669183657,0.0,1.0,yahoo,2023-12-13 16:24:29
2013-05-13,OIH,885.4000244140625,887.5999755859375,879.7999877929688,886.4000244140625,168160,706.5206458817969,0.0,1.0,yahoo,2023-12-13 16:24:29
2013-05-14,OIH,886.0,893.4000244140625,883.5999755859375,889.4000244140625,151170,708.9118483629187,0.0,1.0,yahoo,2023-12-13 16:24:29
2013-05-15,OIH,881.0,889.0,875.7999877929688,885.7999877929688,233590,706.0423761960891,0.0,1.0,yahoo,2023-12-13 16:24:29
2013-05-16,OIH,885.7999877929688,891.7999877929688,882.4000244140625,883.7999877929688,224515,704.4482412086745,0.0,1.0,yahoo,2023-12-13 16:24:29
2013-05-17,OIH,892.2000122070312,901.2000122070312,892.2000122070312,899.4000244140625,267735,716.8825232999917,0.0,1.0,yahoo,2023-12-13 16:24:29
2013-05-20,OIH,895.2000122070312,913.2000122070312,895.2000122070312,913.2000122070312,250790,727.8820449833245,0.0,1.0,yahoo,2023-12-13 16:24:29
2013-05-21,OIH,914.4000244140624,915.4000244140624,901.0,907.5999755859376,224230,723.4184378290803,0.0,1.0,yahoo,2023-12-13 16:24:29
2013-05-22,OIH,906.7999877929688,916.0,886.5999755859375,891.5999755859375,335180,710.6653579297636,0.0,1.0,yahoo,2023-12-13 16:24:29
2013-05-23,OIH,876.0,887.4000244140625,868.7999877929688,887.2000122070312,236395,707.158290146935,0.0,1.0,yahoo,2023-12-13 16:24:29
2013-05-24,OIH,879.4000244140625,884.0,873.4000244140625,883.5999755859375,218690,704.2888179801053,0.0,1.0,yahoo,2023-12-13 16:24:29
2013-05-28,OIH,898.5999755859375,900.7999877929688,889.7999877929688,892.7999877929688,114920,711.6218486520402,0.0,1.0,yahoo,2023-12-13 16:24:29
2013-05-29,OIH,886.2000122070312,893.2000122070312,882.2000122070312,889.4000244140625,187430,708.9118483629187,0.0,1.0,yahoo,2023-12-13 16:24:29
2013-05-30,OIH,881.0,887.0,877.0,883.2000122070312,250845,703.9700201721057,0.0,1.0,yahoo,2023-12-13 16:24:29
2013-05-31,OIH,877.4000244140625,878.2000122070312,864.0,864.5999755859375,188895,689.1445355996668,0.0,1.0,yahoo,2023-12-13 16:24:29
2013-06-03,OIH,869.0,872.4000244140625,859.7999877929688,870.5999755859375,173845,693.9269405619106,0.0,1.0,yahoo,2023-12-13 16:24:29
2013-06-04,OIH,869.7999877929688,876.0,859.5999755859375,864.7999877929688,187690,689.303958828236,0.0,1.0,yahoo,2023-12-13 16:24:29
2013-06-05,OIH,862.0,868.2000122070312,858.4000244140625,859.4000244140625,198865,684.9998235517,0.0,1.0,yahoo,2023-12-13 16:24:29
2013-06-06,OIH,859.5999755859375,869.4000244140625,855.0,868.4000244140625,135060,692.1734309950657,0.0,1.0,yahoo,2023-12-13 16:24:29
2013-06-07,OIH,873.2000122070312,878.4000244140625,865.4000244140625,877.2000122070312,124985,699.187615209862,0.0,1.0,yahoo,2023-12-13 16:24:29
2013-06-10,OIH,880.2000122070312,881.0,870.0,871.2000122070312,129360,694.4052102476182,0.0,1.0,yahoo,2023-12-13 16:24:29
2013-06-11,OIH,855.4000244140625,864.5999755859375,854.2000122070312,854.4000244140625,171540,681.0144860831637,0.0,1.0,yahoo,2023-12-13 16:24:29
2013-06-12,OIH,861.2000122070312,863.7999877929688,845.7999877929688,846.4000244140625,152115,674.6379461335054,0.0,1.0,yahoo,2023-12-13 16:24:29
2013-06-13,OIH,848.5999755859375,867.4000244140625,847.5999755859375,866.2000122070312,179870,690.4198727790819,0.0,1.0,yahoo,2023-12-13 16:24:29
2013-06-14,OIH,865.7999877929688,870.2000122070312,858.0,859.0,101835,684.6809770945615,0.0,1.0,yahoo,2023-12-13 16:24:29
2013-06-17,OIH,868.7999877929688,881.2000122070312,868.0,877.5999755859375,111930,699.5064130178615,0.0,1.0,yahoo,2023-12-13 16:24:29
2013-06-18,OIH,877.7999877929688,888.7999877929688,877.5999755859375,884.5999755859375,136455,705.0858854738126,0.0,1.0,yahoo,2023-12-13 16:24:29
2013-06-19,OIH,883.5999755859375,890.4000244140625,874.5999755859375,874.5999755859375,172100,697.1152105367397,0.0,1.0,yahoo,2023-12-13 16:24:29
2013-06-20,OIH,862.4000244140625,863.5999755859375,850.0,852.7999877929688,344955,679.7391489037485,0.0,1.0,yahoo,2023-12-13 16:24:29
2013-06-21,OIH,858.2000122070312,859.0,841.7999877929688,851.4000244140625,246035,678.6232836020417,0.0,1.0,yahoo,2023-12-13 16:24:29
2013-06-24,OIH,840.0,847.0,823.7999877929688,838.2000122070312,298200,668.1019829552778,0.0,1.0,yahoo,2023-12-13 16:24:29
2013-06-25,OIH,848.0,853.2000122070312,844.2000122070312,849.7999877929688,203955,677.3479464226267,0.0,1.0,yahoo,2023-12-13 16:24:29
2013-06-26,OIH,855.0,857.2000122070312,846.4000244140625,854.0,195185,680.6956396260251,0.0,1.0,yahoo,2023-12-13 16:24:29
2013-06-27,OIH,859.2000122070312,862.7999877929688,856.5999755859375,858.5999755859375,101180,684.362130637423,0.0,1.0,yahoo,2023-12-13 16:24:29
2013-06-28,OIH,855.5999755859375,862.5999755859375,853.4000244140625,855.5999755859375,153835,681.9709281563012,0.0,1.0,yahoo,2023-12-13 16:24:29
2013-07-01,OIH,860.7999877929688,870.7999877929688,859.5999755859375,866.2000122070312,171605,690.4198727790819,0.0,1.0,yahoo,2023-12-13 16:24:29
2013-07-02,OIH,863.4000244140625,875.7999877929688,863.4000244140625,872.0,139130,695.0428545127563,0.0,1.0,yahoo,2023-12-13 16:24:29
2013-07-03,OIH,867.0,871.7999877929688,862.5999755859375,869.5999755859375,85790,693.1298730682032,0.0,1.0,yahoo,2023-12-13 16:24:29
2013-07-05,OIH,875.7999877929688,886.0,870.5999755859375,884.2000122070312,140990,704.767087665813,0.0,1.0,yahoo,2023-12-13 16:24:29
2013-07-08,OIH,888.7999877929688,894.7999877929688,886.4000244140625,892.2000122070312,131070,711.1436276154714,0.0,1.0,yahoo,2023-12-13 16:24:29
2013-07-09,OIH,897.2000122070312,904.5999755859376,895.0,903.2000122070312,126275,719.9113700462516,0.0,1.0,yahoo,2023-12-13 16:24:29
2013-07-10,OIH,900.5999755859375,903.5999755859376,894.5999755859375,897.2000122070312,172040,715.1289650840079,0.0,1.0,yahoo,2023-12-13 16:24:29
2013-07-11,OIH,910.0,910.0,894.4000244140625,900.2000122070312,108985,717.5201675651297,0.0,1.0,yahoo,2023-12-13 16:24:29
2013-07-12,OIH,899.0,905.2000122070312,896.5999755859375,904.5999755859376,225475,721.0272353479585,0.0,1.0,yahoo,2023-12-13 16:24:29
2013-07-15,OIH,907.5999755859376,907.5999755859376,899.5999755859375,903.4000244140624,60710,720.0707932748207,0.0,1.0,yahoo,2023-12-13 16:24:29
2013-07-16,OIH,902.5999755859376,906.0,889.4000244140625,895.2000122070312,115275,713.5348300965933,0.0,1.0,yahoo,2023-12-13 16:24:29
2013-07-17,OIH,897.2000122070312,904.2000122070312,895.7999877929688,901.7999877929688,128360,718.7954560954057,0.0,1.0,yahoo,2023-12-13 16:24:29
2013-07-18,OIH,907.0,916.4000244140624,905.0,912.7999877929688,167800,727.5631985261859,0.0,1.0,yahoo,2023-12-13 16:24:29
2013-07-19,OIH,918.0,929.7999877929688,917.2000122070312,929.2000122070312,253475,740.6351248826411,0.0,1.0,yahoo,2023-12-13 16:24:29
2013-07-22,OIH,931.7999877929688,935.5999755859376,926.2000122070312,927.0,178220,738.8815666666572,0.0,1.0,yahoo,2023-12-13 16:24:29
2013-07-23,OIH,933.0,934.5999755859376,923.0,925.4000244140624,141690,737.6062781363811,0.0,1.0,yahoo,2023-12-13 16:24:29
2013-07-24,OIH,927.5999755859376,927.5999755859376,907.4000244140624,911.5999755859376,236360,726.6067078039094,0.0,1.0,yahoo,2023-12-13 16:24:29
2013-07-25,OIH,909.7999877929688,913.0,899.4000244140625,908.2000122070312,163470,723.896707514788,0.0,1.0,yahoo,2023-12-13 16:24:29
2013-07-26,OIH,907.7999877929688,908.2000122070312,895.5999755859375,902.0,314050,718.954879323975,0.0,1.0,yahoo,2023-12-13 16:24:29
2013-07-29,OIH,898.0,898.5999755859375,889.4000244140625,891.7999877929688,97945,710.8247811583328,0.0,1.0,yahoo,2023-12-13 16:24:29
2013-07-30,OIH,892.5999755859375,894.0,888.4000244140625,892.4000244140625,110875,711.3030508440406,0.0,1.0,yahoo,2023-12-13 16:24:29
2013-07-31,OIH,897.2000122070312,902.5999755859376,893.4000244140625,896.7999877929688,109675,714.8101186268693,0.0,1.0,yahoo,2023-12-13 16:24:29
2013-08-01,OIH,908.2000122070312,917.7999877929688,906.7999877929688,917.5999755859376,196735,731.3891127661532,0.0,1.0,yahoo,2023-12-13 16:24:29
2013-08-02,OIH,915.0,918.7999877929688,910.5999755859376,918.2000122070312,136275,731.8673824518609,0.0,1.0,yahoo,2023-12-13 16:24:29
2013-08-05,OIH,916.4000244140624,916.7999877929688,910.0,914.0,111235,728.5196892484624,0.0,1.0,yahoo,2023-12-13 16:24:29
2013-08-06,OIH,911.5999755859376,913.4000244140624,901.5999755859376,904.0,110930,720.5490143113896,0.0,1.0,yahoo,2023-12-13 16:24:29
2013-08-07,OIH,900.4000244140625,903.7999877929688,895.2000122070312,902.2000122070312,107750,719.1143025525442,0.0,1.0,yahoo,2023-12-13 16:24:29
2013-08-08,OIH,911.2000122070312,912.4000244140624,903.0,909.0,67100,724.534351779926,0.0,1.0,yahoo,2023-12-13 16:24:29
2013-08-09,OIH,908.5999755859376,912.4000244140624,898.2000122070312,905.5999755859376,90880,721.8243028416657,0.0,1.0,yahoo,2023-12-13 16:24:29
2013-08-12,OIH,904.0,908.0,898.2000122070312,904.5999755859376,98665,721.0272353479585,0.0,1.0,yahoo,2023-12-13 16:24:29
2013-08-13,OIH,906.2000122070312,915.5999755859376,904.5999755859376,913.4000244140624,171555,728.0414682118936,0.0,1.0,yahoo,2023-12-13 16:24:29
2013-08-14,OIH,912.2000122070312,917.0,908.4000244140624,908.7999877929688,137970,724.3749285513568,0.0,1.0,yahoo,2023-12-13 16:24:29
2013-08-15,OIH,904.4000244140624,908.0,898.7999877929688,905.7999877929688,122730,721.9837260702349,0.0,1.0,yahoo,2023-12-13 16:24:29
2013-08-16,OIH,905.7999877929688,906.5999755859376,899.0,902.5999755859376,168730,719.4331003605439,0.0,1.0,yahoo,2023-12-13 16:24:29
2013-08-19,OIH,900.5999755859375,900.7999877929688,889.7999877929688,890.0,139090,709.3900693994875,0.0,1.0,yahoo,2023-12-13 16:24:29
2013-08-20,OIH,889.7999877929688,900.4000244140625,888.2000122070312,896.4000244140625,145390,714.4913208188698,0.0,1.0,yahoo,2023-12-13 16:24:29
2013-08-21,OIH,893.7999877929688,897.0,887.0,888.2000122070312,188080,707.9553576406422,0.0,1.0,yahoo,2023-12-13 16:24:29
2013-08-22,OIH,891.4000244140625,908.2000122070312,890.7999877929688,904.4000244140624,194515,720.867860768528,0.0,1.0,yahoo,2023-12-13 16:24:29
2013-08-23,OIH,906.7999877929688,914.2000122070312,898.5999755859375,911.0,191500,726.1284867673406,0.0,1.0,yahoo,2023-12-13 16:24:29
2013-08-26,OIH,911.4000244140624,919.2000122070312,908.0,910.0,114460,725.3314192736333,0.0,1.0,yahoo,2023-12-13 16:24:29
2013-08-27,OIH,901.5999755859376,911.0,899.2000122070312,900.5999755859375,181840,717.8389653731292,0.0,1.0,yahoo,2023-12-13 16:24:29
2013-08-28,OIH,901.2000122070312,918.4000244140624,901.2000122070312,914.4000244140624,349175,728.8385357056009,0.0,1.0,yahoo,2023-12-13 16:24:29
2013-08-29,OIH,912.2000122070312,913.2000122070312,903.0,905.2000122070312,132485,721.5055050336662,0.0,1.0,yahoo,2023-12-13 16:24:29
2013-08-30,OIH,906.2000122070312,906.2000122070312,897.4000244140625,899.2000122070312,111915,716.7231000714224,0.0,1.0,yahoo,2023-12-13 16:24:29
2013-09-03,OIH,911.0,913.7999877929688,901.2000122070312,906.7999877929688,107845,722.7807935639422,0.0,1.0,yahoo,2023-12-13 16:24:29
2013-09-04,OIH,906.0,919.0,904.4000244140624,915.5999755859376,102075,729.7949777787386,0.0,1.0,yahoo,2023-12-13 16:24:29
2013-09-05,OIH,918.0,933.7999877929688,918.0,928.2000122070312,137150,739.8380573889337,0.0,1.0,yahoo,2023-12-13 16:24:29
2013-09-06,OIH,934.4000244140624,940.5999755859376,923.2000122070312,933.4000244140624,176260,743.9828180860394,0.0,1.0,yahoo,2023-12-13 16:24:29
2013-09-09,OIH,935.5999755859376,950.2000122070312,934.7999877929688,948.0,168470,755.6199840345103,0.0,1.0,yahoo,2023-12-13 16:24:29
2013-09-10,OIH,947.2000122070312,952.4000244140624,942.4000244140624,951.4000244140624,151255,758.3300329727706,0.0,1.0,yahoo,2023-12-13 16:24:29
2013-09-11,OIH,951.5999755859376,955.2000122070312,944.2000122070312,953.7999877929688,181085,760.2429657681848,0.0,1.0,yahoo,2023-12-13 16:24:29
2013-09-12,OIH,950.2000122070312,950.2000122070312,940.5999755859376,945.0,121910,753.2287815533884,0.0,1.0,yahoo,2023-12-13 16:24:29
2013-09-13,OIH,944.2000122070312,946.2000122070312,940.2000122070312,944.7999877929688,116280,753.0693583248192,0.0,1.0,yahoo,2023-12-13 16:24:29
2013-09-16,OIH,952.2000122070312,955.0,946.2000122070312,950.4000244140624,133675,757.5329654790634,0.0,1.0,yahoo,2023-12-13 16:24:29
2013-09-17,OIH,951.0,958.7999877929688,948.5999755859376,954.5999755859376,155960,760.8806100333229,0.0,1.0,yahoo,2023-12-13 16:24:29
2013-09-18,OIH,955.4000244140624,970.4000244140624,949.2000122070312,966.4000244140624,181475,770.28604537838,0.0,1.0,yahoo,2023-12-13 16:24:29
2013-09-19,OIH,969.2000122070312,970.0,961.4000244140624,964.2000122070312,143045,768.5324871623963,0.0,1.0,yahoo,2023-12-13 16:24:29
2013-09-20,OIH,964.5999755859376,966.0,950.2000122070312,951.2000122070312,118060,758.1706097442014,0.0,1.0,yahoo,2023-12-13 16:24:29
2013-09-23,OIH,950.0,954.0,942.2000122070312,944.0,118990,752.4317140596811,0.0,1.0,yahoo,2023-12-13 16:24:29
2013-09-24,OIH,944.0,952.0,937.0,945.7999877929688,158610,753.8664258185265,0.0,1.0,yahoo,2023-12-13 16:24:29
2013-09-25,OIH,949.5999755859376,957.0,946.4000244140624,951.5999755859376,178455,758.489407552201,0.0,1.0,yahoo,2023-12-13 16:24:29
2013-09-26,OIH,953.5999755859376,956.2000122070312,948.5999755859376,951.5999755859376,104270,758.489407552201,0.0,1.0,yahoo,2023-12-13 16:24:29
2013-09-27,OIH,943.7999877929688,948.0,940.0,946.4000244140624,79095,754.3446955042342,0.0,1.0,yahoo,2023-12-13 16:24:29
2013-09-30,OIH,934.5999755859376,945.4000244140624,931.0,941.5999755859376,163335,750.5187326151281,0.0,1.0,yahoo,2023-12-13 16:24:29
2013-10-01,OIH,940.4000244140624,957.0,940.4000244140624,953.4000244140624,123370,759.9241679601852,0.0,1.0,yahoo,2023-12-13 16:24:29
2013-10-02,OIH,947.0,961.4000244140624,946.5999755859376,961.2000122070312,91615,766.1412846812743,0.0,1.0,yahoo,2023-12-13 16:24:29
2013-10-03,OIH,960.7999877929688,962.2000122070312,948.4000244140624,955.4000244140624,151860,761.5183029475998,0.0,1.0,yahoo,2023-12-13 16:24:29
2013-10-04,OIH,953.5999755859376,968.2000122070312,950.0,963.5999755859376,92750,768.0542174766885,0.0,1.0,yahoo,2023-12-13 16:24:29
2013-10-07,OIH,953.0,961.7999877929688,952.0,955.2000122070312,125435,761.3588797190306,0.0,1.0,yahoo,2023-12-13 16:24:29
2013-10-08,OIH,956.0,960.4000244140624,944.2000122070312,945.2000122070312,179565,753.3882047819577,0.0,1.0,yahoo,2023-12-13 16:24:29
2013-10-09,OIH,948.5999755859376,948.5999755859376,932.7999877929688,938.4000244140624,262790,747.9681555545759,0.0,1.0,yahoo,2023-12-13 16:24:29
2013-10-10,OIH,950.2000122070312,960.2000122070312,947.5999755859376,959.7999877929688,157085,765.0253707304286,0.0,1.0,yahoo,2023-12-13 16:24:29
2013-10-11,OIH,953.4000244140624,968.7999877929688,951.7999877929688,965.7999877929688,140695,769.8077756926723,0.0,1.0,yahoo,2023-12-13 16:24:29
2013-10-14,OIH,959.7999877929688,977.2000122070312,957.4000244140624,976.2000122070312,212345,778.0972970868837,0.0,1.0,yahoo,2023-12-13 16:24:29
2013-10-15,OIH,971.5999755859376,975.0,964.0,970.2000122070312,213445,773.31489212464,0.0,1.0,yahoo,2023-12-13 16:24:29
2013-10-16,OIH,975.7999877929688,983.7999877929688,973.5999755859376,982.0,164685,782.7202788205582,0.0,1.0,yahoo,2023-12-13 16:24:29
2013-10-17,OIH,983.0,986.5999755859376,978.7999877929688,984.0,163460,784.3144138079728,0.0,1.0,yahoo,2023-12-13 16:24:29
2013-10-18,OIH,1001.2000122070312,1008.2000122070312,999.4000244140624,1004.0,302490,800.2557636821185,0.0,1.0,yahoo,2023-12-13 16:24:29
2013-10-21,OIH,1000.0,1007.4000244140624,993.0,994.5999755859376,268350,792.7633097816145,0.0,1.0,yahoo,2023-12-13 16:24:29
2013-10-22,OIH,998.5999755859376,1012.2000122070312,998.5999755859376,1005.2000122070312,413795,801.212254404395,0.0,1.0,yahoo,2023-12-13 16:24:29
2013-10-23,OIH,994.2000122070312,995.5999755859376,979.2000122070312,983.0,355650,783.5173463142654,0.0,1.0,yahoo,2023-12-13 16:24:29
2013-10-24,OIH,981.0,981.7999877929688,971.0,979.0,218610,780.3290763394363,0.0,1.0,yahoo,2023-12-13 16:24:29
2013-10-25,OIH,982.7999877929688,988.5999755859376,981.2000122070312,987.5999755859376,187250,787.1838373256635,0.0,1.0,yahoo,2023-12-13 16:24:29
2013-10-28,OIH,987.0,993.5999755859376,983.7999877929688,991.5999755859376,448240,790.3721073004926,0.0,1.0,yahoo,2023-12-13 16:24:29
2013-10-29,OIH,993.7999877929688,999.2000122070312,992.7999877929688,998.4000244140624,147550,795.7922051770132,0.0,1.0,yahoo,2023-12-13 16:24:29
2013-10-30,OIH,1001.0,1005.2000122070312,988.7999877929688,994.5999755859376,219640,792.7633097816145,0.0,1.0,yahoo,2023-12-13 16:24:29
2013-10-31,OIH,993.2000122070312,1001.2000122070312,988.5999755859376,992.4000244140624,203950,791.0098002147695,0.0,1.0,yahoo,2023-12-13 16:24:29
2013-11-01,OIH,995.2000122070312,996.0,978.5999755859376,988.7999877929688,225555,788.1403280479399,0.0,1.0,yahoo,2023-12-13 16:24:29
2013-11-04,OIH,995.4000244140624,997.4000244140624,988.0,997.2000122070312,157780,794.8357144547367,0.0,1.0,yahoo,2023-12-13 16:24:29
2013-11-05,OIH,991.2000122070312,994.7999877929688,983.7999877929688,988.5999755859376,203930,787.9809048193707,0.0,1.0,yahoo,2023-12-13 16:24:29
2013-11-06,OIH,996.2000122070312,1005.7999877929688,991.7999877929688,1000.7999877929688,308905,797.7051379724273,0.0,1.0,yahoo,2023-12-13 16:24:29
2013-11-07,OIH,1005.5999755859376,1005.7999877929688,985.2000122070312,987.4000244140624,429865,787.024462746233,0.0,1.0,yahoo,2023-12-13 16:24:29
2013-11-08,OIH,985.2000122070312,1010.5999755859376,985.2000122070312,1010.4000244140624,207580,805.3570151015007,0.0,1.0,yahoo,2023-12-13 16:24:29
2013-11-11,OIH,1009.7999877929688,1021.7999877929688,1009.4000244140624,1015.0,160090,809.0235061128986,0.0,1.0,yahoo,2023-12-13 16:24:29
2013-11-12,OIH,1011.2000122070312,1011.2000122070312,993.7999877929688,998.2000122070312,208135,795.6327819484441,0.0,1.0,yahoo,2023-12-13 16:24:29
2013-11-13,OIH,994.5999755859376,1008.5999755859376,988.0,1008.5999755859376,334700,803.9222546935165,0.0,1.0,yahoo,2023-12-13 16:24:29
2013-11-14,OIH,1009.7999877929688,1015.0,1005.5999755859376,1014.5999755859376,141680,808.7046596557602,0.0,1.0,yahoo,2023-12-13 16:24:29
2013-11-15,OIH,1020.2000122070312,1022.2000122070312,1012.2000122070312,1016.4000244140624,120295,810.1394200637444,0.0,1.0,yahoo,2023-12-13 16:24:29
2013-11-18,OIH,1019.4000244140624,1019.4000244140624,996.0,999.5999755859376,215200,796.748647250151,0.0,1.0,yahoo,2023-12-13 16:24:29
2013-11-19,OIH,998.7999877929688,1000.0,988.7999877929688,992.0,367025,790.6909537576311,0.0,1.0,yahoo,2023-12-13 16:24:29
2013-11-20,OIH,993.4000244140624,997.2000122070312,986.7999877929688,989.5999755859376,183755,788.7779723130781,0.0,1.0,yahoo,2023-12-13 16:24:29
2013-11-21,OIH,991.7999877929688,995.5999755859376,986.5999755859376,994.2000122070312,300585,792.4445119736149,0.0,1.0,yahoo,2023-12-13 16:24:29
2013-11-22,OIH,995.0,997.7999877929688,988.7999877929688,997.4000244140624,154270,794.9951376833059,0.0,1.0,yahoo,2023-12-13 16:24:29
2013-11-25,OIH,994.0,995.2000122070312,970.5999755859376,972.5999755859376,325260,775.2278249200541,0.0,1.0,yahoo,2023-12-13 16:24:29
2013-11-26,OIH,971.7999877929688,976.2000122070312,964.5999755859376,973.0,170965,775.5466713771925,0.0,1.0,yahoo,2023-12-13 16:24:29
2013-11-27,OIH,971.0,974.5999755859376,958.5999755859376,965.0,167115,769.1701314275342,0.0,1.0,yahoo,2023-12-13 16:24:29
2013-11-29,OIH,966.5999755859376,976.0,963.0,967.7999877929688,62355,771.4019106800869,0.0,1.0,yahoo,2023-12-13 16:24:29
2013-12-02,OIH,969.0,974.2000122070312,957.7999877929688,964.0,233810,768.373063933827,0.0,1.0,yahoo,2023-12-13 16:24:29
2013-12-03,OIH,959.7999877929688,972.5999755859376,956.2000122070312,966.5999755859376,200860,770.4454199578104,0.0,1.0,yahoo,2023-12-13 16:24:29
2013-12-04,OIH,964.7999877929688,967.4000244140624,950.2000122070312,962.2000122070312,256975,766.9383521749817,0.0,1.0,yahoo,2023-12-13 16:24:29
2013-12-05,OIH,957.4000244140624,965.2000122070312,955.7999877929688,959.7999877929688,250290,765.0253707304286,0.0,1.0,yahoo,2023-12-13 16:24:29
2013-12-06,OIH,966.4000244140624,970.2000122070312,960.0,962.4000244140624,158200,767.0977754035508,0.0,1.0,yahoo,2023-12-13 16:24:29
2013-12-09,OIH,959.5999755859376,964.0,952.2000122070312,960.0,154670,765.1847939589978,0.0,1.0,yahoo,2023-12-13 16:24:29
2013-12-10,OIH,959.0,960.7999877929688,948.4000244140624,950.0,211485,757.2141190219248,0.0,1.0,yahoo,2023-12-13 16:24:29
2013-12-11,OIH,952.4000244140624,952.7999877929688,936.0,939.2000122070312,184370,748.605799819714,0.0,1.0,yahoo,2023-12-13 16:24:29
2013-12-12,OIH,939.0,950.4000244140624,937.2000122070312,945.2000122070312,290885,753.3882047819577,0.0,1.0,yahoo,2023-12-13 16:24:29
2013-12-13,OIH,946.0,948.7999877929688,937.5999755859376,943.0,159405,751.6346465659739,0.0,1.0,yahoo,2023-12-13 16:24:29
2013-12-16,OIH,949.2000122070312,955.5999755859376,946.7999877929688,953.2000122070312,167725,759.764744731616,0.0,1.0,yahoo,2023-12-13 16:24:29
2013-12-17,OIH,950.7999877929688,955.2000122070312,943.4000244140624,945.0,200285,753.2287815533884,0.0,1.0,yahoo,2023-12-13 16:24:29
2013-12-18,OIH,945.0,950.4000244140624,932.5999755859376,950.0,318060,757.2141190219248,0.0,1.0,yahoo,2023-12-13 16:24:29
2013-12-19,OIH,948.0,948.0,935.5999755859376,942.7999877929688,208925,751.4752233374046,0.0,1.0,yahoo,2023-12-13 16:24:29
2013-12-20,OIH,943.0,953.5999755859376,942.4000244140624,951.0,222760,758.0111865156322,0.0,1.0,yahoo,2023-12-13 16:24:29
2013-12-23,OIH,947.0,947.4000244140624,936.2000122070312,936.4000244140624,260595,754.9796774584862,10.84,1.0,yahoo,2023-12-13 16:24:29
2013-12-24,OIH,938.5999755859376,951.5999755859376,938.0,948.5999755859376,65285,764.8159813463627,0.0,1.0,yahoo,2023-12-13 16:24:29
2013-12-26,OIH,950.4000244140624,954.2000122070312,949.4000244140624,952.0,64545,767.5572770197433,0.0,1.0,yahoo,2023-12-13 16:24:29
2013-12-27,OIH,954.2000122070312,960.7999877929688,953.7999877929688,958.2000122070312,88905,772.556084254111,0.0,1.0,yahoo,2023-12-13 16:24:29
2013-12-30,OIH,960.7999877929688,963.2000122070312,952.5999755859376,953.4000244140624,129000,768.6860574052673,0.0,1.0,yahoo,2023-12-13 16:24:29
2013-12-31,OIH,954.5999755859376,963.0,952.5999755859376,961.4000244140624,130295,775.1361185566938,0.0,1.0,yahoo,2023-12-13 16:24:29
2014-01-02,OIH,957.2000122070312,962.2000122070312,943.0,946.4000244140624,303535,763.0422538977692,0.0,1.0,yahoo,2023-12-13 16:24:29
2014-01-03,OIH,949.7999877929688,954.4000244140624,945.2000122070312,945.2000122070312,131800,762.0747348830431,0.0,1.0,yahoo,2023-12-13 16:24:29
2014-01-06,OIH,953.0,953.0,938.5999755859376,943.7999877929688,167945,760.945954497519,0.0,1.0,yahoo,2023-12-13 16:24:29
2014-01-07,OIH,947.7999877929688,947.7999877929688,936.0,941.4000244140624,265090,759.0109656781277,0.0,1.0,yahoo,2023-12-13 16:24:29
2014-01-08,OIH,937.4000244140624,940.5999755859376,928.7999877929688,934.4000244140624,278090,753.3671621706296,0.0,1.0,yahoo,2023-12-13 16:24:29
2014-01-09,OIH,938.5999755859376,938.7999877929688,926.7999877929688,932.5999755859376,251140,751.9158590435098,0.0,1.0,yahoo,2023-12-13 16:24:29
2014-01-10,OIH,933.7999877929688,946.5999755859376,931.7999877929688,946.5999755859376,254345,763.203466058506,0.0,1.0,yahoo,2023-12-13 16:24:29
2014-01-13,OIH,943.4000244140624,943.4000244140624,927.2000122070312,929.2000122070312,381550,749.1746125801902,0.0,1.0,yahoo,2023-12-13 16:24:29
2014-01-14,OIH,929.4000244140624,944.4000244140624,929.4000244140624,942.7999877929688,206380,760.1396968535906,0.0,1.0,yahoo,2023-12-13 16:24:29
2014-01-15,OIH,944.0,944.7999877929688,937.7999877929688,941.4000244140624,162110,759.0109656781277,0.0,1.0,yahoo,2023-12-13 16:24:29
2014-01-16,OIH,939.5999755859376,943.2000122070312,935.0,940.0,137845,757.8821852926037,0.0,1.0,yahoo,2023-12-13 16:24:29
2014-01-17,OIH,944.0,947.0,935.2000122070312,943.0,220040,760.3009582243886,0.0,1.0,yahoo,2023-12-13 16:24:29
2014-01-21,OIH,951.4000244140624,959.5999755859376,941.0,950.2000122070312,250675,766.1060231026846,0.0,1.0,yahoo,2023-12-13 16:24:29
2014-01-22,OIH,951.0,953.7999877929688,944.5999755859376,953.2000122070312,293270,768.5247960344695,0.0,1.0,yahoo,2023-12-13 16:24:29
2014-01-23,OIH,950.4000244140624,953.2000122070312,933.4000244140624,937.5999755859376,321800,755.9471472631514,0.0,1.0,yahoo,2023-12-13 16:24:29
2014-01-24,OIH,929.7999877929688,929.7999877929688,912.7999877929688,915.2000122070312,489755,737.887005565194,0.0,1.0,yahoo,2023-12-13 16:24:29
2014-01-27,OIH,915.5999755859376,919.2000122070312,903.2000122070312,912.0,195265,735.3069712626112,0.0,1.0,yahoo,2023-12-13 16:24:29
2014-01-28,OIH,913.0,914.5999755859376,906.2000122070312,910.4000244140624,276165,734.0169787163504,0.0,1.0,yahoo,2023-12-13 16:24:29
2014-01-29,OIH,903.5999755859376,906.7999877929688,896.4000244140625,901.5999755859376,354260,726.9218720817324,0.0,1.0,yahoo,2023-12-13 16:24:29
2014-01-30,OIH,912.4000244140624,918.5999755859376,907.7999877929688,914.7999877929688,273910,737.5644828235983,0.0,1.0,yahoo,2023-12-13 16:24:29
2014-01-31,OIH,901.4000244140624,916.4000244140624,901.4000244140624,909.5999755859376,252630,733.3719332331589,0.0,1.0,yahoo,2023-12-13 16:24:29
2014-02-03,OIH,909.0,910.7999877929688,891.4000244140625,894.4000244140625,283840,721.1168564134977,0.0,1.0,yahoo,2023-12-13 16:24:29
2014-02-04,OIH,902.0,907.0,896.5999755859375,905.4000244140624,115465,729.9856904967089,0.0,1.0,yahoo,2023-12-13 16:24:29
2014-02-05,OIH,903.2000122070312,904.4000244140624,893.2000122070312,894.2000122070312,136435,720.9555950426998,0.0,1.0,yahoo,2023-12-13 16:24:29
2014-02-06,OIH,900.0,919.5999755859376,898.2000122070312,916.5999755859376,133505,739.015736740657,0.0,1.0,yahoo,2023-12-13 16:24:29
2014-02-07,OIH,919.0,925.2000122070312,915.5999755859376,923.7999877929688,164640,744.8208016189529,0.0,1.0,yahoo,2023-12-13 16:24:29
2014-02-10,OIH,924.0,924.0,914.4000244140624,920.5999755859376,113145,742.2407673163702,0.0,1.0,yahoo,2023-12-13 16:24:29
2014-02-11,OIH,921.4000244140624,944.4000244140624,921.4000244140624,941.7999877929688,165435,759.3334392096624,0.0,1.0,yahoo,2023-12-13 16:24:29
2014-02-12,OIH,943.5999755859376,948.5999755859376,936.0,937.2000122070312,102465,755.6246737316167,0.0,1.0,yahoo,2023-12-13 16:24:29
2014-02-13,OIH,930.7999877929688,947.4000244140624,929.0,943.2000122070312,135740,760.4622195951865,0.0,1.0,yahoo,2023-12-13 16:24:29
2014-02-14,OIH,942.0,949.7999877929688,942.0,946.4000244140624,98485,763.0422538977692,0.0,1.0,yahoo,2023-12-13 16:24:29
2014-02-18,OIH,947.0,952.4000244140624,938.2000122070312,951.4000244140624,156835,767.0735421174107,0.0,1.0,yahoo,2023-12-13 16:24:29
2014-02-19,OIH,949.4000244140624,961.2000122070312,949.0,951.5999755859376,131875,767.2347542781475,0.0,1.0,yahoo,2023-12-13 16:24:29
2014-02-20,OIH,952.5999755859376,959.2000122070312,951.0,957.4000244140624,88485,771.9110879809806,0.0,1.0,yahoo,2023-12-13 16:24:29
2014-02-21,OIH,957.5999755859376,959.4000244140624,950.5999755859376,951.0,136960,766.751019375815,0.0,1.0,yahoo,2023-12-13 16:24:29
2014-02-24,OIH,954.7999877929688,979.0,954.7999877929688,972.5999755859376,287920,784.1661648006419,0.0,1.0,yahoo,2023-12-13 16:24:29
2014-02-25,OIH,968.0,968.0,952.0,964.4000244140624,202205,777.5548914884787,0.0,1.0,yahoo,2023-12-13 16:24:29
2014-02-26,OIH,965.0,968.4000244140624,958.4000244140624,961.0,103000,774.813595815098,0.0,1.0,yahoo,2023-12-13 16:24:29
2014-02-27,OIH,959.7999877929688,965.5999755859376,953.0,965.5999755859376,208755,778.5223612931438,0.0,1.0,yahoo,2023-12-13 16:24:29
2014-02-28,OIH,964.5999755859376,980.5999755859376,964.5999755859376,976.4000244140624,136950,787.2299832156183,0.0,1.0,yahoo,2023-12-13 16:24:29
2014-03-03,OIH,967.0,979.4000244140624,960.7999877929688,965.0,170590,778.0386263908113,0.0,1.0,yahoo,2023-12-13 16:24:29
2014-03-04,OIH,977.2000122070312,980.5999755859376,970.2000122070312,976.4000244140624,100395,787.2299832156183,0.0,1.0,yahoo,2023-12-13 16:24:29
2014-03-05,OIH,975.5999755859376,979.5999755859376,969.5999755859376,972.4000244140624,111545,784.0049526399051,0.0,1.0,yahoo,2023-12-13 16:24:29
2014-03-06,OIH,974.0,984.7999877929688,972.4000244140624,983.5999755859376,129920,793.0349988838532,0.0,1.0,yahoo,2023-12-13 16:24:29
2014-03-07,OIH,984.0,986.7999877929688,976.5999755859376,981.4000244140624,109960,791.2612714352598,0.0,1.0,yahoo,2023-12-13 16:24:29
2014-03-10,OIH,979.5999755859376,981.7999877929688,971.2000122070312,980.7999877929688,107090,790.7774873228661,0.0,1.0,yahoo,2023-12-13 16:24:29
2014-03-11,OIH,984.0,986.4000244140624,964.2000122070312,968.2000122070312,440085,780.6186606933941,0.0,1.0,yahoo,2023-12-13 16:24:29
2014-03-12,OIH,958.7999877929688,963.2000122070312,954.0,961.5999755859376,160865,775.2973307174306,0.0,1.0,yahoo,2023-12-13 16:24:29
2014-03-13,OIH,964.2000122070312,964.2000122070312,938.5999755859376,946.5999755859376,228490,763.203466058506,0.0,1.0,yahoo,2023-12-13 16:24:29
2014-03-14,OIH,946.0,951.0,941.2000122070312,944.2000122070312,311530,761.2684772391148,0.0,1.0,yahoo,2023-12-13 16:24:29
2014-03-17,OIH,947.0,954.7999877929688,945.5999755859376,953.7999877929688,94700,769.008530936802,0.0,1.0,yahoo,2023-12-13 16:24:29
2014-03-18,OIH,957.4000244140624,963.5999755859376,954.5999755859376,960.2000122070312,198815,774.1685995419676,0.0,1.0,yahoo,2023-12-13 16:24:29
2014-03-19,OIH,963.5999755859376,967.4000244140624,955.7999877929688,960.5999755859376,142895,774.4910730735023,0.0,1.0,yahoo,2023-12-13 16:24:29
2014-03-20,OIH,957.2000122070312,971.4000244140624,956.7999877929688,967.4000244140624,103785,779.9736644202636,0.0,1.0,yahoo,2023-12-13 16:24:29
2014-03-21,OIH,963.0,985.7999877929688,963.0,978.5999755859376,267365,789.0037106642117,0.0,1.0,yahoo,2023-12-13 16:24:29
2014-03-24,OIH,985.2000122070312,989.4000244140624,972.5999755859376,974.0,121940,785.2949451861659,0.0,1.0,yahoo,2023-12-13 16:24:29
2014-03-25,OIH,977.5999755859376,991.2000122070312,977.5999755859376,989.4000244140624,134930,797.7113325866862,0.0,1.0,yahoo,2023-12-13 16:24:29
2014-03-26,OIH,995.0,998.0,982.4000244140624,983.4000244140624,151470,792.8737867231164,0.0,1.0,yahoo,2023-12-13 16:24:29
2014-03-27,OIH,984.0,997.4000244140624,983.7999877929688,989.2000122070312,184215,797.5500712158884,0.0,1.0,yahoo,2023-12-13 16:24:29
2014-03-28,OIH,994.5999755859376,1009.0,991.4000244140624,1005.5999755859376,139225,810.7726670502759,0.0,1.0,yahoo,2023-12-13 16:24:29
2014-03-31,OIH,1013.0,1013.0,1002.0,1006.5999755859376,205205,811.5789246942041,0.0,1.0,yahoo,2023-12-13 16:24:29
2014-04-01,OIH,1011.0,1011.0,1002.7999877929688,1009.5999755859376,135165,813.9976976259891,0.0,1.0,yahoo,2023-12-13 16:24:29
2014-04-02,OIH,1009.4000244140624,1015.2000122070312,1008.7999877929688,1012.4000244140624,89445,816.2552583970372,0.0,1.0,yahoo,2023-12-13 16:24:29
2014-04-03,OIH,1011.4000244140624,1015.0,1007.5999755859376,1008.7999877929688,108910,813.3527013528586,0.0,1.0,yahoo,2023-12-13 16:24:29
2014-04-04,OIH,1012.2000122070312,1024.800048828125,1007.5999755859376,1010.5999755859376,180640,814.8039552699174,0.0,1.0,yahoo,2023-12-13 16:24:29
2014-04-07,OIH,1005.2000122070312,1008.5999755859376,992.0,992.5999755859376,195495,800.291317679208,0.0,1.0,yahoo,2023-12-13 16:24:29
2014-04-08,OIH,992.5999755859376,1007.4000244140624,992.2000122070312,1004.0,123495,809.482674504015,0.0,1.0,yahoo,2023-12-13 16:24:29
2014-04-09,OIH,1007.5999755859376,1008.4000244140624,996.0,1004.2000122070312,98925,809.6439358748129,0.0,1.0,yahoo,2023-12-13 16:24:29
2014-04-10,OIH,1001.0,1011.0,987.4000244140624,988.4000244140624,158690,796.9050749427579,0.0,1.0,yahoo,2023-12-13 16:24:29
2014-04-11,OIH,984.0,989.4000244140624,979.5999755859376,980.7999877929688,162775,790.7774873228661,0.0,1.0,yahoo,2023-12-13 16:24:29
2014-04-14,OIH,991.2000122070312,1004.7999877929688,984.5999755859376,1000.0,133490,806.2576439283018,0.0,1.0,yahoo,2023-12-13 16:24:29
2014-04-15,OIH,1001.2000122070312,1015.7999877929688,998.5999755859376,1013.2000122070312,127955,816.9002546701677,0.0,1.0,yahoo,2023-12-13 16:24:29
2014-04-16,OIH,1018.7999877929688,1021.2000122070312,1009.2000122070312,1018.4000244140624,210780,821.092804260607,0.0,1.0,yahoo,2023-12-13 16:24:29
2014-04-17,OIH,1024.199951171875,1029.800048828125,1012.7999877929688,1022.0,277815,823.9953120947245,0.0,1.0,yahoo,2023-12-13 16:24:29
2014-04-21,OIH,1027.5999755859375,1038.4000244140625,1024.199951171875,1034.199951171875,174665,833.8316159826007,0.0,1.0,yahoo,2023-12-13 16:24:29
2014-04-22,OIH,1033.5999755859375,1041.0,1027.0,1037.800048828125,112525,836.7342222368407,0.0,1.0,yahoo,2023-12-13 16:24:29
2014-04-23,OIH,1041.0,1051.800048828125,1040.0,1045.0,111350,842.5392379050754,0.0,1.0,yahoo,2023-12-13 16:24:29
2014-04-24,OIH,1048.199951171875,1055.199951171875,1038.800048828125,1043.199951171875,138225,841.0879347779554,0.0,1.0,yahoo,2023-12-13 16:24:29
2014-04-25,OIH,1042.5999755859375,1052.4000244140625,1038.4000244140625,1045.5999755859375,124790,843.0229728074079,0.0,1.0,yahoo,2023-12-13 16:24:29
2014-04-28,OIH,1046.199951171875,1046.4000244140625,1026.800048828125,1035.800048828125,141185,835.1217069489841,0.0,1.0,yahoo,2023-12-13 16:24:29
2014-04-29,OIH,1039.5999755859375,1054.4000244140625,1037.5999755859375,1038.0,86945,836.8954343975772,0.0,1.0,yahoo,2023-12-13 16:24:29
2014-04-30,OIH,1035.199951171875,1044.199951171875,1029.5999755859375,1042.4000244140625,116085,840.4429877148863,0.0,1.0,yahoo,2023-12-13 16:24:29
2014-05-01,OIH,1041.800048828125,1041.800048828125,1030.5999755859375,1033.199951171875,102655,833.0253583386724,0.0,1.0,yahoo,2023-12-13 16:24:29
2014-05-02,OIH,1035.0,1047.0,1032.0,1041.199951171875,93390,839.4754194900988,0.0,1.0,yahoo,2023-12-13 16:24:29
2014-05-05,OIH,1035.800048828125,1047.199951171875,1033.5999755859375,1044.4000244140625,60120,842.0555030027429,0.0,1.0,yahoo,2023-12-13 16:24:29
2014-05-06,OIH,1042.0,1049.199951171875,1041.0,1044.5999755859375,79255,842.2167151634795,0.0,1.0,yahoo,2023-12-13 16:24:29
2014-05-07,OIH,1049.0,1055.0,1040.0,1054.5999755859375,97865,850.2792916027626,0.0,1.0,yahoo,2023-12-13 16:24:29
2014-05-08,OIH,1052.4000244140625,1060.199951171875,1037.5999755859375,1038.4000244140625,218410,837.2179571391731,0.0,1.0,yahoo,2023-12-13 16:24:29
2014-05-09,OIH,1037.5999755859375,1039.4000244140625,1028.800048828125,1033.800048828125,83715,833.5091916611274,0.0,1.0,yahoo,2023-12-13 16:24:29
2014-05-12,OIH,1036.5999755859375,1040.800048828125,1029.4000244140625,1039.800048828125,147895,838.3467375246972,0.0,1.0,yahoo,2023-12-13 16:24:29
2014-05-13,OIH,1038.0,1044.0,1036.800048828125,1040.199951171875,241820,838.6691618461705,0.0,1.0,yahoo,2023-12-13 16:24:29
2014-05-14,OIH,1037.0,1049.0,1037.0,1039.800048828125,103385,838.3467375246972,0.0,1.0,yahoo,2023-12-13 16:24:29
2014-05-15,OIH,1035.199951171875,1037.5999755859375,1008.7999877929688,1022.5999755859376,230570,824.479046997057,0.0,1.0,yahoo,2023-12-13 16:24:29
2014-05-16,OIH,1022.4000244140624,1025.800048828125,1012.7999877929688,1024.5999755859375,144250,826.0915622849135,0.0,1.0,yahoo,2023-12-13 16:24:29
2014-05-19,OIH,1025.4000244140625,1033.5999755859375,1021.7999877929688,1031.800048828125,118055,831.8966763732708,0.0,1.0,yahoo,2023-12-13 16:24:29
2014-05-20,OIH,1029.0,1033.4000244140625,1025.800048828125,1029.4000244140625,84240,829.9616383438183,0.0,1.0,yahoo,2023-12-13 16:24:29
2014-05-21,OIH,1034.0,1042.0,1034.0,1039.0,85085,837.7016920415056,0.0,1.0,yahoo,2023-12-13 16:24:29
2014-05-22,OIH,1038.800048828125,1048.4000244140625,1038.5999755859375,1043.0,74925,840.9267226172187,0.0,1.0,yahoo,2023-12-13 16:24:29
2014-05-23,OIH,1042.5999755859375,1047.5999755859375,1039.5999755859375,1043.0,80600,840.9267226172187,0.0,1.0,yahoo,2023-12-13 16:24:29
2014-05-27,OIH,1046.5999755859375,1052.800048828125,1044.4000244140625,1051.0,82660,847.3767837686452,0.0,1.0,yahoo,2023-12-13 16:24:29
2014-05-28,OIH,1050.4000244140625,1052.5999755859375,1038.5999755859375,1046.800048828125,94505,843.9905410321953,0.0,1.0,yahoo,2023-12-13 16:24:29
2014-05-29,OIH,1048.5999755859375,1062.199951171875,1048.5999755859375,1060.5999755859375,79915,855.1168374663324,0.0,1.0,yahoo,2023-12-13 16:24:29
2014-05-30,OIH,1058.0,1063.199951171875,1054.800048828125,1062.4000244140625,102790,856.5681405934523,0.0,1.0,yahoo,2023-12-13 16:24:29
2014-06-02,OIH,1064.199951171875,1069.0,1057.4000244140625,1063.5999755859375,121190,857.5356103981172,0.0,1.0,yahoo,2023-12-13 16:24:29
2014-06-03,OIH,1059.4000244140625,1070.800048828125,1057.4000244140625,1070.0,66805,862.6956790032829,0.0,1.0,yahoo,2023-12-13 16:24:29
2014-06-04,OIH,1067.199951171875,1071.0,1061.0,1070.4000244140625,72485,863.0182017448788,0.0,1.0,yahoo,2023-12-13 16:24:29
2014-06-05,OIH,1069.5999755859375,1075.5999755859375,1064.199951171875,1074.199951171875,90775,866.0819217397328,0.0,1.0,yahoo,2023-12-13 16:24:29
2014-06-06,OIH,1078.199951171875,1089.5999755859375,1076.800048828125,1089.4000244140625,69155,878.3370969795164,0.0,1.0,yahoo,2023-12-13 16:24:29
2014-06-09,OIH,1089.800048828125,1097.800048828125,1088.199951171875,1095.0,164805,882.8521201014904,0.0,1.0,yahoo,2023-12-13 16:24:29
2014-06-10,OIH,1091.0,1095.800048828125,1089.0,1090.199951171875,63880,878.9820440425856,0.0,1.0,yahoo,2023-12-13 16:24:29
2014-06-11,OIH,1083.5999755859375,1088.4000244140625,1080.4000244140625,1086.5999755859375,84595,876.0795362084682,0.0,1.0,yahoo,2023-12-13 16:24:29
2014-06-12,OIH,1092.0,1102.0,1090.199951171875,1092.4000244140625,161915,880.7558699113014,0.0,1.0,yahoo,2023-12-13 16:24:29
2014-06-13,OIH,1097.199951171875,1104.4000244140625,1088.199951171875,1104.199951171875,104670,890.2696510575818,0.0,1.0,yahoo,2023-12-13 16:24:29
2014-06-16,OIH,1101.800048828125,1105.199951171875,1093.800048828125,1102.4000244140625,200515,888.8184463505844,0.0,1.0,yahoo,2023-12-13 16:24:29
2014-06-17,OIH,1100.4000244140625,1105.800048828125,1095.5999755859375,1101.4000244140625,155090,888.012188706656,0.0,1.0,yahoo,2023-12-13 16:24:29
2014-06-18,OIH,1102.800048828125,1111.4000244140625,1098.4000244140625,1110.800048828125,98795,895.5910302436066,0.0,1.0,yahoo,2023-12-13 16:24:29
2014-06-19,OIH,1111.0,1115.800048828125,1105.0,1115.199951171875,67760,899.1384851407931,0.0,1.0,yahoo,2023-12-13 16:24:29
2014-06-20,OIH,1120.0,1134.0,1118.0,1131.4000244140625,189290,912.1999180245051,0.0,1.0,yahoo,2023-12-13 16:24:29
2014-06-23,OIH,1136.0,1137.4000244140625,1130.0,1132.5999755859375,79975,913.1673878291701,0.0,1.0,yahoo,2023-12-13 16:24:29
2014-06-24,OIH,1132.0,1133.800048828125,1107.800048828125,1108.800048828125,279570,893.97851495575,0.0,1.0,yahoo,2023-12-13 16:24:29
2014-06-25,OIH,1105.800048828125,1132.5999755859375,1105.800048828125,1130.199951171875,308575,911.2323497997177,0.0,1.0,yahoo,2023-12-13 16:24:29
2014-06-26,OIH,1134.0,1139.800048828125,1128.4000244140625,1136.199951171875,230410,916.0698956632875,0.0,1.0,yahoo,2023-12-13 16:24:29
2014-06-27,OIH,1133.199951171875,1147.199951171875,1130.199951171875,1146.800048828125,82965,924.6163054250255,0.0,1.0,yahoo,2023-12-13 16:24:29
2014-06-30,OIH,1144.4000244140625,1155.5999755859375,1143.199951171875,1155.199951171875,176355,931.3887908979252,0.0,1.0,yahoo,2023-12-13 16:24:29
2014-07-01,OIH,1157.0,1160.199951171875,1151.4000244140625,1151.5999755859375,141335,928.4862830638078,0.0,1.0,yahoo,2023-12-13 16:24:29
2014-07-02,OIH,1151.199951171875,1156.800048828125,1149.5999755859375,1152.4000244140625,101300,929.1313285469995,0.0,1.0,yahoo,2023-12-13 16:24:29
2014-07-03,OIH,1158.0,1158.0,1145.800048828125,1153.5999755859375,41460,930.0987983516644,0.0,1.0,yahoo,2023-12-13 16:24:29
2014-07-07,OIH,1151.5999755859375,1151.800048828125,1140.199951171875,1142.800048828125,104385,921.3912748493123,0.0,1.0,yahoo,2023-12-13 16:24:29
2014-07-08,OIH,1140.0,1140.0,1128.4000244140625,1136.4000244140625,197190,916.2312062441466,0.0,1.0,yahoo,2023-12-13 16:24:29
2014-07-09,OIH,1141.199951171875,1143.4000244140625,1133.5999755859375,1143.0,89005,921.5524870100489,0.0,1.0,yahoo,2023-12-13 16:24:29
2014-07-10,OIH,1127.5999755859375,1132.4000244140625,1121.4000244140625,1127.4000244140625,140730,908.974887448792,0.0,1.0,yahoo,2023-12-13 16:24:29
2014-07-11,OIH,1128.0,1128.0,1114.800048828125,1120.4000244140625,143090,903.3310839412939,0.0,1.0,yahoo,2023-12-13 16:24:29
2014-07-14,OIH,1124.199951171875,1133.0,1124.199951171875,1131.4000244140625,68565,912.1999180245051,0.0,1.0,yahoo,2023-12-13 16:24:29
2014-07-15,OIH,1126.5999755859375,1134.800048828125,1116.0,1128.4000244140625,163840,909.7811450927203,0.0,1.0,yahoo,2023-12-13 16:24:29
2014-07-16,OIH,1134.0,1147.5999755859375,1130.199951171875,1147.199951171875,108635,924.9387297464988,0.0,1.0,yahoo,2023-12-13 16:24:29
2014-07-17,OIH,1145.4000244140625,1148.800048828125,1130.4000244140625,1132.0,148820,912.6836529268377,0.0,1.0,yahoo,2023-12-13 16:24:29
2014-07-18,OIH,1130.199951171875,1133.800048828125,1122.4000244140625,1129.4000244140625,67010,910.5874027366485,0.0,1.0,yahoo,2023-12-13 16:24:29
2014-07-21,OIH,1126.0,1134.5999755859375,1125.199951171875,1132.4000244140625,53745,913.0061756684335,0.0,1.0,yahoo,2023-12-13 16:24:29
2014-07-22,OIH,1133.199951171875,1146.4000244140625,1133.199951171875,1144.199951171875,52720,922.5199568147139,0.0,1.0,yahoo,2023-12-13 16:24:29
2014-07-23,OIH,1146.199951171875,1159.800048828125,1135.4000244140625,1145.5999755859375,90870,923.648737200238,0.0,1.0,yahoo,2023-12-13 16:24:29
2014-07-24,OIH,1150.0,1152.800048828125,1137.199951171875,1139.5999755859375,81425,918.8111913366682,0.0,1.0,yahoo,2023-12-13 16:24:29
2014-07-25,OIH,1139.4000244140625,1142.5999755859375,1132.4000244140625,1137.0,104295,916.7149411464792,0.0,1.0,yahoo,2023-12-13 16:24:29
2014-07-28,OIH,1135.199951171875,1136.5999755859375,1122.199951171875,1129.5999755859375,98850,910.7486148973852,0.0,1.0,yahoo,2023-12-13 16:24:29
2014-07-29,OIH,1131.4000244140625,1133.5999755859375,1120.0,1120.0,83630,903.008561199698,0.0,1.0,yahoo,2023-12-13 16:24:29
2014-07-30,OIH,1125.4000244140625,1128.0,1107.800048828125,1111.5999755859375,169755,896.2359773066757,0.0,1.0,yahoo,2023-12-13 16:24:29
2014-07-31,OIH,1103.800048828125,1103.800048828125,1079.800048828125,1083.5999755859375,342425,873.6607632766833,0.0,1.0,yahoo,2023-12-13 16:24:29
2014-08-01,OIH,1079.0,1087.0,1066.800048828125,1078.199951171875,343655,869.306952315446,0.0,1.0,yahoo,2023-12-13 16:24:29
2014-08-04,OIH,1076.0,1094.5999755859375,1071.0,1092.800048828125,186930,881.0783926528973,0.0,1.0,yahoo,2023-12-13 16:24:29
2014-08-05,OIH,1086.800048828125,1089.800048828125,1059.4000244140625,1070.0,305875,862.6956790032829,0.0,1.0,yahoo,2023-12-13 16:24:29
2014-08-06,OIH,1062.5999755859375,1086.199951171875,1062.0,1068.4000244140625,254435,861.4056864570222,0.0,1.0,yahoo,2023-12-13 16:24:29
2014-08-07,OIH,1073.5999755859375,1078.0,1057.0,1062.4000244140625,335205,856.5681405934523,0.0,1.0,yahoo,2023-12-13 16:24:29
2014-08-08,OIH,1066.0,1080.5999755859375,1062.199951171875,1079.199951171875,278060,870.1132099593743,0.0,1.0,yahoo,2023-12-13 16:24:29
2014-08-11,OIH,1082.5999755859375,1094.199951171875,1082.0,1085.199951171875,138070,874.9507558229441,0.0,1.0,yahoo,2023-12-13 16:24:29
2014-08-12,OIH,1080.199951171875,1086.199951171875,1072.4000244140625,1077.0,151790,868.3394825107811,0.0,1.0,yahoo,2023-12-13 16:24:29
2014-08-13,OIH,1085.0,1088.0,1078.0,1079.199951171875,94780,870.1132099593743,0.0,1.0,yahoo,2023-12-13 16:24:29
2014-08-14,OIH,1080.4000244140625,1085.0,1058.0,1059.199951171875,246395,853.9880570808083,0.0,1.0,yahoo,2023-12-13 16:24:29
2014-08-15,OIH,1064.0,1072.199951171875,1059.800048828125,1071.5999755859375,270560,863.9856715495437,0.0,1.0,yahoo,2023-12-13 16:24:29
2014-08-18,OIH,1080.5999755859375,1085.4000244140625,1074.0,1077.4000244140625,266310,868.6620052523768,0.0,1.0,yahoo,2023-12-13 16:24:29
2014-08-19,OIH,1078.5999755859375,1089.5999755859375,1078.0,1085.199951171875,155535,874.9507558229441,0.0,1.0,yahoo,2023-12-13 16:24:29
2014-08-20,OIH,1084.0,1091.800048828125,1078.0,1091.0,139115,879.6270895257773,0.0,1.0,yahoo,2023-12-13 16:24:29
2014-08-21,OIH,1094.800048828125,1094.800048828125,1081.0,1088.5999755859375,132800,877.6920514963248,0.0,1.0,yahoo,2023-12-13 16:24:29
2014-08-22,OIH,1089.0,1089.199951171875,1073.4000244140625,1079.5999755859375,114345,870.4357327009701,0.0,1.0,yahoo,2023-12-13 16:24:29
2014-08-25,OIH,1088.4000244140625,1090.800048828125,1081.800048828125,1089.800048828125,73990,878.6596197211123,0.0,1.0,yahoo,2023-12-13 16:24:29
2014-08-26,OIH,1091.199951171875,1108.5999755859375,1091.199951171875,1102.4000244140625,153275,888.8184463505844,0.0,1.0,yahoo,2023-12-13 16:24:29
2014-08-27,OIH,1104.4000244140625,1105.4000244140625,1093.5999755859375,1101.5999755859375,159020,888.1734008673927,0.0,1.0,yahoo,2023-12-13 16:24:29
2014-08-28,OIH,1096.4000244140625,1099.4000244140625,1092.800048828125,1095.800048828125,76745,883.4971655846821,0.0,1.0,yahoo,2023-12-13 16:24:29
2014-08-29,OIH,1099.800048828125,1104.0,1093.800048828125,1103.199951171875,104340,889.4633934136535,0.0,1.0,yahoo,2023-12-13 16:24:29
2014-09-02,OIH,1101.800048828125,1106.0,1083.5999755859375,1088.800048828125,188375,877.853362077184,0.0,1.0,yahoo,2023-12-13 16:24:29
2014-09-03,OIH,1095.4000244140625,1102.0,1091.0,1092.199951171875,179965,880.5945593304422,0.0,1.0,yahoo,2023-12-13 16:24:29
2014-09-04,OIH,1090.800048828125,1093.4000244140625,1063.199951171875,1067.5999755859375,249930,860.7606409738305,0.0,1.0,yahoo,2023-12-13 16:24:29
2014-09-05,OIH,1068.5999755859375,1075.199951171875,1056.4000244140625,1074.4000244140625,223315,866.2432323205919,0.0,1.0,yahoo,2023-12-13 16:24:29
2014-09-08,OIH,1070.0,1070.0,1049.199951171875,1055.0,189060,850.6018143443584,0.0,1.0,yahoo,2023-12-13 16:24:29
2014-09-09,OIH,1056.0,1064.199951171875,1044.0,1050.199951171875,174735,846.7317382854535,0.0,1.0,yahoo,2023-12-13 16:24:29
2014-09-10,OIH,1047.5999755859375,1056.5999755859375,1039.4000244140625,1056.4000244140625,297190,851.7305947298826,0.0,1.0,yahoo,2023-12-13 16:24:29
2014-09-11,OIH,1047.199951171875,1064.5999755859375,1041.5999755859375,1063.0,244655,857.0518754957848,0.0,1.0,yahoo,2023-12-13 16:24:29
2014-09-12,OIH,1056.5999755859375,1058.0,1036.5999755859375,1038.0,435770,836.8954343975772,0.0,1.0,yahoo,2023-12-13 16:24:29
2014-09-15,OIH,1036.0,1043.4000244140625,1029.0,1039.199951171875,213550,837.8629042022422,0.0,1.0,yahoo,2023-12-13 16:24:29
2014-09-16,OIH,1038.0,1059.800048828125,1036.0,1050.5999755859375,301710,847.0542610270494,0.0,1.0,yahoo,2023-12-13 16:24:29
2014-09-17,OIH,1050.4000244140625,1055.800048828125,1035.5999755859375,1038.4000244140625,214240,837.2179571391731,0.0,1.0,yahoo,2023-12-13 16:24:29
2014-09-18,OIH,1042.5999755859375,1045.0,1034.0,1039.4000244140625,168240,838.0242147831013,0.0,1.0,yahoo,2023-12-13 16:24:29
2014-09-19,OIH,1044.4000244140625,1046.800048828125,1029.0,1029.5999755859375,237680,830.122850504555,0.0,1.0,yahoo,2023-12-13 16:24:29
2014-09-22,OIH,1025.0,1030.199951171875,1005.5999755859376,1011.2000122070312,274055,815.287739382311,0.0,1.0,yahoo,2023-12-13 16:24:29
2014-09-23,OIH,1010.4000244140624,1020.2000122070312,1006.2000122070312,1011.7999877929688,220150,815.7714742846435,0.0,1.0,yahoo,2023-12-13 16:24:29
2014-09-24,OIH,1013.2000122070312,1017.0,994.2000122070312,1011.4000244140624,440010,815.4490007531089,0.0,1.0,yahoo,2023-12-13 16:24:29
2014-09-25,OIH,1007.2000122070312,1011.0,991.0,995.5999755859376,345175,802.7100906109929,0.0,1.0,yahoo,2023-12-13 16:24:29
2014-09-26,OIH,997.5999755859376,1015.0,991.4000244140624,1012.5999755859376,256465,816.416470557774,0.0,1.0,yahoo,2023-12-13 16:24:29
2014-09-29,OIH,1000.4000244140624,1008.2000122070312,993.7999877929688,1005.7999877929688,256565,810.9339284210737,0.0,1.0,yahoo,2023-12-13 16:24:29
2014-09-30,OIH,1005.2000122070312,1011.7999877929688,984.4000244140624,992.2000122070312,568030,799.9688441476733,0.0,1.0,yahoo,2023-12-13 16:24:29
2014-10-01,OIH,990.7999877929688,996.7999877929688,959.2000122070312,964.0,415770,777.2323687468829,0.0,1.0,yahoo,2023-12-13 16:24:29
2014-10-02,OIH,957.0,960.0,930.5999755859376,951.0,752935,766.751019375815,0.0,1.0,yahoo,2023-12-13 16:24:29
2014-10-03,OIH,951.7999877929688,955.7999877929688,933.0,942.2000122070312,476870,759.6559619512582,0.0,1.0,yahoo,2023-12-13 16:24:29
2014-10-06,OIH,944.5999755859376,959.0,936.7999877929688,945.5999755859376,455270,762.3972084145778,0.0,1.0,yahoo,2023-12-13 16:24:29
2014-10-07,OIH,937.2000122070312,964.5999755859376,937.2000122070312,941.2000122070312,574610,758.84970430733,0.0,1.0,yahoo,2023-12-13 16:24:29
2014-10-08,OIH,939.2000122070312,942.2000122070312,908.5999755859376,941.7999877929688,1019690,759.3334392096624,0.0,1.0,yahoo,2023-12-13 16:24:29
2014-10-09,OIH,935.2000122070312,935.7999877929688,898.4000244140625,902.4000244140624,647490,727.566917564924,0.0,1.0,yahoo,2023-12-13 16:24:29
2014-10-10,OIH,900.5999755859375,900.5999755859375,868.5999755859375,880.7999877929688,1217105,710.1517229300359,0.0,1.0,yahoo,2023-12-13 16:24:29
2014-10-13,OIH,879.5999755859375,895.7999877929688,848.4000244140625,850.0,729720,685.3189973390565,0.0,1.0,yahoo,2023-12-13 16:24:29
2014-10-14,OIH,854.7999877929688,873.0,834.7999877929688,841.0,641410,678.0626785437018,0.0,1.0,yahoo,2023-12-13 16:24:29
2014-10-15,OIH,832.7999877929688,857.4000244140625,819.5999755859375,853.4000244140625,1013190,688.0602930124372,0.0,1.0,yahoo,2023-12-13 16:24:29
2014-10-16,OIH,828.5999755859375,874.4000244140625,822.2000122070312,864.2000122070312,912550,696.7678657248507,0.0,1.0,yahoo,2023-12-13 16:24:29
2014-10-17,OIH,893.0,908.4000244140624,860.0,870.0,725095,701.4441502176226,0.0,1.0,yahoo,2023-12-13 16:24:29
2014-10-20,OIH,873.0,881.2000122070312,861.0,878.0,435900,707.894211369049,0.0,1.0,yahoo,2023-12-13 16:24:29
2014-10-21,OIH,891.4000244140625,910.5999755859376,889.2000122070312,910.4000244140624,373340,734.0169787163504,0.0,1.0,yahoo,2023-12-13 16:24:29
2014-10-22,OIH,914.2000122070312,920.4000244140624,885.4000244140625,886.2000122070312,732225,714.5055338912733,0.0,1.0,yahoo,2023-12-13 16:24:29
2014-10-23,OIH,900.0,916.4000244140624,889.2000122070312,909.2000122070312,607585,733.0494597016243,0.0,1.0,yahoo,2023-12-13 16:24:29
2014-10-24,OIH,907.5999755859376,907.5999755859376,889.0,902.7999877929688,474160,727.8893910964586,0.0,1.0,yahoo,2023-12-13 16:24:29
2014-10-27,OIH,881.5999755859375,885.0,859.4000244140625,867.0,551260,699.0253772858376,0.0,1.0,yahoo,2023-12-13 16:24:29
2014-10-28,OIH,875.7999877929688,894.2000122070312,865.5999755859375,892.0,313135,719.1818183840452,0.0,1.0,yahoo,2023-12-13 16:24:29
2014-10-29,OIH,905.4000244140624,911.0,885.2000122070312,894.2000122070312,366390,720.9555950426998,0.0,1.0,yahoo,2023-12-13 16:24:29
2014-10-30,OIH,888.4000244140625,897.5999755859375,877.0,891.4000244140625,275100,718.6980834817127,0.0,1.0,yahoo,2023-12-13 16:24:29
2014-10-31,OIH,885.2000122070312,906.0,877.5999755859375,904.0,310865,728.8569101111848,0.0,1.0,yahoo,2023-12-13 16:24:29
2014-11-03,OIH,904.0,914.4000244140624,882.2000122070312,885.5999755859375,548790,714.0217497788796,0.0,1.0,yahoo,2023-12-13 16:24:29
2014-11-04,OIH,871.7999877929688,872.7999877929688,847.7999877929688,851.0,389120,686.1252549829849,0.0,1.0,yahoo,2023-12-13 16:24:29
2014-11-05,OIH,860.5999755859375,881.2000122070312,854.0,874.7999877929688,613465,705.3141770664662,0.0,1.0,yahoo,2023-12-13 16:24:29
2014-11-06,OIH,866.2000122070312,886.4000244140625,858.4000244140625,885.5999755859375,433615,714.0217497788796,0.0,1.0,yahoo,2023-12-13 16:24:29
2014-11-07,OIH,882.2000122070312,909.5999755859376,882.2000122070312,900.0,491855,725.6318795354716,0.0,1.0,yahoo,2023-12-13 16:24:29
2014-11-10,OIH,915.7999877929688,919.0,887.7999877929688,891.0,436370,718.375560740117,0.0,1.0,yahoo,2023-12-13 16:24:29
2014-11-11,OIH,892.4000244140625,895.4000244140625,877.4000244140625,891.5999755859375,476525,718.8592956424494,0.0,1.0,yahoo,2023-12-13 16:24:29
2014-11-12,OIH,884.5999755859375,901.7999877929688,881.0,883.2000122070312,337750,712.0867609594884,0.0,1.0,yahoo,2023-12-13 16:24:29
2014-11-13,OIH,879.0,897.0,846.2000122070312,875.4000244140625,1365610,705.7979611788599,0.0,1.0,yahoo,2023-12-13 16:24:29
2014-11-14,OIH,887.4000244140625,893.5999755859375,868.2000122070312,881.4000244140625,576675,710.6355070424297,0.0,1.0,yahoo,2023-12-13 16:24:29
2014-11-17,OIH,878.0,882.0,867.0,874.7999877929688,418840,705.3141770664662,0.0,1.0,yahoo,2023-12-13 16:24:29
2014-11-18,OIH,879.7999877929688,885.2000122070312,868.5999755859375,868.7999877929688,425470,700.4766312028963,0.0,1.0,yahoo,2023-12-13 16:24:29
2014-11-19,OIH,872.2000122070312,872.2000122070312,854.0,863.7999877929688,412820,696.4453429832548,0.0,1.0,yahoo,2023-12-13 16:24:29
2014-11-20,OIH,861.7999877929688,879.2000122070312,861.7999877929688,876.5999755859375,277825,706.7654309835249,0.0,1.0,yahoo,2023-12-13 16:24:29
2014-11-21,OIH,894.5999755859375,904.0,882.5999755859375,895.2000122070312,564415,721.761852686628,0.0,1.0,yahoo,2023-12-13 16:24:29
2014-11-24,OIH,893.4000244140625,901.4000244140624,884.5999755859375,888.0,260690,715.956787808332,0.0,1.0,yahoo,2023-12-13 16:24:29
2014-11-25,OIH,893.2000122070312,895.2000122070312,867.2000122070312,868.2000122070312,424300,699.9928963005639,0.0,1.0,yahoo,2023-12-13 16:24:29
2014-11-26,OIH,860.0,860.0,836.5999755859375,837.4000244140625,475760,675.1601707095845,0.0,1.0,yahoo,2023-12-13 16:24:29
2014-11-28,OIH,790.4000244140625,791.5999755859375,753.5999755859375,762.7999877929688,754660,615.0133209464964,0.0,1.0,yahoo,2023-12-13 16:24:29
2014-12-01,OIH,760.2000122070312,765.7999877929688,737.0,751.7999877929688,638220,606.144486863285,0.0,1.0,yahoo,2023-12-13 16:24:29
2014-12-02,OIH,748.2000122070312,764.5999755859375,743.0,747.7999877929688,603295,602.9194562875718,0.0,1.0,yahoo,2023-12-13 16:24:29
2014-12-03,OIH,755.7999877929688,769.7999877929688,749.4000244140625,759.7999877929688,436180,612.5945480147114,0.0,1.0,yahoo,2023-12-13 16:24:29
2014-12-04,OIH,753.4000244140625,764.0,746.7999877929688,754.0,385510,607.9182635219396,0.0,1.0,yahoo,2023-12-13 16:24:29
2014-12-05,OIH,750.4000244140625,757.2000122070312,737.0,746.4000244140625,452180,601.7907251121089,0.0,1.0,yahoo,2023-12-13 16:24:29
2014-12-08,OIH,735.0,735.0,711.0,712.4000244140625,788400,574.3779652185467,0.0,1.0,yahoo,2023-12-13 16:24:29
2014-12-09,OIH,711.2000122070312,730.2000122070312,705.0,728.2000122070312,465225,587.1168261506016,0.0,1.0,yahoo,2023-12-13 16:24:29
2014-12-10,OIH,715.0,715.4000244140625,698.7999877929688,702.5999755859375,591510,566.4766009400004,0.0,1.0,yahoo,2023-12-13 16:24:29
2014-12-11,OIH,700.7999877929688,720.5999755859375,698.4000244140625,700.0,479885,564.3803507498112,0.0,1.0,yahoo,2023-12-13 16:24:29
2014-12-12,OIH,694.7999877929688,700.7999877929688,681.5999755859375,683.4000244140625,684385,550.996493544626,0.0,1.0,yahoo,2023-12-13 16:24:29
2014-12-15,OIH,687.5999755859375,697.2000122070312,679.4000244140625,679.4000244140625,524695,547.7714629689127,0.0,1.0,yahoo,2023-12-13 16:24:29
2014-12-16,OIH,670.7999877929688,715.0,670.7999877929688,689.2000122070312,631985,555.6727780373978,0.0,1.0,yahoo,2023-12-13 16:24:29
2014-12-17,OIH,687.7999877929688,732.2000122070312,687.7999877929688,717.5999755859375,792675,578.5704655989249,0.0,1.0,yahoo,2023-12-13 16:24:29
2014-12-18,OIH,741.5999755859375,747.4000244140625,711.2000122070312,728.4000244140625,587505,587.2780875213996,0.0,1.0,yahoo,2023-12-13 16:24:29
2014-12-19,OIH,740.2000122070312,761.4000244140625,728.2000122070312,759.2000122070312,564800,612.110813112379,0.0,1.0,yahoo,2023-12-13 16:24:29
2014-12-22,OIH,741.4000244140625,745.0,719.2000122070312,729.7999877929688,461060,601.9653100514068,17.1,1.0,yahoo,2023-12-13 16:24:29
2014-12-23,OIH,733.0,739.0,721.7999877929688,730.2000122070312,321325,602.2952645930169,0.0,1.0,yahoo,2023-12-13 16:24:29
2014-12-24,OIH,728.4000244140625,729.5999755859375,710.7999877929688,724.7999877929688,271060,597.8411300012547,0.0,1.0,yahoo,2023-12-13 16:24:29
2014-12-26,OIH,728.7999877929688,736.7999877929688,722.2000122070312,728.5999755859375,290850,600.9754967705713,0.0,1.0,yahoo,2023-12-13 16:24:29
2014-12-29,OIH,730.4000244140625,740.0,725.7999877929688,731.4000244140625,226205,603.2850778738523,0.0,1.0,yahoo,2023-12-13 16:24:29
2014-12-30,OIH,728.7999877929688,730.2000122070312,719.2000122070312,724.4000244140625,283455,597.5112258036394,0.0,1.0,yahoo,2023-12-13 16:24:29
2014-12-31,OIH,715.5999755859375,726.7999877929688,707.7999877929688,718.4000244140625,325155,592.5622097434568,0.0,1.0,yahoo,2023-12-13 16:24:29
2015-01-02,OIH,713.4000244140625,724.2000122070312,708.2000122070312,719.2000122070312,303345,593.2220684826822,0.0,1.0,yahoo,2023-12-13 16:24:29
2015-01-05,OIH,703.7999877929688,707.5999755859375,683.4000244140625,690.0,494510,569.1368469209948,0.0,1.0,yahoo,2023-12-13 16:24:29
2015-01-06,OIH,684.5999755859375,694.4000244140625,674.0,679.7999877929688,537960,560.7235095498854,0.0,1.0,yahoo,2023-12-13 16:24:29
2015-01-07,OIH,688.7999877929688,688.7999877929688,669.5999755859375,678.5999755859375,591265,559.73369626905,0.0,1.0,yahoo,2023-12-13 16:24:29
2015-01-08,OIH,684.0,691.5999755859375,677.4000244140625,689.0,344300,568.3120109109643,0.0,1.0,yahoo,2023-12-13 16:24:29
2015-01-09,OIH,689.0,693.4000244140625,671.0,677.5999755859375,367980,558.9088602590195,0.0,1.0,yahoo,2023-12-13 16:24:29
2015-01-12,OIH,664.5999755859375,665.5999755859375,646.5999755859375,651.7999877929688,350675,537.6281012690334,0.0,1.0,yahoo,2023-12-13 16:24:29
2015-01-13,OIH,654.0,661.0,645.0,651.5999755859375,454885,537.4631239982284,0.0,1.0,yahoo,2023-12-13 16:24:29
2015-01-14,OIH,643.7999877929688,651.7999877929688,632.5999755859375,650.5999755859375,538905,536.638287988198,0.0,1.0,yahoo,2023-12-13 16:24:29
2015-01-15,OIH,662.0,664.5999755859375,633.5999755859375,634.5999755859375,493065,523.4409118277111,0.0,1.0,yahoo,2023-12-13 16:24:29
2015-01-16,OIH,640.5999755859375,666.2000122070312,640.2000122070312,665.0,466505,548.515946670234,0.0,1.0,yahoo,2023-12-13 16:24:29
2015-01-20,OIH,662.0,663.4000244140625,647.2000122070312,662.2000122070312,437690,546.2064159109478,0.0,1.0,yahoo,2023-12-13 16:24:29
2015-01-21,OIH,667.5999755859375,680.5999755859375,663.2000122070312,680.0,416930,560.8884868206904,0.0,1.0,yahoo,2023-12-13 16:24:29
2015-01-22,OIH,686.5999755859375,688.0,668.2000122070312,679.5999755859375,445995,560.5585322790804,0.0,1.0,yahoo,2023-12-13 16:24:29
2015-01-23,OIH,678.0,686.2000122070312,670.4000244140625,670.5999755859375,345745,553.1350081888065,0.0,1.0,yahoo,2023-12-13 16:24:29
2015-01-26,OIH,674.2000122070312,683.0,667.7999877929688,682.7999877929688,245290,563.1980175799767,0.0,1.0,yahoo,2023-12-13 16:24:29
2015-01-27,OIH,682.2000122070312,689.5999755859375,676.2000122070312,688.5999755859375,371750,567.9820563693543,0.0,1.0,yahoo,2023-12-13 16:24:29
2015-01-28,OIH,684.0,685.5999755859375,651.4000244140625,653.2000122070312,470290,538.782891820674,0.0,1.0,yahoo,2023-12-13 16:24:29
2015-01-29,OIH,653.4000244140625,655.0,632.5999755859375,649.4000244140625,420295,535.6485250513573,0.0,1.0,yahoo,2023-12-13 16:24:29
2015-01-30,OIH,644.7999877929688,673.2000122070312,639.7999877929688,664.0,641195,547.6911106602037,0.0,1.0,yahoo,2023-12-13 16:24:29
2015-02-02,OIH,674.5999755859375,689.4000244140625,668.5999755859375,688.5999755859375,549000,567.9820563693543,0.0,1.0,yahoo,2023-12-13 16:24:29
2015-02-03,OIH,703.7999877929688,722.2000122070312,702.0,714.2000122070312,657440,589.09788843253,0.0,1.0,yahoo,2023-12-13 16:24:29
2015-02-04,OIH,701.7999877929688,705.5999755859375,683.7999877929688,692.2000122070312,549550,570.9514962118607,0.0,1.0,yahoo,2023-12-13 16:24:29
2015-02-05,OIH,701.2000122070312,711.7999877929688,696.7999877929688,708.4000244140625,350905,584.3138496431525,0.0,1.0,yahoo,2023-12-13 16:24:29
2015-02-06,OIH,717.0,719.5999755859375,705.4000244140625,711.7999877929688,394700,587.1182618708591,0.0,1.0,yahoo,2023-12-13 16:24:29
2015-02-09,OIH,716.0,732.5999755859375,713.5999755859375,725.0,435905,598.0061072720597,0.0,1.0,yahoo,2023-12-13 16:24:29
2015-02-10,OIH,718.0,723.5999755859375,700.0,709.0,313370,584.8087311115729,0.0,1.0,yahoo,2023-12-13 16:24:29
2015-02-11,OIH,699.2000122070312,706.7999877929688,693.4000244140625,702.2000122070312,411855,579.1998563121649,0.0,1.0,yahoo,2023-12-13 16:24:29
2015-02-12,OIH,715.4000244140625,722.2000122070312,702.4000244140625,705.7999877929688,479515,582.1692458106766,0.0,1.0,yahoo,2023-12-13 16:24:29
2015-02-13,OIH,716.7999877929688,724.2000122070312,712.5999755859375,723.2000122070312,361730,596.5214125228039,0.0,1.0,yahoo,2023-12-13 16:24:29
2015-02-17,OIH,721.4000244140625,738.0,710.7999877929688,736.7999877929688,476550,607.7391621216198,0.0,1.0,yahoo,2023-12-13 16:24:29
2015-02-18,OIH,729.4000244140625,737.5999755859375,724.7999877929688,732.7999877929688,385630,604.4398180814981,0.0,1.0,yahoo,2023-12-13 16:24:29
2015-02-19,OIH,712.2000122070312,734.5999755859375,708.7999877929688,727.2000122070312,392365,599.8207565629256,0.0,1.0,yahoo,2023-12-13 16:24:29
2015-02-20,OIH,728.2000122070312,728.7999877929688,712.7999877929688,718.0,337895,592.2322552018467,0.0,1.0,yahoo,2023-12-13 16:24:29
2015-02-23,OIH,705.2000122070312,716.4000244140625,700.4000244140625,708.2000122070312,422440,584.1488723723475,0.0,1.0,yahoo,2023-12-13 16:24:29
2015-02-24,OIH,712.7999877929688,715.5999755859375,694.7999877929688,704.0,357050,580.6845510614207,0.0,1.0,yahoo,2023-12-13 16:24:29
2015-02-25,OIH,703.5999755859375,710.7999877929688,696.7999877929688,707.5999755859375,347590,583.6539405599324,0.0,1.0,yahoo,2023-12-13 16:24:29
2015-02-26,OIH,702.2000122070312,703.7999877929688,688.7999877929688,692.0,309300,570.7865189410556,0.0,1.0,yahoo,2023-12-13 16:24:29
2015-02-27,OIH,697.5999755859375,701.5999755859375,693.0,697.2000122070312,383240,575.0756762620127,0.0,1.0,yahoo,2023-12-13 16:24:29
2015-03-02,OIH,694.7999877929688,697.7999877929688,683.2000122070312,695.7999877929688,296420,573.9208857103723,0.0,1.0,yahoo,2023-12-13 16:24:29
2015-03-03,OIH,697.0,704.2000122070312,693.0,698.2000122070312,314915,575.9005122720432,0.0,1.0,yahoo,2023-12-13 16:24:29
2015-03-04,OIH,697.5999755859375,701.2000122070312,687.4000244140625,699.4000244140625,208515,576.8903255528786,0.0,1.0,yahoo,2023-12-13 16:24:29
2015-03-05,OIH,696.5999755859375,701.0,690.4000244140625,699.4000244140625,120105,576.8903255528786,0.0,1.0,yahoo,2023-12-13 16:24:29
2015-03-06,OIH,693.0,698.5999755859375,681.0,682.7999877929688,251140,563.1980175799767,0.0,1.0,yahoo,2023-12-13 16:24:29
2015-03-09,OIH,680.0,686.7999877929688,673.2000122070312,673.5999755859375,290990,555.6095162188979,0.0,1.0,yahoo,2023-12-13 16:24:29
2015-03-10,OIH,665.5999755859375,670.2000122070312,658.7999877929688,659.4000244140625,337340,543.8968851516615,0.0,1.0,yahoo,2023-12-13 16:24:29
2015-03-11,OIH,657.0,664.4000244140625,652.7999877929688,661.5999755859375,243735,545.7114840985328,0.0,1.0,yahoo,2023-12-13 16:24:29
2015-03-12,OIH,663.2000122070312,665.7999877929688,654.4000244140625,656.0,256325,541.0924225799603,0.0,1.0,yahoo,2023-12-13 16:24:29
2015-03-13,OIH,651.0,651.5999755859375,638.0,642.0,483800,529.5447184395342,0.0,1.0,yahoo,2023-12-13 16:24:29
2015-03-16,OIH,637.2000122070312,647.0,630.2000122070312,646.2000122070312,367585,533.0090397504609,0.0,1.0,yahoo,2023-12-13 16:24:29
2015-03-17,OIH,640.0,645.2000122070312,635.2000122070312,640.5999755859375,201885,528.3899278878937,0.0,1.0,yahoo,2023-12-13 16:24:29
2015-03-18,OIH,636.7999877929688,665.7999877929688,632.0,661.7999877929688,552530,545.8764613693378,0.0,1.0,yahoo,2023-12-13 16:24:29
2015-03-19,OIH,651.0,656.7999877929688,646.7999877929688,651.2000122070312,299305,537.1332198006131,0.0,1.0,yahoo,2023-12-13 16:24:29
2015-03-20,OIH,665.0,670.0,656.4000244140625,666.0,339780,549.3407826802645,0.0,1.0,yahoo,2023-12-13 16:24:29
2015-03-23,OIH,668.0,678.2000122070312,665.7999877929688,666.0,378375,549.3407826802645,0.0,1.0,yahoo,2023-12-13 16:24:29
2015-03-24,OIH,669.2000122070312,670.7999877929688,659.7999877929688,663.5999755859375,158025,547.3611561185936,0.0,1.0,yahoo,2023-12-13 16:24:29
2015-03-25,OIH,667.0,683.7999877929688,667.0,677.2000122070312,250565,558.5789560614043,0.0,1.0,yahoo,2023-12-13 16:24:29
2015-03-26,OIH,688.4000244140625,690.5999755859375,674.0,676.7999877929688,277415,558.2490015197942,0.0,1.0,yahoo,2023-12-13 16:24:29
2015-03-27,OIH,671.2000122070312,674.7999877929688,663.5999755859375,671.5999755859375,192870,553.959844198837,0.0,1.0,yahoo,2023-12-13 16:24:29
2015-03-30,OIH,675.0,680.5999755859375,670.5999755859375,678.0,301965,559.2388148006296,0.0,1.0,yahoo,2023-12-13 16:24:29
2015-03-31,OIH,671.7999877929688,679.4000244140625,669.7999877929688,674.2000122070312,208205,556.1044480313129,0.0,1.0,yahoo,2023-12-13 16:24:29
2015-04-01,OIH,678.0,685.2000122070312,675.2000122070312,679.4000244140625,219770,560.3936053522701,0.0,1.0,yahoo,2023-12-13 16:24:29
2015-04-02,OIH,674.5999755859375,689.4000244140625,674.2000122070312,685.7999877929688,423550,565.672525610068,0.0,1.0,yahoo,2023-12-13 16:24:29
2015-04-06,OIH,688.0,716.0,688.0,711.5999755859375,555185,586.9532846000541,0.0,1.0,yahoo,2023-12-13 16:24:29
2015-04-07,OIH,710.7999877929688,721.0,706.4000244140625,709.5999755859375,349250,585.3036125799932,0.0,1.0,yahoo,2023-12-13 16:24:29
2015-04-08,OIH,708.4000244140625,716.5999755859375,701.7999877929688,704.4000244140625,323350,581.0145056030308,0.0,1.0,yahoo,2023-12-13 16:24:29
2015-04-09,OIH,706.7999877929688,729.2000122070312,704.4000244140625,727.0,462980,599.6557792921205,0.0,1.0,yahoo,2023-12-13 16:24:29
2015-04-10,OIH,728.0,732.0,722.2000122070312,727.2000122070312,269560,599.8207565629256,0.0,1.0,yahoo,2023-12-13 16:24:29
2015-04-13,OIH,729.7999877929688,731.5999755859375,716.7999877929688,719.0,225560,593.0570912118772,0.0,1.0,yahoo,2023-12-13 16:24:29
2015-04-14,OIH,727.0,740.5999755859375,725.4000244140625,737.0,443735,607.9041393924248,0.0,1.0,yahoo,2023-12-13 16:24:29
2015-04-15,OIH,744.4000244140625,772.2000122070312,739.5999755859375,769.5999755859375,680975,634.7937731818189,0.0,1.0,yahoo,2023-12-13 16:24:29
2015-04-16,OIH,767.0,772.7999877929688,751.2000122070312,758.2000122070312,637525,625.3906728738689,0.0,1.0,yahoo,2023-12-13 16:24:29
2015-04-17,OIH,762.0,762.0,741.0,747.2000122070312,763620,616.3174767635342,0.0,1.0,yahoo,2023-12-13 16:24:29
2015-04-20,OIH,746.5999755859375,761.2000122070312,745.0,749.2000122070312,334145,617.967148783595,0.0,1.0,yahoo,2023-12-13 16:24:29
2015-04-21,OIH,750.4000244140625,750.4000244140625,725.4000244140625,730.0,380835,602.1302873222119,0.0,1.0,yahoo,2023-12-13 16:24:29
2015-04-22,OIH,730.5999755859375,743.2000122070312,728.5999755859375,738.4000244140625,327820,609.0589299440653,0.0,1.0,yahoo,2023-12-13 16:24:29
2015-04-23,OIH,742.4000244140625,760.5999755859375,741.2000122070312,755.0,338445,622.7511875729725,0.0,1.0,yahoo,2023-12-13 16:24:29
2015-04-24,OIH,749.4000244140625,753.5999755859375,740.7999877929688,743.7999877929688,306615,613.5130141918328,0.0,1.0,yahoo,2023-12-13 16:24:29
2015-04-27,OIH,748.0,758.7999877929688,747.2000122070312,751.7999877929688,299425,620.1117022720762,0.0,1.0,yahoo,2023-12-13 16:24:29
2015-04-28,OIH,749.2000122070312,755.4000244140625,743.4000244140625,751.4000244140625,301720,619.7817980744609,0.0,1.0,yahoo,2023-12-13 16:24:29
2015-04-29,OIH,752.0,771.4000244140625,745.5999755859375,767.5999755859375,477145,633.144101161758,0.0,1.0,yahoo,2023-12-13 16:24:29
2015-04-30,OIH,771.5999755859375,786.7999877929688,762.5999755859375,780.7999877929688,431360,644.0319465629586,0.0,1.0,yahoo,2023-12-13 16:24:29
2015-05-01,OIH,780.0,785.4000244140625,772.4000244140625,780.4000244140625,294445,643.7020423653432,0.0,1.0,yahoo,2023-12-13 16:24:29
2015-05-04,OIH,784.4000244140625,786.4000244140625,771.5999755859375,777.5999755859375,243900,641.3924612620623,0.0,1.0,yahoo,2023-12-13 16:24:29
2015-05-05,OIH,787.7999877929688,796.0,776.0,777.4000244140625,362820,641.227534335252,0.0,1.0,yahoo,2023-12-13 16:24:29
2015-05-06,OIH,789.4000244140625,791.0,769.5999755859375,775.0,392270,639.247907773581,0.0,1.0,yahoo,2023-12-13 16:24:29
2015-05-07,OIH,770.7999877929688,770.7999877929688,747.2000122070312,750.4000244140625,946225,618.9569620644304,0.0,1.0,yahoo,2023-12-13 16:24:29
2015-05-08,OIH,758.2000122070312,772.2000122070312,746.2000122070312,771.4000244140625,513875,636.2785182750695,0.0,1.0,yahoo,2023-12-13 16:24:29
2015-05-11,OIH,770.2000122070312,772.0,755.7999877929688,759.4000244140625,420260,626.3804861547043,0.0,1.0,yahoo,2023-12-13 16:24:29
2015-05-12,OIH,757.2000122070312,773.5999755859375,755.7999877929688,768.7999877929688,271360,634.1339144425934,0.0,1.0,yahoo,2023-12-13 16:24:29
2015-05-13,OIH,774.0,776.5999755859375,765.5999755859375,772.2000122070312,452420,636.9383770142948,0.0,1.0,yahoo,2023-12-13 16:24:29
2015-05-14,OIH,775.2000122070312,779.2000122070312,759.4000244140625,761.4000244140625,326530,628.0301581747651,0.0,1.0,yahoo,2023-12-13 16:24:29
2015-05-15,OIH,755.4000244140625,765.4000244140625,748.7999877929688,760.4000244140625,252795,627.2053221647348,0.0,1.0,yahoo,2023-12-13 16:24:29
2015-05-18,OIH,758.4000244140625,760.7999877929688,751.0,760.0,259580,626.8753676231247,0.0,1.0,yahoo,2023-12-13 16:24:29
2015-05-19,OIH,750.7999877929688,750.7999877929688,732.4000244140625,737.5999755859375,641410,608.3990208608452,0.0,1.0,yahoo,2023-12-13 16:24:29
2015-05-20,OIH,740.0,746.2000122070312,733.0,741.7999877929688,282390,611.8633421717719,0.0,1.0,yahoo,2023-12-13 16:24:29
2015-05-21,OIH,745.2000122070312,764.7999877929688,745.2000122070312,761.7999877929688,356655,628.3600623723804,0.0,1.0,yahoo,2023-12-13 16:24:29
2015-05-22,OIH,753.0,762.7999877929688,750.0,756.7999877929688,175915,624.2358823222283,0.0,1.0,yahoo,2023-12-13 16:24:29
2015-05-26,OIH,746.7999877929688,753.0,736.4000244140625,739.5999755859375,297345,610.0486928809061,0.0,1.0,yahoo,2023-12-13 16:24:29
2015-05-27,OIH,736.0,748.0,732.5999755859375,741.4000244140625,236000,611.5334379741566,0.0,1.0,yahoo,2023-12-13 16:24:29
2015-05-28,OIH,737.0,739.2000122070312,727.2000122070312,734.5999755859375,273450,605.9245128307539,0.0,1.0,yahoo,2023-12-13 16:24:29
2015-05-29,OIH,736.7999877929688,742.5999755859375,732.7999877929688,732.7999877929688,276285,604.4398180814981,0.0,1.0,yahoo,2023-12-13 16:24:29
2015-06-01,OIH,733.5999755859375,734.0,726.5999755859375,730.5999755859375,252385,602.6251687906322,0.0,1.0,yahoo,2023-12-13 16:24:29
2015-06-02,OIH,734.5999755859375,755.4000244140625,734.4000244140625,748.4000244140625,424380,617.3072900443696,0.0,1.0,yahoo,2023-12-13 16:24:29
2015-06-03,OIH,744.2000122070312,757.2000122070312,741.7999877929688,743.7999877929688,181320,613.5130141918328,0.0,1.0,yahoo,2023-12-13 16:24:29
2015-06-04,OIH,735.7999877929688,742.0,731.0,732.2000122070312,267620,603.9449366130777,0.0,1.0,yahoo,2023-12-13 16:24:29
2015-06-05,OIH,726.0,749.7999877929688,725.7999877929688,741.7999877929688,247705,611.8633421717719,0.0,1.0,yahoo,2023-12-13 16:24:29
2015-06-08,OIH,738.5999755859375,747.4000244140625,734.0,735.0,151210,606.2544673723639,0.0,1.0,yahoo,2023-12-13 16:24:29
2015-06-09,OIH,743.7999877929688,747.0,733.4000244140625,733.5999755859375,187445,605.0996768207235,0.0,1.0,yahoo,2023-12-13 16:24:29
2015-06-10,OIH,747.4000244140625,760.0,743.7999877929688,752.2000122070312,406325,620.4416568136862,0.0,1.0,yahoo,2023-12-13 16:24:29
2015-06-11,OIH,750.5999755859375,751.0,738.0,739.4000244140625,236070,609.8837659540958,0.0,1.0,yahoo,2023-12-13 16:24:29
2015-06-12,OIH,735.0,737.5999755859375,731.7999877929688,733.0,148020,604.6047953523031,0.0,1.0,yahoo,2023-12-13 16:24:29
2015-06-15,OIH,725.0,732.2000122070312,719.5999755859375,727.2000122070312,259780,599.8207565629256,0.0,1.0,yahoo,2023-12-13 16:24:29
2015-06-16,OIH,726.0,731.4000244140625,724.7999877929688,729.0,131590,601.3054513121814,0.0,1.0,yahoo,2023-12-13 16:24:29
2015-06-17,OIH,735.7999877929688,741.2000122070312,726.4000244140625,730.5999755859375,178460,602.6251687906322,0.0,1.0,yahoo,2023-12-13 16:24:29
2015-06-18,OIH,733.4000244140625,736.2000122070312,715.7999877929688,717.0,374510,591.4074191918163,0.0,1.0,yahoo,2023-12-13 16:24:29
2015-06-19,OIH,710.7999877929688,716.4000244140625,702.4000244140625,706.4000244140625,546440,582.6641776230916,0.0,1.0,yahoo,2023-12-13 16:24:29
2015-06-22,OIH,709.2000122070312,715.0,702.4000244140625,712.4000244140625,251665,587.6131936832742,0.0,1.0,yahoo,2023-12-13 16:24:29
2015-06-23,OIH,710.5999755859375,719.0,709.0,718.0,157855,592.2322552018467,0.0,1.0,yahoo,2023-12-13 16:24:29
2015-06-24,OIH,713.7999877929688,720.2000122070312,711.0,712.4000244140625,224080,587.6131936832742,0.0,1.0,yahoo,2023-12-13 16:24:29
2015-06-25,OIH,709.5999755859375,712.7999877929688,701.5999755859375,702.0,211175,579.0348790413599,0.0,1.0,yahoo,2023-12-13 16:24:29
2015-06-26,OIH,701.2000122070312,705.5999755859375,695.2000122070312,704.5999755859375,464420,581.179432529841,0.0,1.0,yahoo,2023-12-13 16:24:29
2015-06-29,OIH,694.2000122070312,702.0,691.2000122070312,693.2000122070312,233035,571.776332221891,0.0,1.0,yahoo,2023-12-13 16:24:29
2015-06-30,OIH,698.5999755859375,700.2000122070312,689.4000244140625,698.0,164945,575.7355350012382,0.0,1.0,yahoo,2023-12-13 16:24:29
2015-07-01,OIH,697.2000122070312,697.7999877929688,671.0,674.2000122070312,355765,556.1044480313129,0.0,1.0,yahoo,2023-12-13 16:24:29
2015-07-02,OIH,678.0,684.2000122070312,674.5999755859375,677.4000244140625,192970,558.7439333322093,0.0,1.0,yahoo,2023-12-13 16:24:29
2015-07-06,OIH,663.0,672.5999755859375,657.7999877929688,661.0,296945,545.2166026301123,0.0,1.0,yahoo,2023-12-13 16:24:29
2015-07-07,OIH,655.0,675.5999755859375,644.0,673.0,708075,555.1146347504775,0.0,1.0,yahoo,2023-12-13 16:24:29
2015-07-08,OIH,665.0,674.0,651.5999755859375,655.5999755859375,465915,540.7624680383501,0.0,1.0,yahoo,2023-12-13 16:24:29
2015-07-09,OIH,666.7999877929688,670.2000122070312,662.2000122070312,662.5999755859375,247085,546.5363201085631,0.0,1.0,yahoo,2023-12-13 16:24:29
2015-07-10,OIH,670.2000122070312,672.7999877929688,657.5999755859375,659.4000244140625,440260,543.8968851516615,0.0,1.0,yahoo,2023-12-13 16:24:29
2015-07-13,OIH,659.4000244140625,669.0,657.0,666.0,277860,549.3407826802645,0.0,1.0,yahoo,2023-12-13 16:24:29
2015-07-14,OIH,664.4000244140625,683.0,663.0,675.7999877929688,353635,557.4241655097637,0.0,1.0,yahoo,2023-12-13 16:24:29
2015-07-15,OIH,670.4000244140625,672.5999755859375,652.0,652.2000122070312,552380,537.9580558106436,0.0,1.0,yahoo,2023-12-13 16:24:29
2015-07-16,OIH,657.7999877929688,661.0,647.0,650.0,221965,536.1434065197776,0.0,1.0,yahoo,2023-12-13 16:24:29
2015-07-17,OIH,647.7999877929688,648.4000244140625,635.2000122070312,637.0,475260,525.4205383893822,0.0,1.0,yahoo,2023-12-13 16:24:29
2015-07-20,OIH,639.5999755859375,641.4000244140625,632.7999877929688,634.4000244140625,241405,523.2759849009009,0.0,1.0,yahoo,2023-12-13 16:24:29
2015-07-21,OIH,637.2000122070312,654.2000122070312,636.4000244140625,641.7999877929688,385870,529.3797411687292,0.0,1.0,yahoo,2023-12-13 16:24:29
2015-07-22,OIH,635.5999755859375,639.0,615.2000122070312,628.7999877929688,615105,518.6568730383336,0.0,1.0,yahoo,2023-12-13 16:24:29
2015-07-23,OIH,633.5999755859375,647.5999755859375,628.0,640.7999877929688,339425,528.5549051586988,0.0,1.0,yahoo,2023-12-13 16:24:29
2015-07-24,OIH,639.2000122070312,641.4000244140625,620.0,622.0,417965,513.0479982389257,0.0,1.0,yahoo,2023-12-13 16:24:29
2015-07-27,OIH,614.7999877929688,620.5999755859375,606.5999755859375,613.4000244140625,418585,505.9544286902619,0.0,1.0,yahoo,2023-12-13 16:24:29
2015-07-28,OIH,617.2000122070312,634.2000122070312,608.7999877929688,630.5999755859375,413540,520.1415677875895,0.0,1.0,yahoo,2023-12-13 16:24:29
2015-07-29,OIH,629.0,649.5999755859375,623.2000122070312,647.7999877929688,630050,534.3287572289117,0.0,1.0,yahoo,2023-12-13 16:24:29
2015-07-30,OIH,647.7999877929688,654.0,632.4000244140625,635.7999877929688,416140,524.4307251085467,0.0,1.0,yahoo,2023-12-13 16:24:29
2015-07-31,OIH,633.7999877929688,637.7999877929688,624.5999755859375,625.5999755859375,341185,516.0173877374374,0.0,1.0,yahoo,2023-12-13 16:24:29
2015-08-03,OIH,620.0,628.5999755859375,608.7999877929688,610.4000244140625,258395,503.47992066017065,0.0,1.0,yahoo,2023-12-13 16:24:29
2015-08-04,OIH,615.2000122070312,623.2000122070312,606.7999877929688,608.4000244140625,215380,501.8302486401098,0.0,1.0,yahoo,2023-12-13 16:24:29
2015-08-05,OIH,616.5999755859375,626.0,604.5999755859375,610.2000122070312,353420,503.3149433893656,0.0,1.0,yahoo,2023-12-13 16:24:29
2015-08-06,OIH,607.5999755859375,633.0,602.7999877929688,631.7999877929688,502910,521.131381068425,0.0,1.0,yahoo,2023-12-13 16:24:29
2015-08-07,OIH,625.4000244140625,636.7999877929688,613.2000122070312,615.4000244140625,488880,507.60410071032277,0.0,1.0,yahoo,2023-12-13 16:24:29
2015-08-10,OIH,620.2000122070312,645.5999755859375,613.5999755859375,644.0,338970,531.1943904595951,0.0,1.0,yahoo,2023-12-13 16:24:29
2015-08-11,OIH,631.2000122070312,638.7999877929688,624.0,638.5999755859375,463575,526.7402558678328,0.0,1.0,yahoo,2023-12-13 16:24:29
2015-08-12,OIH,635.2000122070312,651.0,629.4000244140625,648.5999755859375,496175,534.9886159681372,0.0,1.0,yahoo,2023-12-13 16:24:29
2015-08-13,OIH,642.5999755859375,642.5999755859375,628.0,629.2000122070312,263230,518.9868275799437,0.0,1.0,yahoo,2023-12-13 16:24:29
2015-08-14,OIH,631.7999877929688,638.7999877929688,620.4000244140625,622.4000244140625,194380,513.3779527805358,0.0,1.0,yahoo,2023-12-13 16:24:29
2015-08-17,OIH,621.0,623.7999877929688,614.7999877929688,619.0,304705,510.5734902088344,0.0,1.0,yahoo,2023-12-13 16:24:29
2015-08-18,OIH,617.5999755859375,624.7999877929688,613.7999877929688,617.7999877929688,159710,509.58367692799897,0.0,1.0,yahoo,2023-12-13 16:24:29
2015-08-19,OIH,613.5999755859375,615.2000122070312,593.4000244140625,597.0,323450,492.42709798816503,0.0,1.0,yahoo,2023-12-13 16:24:29
2015-08-20,OIH,597.4000244140625,604.4000244140625,579.7999877929688,580.2000122070312,367715,478.5698630884528,0.0,1.0,yahoo,2023-12-13 16:24:29
2015-08-21,OIH,579.0,586.5999755859375,561.2000122070312,561.2000122070312,371410,462.8979788978747,0.0,1.0,yahoo,2023-12-13 16:24:29
2015-08-24,OIH,531.2000122070312,557.0,520.0,532.2000122070312,493585,438.97773460699227,0.0,1.0,yahoo,2023-12-13 16:24:29
2015-08-25,OIH,558.0,558.0,531.7999877929688,532.2000122070312,320850,438.97773460699227,0.0,1.0,yahoo,2023-12-13 16:24:29
2015-08-26,OIH,557.7999877929688,561.0,541.0,552.2000122070312,573350,455.4744548076008,0.0,1.0,yahoo,2023-12-13 16:24:29
2015-08-27,OIH,567.4000244140625,597.2000122070312,565.4000244140625,596.2000122070312,594360,491.76723924893963,0.0,1.0,yahoo,2023-12-13 16:24:29
2015-08-28,OIH,588.4000244140625,624.0,588.4000244140625,614.7999877929688,640530,507.1091688979077,0.0,1.0,yahoo,2023-12-13 16:24:29
2015-08-31,OIH,611.0,632.4000244140625,598.5999755859375,629.2000122070312,615510,518.9868275799437,0.0,1.0,yahoo,2023-12-13 16:24:29
2015-09-01,OIH,606.0,620.2000122070312,602.4000244140625,607.0,573945,500.67545808846927,0.0,1.0,yahoo,2023-12-13 16:24:29
2015-09-02,OIH,616.5999755859375,618.2000122070312,589.5999755859375,604.7999877929688,468645,498.8608087976034,0.0,1.0,yahoo,2023-12-13 16:24:29
2015-09-03,OIH,611.0,622.7999877929688,601.5999755859375,610.7999877929688,396925,503.80982485778594,0.0,1.0,yahoo,2023-12-13 16:24:29
2015-09-04,OIH,596.7999877929688,603.4000244140625,592.7999877929688,595.5999755859375,208050,491.2723074365245,0.0,1.0,yahoo,2023-12-13 16:24:29
2015-09-08,OIH,600.4000244140625,607.7999877929688,594.2000122070312,606.2000122070312,266690,500.0155993492439,0.0,1.0,yahoo,2023-12-13 16:24:29
2015-09-09,OIH,610.0,621.2000122070312,588.5999755859375,590.7999877929688,442445,487.3131046571774,0.0,1.0,yahoo,2023-12-13 16:24:29
2015-09-10,OIH,592.0,600.4000244140625,580.2000122070312,596.5999755859375,318800,492.0971434465549,0.0,1.0,yahoo,2023-12-13 16:24:29
2015-09-11,OIH,585.7999877929688,589.4000244140625,573.7999877929688,585.2000122070312,494635,482.6940431386049,0.0,1.0,yahoo,2023-12-13 16:24:29
2015-09-14,OIH,580.7999877929688,585.5999755859375,576.2000122070312,582.4000244140625,273020,480.38451237931866,0.0,1.0,yahoo,2023-12-13 16:24:29
2015-09-15,OIH,583.4000244140625,595.4000244140625,583.4000244140625,593.0,257455,489.12775394804333,0.0,1.0,yahoo,2023-12-13 16:24:29
2015-09-16,OIH,598.4000244140625,622.4000244140625,598.0,617.5999755859375,495470,509.41869965719394,0.0,1.0,yahoo,2023-12-13 16:24:29
2015-09-17,OIH,618.7999877929688,627.5999755859375,607.4000244140625,614.2000122070312,306565,506.6142874294873,0.0,1.0,yahoo,2023-12-13 16:24:29
2015-09-18,OIH,600.2000122070312,602.5999755859375,582.4000244140625,584.7999877929688,319650,482.36408859699486,0.0,1.0,yahoo,2023-12-13 16:24:29
2015-09-21,OIH,591.2000122070312,592.2000122070312,579.2000122070312,581.5999755859375,463605,479.72460329609856,0.0,1.0,yahoo,2023-12-13 16:24:29
2015-09-22,OIH,572.2000122070312,589.5999755859375,571.4000244140625,581.2000122070312,506465,479.3946990984832,0.0,1.0,yahoo,2023-12-13 16:24:29
2015-09-23,OIH,583.4000244140625,586.7999877929688,571.5999755859375,571.7999877929688,405130,471.6412204665993,0.0,1.0,yahoo,2023-12-13 16:24:29
2015-09-24,OIH,569.5999755859375,580.7999877929688,563.5999755859375,572.4000244140625,249685,472.1361522790144,0.0,1.0,yahoo,2023-12-13 16:24:29
2015-09-25,OIH,576.2000122070312,579.5999755859375,562.2000122070312,567.2000122070312,277735,467.8469949580572,0.0,1.0,yahoo,2023-12-13 16:24:29
2015-09-28,OIH,561.4000244140625,564.4000244140625,543.2000122070312,543.5999755859375,271680,448.3808349149423,0.0,1.0,yahoo,2023-12-13 16:24:29
2015-09-29,OIH,548.0,557.5999755859375,538.4000244140625,546.7999877929688,292845,451.02032021583864,0.0,1.0,yahoo,2023-12-13 16:24:29
2015-09-30,OIH,550.2000122070312,556.2000122070312,539.7999877929688,549.5999755859375,328240,453.3298509751249,0.0,1.0,yahoo,2023-12-13 16:24:29
2015-10-01,OIH,559.7999877929688,566.7999877929688,537.2000122070312,539.7999877929688,472120,445.2464681456256,0.0,1.0,yahoo,2023-12-13 16:24:29
2015-10-02,OIH,535.2000122070312,569.7999877929688,532.5999755859375,569.5999755859375,504720,469.8265711757334,0.0,1.0,yahoo,2023-12-13 16:24:29
2015-10-05,OIH,579.0,598.5999755859375,575.2000122070312,592.7999877929688,428050,488.96277667723825,0.0,1.0,yahoo,2023-12-13 16:24:29
2015-10-06,OIH,599.0,622.2000122070312,591.5999755859375,620.4000244140625,568315,511.72828076047495,0.0,1.0,yahoo,2023-12-13 16:24:29
2015-10-07,OIH,633.5999755859375,644.7999877929688,612.5999755859375,628.0,678250,517.9970142991083,0.0,1.0,yahoo,2023-12-13 16:24:29
2015-10-08,OIH,624.7999877929688,642.5999755859375,613.7999877929688,640.2000122070312,503075,528.0600236902784,0.0,1.0,yahoo,2023-12-13 16:24:29
2015-10-09,OIH,644.5999755859375,648.0,632.4000244140625,640.5999755859375,333950,528.3899278878937,0.0,1.0,yahoo,2023-12-13 16:24:29
2015-10-12,OIH,641.4000244140625,641.4000244140625,614.0,619.7999877929688,276505,511.2333489480598,0.0,1.0,yahoo,2023-12-13 16:24:29
2015-10-13,OIH,612.4000244140625,629.4000244140625,609.7999877929688,615.0,264550,507.2741461687127,0.0,1.0,yahoo,2023-12-13 16:24:29
2015-10-14,OIH,617.4000244140625,625.0,609.7999877929688,623.4000244140625,440520,514.2027887905662,0.0,1.0,yahoo,2023-12-13 16:24:29
2015-10-15,OIH,620.4000244140625,632.2000122070312,612.4000244140625,632.2000122070312,404350,521.461335610035,0.0,1.0,yahoo,2023-12-13 16:24:29
2015-10-16,OIH,628.7999877929688,630.7999877929688,601.0,613.4000244140625,401290,505.9544286902619,0.0,1.0,yahoo,2023-12-13 16:24:29
2015-10-19,OIH,604.7999877929688,613.0,598.7999877929688,602.0,285405,496.55127803831715,0.0,1.0,yahoo,2023-12-13 16:24:29
2015-10-20,OIH,601.2000122070312,614.4000244140625,599.0,611.4000244140625,239585,504.3047566702011,0.0,1.0,yahoo,2023-12-13 16:24:29
2015-10-21,OIH,608.5999755859375,616.4000244140625,604.0,606.0,350080,499.85062207843885,0.0,1.0,yahoo,2023-12-13 16:24:29
2015-10-22,OIH,613.4000244140625,627.4000244140625,612.2000122070312,621.7999877929688,423060,512.8830209681207,0.0,1.0,yahoo,2023-12-13 16:24:29
2015-10-23,OIH,615.2000122070312,628.4000244140625,612.5999755859375,619.4000244140625,456685,510.90344475044446,0.0,1.0,yahoo,2023-12-13 16:24:29
2015-10-26,OIH,616.0,619.0,601.4000244140625,603.5999755859375,205990,497.87099551676795,0.0,1.0,yahoo,2023-12-13 16:24:29
2015-10-27,OIH,595.5999755859375,603.2000122070312,589.4000244140625,591.5999755859375,423640,487.9729633964028,0.0,1.0,yahoo,2023-12-13 16:24:29
2015-10-28,OIH,598.5999755859375,618.5999755859375,591.4000244140625,611.0,531435,503.974802128591,0.0,1.0,yahoo,2023-12-13 16:24:29
2015-10-29,OIH,610.4000244140625,619.4000244140625,602.5999755859375,604.0,330965,498.200950058378,0.0,1.0,yahoo,2023-12-13 16:24:29
2015-10-30,OIH,611.0,616.5999755859375,595.7999877929688,611.4000244140625,316090,504.3047566702011,0.0,1.0,yahoo,2023-12-13 16:24:29
2015-11-02,OIH,609.4000244140625,632.4000244140625,606.4000244140625,631.2000122070312,359000,520.6364996000045,0.0,1.0,yahoo,2023-12-13 16:24:29
2015-11-03,OIH,635.5999755859375,655.5999755859375,634.4000244140625,650.7999877929688,570120,536.8032652590031,0.0,1.0,yahoo,2023-12-13 16:24:29
2015-11-04,OIH,650.0,653.4000244140625,636.2000122070312,641.4000244140625,474640,529.0498369711139,0.0,1.0,yahoo,2023-12-13 16:24:29
2015-11-05,OIH,637.4000244140625,644.4000244140625,625.7999877929688,627.4000244140625,311980,517.5021328306879,0.0,1.0,yahoo,2023-12-13 16:24:29
2015-11-06,OIH,620.4000244140625,632.2000122070312,616.4000244140625,631.0,302960,520.4715223291995,0.0,1.0,yahoo,2023-12-13 16:24:29
2015-11-09,OIH,629.7999877929688,635.7999877929688,618.7999877929688,626.7999877929688,241095,517.0072010182728,0.0,1.0,yahoo,2023-12-13 16:24:29
2015-11-10,OIH,624.2000122070312,631.7999877929688,619.0,626.0,248700,516.3473422790474,0.0,1.0,yahoo,2023-12-13 16:24:29
2015-11-11,OIH,628.2000122070312,628.2000122070312,602.5999755859375,609.4000244140625,257345,502.6550846501402,0.0,1.0,yahoo,2023-12-13 16:24:29
2015-11-12,OIH,600.2000122070312,612.2000122070312,592.5999755859375,597.7999877929688,321775,493.08695672739043,0.0,1.0,yahoo,2023-12-13 16:24:29
2015-11-13,OIH,597.4000244140625,605.4000244140625,587.0,598.0,284745,493.25193399819545,0.0,1.0,yahoo,2023-12-13 16:24:29
2015-11-16,OIH,597.7999877929688,614.5999755859375,593.5999755859375,613.7999877929688,228300,506.28433288787727,0.0,1.0,yahoo,2023-12-13 16:24:29
2015-11-17,OIH,608.5999755859375,614.5999755859375,601.5999755859375,602.5999755859375,245810,497.0461595067375,0.0,1.0,yahoo,2023-12-13 16:24:29
2015-11-18,OIH,609.0,623.0,606.4000244140625,622.2000122070312,290245,513.2129755097308,0.0,1.0,yahoo,2023-12-13 16:24:29
2015-11-19,OIH,614.5999755859375,622.7999877929688,603.0,607.4000244140625,181325,501.0054126300794,0.0,1.0,yahoo,2023-12-13 16:24:29
2015-11-20,OIH,605.7999877929688,611.0,594.7999877929688,601.2000122070312,201060,495.89141929909175,0.0,1.0,yahoo,2023-12-13 16:24:29
2015-11-23,OIH,599.5999755859375,609.5999755859375,595.2000122070312,607.4000244140625,138515,501.0054126300794,0.0,1.0,yahoo,2023-12-13 16:24:29
2015-11-24,OIH,614.5999755859375,630.7999877929688,611.4000244140625,627.5999755859375,328070,517.6670597574982,0.0,1.0,yahoo,2023-12-13 16:24:29
2015-11-25,OIH,619.0,632.0,611.2000122070312,622.7999877929688,197820,513.7078569781511,0.0,1.0,yahoo,2023-12-13 16:24:29
2015-11-27,OIH,616.5999755859375,621.4000244140625,612.0,614.4000244140625,195380,506.77926470029234,0.0,1.0,yahoo,2023-12-13 16:24:29
2015-11-30,OIH,620.5999755859375,630.4000244140625,616.7999877929688,622.4000244140625,304235,513.3779527805358,0.0,1.0,yahoo,2023-12-13 16:24:29
2015-12-01,OIH,621.5999755859375,628.7999877929688,616.4000244140625,628.7999877929688,220495,518.6568730383336,0.0,1.0,yahoo,2023-12-13 16:24:29
2015-12-02,OIH,617.2000122070312,630.0,608.2000122070312,609.7999877929688,407250,502.9849888477555,0.0,1.0,yahoo,2023-12-13 16:24:29
2015-12-03,OIH,616.2000122070312,618.7999877929688,601.2000122070312,604.7999877929688,404915,498.8608087976034,0.0,1.0,yahoo,2023-12-13 16:24:29
2015-12-04,OIH,594.5999755859375,603.4000244140625,583.7999877929688,594.0,574315,489.95258995807376,0.0,1.0,yahoo,2023-12-13 16:24:29
2015-12-07,OIH,575.5999755859375,578.7999877929688,563.2000122070312,570.2000122070312,432800,470.3215029881485,0.0,1.0,yahoo,2023-12-13 16:24:29
2015-12-08,OIH,557.2000122070312,574.5999755859375,553.2000122070312,562.2000122070312,370595,463.7228149079051,0.0,1.0,yahoo,2023-12-13 16:24:29
2015-12-09,OIH,567.4000244140625,585.2000122070312,560.7999877929688,573.4000244140625,430980,472.96098828904485,0.0,1.0,yahoo,2023-12-13 16:24:29
2015-12-10,OIH,571.0,582.5999755859375,568.2000122070312,574.5999755859375,236925,473.95075122588554,0.0,1.0,yahoo,2023-12-13 16:24:29
2015-12-11,OIH,564.5999755859375,569.2000122070312,553.2000122070312,554.2000122070312,253470,457.1241268276617,0.0,1.0,yahoo,2023-12-13 16:24:29
2015-12-14,OIH,550.2000122070312,556.7999877929688,543.0,554.5999755859375,345600,457.454031025277,0.0,1.0,yahoo,2023-12-13 16:24:29
2015-12-15,OIH,563.4000244140625,578.2000122070312,556.4000244140625,572.4000244140625,442310,472.1361522790144,0.0,1.0,yahoo,2023-12-13 16:24:29
2015-12-16,OIH,568.5999755859375,576.4000244140625,560.7999877929688,564.2000122070312,428975,465.37248692796595,0.0,1.0,yahoo,2023-12-13 16:24:29
2015-12-17,OIH,564.0,564.0,542.5999755859375,542.7999877929688,404660,447.72097617571694,0.0,1.0,yahoo,2023-12-13 16:24:29
2015-12-18,OIH,541.2000122070312,544.5999755859375,525.7999877929688,526.0,507420,433.8637412760047,0.0,1.0,yahoo,2023-12-13 16:24:29
2015-12-21,OIH,515.0,520.5999755859375,508.0,514.4000244140625,313575,434.7596507280814,12.66,1.0,yahoo,2023-12-13 16:24:29
2015-12-22,OIH,518.0,531.7999877929688,515.5999755859375,528.5999755859375,465600,446.76113890622116,0.0,1.0,yahoo,2023-12-13 16:24:29
2015-12-23,OIH,544.4000244140625,551.7999877929688,537.7999877929688,551.7999877929688,336665,466.36928184032246,0.0,1.0,yahoo,2023-12-13 16:24:29
2015-12-24,OIH,546.5999755859375,553.2000122070312,544.4000244140625,546.4000244140625,95855,461.80535088944066,0.0,1.0,yahoo,2023-12-13 16:24:29
2015-12-28,OIH,538.5999755859375,540.5999755859375,529.7999877929688,531.7999877929688,269705,449.46571923947295,0.0,1.0,yahoo,2023-12-13 16:24:29
2015-12-29,OIH,539.7999877929688,546.4000244140625,530.4000244140625,535.5999755859375,242745,452.6773858165185,0.0,1.0,yahoo,2023-12-13 16:24:29
2015-12-30,OIH,524.2000122070312,536.0,522.7999877929688,525.7999877929688,230040,444.3946504592181,0.0,1.0,yahoo,2023-12-13 16:24:29
2015-12-31,OIH,523.5999755859375,532.2000122070312,522.2000122070312,529.0,256940,447.0992307924699,0.0,1.0,yahoo,2023-12-13 16:24:29
2016-01-04,OIH,527.0,536.0,520.0,534.2000122070312,318560,451.4941673858066,0.0,1.0,yahoo,2023-12-13 16:24:29
2016-01-05,OIH,530.0,534.7999877929688,517.5999755859375,525.0,325830,443.71851827229995,0.0,1.0,yahoo,2023-12-13 16:24:29
2016-01-06,OIH,510.7999877929688,513.7999877929688,498.2000122070313,501.2000122070313,404675,423.60328909440494,0.0,1.0,yahoo,2023-12-13 16:24:29
2016-01-07,OIH,490.3999938964844,499.6000061035156,484.7999877929688,486.6000061035156,449540,411.2636832372268,0.0,1.0,yahoo,2023-12-13 16:24:29
2016-01-08,OIH,491.2000122070313,493.3999938964844,473.3999938964844,476.2000122070313,429585,402.473835843343,0.0,1.0,yahoo,2023-12-13 16:24:29
2016-01-11,OIH,478.2000122070313,478.3999938964844,459.3999938964844,466.3999938964844,456780,394.1910746932529,0.0,1.0,yahoo,2023-12-13 16:24:29
2016-01-12,OIH,474.7999877929688,477.7999877929688,451.2000122070313,465.0,528855,393.0078304697514,0.0,1.0,yahoo,2023-12-13 16:24:29
2016-01-13,OIH,464.7999877929688,475.3999938964844,449.7999877929688,450.7999877929688,495255,381.0062907060324,0.0,1.0,yahoo,2023-12-13 16:24:29
2016-01-14,OIH,455.3999938964844,469.7999877929688,441.7999877929688,466.0,542070,393.85300859979384,0.0,1.0,yahoo,2023-12-13 16:24:29
2016-01-15,OIH,446.3999938964844,452.7999877929688,439.6000061035156,449.2000122070313,418035,379.65402633219617,0.0,1.0,yahoo,2023-12-13 16:24:29
2016-01-19,OIH,453.2000122070313,453.3999938964844,431.3999938964844,437.6000061035156,473715,369.8499548651455,0.0,1.0,yahoo,2023-12-13 16:24:29
2016-01-20,OIH,427.7999877929688,433.2000122070313,409.2000122070313,427.0,496695,360.8910615281373,0.0,1.0,yahoo,2023-12-13 16:24:29
2016-01-21,OIH,425.2000122070313,448.6000061035156,421.6000061035156,440.3999938964844,426870,372.21644331214856,0.0,1.0,yahoo,2023-12-13 16:24:29
2016-01-22,OIH,459.7999877929688,467.3999938964844,441.6000061035156,454.7999877929688,570360,384.38700322620235,0.0,1.0,yahoo,2023-12-13 16:24:29
2016-01-25,OIH,445.2000122070313,455.6000061035156,431.2000122070313,431.7999877929688,405375,364.9479062352254,0.0,1.0,yahoo,2023-12-13 16:24:29
2016-01-26,OIH,442.0,446.6000061035156,431.3999938964844,444.3999938964844,306435,375.59715583231844,0.0,1.0,yahoo,2023-12-13 16:24:29
2016-01-27,OIH,443.0,459.6000061035156,438.6000061035156,448.3999938964844,459295,378.9778683524884,0.0,1.0,yahoo,2023-12-13 16:24:29
2016-01-28,OIH,471.7999877929688,472.6000061035156,457.0,467.0,427925,394.6981867298363,0.0,1.0,yahoo,2023-12-13 16:24:29
2016-01-29,OIH,470.7999877929688,486.0,467.6000061035156,485.6000061035156,366280,410.41850510718433,0.0,1.0,yahoo,2023-12-13 16:24:29
2016-02-01,OIH,474.3999938964844,477.6000061035156,464.7999877929688,474.0,381515,400.61443364013365,0.0,1.0,yahoo,2023-12-13 16:24:29
2016-02-02,OIH,461.3999938964844,461.3999938964844,450.3999938964844,453.6000061035156,363105,383.37280494582507,0.0,1.0,yahoo,2023-12-13 16:24:29
2016-02-03,OIH,461.7999877929688,467.3999938964844,439.2000122070313,466.6000061035156,366585,394.36012063637725,0.0,1.0,yahoo,2023-12-13 16:24:29
2016-02-04,OIH,473.6000061035156,492.7999877929688,473.3999938964844,480.7999877929688,547215,406.3616346073067,0.0,1.0,yahoo,2023-12-13 16:24:29
2016-02-05,OIH,476.0,484.6000061035156,468.6000061035156,474.0,280480,400.61443364013365,0.0,1.0,yahoo,2023-12-13 16:24:29
2016-02-08,OIH,461.2000122070313,469.3999938964844,456.6000061035156,467.3999938964844,426745,395.0362528232954,0.0,1.0,yahoo,2023-12-13 16:24:29
2016-02-09,OIH,461.2000122070313,463.2000122070313,439.0,447.2000122070313,443065,377.9636700721112,0.0,1.0,yahoo,2023-12-13 16:24:29
2016-02-10,OIH,444.6000061035156,457.0,441.6000061035156,442.0,316910,373.56873347877445,0.0,1.0,yahoo,2023-12-13 16:24:29
2016-02-11,OIH,432.7999877929688,442.3999938964844,425.7999877929688,438.3999938964844,369465,370.5260870520636,0.0,1.0,yahoo,2023-12-13 16:24:29
2016-02-12,OIH,447.7999877929688,457.2000122070313,442.7999877929688,450.3999938964844,393490,380.66822461257334,0.0,1.0,yahoo,2023-12-13 16:24:29
2016-02-16,OIH,458.6000061035156,460.3999938964844,450.3999938964844,459.0,238020,387.9367616894965,0.0,1.0,yahoo,2023-12-13 16:24:29
2016-02-17,OIH,468.7999877929688,483.6000061035156,466.7999877929688,478.3999938964844,365135,404.33321225376267,0.0,1.0,yahoo,2023-12-13 16:24:29
2016-02-18,OIH,483.3999938964844,485.2000122070313,469.2000122070313,474.7999877929688,292980,401.29056582705186,0.0,1.0,yahoo,2023-12-13 16:24:29
2016-02-19,OIH,468.3999938964844,472.7999877929688,462.7999877929688,472.2000122070313,267060,399.09312332317313,0.0,1.0,yahoo,2023-12-13 16:24:29
2016-02-22,OIH,484.3999938964844,491.3999938964844,481.7999877929688,488.2000122070313,204850,412.6159734038527,0.0,1.0,yahoo,2023-12-13 16:24:29
2016-02-23,OIH,483.2000122070313,489.6000061035156,469.0,470.6000061035156,268625,397.7408331565472,0.0,1.0,yahoo,2023-12-13 16:24:29
2016-02-24,OIH,458.0,469.6000061035156,454.7999877929688,469.0,339360,396.3885429899213,0.0,1.0,yahoo,2023-12-13 16:24:29
2016-02-25,OIH,466.6000061035156,469.2000122070313,454.6000061035156,468.2000122070313,224040,395.7124108030032,0.0,1.0,yahoo,2023-12-13 16:24:29
2016-02-26,OIH,479.7999877929688,490.2000122070313,476.7999877929688,481.7999877929688,313535,407.2068127373492,0.0,1.0,yahoo,2023-12-13 16:24:29
2016-02-29,OIH,484.0,492.2000122070313,479.7999877929688,481.6000061035156,312785,407.0377925870144,0.0,1.0,yahoo,2023-12-13 16:24:29
2016-03-01,OIH,488.6000061035156,495.7999877929688,484.0,491.6000061035156,360570,415.4895738874392,0.0,1.0,yahoo,2023-12-13 16:24:29
2016-03-02,OIH,487.7999877929688,508.2000122070313,484.0,507.3999938964844,393525,428.8433780249945,0.0,1.0,yahoo,2023-12-13 16:24:29
2016-03-03,OIH,503.0,529.2000122070312,503.0,527.7999877929688,359960,446.08500671930307,0.0,1.0,yahoo,2023-12-13 16:24:29
2016-03-04,OIH,532.5999755859375,559.2000122070312,525.2000122070312,545.5999755859375,719185,461.1291671169433,0.0,1.0,yahoo,2023-12-13 16:24:29
2016-03-07,OIH,541.0,561.5999755859375,537.7999877929688,558.5999755859375,495165,472.11648280749546,0.0,1.0,yahoo,2023-12-13 16:24:29
2016-03-08,OIH,553.2000122070312,553.2000122070312,522.5999755859375,523.5999755859375,452285,442.5352482560088,0.0,1.0,yahoo,2023-12-13 16:24:29
2016-03-09,OIH,531.2000122070312,535.2000122070312,516.2000122070312,525.4000244140625,353965,444.0566101585486,0.0,1.0,yahoo,2023-12-13 16:24:29
2016-03-10,OIH,521.5999755859375,527.2000122070312,512.5999755859375,524.7999877929688,301225,443.5494723291756,0.0,1.0,yahoo,2023-12-13 16:24:29
2016-03-11,OIH,532.7999877929688,550.5999755859375,532.7999877929688,546.7999877929688,348070,462.1433911901101,0.0,1.0,yahoo,2023-12-13 16:24:29
2016-03-14,OIH,535.0,542.5999755859375,530.2000122070312,536.4000244140625,281160,453.3535695890159,0.0,1.0,yahoo,2023-12-13 16:24:29
2016-03-15,OIH,527.4000244140625,531.4000244140625,517.7999877929688,531.4000244140625,388480,449.1276789388035,0.0,1.0,yahoo,2023-12-13 16:24:29
2016-03-16,OIH,537.0,540.0,527.7999877929688,538.4000244140625,399675,455.04392584910084,0.0,1.0,yahoo,2023-12-13 16:24:29
2016-03-17,OIH,545.2000122070312,558.7999877929688,540.2000122070312,553.4000244140625,351050,467.721597799738,0.0,1.0,yahoo,2023-12-13 16:24:29
2016-03-18,OIH,558.0,560.2000122070312,539.0,543.2000122070312,425005,459.1007705561889,0.0,1.0,yahoo,2023-12-13 16:24:29
2016-03-21,OIH,534.4000244140625,548.2000122070312,533.0,547.4000244140625,411790,462.6505290194831,0.0,1.0,yahoo,2023-12-13 16:24:29
2016-03-22,OIH,538.4000244140625,546.4000244140625,536.0,539.0,201540,455.5510120928946,0.0,1.0,yahoo,2023-12-13 16:24:29
2016-03-23,OIH,532.4000244140625,537.4000244140625,522.5999755859375,524.4000244140625,278785,443.2114320285062,0.0,1.0,yahoo,2023-12-13 16:24:29
2016-03-24,OIH,513.5999755859375,526.2000122070312,510.6000061035156,525.5999755859375,285710,444.22560451609377,0.0,1.0,yahoo,2023-12-13 16:24:29
2016-03-28,OIH,525.5999755859375,528.0,518.4000244140625,525.2000122070312,203230,443.8875642154243,0.0,1.0,yahoo,2023-12-13 16:24:29
2016-03-29,OIH,514.7999877929688,525.4000244140625,508.2000122070313,524.4000244140625,349855,443.2114320285062,0.0,1.0,yahoo,2023-12-13 16:24:29
2016-03-30,OIH,531.2000122070312,537.2000122070312,524.4000244140625,531.4000244140625,405110,449.1276789388035,0.0,1.0,yahoo,2023-12-13 16:24:29
2016-03-31,OIH,530.0,538.5999755859375,527.0,532.2000122070312,217120,449.8038111257216,0.0,1.0,yahoo,2023-12-13 16:24:29
2016-04-01,OIH,521.0,525.4000244140625,513.0,518.2000122070312,316655,437.97131730512695,0.0,1.0,yahoo,2023-12-13 16:24:29
2016-04-04,OIH,516.0,523.2000122070312,506.7999877929688,510.7999877929688,310650,431.716978508581,0.0,1.0,yahoo,2023-12-13 16:24:29
2016-04-05,OIH,504.0,513.4000244140625,502.6000061035156,509.0,314745,430.1956681916203,0.0,1.0,yahoo,2023-12-13 16:24:29
2016-04-06,OIH,513.5999755859375,527.4000244140625,505.6000061035156,519.4000244140625,343020,438.98554137829376,0.0,1.0,yahoo,2023-12-13 16:24:29
2016-04-07,OIH,515.5999755859375,521.0,504.3999938964844,510.2000122070313,215310,431.2098922647872,0.0,1.0,yahoo,2023-12-13 16:24:29
2016-04-08,OIH,524.4000244140625,533.2000122070312,521.7999877929688,525.2000122070312,217365,443.8875642154243,0.0,1.0,yahoo,2023-12-13 16:24:29
2016-04-11,OIH,529.7999877929688,533.5999755859375,524.5999755859375,525.4000244140625,187940,444.0566101585486,0.0,1.0,yahoo,2023-12-13 16:24:29
2016-04-12,OIH,529.4000244140625,548.2000122070312,523.7999877929688,543.5999755859375,558610,459.4388108568583,0.0,1.0,yahoo,2023-12-13 16:24:29
2016-04-13,OIH,547.0,556.2000122070312,541.2000122070312,551.7999877929688,387520,466.36928184032246,0.0,1.0,yahoo,2023-12-13 16:24:29
2016-04-14,OIH,555.7999877929688,555.7999877929688,541.4000244140625,547.5999755859375,356625,462.81952337702825,0.0,1.0,yahoo,2023-12-13 16:24:29
2016-04-15,OIH,539.2000122070312,546.5999755859375,532.2000122070312,542.5999755859375,376045,458.5936327268158,0.0,1.0,yahoo,2023-12-13 16:24:29
2016-04-18,OIH,527.0,555.5999755859375,526.2000122070312,552.5999755859375,269460,467.0454140272406,0.0,1.0,yahoo,2023-12-13 16:24:29
2016-04-19,OIH,558.4000244140625,576.7999877929688,557.2000122070312,575.4000244140625,476985,486.3155166606724,0.0,1.0,yahoo,2023-12-13 16:24:29
2016-04-20,OIH,570.0,585.4000244140625,569.0,579.2000122070312,412430,489.527183237718,0.0,1.0,yahoo,2023-12-13 16:24:29
2016-04-21,OIH,579.0,585.2000122070312,575.2000122070312,576.2000122070312,270445,486.99164884759057,0.0,1.0,yahoo,2023-12-13 16:24:29
2016-04-22,OIH,573.2000122070312,595.4000244140625,571.4000244140625,586.2000122070312,388210,495.44343014801535,0.0,1.0,yahoo,2023-12-13 16:24:29
2016-04-25,OIH,581.0,586.5999755859375,564.5999755859375,571.2000122070312,327430,482.7657581973782,0.0,1.0,yahoo,2023-12-13 16:24:29
2016-04-26,OIH,574.0,576.2000122070312,563.2000122070312,573.0,233865,484.2870685143388,0.0,1.0,yahoo,2023-12-13 16:24:29
2016-04-27,OIH,578.2000122070312,596.4000244140625,577.2000122070312,592.7999877929688,553840,501.02158517206396,0.0,1.0,yahoo,2023-12-13 16:24:29
2016-04-28,OIH,586.2000122070312,602.4000244140625,581.4000244140625,589.4000244140625,541755,498.1480104812671,0.0,1.0,yahoo,2023-12-13 16:24:29
2016-04-29,OIH,594.4000244140625,609.4000244140625,585.4000244140625,600.7999877929688,434115,507.7830102124038,0.0,1.0,yahoo,2023-12-13 16:24:29
2016-05-02,OIH,597.5999755859375,602.2000122070312,587.5999755859375,593.4000244140625,496935,501.528723001437,0.0,1.0,yahoo,2023-12-13 16:24:29
2016-05-03,OIH,581.4000244140625,583.7999877929688,568.0,572.4000244140625,351515,483.779982270545,0.0,1.0,yahoo,2023-12-13 16:24:29
2016-05-04,OIH,574.4000244140625,579.7999877929688,555.5999755859375,558.5999755859375,368360,472.11648280749546,0.0,1.0,yahoo,2023-12-13 16:24:29
2016-05-05,OIH,567.5999755859375,577.2000122070312,546.2000122070312,551.2000122070312,316560,465.8621955965287,0.0,1.0,yahoo,2023-12-13 16:24:29
2016-05-06,OIH,550.0,564.2000122070312,545.2000122070312,556.4000244140625,230635,470.2571321898654,0.0,1.0,yahoo,2023-12-13 16:24:29
2016-05-09,OIH,548.4000244140625,550.5999755859375,528.5999755859375,533.2000122070312,248510,450.6489892557641,0.0,1.0,yahoo,2023-12-13 16:24:29
2016-05-10,OIH,536.2000122070312,546.2000122070312,536.0,544.7999877929688,217955,460.4530349300251,0.0,1.0,yahoo,2023-12-13 16:24:29
2016-05-11,OIH,543.2000122070312,555.0,537.2000122070312,545.5999755859375,199965,461.1291671169433,0.0,1.0,yahoo,2023-12-13 16:24:29
2016-05-12,OIH,556.0,557.2000122070312,539.7999877929688,546.4000244140625,210325,461.80535088944066,0.0,1.0,yahoo,2023-12-13 16:24:29
2016-05-13,OIH,542.0,549.2000122070312,531.7999877929688,531.7999877929688,302675,449.46571923947295,0.0,1.0,yahoo,2023-12-13 16:24:29
2016-05-16,OIH,539.2000122070312,552.2000122070312,539.2000122070312,547.2000122070312,233005,462.48148307635876,0.0,1.0,yahoo,2023-12-13 16:24:29
2016-05-17,OIH,547.0,561.5999755859375,546.2000122070312,556.2000122070312,232030,470.08808624674106,0.0,1.0,yahoo,2023-12-13 16:24:29
2016-05-18,OIH,552.2000122070312,557.2000122070312,535.0,539.0,393660,455.5510120928946,0.0,1.0,yahoo,2023-12-13 16:24:29
2016-05-19,OIH,533.4000244140625,538.2000122070312,524.7999877929688,535.0,322865,452.17029957272473,0.0,1.0,yahoo,2023-12-13 16:24:29
2016-05-20,OIH,537.5999755859375,546.2000122070312,534.5999755859375,544.0,258290,459.77690274310703,0.0,1.0,yahoo,2023-12-13 16:24:29
2016-05-23,OIH,539.0,545.4000244140625,535.7999877929688,541.7999877929688,146635,457.91750053989773,0.0,1.0,yahoo,2023-12-13 16:24:29
2016-05-24,OIH,545.0,545.5999755859375,536.7999877929688,543.2000122070312,156695,459.1007705561889,0.0,1.0,yahoo,2023-12-13 16:24:29
2016-05-25,OIH,547.2000122070312,565.2000122070312,547.2000122070312,564.5999755859375,283010,477.1875515877503,0.0,1.0,yahoo,2023-12-13 16:24:29
2016-05-26,OIH,565.5999755859375,574.2000122070312,560.0,560.2000122070312,289030,473.46879876691094,0.0,1.0,yahoo,2023-12-13 16:24:29
2016-05-27,OIH,559.7999877929688,563.7999877929688,555.0,562.5999755859375,139880,475.4971953276654,0.0,1.0,yahoo,2023-12-13 16:24:29
2016-05-31,OIH,563.2000122070312,573.0,558.0,562.2000122070312,221130,475.1591550269959,0.0,1.0,yahoo,2023-12-13 16:24:29
2016-06-01,OIH,552.7999877929688,559.4000244140625,544.0,556.7999877929688,434145,470.5951724905349,0.0,1.0,yahoo,2023-12-13 16:24:29
2016-06-02,OIH,553.5999755859375,555.0,544.7999877929688,552.7999877929688,427015,467.21445997036494,0.0,1.0,yahoo,2023-12-13 16:24:29
2016-06-03,OIH,554.5999755859375,561.7999877929688,549.4000244140625,557.7999877929688,191410,471.4403506205773,0.0,1.0,yahoo,2023-12-13 16:24:29
2016-06-06,OIH,564.7999877929688,598.2000122070312,563.2000122070312,597.7999877929688,638825,505.2474758222764,0.0,1.0,yahoo,2023-12-13 16:24:29
2016-06-07,OIH,600.4000244140625,615.4000244140625,599.2000122070312,612.7999877929688,630140,517.9251477729135,0.0,1.0,yahoo,2023-12-13 16:24:29
2016-06-08,OIH,619.2000122070312,625.4000244140625,609.7999877929688,617.4000244140625,538590,521.8129981224564,0.0,1.0,yahoo,2023-12-13 16:24:29
2016-06-09,OIH,604.0,611.5999755859375,603.5999755859375,609.0,262380,514.713481195868,0.0,1.0,yahoo,2023-12-13 16:24:29
2016-06-10,OIH,597.5999755859375,603.5999755859375,590.0,590.0,301685,498.6550967250609,0.0,1.0,yahoo,2023-12-13 16:24:29
2016-06-13,OIH,583.7999877929688,596.2000122070312,580.7999877929688,585.4000244140625,261450,494.7672979610972,0.0,1.0,yahoo,2023-12-13 16:24:29
2016-06-14,OIH,580.2000122070312,591.0,573.2000122070312,583.0,235560,492.73884981476357,0.0,1.0,yahoo,2023-12-13 16:24:29
2016-06-15,OIH,579.4000244140625,592.5999755859375,575.5999755859375,581.2000122070312,346105,491.21753949780293,0.0,1.0,yahoo,2023-12-13 16:24:29
2016-06-16,OIH,571.4000244140625,573.2000122070312,558.7999877929688,570.5999755859375,411465,482.25862036800515,0.0,1.0,yahoo,2023-12-13 16:24:29
2016-06-17,OIH,580.5999755859375,588.7999877929688,576.5999755859375,586.4000244140625,236950,495.6124760911397,0.0,1.0,yahoo,2023-12-13 16:24:29
2016-06-20,OIH,595.2000122070312,601.0,585.5999755859375,586.2000122070312,202310,495.44343014801535,0.0,1.0,yahoo,2023-12-13 16:24:29
2016-06-21,OIH,585.5999755859375,597.0,579.5999755859375,593.7999877929688,206855,501.86676330210645,0.0,1.0,yahoo,2023-12-13 16:24:29
2016-06-22,OIH,598.5999755859375,601.7999877929688,591.2000122070312,592.0,174200,500.34545298514587,0.0,1.0,yahoo,2023-12-13 16:24:29
2016-06-23,OIH,604.2000122070312,608.4000244140625,597.5999755859375,608.4000244140625,194850,514.2063949520741,0.0,1.0,yahoo,2023-12-13 16:24:29
2016-06-24,OIH,578.4000244140625,589.2000122070312,574.4000244140625,575.0,306485,485.97742477442375,0.0,1.0,yahoo,2023-12-13 16:24:29
2016-06-27,OIH,567.2000122070312,569.4000244140625,543.0,544.5999755859375,334700,460.2839889869008,0.0,1.0,yahoo,2023-12-13 16:24:29
2016-06-28,OIH,559.4000244140625,562.0,553.5999755859375,560.7999877929688,181220,473.97588501070476,0.0,1.0,yahoo,2023-12-13 16:24:29
2016-06-29,OIH,570.0,580.5999755859375,567.0,576.5999755859375,267850,487.32968914826006,0.0,1.0,yahoo,2023-12-13 16:24:29
2016-06-30,OIH,574.5999755859375,585.0,572.4000244140625,585.0,181525,494.42920607484854,0.0,1.0,yahoo,2023-12-13 16:24:29
2016-07-01,OIH,585.2000122070312,600.4000244140625,584.5999755859375,599.4000244140625,128870,506.59979178169186,0.0,1.0,yahoo,2023-12-13 16:24:29
2016-07-05,OIH,585.0,588.7999877929688,562.7999877929688,571.2000122070312,266830,482.7657581973782,0.0,1.0,yahoo,2023-12-13 16:24:29
2016-07-06,OIH,567.2000122070312,570.2000122070312,558.4000244140625,570.0,169410,481.7515341242114,0.0,1.0,yahoo,2023-12-13 16:24:29
2016-07-07,OIH,579.2000122070312,588.2000122070312,563.0,568.5999755859375,267535,480.56826410792024,0.0,1.0,yahoo,2023-12-13 16:24:29
2016-07-08,OIH,575.0,583.4000244140625,573.4000244140625,581.0,285095,491.0484935546786,0.0,1.0,yahoo,2023-12-13 16:24:29
2016-07-11,OIH,584.5999755859375,589.0,572.2000122070312,573.0,147255,484.2870685143388,0.0,1.0,yahoo,2023-12-13 16:24:29
2016-07-12,OIH,586.5999755859375,603.0,585.0,601.0,269225,507.9520561555281,0.0,1.0,yahoo,2023-12-13 16:24:29
2016-07-13,OIH,598.7999877929688,602.5999755859375,581.7999877929688,586.0,210210,495.274384204891,0.0,1.0,yahoo,2023-12-13 16:24:29
2016-07-14,OIH,596.2000122070312,598.4000244140625,591.0,593.5999755859375,129655,501.6977173589821,0.0,1.0,yahoo,2023-12-13 16:24:29
2016-07-15,OIH,597.4000244140625,597.7999877929688,589.0,589.2000122070312,98630,497.97896453814275,0.0,1.0,yahoo,2023-12-13 16:24:29
2016-07-18,OIH,586.0,592.4000244140625,580.5999755859375,592.4000244140625,188475,500.68354487139453,0.0,1.0,yahoo,2023-12-13 16:24:29
2016-07-19,OIH,590.0,591.2000122070312,582.2000122070312,584.2000122070312,149385,493.7530738879304,0.0,1.0,yahoo,2023-12-13 16:24:29
2016-07-20,OIH,580.0,587.7999877929688,571.5999755859375,583.2000122070312,234730,492.9078957578879,0.0,1.0,yahoo,2023-12-13 16:24:29
2016-07-21,OIH,582.4000244140625,591.5999755859375,572.5999755859375,574.2000122070312,268060,485.3012925875056,0.0,1.0,yahoo,2023-12-13 16:24:29
2016-07-22,OIH,576.4000244140625,576.4000244140625,565.4000244140625,571.5999755859375,229205,483.10379849804764,0.0,1.0,yahoo,2023-12-13 16:24:29
2016-07-25,OIH,567.7999877929688,568.4000244140625,556.4000244140625,558.4000244140625,171270,471.94748844995036,0.0,1.0,yahoo,2023-12-13 16:24:29
2016-07-26,OIH,556.0,566.5999755859375,555.0,566.5999755859375,163195,478.8779078478353,0.0,1.0,yahoo,2023-12-13 16:24:29
2016-07-27,OIH,567.0,573.7999877929688,554.7999877929688,558.4000244140625,225800,471.94748844995036,0.0,1.0,yahoo,2023-12-13 16:24:29
2016-07-28,OIH,557.5999755859375,568.4000244140625,552.5999755859375,554.7999877929688,186680,468.9048162304499,0.0,1.0,yahoo,2023-12-13 16:24:29
2016-07-29,OIH,551.0,564.7999877929688,550.4000244140625,563.7999877929688,205300,476.5114194008322,0.0,1.0,yahoo,2023-12-13 16:24:29
2016-08-01,OIH,557.0,558.2000122070312,539.2000122070312,540.4000244140625,496800,456.73428210918576,0.0,1.0,yahoo,2023-12-13 16:24:29
2016-08-02,OIH,545.7999877929688,549.0,532.2000122070312,541.7999877929688,383090,457.91750053989773,0.0,1.0,yahoo,2023-12-13 16:24:29
2016-08-03,OIH,541.2000122070312,554.4000244140625,539.0,554.4000244140625,315325,468.5667759297804,0.0,1.0,yahoo,2023-12-13 16:24:29
2016-08-04,OIH,551.2000122070312,561.2000122070312,551.2000122070312,558.0,179815,471.6093965637017,0.0,1.0,yahoo,2023-12-13 16:24:29
2016-08-05,OIH,558.5999755859375,567.0,555.7999877929688,566.4000244140625,278880,478.7089134902902,0.0,1.0,yahoo,2023-12-13 16:24:29
2016-08-08,OIH,569.2000122070312,583.5999755859375,569.2000122070312,579.2000122070312,313080,489.527183237718,0.0,1.0,yahoo,2023-12-13 16:24:29
2016-08-09,OIH,583.7999877929688,584.0,570.5999755859375,573.7999877929688,220590,484.96320070125694,0.0,1.0,yahoo,2023-12-13 16:24:29
2016-08-10,OIH,577.5999755859375,577.7999877929688,561.4000244140625,562.5999755859375,193490,475.4971953276654,0.0,1.0,yahoo,2023-12-13 16:24:29
2016-08-11,OIH,565.0,573.5999755859375,562.5999755859375,570.2000122070312,293025,481.9205800673357,0.0,1.0,yahoo,2023-12-13 16:24:29
2016-08-12,OIH,573.5999755859375,575.5999755859375,563.4000244140625,565.7999877929688,172150,478.2017756609171,0.0,1.0,yahoo,2023-12-13 16:24:29
2016-08-15,OIH,568.0,580.5999755859375,568.0,578.0,155795,488.5129591645512,0.0,1.0,yahoo,2023-12-13 16:24:29
2016-08-16,OIH,580.0,582.5999755859375,576.4000244140625,579.7999877929688,173090,490.0342694815118,0.0,1.0,yahoo,2023-12-13 16:24:29
2016-08-17,OIH,578.2000122070312,579.4000244140625,571.2000122070312,579.2000122070312,226820,489.527183237718,0.0,1.0,yahoo,2023-12-13 16:24:29
2016-08-18,OIH,581.5999755859375,597.5999755859375,581.5999755859375,595.5999755859375,318925,503.3880736190671,0.0,1.0,yahoo,2023-12-13 16:24:29
2016-08-19,OIH,593.4000244140625,593.7999877929688,586.4000244140625,592.7999877929688,227910,501.02158517206396,0.0,1.0,yahoo,2023-12-13 16:24:29
2016-08-22,OIH,585.4000244140625,585.4000244140625,575.5999755859375,577.0,225405,487.6677810345087,0.0,1.0,yahoo,2023-12-13 16:24:29
2016-08-23,OIH,573.5999755859375,583.5999755859375,573.5999755859375,580.0,224610,490.2033154246361,0.0,1.0,yahoo,2023-12-13 16:24:29
2016-08-24,OIH,576.0,580.7999877929688,570.0,571.2000122070312,276850,482.7657581973782,0.0,1.0,yahoo,2023-12-13 16:24:29
2016-08-25,OIH,574.7999877929688,578.0,569.4000244140625,572.2000122070312,104155,483.6109363274207,0.0,1.0,yahoo,2023-12-13 16:24:29
2016-08-26,OIH,574.2000122070312,581.2000122070312,565.5999755859375,568.2000122070312,222450,480.23022380725075,0.0,1.0,yahoo,2023-12-13 16:24:29
2016-08-29,OIH,564.7999877929688,574.0,564.5999755859375,570.0,132675,481.7515341242114,0.0,1.0,yahoo,2023-12-13 16:24:29
2016-08-30,OIH,573.7999877929688,577.4000244140625,562.0,564.0,280415,476.68046534395654,0.0,1.0,yahoo,2023-12-13 16:24:29
2016-08-31,OIH,563.2000122070312,563.2000122070312,551.0,552.5999755859375,201210,467.0454140272406,0.0,1.0,yahoo,2023-12-13 16:24:29
2016-09-01,OIH,550.0,552.2000122070312,544.2000122070312,550.4000244140625,180665,465.18606340961054,0.0,1.0,yahoo,2023-12-13 16:24:29
2016-09-02,OIH,553.4000244140625,562.5999755859375,553.4000244140625,555.2000122070312,125345,469.2429081166986,0.0,1.0,yahoo,2023-12-13 16:24:29
2016-09-06,OIH,555.0,563.5999755859375,555.0,563.0,188330,475.83528721391406,0.0,1.0,yahoo,2023-12-13 16:24:29
2016-09-07,OIH,565.0,565.0,558.0,560.2000122070312,277785,473.46879876691094,0.0,1.0,yahoo,2023-12-13 16:24:29
2016-09-08,OIH,565.4000244140625,576.4000244140625,559.0,574.2000122070312,235585,485.3012925875056,0.0,1.0,yahoo,2023-12-13 16:24:29
2016-09-09,OIH,567.4000244140625,569.4000244140625,547.0,547.0,323950,462.3124371332344,0.0,1.0,yahoo,2023-12-13 16:24:29
2016-09-12,OIH,540.2000122070312,557.5999755859375,539.2000122070312,555.0,201945,469.07386217357424,0.0,1.0,yahoo,2023-12-13 16:24:29
2016-09-13,OIH,546.2000122070312,550.2000122070312,533.4000244140625,536.7999877929688,324285,453.6916098896853,0.0,1.0,yahoo,2023-12-13 16:24:29
2016-09-14,OIH,536.2000122070312,545.5999755859375,530.7999877929688,533.7999877929688,270765,451.1560754995579,0.0,1.0,yahoo,2023-12-13 16:24:29
2016-09-15,OIH,535.5999755859375,544.0,532.7999877929688,540.5999755859375,184655,456.9032764667309,0.0,1.0,yahoo,2023-12-13 16:24:29
2016-09-16,OIH,534.2000122070312,537.4000244140625,530.0,534.0,198970,451.32512144268225,0.0,1.0,yahoo,2023-12-13 16:24:29
2016-09-19,OIH,540.0,543.4000244140625,532.0,532.0,245375,449.6347651825973,0.0,1.0,yahoo,2023-12-13 16:24:29
2016-09-20,OIH,533.2000122070312,534.2000122070312,526.2000122070312,526.4000244140625,213000,444.9017882885911,0.0,1.0,yahoo,2023-12-13 16:24:29
2016-09-21,OIH,535.0,544.0,532.0,543.7999877929688,350320,459.60785679998264,0.0,1.0,yahoo,2023-12-13 16:24:29
2016-09-22,OIH,551.7999877929688,555.7999877929688,549.0,550.4000244140625,294390,465.18606340961054,0.0,1.0,yahoo,2023-12-13 16:24:29
2016-09-23,OIH,548.0,552.2000122070312,533.0,533.0,372035,450.47994331263976,0.0,1.0,yahoo,2023-12-13 16:24:29
2016-09-26,OIH,543.5999755859375,544.0,534.5999755859375,535.4000244140625,293370,452.5083914589734,0.0,1.0,yahoo,2023-12-13 16:24:29
2016-09-27,OIH,532.0,533.4000244140625,522.0,530.4000244140625,261255,448.28250080876103,0.0,1.0,yahoo,2023-12-13 16:24:29
2016-09-28,OIH,533.0,562.5999755859375,527.7999877929688,562.0,459260,474.9901090838716,0.0,1.0,yahoo,2023-12-13 16:24:29
2016-09-29,OIH,564.7999877929688,586.7999877929688,564.5999755859375,576.7999877929688,567280,487.4987350913844,0.0,1.0,yahoo,2023-12-13 16:24:29
2016-09-30,OIH,582.0,588.4000244140625,575.5999755859375,585.5999755859375,265425,494.9362923186423,0.0,1.0,yahoo,2023-12-13 16:24:29
2016-10-03,OIH,586.5999755859375,587.7999877929688,575.5999755859375,580.4000244140625,231400,490.54140731088484,0.0,1.0,yahoo,2023-12-13 16:24:29
2016-10-04,OIH,585.2000122070312,587.7999877929688,573.0,575.4000244140625,202305,486.3155166606724,0.0,1.0,yahoo,2023-12-13 16:24:29
2016-10-05,OIH,585.7999877929688,598.4000244140625,583.5999755859375,593.2000122070312,294370,501.3596770583127,0.0,1.0,yahoo,2023-12-13 16:24:29
2016-10-06,OIH,596.4000244140625,603.0,591.7999877929688,600.0,246570,507.1068780254857,0.0,1.0,yahoo,2023-12-13 16:24:29
2016-10-07,OIH,600.0,603.7999877929688,594.4000244140625,598.0,202870,505.4165217654007,0.0,1.0,yahoo,2023-12-13 16:24:29
2016-10-10,OIH,604.2000122070312,613.7999877929688,604.2000122070312,611.0,197225,516.403837455953,0.0,1.0,yahoo,2023-12-13 16:24:29
2016-10-11,OIH,607.0,608.2000122070312,598.4000244140625,602.7999877929688,154840,509.47336647248875,0.0,1.0,yahoo,2023-12-13 16:24:29
2016-10-12,OIH,599.7999877929688,603.0,597.4000244140625,599.7999877929688,129600,506.9378320823613,0.0,1.0,yahoo,2023-12-13 16:24:29
2016-10-13,OIH,593.2000122070312,605.0,591.2000122070312,602.7999877929688,297090,509.47336647248875,0.0,1.0,yahoo,2023-12-13 16:24:29
2016-10-14,OIH,604.2000122070312,607.4000244140625,595.4000244140625,595.5999755859375,196365,503.3880736190671,0.0,1.0,yahoo,2023-12-13 16:24:29
2016-10-17,OIH,597.4000244140625,601.0,588.5999755859375,590.0,190120,498.6550967250609,0.0,1.0,yahoo,2023-12-13 16:24:29
2016-10-18,OIH,598.7999877929688,601.7999877929688,591.5999755859375,597.0,198200,504.57134363535823,0.0,1.0,yahoo,2023-12-13 16:24:29
2016-10-19,OIH,605.2000122070312,619.0,603.0,612.7999877929688,372580,517.9251477729135,0.0,1.0,yahoo,2023-12-13 16:24:29
2016-10-20,OIH,606.2000122070312,612.0,603.2000122070312,609.7999877929688,220890,515.3896133827861,0.0,1.0,yahoo,2023-12-13 16:24:29
2016-10-21,OIH,605.4000244140625,606.7999877929688,599.4000244140625,604.7999877929688,221045,511.1637227325737,0.0,1.0,yahoo,2023-12-13 16:24:29
2016-10-24,OIH,604.2000122070312,606.0,590.2000122070312,598.5999755859375,246850,505.9236080091945,0.0,1.0,yahoo,2023-12-13 16:24:29
2016-10-25,OIH,597.2000122070312,606.7999877929688,589.2000122070312,591.4000244140625,297640,499.83836674135205,0.0,1.0,yahoo,2023-12-13 16:24:29
2016-10-26,OIH,582.5999755859375,592.2000122070312,578.7999877929688,588.4000244140625,324485,497.30283235122465,0.0,1.0,yahoo,2023-12-13 16:24:29
2016-10-27,OIH,589.7999877929688,592.2000122070312,580.2000122070312,580.7999877929688,253315,490.87944761155427,0.0,1.0,yahoo,2023-12-13 16:24:29
2016-10-28,OIH,581.5999755859375,583.2000122070312,569.4000244140625,573.7999877929688,308945,484.96320070125694,0.0,1.0,yahoo,2023-12-13 16:24:29
2016-10-31,OIH,571.4000244140625,574.4000244140625,561.0,561.4000244140625,323550,474.48302284007775,0.0,1.0,yahoo,2023-12-13 16:24:29
2016-11-01,OIH,567.2000122070312,568.5999755859375,552.7999877929688,561.5999755859375,306815,474.6520171976229,0.0,1.0,yahoo,2023-12-13 16:24:29
2016-11-02,OIH,554.7999877929688,556.4000244140625,544.7999877929688,549.7999877929688,222190,464.6789255802375,0.0,1.0,yahoo,2023-12-13 16:24:29
2016-11-03,OIH,554.5999755859375,560.5999755859375,551.4000244140625,558.0,268810,471.6093965637017,0.0,1.0,yahoo,2023-12-13 16:24:29
2016-11-04,OIH,555.7999877929688,561.0,547.0,554.0,277705,468.22868404353176,0.0,1.0,yahoo,2023-12-13 16:24:29
2016-11-07,OIH,566.4000244140625,567.2000122070312,560.0,564.5999755859375,230260,477.1875515877503,0.0,1.0,yahoo,2023-12-13 16:24:29
2016-11-08,OIH,563.0,567.5999755859375,557.4000244140625,563.5999755859375,179225,476.3423734577078,0.0,1.0,yahoo,2023-12-13 16:24:29
2016-11-09,OIH,563.5999755859375,582.7999877929688,560.2000122070312,582.2000122070312,440950,492.0627176278454,0.0,1.0,yahoo,2023-12-13 16:24:29
2016-11-10,OIH,579.5999755859375,592.2000122070312,578.5999755859375,590.2000122070312,370870,498.82414266818523,0.0,1.0,yahoo,2023-12-13 16:24:29
2016-11-11,OIH,584.5999755859375,586.0,570.2000122070312,580.4000244140625,178490,490.54140731088484,0.0,1.0,yahoo,2023-12-13 16:24:29
2016-11-14,OIH,577.2000122070312,590.7999877929688,576.0,590.4000244140625,165880,498.99318861130956,0.0,1.0,yahoo,2023-12-13 16:24:29
2016-11-15,OIH,597.7999877929688,611.7999877929688,596.2000122070312,610.7999877929688,337075,516.2347915128286,0.0,1.0,yahoo,2023-12-13 16:24:29
2016-11-16,OIH,607.2000122070312,611.0,601.4000244140625,604.5999755859375,252720,510.9946767894494,0.0,1.0,yahoo,2023-12-13 16:24:29
2016-11-17,OIH,611.5999755859375,614.7999877929688,600.7999877929688,603.0,143325,509.6424124156131,0.0,1.0,yahoo,2023-12-13 16:24:29
2016-11-18,OIH,605.7999877929688,607.0,602.0,603.7999877929688,129570,510.31854460253123,0.0,1.0,yahoo,2023-12-13 16:24:29
2016-11-21,OIH,613.7999877929688,621.5999755859375,613.7999877929688,619.0,288320,523.1652624962927,0.0,1.0,yahoo,2023-12-13 16:24:29
2016-11-22,OIH,623.0,623.0,608.0,615.5999755859375,278325,520.2916362199167,0.0,1.0,yahoo,2023-12-13 16:24:29
2016-11-23,OIH,612.4000244140625,621.7999877929688,610.2000122070312,621.4000244140625,116995,525.1937106426263,0.0,1.0,yahoo,2023-12-13 16:24:29
2016-11-25,OIH,617.4000244140625,618.0,610.7999877929688,615.5999755859375,98370,520.2916362199167,0.0,1.0,yahoo,2023-12-13 16:24:29
2016-11-28,OIH,616.5999755859375,617.7999877929688,603.7999877929688,604.0,341880,510.48759054565556,0.0,1.0,yahoo,2023-12-13 16:24:29
2016-11-29,OIH,593.2000122070312,595.2000122070312,583.5999755859375,591.2000122070312,343420,499.6693207982277,0.0,1.0,yahoo,2023-12-13 16:24:29
2016-11-30,OIH,626.5999755859375,660.5999755859375,625.0,654.0,908400,552.7464970477794,0.0,1.0,yahoo,2023-12-13 16:24:29
2016-12-01,OIH,667.4000244140625,676.5999755859375,659.5999755859375,664.0,334900,561.1982783482041,0.0,1.0,yahoo,2023-12-13 16:24:29
2016-12-02,OIH,661.4000244140625,670.7999877929688,659.5999755859375,668.7999877929688,258225,565.2551230552922,0.0,1.0,yahoo,2023-12-13 16:24:29
2016-12-05,OIH,673.4000244140625,684.5999755859375,673.0,680.7999877929688,232335,575.3972606158019,0.0,1.0,yahoo,2023-12-13 16:24:29
2016-12-06,OIH,672.2000122070312,684.5999755859375,665.7999877929688,683.5999755859375,164740,577.763749062805,0.0,1.0,yahoo,2023-12-13 16:24:29
2016-12-07,OIH,681.2000122070312,684.7999877929688,675.2000122070312,681.2000122070312,260245,575.7353525020505,0.0,1.0,yahoo,2023-12-13 16:24:29
2016-12-08,OIH,680.2000122070312,691.2000122070312,677.0,690.7999877929688,184205,583.8490419162266,0.0,1.0,yahoo,2023-12-13 16:24:29
2016-12-09,OIH,694.5999755859375,697.5999755859375,689.5999755859375,697.2000122070312,223440,589.2582025827302,0.0,1.0,yahoo,2023-12-13 16:24:29
2016-12-12,OIH,720.0,727.0,697.7999877929688,700.5999755859375,349810,592.1317772735271,0.0,1.0,yahoo,2023-12-13 16:24:29
2016-12-13,OIH,704.5999755859375,707.0,690.4000244140625,701.7999877929688,248930,593.1460013466939,0.0,1.0,yahoo,2023-12-13 16:24:29
2016-12-14,OIH,695.4000244140625,698.5999755859375,678.2000122070312,681.2000122070312,417830,575.7353525020505,0.0,1.0,yahoo,2023-12-13 16:24:29
2016-12-15,OIH,677.4000244140625,688.4000244140625,672.4000244140625,684.4000244140625,318615,578.4399328353023,0.0,1.0,yahoo,2023-12-13 16:24:29
2016-12-16,OIH,687.4000244140625,689.2000122070312,681.2000122070312,684.7999877929688,184355,578.7779731359718,0.0,1.0,yahoo,2023-12-13 16:24:29
2016-12-19,OIH,674.0,677.5999755859375,670.5999755859375,672.0,489360,575.7961819389693,9.32,1.0,yahoo,2023-12-13 16:24:29
2016-12-20,OIH,679.0,680.7999877929688,672.0,674.2000122070312,127495,577.6812394226416,0.0,1.0,yahoo,2023-12-13 16:24:29
2016-12-21,OIH,677.0,678.7999877929688,672.7999877929688,678.0,145070,580.9372192777101,0.0,1.0,yahoo,2023-12-13 16:24:29
2016-12-22,OIH,676.2000122070312,681.2000122070312,674.7999877929688,677.4000244140625,153320,580.4231364627706,0.0,1.0,yahoo,2023-12-13 16:24:29
2016-12-23,OIH,675.5999755859375,678.2000122070312,670.5999755859375,673.0,95980,576.6530214954262,0.0,1.0,yahoo,2023-12-13 16:24:29
2016-12-27,OIH,676.4000244140625,683.0,675.4000244140625,680.4000244140625,127780,582.9936551321409,0.0,1.0,yahoo,2023-12-13 16:24:29
2016-12-28,OIH,680.4000244140625,684.0,668.4000244140625,668.7999877929688,101105,573.0542848988404,0.0,1.0,yahoo,2023-12-13 16:24:29
2016-12-29,OIH,667.5999755859375,672.5999755859375,664.5999755859375,670.5999755859375,202625,574.5965856409954,0.0,1.0,yahoo,2023-12-13 16:24:29
2016-12-30,OIH,668.2000122070312,674.2000122070312,665.4000244140625,667.0,167670,571.5119841566853,0.0,1.0,yahoo,2023-12-13 16:24:29
2017-01-03,OIH,678.5999755859375,690.7999877929688,672.7999877929688,681.5999755859375,265050,584.0218207620202,0.0,1.0,yahoo,2023-12-13 16:24:29
2017-01-04,OIH,681.5999755859375,693.5999755859375,681.2000122070312,689.7999877929688,186495,591.0479155844332,0.0,1.0,yahoo,2023-12-13 16:24:29
2017-01-05,OIH,693.4000244140625,698.7999877929688,688.7999877929688,693.0,271950,593.7898126245622,0.0,1.0,yahoo,2023-12-13 16:24:29
2017-01-06,OIH,693.5999755859375,702.4000244140625,689.0,700.2000122070312,275770,599.9590678905183,0.0,1.0,yahoo,2023-12-13 16:24:29
2017-01-09,OIH,693.2000122070312,697.2000122070312,689.0,691.7999877929688,352815,592.7615946973467,0.0,1.0,yahoo,2023-12-13 16:24:29
2017-01-10,OIH,694.7999877929688,695.0,681.7999877929688,684.0,340715,586.078256616451,0.0,1.0,yahoo,2023-12-13 16:24:29
2017-01-11,OIH,688.7999877929688,697.2000122070312,683.5999755859375,694.5999755859375,233805,595.1607349959586,0.0,1.0,yahoo,2023-12-13 16:24:29
2017-01-12,OIH,701.5999755859375,704.0,685.0,688.5999755859375,265875,590.0196976572178,0.0,1.0,yahoo,2023-12-13 16:24:29
2017-01-13,OIH,685.0,688.5999755859375,678.4000244140625,679.2000122070312,513060,581.9654372049256,0.0,1.0,yahoo,2023-12-13 16:24:29
2017-01-17,OIH,681.2000122070312,687.5999755859375,677.7999877929688,686.4000244140625,437910,588.1346924708818,0.0,1.0,yahoo,2023-12-13 16:24:29
2017-01-18,OIH,679.7999877929688,688.2000122070312,677.4000244140625,684.4000244140625,255670,586.4210133579681,0.0,1.0,yahoo,2023-12-13 16:24:29
2017-01-19,OIH,686.2000122070312,688.2000122070312,681.0,683.2000122070312,182140,585.3927954307528,0.0,1.0,yahoo,2023-12-13 16:24:29
2017-01-20,OIH,689.7999877929688,693.4000244140625,687.0,689.5999755859375,252270,590.8765372136745,0.0,1.0,yahoo,2023-12-13 16:24:29
2017-01-23,OIH,680.7999877929688,684.0,666.2000122070312,672.7999877929688,308745,576.4816431246676,0.0,1.0,yahoo,2023-12-13 16:24:29
2017-01-24,OIH,677.5999755859375,686.7999877929688,671.7999877929688,684.2000122070312,179145,586.2496349872096,0.0,1.0,yahoo,2023-12-13 16:24:29
2017-01-25,OIH,685.7999877929688,697.7999877929688,685.5999755859375,697.2000122070312,187645,597.388549221148,0.0,1.0,yahoo,2023-12-13 16:24:29
2017-01-26,OIH,700.2000122070312,700.7999877929688,688.5999755859375,690.4000244140625,193105,591.562050696709,0.0,1.0,yahoo,2023-12-13 16:24:29
2017-01-27,OIH,686.4000244140625,689.7999877929688,680.0,682.7999877929688,371610,585.0500386892355,0.0,1.0,yahoo,2023-12-13 16:24:29
2017-01-30,OIH,678.0,679.2000122070312,656.5999755859375,662.2000122070312,305120,567.39916474516,0.0,1.0,yahoo,2023-12-13 16:24:29
2017-01-31,OIH,662.4000244140625,667.2000122070312,655.4000244140625,667.2000122070312,199175,571.6833625274439,0.0,1.0,yahoo,2023-12-13 16:24:29
2017-02-01,OIH,671.2000122070312,673.5999755859375,659.2000122070312,667.4000244140625,161960,571.8547408982025,0.0,1.0,yahoo,2023-12-13 16:24:29
2017-02-02,OIH,672.2000122070312,672.2000122070312,658.2000122070312,662.4000244140625,233835,567.5705431159186,0.0,1.0,yahoo,2023-12-13 16:24:29
2017-02-03,OIH,664.5999755859375,676.2000122070312,662.7999877929688,672.4000244140625,183280,576.1389386804866,0.0,1.0,yahoo,2023-12-13 16:24:29
2017-02-06,OIH,671.0,672.2000122070312,656.7999877929688,658.4000244140625,130505,564.1431848900913,0.0,1.0,yahoo,2023-12-13 16:24:29
2017-02-07,OIH,654.4000244140625,659.4000244140625,645.0,650.2000122070312,309635,557.1170900676784,0.0,1.0,yahoo,2023-12-13 16:24:29
2017-02-08,OIH,646.4000244140625,650.0,631.7999877929688,649.0,331190,556.088872140463,0.0,1.0,yahoo,2023-12-13 16:24:29
2017-02-09,OIH,649.0,659.0,649.0,654.2000122070312,238555,560.5444482935055,0.0,1.0,yahoo,2023-12-13 16:24:29
2017-02-10,OIH,663.2000122070312,668.0,660.4000244140625,661.4000244140625,219270,566.7137035594618,0.0,1.0,yahoo,2023-12-13 16:24:29
2017-02-13,OIH,660.4000244140625,667.0,659.0,664.4000244140625,192885,569.2842222288322,0.0,1.0,yahoo,2023-12-13 16:24:29
2017-02-14,OIH,665.7999877929688,674.7999877929688,662.4000244140625,674.7999877929688,193245,578.1953222375812,0.0,1.0,yahoo,2023-12-13 16:24:29
2017-02-15,OIH,670.5999755859375,672.4000244140625,662.5999755859375,665.5999755859375,140825,570.3123878587114,0.0,1.0,yahoo,2023-12-13 16:24:29
2017-02-16,OIH,666.2000122070312,667.2000122070312,653.2000122070312,655.4000244140625,155900,561.572666220721,0.0,1.0,yahoo,2023-12-13 16:24:29
2017-02-17,OIH,651.0,653.7999877929688,644.7999877929688,646.7999877929688,196905,554.2038146567908,0.0,1.0,yahoo,2023-12-13 16:24:29
2017-02-21,OIH,654.5999755859375,658.7999877929688,653.4000244140625,653.5999755859375,182220,560.0303131812298,0.0,1.0,yahoo,2023-12-13 16:24:29
2017-02-22,OIH,649.7999877929688,652.0,644.7999877929688,646.2000122070312,238275,553.6897318418512,0.0,1.0,yahoo,2023-12-13 16:24:29
2017-02-23,OIH,654.7999877929688,658.7999877929688,643.5999755859375,649.4000244140625,292575,556.4316288819801,0.0,1.0,yahoo,2023-12-13 16:24:29
2017-02-24,OIH,642.2000122070312,645.5999755859375,637.4000244140625,641.4000244140625,403360,549.5769124303258,0.0,1.0,yahoo,2023-12-13 16:24:29
2017-02-27,OIH,642.2000122070312,658.5999755859375,639.5999755859375,653.7999877929688,226350,560.2016915519883,0.0,1.0,yahoo,2023-12-13 16:24:29
2017-02-28,OIH,647.2000122070312,649.0,640.0,642.2000122070312,292715,550.262373616024,0.0,1.0,yahoo,2023-12-13 16:24:29
2017-03-01,OIH,648.2000122070312,662.4000244140625,648.0,658.5999755859375,224175,564.3145109635137,0.0,1.0,yahoo,2023-12-13 16:24:29
2017-03-02,OIH,652.4000244140625,657.4000244140625,644.4000244140625,644.4000244140625,194170,552.1474310996962,0.0,1.0,yahoo,2023-12-13 16:24:29
2017-03-03,OIH,647.2000122070312,652.2000122070312,639.4000244140625,640.5999755859375,144060,548.8913989472913,0.0,1.0,yahoo,2023-12-13 16:24:29
2017-03-06,OIH,637.7999877929688,638.7999877929688,631.5999755859375,638.7999877929688,107175,547.3490982051363,0.0,1.0,yahoo,2023-12-13 16:24:29
2017-03-07,OIH,641.5999755859375,643.0,629.0,630.0,164775,539.8089205677837,0.0,1.0,yahoo,2023-12-13 16:24:29
2017-03-08,OIH,625.5999755859375,630.7999877929688,608.2000122070312,610.0,468550,522.6721294386477,0.0,1.0,yahoo,2023-12-13 16:24:29
2017-03-09,OIH,605.4000244140625,608.4000244140625,594.4000244140625,606.4000244140625,457260,519.5875279543378,0.0,1.0,yahoo,2023-12-13 16:24:29
2017-03-10,OIH,610.4000244140625,613.7999877929688,603.2000122070312,608.4000244140625,247760,521.3012070672514,0.0,1.0,yahoo,2023-12-13 16:24:29
2017-03-13,OIH,608.4000244140625,612.0,605.4000244140625,609.7999877929688,144960,522.5007510678892,0.0,1.0,yahoo,2023-12-13 16:24:29
2017-03-14,OIH,599.4000244140625,601.0,587.0,599.2000122070312,338810,513.4182726883816,0.0,1.0,yahoo,2023-12-13 16:24:29
2017-03-15,OIH,607.4000244140625,622.0,602.7999877929688,619.5999755859375,568940,530.8977682616986,0.0,1.0,yahoo,2023-12-13 16:24:29
2017-03-16,OIH,621.2000122070312,622.7999877929688,610.5999755859375,614.2000122070312,213730,526.2708660352336,0.0,1.0,yahoo,2023-12-13 16:24:29
2017-03-17,OIH,617.4000244140625,619.7999877929688,611.4000244140625,611.5999755859375,203315,524.0430518100442,0.0,1.0,yahoo,2023-12-13 16:24:29
2017-03-20,OIH,607.7999877929688,610.2000122070312,600.5999755859375,609.0,185800,521.815289882191,0.0,1.0,yahoo,2023-12-13 16:24:29
2017-03-21,OIH,611.0,614.0,599.7999877929688,602.4000244140625,240100,516.1601697285106,0.0,1.0,yahoo,2023-12-13 16:24:29
2017-03-22,OIH,597.4000244140625,605.0,595.0,600.5999755859375,365455,514.6178166890194,0.0,1.0,yahoo,2023-12-13 16:24:29
2017-03-23,OIH,597.7999877929688,603.4000244140625,594.2000122070312,598.2000122070312,181785,512.5614331319248,0.0,1.0,yahoo,2023-12-13 16:24:29
2017-03-24,OIH,598.0,605.2000122070312,593.0,593.7999877929688,180970,508.7913181645804,0.0,1.0,yahoo,2023-12-13 16:24:29
2017-03-27,OIH,588.0,591.4000244140625,583.5999755859375,589.2000122070312,287520,504.8498771238136,0.0,1.0,yahoo,2023-12-13 16:24:29
2017-03-28,OIH,594.7999877929688,605.7999877929688,591.5999755859375,603.7999877929688,326340,517.3597137291484,0.0,1.0,yahoo,2023-12-13 16:24:29
2017-03-29,OIH,604.4000244140625,616.2000122070312,600.4000244140625,615.0,380810,526.9563272209318,0.0,1.0,yahoo,2023-12-13 16:24:29
2017-03-30,OIH,619.5999755859375,620.7999877929688,611.4000244140625,612.4000244140625,224145,524.7285652930786,0.0,1.0,yahoo,2023-12-13 16:24:29
2017-03-31,OIH,612.4000244140625,618.7999877929688,610.7999877929688,616.2000122070312,184105,527.9845451481472,0.0,1.0,yahoo,2023-12-13 16:24:29
2017-04-03,OIH,617.5999755859375,620.5999755859375,607.4000244140625,611.7999877929688,268030,524.2144301808028,0.0,1.0,yahoo,2023-12-13 16:24:29
2017-04-04,OIH,613.2000122070312,614.2000122070312,606.5999755859375,613.4000244140625,148565,525.5854048495354,0.0,1.0,yahoo,2023-12-13 16:24:29
2017-04-05,OIH,622.5999755859375,630.7999877929688,610.0,610.0,287490,522.6721294386477,0.0,1.0,yahoo,2023-12-13 16:24:29
2017-04-06,OIH,616.5999755859375,621.5999755859375,614.0,620.4000244140625,204670,531.583281744733,0.0,1.0,yahoo,2023-12-13 16:24:29
2017-04-07,OIH,620.7999877929688,622.2000122070312,613.7999877929688,614.7999877929688,164255,526.7849488501732,0.0,1.0,yahoo,2023-12-13 16:24:29
2017-04-10,OIH,620.0,626.5999755859375,617.7999877929688,624.5999755859375,151390,535.1819660439826,0.0,1.0,yahoo,2023-12-13 16:24:29
2017-04-11,OIH,625.2000122070312,625.5999755859375,613.5999755859375,624.0,283360,534.667883229043,0.0,1.0,yahoo,2023-12-13 16:24:29
2017-04-12,OIH,623.5999755859375,628.4000244140625,611.0,612.7999877929688,218655,525.0712697372596,0.0,1.0,yahoo,2023-12-13 16:24:29
2017-04-13,OIH,611.2000122070312,614.5999755859375,595.5999755859375,596.0,293165,510.6763756482526,0.0,1.0,yahoo,2023-12-13 16:24:29
2017-04-17,OIH,596.5999755859375,600.0,593.4000244140625,597.7999877929688,194060,512.2186763904076,0.0,1.0,yahoo,2023-12-13 16:24:29
2017-04-18,OIH,593.5999755859375,600.7999877929688,590.4000244140625,594.5999755859375,215150,509.4767793502786,0.0,1.0,yahoo,2023-12-13 16:24:29
2017-04-19,OIH,597.0,598.0,577.4000244140625,578.7999877929688,320935,495.93872481772837,0.0,1.0,yahoo,2023-12-13 16:24:29
2017-04-20,OIH,582.7999877929688,586.0,579.7999877929688,580.5999755859375,273700,497.4810255598834,0.0,1.0,yahoo,2023-12-13 16:24:29
2017-04-21,OIH,574.2000122070312,575.2000122070312,566.7999877929688,571.0,279245,489.2553867368326,0.0,1.0,yahoo,2023-12-13 16:24:29
2017-04-24,OIH,575.0,577.0,570.7999877929688,571.7999877929688,182580,489.9408479225308,0.0,1.0,yahoo,2023-12-13 16:24:29
2017-04-25,OIH,574.2000122070312,578.0,571.0,576.5999755859375,213290,494.0536673340562,0.0,1.0,yahoo,2023-12-13 16:24:29
2017-04-26,OIH,573.7999877929688,587.5999755859375,571.5999755859375,578.2000122070312,234165,495.4246420027888,0.0,1.0,yahoo,2023-12-13 16:24:29
2017-04-27,OIH,568.5999755859375,570.4000244140625,549.5999755859375,561.5999755859375,448770,481.2010739872042,0.0,1.0,yahoo,2023-12-13 16:24:29
2017-04-28,OIH,567.4000244140625,569.0,557.4000244140625,557.4000244140625,185385,477.6023896879546,0.0,1.0,yahoo,2023-12-13 16:24:29
2017-05-01,OIH,557.2000122070312,558.7999877929688,550.5999755859375,551.2000122070312,230620,472.28997397845524,0.0,1.0,yahoo,2023-12-13 16:24:29
2017-05-02,OIH,553.2000122070312,555.5999755859375,542.4000244140625,545.7999877929688,311000,467.66301945465403,0.0,1.0,yahoo,2023-12-13 16:24:29
2017-05-03,OIH,545.5999755859375,549.0,541.0,547.0,441695,468.6912373818694,0.0,1.0,yahoo,2023-12-13 16:24:29
2017-05-04,OIH,541.2000122070312,542.2000122070312,527.0,533.0,686000,456.6954835914742,0.0,1.0,yahoo,2023-12-13 16:24:29
2017-05-05,OIH,536.2000122070312,554.0,533.5999755859375,553.7999877929688,425650,474.5177359063084,0.0,1.0,yahoo,2023-12-13 16:24:29
2017-05-08,OIH,552.2000122070312,555.7999877929688,547.0,550.2000122070312,303575,471.43313442199843,0.0,1.0,yahoo,2023-12-13 16:24:29
2017-05-09,OIH,551.5999755859375,553.0,542.0,546.7999877929688,241625,468.5198590111108,0.0,1.0,yahoo,2023-12-13 16:24:29
2017-05-10,OIH,550.2000122070312,561.0,550.2000122070312,556.2000122070312,324220,476.5741717607392,0.0,1.0,yahoo,2023-12-13 16:24:29
2017-05-11,OIH,561.0,562.7999877929688,549.7999877929688,550.5999755859375,313315,471.7758388661794,0.0,1.0,yahoo,2023-12-13 16:24:29
2017-05-12,OIH,551.0,551.5999755859375,538.7999877929688,540.0,189095,462.6933604866718,0.0,1.0,yahoo,2023-12-13 16:24:29
2017-05-15,OIH,556.0,559.4000244140625,548.7999877929688,552.7999877929688,273550,473.6608963498516,0.0,1.0,yahoo,2023-12-13 16:24:29
2017-05-16,OIH,556.4000244140625,556.7999877929688,547.0,551.5999755859375,353190,472.6326784226362,0.0,1.0,yahoo,2023-12-13 16:24:29
2017-05-17,OIH,549.4000244140625,549.4000244140625,540.5999755859375,542.0,519160,464.4070395995854,0.0,1.0,yahoo,2023-12-13 16:24:29
2017-05-18,OIH,535.7999877929688,550.5999755859375,535.7999877929688,546.7999877929688,309905,468.5198590111108,0.0,1.0,yahoo,2023-12-13 16:24:29
2017-05-19,OIH,551.5999755859375,562.4000244140625,550.0,559.7999877929688,375385,479.6587732450492,0.0,1.0,yahoo,2023-12-13 16:24:29
2017-05-22,OIH,564.0,565.2000122070312,554.2000122070312,557.2000122070312,334415,477.431011317196,0.0,1.0,yahoo,2023-12-13 16:24:29
2017-05-23,OIH,557.0,557.4000244140625,549.7999877929688,556.0,228285,476.4027933899806,0.0,1.0,yahoo,2023-12-13 16:24:29
2017-05-24,OIH,555.2000122070312,559.4000244140625,547.0,550.5999755859375,221050,471.7758388661794,0.0,1.0,yahoo,2023-12-13 16:24:29
2017-05-25,OIH,548.4000244140625,555.7999877929688,522.4000244140625,523.5999755859375,760585,448.6411708418458,0.0,1.0,yahoo,2023-12-13 16:24:29
2017-05-26,OIH,525.5999755859375,528.4000244140625,521.2000122070312,526.4000244140625,309285,451.0403634377938,0.0,1.0,yahoo,2023-12-13 16:24:29
2017-05-30,OIH,523.0,524.5999755859375,516.0,517.0,243525,442.98605068816545,0.0,1.0,yahoo,2023-12-13 16:24:29
2017-05-31,OIH,512.0,520.4000244140625,508.3999938964844,518.7999877929688,372285,444.5283514303204,0.0,1.0,yahoo,2023-12-13 16:24:29
2017-06-01,OIH,520.4000244140625,529.4000244140625,516.2000122070312,523.5999755859375,506625,448.6411708418458,0.0,1.0,yahoo,2023-12-13 16:24:29
2017-06-02,OIH,519.7999877929688,520.0,510.3999938964844,517.4000244140625,565565,443.3288074296826,0.0,1.0,yahoo,2023-12-13 16:24:29
2017-06-05,OIH,515.0,522.0,514.4000244140625,519.5999755859375,199220,445.21381261601863,0.0,1.0,yahoo,2023-12-13 16:24:29
2017-06-06,OIH,517.2000122070312,527.7999877929688,513.4000244140625,525.4000244140625,409605,450.183523881337,0.0,1.0,yahoo,2023-12-13 16:24:29
2017-06-07,OIH,522.4000244140625,525.0,500.0,503.3999938964844,612960,431.3330274906193,0.0,1.0,yahoo,2023-12-13 16:24:29
2017-06-08,OIH,502.3999938964844,508.2000122070313,501.3999938964844,503.0,243105,430.99029689777024,0.0,1.0,yahoo,2023-12-13 16:24:29
2017-06-09,OIH,504.2000122070313,525.4000244140625,502.3999938964844,518.4000244140625,628580,444.18564698613943,0.0,1.0,yahoo,2023-12-13 16:24:29
2017-06-12,OIH,524.5999755859375,531.7999877929688,519.2000122070312,521.2000122070312,404705,446.5847872847512,0.0,1.0,yahoo,2023-12-13 16:24:29
2017-06-13,OIH,520.5999755859375,532.2000122070312,519.2000122070312,530.4000244140625,301995,454.46772166362103,0.0,1.0,yahoo,2023-12-13 16:24:29
2017-06-14,OIH,527.2000122070312,528.4000244140625,505.6000061035156,511.7999877929688,591980,438.5304745351229,0.0,1.0,yahoo,2023-12-13 16:24:29
2017-06-15,OIH,505.6000061035156,511.6000061035156,501.0,503.2000122070313,306125,431.1616752685289,0.0,1.0,yahoo,2023-12-13 16:24:29
2017-06-16,OIH,505.2000122070313,510.7999877929688,501.2000122070313,510.2000122070313,230855,437.15955216372646,0.0,1.0,yahoo,2023-12-13 16:24:29
2017-06-19,OIH,511.7999877929688,513.4000244140625,506.0,508.3999938964844,224955,435.61722527290334,0.0,1.0,yahoo,2023-12-13 16:24:29
2017-06-20,OIH,497.7999877929688,499.6000061035156,487.7999877929688,497.6000061035156,299335,426.36336852263713,0.0,1.0,yahoo,2023-12-13 16:24:29
2017-06-21,OIH,496.6000061035156,496.7999877929688,478.2000122070313,483.3999938964844,444800,414.19623636148333,0.0,1.0,yahoo,2023-12-13 16:24:29
2017-06-22,OIH,484.6000061035156,489.6000061035156,480.2000122070313,482.6000061035156,298730,413.5107751757851,0.0,1.0,yahoo,2023-12-13 16:24:29
2017-06-23,OIH,484.7999877929688,487.7999877929688,481.7999877929688,486.2000122070313,300580,416.5954028087633,0.0,1.0,yahoo,2023-12-13 16:24:29
2017-06-26,OIH,487.6000061035156,492.2000122070313,484.0,487.3999938964844,218035,417.62359458731055,0.0,1.0,yahoo,2023-12-13 16:24:29
2017-06-27,OIH,489.3999938964844,494.6000061035156,485.2000122070313,485.3999938964844,386560,415.90991547439694,0.0,1.0,yahoo,2023-12-13 16:24:29
2017-06-28,OIH,485.0,497.0,484.7999877929688,489.7999877929688,392000,419.6800042930733,0.0,1.0,yahoo,2023-12-13 16:24:29
2017-06-29,OIH,493.7999877929688,502.6000061035156,491.6000061035156,494.2000122070313,293335,423.4501192604177,0.0,1.0,yahoo,2023-12-13 16:24:29
2017-06-30,OIH,496.3999938964844,500.3999938964844,491.2000122070313,495.7999877929688,373375,424.82104163181407,0.0,1.0,yahoo,2023-12-13 16:24:29
2017-07-03,OIH,500.3999938964844,515.5999755859375,498.2000122070313,512.0,211525,438.7018529058814,0.0,1.0,yahoo,2023-12-13 16:24:29
2017-07-05,OIH,508.0,509.7999877929688,491.3999938964844,495.0,406170,424.13558044611585,0.0,1.0,yahoo,2023-12-13 16:24:29
2017-07-06,OIH,500.6000061035156,501.3999938964844,484.2000122070313,485.3999938964844,382840,415.90991547439694,0.0,1.0,yahoo,2023-12-13 16:24:29
2017-07-07,OIH,482.0,483.6000061035156,472.6000061035156,480.6000061035156,304095,411.79709606287156,0.0,1.0,yahoo,2023-12-13 16:24:29
2017-07-10,OIH,478.3999938964844,489.7999877929688,476.0,486.7999877929688,223090,417.1094856237029,0.0,1.0,yahoo,2023-12-13 16:24:29
2017-07-11,OIH,487.2000122070313,496.7999877929688,482.6000061035156,492.7999877929688,403660,422.25052296244365,0.0,1.0,yahoo,2023-12-13 16:24:29
2017-07-12,OIH,502.0,502.7999877929688,488.3999938964844,492.6000061035156,307000,422.0791707403531,0.0,1.0,yahoo,2023-12-13 16:24:29
2017-07-13,OIH,491.6000061035156,502.2000122070313,489.6000061035156,502.0,288365,430.13345734131343,0.0,1.0,yahoo,2023-12-13 16:24:29
2017-07-14,OIH,502.6000061035156,509.6000061035156,501.3999938964844,508.3999938964844,349145,435.61722527290334,0.0,1.0,yahoo,2023-12-13 16:24:29
2017-07-17,OIH,507.6000061035156,512.4000244140625,505.7999877929688,507.3999938964844,197260,434.76038571644654,0.0,1.0,yahoo,2023-12-13 16:24:29
2017-07-18,OIH,512.4000244140625,513.4000244140625,501.0,505.0,160795,432.70397601068385,0.0,1.0,yahoo,2023-12-13 16:24:29
2017-07-19,OIH,503.7999877929688,526.0,503.2000122070313,524.4000244140625,379195,449.3266843248802,0.0,1.0,yahoo,2023-12-13 16:24:29
2017-07-20,OIH,527.0,527.5999755859375,510.0,513.2000122070312,379105,439.7300708330968,0.0,1.0,yahoo,2023-12-13 16:24:29
2017-07-21,OIH,514.4000244140625,516.2000122070312,499.2000122070313,500.3999938964844,370640,428.7625088212489,0.0,1.0,yahoo,2023-12-13 16:24:29
2017-07-24,OIH,504.3999938964844,505.6000061035156,490.2000122070313,493.3999938964844,311945,422.7646319260513,0.0,1.0,yahoo,2023-12-13 16:24:29
2017-07-25,OIH,497.0,505.2000122070313,495.3999938964844,499.6000061035156,353855,428.07704763555074,0.0,1.0,yahoo,2023-12-13 16:24:29
2017-07-26,OIH,503.0,506.3999938964844,492.3999938964844,499.7999877929688,365490,428.2483998576413,0.0,1.0,yahoo,2023-12-13 16:24:29
2017-07-27,OIH,500.0,502.2000122070313,491.7999877929688,501.6000061035156,409650,429.79072674846435,0.0,1.0,yahoo,2023-12-13 16:24:29
2017-07-28,OIH,497.3999938964844,514.7999877929688,496.2000122070313,500.0,495635,428.4197782283998,0.0,1.0,yahoo,2023-12-13 16:24:29
2017-07-31,OIH,499.7999877929688,502.3999938964844,489.6000061035156,496.6000061035156,317800,425.5065289661803,0.0,1.0,yahoo,2023-12-13 16:24:29
2017-08-01,OIH,493.6000061035156,496.6000061035156,485.2000122070313,491.2000122070313,274430,420.8796005910473,0.0,1.0,yahoo,2023-12-13 16:24:29
2017-08-02,OIH,488.7999877929688,495.3999938964844,482.3999938964844,491.6000061035156,207480,421.22233118389636,0.0,1.0,yahoo,2023-12-13 16:24:29
2017-08-03,OIH,492.2000122070313,498.2000122070313,485.7999877929688,489.3999938964844,384415,419.3372737002241,0.0,1.0,yahoo,2023-12-13 16:24:29
2017-08-04,OIH,489.6000061035156,493.6000061035156,486.6000061035156,489.3999938964844,266425,419.3372737002241,0.0,1.0,yahoo,2023-12-13 16:24:29
2017-08-07,OIH,486.2000122070313,489.3999938964844,477.0,477.7999877929688,288330,409.3979296155917,0.0,1.0,yahoo,2023-12-13 16:24:29
2017-08-08,OIH,476.0,478.6000061035156,466.3999938964844,469.2000122070313,250495,402.0291303489977,0.0,1.0,yahoo,2023-12-13 16:24:29
2017-08-09,OIH,472.0,474.2000122070313,461.6000061035156,466.0,496130,399.2872333088686,0.0,1.0,yahoo,2023-12-13 16:24:29
2017-08-10,OIH,466.2000122070313,468.2000122070313,455.6000061035156,457.0,415660,391.57567730075743,0.0,1.0,yahoo,2023-12-13 16:24:29
2017-08-11,OIH,455.0,459.6000061035156,453.3999938964844,454.6000061035156,177705,389.51926759499474,0.0,1.0,yahoo,2023-12-13 16:24:29
2017-08-14,OIH,454.3999938964844,457.3999938964844,451.7999877929688,452.6000061035156,192235,387.80558848208113,0.0,1.0,yahoo,2023-12-13 16:24:29
2017-08-15,OIH,450.7999877929688,451.0,441.0,447.0,287820,383.00728173618944,0.0,1.0,yahoo,2023-12-13 16:24:29
2017-08-16,OIH,448.6000061035156,449.3999938964844,439.2000122070313,440.7999877929688,294915,377.6948660266901,0.0,1.0,yahoo,2023-12-13 16:24:29
2017-08-17,OIH,440.0,443.3999938964844,434.7999877929688,435.2000122070313,328145,372.8965854294665,0.0,1.0,yahoo,2023-12-13 16:24:29
2017-08-18,OIH,436.2000122070313,444.6000061035156,434.0,440.0,262220,377.00940484099186,0.0,1.0,yahoo,2023-12-13 16:24:29
2017-08-21,OIH,439.0,439.7999877929688,434.6000061035156,435.2000122070313,142620,372.8965854294665,0.0,1.0,yahoo,2023-12-13 16:24:29
2017-08-22,OIH,436.7999877929688,440.3999938964844,436.7999877929688,438.3999938964844,135600,375.63845632092733,0.0,1.0,yahoo,2023-12-13 16:24:29
2017-08-23,OIH,436.7999877929688,444.3999938964844,436.0,441.3999938964844,172245,378.20897499029775,0.0,1.0,yahoo,2023-12-13 16:24:29
2017-08-24,OIH,439.7999877929688,440.7999877929688,436.6000061035156,437.7999877929688,305550,375.1243473573197,0.0,1.0,yahoo,2023-12-13 16:24:29
2017-08-25,OIH,440.6000061035156,446.7999877929688,440.0,444.7999877929688,176785,381.1222242525173,0.0,1.0,yahoo,2023-12-13 16:24:29
2017-08-28,OIH,445.2000122070313,447.0,435.7999877929688,440.7999877929688,267200,377.6948660266901,0.0,1.0,yahoo,2023-12-13 16:24:29
2017-08-29,OIH,438.2000122070313,444.2000122070313,437.0,443.3999938964844,172840,379.92265410321136,0.0,1.0,yahoo,2023-12-13 16:24:29
2017-08-30,OIH,442.7999877929688,444.3999938964844,437.7999877929688,442.3999938964844,161805,379.06581454675455,0.0,1.0,yahoo,2023-12-13 16:24:29
2017-08-31,OIH,444.6000061035156,446.6000061035156,442.0,444.0,174330,380.436763066819,0.0,1.0,yahoo,2023-12-13 16:24:29
2017-09-01,OIH,445.3999938964844,452.2000122070313,443.0,450.0,189555,385.57780040555986,0.0,1.0,yahoo,2023-12-13 16:24:29
2017-09-05,OIH,455.6000061035156,464.2000122070313,455.2000122070313,462.2000122070313,619760,396.0312534538001,0.0,1.0,yahoo,2023-12-13 16:24:29
2017-09-06,OIH,464.7999877929688,473.3999938964844,464.7999877929688,471.0,286855,403.57143109115265,0.0,1.0,yahoo,2023-12-13 16:24:29
2017-09-07,OIH,470.3999938964844,471.7999877929688,464.7999877929688,469.6000061035156,202720,402.37186094184676,0.0,1.0,yahoo,2023-12-13 16:24:29
2017-09-08,OIH,467.7999877929688,468.6000061035156,456.2000122070313,460.2000122070313,268800,394.3175743408865,0.0,1.0,yahoo,2023-12-13 16:24:29
2017-09-11,OIH,460.7999877929688,467.7999877929688,459.3999938964844,467.0,181075,400.1440728653254,0.0,1.0,yahoo,2023-12-13 16:24:29
2017-09-12,OIH,467.2000122070313,480.2000122070313,465.6000061035156,477.2000122070313,360055,408.88384680065207,0.0,1.0,yahoo,2023-12-13 16:24:29
2017-09-13,OIH,479.6000061035156,492.0,478.0,486.6000061035156,444395,416.93813340161233,0.0,1.0,yahoo,2023-12-13 16:24:29
2017-09-14,OIH,490.3999938964844,498.3999938964844,488.2000122070313,491.0,333740,420.70822222028863,0.0,1.0,yahoo,2023-12-13 16:24:29
2017-09-15,OIH,491.6000061035156,493.0,485.3999938964844,492.2000122070313,272550,421.7364401475041,0.0,1.0,yahoo,2023-12-13 16:24:29
2017-09-18,OIH,491.3999938964844,498.6000061035156,490.3999938964844,496.7999877929688,176910,425.6778811882709,0.0,1.0,yahoo,2023-12-13 16:24:29
2017-09-19,OIH,497.3999938964844,498.6000061035156,492.0,496.3999938964844,175365,425.33515059542174,0.0,1.0,yahoo,2023-12-13 16:24:29
2017-09-20,OIH,499.0,506.0,497.0,503.7999877929688,276205,431.67575808346845,0.0,1.0,yahoo,2023-12-13 16:24:29
2017-09-21,OIH,500.2000122070313,501.0,495.0,498.7999877929688,241390,427.3915603011845,0.0,1.0,yahoo,2023-12-13 16:24:29
2017-09-22,OIH,496.3999938964844,505.2000122070313,496.3999938964844,504.2000122070313,201590,432.0185148249857,0.0,1.0,yahoo,2023-12-13 16:24:29
2017-09-25,OIH,509.7999877929688,519.5999755859375,508.6000061035156,515.7999877929688,476565,441.95783276095,0.0,1.0,yahoo,2023-12-13 16:24:29
2017-09-26,OIH,512.4000244140625,518.2000122070312,509.7999877929688,516.7999877929688,238215,442.8146723174068,0.0,1.0,yahoo,2023-12-13 16:24:29
2017-09-27,OIH,518.2000122070312,519.7999877929688,511.6000061035156,519.4000244140625,217135,445.04248654259624,0.0,1.0,yahoo,2023-12-13 16:24:29
2017-09-28,OIH,521.7999877929688,525.4000244140625,516.5999755859375,520.7999877929688,322000,446.242030543234,0.0,1.0,yahoo,2023-12-13 16:24:29
2017-09-29,OIH,519.0,522.7999877929688,515.5999755859375,521.4000244140625,158845,446.75616565550985,0.0,1.0,yahoo,2023-12-13 16:24:29
2017-10-02,OIH,514.5999755859375,517.5999755859375,511.0,516.7999877929688,247685,442.8146723174068,0.0,1.0,yahoo,2023-12-13 16:24:29
2017-10-03,OIH,516.5999755859375,516.5999755859375,510.7999877929688,514.2000122070312,160850,440.5869103895536,0.0,1.0,yahoo,2023-12-13 16:24:29
2017-10-04,OIH,514.0,517.4000244140625,510.7999877929688,513.4000244140625,201650,439.9014492038554,0.0,1.0,yahoo,2023-12-13 16:24:29
2017-10-05,OIH,515.7999877929688,518.4000244140625,513.2000122070312,516.7999877929688,129785,442.8146723174068,0.0,1.0,yahoo,2023-12-13 16:24:29
2017-10-06,OIH,510.0,514.0,505.6000061035156,508.3999938964844,264035,435.61722527290334,0.0,1.0,yahoo,2023-12-13 16:24:29
2017-10-09,OIH,510.7999877929688,512.7999877929688,508.2000122070313,510.2000122070313,176690,437.15955216372646,0.0,1.0,yahoo,2023-12-13 16:24:29
2017-10-10,OIH,517.0,519.0,507.2000122070313,507.2000122070313,214285,434.5890334943561,0.0,1.0,yahoo,2023-12-13 16:24:29
2017-10-11,OIH,505.6000061035156,508.6000061035156,500.2000122070313,508.0,195390,435.2744946800542,0.0,1.0,yahoo,2023-12-13 16:24:29
2017-10-12,OIH,501.7999877929688,503.0,497.2000122070313,499.2000122070313,220030,427.73431704270166,0.0,1.0,yahoo,2023-12-13 16:24:29
2017-10-13,OIH,504.0,510.2000122070313,500.7999877929688,501.3999938964844,198465,429.6193483777057,0.0,1.0,yahoo,2023-12-13 16:24:29
2017-10-16,OIH,506.6000061035156,507.0,499.2000122070313,500.2000122070313,233765,428.59115659915847,0.0,1.0,yahoo,2023-12-13 16:24:29
2017-10-17,OIH,498.6000061035156,501.7999877929688,493.3999938964844,496.2000122070313,183790,425.1637983733313,0.0,1.0,yahoo,2023-12-13 16:24:29
2017-10-18,OIH,496.2000122070313,497.7999877929688,486.2000122070313,486.7999877929688,274995,417.1094856237029,0.0,1.0,yahoo,2023-12-13 16:24:29
2017-10-19,OIH,484.3999938964844,488.0,477.3999938964844,480.2000122070313,561575,411.4543654700225,0.0,1.0,yahoo,2023-12-13 16:24:29
2017-10-20,OIH,479.0,480.2000122070313,470.3999938964844,476.3999938964844,330755,408.19835946628575,0.0,1.0,yahoo,2023-12-13 16:24:29
2017-10-23,OIH,475.6000061035156,478.3999938964844,466.7999877929688,467.6000061035156,293610,400.65818182893315,0.0,1.0,yahoo,2023-12-13 16:24:29
2017-10-24,OIH,472.0,473.3999938964844,467.0,468.0,199735,401.00091242178223,0.0,1.0,yahoo,2023-12-13 16:24:29
2017-10-25,OIH,468.6000061035156,469.2000122070313,461.7999877929688,467.0,238600,400.1440728653254,0.0,1.0,yahoo,2023-12-13 16:24:29
2017-10-26,OIH,466.6000061035156,469.6000061035156,459.7999877929688,467.2000122070313,302145,400.3154512360841,0.0,1.0,yahoo,2023-12-13 16:24:29
2017-10-27,OIH,464.0,474.7999877929688,461.6000061035156,473.3999938964844,631230,405.62784079691534,0.0,1.0,yahoo,2023-12-13 16:24:29
2017-10-30,OIH,464.0,481.7999877929688,464.0,481.3999938964844,491135,412.4825572485697,0.0,1.0,yahoo,2023-12-13 16:24:29
2017-10-31,OIH,480.2000122070313,486.6000061035156,479.2000122070313,484.7999877929688,427180,415.39580651078927,0.0,1.0,yahoo,2023-12-13 16:24:29
2017-11-01,OIH,491.7999877929688,499.2000122070313,487.0,489.6000061035156,377400,419.50865207098275,0.0,1.0,yahoo,2023-12-13 16:24:29
2017-11-02,OIH,494.0,496.0,486.0,490.2000122070313,378865,420.0227610345905,0.0,1.0,yahoo,2023-12-13 16:24:29
2017-11-03,OIH,489.3999938964844,497.0,486.6000061035156,495.2000122070313,362035,424.3069588168745,0.0,1.0,yahoo,2023-12-13 16:24:29
2017-11-06,OIH,500.0,520.0,498.0,518.5999755859375,710970,444.3569730595618,0.0,1.0,yahoo,2023-12-13 16:24:29
2017-11-07,OIH,521.7999877929688,523.0,515.4000244140625,517.7999877929688,573280,443.6715118738636,0.0,1.0,yahoo,2023-12-13 16:24:29
2017-11-08,OIH,515.2000122070312,523.0,512.2000122070312,517.4000244140625,338405,443.3288074296826,0.0,1.0,yahoo,2023-12-13 16:24:29
2017-11-09,OIH,514.4000244140625,521.4000244140625,512.2000122070312,520.0,233260,445.5565693575358,0.0,1.0,yahoo,2023-12-13 16:24:29
2017-11-10,OIH,520.0,522.4000244140625,511.3999938964844,515.5999755859375,273160,441.7864543901914,0.0,1.0,yahoo,2023-12-13 16:24:29
2017-11-13,OIH,512.4000244140625,514.4000244140625,505.2000122070313,506.2000122070313,251985,433.7321939378993,0.0,1.0,yahoo,2023-12-13 16:24:29
2017-11-14,OIH,502.0,503.2000122070313,486.0,486.3999938964844,356240,416.76675503085374,0.0,1.0,yahoo,2023-12-13 16:24:29
2017-11-15,OIH,480.0,480.7999877929688,471.7999877929688,478.6000061035156,351695,410.08341694995795,0.0,1.0,yahoo,2023-12-13 16:24:29
2017-11-16,OIH,477.3999938964844,480.3999938964844,473.7999877929688,475.6000061035156,276450,407.51289828058754,0.0,1.0,yahoo,2023-12-13 16:24:29
2017-11-17,OIH,477.6000061035156,485.0,476.0,482.7999877929688,284325,413.68212739787566,0.0,1.0,yahoo,2023-12-13 16:24:29
2017-11-20,OIH,481.6000061035156,483.7999877929688,476.6000061035156,480.2000122070313,197270,411.4543654700225,0.0,1.0,yahoo,2023-12-13 16:24:29
2017-11-21,OIH,483.2000122070313,486.7999877929688,478.6000061035156,480.6000061035156,229380,411.79709606287156,0.0,1.0,yahoo,2023-12-13 16:24:29
2017-11-22,OIH,486.0,487.7999877929688,483.7999877929688,485.7999877929688,225800,416.2526460672461,0.0,1.0,yahoo,2023-12-13 16:24:29
2017-11-24,OIH,488.3999938964844,489.2000122070313,484.2000122070313,484.6000061035156,108810,415.2244542886987,0.0,1.0,yahoo,2023-12-13 16:24:29
2017-11-27,OIH,482.0,482.7999877929688,475.3999938964844,477.3999938964844,223790,409.05519902274256,0.0,1.0,yahoo,2023-12-13 16:24:29
2017-11-28,OIH,476.3999938964844,481.3999938964844,475.0,480.3999938964844,352035,411.6257176921129,0.0,1.0,yahoo,2023-12-13 16:24:29
2017-11-29,OIH,480.3999938964844,486.0,476.3999938964844,482.3999938964844,380900,413.3393968050265,0.0,1.0,yahoo,2023-12-13 16:24:29
2017-11-30,OIH,485.6000061035156,498.6000061035156,485.6000061035156,491.7999877929688,627625,421.3936834059869,0.0,1.0,yahoo,2023-12-13 16:24:29
2017-12-01,OIH,498.0,508.7999877929688,496.6000061035156,508.0,665215,435.2744946800542,0.0,1.0,yahoo,2023-12-13 16:24:29
2017-12-04,OIH,507.3999938964844,521.0,506.3999938964844,508.3999938964844,421015,435.61722527290334,0.0,1.0,yahoo,2023-12-13 16:24:29
2017-12-05,OIH,507.6000061035156,510.7999877929688,499.6000061035156,499.7999877929688,337330,428.2483998576413,0.0,1.0,yahoo,2023-12-13 16:24:29
2017-12-06,OIH,497.2000122070313,497.2000122070313,484.0,487.7999877929688,298395,417.9663251801597,0.0,1.0,yahoo,2023-12-13 16:24:29
2017-12-07,OIH,488.0,491.6000061035156,486.7999877929688,489.6000061035156,256765,419.50865207098275,0.0,1.0,yahoo,2023-12-13 16:24:29
2017-12-08,OIH,495.3999938964844,497.0,490.6000061035156,495.2000122070313,273890,424.3069588168745,0.0,1.0,yahoo,2023-12-13 16:24:29
2017-12-11,OIH,495.3999938964844,505.0,495.3999938964844,504.2000122070313,333110,432.0185148249857,0.0,1.0,yahoo,2023-12-13 16:24:29
2017-12-12,OIH,506.6000061035156,511.6000061035156,503.6000061035156,504.7999877929688,351500,432.53259763992526,0.0,1.0,yahoo,2023-12-13 16:24:29
2017-12-13,OIH,505.6000061035156,507.7999877929688,496.3999938964844,497.7999877929688,273380,426.5347207447277,0.0,1.0,yahoo,2023-12-13 16:24:29
2017-12-14,OIH,494.2000122070313,498.2000122070313,489.7999877929688,490.0,313560,419.8513826638318,0.0,1.0,yahoo,2023-12-13 16:24:29
2017-12-15,OIH,491.2000122070313,494.3999938964844,487.6000061035156,488.3999938964844,283275,418.48043414376735,0.0,1.0,yahoo,2023-12-13 16:24:29
2017-12-18,OIH,478.2000122070313,489.3999938964844,476.6000061035156,486.6000061035156,325995,428.844630667212,13.56,1.0,yahoo,2023-12-13 16:24:29
2017-12-19,OIH,488.0,492.3999938964844,485.3999938964844,488.0,208920,430.07845692685754,0.0,1.0,yahoo,2023-12-13 16:24:29
2017-12-20,OIH,490.2000122070313,501.2000122070313,488.3999938964844,500.0,425895,440.65415668735403,0.0,1.0,yahoo,2023-12-13 16:24:29
2017-12-21,OIH,500.3999938964844,518.2000122070312,498.3999938964844,515.5999755859375,718985,454.40254485968325,0.0,1.0,yahoo,2023-12-13 16:24:29
2017-12-22,OIH,515.5999755859375,518.4000244140625,510.7999877929688,514.4000244140625,394040,453.34501791626604,0.0,1.0,yahoo,2023-12-13 16:24:29
2017-12-26,OIH,515.5999755859375,523.2000122070312,514.5999755859375,521.4000244140625,223165,459.51417610988904,0.0,1.0,yahoo,2023-12-13 16:24:29
2017-12-27,OIH,521.5999755859375,524.2000122070312,518.4000244140625,521.0,259435,459.1616312682229,0.0,1.0,yahoo,2023-12-13 16:24:29
2017-12-28,OIH,520.5999755859375,522.0,517.7999877929688,518.2000122070312,146050,456.69397874893184,0.0,1.0,yahoo,2023-12-13 16:24:29
2017-12-29,OIH,518.2000122070312,522.4000244140625,511.3999938964844,521.0,691600,459.1616312682229,0.0,1.0,yahoo,2023-12-13 16:24:29
2018-01-02,OIH,521.7999877929688,532.5999755859375,517.4000244140625,531.2000122070312,346160,468.150986822803,0.0,1.0,yahoo,2023-12-13 16:24:29
2018-01-03,OIH,533.5999755859375,546.7999877929688,528.7999877929688,544.4000244140625,666080,479.78426731750733,0.0,1.0,yahoo,2023-12-13 16:24:29
2018-01-04,OIH,546.5999755859375,557.5999755859375,541.2000122070312,556.5999755859375,607155,490.5361857080463,0.0,1.0,yahoo,2023-12-13 16:24:29
2018-01-05,OIH,556.0,558.2000122070312,549.2000122070312,557.5999755859375,324515,491.41749402142096,0.0,1.0,yahoo,2023-12-13 16:24:29
2018-01-08,OIH,557.5999755859375,568.7999877929688,552.7999877929688,567.5999755859375,558045,500.230577155168,0.0,1.0,yahoo,2023-12-13 16:24:29
2018-01-09,OIH,568.5999755859375,570.2000122070312,558.5999755859375,563.5999755859375,309290,496.7053439016692,0.0,1.0,yahoo,2023-12-13 16:24:29
2018-01-10,OIH,564.5999755859375,569.0,561.4000244140625,565.5999755859375,408045,498.46796052841864,0.0,1.0,yahoo,2023-12-13 16:24:29
2018-01-11,OIH,567.5999755859375,583.0,564.0,579.7999877929688,549335,510.9825493364976,0.0,1.0,yahoo,2023-12-13 16:24:29
2018-01-12,OIH,580.0,584.7999877929688,576.5999755859375,583.4000244140625,514270,514.1552915391209,0.0,1.0,yahoo,2023-12-13 16:24:29
2018-01-16,OIH,583.7999877929688,584.2000122070312,569.4000244140625,570.2000122070312,598890,502.5220110444167,0.0,1.0,yahoo,2023-12-13 16:24:29
2018-01-17,OIH,571.0,578.5999755859375,568.4000244140625,573.7999877929688,378535,505.69469945624934,0.0,1.0,yahoo,2023-12-13 16:24:29
2018-01-18,OIH,572.4000244140625,574.0,563.7999877929688,564.5999755859375,334470,497.5866522150439,0.0,1.0,yahoo,2023-12-13 16:24:29
2018-01-19,OIH,560.5999755859375,570.7999877929688,556.0,569.7999877929688,379280,502.1694662027505,0.0,1.0,yahoo,2023-12-13 16:24:29
2018-01-22,OIH,575.0,588.0,571.7999877929688,587.4000244140625,456245,517.6805247926197,0.0,1.0,yahoo,2023-12-13 16:24:29
2018-01-23,OIH,589.2000122070312,590.5999755859375,580.0,586.4000244140625,382205,516.799216479245,0.0,1.0,yahoo,2023-12-13 16:24:29
2018-01-24,OIH,586.4000244140625,587.4000244140625,574.4000244140625,578.7999877929688,499635,510.1012410231229,0.0,1.0,yahoo,2023-12-13 16:24:29
2018-01-25,OIH,583.0,584.7999877929688,571.4000244140625,573.4000244140625,350595,505.34220840537387,0.0,1.0,yahoo,2023-12-13 16:24:29
2018-01-26,OIH,575.4000244140625,578.0,570.2000122070312,574.4000244140625,272170,506.22351671874856,0.0,1.0,yahoo,2023-12-13 16:24:29
2018-01-29,OIH,570.7999877929688,571.7999877929688,560.2000122070312,561.7999877929688,530860,495.11899969575285,0.0,1.0,yahoo,2023-12-13 16:24:29
2018-01-30,OIH,554.7999877929688,555.7999877929688,545.4000244140625,554.0,621760,488.24480560958824,0.0,1.0,yahoo,2023-12-13 16:24:29
2018-01-31,OIH,555.2000122070312,556.7999877929688,544.4000244140625,549.2000122070312,559335,484.01453646354776,0.0,1.0,yahoo,2023-12-13 16:24:29
2018-02-01,OIH,549.2000122070312,563.2000122070312,549.2000122070312,560.4000244140625,584880,493.88520033150263,0.0,1.0,yahoo,2023-12-13 16:24:29
2018-02-02,OIH,552.4000244140625,553.7999877929688,534.5999755859375,536.5999755859375,599125,472.9100194405521,0.0,1.0,yahoo,2023-12-13 16:24:29
2018-02-05,OIH,530.0,540.7999877929688,513.2000122070312,516.0,766075,454.75508970134933,0.0,1.0,yahoo,2023-12-13 16:24:29
2018-02-06,OIH,505.3999938964844,529.2000122070312,502.7999877929688,523.7999877929688,862455,461.62928378751394,0.0,1.0,yahoo,2023-12-13 16:24:29
2018-02-07,OIH,524.2000122070312,532.2000122070312,507.6000061035156,507.7999877929688,1066595,447.5283507735187,0.0,1.0,yahoo,2023-12-13 16:24:29
2018-02-08,OIH,508.6000061035156,511.2000122070313,483.6000061035156,484.0,890480,426.5532236733587,0.0,1.0,yahoo,2023-12-13 16:24:29
2018-02-09,OIH,489.7999877929688,490.0,459.0,476.7999877929688,882065,420.2077930589027,0.0,1.0,yahoo,2023-12-13 16:24:29
2018-02-12,OIH,483.3999938964844,490.7999877929688,478.6000061035156,486.0,479970,428.3158403001081,0.0,1.0,yahoo,2023-12-13 16:24:29
2018-02-13,OIH,483.0,483.7999877929688,474.7999877929688,479.6000061035156,320960,422.675472473589,0.0,1.0,yahoo,2023-12-13 16:24:29
2018-02-14,OIH,473.6000061035156,490.2000122070313,471.3999938964844,486.7999877929688,588190,429.0208761926498,0.0,1.0,yahoo,2023-12-13 16:24:29
2018-02-15,OIH,488.3999938964844,488.3999938964844,472.6000061035156,484.0,476680,426.5532236733587,0.0,1.0,yahoo,2023-12-13 16:24:29
2018-02-16,OIH,482.0,494.2000122070313,481.0,487.6000061035156,374600,429.7259389805867,0.0,1.0,yahoo,2023-12-13 16:24:29
2018-02-20,OIH,489.2000122070313,494.6000061035156,481.3999938964844,484.3999938964844,313725,426.9057416196295,0.0,1.0,yahoo,2023-12-13 16:24:29
2018-02-21,OIH,480.7999877929688,489.0,475.0,475.3999938964844,522445,418.97396679925714,0.0,1.0,yahoo,2023-12-13 16:24:29
2018-02-22,OIH,481.7999877929688,494.2000122070313,481.7999877929688,486.3999938964844,379675,428.66835824637894,0.0,1.0,yahoo,2023-12-13 16:24:29
2018-02-23,OIH,489.6000061035156,498.7999877929688,487.2000122070313,498.3999938964844,317380,439.24405800687543,0.0,1.0,yahoo,2023-12-13 16:24:29
2018-02-26,OIH,501.7999877929688,502.0,492.2000122070313,499.2000122070313,323300,439.9491207948124,0.0,1.0,yahoo,2023-12-13 16:24:29
2018-02-27,OIH,499.6000061035156,507.3999938964844,491.0,491.0,414065,432.72238186698166,0.0,1.0,yahoo,2023-12-13 16:24:29
2018-02-28,OIH,494.2000122070313,495.6000061035156,475.0,475.0,469135,418.6214488529863,0.0,1.0,yahoo,2023-12-13 16:24:29
2018-03-01,OIH,474.6000061035156,484.3999938964844,472.7999877929688,476.7999877929688,499055,420.2077930589027,0.0,1.0,yahoo,2023-12-13 16:24:29
2018-03-02,OIH,472.3999938964844,482.2000122070313,464.3999938964844,481.0,369770,423.90929873323455,0.0,1.0,yahoo,2023-12-13 16:24:29
2018-03-05,OIH,477.2000122070313,491.7999877929688,476.3999938964844,488.6000061035156,389135,430.6072472939614,0.0,1.0,yahoo,2023-12-13 16:24:29
2018-03-06,OIH,492.6000061035156,496.0,485.2000122070313,490.0,335390,431.8410735536069,0.0,1.0,yahoo,2023-12-13 16:24:29
2018-03-07,OIH,483.6000061035156,489.6000061035156,478.2000122070313,485.7999877929688,480830,428.1395678792751,0.0,1.0,yahoo,2023-12-13 16:24:29
2018-03-08,OIH,486.7999877929688,489.3999938964844,481.6000061035156,488.6000061035156,487715,430.6072472939614,0.0,1.0,yahoo,2023-12-13 16:24:29
2018-03-09,OIH,493.7999877929688,505.0,491.0,500.7999877929688,636835,441.3591925798957,0.0,1.0,yahoo,2023-12-13 16:24:29
2018-03-12,OIH,500.0,506.3999938964844,497.2000122070313,501.3999938964844,199685,441.88798294699956,0.0,1.0,yahoo,2023-12-13 16:24:29
2018-03-13,OIH,502.2000122070313,504.2000122070313,491.2000122070313,494.0,267130,435.3663068071058,0.0,1.0,yahoo,2023-12-13 16:24:29
2018-03-14,OIH,497.0,498.6000061035156,491.7999877929688,493.0,217310,434.4849984937311,0.0,1.0,yahoo,2023-12-13 16:24:29
2018-03-15,OIH,494.6000061035156,495.0,477.2000122070313,481.0,902135,423.90929873323455,0.0,1.0,yahoo,2023-12-13 16:24:29
2018-03-16,OIH,483.0,493.2000122070313,481.3999938964844,490.6000061035156,437535,432.3698639207108,0.0,1.0,yahoo,2023-12-13 16:24:29
2018-03-19,OIH,488.7999877929688,489.3999938964844,474.3999938964844,480.3999938964844,402620,423.3805083661307,0.0,1.0,yahoo,2023-12-13 16:24:29
2018-03-20,OIH,483.6000061035156,487.6000061035156,482.3999938964844,483.6000061035156,216335,426.2007057270879,0.0,1.0,yahoo,2023-12-13 16:24:29
2018-03-21,OIH,488.0,508.6000061035156,485.0,505.3999938964844,498825,445.41321620049837,0.0,1.0,yahoo,2023-12-13 16:24:29
2018-03-22,OIH,498.3999938964844,502.0,486.2000122070313,487.6000061035156,387345,429.7259389805867,0.0,1.0,yahoo,2023-12-13 16:24:29
2018-03-23,OIH,491.6000061035156,497.0,482.0,482.7999877929688,447125,425.49564293915097,0.0,1.0,yahoo,2023-12-13 16:24:29
2018-03-26,OIH,488.2000122070313,489.7999877929688,475.0,486.3999938964844,317750,428.66835824637894,0.0,1.0,yahoo,2023-12-13 16:24:29
2018-03-27,OIH,487.6000061035156,491.6000061035156,473.0,476.6000061035156,281040,420.0315475334649,0.0,1.0,yahoo,2023-12-13 16:24:29
2018-03-28,OIH,474.3999938964844,477.2000122070313,464.7999877929688,467.0,312020,411.5709823459887,0.0,1.0,yahoo,2023-12-13 16:24:29
2018-03-29,OIH,469.3999938964844,480.2000122070313,468.6000061035156,477.3999938964844,291955,420.7365834260066,0.0,1.0,yahoo,2023-12-13 16:24:29
2018-04-02,OIH,474.6000061035156,476.7999877929688,457.2000122070313,466.0,368375,410.68967403261394,0.0,1.0,yahoo,2023-12-13 16:24:29
2018-04-03,OIH,469.2000122070313,477.3999938964844,461.2000122070313,475.7999877929688,301545,419.32648474552803,0.0,1.0,yahoo,2023-12-13 16:24:29
2018-04-04,OIH,466.0,477.2000122070313,461.7999877929688,476.3999938964844,347520,419.85527511263183,0.0,1.0,yahoo,2023-12-13 16:24:29
2018-04-05,OIH,478.0,495.0,478.0,488.7999877929688,352350,430.7834928193992,0.0,1.0,yahoo,2023-12-13 16:24:29
2018-04-06,OIH,484.6000061035156,488.0,471.2000122070313,478.0,280260,421.2653737931104,0.0,1.0,yahoo,2023-12-13 16:24:29
2018-04-09,OIH,481.3999938964844,482.7999877929688,475.7999877929688,476.3999938964844,220870,419.85527511263183,0.0,1.0,yahoo,2023-12-13 16:24:29
2018-04-10,OIH,484.3999938964844,507.3999938964844,484.3999938964844,502.0,514565,442.41677331410347,0.0,1.0,yahoo,2023-12-13 16:24:29
2018-04-11,OIH,502.2000122070313,520.0,501.7999877929688,516.0,768875,454.75508970134933,0.0,1.0,yahoo,2023-12-13 16:24:29
2018-04-12,OIH,518.4000244140625,525.5999755859375,512.5999755859375,521.5999755859375,315150,459.6903947399315,0.0,1.0,yahoo,2023-12-13 16:24:29
2018-04-13,OIH,521.7999877929688,529.5999755859375,521.5999755859375,525.7999877929688,272485,463.3919004142634,0.0,1.0,yahoo,2023-12-13 16:24:29
2018-04-16,OIH,523.7999877929688,528.5999755859375,518.4000244140625,525.5999755859375,316200,463.2156279934303,0.0,1.0,yahoo,2023-12-13 16:24:29
2018-04-17,OIH,526.0,529.7999877929688,522.2000122070312,527.4000244140625,265855,464.8020259901373,0.0,1.0,yahoo,2023-12-13 16:24:29
2018-04-18,OIH,537.0,547.5999755859375,534.4000244140625,541.5999755859375,429800,477.31656100742566,0.0,1.0,yahoo,2023-12-13 16:24:29
2018-04-19,OIH,543.5999755859375,546.0,534.0,540.5999755859375,445055,476.4352526940509,0.0,1.0,yahoo,2023-12-13 16:24:29
2018-04-20,OIH,536.2000122070312,541.2000122070312,529.5999755859375,536.7999877929688,390510,473.0862918613852,0.0,1.0,yahoo,2023-12-13 16:24:29
2018-04-23,OIH,535.0,541.0,529.5999755859375,540.5999755859375,275160,476.4352526940509,0.0,1.0,yahoo,2023-12-13 16:24:29
2018-04-24,OIH,544.5999755859375,548.2000122070312,532.5999755859375,536.4000244140625,328185,472.73380081050965,0.0,1.0,yahoo,2023-12-13 16:24:29
2018-04-25,OIH,532.4000244140625,542.4000244140625,528.7999877929688,541.0,196425,476.78779753571706,0.0,1.0,yahoo,2023-12-13 16:24:29
2018-04-26,OIH,542.0,550.0,538.7999877929688,547.5999755859375,244975,482.6044108876739,0.0,1.0,yahoo,2023-12-13 16:24:29
2018-04-27,OIH,543.2000122070312,548.2000122070312,539.5999755859375,544.4000244140625,226450,479.78426731750733,0.0,1.0,yahoo,2023-12-13 16:24:29
2018-04-30,OIH,543.4000244140625,549.4000244140625,541.5999755859375,542.7999877929688,281720,478.3741417416334,0.0,1.0,yahoo,2023-12-13 16:24:29
2018-05-01,OIH,539.4000244140625,541.2000122070312,530.4000244140625,538.2000122070312,258980,474.320145016426,0.0,1.0,yahoo,2023-12-13 16:24:29
2018-05-02,OIH,537.5999755859375,548.2000122070312,536.7999877929688,543.0,177365,478.5504141624665,0.0,1.0,yahoo,2023-12-13 16:24:29
2018-05-03,OIH,541.0,544.0,531.5999755859375,537.4000244140625,316290,473.61510912388434,0.0,1.0,yahoo,2023-12-13 16:24:29
2018-05-04,OIH,536.4000244140625,547.4000244140625,533.0,544.0,223040,479.4317224758412,0.0,1.0,yahoo,2023-12-13 16:24:29
2018-05-07,OIH,548.7999877929688,559.7999877929688,546.0,546.5999755859375,383540,481.72310257429916,0.0,1.0,yahoo,2023-12-13 16:24:29
2018-05-08,OIH,545.7999877929688,552.2000122070312,534.7999877929688,551.7999877929688,361195,486.3059165620058,0.0,1.0,yahoo,2023-12-13 16:24:29
2018-05-09,OIH,558.5999755859375,572.0,558.5999755859375,562.5999755859375,530475,495.8240355882945,0.0,1.0,yahoo,2023-12-13 16:24:29
2018-05-10,OIH,564.4000244140625,566.4000244140625,557.2000122070312,563.4000244140625,431675,496.52912527162675,0.0,1.0,yahoo,2023-12-13 16:24:29
2018-05-11,OIH,564.0,566.2000122070312,559.4000244140625,560.7999877929688,359110,494.23769138237816,0.0,1.0,yahoo,2023-12-13 16:24:29
2018-05-14,OIH,563.0,567.7999877929688,562.0,564.0,185510,497.05788874333535,0.0,1.0,yahoo,2023-12-13 16:24:29
2018-05-15,OIH,564.7999877929688,569.2000122070312,559.5999755859375,568.7999877929688,222675,501.28815788937584,0.0,1.0,yahoo,2023-12-13 16:24:29
2018-05-16,OIH,569.7999877929688,579.5999755859375,569.4000244140625,578.0,253755,509.3962051305813,0.0,1.0,yahoo,2023-12-13 16:24:29
2018-05-17,OIH,582.2000122070312,597.0,581.5999755859375,589.2000122070312,540795,519.2668689985361,0.0,1.0,yahoo,2023-12-13 16:24:29
2018-05-18,OIH,589.4000244140625,590.2000122070312,583.5999755859375,585.5999755859375,217655,516.0941267959128,0.0,1.0,yahoo,2023-12-13 16:24:29
2018-05-21,OIH,588.7999877929688,590.5999755859375,582.7999877929688,590.2000122070312,187815,520.1481773119108,0.0,1.0,yahoo,2023-12-13 16:24:29
2018-05-22,OIH,589.5999755859375,597.4000244140625,576.5999755859375,579.4000244140625,401275,510.6300582856221,0.0,1.0,yahoo,2023-12-13 16:24:29
2018-05-23,OIH,573.4000244140625,576.5999755859375,566.7999877929688,573.5999755859375,344905,505.51842703541627,0.0,1.0,yahoo,2023-12-13 16:24:29
2018-05-24,OIH,564.7999877929688,569.0,559.7999877929688,563.4000244140625,289640,496.52912527162675,0.0,1.0,yahoo,2023-12-13 16:24:29
2018-05-25,OIH,548.7999877929688,550.2000122070312,535.5999755859375,542.0,449820,477.66910584909175,0.0,1.0,yahoo,2023-12-13 16:24:29
2018-05-29,OIH,534.4000244140625,542.0,531.5999755859375,539.4000244140625,374515,475.3777257506338,0.0,1.0,yahoo,2023-12-13 16:24:29
2018-05-30,OIH,543.5999755859375,556.7999877929688,542.7999877929688,552.7999877929688,442380,487.1872248753805,0.0,1.0,yahoo,2023-12-13 16:24:29
2018-05-31,OIH,548.4000244140625,553.0,541.4000244140625,543.0,305420,478.5504141624665,0.0,1.0,yahoo,2023-12-13 16:24:29
2018-06-01,OIH,543.4000244140625,549.0,537.2000122070312,541.2000122070312,281065,476.96406995655013,0.0,1.0,yahoo,2023-12-13 16:24:29
2018-06-04,OIH,542.0,543.4000244140625,529.0,533.2000122070312,324470,469.91360344955245,0.0,1.0,yahoo,2023-12-13 16:24:29
2018-06-05,OIH,529.2000122070312,538.0,529.2000122070312,536.5999755859375,255670,472.9100194405521,0.0,1.0,yahoo,2023-12-13 16:24:29
2018-06-06,OIH,538.0,541.7999877929688,534.2000122070312,540.0,412580,475.9064892223424,0.0,1.0,yahoo,2023-12-13 16:24:29
2018-06-07,OIH,544.4000244140625,555.5999755859375,544.4000244140625,551.0,388630,485.6008806694641,0.0,1.0,yahoo,2023-12-13 16:24:29
2018-06-08,OIH,551.7999877929688,553.0,537.7999877929688,541.4000244140625,293435,477.1403423773832,0.0,1.0,yahoo,2023-12-13 16:24:29
2018-06-11,OIH,538.7999877929688,543.0,536.2000122070312,540.0,518120,475.9064892223424,0.0,1.0,yahoo,2023-12-13 16:24:29
2018-06-12,OIH,540.5999755859375,542.5999755859375,532.7999877929688,535.2000122070312,353340,471.6762200763019,0.0,1.0,yahoo,2023-12-13 16:24:29
2018-06-13,OIH,533.5999755859375,536.7999877929688,530.0,532.5999755859375,213365,469.38478618705324,0.0,1.0,yahoo,2023-12-13 16:24:29
2018-06-14,OIH,535.2000122070312,536.7999877929688,529.2000122070312,529.7999877929688,178930,466.9171336677622,0.0,1.0,yahoo,2023-12-13 16:24:29
2018-06-15,OIH,525.5999755859375,525.5999755859375,511.2000122070313,515.7999877929688,412815,454.5788172805163,0.0,1.0,yahoo,2023-12-13 16:24:29
2018-06-18,OIH,513.0,521.7999877929688,510.6000061035156,518.2000122070312,258985,456.69397874893184,0.0,1.0,yahoo,2023-12-13 16:24:29
2018-06-19,OIH,511.0,517.0,508.3999938964844,516.0,250750,454.75508970134933,0.0,1.0,yahoo,2023-12-13 16:24:29
2018-06-20,OIH,518.0,519.4000244140625,511.0,517.2000122070312,309210,455.81267043555715,0.0,1.0,yahoo,2023-12-13 16:24:29
2018-06-21,OIH,513.2000122070312,514.2000122070312,504.2000122070313,506.0,286545,445.9420065676023,0.0,1.0,yahoo,2023-12-13 16:24:29
2018-06-22,OIH,525.2000122070312,533.2000122070312,522.2000122070312,523.5999755859375,418145,461.45301136668087,0.0,1.0,yahoo,2023-12-13 16:24:29
2018-06-25,OIH,521.5999755859375,522.7999877929688,506.3999938964844,510.0,448110,449.4672398211011,0.0,1.0,yahoo,2023-12-13 16:24:29
2018-06-26,OIH,509.7999877929688,519.0,505.0,515.7999877929688,512600,454.5788172805163,0.0,1.0,yahoo,2023-12-13 16:24:29
2018-06-27,OIH,524.4000244140625,539.5999755859375,524.0,528.7999877929688,558550,466.0358253543875,0.0,1.0,yahoo,2023-12-13 16:24:29
2018-06-28,OIH,529.0,529.4000244140625,522.4000244140625,527.0,452605,464.44948114847114,0.0,1.0,yahoo,2023-12-13 16:24:29
2018-06-29,OIH,526.7999877929688,533.0,525.4000244140625,525.4000244140625,265020,463.03940936338785,0.0,1.0,yahoo,2023-12-13 16:24:29
2018-07-02,OIH,521.0,521.5999755859375,508.0,511.0,493295,450.34854813447583,0.0,1.0,yahoo,2023-12-13 16:24:29
2018-07-03,OIH,518.2000122070312,525.0,513.0,515.2000122070312,306825,454.0500538088077,0.0,1.0,yahoo,2023-12-13 16:24:29
2018-07-05,OIH,517.0,520.2000122070312,514.2000122070312,515.5999755859375,208325,454.40254485968325,0.0,1.0,yahoo,2023-12-13 16:24:29
2018-07-06,OIH,511.3999938964844,524.7999877929688,509.0,523.2000122070312,195935,461.1005203158054,0.0,1.0,yahoo,2023-12-13 16:24:29
2018-07-09,OIH,527.7999877929688,539.0,526.4000244140625,536.7999877929688,368170,473.0862918613852,0.0,1.0,yahoo,2023-12-13 16:24:29
2018-07-10,OIH,542.0,549.0,537.0,542.0,327225,477.66910584909175,0.0,1.0,yahoo,2023-12-13 16:24:29
2018-07-11,OIH,533.4000244140625,540.7999877929688,523.7999877929688,527.2000122070312,382740,464.6257535693042,0.0,1.0,yahoo,2023-12-13 16:24:29
2018-07-12,OIH,531.0,531.2000122070312,519.2000122070312,524.0,305695,461.805556208347,0.0,1.0,yahoo,2023-12-13 16:24:29
2018-07-13,OIH,525.0,530.0,522.5999755859375,526.2000122070312,262375,463.7444452559295,0.0,1.0,yahoo,2023-12-13 16:24:29
2018-07-16,OIH,518.7999877929688,521.2000122070312,512.5999755859375,520.0,248160,458.2803229548482,0.0,1.0,yahoo,2023-12-13 16:24:29
2018-07-17,OIH,517.0,519.5999755859375,512.5999755859375,517.5999755859375,236555,456.1651614864326,0.0,1.0,yahoo,2023-12-13 16:24:29
2018-07-18,OIH,515.4000244140625,519.5999755859375,507.0,515.7999877929688,343370,454.5788172805163,0.0,1.0,yahoo,2023-12-13 16:24:29
2018-07-19,OIH,513.4000244140625,517.4000244140625,510.2000122070313,512.5999755859375,188870,451.7586199195591,0.0,1.0,yahoo,2023-12-13 16:24:29
2018-07-20,OIH,513.7999877929688,515.5999755859375,509.0,509.6000061035156,230340,449.1147218748303,0.0,1.0,yahoo,2023-12-13 16:24:29
2018-07-23,OIH,507.6000061035156,508.0,496.6000061035156,498.0,518440,438.8915400606046,0.0,1.0,yahoo,2023-12-13 16:24:29
2018-07-24,OIH,501.6000061035156,505.2000122070313,496.3999938964844,497.0,496860,438.0102317472299,0.0,1.0,yahoo,2023-12-13 16:24:29
2018-07-25,OIH,498.0,498.7999877929688,491.2000122070313,497.6000061035156,238205,438.53902211433376,0.0,1.0,yahoo,2023-12-13 16:24:29
2018-07-26,OIH,497.6000061035156,508.0,493.7999877929688,506.2000122070313,372325,446.1182789884354,0.0,1.0,yahoo,2023-12-13 16:24:29
2018-07-27,OIH,507.7999877929688,518.0,506.6000061035156,513.0,341580,452.1111647612252,0.0,1.0,yahoo,2023-12-13 16:24:29
2018-07-30,OIH,519.4000244140625,527.7999877929688,519.0,521.7999877929688,409235,459.86666716076456,0.0,1.0,yahoo,2023-12-13 16:24:29
2018-07-31,OIH,519.5999755859375,523.0,514.0,519.7999877929688,339090,458.10405053401513,0.0,1.0,yahoo,2023-12-13 16:24:29
2018-08-01,OIH,514.5999755859375,519.7999877929688,507.3999938964844,515.7999877929688,305905,454.5788172805163,0.0,1.0,yahoo,2023-12-13 16:24:29
2018-08-02,OIH,506.0,514.0,504.7999877929688,511.7999877929688,248935,451.0535840270175,0.0,1.0,yahoo,2023-12-13 16:24:29
2018-08-03,OIH,510.2000122070313,518.5999755859375,508.3999938964844,510.0,310155,449.4672398211011,0.0,1.0,yahoo,2023-12-13 16:24:29
2018-08-06,OIH,511.7999877929688,514.0,509.2000122070313,509.7999877929688,209505,449.2909674002681,0.0,1.0,yahoo,2023-12-13 16:24:29
2018-08-07,OIH,516.2000122070312,520.2000122070312,514.0,514.4000244140625,388415,453.34501791626604,0.0,1.0,yahoo,2023-12-13 16:24:29
2018-08-08,OIH,512.5999755859375,514.5999755859375,508.3999938964844,513.4000244140625,230960,452.46370960289136,0.0,1.0,yahoo,2023-12-13 16:24:29
2018-08-09,OIH,513.2000122070312,514.0,503.0,503.7999877929688,254985,444.0031175200198,0.0,1.0,yahoo,2023-12-13 16:24:29
2018-08-10,OIH,503.2000122070313,509.7999877929688,500.3999938964844,509.6000061035156,178845,449.1147218748303,0.0,1.0,yahoo,2023-12-13 16:24:29
2018-08-13,OIH,508.3999938964844,508.6000061035156,495.3999938964844,496.3999938964844,255245,437.481441380126,0.0,1.0,yahoo,2023-12-13 16:24:29
2018-08-14,OIH,500.0,503.6000061035156,494.3999938964844,496.0,241085,437.1289234338552,0.0,1.0,yahoo,2023-12-13 16:24:29
2018-08-15,OIH,490.0,490.3999938964844,467.2000122070313,474.0,716585,417.7401405396116,0.0,1.0,yahoo,2023-12-13 16:24:29
2018-08-16,OIH,477.7999877929688,480.2000122070313,475.2000122070313,476.2000122070313,260880,419.6790295871941,0.0,1.0,yahoo,2023-12-13 16:24:29
2018-08-17,OIH,476.7999877929688,481.0,474.0,480.3999938964844,231425,423.3805083661307,0.0,1.0,yahoo,2023-12-13 16:24:29
2018-08-20,OIH,481.0,488.0,480.0,486.6000061035156,163740,428.844630667212,0.0,1.0,yahoo,2023-12-13 16:24:29
2018-08-21,OIH,493.6000061035156,499.0,493.2000122070313,494.7999877929688,206280,436.07134269964746,0.0,1.0,yahoo,2023-12-13 16:24:29
2018-08-22,OIH,500.2000122070313,503.7999877929688,498.6000061035156,502.2000122070313,266625,442.59304573493654,0.0,1.0,yahoo,2023-12-13 16:24:29
2018-08-23,OIH,499.2000122070313,501.2000122070313,496.7999877929688,498.6000061035156,197205,439.4203304277085,0.0,1.0,yahoo,2023-12-13 16:24:29
2018-08-24,OIH,502.7999877929688,505.7999877929688,500.6000061035156,502.2000122070313,220220,442.59304573493654,0.0,1.0,yahoo,2023-12-13 16:24:29
2018-08-27,OIH,502.7999877929688,510.0,502.6000061035156,505.3999938964844,193770,445.41321620049837,0.0,1.0,yahoo,2023-12-13 16:24:29
2018-08-28,OIH,506.7999877929688,510.2000122070313,499.7999877929688,501.0,224840,441.5354650007287,0.0,1.0,yahoo,2023-12-13 16:24:29
2018-08-29,OIH,502.3999938964844,507.2000122070313,499.7999877929688,505.0,193850,445.0606982542276,0.0,1.0,yahoo,2023-12-13 16:24:29
2018-08-30,OIH,504.0,504.2000122070313,495.3999938964844,499.0,210410,439.77284837397934,0.0,1.0,yahoo,2023-12-13 16:24:29
2018-08-31,OIH,496.3999938964844,496.6000061035156,490.2000122070313,494.2000122070313,145670,435.5425792279389,0.0,1.0,yahoo,2023-12-13 16:24:29
2018-09-04,OIH,495.2000122070313,496.0,484.6000061035156,487.0,288835,429.1971486134828,0.0,1.0,yahoo,2023-12-13 16:24:29
2018-09-05,OIH,482.6000061035156,482.7999877929688,471.0,475.0,335660,418.6214488529863,0.0,1.0,yahoo,2023-12-13 16:24:29
2018-09-06,OIH,474.3999938964844,475.0,462.2000122070313,467.6000061035156,348205,412.09977271309253,0.0,1.0,yahoo,2023-12-13 16:24:29
2018-09-07,OIH,460.6000061035156,464.6000061035156,454.6000061035156,464.0,489135,408.92705740586456,0.0,1.0,yahoo,2023-12-13 16:24:29
2018-09-10,OIH,467.6000061035156,469.7999877929688,464.3999938964844,465.2000122070313,263330,409.9846381400724,0.0,1.0,yahoo,2023-12-13 16:24:29
2018-09-11,OIH,465.0,476.2000122070313,462.7999877929688,474.7999877929688,385105,418.4451764321533,0.0,1.0,yahoo,2023-12-13 16:24:29
2018-09-12,OIH,482.6000061035156,487.0,480.0,484.2000122070313,317060,426.7294960941918,0.0,1.0,yahoo,2023-12-13 16:24:29
2018-09-13,OIH,481.0,485.6000061035156,478.3999938964844,481.3999938964844,297840,424.2618166795054,0.0,1.0,yahoo,2023-12-13 16:24:29
2018-09-14,OIH,481.0,487.3999938964844,479.7999877929688,484.2000122070313,255990,426.7294960941918,0.0,1.0,yahoo,2023-12-13 16:24:29
2018-09-17,OIH,486.3999938964844,488.2000122070313,478.7999877929688,479.7999877929688,197695,422.85171799902685,0.0,1.0,yahoo,2023-12-13 16:24:29
2018-09-18,OIH,485.2000122070313,490.3999938964844,485.2000122070313,488.0,242895,430.07845692685754,0.0,1.0,yahoo,2023-12-13 16:24:29
2018-09-19,OIH,488.2000122070313,498.2000122070313,487.7999877929688,494.3999938964844,369365,435.7188247533766,0.0,1.0,yahoo,2023-12-13 16:24:29
2018-09-20,OIH,499.2000122070313,503.3999938964844,496.0,497.0,263575,438.0102317472299,0.0,1.0,yahoo,2023-12-13 16:24:29
2018-09-21,OIH,499.7999877929688,502.7999877929688,496.2000122070313,500.7999877929688,274040,441.3591925798957,0.0,1.0,yahoo,2023-12-13 16:24:29
2018-09-24,OIH,508.2000122070313,511.7999877929688,502.0,506.0,303680,445.9420065676023,0.0,1.0,yahoo,2023-12-13 16:24:29
2018-09-25,OIH,512.4000244140625,516.2000122070312,511.2000122070313,513.2000122070312,388565,452.2874371820583,0.0,1.0,yahoo,2023-12-13 16:24:29
2018-09-26,OIH,509.0,511.3999938964844,503.0,504.0,438100,444.17938994085284,0.0,1.0,yahoo,2023-12-13 16:24:29
2018-09-27,OIH,506.3999938964844,507.0,499.2000122070313,504.3999938964844,253220,444.5319078871237,0.0,1.0,yahoo,2023-12-13 16:24:29
2018-09-28,OIH,502.3999938964844,510.7999877929688,501.3999938964844,503.7999877929688,301865,444.0031175200198,0.0,1.0,yahoo,2023-12-13 16:24:29
2018-10-01,OIH,505.6000061035156,512.7999877929688,503.0,509.2000122070313,332365,448.76220392855953,0.0,1.0,yahoo,2023-12-13 16:24:29
2018-10-02,OIH,510.0,512.5999755859375,503.3999938964844,510.0,270425,449.4672398211011,0.0,1.0,yahoo,2023-12-13 16:24:29
2018-10-03,OIH,511.3999938964844,517.4000244140625,507.0,515.5999755859375,307880,454.40254485968325,0.0,1.0,yahoo,2023-12-13 16:24:29
2018-10-04,OIH,513.5999755859375,519.5999755859375,507.7999877929688,511.7999877929688,320790,451.0535840270175,0.0,1.0,yahoo,2023-12-13 16:24:29
2018-10-05,OIH,509.7999877929688,515.7999877929688,507.2000122070313,512.5999755859375,402070,451.7586199195591,0.0,1.0,yahoo,2023-12-13 16:24:29
2018-10-08,OIH,505.3999938964844,515.4000244140625,503.2000122070313,514.4000244140625,297590,453.34501791626604,0.0,1.0,yahoo,2023-12-13 16:24:29
2018-10-09,OIH,516.0,526.5999755859375,511.0,520.4000244140625,383205,458.6328677965143,0.0,1.0,yahoo,2023-12-13 16:24:29
2018-10-10,OIH,518.7999877929688,520.5999755859375,495.0,495.0,768055,436.2476151204805,0.0,1.0,yahoo,2023-12-13 16:24:29
2018-10-11,OIH,488.7999877929688,496.2000122070313,480.6000061035156,482.6000061035156,666330,425.31939741371315,0.0,1.0,yahoo,2023-12-13 16:24:29
2018-10-12,OIH,491.6000061035156,492.6000061035156,477.0,484.6000061035156,417835,427.0820140404626,0.0,1.0,yahoo,2023-12-13 16:24:29
2018-10-15,OIH,486.7999877929688,492.3999938964844,481.3999938964844,487.7999877929688,328075,429.9021845060245,0.0,1.0,yahoo,2023-12-13 16:24:29
2018-10-16,OIH,490.0,491.6000061035156,487.2000122070313,490.6000061035156,275115,432.3698639207108,0.0,1.0,yahoo,2023-12-13 16:24:29
2018-10-17,OIH,485.7999877929688,488.2000122070313,479.7999877929688,483.6000061035156,232515,426.2007057270879,0.0,1.0,yahoo,2023-12-13 16:24:29
2018-10-18,OIH,477.2000122070313,478.7999877929688,466.3999938964844,468.2000122070313,524275,412.6285630801965,0.0,1.0,yahoo,2023-12-13 16:24:29
2018-10-19,OIH,468.0,482.3999938964844,465.0,465.0,476375,409.80836571923925,0.0,1.0,yahoo,2023-12-13 16:24:29
2018-10-22,OIH,464.0,465.3999938964844,453.6000061035156,456.6000061035156,385375,402.40538126597073,0.0,1.0,yahoo,2023-12-13 16:24:29
2018-10-23,OIH,445.2000122070313,446.0,432.6000061035156,439.6000061035156,540480,387.42313993860074,0.0,1.0,yahoo,2023-12-13 16:24:29
2018-10-24,OIH,443.7999877929688,444.2000122070313,417.3999938964844,417.6000061035156,645965,368.03435704435714,0.0,1.0,yahoo,2023-12-13 16:24:29
2018-10-25,OIH,424.7999877929688,428.7999877929688,420.2000122070313,423.3999938964844,495915,373.1459345037723,0.0,1.0,yahoo,2023-12-13 16:24:29
2018-10-26,OIH,414.6000061035156,431.0,409.3999938964844,422.7999877929688,596695,372.6171441366685,0.0,1.0,yahoo,2023-12-13 16:24:29
2018-10-29,OIH,425.0,425.7999877929688,404.2000122070313,409.3999938964844,585715,360.80761811652644,0.0,1.0,yahoo,2023-12-13 16:24:29
2018-10-30,OIH,407.2000122070313,417.6000061035156,402.0,416.7999877929688,489640,367.32929425642027,0.0,1.0,yahoo,2023-12-13 16:24:29
2018-10-31,OIH,417.2000122070313,421.6000061035156,410.7999877929688,411.2000122070313,370335,362.3939892178381,0.0,1.0,yahoo,2023-12-13 16:24:29
2018-11-01,OIH,414.0,418.7999877929688,405.6000061035156,414.3999938964844,320500,365.21415968339994,0.0,1.0,yahoo,2023-12-13 16:24:29
2018-11-02,OIH,417.0,420.6000061035156,409.7999877929688,413.7999877929688,329095,364.68536931629615,0.0,1.0,yahoo,2023-12-13 16:24:29
2018-11-05,OIH,418.2000122070313,422.3999938964844,415.2000122070313,422.2000122070313,367870,372.0883806649599,0.0,1.0,yahoo,2023-12-13 16:24:29
2018-11-06,OIH,423.0,425.3999938964844,416.3999938964844,423.0,257260,372.79341655750153,0.0,1.0,yahoo,2023-12-13 16:24:29
2018-11-07,OIH,429.0,432.7999877929688,420.0,427.0,321800,376.31864981100034,0.0,1.0,yahoo,2023-12-13 16:24:29
2018-11-08,OIH,424.0,425.0,411.3999938964844,413.3999938964844,372745,364.33285137002525,0.0,1.0,yahoo,2023-12-13 16:24:29
2018-11-09,OIH,406.0,409.7999877929688,398.6000061035156,407.0,547020,358.69248354350617,0.0,1.0,yahoo,2023-12-13 16:24:29
2018-11-12,OIH,411.7999877929688,411.7999877929688,391.0,391.6000061035156,430385,345.1203408966147,0.0,1.0,yahoo,2023-12-13 16:24:29
2018-11-13,OIH,390.3999938964844,392.6000061035156,374.6000061035156,375.0,1046820,330.4906175155155,0.0,1.0,yahoo,2023-12-13 16:24:29
2018-11-14,OIH,384.6000061035156,385.7999877929688,372.0,377.0,907185,332.25323414226494,0.0,1.0,yahoo,2023-12-13 16:24:29
2018-11-15,OIH,376.2000122070313,384.6000061035156,373.0,383.3999938964844,586905,337.893601968784,0.0,1.0,yahoo,2023-12-13 16:24:29
2018-11-16,OIH,386.2000122070313,388.6000061035156,379.7999877929688,386.2000122070313,395730,340.36128138347044,0.0,1.0,yahoo,2023-12-13 16:24:29
2018-11-19,OIH,383.0,390.7999877929688,381.6000061035156,388.2000122070313,448865,342.1238980102198,0.0,1.0,yahoo,2023-12-13 16:24:29
2018-11-20,OIH,380.6000061035156,380.6000061035156,366.3999938964844,370.0,558340,326.08407594864195,0.0,1.0,yahoo,2023-12-13 16:24:29
2018-11-21,OIH,374.3999938964844,380.0,373.3999938964844,376.3999938964844,459235,331.72444377516103,0.0,1.0,yahoo,2023-12-13 16:24:29
2018-11-23,OIH,364.0,367.0,361.0,363.7999877929688,240025,320.6199536475607,0.0,1.0,yahoo,2023-12-13 16:24:29
2018-11-26,OIH,369.2000122070313,374.6000061035156,367.6000061035156,370.3999938964844,345280,326.4365938949128,0.0,1.0,yahoo,2023-12-13 16:24:29
2018-11-27,OIH,370.0,373.2000122070313,364.3999938964844,366.0,270195,322.55884269514314,0.0,1.0,yahoo,2023-12-13 16:24:29
2018-11-28,OIH,366.6000061035156,371.7999877929688,359.0,371.3999938964844,437645,327.31790220828753,0.0,1.0,yahoo,2023-12-13 16:24:29
2018-11-29,OIH,371.7999877929688,375.3999938964844,367.2000122070313,370.6000061035156,391415,326.61286631574586,0.0,1.0,yahoo,2023-12-13 16:24:29
2018-11-30,OIH,366.2000122070313,368.2000122070313,359.0,361.6000061035156,384830,318.6810914953735,0.0,1.0,yahoo,2023-12-13 16:24:29
2018-12-03,OIH,374.7999877929688,376.2000122070313,368.2000122070313,374.3999938964844,577755,329.96182714841166,0.0,1.0,yahoo,2023-12-13 16:24:29
2018-12-04,OIH,373.2000122070313,374.2000122070313,356.0,357.0,650925,314.6270678747708,0.0,1.0,yahoo,2023-12-13 16:24:29
2018-12-06,OIH,347.0,347.0,335.20001220703125,340.20001220703125,899885,299.8210989682338,0.0,1.0,yahoo,2023-12-13 16:24:29
2018-12-07,OIH,350.79998779296875,356.20001220703125,337.6000061035156,337.79998779296875,671635,297.7059374998183,0.0,1.0,yahoo,2023-12-13 16:24:29
2018-12-10,OIH,332.6000061035156,337.0,323.79998779296875,329.20001220703125,529150,290.126707521112,0.0,1.0,yahoo,2023-12-13 16:24:29
2018-12-11,OIH,335.79998779296875,336.20001220703125,320.0,325.0,596255,286.4252018467801,0.0,1.0,yahoo,2023-12-13 16:24:29
2018-12-12,OIH,329.20001220703125,338.3999938964844,329.20001220703125,331.3999938964844,437125,292.0655696732992,0.0,1.0,yahoo,2023-12-13 16:24:29
2018-12-13,OIH,330.20001220703125,330.20001220703125,323.20001220703125,326.6000061035156,515625,287.8353005272587,0.0,1.0,yahoo,2023-12-13 16:24:29
2018-12-14,OIH,323.3999938964844,324.20001220703125,312.6000061035156,313.20001220703125,637200,276.0257745071167,0.0,1.0,yahoo,2023-12-13 16:24:29
2018-12-17,OIH,313.0,319.20001220703125,309.0,310.20001220703125,404965,273.38184956699257,0.0,1.0,yahoo,2023-12-13 16:24:29
2018-12-18,OIH,311.0,311.6000061035156,302.20001220703125,304.0,537740,267.91772726591125,0.0,1.0,yahoo,2023-12-13 16:24:29
2018-12-19,OIH,305.20001220703125,309.6000061035156,292.6000061035156,295.20001220703125,907730,260.16222486637196,0.0,1.0,yahoo,2023-12-13 16:24:29
2018-12-20,OIH,286.0,291.3999938964844,277.6000061035156,278.20001220703125,898435,250.24939865441826,5.98,1.0,yahoo,2023-12-13 16:24:29
2018-12-21,OIH,277.0,282.79998779296875,270.20001220703125,273.0,756105,245.57182902571242,0.0,1.0,yahoo,2023-12-13 16:24:29
2018-12-24,OIH,269.0,275.6000061035156,266.3999938964844,266.3999938964844,285810,239.63492217435274,0.0,1.0,yahoo,2023-12-13 16:24:29
2018-12-26,OIH,268.6000061035156,283.3999938964844,262.6000061035156,283.3999938964844,634660,254.92694083163153,0.0,1.0,yahoo,2023-12-13 16:24:29
2018-12-27,OIH,276.20001220703125,280.0,268.20001220703125,280.0,698215,251.86854259047428,0.0,1.0,yahoo,2023-12-13 16:24:29
2018-12-28,OIH,282.20001220703125,287.20001220703125,279.20001220703125,282.3999938964844,564265,254.02741032237984,0.0,1.0,yahoo,2023-12-13 16:24:29
2018-12-31,OIH,284.6000061035156,285.0,272.79998779296875,280.6000061035156,381825,252.40826638632382,0.0,1.0,yahoo,2023-12-13 16:24:29
2019-01-02,OIH,276.0,291.0,272.20001220703125,287.3999938964844,743150,258.5250628686383,0.0,1.0,yahoo,2023-12-13 16:24:29
2019-01-03,OIH,288.0,296.0,282.0,289.79998779296875,616750,260.6839306005438,0.0,1.0,yahoo,2023-12-13 16:24:29
2019-01-04,OIH,296.79998779296875,304.79998779296875,294.3999938964844,303.79998779296875,633265,273.27735773006754,0.0,1.0,yahoo,2023-12-13 16:24:29
2019-01-07,OIH,305.79998779296875,317.6000061035156,302.79998779296875,315.6000061035156,572600,283.8918342101331,0.0,1.0,yahoo,2023-12-13 16:24:29
2019-01-08,OIH,320.6000061035156,323.0,315.6000061035156,318.79998779296875,493605,286.77031536884294,0.0,1.0,yahoo,2023-12-13 16:24:29
2019-01-09,OIH,325.0,329.6000061035156,321.6000061035156,326.79998779296875,622970,293.9665594428565,0.0,1.0,yahoo,2023-12-13 16:24:29
2019-01-10,OIH,323.0,331.0,321.20001220703125,330.0,369190,296.845068053059,0.0,1.0,yahoo,2023-12-13 16:24:29
2019-01-11,OIH,326.3999938964844,328.3999938964844,321.0,327.6000061035156,464755,294.6862003211534,0.0,1.0,yahoo,2023-12-13 16:24:29
2019-01-14,OIH,323.0,330.79998779296875,322.20001220703125,327.0,261595,294.1464765253039,0.0,1.0,yahoo,2023-12-13 16:24:29
2019-01-15,OIH,330.79998779296875,332.79998779296875,326.3999938964844,329.20001220703125,266250,296.1254546262547,0.0,1.0,yahoo,2023-12-13 16:24:29
2019-01-16,OIH,328.3999938964844,331.20001220703125,326.6000061035156,327.79998779296875,286265,294.8660899521082,0.0,1.0,yahoo,2023-12-13 16:24:29
2019-01-17,OIH,326.0,332.79998779296875,322.6000061035156,331.0,270125,297.74459856231067,0.0,1.0,yahoo,2023-12-13 16:24:29
2019-01-18,OIH,338.20001220703125,345.20001220703125,337.0,344.79998779296875,700695,310.158108609387,0.0,1.0,yahoo,2023-12-13 16:24:29
2019-01-22,OIH,338.20001220703125,339.0,330.3999938964844,333.6000061035156,626860,300.0833833766636,0.0,1.0,yahoo,2023-12-13 16:24:29
2019-01-23,OIH,335.3999938964844,336.0,324.20001220703125,327.3999938964844,487395,294.50628323870603,0.0,1.0,yahoo,2023-12-13 16:24:29
2019-01-24,OIH,327.6000061035156,337.3999938964844,325.6000061035156,333.3999938964844,287810,299.90346629421623,0.0,1.0,yahoo,2023-12-13 16:24:29
2019-01-25,OIH,336.6000061035156,345.20001220703125,336.6000061035156,344.0,511110,309.4384951825827,0.0,1.0,yahoo,2023-12-13 16:24:29
2019-01-28,OIH,335.79998779296875,337.3999938964844,331.0,335.6000061035156,367365,301.882444395167,0.0,1.0,yahoo,2023-12-13 16:24:29
2019-01-29,OIH,339.0,341.3999938964844,334.6000061035156,334.79998779296875,233455,301.16280351687004,0.0,1.0,yahoo,2023-12-13 16:24:29
2019-01-30,OIH,338.20001220703125,343.79998779296875,333.20001220703125,342.0,310100,307.6394341640793,0.0,1.0,yahoo,2023-12-13 16:24:29
2019-01-31,OIH,343.0,344.3999938964844,335.6000061035156,337.3999938964844,273850,303.501588331223,0.0,1.0,yahoo,2023-12-13 16:24:29
2019-02-01,OIH,339.0,349.0,338.0,344.3999938964844,384595,309.7983018959848,0.0,1.0,yahoo,2023-12-13 16:24:29
2019-02-04,OIH,341.0,348.6000061035156,340.6000061035156,348.20001220703125,256835,313.21653430203685,0.0,1.0,yahoo,2023-12-13 16:24:29
2019-02-05,OIH,347.79998779296875,351.3999938964844,346.20001220703125,349.20001220703125,476230,314.11606481128854,0.0,1.0,yahoo,2023-12-13 16:24:29
2019-02-06,OIH,347.6000061035156,350.79998779296875,346.3999938964844,349.0,216380,313.93614772884115,0.0,1.0,yahoo,2023-12-13 16:24:29
2019-02-07,OIH,346.3999938964844,348.79998779296875,329.20001220703125,335.0,460630,301.34272059931743,0.0,1.0,yahoo,2023-12-13 16:24:29
2019-02-08,OIH,333.6000061035156,334.79998779296875,325.6000061035156,329.79998779296875,310935,296.6651509706116,0.0,1.0,yahoo,2023-12-13 16:24:29
2019-02-11,OIH,327.79998779296875,336.0,326.6000061035156,335.20001220703125,352390,301.5226376817648,0.0,1.0,yahoo,2023-12-13 16:24:29
2019-02-12,OIH,339.79998779296875,344.6000061035156,339.3999938964844,340.3999938964844,311300,306.20017985897806,0.0,1.0,yahoo,2023-12-13 16:24:29
2019-02-13,OIH,340.0,346.3999938964844,339.0,341.0,313240,306.73990365482763,0.0,1.0,yahoo,2023-12-13 16:24:29
2019-02-14,OIH,339.3999938964844,345.6000061035156,338.6000061035156,342.79998779296875,225155,308.3590475908836,0.0,1.0,yahoo,2023-12-13 16:24:29
2019-02-15,OIH,346.79998779296875,351.6000061035156,345.20001220703125,351.20001220703125,230495,315.9151258297919,0.0,1.0,yahoo,2023-12-13 16:24:29
2019-02-19,OIH,349.0,356.3999938964844,349.0,354.0,668610,318.43380027509966,0.0,1.0,yahoo,2023-12-13 16:24:29
2019-02-20,OIH,353.79998779296875,361.2000122070313,353.6000061035156,357.79998779296875,523490,321.852005229659,0.0,1.0,yahoo,2023-12-13 16:24:29
2019-02-21,OIH,356.0,356.3999938964844,346.3999938964844,348.20001220703125,253515,313.21653430203685,0.0,1.0,yahoo,2023-12-13 16:24:29
2019-02-22,OIH,351.6000061035156,352.0,344.3999938964844,346.0,206190,311.2375562010861,0.0,1.0,yahoo,2023-12-13 16:24:29
2019-02-25,OIH,344.0,351.6000061035156,342.20001220703125,348.79998779296875,175305,313.75623064639376,0.0,1.0,yahoo,2023-12-13 16:24:29
2019-02-26,OIH,348.79998779296875,352.6000061035156,344.79998779296875,345.0,153720,310.3380256918344,0.0,1.0,yahoo,2023-12-13 16:24:29
2019-02-27,OIH,346.6000061035156,351.6000061035156,344.3999938964844,346.79998779296875,279970,311.9571696278904,0.0,1.0,yahoo,2023-12-13 16:24:29
2019-02-28,OIH,347.0,347.0,335.3999938964844,342.0,273045,307.6394341640793,0.0,1.0,yahoo,2023-12-13 16:24:29
2019-03-01,OIH,343.79998779296875,349.20001220703125,342.79998779296875,348.3999938964844,328935,313.39642393299164,0.0,1.0,yahoo,2023-12-13 16:24:29
2019-03-04,OIH,351.20001220703125,354.0,345.0,349.6000061035156,336885,314.4758715246907,0.0,1.0,yahoo,2023-12-13 16:24:29
2019-03-05,OIH,350.0,350.6000061035156,343.79998779296875,346.6000061035156,281480,311.7772799969356,0.0,1.0,yahoo,2023-12-13 16:24:29
2019-03-06,OIH,344.79998779296875,344.79998779296875,334.79998779296875,335.6000061035156,460570,301.882444395167,0.0,1.0,yahoo,2023-12-13 16:24:29
2019-03-07,OIH,336.0,336.20001220703125,327.79998779296875,329.3999938964844,515640,296.3053442572094,0.0,1.0,yahoo,2023-12-13 16:24:29
2019-03-08,OIH,322.20001220703125,323.79998779296875,317.3999938964844,321.3999938964844,382570,289.1091001831959,0.0,1.0,yahoo,2023-12-13 16:24:29
2019-03-11,OIH,325.0,332.3999938964844,324.0,330.6000061035156,227230,297.3847918489085,0.0,1.0,yahoo,2023-12-13 16:24:29
2019-03-12,OIH,332.0,338.0,331.3999938964844,336.0,255695,302.2422511085691,0.0,1.0,yahoo,2023-12-13 16:24:29
2019-03-13,OIH,339.3999938964844,342.6000061035156,338.3999938964844,341.3999938964844,233595,307.09971036822975,0.0,1.0,yahoo,2023-12-13 16:24:29
2019-03-14,OIH,342.0,345.79998779296875,341.3999938964844,342.3999938964844,239880,307.99924087748144,0.0,1.0,yahoo,2023-12-13 16:24:29
2019-03-15,OIH,341.79998779296875,344.6000061035156,339.0,339.79998779296875,351255,305.66045606312855,0.0,1.0,yahoo,2023-12-13 16:24:29
2019-03-18,OIH,341.20001220703125,352.0,341.20001220703125,350.6000061035156,263320,315.3754020339424,0.0,1.0,yahoo,2023-12-13 16:24:29
2019-03-19,OIH,353.6000061035156,356.79998779296875,347.20001220703125,349.0,247740,313.93614772884115,0.0,1.0,yahoo,2023-12-13 16:24:29
2019-03-20,OIH,348.20001220703125,358.6000061035156,347.0,355.0,273220,319.33333078435135,0.0,1.0,yahoo,2023-12-13 16:24:29
2019-03-21,OIH,354.0,356.3999938964844,350.79998779296875,355.0,496630,319.33333078435135,0.0,1.0,yahoo,2023-12-13 16:24:29
2019-03-22,OIH,351.0,353.20001220703125,338.0,339.0,541305,304.94084263632425,0.0,1.0,yahoo,2023-12-13 16:24:29
2019-03-25,OIH,336.20001220703125,339.3999938964844,331.79998779296875,338.20001220703125,311560,304.2212292095199,0.0,1.0,yahoo,2023-12-13 16:24:29
2019-03-26,OIH,342.79998779296875,348.6000061035156,340.20001220703125,342.6000061035156,346440,308.17915795992883,0.0,1.0,yahoo,2023-12-13 16:24:29
2019-03-27,OIH,342.0,344.6000061035156,336.0,339.79998779296875,346320,305.66045606312855,0.0,1.0,yahoo,2023-12-13 16:24:29
2019-03-28,OIH,338.20001220703125,345.79998779296875,336.79998779296875,345.20001220703125,313515,310.5179427742818,0.0,1.0,yahoo,2023-12-13 16:24:29
2019-03-29,OIH,350.0,351.20001220703125,341.20001220703125,344.6000061035156,356475,309.9782189784322,0.0,1.0,yahoo,2023-12-13 16:24:29
2019-04-01,OIH,347.79998779296875,355.3999938964844,346.20001220703125,355.0,426345,319.33333078435135,0.0,1.0,yahoo,2023-12-13 16:24:29
2019-04-02,OIH,355.6000061035156,359.3999938964844,351.3999938964844,352.20001220703125,403320,316.8146563390436,0.0,1.0,yahoo,2023-12-13 16:24:29
2019-04-03,OIH,354.3999938964844,356.6000061035156,345.20001220703125,347.0,456830,312.13708671033777,0.0,1.0,yahoo,2023-12-13 16:24:29
2019-04-04,OIH,346.79998779296875,351.79998779296875,343.20001220703125,351.3999938964844,324935,316.0950154607467,0.0,1.0,yahoo,2023-12-13 16:24:29
2019-04-05,OIH,353.20001220703125,361.2000122070313,352.3999938964844,359.79998779296875,458770,323.6510662481624,0.0,1.0,yahoo,2023-12-13 16:24:29
2019-04-08,OIH,361.2000122070313,366.0,360.0,363.0,381470,326.52957485836487,0.0,1.0,yahoo,2023-12-13 16:24:29
2019-04-09,OIH,360.6000061035156,361.3999938964844,355.79998779296875,358.0,358690,322.0319223121064,0.0,1.0,yahoo,2023-12-13 16:24:29
2019-04-10,OIH,360.0,363.6000061035156,358.6000061035156,360.3999938964844,332380,324.190790044012,0.0,1.0,yahoo,2023-12-13 16:24:29
2019-04-11,OIH,359.0,363.7999877929688,355.6000061035156,359.3999938964844,411885,323.29125953476023,0.0,1.0,yahoo,2023-12-13 16:24:29
2019-04-12,OIH,363.7999877929688,366.7999877929688,358.6000061035156,359.20001220703125,375025,323.1113699038055,0.0,1.0,yahoo,2023-12-13 16:24:29
2019-04-15,OIH,358.20001220703125,361.0,354.3999938964844,358.0,280370,322.0319223121064,0.0,1.0,yahoo,2023-12-13 16:24:29
2019-04-16,OIH,360.6000061035156,367.6000061035156,359.0,366.0,302125,329.22816638611994,0.0,1.0,yahoo,2023-12-13 16:24:29
2019-04-17,OIH,367.7999877929688,370.2000122070313,363.6000061035156,365.0,345310,328.32863587686825,0.0,1.0,yahoo,2023-12-13 16:24:29
2019-04-18,OIH,367.2000122070313,370.6000061035156,359.20001220703125,360.20001220703125,418015,324.0109004130572,0.0,1.0,yahoo,2023-12-13 16:24:29
2019-04-22,OIH,365.3999938964844,371.0,361.2000122070313,370.0,475025,332.82628842312675,0.0,1.0,yahoo,2023-12-13 16:24:29
2019-04-23,OIH,370.0,373.6000061035156,367.3999938964844,371.2000122070313,353135,333.90573601482583,0.0,1.0,yahoo,2023-12-13 16:24:29
2019-04-24,OIH,370.0,370.0,356.0,356.20001220703125,403660,320.41277837605037,0.0,1.0,yahoo,2023-12-13 16:24:29
2019-04-25,OIH,356.6000061035156,357.0,347.0,347.3999938964844,438890,312.49689342373995,0.0,1.0,yahoo,2023-12-13 16:24:29
2019-04-26,OIH,344.6000061035156,348.20001220703125,339.20001220703125,346.0,580530,311.2375562010861,0.0,1.0,yahoo,2023-12-13 16:24:29
2019-04-29,OIH,346.20001220703125,348.20001220703125,343.79998779296875,344.20001220703125,226060,309.6184122650301,0.0,1.0,yahoo,2023-12-13 16:24:29
2019-04-30,OIH,346.6000061035156,346.6000061035156,333.0,333.3999938964844,637515,299.90346629421623,0.0,1.0,yahoo,2023-12-13 16:24:29
2019-05-01,OIH,332.79998779296875,336.0,322.6000061035156,322.79998779296875,593770,290.36843740584976,0.0,1.0,yahoo,2023-12-13 16:24:29
2019-05-02,OIH,320.20001220703125,322.6000061035156,314.79998779296875,320.6000061035156,506965,288.3894867563916,0.0,1.0,yahoo,2023-12-13 16:24:29
2019-05-03,OIH,323.6000061035156,329.0,323.6000061035156,326.79998779296875,259010,293.9665594428565,0.0,1.0,yahoo,2023-12-13 16:24:29
2019-05-06,OIH,320.6000061035156,328.20001220703125,320.20001220703125,326.20001220703125,353985,293.42686309849955,0.0,1.0,yahoo,2023-12-13 16:24:29
2019-05-07,OIH,322.3999938964844,322.3999938964844,314.6000061035156,318.0,326620,286.05070194203864,0.0,1.0,yahoo,2023-12-13 16:24:29
2019-05-08,OIH,318.3999938964844,321.0,315.0,316.20001220703125,298715,284.43155800598265,0.0,1.0,yahoo,2023-12-13 16:24:29
2019-05-09,OIH,313.20001220703125,315.79998779296875,308.20001220703125,314.3999938964844,326430,282.81238661843406,0.0,1.0,yahoo,2023-12-13 16:24:29
2019-05-10,OIH,314.0,314.0,304.79998779296875,309.79998779296875,373280,278.67454078557773,0.0,1.0,yahoo,2023-12-13 16:24:29
2019-05-13,OIH,306.20001220703125,306.20001220703125,294.0,296.79998779296875,615005,266.9806441653057,0.0,1.0,yahoo,2023-12-13 16:24:29
2019-05-14,OIH,300.6000061035156,309.3999938964844,300.0,306.79998779296875,338110,275.97594925782266,0.0,1.0,yahoo,2023-12-13 16:24:29
2019-05-15,OIH,302.79998779296875,310.3999938964844,301.0,309.3999938964844,284095,278.31473407217555,0.0,1.0,yahoo,2023-12-13 16:24:29
2019-05-16,OIH,311.20001220703125,314.20001220703125,310.0,311.79998779296875,280715,280.4736018040811,0.0,1.0,yahoo,2023-12-13 16:24:29
2019-05-17,OIH,309.0,310.79998779296875,301.79998779296875,301.79998779296875,225310,271.47829671156416,0.0,1.0,yahoo,2023-12-13 16:24:29
2019-05-20,OIH,301.20001220703125,303.0,299.3999938964844,301.3999938964844,223525,271.11848999816203,0.0,1.0,yahoo,2023-12-13 16:24:29
2019-05-21,OIH,302.6000061035156,307.79998779296875,301.3999938964844,305.3999938964844,269360,274.7166120351688,0.0,1.0,yahoo,2023-12-13 16:24:29
2019-05-22,OIH,302.20001220703125,303.0,292.3999938964844,294.79998779296875,402135,265.1815831468023,0.0,1.0,yahoo,2023-12-13 16:24:29
2019-05-23,OIH,288.0,288.0,277.20001220703125,280.20001220703125,854705,252.04845967292167,0.0,1.0,yahoo,2023-12-13 16:24:29
2019-05-24,OIH,284.3999938964844,285.3999938964844,275.6000061035156,276.20001220703125,356050,248.45033763591488,0.0,1.0,yahoo,2023-12-13 16:24:29
2019-05-28,OIH,277.3999938964844,277.3999938964844,272.3999938964844,274.3999938964844,340735,246.8311662483663,0.0,1.0,yahoo,2023-12-13 16:24:29
2019-05-29,OIH,270.0,275.20001220703125,267.3999938964844,274.0,487465,246.4713595349641,0.0,1.0,yahoo,2023-12-13 16:24:29
2019-05-30,OIH,274.6000061035156,277.3999938964844,267.3999938964844,268.79998779296875,534180,241.79378990625827,0.0,1.0,yahoo,2023-12-13 16:24:29
2019-05-31,OIH,263.0,265.20001220703125,260.20001220703125,261.6000061035156,456695,235.31718671054162,0.0,1.0,yahoo,2023-12-13 16:24:29
2019-06-03,OIH,264.3999938964844,270.3999938964844,262.6000061035156,268.0,473665,241.07417647945397,0.0,1.0,yahoo,2023-12-13 16:24:29
2019-06-04,OIH,271.6000061035156,275.3999938964844,269.79998779296875,272.79998779296875,292335,245.39191194326506,0.0,1.0,yahoo,2023-12-13 16:24:29
2019-06-05,OIH,273.0,274.20001220703125,262.20001220703125,266.20001220703125,357380,239.45503254339795,0.0,1.0,yahoo,2023-12-13 16:24:29
2019-06-06,OIH,267.0,271.20001220703125,264.0,268.6000061035156,400375,241.61390027530348,0.0,1.0,yahoo,2023-12-13 16:24:29
2019-06-07,OIH,270.20001220703125,274.3999938964844,266.0,271.3999938964844,460540,244.1325747206112,0.0,1.0,yahoo,2023-12-13 16:24:29
2019-06-10,OIH,273.20001220703125,278.0,271.20001220703125,271.79998779296875,341055,244.49238143401337,0.0,1.0,yahoo,2023-12-13 16:24:29
2019-06-11,OIH,275.20001220703125,278.6000061035156,273.0,275.20001220703125,437190,247.5508071266632,0.0,1.0,yahoo,2023-12-13 16:24:29
2019-06-12,OIH,271.79998779296875,272.6000061035156,262.20001220703125,262.20001220703125,540910,235.85691050639116,0.0,1.0,yahoo,2023-12-13 16:24:29
2019-06-13,OIH,270.20001220703125,272.0,265.3999938964844,272.0,644645,244.67229851646073,0.0,1.0,yahoo,2023-12-13 16:24:29
2019-06-14,OIH,271.20001220703125,271.20001220703125,262.20001220703125,263.3999938964844,499650,236.93633064659764,0.0,1.0,yahoo,2023-12-13 16:24:29
2019-06-17,OIH,263.3999938964844,272.0,262.0,270.0,522430,242.87323749795735,0.0,1.0,yahoo,2023-12-13 16:24:29
2019-06-18,OIH,272.3999938964844,278.6000061035156,271.20001220703125,276.0,691170,248.27042055346752,0.0,1.0,yahoo,2023-12-13 16:24:29
2019-06-19,OIH,276.20001220703125,278.6000061035156,272.6000061035156,276.3999938964844,527875,248.63022726686967,0.0,1.0,yahoo,2023-12-13 16:24:29
2019-06-20,OIH,283.20001220703125,289.6000061035156,283.20001220703125,287.79998779296875,742625,258.88486958204044,0.0,1.0,yahoo,2023-12-13 16:24:29
2019-06-21,OIH,288.6000061035156,293.20001220703125,286.3999938964844,289.20001220703125,377145,260.1442342561869,0.0,1.0,yahoo,2023-12-13 16:24:29
2019-06-24,OIH,290.0,291.20001220703125,284.0,284.6000061035156,354580,256.0063884233306,0.0,1.0,yahoo,2023-12-13 16:24:29
2019-06-25,OIH,284.0,287.20001220703125,280.20001220703125,284.79998779296875,368815,256.18627805428537,0.0,1.0,yahoo,2023-12-13 16:24:29
2019-06-26,OIH,288.79998779296875,296.3999938964844,287.6000061035156,291.79998779296875,472230,262.48299161904725,0.0,1.0,yahoo,2023-12-13 16:24:29
2019-06-27,OIH,292.0,294.0,289.20001220703125,290.3999938964844,366645,261.2236543963934,0.0,1.0,yahoo,2023-12-13 16:24:29
2019-06-28,OIH,291.3999938964844,296.79998779296875,290.6000061035156,296.3999938964844,487950,266.6208374519035,0.0,1.0,yahoo,2023-12-13 16:24:29
2019-07-01,OIH,303.0,305.3999938964844,297.3999938964844,298.3999938964844,717895,268.4198984704069,0.0,1.0,yahoo,2023-12-13 16:24:29
2019-07-02,OIH,296.3999938964844,297.0,287.0,288.79998779296875,559210,259.7844000912921,0.0,1.0,yahoo,2023-12-13 16:24:29
2019-07-03,OIH,290.20001220703125,290.6000061035156,286.20001220703125,289.6000061035156,195575,260.5040409695891,0.0,1.0,yahoo,2023-12-13 16:24:29
2019-07-05,OIH,287.79998779296875,292.3999938964844,286.79998779296875,292.3999938964844,287145,263.02271541489677,0.0,1.0,yahoo,2023-12-13 16:24:29
2019-07-08,OIH,291.6000061035156,297.20001220703125,289.3999938964844,292.79998779296875,346415,263.38252212829894,0.0,1.0,yahoo,2023-12-13 16:24:29
2019-07-09,OIH,291.6000061035156,292.3999938964844,287.79998779296875,291.6000061035156,292085,262.30310198809246,0.0,1.0,yahoo,2023-12-13 16:24:29
2019-07-10,OIH,295.79998779296875,302.0,294.6000061035156,301.79998779296875,657945,271.47829671156416,0.0,1.0,yahoo,2023-12-13 16:24:29
2019-07-11,OIH,302.20001220703125,302.3999938964844,296.79998779296875,300.0,357960,269.85915277550816,0.0,1.0,yahoo,2023-12-13 16:24:29
2019-07-12,OIH,300.6000061035156,303.20001220703125,298.6000061035156,299.6000061035156,238725,269.499346062106,0.0,1.0,yahoo,2023-12-13 16:24:29
2019-07-15,OIH,300.20001220703125,301.0,292.6000061035156,292.79998779296875,430710,263.38252212829894,0.0,1.0,yahoo,2023-12-13 16:24:29
2019-07-16,OIH,292.6000061035156,296.79998779296875,287.6000061035156,288.0,358670,259.0647866644878,0.0,1.0,yahoo,2023-12-13 16:24:29
2019-07-17,OIH,288.6000061035156,289.20001220703125,279.20001220703125,279.20001220703125,475880,251.14892916366998,0.0,1.0,yahoo,2023-12-13 16:24:29
2019-07-18,OIH,279.20001220703125,279.20001220703125,273.20001220703125,277.6000061035156,486850,249.70967485856875,0.0,1.0,yahoo,2023-12-13 16:24:29
2019-07-19,OIH,278.6000061035156,281.20001220703125,273.79998779296875,281.20001220703125,576015,252.94799018217336,0.0,1.0,yahoo,2023-12-13 16:24:29
2019-07-22,OIH,282.6000061035156,290.6000061035156,282.6000061035156,287.79998779296875,524905,258.88486958204044,0.0,1.0,yahoo,2023-12-13 16:24:29
2019-07-23,OIH,289.20001220703125,293.0,287.20001220703125,291.6000061035156,370825,262.30310198809246,0.0,1.0,yahoo,2023-12-13 16:24:29
2019-07-24,OIH,291.3999938964844,297.20001220703125,290.79998779296875,293.0,375940,263.5624392107463,0.0,1.0,yahoo,2023-12-13 16:24:29
2019-07-25,OIH,294.3999938964844,294.79998779296875,281.6000061035156,283.6000061035156,373230,255.1068579140789,0.0,1.0,yahoo,2023-12-13 16:24:29
2019-07-26,OIH,283.6000061035156,285.79998779296875,280.6000061035156,283.6000061035156,347730,255.1068579140789,0.0,1.0,yahoo,2023-12-13 16:24:29
2019-07-29,OIH,283.0,283.3999938964844,272.3999938964844,274.6000061035156,482680,247.01108333081365,0.0,1.0,yahoo,2023-12-13 16:24:29
2019-07-30,OIH,269.0,286.0,265.6000061035156,286.0,599165,257.26572564598445,0.0,1.0,yahoo,2023-12-13 16:24:29
2019-07-31,OIH,285.20001220703125,295.20001220703125,284.79998779296875,288.3999938964844,532815,259.42459337789,0.0,1.0,yahoo,2023-12-13 16:24:29
2019-08-01,OIH,284.20001220703125,284.20001220703125,267.3999938964844,271.0,856280,243.77276800720904,0.0,1.0,yahoo,2023-12-13 16:24:29
2019-08-02,OIH,272.20001220703125,272.20001220703125,257.6000061035156,259.6000061035156,616925,233.51812569203824,0.0,1.0,yahoo,2023-12-13 16:24:29
2019-08-05,OIH,251.0,253.8000030517578,247.1999969482422,251.0,575105,225.78215782217515,0.0,1.0,yahoo,2023-12-13 16:24:29
2019-08-06,OIH,252.8000030517578,255.3999938964844,241.0,247.1999969482422,548015,222.36393914186945,0.0,1.0,yahoo,2023-12-13 16:24:29
2019-08-07,OIH,241.1999969482422,245.0,235.3999938964844,242.8000030517578,766965,218.40601039146054,0.0,1.0,yahoo,2023-12-13 16:24:29
2019-08-08,OIH,245.3999938964844,246.0,239.8000030517578,245.6000061035156,530015,220.9246985625145,0.0,1.0,yahoo,2023-12-13 16:24:29
2019-08-09,OIH,246.0,246.0,236.1999969482422,238.1999969482422,494560,214.2681645586042,0.0,1.0,yahoo,2023-12-13 16:24:29
2019-08-12,OIH,237.8000030517578,237.8000030517578,232.3999938964844,235.3999938964844,354735,211.74947638755023,0.0,1.0,yahoo,2023-12-13 16:24:29
2019-08-13,OIH,234.1999969482422,245.3999938964844,232.6000061035156,236.6000061035156,552565,212.82892397924925,0.0,1.0,yahoo,2023-12-13 16:24:29
2019-08-14,OIH,231.1999969482422,231.1999969482422,220.8000030517578,222.0,594295,199.69577305387602,0.0,1.0,yahoo,2023-12-13 16:24:29
2019-08-15,OIH,221.1999969482422,222.0,215.1999969482422,217.8000030517578,513825,195.91774766016817,0.0,1.0,yahoo,2023-12-13 16:24:29
2019-08-16,OIH,218.8000030517578,226.6000061035156,218.3999938964844,226.6000061035156,385220,203.83361888673232,0.0,1.0,yahoo,2023-12-13 16:24:29
2019-08-19,OIH,231.0,236.3999938964844,231.0,235.6000061035156,475740,211.92939346999756,0.0,1.0,yahoo,2023-12-13 16:24:29
2019-08-20,OIH,233.3999938964844,234.1999969482422,228.6000061035156,231.8000030517578,295560,208.5111747896919,0.0,1.0,yahoo,2023-12-13 16:24:29
2019-08-21,OIH,235.6000061035156,237.1999969482422,231.3999938964844,231.8000030517578,302695,208.5111747896919,0.0,1.0,yahoo,2023-12-13 16:24:29
2019-08-22,OIH,233.0,237.0,230.1999969482422,230.1999969482422,344425,207.07192048459066,0.0,1.0,yahoo,2023-12-13 16:24:29
2019-08-23,OIH,226.0,230.0,218.6000061035156,219.1999969482422,469565,197.17708488282204,0.0,1.0,yahoo,2023-12-13 16:24:29
2019-08-26,OIH,223.0,224.8000030517578,219.1999969482422,220.1999969482422,363065,198.07661539207373,0.0,1.0,yahoo,2023-12-13 16:24:29
2019-08-27,OIH,223.0,223.8000030517578,217.6000061035156,218.8000030517578,309505,196.81727816941986,0.0,1.0,yahoo,2023-12-13 16:24:29
2019-08-28,OIH,220.1999969482422,227.8000030517578,217.0,224.6000061035156,411445,202.03455786822894,0.0,1.0,yahoo,2023-12-13 16:24:29
2019-08-29,OIH,227.0,232.8000030517578,226.3999938964844,230.3999938964844,343285,207.25182384129178,0.0,1.0,yahoo,2023-12-13 16:24:29
2019-08-30,OIH,231.8000030517578,235.0,227.1999969482422,229.3999938964844,358680,206.3522933320401,0.0,1.0,yahoo,2023-12-13 16:24:29
2019-09-03,OIH,224.1999969482422,227.6000061035156,221.0,226.8000030517578,408065,204.0135222434334,0.0,1.0,yahoo,2023-12-13 16:24:29
2019-09-04,OIH,231.3999938964844,235.3999938964844,229.0,233.6000061035156,447510,210.13033245149418,0.0,1.0,yahoo,2023-12-13 16:24:29
2019-09-05,OIH,236.3999938964844,245.8000030517578,235.3999938964844,243.3999938964844,561440,218.94572046156378,0.0,1.0,yahoo,2023-12-13 16:24:29
2019-09-06,OIH,242.1999969482422,246.3999938964844,236.3999938964844,243.8000030517578,393525,219.30554090071223,0.0,1.0,yahoo,2023-12-13 16:24:29
2019-09-09,OIH,247.0,259.20001220703125,245.6000061035156,259.20001220703125,566680,233.1583189786361,0.0,1.0,yahoo,2023-12-13 16:24:29
2019-09-10,OIH,261.79998779296875,269.0,260.6000061035156,262.6000061035156,917575,236.21671721979334,0.0,1.0,yahoo,2023-12-13 16:24:29
2019-09-11,OIH,263.3999938964844,268.6000061035156,258.6000061035156,263.0,930460,236.5765239331955,0.0,1.0,yahoo,2023-12-13 16:24:29
2019-09-12,OIH,256.6000061035156,259.79998779296875,249.6000061035156,259.0,911370,232.9784018961887,0.0,1.0,yahoo,2023-12-13 16:24:29
2019-09-13,OIH,261.79998779296875,265.79998779296875,257.0,260.79998779296875,342110,234.59754583224472,0.0,1.0,yahoo,2023-12-13 16:24:29
2019-09-16,OIH,278.79998779296875,285.6000061035156,275.79998779296875,283.20001220703125,1499980,254.74705120067674,0.0,1.0,yahoo,2023-12-13 16:24:29
2019-09-17,OIH,280.20001220703125,281.0,266.3999938964844,268.6000061035156,1033285,241.61390027530348,0.0,1.0,yahoo,2023-12-13 16:24:29
2019-09-18,OIH,265.79998779296875,268.79998779296875,256.79998779296875,260.6000061035156,512270,234.41765620128993,0.0,1.0,yahoo,2023-12-13 16:24:29
2019-09-19,OIH,263.6000061035156,264.6000061035156,256.79998779296875,257.79998779296875,385270,231.89895430448965,0.0,1.0,yahoo,2023-12-13 16:24:29
2019-09-20,OIH,258.6000061035156,261.20001220703125,254.6000061035156,256.3999938964844,554170,230.63961708183578,0.0,1.0,yahoo,2023-12-13 16:24:29
2019-09-23,OIH,254.0,259.3999938964844,253.0,258.3999938964844,322835,232.4386781003392,0.0,1.0,yahoo,2023-12-13 16:24:29
2019-09-24,OIH,256.79998779296875,256.79998779296875,243.6000061035156,245.1999969482422,559560,220.56487812336607,0.0,1.0,yahoo,2023-12-13 16:24:29
2019-09-25,OIH,240.1999969482422,246.1999969482422,240.0,245.1999969482422,375420,220.56487812336607,0.0,1.0,yahoo,2023-12-13 16:24:29
2019-09-26,OIH,243.1999969482422,243.1999969482422,237.6000061035156,239.8000030517578,472865,215.70741886370544,0.0,1.0,yahoo,2023-12-13 16:24:29
2019-09-27,OIH,236.6000061035156,242.1999969482422,235.0,237.0,489100,213.18873069265143,0.0,1.0,yahoo,2023-12-13 16:24:29
2019-09-30,OIH,236.0,236.6000061035156,232.6000061035156,235.0,332675,211.38966967414805,0.0,1.0,yahoo,2023-12-13 16:24:29
2019-10-01,OIH,237.3999938964844,238.6000061035156,225.3999938964844,226.0,560845,203.2938950908828,0.0,1.0,yahoo,2023-12-13 16:24:29
2019-10-02,OIH,224.3999938964844,228.0,220.6000061035156,221.6000061035156,547845,199.33596634047385,0.0,1.0,yahoo,2023-12-13 16:24:29
2019-10-03,OIH,220.0,225.3999938964844,217.8000030517578,225.3999938964844,608035,202.7541712950333,0.0,1.0,yahoo,2023-12-13 16:24:29
2019-10-04,OIH,226.1999969482422,227.3999938964844,221.1999969482422,223.1999969482422,331335,200.7752069198288,0.0,1.0,yahoo,2023-12-13 16:24:29
2019-10-07,OIH,224.1999969482422,227.8000030517578,220.8000030517578,221.0,445060,198.79624254462433,0.0,1.0,yahoo,2023-12-13 16:24:29
2019-10-08,OIH,218.1999969482422,220.8000030517578,216.3999938964844,216.3999938964844,397145,194.65839671176806,0.0,1.0,yahoo,2023-12-13 16:24:29
2019-10-09,OIH,219.6000061035156,219.8000030517578,215.1999969482422,216.8000030517578,346895,195.01821715091648,0.0,1.0,yahoo,2023-12-13 16:24:29
2019-10-10,OIH,219.0,221.3999938964844,218.0,220.6000061035156,408865,198.43643583122216,0.0,1.0,yahoo,2023-12-13 16:24:29
2019-10-11,OIH,222.8000030517578,232.6000061035156,222.8000030517578,230.3999938964844,689865,207.25182384129178,0.0,1.0,yahoo,2023-12-13 16:24:29
2019-10-14,OIH,225.8000030517578,229.6000061035156,221.6000061035156,228.3999938964844,325995,205.45276282278837,0.0,1.0,yahoo,2023-12-13 16:24:29
2019-10-15,OIH,228.8000030517578,234.1999969482422,227.0,229.3999938964844,546115,206.3522933320401,0.0,1.0,yahoo,2023-12-13 16:24:29
2019-10-16,OIH,228.8000030517578,232.6000061035156,226.3999938964844,226.6000061035156,480820,203.83361888673232,0.0,1.0,yahoo,2023-12-13 16:24:29
2019-10-17,OIH,228.0,229.0,224.0,224.8000030517578,382685,202.21446122493003,0.0,1.0,yahoo,2023-12-13 16:24:29
2019-10-18,OIH,225.8000030517578,230.1999969482422,222.0,222.0,347305,199.69577305387602,0.0,1.0,yahoo,2023-12-13 16:24:29
2019-10-21,OIH,221.6000061035156,231.6000061035156,221.6000061035156,230.1999969482422,525365,207.07192048459066,0.0,1.0,yahoo,2023-12-13 16:24:29
2019-10-22,OIH,231.8000030517578,238.1999969482422,228.3999938964844,235.6000061035156,539845,211.92939346999756,0.0,1.0,yahoo,2023-12-13 16:24:29
2019-10-23,OIH,232.8000030517578,240.3999938964844,229.6000061035156,238.0,520260,214.08826120190315,0.0,1.0,yahoo,2023-12-13 16:24:29
2019-10-24,OIH,238.0,238.0,229.1999969482422,232.8000030517578,471820,209.41070529894358,0.0,1.0,yahoo,2023-12-13 16:24:29
2019-10-25,OIH,232.1999969482422,236.1999969482422,230.6000061035156,235.3999938964844,505105,211.74947638755023,0.0,1.0,yahoo,2023-12-13 16:24:29
2019-10-28,OIH,236.8000030517578,239.1999969482422,232.8000030517578,233.8000030517578,536215,210.31023580819527,0.0,1.0,yahoo,2023-12-13 16:24:29
2019-10-29,OIH,230.3999938964844,239.6000061035156,229.6000061035156,236.8000030517578,630770,213.00882733595037,0.0,1.0,yahoo,2023-12-13 16:24:29
2019-10-30,OIH,238.1999969482422,238.1999969482422,225.0,226.1999969482422,617025,203.4737984475839,0.0,1.0,yahoo,2023-12-13 16:24:29
2019-10-31,OIH,225.3999938964844,226.1999969482422,220.3999938964844,222.6000061035156,635010,200.23549684972554,0.0,1.0,yahoo,2023-12-13 16:24:29
2019-11-01,OIH,225.8000030517578,234.6000061035156,224.8000030517578,234.1999969482422,595100,210.67004252159745,0.0,1.0,yahoo,2023-12-13 16:24:29
2019-11-04,OIH,238.1999969482422,246.6000061035156,238.1999969482422,246.0,775595,221.2845052759167,0.0,1.0,yahoo,2023-12-13 16:24:29
2019-11-05,OIH,246.3999938964844,248.8000030517578,243.0,244.0,650330,219.4854442574133,0.0,1.0,yahoo,2023-12-13 16:24:29
2019-11-06,OIH,243.0,245.1999969482422,235.3999938964844,237.0,594455,213.18873069265143,0.0,1.0,yahoo,2023-12-13 16:24:29
2019-11-07,OIH,241.8000030517578,246.6000061035156,239.0,240.3999938964844,498875,216.2471289338087,0.0,1.0,yahoo,2023-12-13 16:24:29
2019-11-08,OIH,237.8000030517578,242.0,234.3999938964844,242.0,367475,217.6863832389099,0.0,1.0,yahoo,2023-12-13 16:24:29
2019-11-11,OIH,238.1999969482422,241.6000061035156,235.3999938964844,240.3999938964844,429785,216.2471289338087,0.0,1.0,yahoo,2023-12-13 16:24:29
2019-11-12,OIH,241.6000061035156,244.0,235.8000030517578,237.1999969482422,398160,213.36863404935252,0.0,1.0,yahoo,2023-12-13 16:24:29
2019-11-13,OIH,235.8000030517578,236.0,230.3999938964844,231.0,425355,207.7915476371413,0.0,1.0,yahoo,2023-12-13 16:24:29
2019-11-14,OIH,232.3999938964844,234.3999938964844,228.8000030517578,229.1999969482422,390075,206.17238997533897,0.0,1.0,yahoo,2023-12-13 16:24:29
2019-11-15,OIH,231.0,235.1999969482422,230.6000061035156,234.0,291685,210.49013916489636,0.0,1.0,yahoo,2023-12-13 16:24:29
2019-11-18,OIH,231.6000061035156,232.1999969482422,226.0,228.0,300280,205.0929561093862,0.0,1.0,yahoo,2023-12-13 16:24:29
2019-11-19,OIH,226.6000061035156,227.6000061035156,222.8000030517578,225.0,307825,202.39436458163112,0.0,1.0,yahoo,2023-12-13 16:24:29
2019-11-20,OIH,224.8000030517578,232.6000061035156,222.8000030517578,228.6000061035156,585195,205.6326799052357,0.0,1.0,yahoo,2023-12-13 16:24:29
2019-11-21,OIH,230.3999938964844,233.3999938964844,227.3999938964844,233.1999969482422,359675,209.77051201234576,0.0,1.0,yahoo,2023-12-13 16:24:29
2019-11-22,OIH,233.0,236.1999969482422,231.6000061035156,234.1999969482422,395330,210.67004252159745,0.0,1.0,yahoo,2023-12-13 16:24:29
2019-11-25,OIH,233.1999969482422,240.0,231.3999938964844,240.0,507175,215.88732222040653,0.0,1.0,yahoo,2023-12-13 16:24:29
2019-11-26,OIH,239.6000061035156,239.6000061035156,232.8000030517578,233.3999938964844,380435,209.95041536904685,0.0,1.0,yahoo,2023-12-13 16:24:29
2019-11-27,OIH,234.6000061035156,239.0,233.8000030517578,238.3999938964844,346825,214.44806791530533,0.0,1.0,yahoo,2023-12-13 16:24:29
2019-11-29,OIH,236.1999969482422,236.1999969482422,231.8000030517578,233.8000030517578,216225,210.31023580819527,0.0,1.0,yahoo,2023-12-13 16:24:29
2019-12-02,OIH,236.0,238.6000061035156,233.1999969482422,234.8000030517578,411790,211.209766317447,0.0,1.0,yahoo,2023-12-13 16:24:29
2019-12-03,OIH,232.0,232.3999938964844,227.0,228.8000030517578,522855,205.81258326193682,0.0,1.0,yahoo,2023-12-13 16:24:29
2019-12-04,OIH,232.0,241.6000061035156,231.8000030517578,238.8000030517578,589615,214.80788835445375,0.0,1.0,yahoo,2023-12-13 16:24:29
2019-12-05,OIH,239.8000030517578,241.3999938964844,235.6000061035156,236.8000030517578,430445,213.00882733595037,0.0,1.0,yahoo,2023-12-13 16:24:29
2019-12-06,OIH,238.1999969482422,247.0,237.8000030517578,246.8000030517578,666340,222.0041324284673,0.0,1.0,yahoo,2023-12-13 16:24:29
2019-12-09,OIH,245.8000030517578,249.1999969482422,244.3999938964844,247.0,407635,222.1840357851684,0.0,1.0,yahoo,2023-12-13 16:24:29
2019-12-10,OIH,247.1999969482422,250.8000030517578,245.6000061035156,247.6000061035156,413145,222.7237595810179,0.0,1.0,yahoo,2023-12-13 16:24:29
2019-12-11,OIH,247.6000061035156,252.0,247.3999938964844,252.0,474205,226.68168833142684,0.0,1.0,yahoo,2023-12-13 16:24:29
2019-12-12,OIH,253.3999938964844,261.3999938964844,252.3999938964844,260.0,871875,233.87793240544042,0.0,1.0,yahoo,2023-12-13 16:24:29
2019-12-13,OIH,261.0,262.79998779296875,256.79998779296875,257.6000061035156,615050,231.71906467353486,0.0,1.0,yahoo,2023-12-13 16:24:29
2019-12-16,OIH,260.79998779296875,265.0,260.20001220703125,260.6000061035156,403015,234.41765620128993,0.0,1.0,yahoo,2023-12-13 16:24:29
2019-12-17,OIH,262.20001220703125,264.20001220703125,261.20001220703125,262.6000061035156,532900,236.21671721979334,0.0,1.0,yahoo,2023-12-13 16:24:29
2019-12-18,OIH,262.0,266.3999938964844,260.3999938964844,265.0,440530,238.37558495169887,0.0,1.0,yahoo,2023-12-13 16:24:29
2019-12-19,OIH,265.0,268.6000061035156,265.0,267.6000061035156,714290,240.7143697660518,0.0,1.0,yahoo,2023-12-13 16:24:29
2019-12-20,OIH,268.79998779296875,269.3999938964844,264.3999938964844,265.6000061035156,659165,238.9153087475484,0.0,1.0,yahoo,2023-12-13 16:24:29
2019-12-23,OIH,261.20001220703125,269.6000061035156,260.20001220703125,269.20001220703125,471740,247.57873015700216,5.82,1.0,yahoo,2023-12-13 16:24:29
2019-12-24,OIH,268.3999938964844,272.6000061035156,268.20001220703125,268.79998779296875,200260,247.21083442158434,0.0,1.0,yahoo,2023-12-13 16:24:29
2019-12-26,OIH,269.79998779296875,271.79998779296875,267.3999938964844,268.6000061035156,255445,247.0269146203795,0.0,1.0,yahoo,2023-12-13 16:24:29
2019-12-27,OIH,268.3999938964844,269.6000061035156,265.20001220703125,266.0,386255,244.63573267268404,0.0,1.0,yahoo,2023-12-13 16:24:29
2019-12-30,OIH,268.20001220703125,274.0,268.0,268.6000061035156,449205,247.0269146203795,0.0,1.0,yahoo,2023-12-13 16:24:29
2019-12-31,OIH,264.3999938964844,266.3999938964844,261.6000061035156,265.0,512455,243.71604946714763,0.0,1.0,yahoo,2023-12-13 16:24:29
2020-01-02,OIH,267.6000061035156,268.20001220703125,262.6000061035156,266.3999938964844,427270,245.00360034159777,0.0,1.0,yahoo,2023-12-13 16:24:29
2020-01-03,OIH,272.6000061035156,273.3999938964844,266.79998779296875,270.20001220703125,535265,248.49841336253857,0.0,1.0,yahoo,2023-12-13 16:24:29
2020-01-06,OIH,272.79998779296875,275.6000061035156,269.3999938964844,275.20001220703125,601905,253.0968293902206,0.0,1.0,yahoo,2023-12-13 16:24:29
2020-01-07,OIH,274.20001220703125,274.20001220703125,264.3999938964844,269.20001220703125,598975,247.57873015700216,0.0,1.0,yahoo,2023-12-13 16:24:29
2020-01-08,OIH,268.20001220703125,268.20001220703125,258.79998779296875,260.3999938964844,771050,239.48550110837934,0.0,1.0,yahoo,2023-12-13 16:24:29
2020-01-09,OIH,260.3999938964844,264.0,255.8000030517578,262.79998779296875,474005,241.6927351883659,0.0,1.0,yahoo,2023-12-13 16:24:29
2020-01-10,OIH,261.0,262.3999938964844,258.79998779296875,261.0,375645,240.037316645002,0.0,1.0,yahoo,2023-12-13 16:24:29
2020-01-13,OIH,259.3999938964844,260.20001220703125,255.6000061035156,258.6000061035156,407255,237.83008256501543,0.0,1.0,yahoo,2023-12-13 16:24:29
2020-01-14,OIH,257.0,259.3999938964844,253.8000030517578,259.20001220703125,432775,238.38189810163811,0.0,1.0,yahoo,2023-12-13 16:24:29
2020-01-15,OIH,256.6000061035156,257.79998779296875,252.6000061035156,253.6000061035156,561775,233.23166653733338,0.0,1.0,yahoo,2023-12-13 16:24:29
2020-01-16,OIH,254.6000061035156,258.3999938964844,254.6000061035156,256.0,398775,235.43890061731997,0.0,1.0,yahoo,2023-12-13 16:24:29
2020-01-17,OIH,258.6000061035156,259.3999938964844,252.8000030517578,253.3999938964844,508395,233.04771866962452,0.0,1.0,yahoo,2023-12-13 16:24:29
2020-01-21,OIH,251.6000061035156,251.6000061035156,245.1999969482422,245.6000061035156,498055,225.87420089304214,0.0,1.0,yahoo,2023-12-13 16:24:29
2020-01-22,OIH,245.3999938964844,245.3999938964844,241.1999969482422,242.6000061035156,491220,223.11515127643293,0.0,1.0,yahoo,2023-12-13 16:24:29
2020-01-23,OIH,239.8000030517578,241.0,235.0,239.1999969482422,504925,219.98821995765795,0.0,1.0,yahoo,2023-12-13 16:24:29
2020-01-24,OIH,237.8000030517578,238.0,229.8000030517578,232.8000030517578,680885,214.10225305552575,0.0,1.0,yahoo,2023-12-13 16:24:29
2020-01-27,OIH,224.1999969482422,227.1999969482422,221.3999938964844,221.3999938964844,747105,203.61785609245953,0.0,1.0,yahoo,2023-12-13 16:24:29
2020-01-28,OIH,223.1999969482422,225.1999969482422,220.3999938964844,224.0,541475,206.00903804015496,0.0,1.0,yahoo,2023-12-13 16:24:29
2020-01-29,OIH,225.8000030517578,228.6000061035156,221.0,221.1999969482422,400480,203.43392225800264,0.0,1.0,yahoo,2023-12-13 16:24:29
2020-01-30,OIH,219.1999969482422,223.3999938964844,216.6000061035156,223.0,432095,205.08935483461858,0.0,1.0,yahoo,2023-12-13 16:24:29
2020-01-31,OIH,219.3999938964844,219.8000030517578,215.1999969482422,218.0,791275,200.49093880693653,0.0,1.0,yahoo,2023-12-13 16:24:29
2020-02-03,OIH,219.1999969482422,220.1999969482422,216.3999938964844,217.3999938964844,656095,199.9391232703139,0.0,1.0,yahoo,2023-12-13 16:24:29
2020-02-04,OIH,222.8000030517578,226.3999938964844,220.8000030517578,221.6000061035156,730330,203.8018039601684,0.0,1.0,yahoo,2023-12-13 16:24:29
2020-02-05,OIH,226.3999938964844,233.1999969482422,226.1999969482422,230.8000030517578,650190,212.26288664445295,0.0,1.0,yahoo,2023-12-13 16:24:29
2020-02-06,OIH,230.6000061035156,231.0,224.3999938964844,225.0,496940,206.92872124569138,0.0,1.0,yahoo,2023-12-13 16:24:29
2020-02-07,OIH,222.8000030517578,225.8000030517578,221.0,222.8000030517578,547560,204.9054210001617,0.0,1.0,yahoo,2023-12-13 16:24:29
2020-02-10,OIH,221.8000030517578,221.8000030517578,218.3999938964844,219.3999938964844,462830,201.77848968138673,0.0,1.0,yahoo,2023-12-13 16:24:29
2020-02-11,OIH,223.8000030517578,225.8000030517578,221.3999938964844,223.3999938964844,508985,205.45722250353234,0.0,1.0,yahoo,2023-12-13 16:24:29
2020-02-12,OIH,228.6000061035156,231.3999938964844,224.3999938964844,228.1999969482422,501550,209.87170469675746,0.0,1.0,yahoo,2023-12-13 16:24:29
2020-02-13,OIH,227.1999969482422,228.6000061035156,223.1999969482422,225.1999969482422,392950,207.11265508014824,0.0,1.0,yahoo,2023-12-13 16:24:29
2020-02-14,OIH,227.3999938964844,227.3999938964844,221.6000061035156,225.0,606795,206.92872124569138,0.0,1.0,yahoo,2023-12-13 16:24:29
2020-02-18,OIH,222.0,222.6000061035156,216.1999969482422,220.6000061035156,657945,202.88212075463198,0.0,1.0,yahoo,2023-12-13 16:24:29
2020-02-19,OIH,222.8000030517578,224.3999938964844,220.8000030517578,224.1999969482422,419300,206.19297187461186,0.0,1.0,yahoo,2023-12-13 16:24:29
2020-02-20,OIH,225.8000030517578,228.1999969482422,223.3999938964844,224.0,384570,206.00903804015496,0.0,1.0,yahoo,2023-12-13 16:24:29
2020-02-21,OIH,220.1999969482422,220.1999969482422,213.8000030517578,216.1999969482422,460155,198.8355062303206,0.0,1.0,yahoo,2023-12-13 16:24:29
2020-02-24,OIH,206.6000061035156,206.6000061035156,200.3999938964844,200.3999938964844,784105,184.304508776195,0.0,1.0,yahoo,2023-12-13 16:24:29
2020-02-25,OIH,202.3999938964844,203.1999969482422,191.1999969482422,192.0,720350,176.57917546298998,0.0,1.0,yahoo,2023-12-13 16:24:29
2020-02-26,OIH,193.3999938964844,194.6000061035156,186.0,186.1999969482422,571225,171.2450100642284,0.0,1.0,yahoo,2023-12-13 16:24:29
2020-02-27,OIH,180.0,184.3999938964844,174.8000030517578,175.8000030517578,1175300,161.6803103399506,0.0,1.0,yahoo,2023-12-13 16:24:29
2020-02-28,OIH,170.60000610351562,179.8000030517578,169.0,179.60000610351562,1084255,165.17510932763935,0.0,1.0,yahoo,2023-12-13 16:24:29
2020-03-02,OIH,181.3999938964844,183.6000061035156,172.39999389648438,183.6000061035156,701150,168.85384214978495,0.0,1.0,yahoo,2023-12-13 16:24:29
2020-03-03,OIH,183.3999938964844,185.1999969482422,172.0,175.39999389648438,1311430,161.31242863778482,0.0,1.0,yahoo,2023-12-13 16:24:29
2020-03-04,OIH,180.0,180.1999969482422,170.60000610351562,174.60000610351562,564560,160.57669329995733,0.0,1.0,yahoo,2023-12-13 16:24:29
2020-03-05,OIH,171.0,171.0,162.60000610351562,165.1999969482422,679000,151.93166274796388,0.0,1.0,yahoo,2023-12-13 16:24:29
2020-03-06,OIH,161.60000610351562,161.60000610351562,145.8000030517578,147.0,1860905,135.1934312138517,0.0,1.0,yahoo,2023-12-13 16:24:29
2020-03-09,OIH,111.4000015258789,113.8000030517578,99.5999984741211,99.5999984741211,1296445,91.60044586810085,0.0,1.0,yahoo,2023-12-13 16:24:29
2020-03-10,OIH,109.5999984741211,110.1999969482422,96.1999969482422,104.0,1124830,95.64705337578624,0.0,1.0,yahoo,2023-12-13 16:24:29
2020-03-11,OIH,99.5999984741211,100.5999984741211,93.0,93.8000030517578,1090950,86.2662874859653,0.0,1.0,yahoo,2023-12-13 16:24:29
2020-03-12,OIH,84.80000305175781,87.5999984741211,80.0,80.0,964050,73.5746564429125,0.0,1.0,yahoo,2023-12-13 16:24:29
2020-03-13,OIH,88.4000015258789,89.4000015258789,78.5999984741211,89.19999694824219,646840,82.03573912719702,0.0,1.0,yahoo,2023-12-13 16:24:29
2020-03-16,OIH,76.4000015258789,85.80000305175781,74.0,78.0,702485,71.73529003183968,0.0,1.0,yahoo,2023-12-13 16:24:29
2020-03-17,OIH,79.4000015258789,80.19999694824219,74.5999984741211,78.4000015258789,440660,72.10316471737944,0.0,1.0,yahoo,2023-12-13 16:24:29
2020-03-18,OIH,73.80000305175781,76.4000015258789,66.0,67.80000305175781,937185,62.35452414201875,0.0,1.0,yahoo,2023-12-13 16:24:29
2020-03-19,OIH,70.0,76.19999694824219,68.0,76.19999694824219,710195,70.07985745522375,0.0,1.0,yahoo,2023-12-13 16:24:29
2020-03-20,OIH,77.4000015258789,80.4000015258789,73.80000305175781,76.4000015258789,1312190,70.26379830630664,0.0,1.0,yahoo,2023-12-13 16:24:29
2020-03-23,OIH,78.4000015258789,78.80000305175781,73.5999984741211,74.0,679670,68.05655720969405,0.0,1.0,yahoo,2023-12-13 16:24:29
2020-03-24,OIH,79.19999694824219,87.4000015258789,79.0,87.19999694824219,930455,80.1963727161242,0.0,1.0,yahoo,2023-12-13 16:24:29
2020-03-25,OIH,89.0,91.5999984741211,81.19999694824219,87.0,639180,80.01243888166734,0.0,1.0,yahoo,2023-12-13 16:24:29
2020-03-26,OIH,87.0,92.4000015258789,85.0,88.19999694824219,920040,81.11605592166062,0.0,1.0,yahoo,2023-12-13 16:24:29
2020-03-27,OIH,84.80000305175781,84.80000305175781,80.80000305175781,81.80000305175781,403550,75.23008901952844,0.0,1.0,yahoo,2023-12-13 16:24:29
2020-03-30,OIH,79.80000305175781,80.0,76.0,78.19999694824219,377420,71.91922386629655,0.0,1.0,yahoo,2023-12-13 16:24:29
2020-03-31,OIH,81.5999984741211,83.5999984741211,79.4000015258789,80.4000015258789,568845,73.94253112845226,0.0,1.0,yahoo,2023-12-13 16:24:29
2020-04-01,OIH,78.0,78.80000305175781,73.19999694824219,75.19999694824219,384845,69.16017424968733,0.0,1.0,yahoo,2023-12-13 16:24:29
2020-04-02,OIH,79.5999984741211,87.19999694824219,77.19999694824219,82.19999694824219,825735,75.59795668844218,0.0,1.0,yahoo,2023-12-13 16:24:29
2020-04-03,OIH,86.19999694824219,86.19999694824219,78.4000015258789,80.80000305175781,547755,74.31040581399202,0.0,1.0,yahoo,2023-12-13 16:24:29
2020-04-06,OIH,82.80000305175781,87.5999984741211,82.80000305175781,87.0,328100,80.01243888166734,0.0,1.0,yahoo,2023-12-13 16:24:29
2020-04-07,OIH,91.8000030517578,96.8000030517578,89.4000015258789,90.0,581115,82.77148849827655,0.0,1.0,yahoo,2023-12-13 16:24:29
2020-04-08,OIH,92.0,98.0,91.4000015258789,97.5999984741211,501175,89.76107945702803,0.0,1.0,yahoo,2023-12-13 16:24:29
2020-04-09,OIH,104.4000015258789,109.4000015258789,93.5999984741211,98.4000015258789,1158105,90.49682882810757,0.0,1.0,yahoo,2023-12-13 16:24:29
2020-04-13,OIH,103.4000015258789,103.8000030517578,96.5999984741211,97.8000030517578,389050,89.94502030811091,0.0,1.0,yahoo,2023-12-13 16:24:29
2020-04-14,OIH,99.1999969482422,100.8000030517578,94.8000030517578,96.4000015258789,351115,88.65746241703475,0.0,1.0,yahoo,2023-12-13 16:24:29
2020-04-15,OIH,91.47000122070312,91.47000122070312,86.2699966430664,89.41999816894531,951900,82.2380705550752,0.0,0.05,yahoo,2023-12-13 16:24:29
2020-04-16,OIH,89.48999786376953,90.01000213623047,82.77999877929688,83.20999908447266,719100,76.52683869068923,0.0,1.0,yahoo,2023-12-13 16:24:29
2020-04-17,OIH,85.83999633789062,90.38999938964844,85.2300033569336,90.04000091552734,1031900,82.80827666849314,0.0,1.0,yahoo,2023-12-13 16:24:29
2020-04-20,OIH,84.8499984741211,92.37999725341795,82.66000366210938,88.2300033569336,757900,81.14365231179256,0.0,1.0,yahoo,2023-12-13 16:24:29
2020-04-21,OIH,86.1500015258789,89.51000213623047,84.6500015258789,86.51000213623047,956100,79.56179607560978,0.0,1.0,yahoo,2023-12-13 16:24:29
2020-04-22,OIH,90.19000244140624,93.0,88.16000366210938,89.61000061035156,601500,82.41281260944744,0.0,1.0,yahoo,2023-12-13 16:24:29
2020-04-23,OIH,92.7300033569336,99.44000244140624,91.37000274658205,98.3000030517578,900600,90.40486191087912,0.0,1.0,yahoo,2023-12-13 16:24:29
2020-04-24,OIH,101.77999877929688,104.76000213623048,94.75,96.58000183105467,559900,88.82300567469633,0.0,1.0,yahoo,2023-12-13 16:24:29
2020-04-27,OIH,94.30999755859376,97.30999755859376,90.11000061035156,95.87999725341795,720300,88.17922322084524,0.0,1.0,yahoo,2023-12-13 16:24:29
2020-04-28,OIH,98.41000366210938,101.1999969482422,96.5,100.30999755859376,691500,92.25342010203659,0.0,1.0,yahoo,2023-12-13 16:24:29
2020-04-29,OIH,104.70999908447266,114.36000061035156,104.70999908447266,113.91999816894533,479500,104.77030909071716,0.0,1.0,yahoo,2023-12-13 16:24:29
2020-04-30,OIH,115.70999908447266,115.70999908447266,107.43000030517578,109.77999877929688,529600,100.9628211811265,0.0,1.0,yahoo,2023-12-13 16:24:29
2020-05-01,OIH,106.30999755859376,108.94000244140624,100.04000091552734,100.9499969482422,368300,92.84201679224981,0.0,1.0,yahoo,2023-12-13 16:24:29
2020-05-04,OIH,98.19000244140624,104.0500030517578,96.20999908447266,103.9800033569336,355900,95.62866279899096,0.0,1.0,yahoo,2023-12-13 16:24:29
2020-05-05,OIH,108.93000030517578,110.9499969482422,101.5,102.0500030517578,662800,93.85367393164064,0.0,1.0,yahoo,2023-12-13 16:24:29
2020-05-06,OIH,102.6999969482422,103.69000244140624,97.48999786376952,97.54000091552734,377200,89.70590071001618,0.0,1.0,yahoo,2023-12-13 16:24:29
2020-05-07,OIH,100.75,103.36000061035156,100.0,101.33000183105467,385000,93.19150090099427,0.0,1.0,yahoo,2023-12-13 16:24:29
2020-05-08,OIH,103.29000091552734,110.37999725341795,103.29000091552734,110.20999908447266,505700,101.3582852401722,0.0,1.0,yahoo,2023-12-13 16:24:29
2020-05-11,OIH,109.02999877929688,109.23999786376952,105.16999816894533,108.11000061035156,897000,99.42695191187094,0.0,1.0,yahoo,2023-12-13 16:24:29
2020-05-12,OIH,108.8000030517578,111.58999633789062,105.9000015258789,108.66999816894533,1767100,99.94197226165103,0.0,1.0,yahoo,2023-12-13 16:24:29
2020-05-13,OIH,107.52999877929688,107.54000091552734,97.66999816894533,99.38999938964844,918300,91.40731323693332,0.0,1.0,yahoo,2023-12-13 16:24:29
2020-05-14,OIH,97.25,103.56999969482422,93.91999816894533,100.93000030517578,875300,92.82362621545451,0.0,1.0,yahoo,2023-12-13 16:24:29
2020-05-15,OIH,100.48999786376952,103.44000244140624,99.4000015258789,101.2300033569336,356800,93.09953398376584,0.0,1.0,yahoo,2023-12-13 16:24:29
2020-05-18,OIH,106.5500030517578,114.83999633789062,106.5500030517578,113.95999908447266,894200,104.80709726093372,0.0,1.0,yahoo,2023-12-13 16:24:29
2020-05-19,OIH,113.3499984741211,113.3499984741211,108.1500015258789,108.1500015258789,582700,99.46374008208753,0.0,1.0,yahoo,2023-12-13 16:24:29
2020-05-20,OIH,111.18000030517578,115.45999908447266,110.4800033569336,115.19000244140624,716100,105.93831069105893,0.0,1.0,yahoo,2023-12-13 16:24:29
2020-05-21,OIH,115.4499969482422,116.5,111.58000183105467,114.66999816894533,584100,105.46007149486947,0.0,1.0,yahoo,2023-12-13 16:24:29
2020-05-22,OIH,113.8499984741211,113.8499984741211,109.66000366210938,111.4499969482422,557000,102.49869045038207,0.0,1.0,yahoo,2023-12-13 16:24:29
2020-05-26,OIH,116.26000213623048,118.41000366210938,115.66999816894533,117.68000030517578,1006700,108.22831990818932,0.0,1.0,yahoo,2023-12-13 16:24:29
2020-05-27,OIH,119.6500015258789,121.91000366210938,115.52999877929688,121.7699966430664,593700,111.98982085085272,0.0,1.0,yahoo,2023-12-13 16:24:29
2020-05-28,OIH,122.3499984741211,125.48999786376952,119.75,121.98999786376952,1105400,112.19215227873089,0.0,1.0,yahoo,2023-12-13 16:24:29
2020-05-29,OIH,120.58999633789062,120.61000061035156,115.3499984741211,118.76000213623048,759600,109.2215794541589,0.0,1.0,yahoo,2023-12-13 16:24:29
2020-06-01,OIH,119.0500030517578,122.37000274658205,117.13999938964844,119.68000030517578,620700,110.06768631926212,0.0,1.0,yahoo,2023-12-13 16:24:29
2020-06-02,OIH,120.83999633789062,126.44000244140624,120.5999984741211,125.6500015258789,588000,115.55819617897464,0.0,1.0,yahoo,2023-12-13 16:24:29
2020-06-03,OIH,128.00999450683594,129.72000122070312,126.76000213623048,129.44000244140625,851200,119.04379636995274,0.0,1.0,yahoo,2023-12-13 16:24:29
2020-06-04,OIH,128.6300048828125,137.61000061035156,127.61000061035156,136.7100067138672,1403600,125.72989720351298,0.0,1.0,yahoo,2023-12-13 16:24:29
2020-06-05,OIH,147.19000244140625,155.1699981689453,147.19000244140625,154.35000610351562,1419800,141.9531083878451,0.0,1.0,yahoo,2023-12-13 16:24:29
2020-06-08,OIH,165.02999877929688,173.86000061035156,161.47000122070312,173.5800018310547,1731300,159.6386125009996,0.0,1.0,yahoo,2023-12-13 16:24:29
2020-06-09,OIH,163.4600067138672,163.82000732421875,156.1999969482422,160.3000030517578,1016900,147.42522065413633,0.0,1.0,yahoo,2023-12-13 16:24:29
2020-06-10,OIH,157.49000549316406,157.49000549316406,145.0,147.8699951171875,818300,135.99355111202772,0.0,1.0,yahoo,2023-12-13 16:24:29
2020-06-11,OIH,131.88999938964844,138.05999755859375,126.5999984741211,126.5999984741211,986800,116.43189241758381,0.0,1.0,yahoo,2023-12-13 16:24:29
2020-06-12,OIH,137.0,139.49000549316406,129.1699981689453,133.9199981689453,783400,123.16397320144527,0.0,1.0,yahoo,2023-12-13 16:24:29
2020-06-15,OIH,126.12000274658205,136.6999969482422,124.01000213623048,134.63999938964844,916800,123.82614623209165,0.0,1.0,yahoo,2023-12-13 16:24:29
2020-06-16,OIH,144.30999755859375,144.8000030517578,134.6999969482422,136.97999572753906,878300,125.97820156506634,0.0,1.0,yahoo,2023-12-13 16:24:29
2020-06-17,OIH,136.94000244140625,136.94000244140625,130.4499969482422,130.8300018310547,479700,120.32215546431826,0.0,1.0,yahoo,2023-12-13 16:24:29
2020-06-18,OIH,129.30999755859375,134.11000061035156,127.51000213623048,131.4199981689453,504800,120.86476518760425,0.0,1.0,yahoo,2023-12-13 16:24:29
2020-06-19,OIH,135.69000244140625,136.36000061035156,127.7300033569336,128.50999450683594,663800,118.18848369151281,0.0,1.0,yahoo,2023-12-13 16:24:29
2020-06-22,OIH,127.81999969482422,129.24000549316406,125.97000122070312,128.97000122070312,477900,118.61154414069047,0.0,1.0,yahoo,2023-12-13 16:24:29
2020-06-23,OIH,131.0,132.11000061035156,128.22000122070312,129.13999938964844,452500,118.7678886016414,0.0,1.0,yahoo,2023-12-13 16:24:29
2020-06-24,OIH,126.43000030517578,126.43000030517578,117.0500030517578,118.08000183105467,871900,108.59619459372907,0.0,1.0,yahoo,2023-12-13 16:24:29
2020-06-25,OIH,116.37999725341795,123.44000244140624,115.36000061035156,122.70999908447266,709700,112.85432530937727,0.0,1.0,yahoo,2023-12-13 16:24:29
2020-06-26,OIH,121.4000015258789,121.4000015258789,115.94000244140624,116.87000274658205,628400,107.48337875702516,0.0,1.0,yahoo,2023-12-13 16:24:29
2020-06-29,OIH,117.4499969482422,121.06999969482422,116.26000213623048,119.01000213623048,504400,109.451500255543,0.0,1.0,yahoo,2023-12-13 16:24:29
2020-06-30,OIH,117.88999938964844,122.72000122070312,116.41999816894533,121.87999725341795,694200,112.0909865647918,0.0,1.0,yahoo,2023-12-13 16:24:29
2020-07-01,OIH,122.43000030517578,124.73999786376952,118.08000183105467,118.44000244140624,687800,108.92728110905226,0.0,1.0,yahoo,2023-12-13 16:24:29
2020-07-02,OIH,121.33999633789062,123.86000061035156,119.16999816894533,120.16999816894533,646500,110.5183291253197,0.0,1.0,yahoo,2023-12-13 16:24:29
2020-07-06,OIH,123.38999938964844,125.72000122070312,120.86000061035156,124.4499969482422,468500,114.45457212235534,0.0,1.0,yahoo,2023-12-13 16:24:29
2020-07-07,OIH,122.31999969482422,122.75,119.7300033569336,119.91000366210938,558700,110.27921654385095,0.0,1.0,yahoo,2023-12-13 16:24:29
2020-07-08,OIH,120.93000030517578,123.13999938964844,118.58999633789062,120.62999725341795,526500,110.9413825578713,0.0,1.0,yahoo,2023-12-13 16:24:29
2020-07-09,OIH,119.93000030517578,120.66000366210938,112.95999908447266,113.13999938964844,880100,104.05295731305891,0.0,1.0,yahoo,2023-12-13 16:24:29
2020-07-10,OIH,112.58000183105467,116.45999908447266,111.68000030517578,116.36000061035156,669600,107.01433835754631,0.0,1.0,yahoo,2023-12-13 16:24:29
2020-07-13,OIH,117.23999786376952,118.0,113.62000274658205,113.73999786376952,769700,104.60476583305554,0.0,1.0,yahoo,2023-12-13 16:24:29
2020-07-14,OIH,112.62999725341795,119.6500015258789,111.83999633789062,119.6500015258789,793800,110.0400969457562,0.0,1.0,yahoo,2023-12-13 16:24:29
2020-07-15,OIH,123.06999969482422,125.9499969482422,121.47000122070312,124.80999755859376,741300,114.78565863767854,0.0,1.0,yahoo,2023-12-13 16:24:29
2020-07-16,OIH,122.94000244140624,125.5500030517578,120.58000183105467,123.45999908447266,788100,113.54408771352958,0.0,1.0,yahoo,2023-12-13 16:24:29
2020-07-17,OIH,123.13999938964844,125.19000244140624,120.77999877929688,121.33999633789062,482100,111.59435679180703,0.0,1.0,yahoo,2023-12-13 16:24:29
2020-07-20,OIH,121.5199966430664,124.4800033569336,120.29000091552734,121.12999725341795,747700,111.4012241606395,0.0,1.0,yahoo,2023-12-13 16:24:29
2020-07-21,OIH,123.86000061035156,132.58999633789062,123.86000061035156,130.92999267578125,2235000,120.41411536492068,0.0,1.0,yahoo,2023-12-13 16:24:29
2020-07-22,OIH,129.02000427246094,129.41000366210938,126.45999908447266,128.05999755859375,919200,117.77462905567185,0.0,1.0,yahoo,2023-12-13 16:24:29
2020-07-23,OIH,127.81999969482422,132.5500030517578,127.4499969482422,132.11000061035156,770000,121.4993488447447,0.0,1.0,yahoo,2023-12-13 16:24:29
2020-07-24,OIH,131.39999389648438,133.42999267578125,130.22000122070312,132.08999633789062,543000,121.4809512513234,0.0,1.0,yahoo,2023-12-13 16:24:29
2020-07-27,OIH,132.24000549316406,133.6999969482422,129.9199981689453,133.19000244140625,637200,122.49260839071427,0.0,1.0,yahoo,2023-12-13 16:24:29
2020-07-28,OIH,131.4600067138672,133.4199981689453,128.07000732421875,128.2899932861328,380800,117.98615226363465,0.0,1.0,yahoo,2023-12-13 16:24:29
2020-07-29,OIH,128.32000732421875,131.30999755859375,127.63999938964844,131.0800018310547,376500,120.55207626570237,0.0,1.0,yahoo,2023-12-13 16:24:29
2020-07-30,OIH,128.60000610351562,129.02999877929688,125.1500015258789,127.02999877929688,634600,116.8273564766295,0.0,1.0,yahoo,2023-12-13 16:24:29
2020-07-31,OIH,125.70999908447266,126.9499969482422,122.47000122070312,124.93000030517578,705600,114.89602314832825,0.0,1.0,yahoo,2023-12-13 16:24:29
2020-08-03,OIH,125.0,129.77000427246094,124.08999633789062,128.30999755859375,581000,118.00454985705595,0.0,1.0,yahoo,2023-12-13 16:24:29
2020-08-04,OIH,127.47000122070312,133.00999450683594,127.47000122070312,132.19000244140625,507800,121.57292518517785,0.0,1.0,yahoo,2023-12-13 16:24:29
2020-08-05,OIH,134.92999267578125,138.63999938964844,134.42999267578125,137.11000061035156,691600,126.09776487242672,0.0,1.0,yahoo,2023-12-13 16:24:29
2020-08-06,OIH,136.82000732421875,136.8699951171875,133.13999938964844,133.77999877929688,348200,123.03521811400024,0.0,1.0,yahoo,2023-12-13 16:24:29
2020-08-07,OIH,132.57000732421875,134.27999877929688,130.4199981689453,134.27999877929688,400200,123.49505971676845,0.0,1.0,yahoo,2023-12-13 16:24:29
2020-08-10,OIH,134.9199981689453,140.74000549316406,134.9199981689453,140.22000122070312,542800,128.95798020297502,0.0,1.0,yahoo,2023-12-13 16:24:29
2020-08-11,OIH,143.67999267578125,147.44000244140625,140.00999450683594,140.83999633789062,870100,129.52817929976695,0.0,1.0,yahoo,2023-12-13 16:24:29
2020-08-12,OIH,143.39999389648438,144.27000427246094,139.50999450683594,141.91000366210938,545000,130.51224706565188,0.0,1.0,yahoo,2023-12-13 16:24:29
2020-08-13,OIH,140.2100067138672,141.1999969482422,137.63999938964844,138.38999938964844,359200,127.27495825285317,0.0,1.0,yahoo,2023-12-13 16:24:29
2020-08-14,OIH,137.00999450683594,139.9199981689453,136.3300018310547,139.50999450683594,272600,128.30499895241329,0.0,1.0,yahoo,2023-12-13 16:24:29
2020-08-17,OIH,139.3000030517578,139.50999450683594,136.52000427246094,137.7899932861328,303900,126.72314271623051,0.0,1.0,yahoo,2023-12-13 16:24:29
2020-08-18,OIH,136.52999877929688,138.22999572753906,133.5399932861328,133.85000610351562,233200,123.09960267434877,0.0,1.0,yahoo,2023-12-13 16:24:29
2020-08-19,OIH,133.72999572753906,136.0399932861328,132.75,133.3000030517578,222600,122.59377410465335,0.0,1.0,yahoo,2023-12-13 16:24:29
2020-08-20,OIH,131.72000122070312,131.72000122070312,127.73999786376952,127.9800033569336,553100,117.7010597318647,0.0,1.0,yahoo,2023-12-13 16:24:29
2020-08-21,OIH,126.76000213623048,126.76000213623048,122.29000091552734,123.0999984741211,565200,113.2130011982064,0.0,1.0,yahoo,2023-12-13 16:24:29
2020-08-24,OIH,124.7699966430664,130.61000061035156,123.77999877929688,129.99000549316406,629400,119.54962493964817,0.0,1.0,yahoo,2023-12-13 16:24:29
2020-08-25,OIH,132.2899932861328,132.82000732421875,127.68000030517578,128.82000732421875,303800,118.47359727316082,0.0,1.0,yahoo,2023-12-13 16:24:29
2020-08-26,OIH,129.14999389648438,129.14999389648438,124.08999633789062,124.63999938964844,261600,114.62931417672758,0.0,1.0,yahoo,2023-12-13 16:24:29
2020-08-27,OIH,124.66999816894533,125.87000274658205,123.16000366210938,125.62999725341795,363600,115.53979858555333,0.0,1.0,yahoo,2023-12-13 16:24:29
2020-08-28,OIH,126.37000274658205,129.4499969482422,125.5199966430664,128.9499969482422,328200,118.59314654726917,0.0,1.0,yahoo,2023-12-13 16:24:29
2020-08-31,OIH,129.5800018310547,129.94000244140625,125.31999969482422,125.31999969482422,290900,115.25469903715738,0.0,1.0,yahoo,2023-12-13 16:24:29
2020-09-01,OIH,125.12000274658205,125.7699966430664,123.06999969482422,125.19000244140624,251100,115.135142746423,0.0,1.0,yahoo,2023-12-13 16:24:29
2020-09-02,OIH,124.76000213623048,125.08000183105467,122.6500015258789,123.5500030517578,362300,113.62686285067338,0.0,1.0,yahoo,2023-12-13 16:24:29
2020-09-03,OIH,123.52999877929688,127.87000274658205,122.83999633789062,124.52999877929688,460900,114.5281484627885,0.0,1.0,yahoo,2023-12-13 16:24:29
2020-09-04,OIH,125.27999877929688,127.20999908447266,123.0,124.98999786376952,344000,114.9512018953401,0.0,1.0,yahoo,2023-12-13 16:24:29
2020-09-08,OIH,121.41999816894533,122.95999908447266,115.80999755859376,117.0,483600,107.60293504775952,0.0,1.0,yahoo,2023-12-13 16:24:29
2020-09-09,OIH,118.58999633789062,118.80999755859376,116.5500030517578,117.13999938964844,310800,107.73169013520453,0.0,1.0,yahoo,2023-12-13 16:24:29
2020-09-10,OIH,116.94000244140624,117.19000244140624,111.08000183105467,111.69000244140624,478200,102.71941947168152,0.0,1.0,yahoo,2023-12-13 16:24:29
2020-09-11,OIH,112.08999633789062,112.41000366210938,110.12000274658205,111.55999755859376,302300,102.59985616432115,0.0,1.0,yahoo,2023-12-13 16:24:29
2020-09-14,OIH,111.79000091552734,112.8000030517578,109.38999938964844,112.23999786376952,292000,103.22524102475093,0.0,1.0,yahoo,2023-12-13 16:24:29
2020-09-15,OIH,113.0,114.66000366210938,111.7699966430664,112.9499969482422,314900,103.87821525868668,0.0,1.0,yahoo,2023-12-13 16:24:29
2020-09-16,OIH,114.6999969482422,120.23999786376952,112.9800033569336,118.37000274658205,476200,108.86290356532977,0.0,1.0,yahoo,2023-12-13 16:24:29
2020-09-17,OIH,116.0500030517578,117.73999786376952,114.16999816894533,117.31999969482422,312400,107.89723339286613,0.0,1.0,yahoo,2023-12-13 16:24:29
2020-09-18,OIH,117.1999969482422,119.37999725341795,114.3499984741211,115.44000244140624,330800,106.16823149244304,0.0,1.0,yahoo,2023-12-13 16:24:29
2020-09-21,OIH,112.16000366210938,112.16000366210938,105.33000183105467,107.0500030517578,469000,98.45208995932268,0.0,1.0,yahoo,2023-12-13 16:24:29
2020-09-22,OIH,107.38999938964844,109.6500015258789,106.0,106.8000030517578,186900,98.22216915793857,0.0,1.0,yahoo,2023-12-13 16:24:29
2020-09-23,OIH,106.87999725341795,107.70999908447266,100.02999877929688,100.13999938964844,921100,92.09707564108562,0.0,1.0,yahoo,2023-12-13 16:24:29
2020-09-24,OIH,99.3000030517578,102.20999908447266,96.44000244140624,99.47000122070312,723800,91.48088957736648,0.0,1.0,yahoo,2023-12-13 16:24:29
2020-09-25,OIH,98.08000183105467,98.81999969482422,96.20999908447266,97.37000274658205,527300,89.54955624906525,0.0,1.0,yahoo,2023-12-13 16:24:29
2020-09-28,OIH,99.86000061035156,103.16000366210938,99.86000061035156,101.16000366210938,320800,93.03515644004334,0.0,1.0,yahoo,2023-12-13 16:24:29
2020-09-29,OIH,100.62999725341795,100.9499969482422,96.4000015258789,98.45999908447266,412400,90.55200757511943,0.0,1.0,yahoo,2023-12-13 16:24:29
2020-09-30,OIH,98.94000244140624,101.33000183105467,96.95999908447266,97.70999908447266,335300,89.86224517096713,0.0,1.0,yahoo,2023-12-13 16:24:29
2020-10-01,OIH,96.72000122070312,96.98999786376952,93.43000030517578,94.20999908447266,518800,86.6433539515897,0.0,1.0,yahoo,2023-12-13 16:24:29
2020-10-02,OIH,90.97000122070312,97.80999755859376,90.48999786376952,96.75,430100,88.9793501356473,0.0,1.0,yahoo,2023-12-13 16:24:29
2020-10-05,OIH,98.2300033569336,100.30999755859376,97.91000366210938,100.12999725341795,325300,92.08787684437496,0.0,1.0,yahoo,2023-12-13 16:24:29
2020-10-06,OIH,102.2300033569336,103.48999786376952,98.1999969482422,98.63999938964844,481900,90.71755083278101,0.0,1.0,yahoo,2023-12-13 16:24:29
2020-10-07,OIH,98.77999877929688,100.0,97.1999969482422,99.66000366210938,396000,91.65563163173873,0.0,1.0,yahoo,2023-12-13 16:24:29
2020-10-08,OIH,101.06999969482422,104.66000366210938,100.6999969482422,104.4499969482422,663000,96.06090801162723,0.0,1.0,yahoo,2023-12-13 16:24:29
2020-10-09,OIH,105.47000122070312,105.9000015258789,101.87000274658205,102.80999755859376,410200,94.5526281158776,0.0,1.0,yahoo,2023-12-13 16:24:29
2020-10-12,OIH,102.26000213623048,102.8499984741211,100.3000030517578,102.4000015258789,353700,94.17556165025319,0.0,1.0,yahoo,2023-12-13 16:24:29
2020-10-13,OIH,101.6999969482422,101.6999969482422,98.7300033569336,99.5999984741211,430600,91.60044586810085,0.0,1.0,yahoo,2023-12-13 16:24:29
2020-10-14,OIH,100.11000061035156,104.45999908447266,100.11000061035156,101.13999938964844,368700,93.01675884662204,0.0,1.0,yahoo,2023-12-13 16:24:29
2020-10-15,OIH,98.87000274658205,102.3499984741211,97.66000366210938,102.33999633789062,458100,94.12037588661532,0.0,1.0,yahoo,2023-12-13 16:24:29
2020-10-16,OIH,101.08000183105467,101.08000183105467,96.81999969482422,97.0999984741211,622200,89.30123785425984,0.0,1.0,yahoo,2023-12-13 16:24:29
2020-10-19,OIH,98.16999816894533,100.69000244140624,96.62999725341795,96.98999786376952,327300,89.20007214032073,0.0,1.0,yahoo,2023-12-13 16:24:29
2020-10-20,OIH,98.0,101.33999633789062,98.0,100.26000213623048,431900,92.20744015173538,0.0,1.0,yahoo,2023-12-13 16:24:29
2020-10-21,OIH,99.58999633789062,101.1500015258789,98.61000061035156,99.0,335200,91.04863734810421,0.0,1.0,yahoo,2023-12-13 16:24:29
2020-10-22,OIH,99.5500030517578,101.77999877929688,98.6999969482422,101.37999725341795,512700,93.23748085129547,0.0,1.0,yahoo,2023-12-13 16:24:29
2020-10-23,OIH,101.98999786376952,104.41999816894533,100.69000244140624,102.11000061035156,505500,93.90885267865251,0.0,1.0,yahoo,2023-12-13 16:24:29
2020-10-26,OIH,100.76000213623048,100.76000213623048,97.16999816894533,98.2300033569336,367800,90.34048436715662,0.0,1.0,yahoo,2023-12-13 16:24:29
2020-10-27,OIH,97.8499984741211,97.9000015258789,95.27999877929688,96.86000061035156,339000,89.08051584958638,0.0,1.0,yahoo,2023-12-13 16:24:29
2020-10-28,OIH,93.37999725341795,93.79000091552734,90.29000091552734,90.72000122070312,412000,83.43366152892293,0.0,1.0,yahoo,2023-12-13 16:24:29
2020-10-29,OIH,89.20999908447266,92.69000244140624,87.4800033569336,92.63999938964844,620600,85.19945159956258,0.0,1.0,yahoo,2023-12-13 16:24:29
2020-10-30,OIH,92.12000274658205,95.83999633789062,92.12000274658205,95.66999816894533,325700,87.98609058967774,0.0,1.0,yahoo,2023-12-13 16:24:29
2020-11-02,OIH,96.5,101.95999908447266,95.44000244140624,101.04000091552734,547300,92.92479192939359,0.0,1.0,yahoo,2023-12-13 16:24:29
2020-11-03,OIH,103.29000091552734,105.56999969482422,100.73999786376952,102.33000183105467,479500,94.11118410653067,0.0,1.0,yahoo,2023-12-13 16:24:29
2020-11-04,OIH,102.12999725341795,103.43000030517578,97.37000274658205,101.4499969482422,268100,93.30185839501802,0.0,1.0,yahoo,2023-12-13 16:24:29
2020-11-05,OIH,102.6500015258789,104.7300033569336,102.27999877929688,102.7300033569336,298900,94.47905879207045,0.0,1.0,yahoo,2023-12-13 16:24:29
2020-11-06,OIH,102.79000091552734,104.30999755859376,100.19000244140624,100.5,340500,92.42816215640882,0.0,1.0,yahoo,2023-12-13 16:24:29
2020-11-09,OIH,114.51000213623048,123.18000030517578,113.38999938964844,119.52999877929688,1064900,109.92973243510646,0.0,1.0,yahoo,2023-12-13 16:24:29
2020-11-10,OIH,120.9499969482422,122.33999633789062,117.66000366210938,119.48999786376952,486800,109.89294426488988,0.0,1.0,yahoo,2023-12-13 16:24:29
2020-11-11,OIH,121.27999877929688,121.52999877929688,115.16000366210938,117.16999816894533,408900,107.75927950871048,0.0,1.0,yahoo,2023-12-13 16:24:29
2020-11-12,OIH,114.8000030517578,117.75,113.61000061035156,114.54000091552734,350000,105.34051520413509,0.0,1.0,yahoo,2023-12-13 16:24:29
2020-11-13,OIH,115.12999725341795,119.58999633789062,115.12999725341795,119.19000244140624,260600,109.61704351320456,0.0,1.0,yahoo,2023-12-13 16:24:29
2020-11-16,OIH,124.55999755859376,130.75999450683594,124.06999969482422,130.72999572753906,775600,120.23018153046381,0.0,1.0,yahoo,2023-12-13 16:24:29
2020-11-17,OIH,127.91000366210938,132.60000610351562,126.94000244140624,132.49000549316406,437500,121.84883295348918,0.0,1.0,yahoo,2023-12-13 16:24:29
2020-11-18,OIH,133.3699951171875,138.16000366210938,131.47999572753906,131.52000427246094,439600,120.95673912145871,0.0,1.0,yahoo,2023-12-13 16:24:29
2020-11-19,OIH,131.25999450683594,134.39999389648438,129.1199951171875,134.2100067138672,228300,123.43068918967197,0.0,1.0,yahoo,2023-12-13 16:24:29
2020-11-20,OIH,133.75999450683594,134.69000244140625,131.10000610351562,132.16000366210938,512900,121.54533581167192,0.0,1.0,yahoo,2023-12-13 16:24:29
2020-11-23,OIH,135.42999267578125,145.24000549316406,135.36000061035156,144.88999938964844,794400,133.2528990888398,0.0,1.0,yahoo,2023-12-13 16:24:29
2020-11-24,OIH,150.61000061035156,155.22999572753906,150.3000030517578,152.72999572753906,845800,140.46321205226474,0.0,1.0,yahoo,2023-12-13 16:24:29
2020-11-25,OIH,150.72999572753906,151.44000244140625,147.75999450683594,150.6300048828125,355300,138.5318857405895,0.0,1.0,yahoo,2023-12-13 16:24:29
2020-11-27,OIH,150.10000610351562,150.64999389648438,146.47000122070312,147.72999572753906,215500,135.86479602458272,0.0,1.0,yahoo,2023-12-13 16:24:29
2020-11-30,OIH,146.91000366210938,146.91000366210938,137.7899932861328,137.89999389648438,680900,126.8243084301696,0.0,1.0,yahoo,2023-12-13 16:24:29
2020-12-01,OIH,142.36000061035156,145.1699981689453,141.42999267578125,143.89999389648438,400000,132.34240766338803,0.0,1.0,yahoo,2023-12-13 16:24:29
2020-12-02,OIH,143.27000427246094,151.38999938964844,141.58999633789062,148.19000244140625,398500,136.28785647376034,0.0,1.0,yahoo,2023-12-13 16:24:29
2020-12-03,OIH,149.0,152.4600067138672,147.88999938964844,150.66000366210938,315600,138.55947511409545,0.0,1.0,yahoo,2023-12-13 16:24:29
2020-12-04,OIH,153.91000366210938,161.75999450683594,153.67999267578125,161.75999450683594,542600,148.76795027559834,0.0,1.0,yahoo,2023-12-13 16:24:29
2020-12-07,OIH,159.97000122070312,160.1300048828125,156.32000732421875,157.7899932861328,463800,145.11680682695862,0.0,1.0,yahoo,2023-12-13 16:24:29
2020-12-08,OIH,155.55999755859375,162.3300018310547,155.0,162.1199951171875,292700,149.0990367909215,0.0,1.0,yahoo,2023-12-13 16:24:29
2020-12-09,OIH,163.61000061035156,166.5,158.10000610351562,161.08999633789062,665900,148.15176421187917,0.0,1.0,yahoo,2023-12-13 16:24:29
2020-12-10,OIH,159.7100067138672,168.69000244140625,157.80999755859375,167.32000732421875,430100,153.88140068631245,0.0,1.0,yahoo,2023-12-13 16:24:29
2020-12-11,OIH,165.30999755859375,165.67999267578125,160.74000549316406,164.00999450683594,296800,150.83723748805525,0.0,1.0,yahoo,2023-12-13 16:24:29
2020-12-14,OIH,166.6199951171875,167.63999938964844,158.17999267578125,159.30999755859375,456600,146.51472922868453,0.0,1.0,yahoo,2023-12-13 16:24:29
2020-12-15,OIH,160.97000122070312,165.9199981689453,159.72999572753906,165.1199951171875,301400,151.85808640753072,0.0,1.0,yahoo,2023-12-13 16:24:29
2020-12-16,OIH,165.4600067138672,165.7899932861328,162.30999755859375,163.75999450683594,282800,150.60731668667114,0.0,1.0,yahoo,2023-12-13 16:24:29
2020-12-17,OIH,165.08999633789062,165.5,160.85000610351562,163.1699981689453,186600,150.06470696338513,0.0,1.0,yahoo,2023-12-13 16:24:29
2020-12-18,OIH,162.8699951171875,163.74000549316406,158.0,159.02000427246094,304300,146.24802727370988,0.0,1.0,yahoo,2023-12-13 16:24:29
2020-12-21,OIH,150.10000610351562,155.16000366210938,148.50999450683594,153.36000061035156,493700,142.7400221608213,1.891,1.0,yahoo,2023-12-13 16:24:29
2020-12-22,OIH,153.16000366210938,154.24000549316406,151.1999969482422,151.6199951171875,211000,141.1205097608101,0.0,1.0,yahoo,2023-12-13 16:24:29
2020-12-23,OIH,152.8300018310547,158.8699951171875,152.8300018310547,156.58999633789062,356500,145.74634493007906,0.0,1.0,yahoo,2023-12-13 16:24:29
2020-12-24,OIH,157.50999450683594,157.50999450683594,152.5800018310547,154.11000061035156,128900,143.43808564670127,0.0,1.0,yahoo,2023-12-13 16:24:29
2020-12-28,OIH,155.3800048828125,157.5399932861328,152.66000366210938,152.85000610351562,208600,142.2653441031926,0.0,1.0,yahoo,2023-12-13 16:24:29
2020-12-29,OIH,154.63999938964844,154.63999938964844,150.3800048828125,151.60000610351562,257700,141.10190496005933,0.0,1.0,yahoo,2023-12-13 16:24:29
2020-12-30,OIH,151.69000244140625,156.10000610351562,151.69000244140625,154.69000244140625,272200,143.97792311337167,0.0,1.0,yahoo,2023-12-13 16:24:29
2020-12-31,OIH,153.5399932861328,155.4199981689453,152.5,154.0,187400,143.33570243402002,0.0,1.0,yahoo,2023-12-13 16:24:29
2021-01-04,OIH,156.47000122070312,159.22000122070312,153.25,156.7899932861328,311600,145.9324923525528,0.0,1.0,yahoo,2023-12-13 16:24:29
2021-01-05,OIH,158.5800018310547,171.8699951171875,158.0800018310547,168.11000061035156,589500,156.468604049794,0.0,1.0,yahoo,2023-12-13 16:24:29
2021-01-06,OIH,171.5,177.9199981689453,170.36000061035156,174.85000610351562,744600,162.74187302233832,0.0,1.0,yahoo,2023-12-13 16:24:29
2021-01-07,OIH,175.9499969482422,179.50999450683594,174.99000549316406,176.94000244140625,359300,164.68713986114403,0.0,1.0,yahoo,2023-12-13 16:24:29
2021-01-08,OIH,178.66000366210938,179.17999267578125,172.9499969482422,175.64999389648438,346700,163.48646271223322,0.0,1.0,yahoo,2023-12-13 16:24:29
2021-01-11,OIH,169.94000244140625,176.5399932861328,169.42999267578125,175.82000732421875,520200,163.6447029335808,0.0,1.0,yahoo,2023-12-13 16:24:29
2021-01-12,OIH,178.1199951171875,187.33999633789065,177.1999969482422,186.0200042724609,658700,173.13836350112072,0.0,1.0,yahoo,2023-12-13 16:24:29
2021-01-13,OIH,185.9900054931641,185.9900054931641,178.7100067138672,180.1499938964844,442300,167.67484362751307,0.0,1.0,yahoo,2023-12-13 16:24:29
2021-01-14,OIH,181.58999633789065,189.8600006103516,181.1199951171875,187.22000122070312,412600,174.2552622381011,0.0,1.0,yahoo,2023-12-13 16:24:29
2021-01-15,OIH,183.1600036621093,183.82000732421875,176.0,178.99000549316406,452200,166.5951828963102,0.0,1.0,yahoo,2023-12-13 16:24:29
2021-01-19,OIH,181.47999572753903,181.47999572753903,177.8300018310547,179.25,278800,166.83717312531226,0.0,1.0,yahoo,2023-12-13 16:24:29
2021-01-20,OIH,181.38999938964844,181.88999938964844,174.60000610351562,176.9499969482422,241100,164.69644226151942,0.0,1.0,yahoo,2023-12-13 16:24:29
2021-01-21,OIH,175.61000061035156,176.92999267578125,167.83999633789062,168.9600067138672,723500,157.2597483479798,0.0,1.0,yahoo,2023-12-13 16:24:29
2021-01-22,OIH,164.89999389648438,172.3000030517578,162.52999877929688,172.00999450683594,1017500,160.09852849551464,0.0,1.0,yahoo,2023-12-13 16:24:29
2021-01-25,OIH,169.7100067138672,169.7100067138672,163.24000549316406,166.72000122070312,530500,155.17486029071532,0.0,1.0,yahoo,2023-12-13 16:24:29
2021-01-26,OIH,168.25999450683594,170.8699951171875,163.38999938964844,163.5500030517578,227600,152.22438032798587,0.0,1.0,yahoo,2023-12-13 16:24:29
2021-01-27,OIH,160.50999450683594,169.92999267578125,156.88999938964844,162.25999450683594,1391300,151.02370317907506,0.0,1.0,yahoo,2023-12-13 16:24:29
2021-01-28,OIH,164.1999969482422,167.5500030517578,161.67999267578125,165.19000244140625,409500,153.7508119156912,0.0,1.0,yahoo,2023-12-13 16:24:29
2021-01-29,OIH,164.66000366210938,167.5,160.72999572753906,162.58999633789062,499800,151.3308528171188,0.0,1.0,yahoo,2023-12-13 16:24:29
2021-02-01,OIH,164.49000549316406,166.27999877929688,159.8000030517578,164.4199981689453,446300,153.03412942692248,0.0,1.0,yahoo,2023-12-13 16:24:29
2021-02-02,OIH,168.86000061035156,171.07000732421875,165.32000732421875,165.5800018310547,229000,154.1138043602633,0.0,1.0,yahoo,2023-12-13 16:24:29
2021-02-03,OIH,166.49000549316406,173.86000061035156,166.49000549316406,173.5800018310547,394900,161.55981487631627,0.0,1.0,yahoo,2023-12-13 16:24:29
2021-02-04,OIH,175.0,177.5399932861328,170.64999389648438,177.38999938964844,376300,165.10597511224444,0.0,1.0,yahoo,2023-12-13 16:24:29
2021-02-05,OIH,179.6999969482422,181.77999877929688,176.07000732421875,176.80999755859375,329200,164.56613764557403,0.0,1.0,yahoo,2023-12-13 16:24:29
2021-02-08,OIH,178.9499969482422,183.5,178.94000244140625,183.07000732421875,356300,170.3926499637538,0.0,1.0,yahoo,2023-12-13 16:24:29
2021-02-09,OIH,181.1300048828125,181.69000244140625,176.55999755859375,179.6699981689453,303700,167.2280869731485,0.0,1.0,yahoo,2023-12-13 16:24:29
2021-02-10,OIH,181.3000030517578,183.8500061035156,178.0,183.5800018310547,424700,170.8673280213825,0.0,1.0,yahoo,2023-12-13 16:24:29
2021-02-11,OIH,182.1999969482422,182.7400054931641,174.97000122070312,178.52999877929688,587900,166.16703104269646,0.0,1.0,yahoo,2023-12-13 16:24:29
2021-02-12,OIH,176.3300018310547,182.1499938964844,175.6199951171875,181.1999969482422,299500,168.65213534817258,0.0,1.0,yahoo,2023-12-13 16:24:29
2021-02-16,OIH,185.3099975585937,190.5,185.3000030517578,186.8500061035156,697600,173.91088879641777,0.0,1.0,yahoo,2023-12-13 16:24:29
2021-02-17,OIH,187.69000244140625,188.17999267578125,182.97000122070312,187.22000122070312,348700,174.2552622381011,0.0,1.0,yahoo,2023-12-13 16:24:29
2021-02-18,OIH,185.88999938964844,185.88999938964844,178.5,179.52999877929688,237000,167.09778235720307,0.0,1.0,yahoo,2023-12-13 16:24:29
2021-02-19,OIH,180.1499938964844,185.0599975585937,180.0,182.97000122070312,205100,170.29956915144794,0.0,1.0,yahoo,2023-12-13 16:24:29
2021-02-22,OIH,182.38999938964844,195.8600006103516,182.38999938964844,191.27999877929688,387900,178.0341103026559,0.0,1.0,yahoo,2023-12-13 16:24:29
2021-02-23,OIH,191.92999267578125,191.92999267578125,179.99000549316406,190.3800048828125,586200,177.19643980045512,0.0,1.0,yahoo,2023-12-13 16:24:29
2021-02-24,OIH,191.9100036621093,202.7899932861328,190.8000030517578,202.4100036621093,579500,188.3933769777987,0.0,1.0,yahoo,2023-12-13 16:24:29
2021-02-25,OIH,205.88999938964844,208.4499969482422,201.0,202.9499969482422,1201000,188.89597643869163,0.0,1.0,yahoo,2023-12-13 16:24:29
2021-02-26,OIH,199.58999633789065,202.9499969482422,190.5599975585937,200.67999267578125,763300,186.78316697816297,0.0,1.0,yahoo,2023-12-13 16:24:29
2021-03-01,OIH,205.759994506836,210.97999572753903,204.2899932861328,210.72999572753903,1466200,196.13722052938212,0.0,1.0,yahoo,2023-12-13 16:24:29
2021-03-02,OIH,209.88999938964844,213.0,203.72999572753903,203.97000122070312,398900,189.84534675608703,0.0,1.0,yahoo,2023-12-13 16:24:29
2021-03-03,OIH,205.07000732421875,210.69000244140625,205.0599975585937,205.7700042724609,658100,191.52070196262653,0.0,1.0,yahoo,2023-12-13 16:24:29
2021-03-04,OIH,208.42999267578125,213.3099975585937,201.1100006103516,208.7400054931641,1070600,194.2850345028823,0.0,1.0,yahoo,2023-12-13 16:24:29
2021-03-05,OIH,214.1600036621093,222.5200042724609,206.58999633789065,222.0,1007000,206.62679182047043,0.0,1.0,yahoo,2023-12-13 16:24:29
2021-03-08,OIH,222.82000732421875,228.02999877929688,217.4600067138672,225.77999877929688,613400,210.14503065313443,0.0,1.0,yahoo,2023-12-13 16:24:29
2021-03-09,OIH,225.0,225.3000030517578,215.8999938964844,216.3800048828125,427400,201.39597397762736,0.0,1.0,yahoo,2023-12-13 16:24:29
2021-03-10,OIH,216.3800048828125,227.3099975585937,215.2899932861328,226.6000061035156,639400,210.90825354805605,0.0,1.0,yahoo,2023-12-13 16:24:29
2021-03-11,OIH,228.009994506836,230.009994506836,222.38999938964844,222.9199981689453,807800,207.48308132555997,0.0,1.0,yahoo,2023-12-13 16:24:29
2021-03-12,OIH,222.5500030517578,225.7100067138672,218.1999969482422,220.72999572753903,746800,205.44473367444834,0.0,1.0,yahoo,2023-12-13 16:24:29
2021-03-15,OIH,221.5200042724609,222.63999938964844,216.0599975585937,218.5399932861328,687700,203.40638602333678,0.0,1.0,yahoo,2023-12-13 16:24:29
2021-03-16,OIH,215.2899932861328,215.2899932861328,207.509994506836,209.1100006103516,727200,194.6294079445656,0.0,1.0,yahoo,2023-12-13 16:24:29
2021-03-17,OIH,207.009994506836,212.33999633789065,206.3000030517578,211.4900054931641,527400,196.8446006177755,0.0,1.0,yahoo,2023-12-13 16:24:29
2021-03-18,OIH,210.07000732421875,210.8699951171875,197.58999633789065,199.1199951171875,793600,185.3311971998747,0.0,1.0,yahoo,2023-12-13 16:24:29
2021-03-19,OIH,198.4199981689453,203.2899932861328,194.759994506836,198.1699981689453,1673400,184.44698629152103,0.0,1.0,yahoo,2023-12-13 16:24:29
2021-03-22,OIH,197.9100036621093,197.9100036621093,192.75,195.8600006103516,670400,182.29695302735283,0.0,1.0,yahoo,2023-12-13 16:24:29
2021-03-23,OIH,190.8000030517578,193.3099975585937,184.1100006103516,185.63999938964844,776000,172.78467345692408,0.0,1.0,yahoo,2023-12-13 16:24:29
2021-03-24,OIH,189.8999938964844,195.07000732421875,188.32000732421875,188.6100006103516,828300,175.54900599717982,0.0,1.0,yahoo,2023-12-13 16:24:29
2021-03-25,OIH,184.8999938964844,191.1100006103516,179.5399932861328,190.4199981689453,581900,177.2336636040947,0.0,1.0,yahoo,2023-12-13 16:24:29
2021-03-26,OIH,194.5,196.5599975585937,191.6199951171875,196.1600036621093,523000,182.5761812621323,0.0,1.0,yahoo,2023-12-13 16:24:29
2021-03-29,OIH,194.6300048828125,196.5599975585937,189.19000244140625,190.6199951171875,535400,177.41981102656842,0.0,1.0,yahoo,2023-12-13 16:24:29
2021-03-30,OIH,188.07000732421875,192.82000732421875,187.6499938964844,189.8999938964844,402100,176.74966894395263,0.0,1.0,yahoo,2023-12-13 16:24:29
2021-03-31,OIH,190.3800048828125,192.509994506836,188.1100006103516,191.13999938964844,456300,177.9038056867105,0.0,1.0,yahoo,2023-12-13 16:24:29
2021-04-01,OIH,193.1499938964844,196.88999938964844,189.8600006103516,196.8000030517578,579500,183.17186153533112,0.0,1.0,yahoo,2023-12-13 16:24:29
2021-04-05,OIH,197.4900054931641,197.4900054931641,189.3699951171875,191.72999572753903,498700,178.45294555375628,0.0,1.0,yahoo,2023-12-13 16:24:29
2021-04-06,OIH,192.5800018310547,197.3500061035156,189.9900054931641,189.9900054931641,591200,176.8334473558831,0.0,1.0,yahoo,2023-12-13 16:24:29
2021-04-07,OIH,190.3099975585937,192.97000122070312,188.7100067138672,190.7100067138672,402500,177.5035894384989,0.0,1.0,yahoo,2023-12-13 16:24:29
2021-04-08,OIH,189.2899932861328,189.2899932861328,184.3300018310547,188.32000732421875,638900,175.27909436491356,0.0,1.0,yahoo,2023-12-13 16:24:29
2021-04-09,OIH,187.7700042724609,188.69000244140625,183.3800048828125,184.509994506836,346000,171.73291992684747,0.0,1.0,yahoo,2023-12-13 16:24:29
2021-04-12,OIH,185.8500061035156,187.3000030517578,182.19000244140625,183.4199981689453,422000,170.71840440254832,0.0,1.0,yahoo,2023-12-13 16:24:29
2021-04-13,OIH,182.5200042724609,182.9900054931641,179.22000122070312,181.02999877929688,391900,168.493909328963,0.0,1.0,yahoo,2023-12-13 16:24:29
2021-04-14,OIH,183.07000732421875,194.0500030517578,183.0200042724609,190.58999633789065,651200,177.39188962330428,0.0,1.0,yahoo,2023-12-13 16:24:29
2021-04-15,OIH,191.3800048828125,191.3800048828125,184.3699951171875,186.1300048828125,485500,173.240746713802,0.0,1.0,yahoo,2023-12-13 16:24:29
2021-04-16,OIH,187.3999938964844,187.9600067138672,182.5,183.4600067138672,311100,170.75564240832585,0.0,1.0,yahoo,2023-12-13 16:24:29
2021-04-19,OIH,183.5500030517578,186.02999877929688,181.4499969482422,183.0500030517578,242900,170.37403096086504,0.0,1.0,yahoo,2023-12-13 16:24:29
2021-04-20,OIH,182.1300048828125,182.3999938964844,172.33999633789062,174.25999450683594,669100,162.19271895315455,0.0,1.0,yahoo,2023-12-13 16:24:29
2021-04-21,OIH,170.33999633789062,176.24000549316406,168.2100067138672,175.99000549316406,714600,163.80292895279035,0.0,1.0,yahoo,2023-12-13 16:24:29
2021-04-22,OIH,177.36000061035156,177.5800018310547,172.67999267578125,174.22000122070312,728000,162.155495149515,0.0,1.0,yahoo,2023-12-13 16:24:29
2021-04-23,OIH,174.22000122070312,178.0399932861328,171.7899932861328,176.11000061035156,341300,163.914614565847,0.0,1.0,yahoo,2023-12-13 16:24:29
2021-04-26,OIH,176.52000427246094,181.58999633789065,176.52000427246094,179.72999572753906,427200,167.2839297796768,0.0,1.0,yahoo,2023-12-13 16:24:29
2021-04-27,OIH,179.7899932861328,180.82000732421875,173.7100067138672,178.75999450683594,393100,166.38109986843435,0.0,1.0,yahoo,2023-12-13 16:24:29
2021-04-28,OIH,179.64999389648438,190.02999877929688,179.64999389648438,189.0399932861328,717300,175.9492222453914,0.0,1.0,yahoo,2023-12-13 16:24:29
2021-04-29,OIH,190.82000732421875,192.8600006103516,186.1100006103516,189.7100067138672,896200,176.57283812399226,0.0,1.0,yahoo,2023-12-13 16:24:29
2021-04-30,OIH,187.44000244140625,189.6600036621093,182.4199981689453,182.6300048828125,509800,169.9831171130288,0.0,1.0,yahoo,2023-12-13 16:24:29
2021-05-03,OIH,186.72999572753903,193.0200042724609,186.4900054931641,191.47999572753903,529200,178.2202577251296,0.0,1.0,yahoo,2023-12-13 16:24:29
2021-05-04,OIH,191.9499969482422,194.5599975585937,187.97999572753903,193.2899932861328,1010600,179.90491533204454,0.0,1.0,yahoo,2023-12-13 16:24:29
2021-05-05,OIH,196.0,205.07000732421875,194.0,204.7100067138672,2475500,190.5341078415916,0.0,1.0,yahoo,2023-12-13 16:24:29
2021-05-06,OIH,204.6499938964844,207.2899932861328,198.3000030517578,207.0800018310547,1753000,192.73998391228815,0.0,1.0,yahoo,2023-12-13 16:24:29
2021-05-07,OIH,203.57000732421875,217.97999572753903,202.009994506836,217.2899932861328,2390500,202.2429468802035,0.0,1.0,yahoo,2023-12-13 16:24:29
2021-05-10,OIH,219.9100036621093,223.8999938964844,212.009994506836,212.2400054931641,1914900,197.54266410365548,0.0,1.0,yahoo,2023-12-13 16:24:29
2021-05-11,OIH,206.1100006103516,214.0,204.759994506836,211.42999267578125,1399700,196.7887436091092,0.0,1.0,yahoo,2023-12-13 16:24:29
2021-05-12,OIH,212.22000122070312,220.6499938964844,211.4900054931641,212.1199951171875,1503200,197.4309642884608,0.0,1.0,yahoo,2023-12-13 16:24:29
2021-05-13,OIH,209.1100006103516,214.72999572753903,204.7400054931641,210.2100067138672,1130500,195.65324007137804,0.0,1.0,yahoo,2023-12-13 16:24:29
2021-05-14,OIH,213.2400054931641,219.5500030517578,213.2400054931641,217.92999267578125,1007000,202.83862715340223,0.0,1.0,yahoo,2023-12-13 16:24:29
2021-05-17,OIH,216.6999969482422,225.33999633789065,214.75,225.0800018310547,917900,209.49350757340738,0.0,1.0,yahoo,2023-12-13 16:24:29
2021-05-18,OIH,225.0800018310547,226.3699951171875,218.47999572753903,218.69000244140625,965600,203.54600724179556,0.0,1.0,yahoo,2023-12-13 16:24:29
2021-05-19,OIH,211.97999572753903,214.509994506836,208.0800018310547,212.1999969482422,1000700,197.50542609787792,0.0,1.0,yahoo,2023-12-13 16:24:29
2021-05-20,OIH,211.72000122070312,212.0200042724609,205.67999267578125,210.8500061035156,1063600,196.24892034457673,0.0,1.0,yahoo,2023-12-13 16:24:29
2021-05-21,OIH,214.0,215.0399932861328,211.6600036621093,212.759994506836,788600,198.0266445616596,0.0,1.0,yahoo,2023-12-13 16:24:29
2021-05-24,OIH,214.7700042724609,214.7700042724609,210.07000732421875,212.6999969482422,650100,197.97080175513122,0.0,1.0,yahoo,2023-12-13 16:24:29
2021-05-25,OIH,211.97000122070312,213.5200042724609,207.0599975585937,207.3999938964844,582000,193.03781694781856,0.0,1.0,yahoo,2023-12-13 16:24:29
2021-05-26,OIH,206.9499969482422,212.1600036621093,205.7899932861328,210.7400054931641,388000,196.14653713189554,0.0,1.0,yahoo,2023-12-13 16:24:29
2021-05-27,OIH,212.97999572753903,216.1300048828125,212.8500061035156,214.1100006103516,367000,199.2831645170987,0.0,1.0,yahoo,2023-12-13 16:24:29
2021-05-28,OIH,215.8800048828125,215.8800048828125,210.77999877929688,212.8800048828125,428400,198.13834437685418,0.0,1.0,yahoo,2023-12-13 16:24:29
2021-06-01,OIH,218.4499969482422,224.3800048828125,218.1999969482422,223.19000244140625,1077000,207.7343881570754,0.0,1.0,yahoo,2023-12-13 16:24:29
2021-06-02,OIH,226.02999877929688,241.6199951171875,221.6499938964844,240.25,3570700,223.6130033102163,0.0,1.0,yahoo,2023-12-13 16:24:29
2021-06-03,OIH,238.97000122070312,245.0500030517578,236.009994506836,243.13999938964844,2287100,226.30287404105493,0.0,1.0,yahoo,2023-12-13 16:24:29
2021-06-04,OIH,245.4499969482422,248.08999633789065,239.2700042724609,244.63999938964844,1351500,227.69900101281485,0.0,1.0,yahoo,2023-12-13 16:24:29
2021-06-07,OIH,245.3999938964844,246.63999938964844,237.259994506836,238.88999938964844,1247100,222.34718095440178,0.0,1.0,yahoo,2023-12-13 16:24:29
2021-06-08,OIH,237.25,241.17999267578125,233.6499938964844,239.1999969482422,1201200,222.63571158955676,0.0,1.0,yahoo,2023-12-13 16:24:29
2021-06-09,OIH,240.009994506836,241.2700042724609,235.77999877929688,236.88999938964844,786600,220.48567832538853,0.0,1.0,yahoo,2023-12-13 16:24:29
2021-06-10,OIH,239.58999633789065,241.13999938964844,231.009994506836,234.0599975585937,913800,217.85165040107816,0.0,1.0,yahoo,2023-12-13 16:24:29
2021-06-11,OIH,236.0,238.33999633789065,233.9600067138672,235.3500061035156,654600,219.052327549989,0.0,1.0,yahoo,2023-12-13 16:24:29
2021-06-14,OIH,236.22999572753903,238.4100036621093,229.32000732421875,231.0599975585937,1272200,215.0593964575583,0.0,1.0,yahoo,2023-12-13 16:24:29
2021-06-15,OIH,231.5599975585937,236.9900054931641,231.3999938964844,236.5200042724609,906400,220.1413048837052,0.0,1.0,yahoo,2023-12-13 16:24:29
2021-06-16,OIH,235.5200042724609,241.0,232.5,236.4499969482422,1297700,220.07614547466355,0.0,1.0,yahoo,2023-12-13 16:24:29
2021-06-17,OIH,235.33999633789065,237.3300018310547,217.4499969482422,223.1199951171875,2287600,207.66922874803367,0.0,1.0,yahoo,2023-12-13 16:24:29
2021-06-18,OIH,217.8800048828125,222.77999877929688,215.88999938964844,216.88999938964844,1432800,201.87065203525606,0.0,1.0,yahoo,2023-12-13 16:24:29
2021-06-21,OIH,218.88999938964844,230.3000030517578,218.88999938964844,229.009994506836,1477600,213.15135342239222,0.0,1.0,yahoo,2023-12-13 16:24:29
2021-06-22,OIH,227.57000732421875,229.3800048828125,224.4600067138672,228.52999877929688,894900,212.70459676802764,0.0,1.0,yahoo,2023-12-13 16:24:29
2021-06-23,OIH,231.88999938964844,237.0500030517578,227.2700042724609,227.6100006103516,1428500,211.84830726293814,0.0,1.0,yahoo,2023-12-13 16:24:29
2021-06-24,OIH,228.8999938964844,232.19000244140625,226.0800018310547,231.69000244140625,886400,215.64577433038167,0.0,1.0,yahoo,2023-12-13 16:24:29
2021-06-25,OIH,232.72999572753903,233.27999877929688,228.58999633789065,229.0399932861328,434300,213.17927482565634,0.0,1.0,yahoo,2023-12-13 16:24:29
2021-06-28,OIH,228.52999877929688,228.52999877929688,215.2400054931641,217.8300018310547,1288000,202.74556054323435,0.0,1.0,yahoo,2023-12-13 16:24:29
2021-06-29,OIH,220.1199951171875,223.1100006103516,217.67999267578125,217.8300018310547,1070700,202.74556054323435,0.0,1.0,yahoo,2023-12-13 16:24:29
2021-06-30,OIH,219.0,222.3099975585937,217.58999633789065,218.92999267578125,836800,203.76937846790887,0.0,1.0,yahoo,2023-12-13 16:24:29
2021-07-01,OIH,225.9199981689453,229.8600006103516,224.72999572753903,227.8500061035156,1057800,212.07169269118933,0.0,1.0,yahoo,2023-12-13 16:24:29
2021-07-02,OIH,227.3000030517578,227.3000030517578,222.97999572753903,226.0500030517578,594500,210.39633748464985,0.0,1.0,yahoo,2023-12-13 16:24:29
2021-07-06,OIH,225.3699951171875,225.509994506836,210.42999267578125,212.5399932861328,1568200,197.82187813629704,0.0,1.0,yahoo,2023-12-13 16:24:29
2021-07-07,OIH,212.0,214.5,204.1600036621093,207.8800048828125,1461600,193.48458780432105,0.0,1.0,yahoo,2023-12-13 16:24:29
2021-07-08,OIH,202.5599975585937,209.6100006103516,201.58999633789065,207.32000732421875,1014800,192.96336934053943,0.0,1.0,yahoo,2023-12-13 16:24:29
2021-07-09,OIH,211.6000061035156,215.6300048828125,209.1699981689453,213.6199951171875,846400,198.82709126022075,0.0,1.0,yahoo,2023-12-13 16:24:29
2021-07-12,OIH,210.9499969482422,215.47000122070312,207.7700042724609,214.0,530400,199.18078130441742,0.0,1.0,yahoo,2023-12-13 16:24:29
2021-07-13,OIH,212.22999572753903,212.77999877929688,207.69000244140625,209.6999969482422,857300,195.17854781161137,0.0,1.0,yahoo,2023-12-13 16:24:29
2021-07-14,OIH,211.3800048828125,215.88999938964844,200.67999267578125,202.0800018310547,1099200,188.08622733975503,0.0,1.0,yahoo,2023-12-13 16:24:29
2021-07-15,OIH,198.9900054931641,202.69000244140625,193.8699951171875,194.58999633789065,2083800,181.11489488133077,0.0,1.0,yahoo,2023-12-13 16:24:29
2021-07-16,OIH,197.9600067138672,198.44000244140625,187.759994506836,189.3500061035156,1875300,176.23776708268431,0.0,1.0,yahoo,2023-12-13 16:24:29
2021-07-19,OIH,180.6699981689453,184.5800018310547,177.33999633789062,181.6000061035156,1794000,169.024444395258,0.0,1.0,yahoo,2023-12-13 16:24:29
2021-07-20,OIH,182.3800048828125,188.5800018310547,180.02000427246094,185.7700042724609,1443200,172.90567567249406,0.0,1.0,yahoo,2023-12-13 16:24:29
2021-07-21,OIH,191.4199981689453,196.63999938964844,190.9100036621093,194.22000122070312,1440400,180.77052143964747,0.0,1.0,yahoo,2023-12-13 16:24:29
2021-07-22,OIH,194.47999572753903,194.47999572753903,187.92999267578125,190.6300048828125,1138400,177.4291276290818,0.0,1.0,yahoo,2023-12-13 16:24:29
2021-07-23,OIH,191.9600067138672,192.4900054931641,184.58999633789065,188.25,858400,175.21393495587188,0.0,1.0,yahoo,2023-12-13 16:24:29
2021-07-26,OIH,189.8300018310547,197.19000244140625,189.3800048828125,195.0599975585937,892900,181.55234913531984,0.0,1.0,yahoo,2023-12-13 16:24:29
2021-07-27,OIH,193.0500030517578,193.44000244140625,190.22000122070312,192.1100006103516,521000,178.80663559795298,0.0,1.0,yahoo,2023-12-13 16:24:29
2021-07-28,OIH,193.509994506836,196.1000061035156,188.7899932861328,193.6100006103516,566400,180.20276256971292,0.0,1.0,yahoo,2023-12-13 16:24:29
2021-07-29,OIH,196.58999633789065,197.9199981689453,193.0500030517578,196.1199951171875,634600,182.53894325635486,0.0,1.0,yahoo,2023-12-13 16:24:29
2021-07-30,OIH,194.7400054931641,195.1100006103516,189.75,190.8699951171875,841400,177.6524988551951,0.0,1.0,yahoo,2023-12-13 16:24:29
2021-08-02,OIH,191.1000061035156,198.7899932861328,187.75,188.5599975585937,1057100,175.5024655910268,0.0,1.0,yahoo,2023-12-13 16:24:29
2021-08-03,OIH,187.27999877929688,191.1199951171875,182.63999938964844,191.0399932861328,798000,177.81072487440466,0.0,1.0,yahoo,2023-12-13 16:24:29
2021-08-04,OIH,187.02999877929688,187.6600036621093,178.7100067138672,179.02999877929688,1209100,166.63240669994977,0.0,1.0,yahoo,2023-12-13 16:24:29
2021-08-05,OIH,180.5,185.07000732421875,179.52000427246094,181.8800048828125,1049400,169.28505362714884,0.0,1.0,yahoo,2023-12-13 16:24:29
2021-08-06,OIH,184.1600036621093,187.5,183.2100067138672,185.9100036621093,924700,173.03598028843942,0.0,1.0,yahoo,2023-12-13 16:24:29
2021-08-09,OIH,182.3999938964844,183.8099975585937,178.75999450683594,183.0200042724609,1257900,170.34610955760084,0.0,1.0,yahoo,2023-12-13 16:24:29
2021-08-10,OIH,184.1999969482422,189.3999938964844,184.0399932861328,187.9900054931641,733100,174.97194472686985,0.0,1.0,yahoo,2023-12-13 16:24:29
2021-08-11,OIH,186.19000244140625,191.4199981689453,184.1600036621093,190.6000061035156,862400,177.40120622581762,0.0,1.0,yahoo,2023-12-13 16:24:29
2021-08-12,OIH,190.38999938964844,191.72000122070312,184.8800048828125,187.8000030517578,714500,174.7950997047715,0.0,1.0,yahoo,2023-12-13 16:24:29
2021-08-13,OIH,187.3500061035156,187.8600006103516,183.4600067138672,184.02999877929688,856400,171.2861632724829,0.0,1.0,yahoo,2023-12-13 16:24:29
2021-08-16,OIH,180.8099975585937,180.8099975585937,176.63999938964844,179.38999938964844,869600,166.96747774125768,0.0,1.0,yahoo,2023-12-13 16:24:29
2021-08-17,OIH,178.0,180.9499969482422,173.3800048828125,175.72999572753906,900400,163.56092452165032,0.0,1.0,yahoo,2023-12-13 16:24:29
2021-08-18,OIH,176.39999389648438,179.6199951171875,173.38999938964844,173.5500030517578,624500,161.5318934730521,0.0,1.0,yahoo,2023-12-13 16:24:29
2021-08-19,OIH,170.0399932861328,171.05999755859375,165.11000061035156,167.6699981689453,1068500,156.059071199069,0.0,1.0,yahoo,2023-12-13 16:24:29
2021-08-20,OIH,165.74000549316406,169.6699981689453,164.41000366210938,168.5,773300,156.83159649436607,0.0,1.0,yahoo,2023-12-13 16:24:29
2021-08-23,OIH,173.3699951171875,178.1999969482422,173.3699951171875,176.69000244140625,731600,164.4544520325174,0.0,1.0,yahoo,2023-12-13 16:24:29
2021-08-24,OIH,179.22999572753906,184.0200042724609,179.02999877929688,182.58999633789065,863500,169.9458791072513,0.0,1.0,yahoo,2023-12-13 16:24:29
2021-08-25,OIH,182.97999572753903,185.58999633789065,180.4100036621093,183.7899932861328,669300,171.06277784423162,0.0,1.0,yahoo,2023-12-13 16:24:29
2021-08-26,OIH,182.08999633789065,184.69000244140625,180.75,181.3999938964844,434100,168.83828277064634,0.0,1.0,yahoo,2023-12-13 16:24:29
2021-08-27,OIH,183.9499969482422,192.6199951171875,183.9499969482422,191.2899932861328,873800,178.0434127030313,0.0,1.0,yahoo,2023-12-13 16:24:29
2021-08-30,OIH,192.8000030517578,193.97000122070312,186.1600036621093,186.1699981689453,603100,173.27797051744153,0.0,1.0,yahoo,2023-12-13 16:24:29
2021-08-31,OIH,184.9499969482422,188.63999938964844,184.2700042724609,185.77999877929688,428200,172.91497807286947,0.0,1.0,yahoo,2023-12-13 16:24:29
2021-09-01,OIH,185.5500030517578,186.52999877929688,183.75,184.8300018310547,543600,172.0307671645158,0.0,1.0,yahoo,2023-12-13 16:24:29
2021-09-02,OIH,187.38999938964844,191.509994506836,186.8099975585937,189.8300018310547,455300,176.6845237370489,0.0,1.0,yahoo,2023-12-13 16:24:29
2021-09-03,OIH,190.1100006103516,191.8000030517578,186.1300048828125,186.759994506836,583100,173.82711038448738,0.0,1.0,yahoo,2023-12-13 16:24:29
2021-09-07,OIH,185.0,189.5399932861328,184.2700042724609,186.33999633789065,589300,173.43619653665112,0.0,1.0,yahoo,2023-12-13 16:24:29
2021-09-08,OIH,186.7100067138672,188.509994506836,179.69000244140625,179.94000244140625,553900,167.4793938046639,0.0,1.0,yahoo,2023-12-13 16:24:29
2021-09-09,OIH,179.17999267578125,184.6699981689453,177.89999389648438,181.1600036621093,561300,168.61491154453296,0.0,1.0,yahoo,2023-12-13 16:24:29
2021-09-10,OIH,183.8500061035156,185.08999633789065,180.72999572753903,181.92999267578125,523300,169.3315798311638,0.0,1.0,yahoo,2023-12-13 16:24:29
2021-09-13,OIH,184.92999267578125,192.259994506836,184.92999267578125,190.9900054931641,1132700,177.76419867038973,0.0,1.0,yahoo,2023-12-13 16:24:29
2021-09-14,OIH,193.5500030517578,193.9499969482422,185.94000244140625,186.94000244140625,725500,173.99465300621029,0.0,1.0,yahoo,2023-12-13 16:24:29
2021-09-15,OIH,190.1199951171875,196.72000122070312,189.3600006103516,194.77999877929688,1436600,181.2917399034291,0.0,1.0,yahoo,2023-12-13 16:24:29
2021-09-16,OIH,193.8300018310547,193.97000122070312,188.1999969482422,190.509994506836,586900,177.31742781388724,0.0,1.0,yahoo,2023-12-13 16:24:29
2021-09-17,OIH,188.8999938964844,191.009994506836,184.63999938964844,185.5500030517578,832300,172.7009092471316,0.0,1.0,yahoo,2023-12-13 16:24:29
2021-09-20,OIH,178.85000610351562,181.6199951171875,174.85000610351562,178.9600067138672,1114900,166.56726149304606,0.0,1.0,yahoo,2023-12-13 16:24:29
2021-09-21,OIH,181.3300018310547,182.8600006103516,174.91000366210938,178.02000427246094,844900,165.69235298506774,0.0,1.0,yahoo,2023-12-13 16:24:29
2021-09-22,OIH,181.92999267578125,185.9499969482422,179.97999572753906,180.1300048828125,813900,167.65623882676223,0.0,1.0,yahoo,2023-12-13 16:24:29
2021-09-23,OIH,181.7700042724609,190.57000732421875,180.0500030517578,189.69000244140625,1110500,176.5542191211035,0.0,1.0,yahoo,2023-12-13 16:24:29
2021-09-24,OIH,187.88999938964844,192.2400054931641,187.57000732421875,190.4100036621093,550200,177.2243612037192,0.0,1.0,yahoo,2023-12-13 16:24:29
2021-09-27,OIH,195.52999877929688,202.5200042724609,195.52999877929688,200.9900054931641,1403000,187.07171181545596,0.0,1.0,yahoo,2023-12-13 16:24:29
2021-09-28,OIH,203.5399932861328,209.33999633789065,201.0,201.4199981689453,1544500,187.47192806366755,0.0,1.0,yahoo,2023-12-13 16:24:29
2021-09-29,OIH,201.6000061035156,201.6699981689453,196.77999877929688,199.25,860100,185.45219941544474,0.0,1.0,yahoo,2023-12-13 16:24:29
2021-09-30,OIH,198.4100036621093,200.1000061035156,194.47999572753903,197.009994506836,905000,183.36731135818027,0.0,1.0,yahoo,2023-12-13 16:24:29
2021-10-01,OIH,198.19000244140625,206.0,197.1999969482422,204.4900054931641,1226800,190.32934141622914,0.0,1.0,yahoo,2023-12-13 16:24:29
2021-10-04,OIH,208.72000122070312,212.77999877929688,207.1300048828125,210.2899932861328,1860700,195.72768767865716,0.0,1.0,yahoo,2023-12-13 16:24:29
2021-10-05,OIH,213.3300018310547,215.3500061035156,207.22000122070312,210.69000244140625,1467100,196.09999672574259,0.0,1.0,yahoo,2023-12-13 16:24:29
2021-10-06,OIH,205.7100067138672,208.13999938964844,199.07000732421875,202.47000122070312,1489600,188.4492197843271,0.0,1.0,yahoo,2023-12-13 16:24:29
2021-10-07,OIH,203.0,209.7899932861328,202.509994506836,208.1199951171875,1204800,193.70795903043432,0.0,1.0,yahoo,2023-12-13 16:24:29
2021-10-08,OIH,210.92999267578125,215.8999938964844,210.5,214.0399932861328,1097100,199.21800510805699,0.0,1.0,yahoo,2023-12-13 16:24:29
2021-10-11,OIH,218.1000061035156,222.47999572753903,215.259994506836,215.5200042724609,1136500,200.59552727906612,0.0,1.0,yahoo,2023-12-13 16:24:29
2021-10-12,OIH,215.13999938964844,218.9900054931641,213.07000732421875,216.0200042724609,1265000,201.06090293631942,0.0,1.0,yahoo,2023-12-13 16:24:29
2021-10-13,OIH,214.1999969482422,217.9900054931641,210.3300018310547,217.3000030517578,1003400,202.2522634827169,0.0,1.0,yahoo,2023-12-13 16:24:29
2021-10-14,OIH,220.0,221.77999877929688,217.1999969482422,220.17999267578125,908000,204.93281761104214,0.0,1.0,yahoo,2023-12-13 16:24:29
2021-10-15,OIH,222.7100067138672,225.8300018310547,222.7100067138672,223.9600067138672,1160800,208.4510706458441,0.0,1.0,yahoo,2023-12-13 16:24:29
2021-10-18,OIH,225.9100036621093,229.27999877929688,223.0,225.27999877929688,963700,209.6796549958811,0.0,1.0,yahoo,2023-12-13 16:24:29
2021-10-19,OIH,225.5800018310547,227.57000732421875,221.19000244140625,226.1300048828125,845100,210.47079929406692,0.0,1.0,yahoo,2023-12-13 16:24:29
2021-10-20,OIH,224.22000122070312,227.4499969482422,222.38999938964844,227.3699951171875,778500,211.62492183468683,0.0,1.0,yahoo,2023-12-13 16:24:29
2021-10-21,OIH,225.8300018310547,226.02999877929688,218.8600006103516,221.3999938964844,881400,206.06833535091127,0.0,1.0,yahoo,2023-12-13 16:24:29
2021-10-22,OIH,221.1100006103516,223.25,218.7700042724609,221.8300018310547,922400,206.46856580126087,0.0,1.0,yahoo,2023-12-13 16:24:29
2021-10-25,OIH,224.8999938964844,228.009994506836,223.5800018310547,224.8800048828125,816500,209.30736015093365,0.0,1.0,yahoo,2023-12-13 16:24:29
2021-10-26,OIH,226.5399932861328,228.22999572753903,224.32000732421875,225.3300018310547,1006200,209.72619540203402,0.0,1.0,yahoo,2023-12-13 16:24:29
2021-10-27,OIH,221.4199981689453,223.8600006103516,212.97999572753903,213.9600067138672,1100800,199.1435575007779,0.0,1.0,yahoo,2023-12-13 16:24:29
2021-10-28,OIH,213.0500030517578,217.259994506836,213.009994506836,217.009994506836,492300,201.98233764831275,0.0,1.0,yahoo,2023-12-13 16:24:29
2021-10-29,OIH,216.6600036621093,216.6600036621093,209.5,210.2400054931641,1265200,195.68116147464224,0.0,1.0,yahoo,2023-12-13 16:24:29
2021-11-01,OIH,212.72999572753903,218.0,212.72999572753903,216.8099975585937,1010000,201.79619022583893,0.0,1.0,yahoo,2023-12-13 16:24:29
2021-11-02,OIH,215.63999938964844,216.58999633789065,213.3000030517578,215.4900054931641,590900,200.567605875802,0.0,1.0,yahoo,2023-12-13 16:24:29
2021-11-03,OIH,211.6600036621093,217.9199981689453,210.509994506836,214.6199951171875,824100,199.7578425747274,0.0,1.0,yahoo,2023-12-13 16:24:29
2021-11-04,OIH,219.6499938964844,222.47999572753903,211.17999267578125,213.9199981689453,855900,199.10631949500035,0.0,1.0,yahoo,2023-12-13 16:24:29
2021-11-05,OIH,217.44000244140625,219.6499938964844,215.3600006103516,216.3300018310547,537600,201.34943357147444,0.0,1.0,yahoo,2023-12-13 16:24:29
2021-11-08,OIH,217.9900054931641,223.5599975585937,217.4499969482422,220.0500030517578,761700,204.8118295976101,0.0,1.0,yahoo,2023-12-13 16:24:29
2021-11-09,OIH,219.63999938964844,221.6100006103516,214.3600006103516,221.4499969482422,896800,206.11487575706417,0.0,1.0,yahoo,2023-12-13 16:24:29
2021-11-10,OIH,218.9900054931641,220.0500030517578,208.8600006103516,209.82000732421875,971100,195.29024762680598,0.0,1.0,yahoo,2023-12-13 16:24:29
2021-11-11,OIH,210.0599975585937,212.3500061035156,209.13999938964844,209.33999633789065,467000,194.84347677030348,0.0,1.0,yahoo,2023-12-13 16:24:29
2021-11-12,OIH,207.9199981689453,209.2899932861328,204.88999938964844,206.3800048828125,607300,192.0884608325611,0.0,1.0,yahoo,2023-12-13 16:24:29
2021-11-15,OIH,205.6999969482422,206.8800048828125,202.1999969482422,204.4100036621093,670700,190.25487960681195,0.0,1.0,yahoo,2023-12-13 16:24:29
2021-11-16,OIH,205.8999938964844,209.1499938964844,203.75,206.63999938964844,526300,192.33045106156317,0.0,1.0,yahoo,2023-12-13 16:24:29
2021-11-17,OIH,203.6000061035156,205.17999267578125,197.8800048828125,198.97000122070312,928100,185.19159018355393,0.0,1.0,yahoo,2023-12-13 16:24:29
2021-11-18,OIH,198.0,199.6999969482422,191.8800048828125,194.13999938964844,957300,180.69605963023037,0.0,1.0,yahoo,2023-12-13 16:24:29
2021-11-19,OIH,188.42999267578125,189.2100067138672,183.0200042724609,183.7700042724609,1324200,171.0441730434808,0.0,1.0,yahoo,2023-12-13 16:24:29
2021-11-22,OIH,183.8000030517578,189.88999938964844,183.8000030517578,185.7899932861328,1106900,172.92428047324486,0.0,1.0,yahoo,2023-12-13 16:24:29
2021-11-23,OIH,189.3699951171875,194.2400054931641,189.22999572753903,192.3099975585937,1338700,178.99278302042663,0.0,1.0,yahoo,2023-12-13 16:24:29
2021-11-24,OIH,190.3099975585937,194.97000122070312,190.02999877929688,192.3999938964844,712700,179.0765472302192,0.0,1.0,yahoo,2023-12-13 16:24:29
2021-11-26,OIH,179.63999938964844,182.33999633789065,176.55999755859375,181.72999572753903,1092600,169.14543240869003,0.0,1.0,yahoo,2023-12-13 16:24:29
2021-11-29,OIH,187.3000030517578,188.4900054931641,181.88999938964844,183.6199951171875,768100,170.90455182502205,0.0,1.0,yahoo,2023-12-13 16:24:29
2021-11-30,OIH,179.4499969482422,181.7700042724609,175.47999572753906,178.36000061035156,1455200,166.0088050234869,0.0,1.0,yahoo,2023-12-13 16:24:29
2021-12-01,OIH,184.3600006103516,185.6600036621093,174.8000030517578,174.92999267578125,1193300,162.81632062961742,0.0,1.0,yahoo,2023-12-13 16:24:29
2021-12-02,OIH,174.80999755859375,181.94000244140625,172.32000732421875,181.33999633789065,1257400,168.78243996411803,0.0,1.0,yahoo,2023-12-13 16:24:29
2021-12-03,OIH,184.2100067138672,185.5,177.86000061035156,180.11000061035156,795800,167.63761982387348,0.0,1.0,yahoo,2023-12-13 16:24:29
2021-12-06,OIH,183.3300018310547,188.5599975585937,180.2899932861328,186.19000244140625,943800,173.29658952033031,0.0,1.0,yahoo,2023-12-13 16:24:29
2021-12-07,OIH,189.02999877929688,194.3500061035156,189.02999877929688,192.1100006103516,656500,178.80663559795298,0.0,1.0,yahoo,2023-12-13 16:24:29
2021-12-08,OIH,192.6199951171875,196.13999938964844,191.52999877929688,195.08999633789065,564500,181.5802705385841,0.0,1.0,yahoo,2023-12-13 16:24:29
2021-12-09,OIH,192.1699981689453,194.13999938964844,190.02999877929688,193.4900054931641,986100,180.09107695665628,0.0,1.0,yahoo,2023-12-13 16:24:29
2021-12-10,OIH,195.5800018310547,197.88999938964844,191.8800048828125,197.2400054931641,1195200,183.58139438605613,0.0,1.0,yahoo,2023-12-13 16:24:29
2021-12-13,OIH,194.3999938964844,195.009994506836,187.69000244140625,188.7700042724609,509000,175.69792961601394,0.0,1.0,yahoo,2023-12-13 16:24:29
2021-12-14,OIH,186.7400054931641,192.07000732421875,185.19000244140625,185.44000244140625,867000,172.59852603445034,0.0,1.0,yahoo,2023-12-13 16:24:29
2021-12-15,OIH,184.88999938964844,186.38999938964844,178.16000366210938,185.1499938964844,889200,172.32860020004617,0.0,1.0,yahoo,2023-12-13 16:24:29
2021-12-16,OIH,187.4900054931641,191.44000244140625,185.1000061035156,185.9499969482422,821000,173.07320409207904,0.0,1.0,yahoo,2023-12-13 16:24:29
2021-12-17,OIH,184.1999969482422,185.3699951171875,178.75,182.8099975585937,678800,170.1506455326137,0.0,1.0,yahoo,2023-12-13 16:24:29
2021-12-20,OIH,176.2100067138672,178.0,171.3000030517578,176.85000610351562,781600,166.247572440292,1.808,1.0,yahoo,2023-12-13 16:24:29
2021-12-21,OIH,179.05999755859375,186.2100067138672,179.05999755859375,186.1300048828125,755000,174.97122082062592,0.0,1.0,yahoo,2023-12-13 16:24:29
2021-12-22,OIH,185.1699981689453,187.8999938964844,183.0,186.97000122070312,371700,175.76085806808697,0.0,1.0,yahoo,2023-12-13 16:24:29
2021-12-23,OIH,187.6600036621093,189.25,186.6600036621093,187.0500030517578,583900,175.83606366460722,0.0,1.0,yahoo,2023-12-13 16:24:29
2021-12-27,OIH,186.8099975585937,189.83999633789065,182.88999938964844,189.6100006103516,452700,178.24258537725095,0.0,1.0,yahoo,2023-12-13 16:24:29
2021-12-28,OIH,189.7899932861328,192.0,187.2100067138672,188.67999267578125,470400,177.36833286870407,0.0,1.0,yahoo,2023-12-13 16:24:29
2021-12-29,OIH,188.2400054931641,188.8699951171875,185.25,185.4499969482422,471800,174.33198042220445,0.0,1.0,yahoo,2023-12-13 16:24:29
2021-12-30,OIH,185.4600067138672,187.6300048828125,184.0800018310547,184.4499969482422,581200,173.39193198170295,0.0,1.0,yahoo,2023-12-13 16:24:29
2021-12-31,OIH,184.0,185.7700042724609,182.6600036621093,184.83999633789065,423700,173.75855029973852,0.0,1.0,yahoo,2023-12-13 16:24:29
2022-01-03,OIH,185.83999633789065,197.52999877929688,185.83999633789065,197.2899932861328,965200,185.4621505151821,0.0,1.0,yahoo,2023-12-13 16:24:29
2022-01-04,OIH,199.83999633789065,207.7899932861328,199.8099975585937,205.8999938964844,1358200,193.55596816166013,0.0,1.0,yahoo,2023-12-13 16:24:29
2022-01-05,OIH,208.9900054931641,210.9499969482422,202.92999267578125,202.9900054931641,1001300,190.82043810124142,0.0,1.0,yahoo,2023-12-13 16:24:29
2022-01-06,OIH,208.72000122070312,211.1000061035156,205.0,209.0599975585937,975400,196.52652467620504,0.0,1.0,yahoo,2023-12-13 16:24:29
2022-01-07,OIH,209.7899932861328,212.4600067138672,208.47999572753903,211.8800048828125,822300,199.17746816353974,0.0,1.0,yahoo,2023-12-13 16:24:29
2022-01-10,OIH,211.69000244140625,212.6999969482422,206.8999938964844,211.8999938964844,799200,199.19625880466918,0.0,1.0,yahoo,2023-12-13 16:24:29
2022-01-11,OIH,213.1699981689453,221.47000122070312,211.5599975585937,220.63999938964844,1223800,207.41228733849266,0.0,1.0,yahoo,2023-12-13 16:24:29
2022-01-12,OIH,221.3300018310547,222.3500061035156,217.32000732421875,219.5599975585937,1011000,206.39703330147086,0.0,1.0,yahoo,2023-12-13 16:24:29
2022-01-13,OIH,219.5599975585937,224.1100006103516,217.77999877929688,218.6100006103516,1207000,205.50399015179468,0.0,1.0,yahoo,2023-12-13 16:24:29
2022-01-14,OIH,218.6999969482422,228.6000061035156,218.3000030517578,228.2100067138672,1255400,214.52846091820948,0.0,1.0,yahoo,2023-12-13 16:24:29
2022-01-18,OIH,231.259994506836,231.8999938964844,223.0,225.1000061035156,1392900,211.60490969448972,0.0,1.0,yahoo,2023-12-13 16:24:29
2022-01-19,OIH,227.6600036621093,227.6600036621093,218.88999938964844,221.4499969482422,1023400,208.17372428025874,0.0,1.0,yahoo,2023-12-13 16:24:29
2022-01-20,OIH,219.6499938964844,227.4100036621093,217.9499969482422,218.57000732421875,1058500,205.46639452553498,0.0,1.0,yahoo,2023-12-13 16:24:29
2022-01-21,OIH,215.6100006103516,219.1100006103516,210.82000732421875,213.4600067138672,1489300,200.66274642081223,0.0,1.0,yahoo,2023-12-13 16:24:29
2022-01-24,OIH,206.4900054931641,218.1999969482422,201.9600067138672,217.57000732421875,1590400,204.52634608503348,0.0,1.0,yahoo,2023-12-13 16:24:29
2022-01-25,OIH,216.1000061035156,231.72000122070312,210.72000122070312,229.44000244140625,1283800,215.6847164837061,0.0,1.0,yahoo,2023-12-13 16:24:29
2022-01-26,OIH,233.1100006103516,236.1999969482422,226.22999572753903,230.4199981689453,1734900,216.60595993907734,0.0,1.0,yahoo,2023-12-13 16:24:29
2022-01-27,OIH,234.3699951171875,238.509994506836,222.5,226.32000732421875,1340200,212.75176993942168,0.0,1.0,yahoo,2023-12-13 16:24:29
2022-01-28,OIH,225.759994506836,231.3500061035156,221.4600067138672,227.3500061035156,1137400,213.72001868561813,0.0,1.0,yahoo,2023-12-13 16:24:29
2022-01-31,OIH,225.72999572753903,229.47999572753903,221.0,225.8300018310547,779200,212.2911410397356,0.0,1.0,yahoo,2023-12-13 16:24:29
2022-02-01,OIH,224.69000244140625,235.5,224.5599975585937,235.1600036621093,1090500,221.0617947108947,0.0,1.0,yahoo,2023-12-13 16:24:29
2022-02-02,OIH,234.3500061035156,234.759994506836,229.7100067138672,232.6499938964844,1109800,218.7022639450755,0.0,1.0,yahoo,2023-12-13 16:24:29
2022-02-03,OIH,232.1499938964844,232.63999938964844,226.83999633789065,229.72000122070312,751900,215.94792889952646,0.0,1.0,yahoo,2023-12-13 16:24:29
2022-02-04,OIH,231.4600067138672,236.38999938964844,229.9100036621093,234.3999938964844,1042100,220.3473487159531,0.0,1.0,yahoo,2023-12-13 16:24:29
2022-02-07,OIH,232.0,239.759994506836,230.4900054931641,236.6000061035156,1117700,222.41546676025706,0.0,1.0,yahoo,2023-12-13 16:24:29
2022-02-08,OIH,235.1600036621093,236.1699981689453,228.6100006103516,231.5,1097000,217.62121397609906,0.0,1.0,yahoo,2023-12-13 16:24:29
2022-02-09,OIH,232.0,237.4199981689453,230.69000244140625,235.259994506836,504400,221.15579094854448,0.0,1.0,yahoo,2023-12-13 16:24:29
2022-02-10,OIH,233.82000732421875,241.8500061035156,232.6499938964844,235.0,987400,220.91138351785435,0.0,1.0,yahoo,2023-12-13 16:24:29
2022-02-11,OIH,236.3699951171875,246.509994506836,235.6699981689453,245.509994506836,1431000,230.79128746368494,0.0,1.0,yahoo,2023-12-13 16:24:29
2022-02-14,OIH,244.0200042724609,244.8800048828125,236.6699981689453,239.3500061035156,998200,225.0005999716362,0.0,1.0,yahoo,2023-12-13 16:24:29
2022-02-15,OIH,232.94000244140625,243.5200042724609,231.27999877929688,242.9199981689453,1656700,228.35656544534618,0.0,1.0,yahoo,2023-12-13 16:24:29
2022-02-16,OIH,244.8999938964844,252.8099975585937,244.72000122070312,248.5399932861328,1046200,233.6396330908844,0.0,1.0,yahoo,2023-12-13 16:24:29
2022-02-17,OIH,245.9199981689453,249.1000061035156,242.8500061035156,245.6300048828125,619000,230.90410303046565,0.0,1.0,yahoo,2023-12-13 16:24:29
2022-02-18,OIH,240.8999938964844,244.7400054931641,236.33999633789065,240.009994506836,1004600,225.62102104092662,0.0,1.0,yahoo,2023-12-13 16:24:29
2022-02-22,OIH,245.8300018310547,246.4600067138672,234.3000030517578,236.72999572753903,1049500,222.53766330360168,0.0,1.0,yahoo,2023-12-13 16:24:29
2022-02-23,OIH,237.8800048828125,241.67999267578125,235.5200042724609,237.8099975585937,1027200,223.5529173406234,0.0,1.0,yahoo,2023-12-13 16:24:29
2022-02-24,OIH,240.0,241.1199951171875,229.1000061035156,236.9499969482422,984300,222.7444751080321,0.0,1.0,yahoo,2023-12-13 16:24:29
2022-02-25,OIH,237.0599975585937,242.6699981689453,235.47999572753903,242.4499969482422,637700,227.9147415307904,0.0,1.0,yahoo,2023-12-13 16:24:29
2022-02-28,OIH,241.07000732421875,248.1499938964844,239.08999633789065,248.1499938964844,635900,233.27301477284885,0.0,1.0,yahoo,2023-12-13 16:24:29
2022-03-01,OIH,251.25,252.8699951171875,235.92999267578125,241.3000030517578,1781000,226.83369156181402,0.0,1.0,yahoo,2023-12-13 16:24:29
2022-03-02,OIH,246.3800048828125,254.7700042724609,246.0200042724609,252.7899932861328,1211700,237.6348389630158,0.0,1.0,yahoo,2023-12-13 16:24:29
2022-03-03,OIH,249.6199951171875,253.52999877929688,246.6999969482422,253.25,1013400,238.06726755700686,0.0,1.0,yahoo,2023-12-13 16:24:29
2022-03-04,OIH,250.97999572753903,261.6000061035156,250.72000122070312,261.3699951171875,1014100,245.70045630379883,0.0,1.0,yahoo,2023-12-13 16:24:29
2022-03-07,OIH,265.79998779296875,290.42999267578125,264.010009765625,282.5,3229400,265.56368444167595,0.0,1.0,yahoo,2023-12-13 16:24:29
2022-03-08,OIH,290.0400085449219,306.19000244140625,281.489990234375,291.17999267578125,2948900,273.72329802010864,0.0,1.0,yahoo,2023-12-13 16:24:29
2022-03-09,OIH,279.95001220703125,285.8500061035156,271.0599975585937,278.95001220703125,2740800,262.2265239530963,0.0,1.0,yahoo,2023-12-13 16:24:29
2022-03-10,OIH,282.6099853515625,292.8599853515625,280.1199951171875,291.6300048828125,1853800,274.146331293535,0.0,1.0,yahoo,2023-12-13 16:24:29
2022-03-11,OIH,285.9599914550781,292.6400146484375,283.3399963378906,287.29998779296875,2109700,270.0759054808825,0.0,1.0,yahoo,2023-12-13 16:24:29
2022-03-14,OIH,279.42999267578125,280.1400146484375,270.1300048828125,274.1600036621094,1290300,257.7236838904536,0.0,1.0,yahoo,2023-12-13 16:24:29
2022-03-15,OIH,262.0,268.7799987792969,259.8500061035156,262.4700012207031,1460000,246.73451532595084,0.0,1.0,yahoo,2023-12-13 16:24:29
2022-03-16,OIH,263.69000244140625,265.1099853515625,253.3600006103516,257.29998779296875,1584100,241.87445226583728,0.0,1.0,yahoo,2023-12-13 16:24:29
2022-03-17,OIH,263.4100036621094,271.54998779296875,260.0,269.489990234375,1794100,253.3336450505908,0.0,1.0,yahoo,2023-12-13 16:24:29
2022-03-18,OIH,267.8800048828125,270.5,265.8699951171875,269.3800048828125,847500,253.23025349237645,0.0,1.0,yahoo,2023-12-13 16:24:29
2022-03-21,OIH,276.1499938964844,284.4200134277344,275.79998779296875,278.7200012207031,1419300,262.01030248410035,0.0,1.0,yahoo,2023-12-13 16:24:29
2022-03-22,OIH,279.1099853515625,282.3500061035156,273.5599975585937,277.3999938964844,666300,260.76943165751794,0.0,1.0,yahoo,2023-12-13 16:24:29
2022-03-23,OIH,282.8999938964844,286.7900085449219,280.3099975585937,282.0899963378906,931900,265.17826113851015,0.0,1.0,yahoo,2023-12-13 16:24:29
2022-03-24,OIH,282.5,288.29998779296875,280.7699890136719,283.3099975585937,928900,266.32512138344197,0.0,1.0,yahoo,2023-12-13 16:24:29
2022-03-25,OIH,281.8399963378906,294.20001220703125,281.8399963378906,293.5199890136719,1035300,275.92300792832197,0.0,1.0,yahoo,2023-12-13 16:24:29
2022-03-28,OIH,285.1499938964844,285.69000244140625,278.3800048828125,281.0899963378906,815000,264.2382126980086,0.0,1.0,yahoo,2023-12-13 16:24:29
2022-03-29,OIH,273.010009765625,285.9200134277344,267.94000244140625,284.7900085449219,1679000,267.7164034030649,0.0,1.0,yahoo,2023-12-13 16:24:29
2022-03-30,OIH,288.0,292.3599853515625,283.7699890136719,285.7699890136719,912300,268.63763251443527,0.0,1.0,yahoo,2023-12-13 16:24:29
2022-03-31,OIH,281.260009765625,291.2099914550781,281.260009765625,282.54998779296875,911800,265.61067538850034,0.0,1.0,yahoo,2023-12-13 16:24:29
2022-04-01,OIH,283.0400085449219,290.6099853515625,282.7699890136719,288.6099853515625,713600,271.30736664289935,0.0,1.0,yahoo,2023-12-13 16:24:29
2022-04-04,OIH,291.79998779296875,295.6199951171875,283.6099853515625,288.8999938964844,1033700,271.5799887232853,0.0,1.0,yahoo,2023-12-13 16:24:29
2022-04-05,OIH,289.79998779296875,294.3800048828125,278.44000244140625,279.6199951171875,1365300,262.85634034295134,0.0,1.0,yahoo,2023-12-13 16:24:29
2022-04-06,OIH,282.75,284.6099853515625,276.2300109863281,278.8099975585937,812500,262.0949034011852,0.0,1.0,yahoo,2023-12-13 16:24:29
2022-04-07,OIH,280.5199890136719,283.5,271.3699951171875,280.7200012207031,697000,263.89039936510335,0.0,1.0,yahoo,2023-12-13 16:24:29
2022-04-08,OIH,282.4599914550781,292.95001220703125,282.4599914550781,292.1499938964844,1022000,274.63514615491516,0.0,1.0,yahoo,2023-12-13 16:24:29
2022-04-11,OIH,288.7200012207031,289.3500061035156,283.6600036621094,284.07000732421875,872400,267.03956737838377,0.0,1.0,yahoo,2023-12-13 16:24:29
2022-04-12,OIH,289.5,297.19000244140625,288.67999267578125,290.8599853515625,1137600,273.42247563402776,0.0,1.0,yahoo,2023-12-13 16:24:29
2022-04-13,OIH,295.1099853515625,298.760009765625,290.1099853515625,297.67999267578125,1066000,279.83361288336846,0.0,1.0,yahoo,2023-12-13 16:24:29
2022-04-14,OIH,297.1499938964844,303.8599853515625,295.4800109863281,302.0799865722656,1069400,283.96982028397474,0.0,1.0,yahoo,2023-12-13 16:24:29
2022-04-18,OIH,305.1199951171875,312.5199890136719,302.0,308.4800109863281,1120200,289.98615325358577,0.0,1.0,yahoo,2023-12-13 16:24:29
2022-04-19,OIH,304.5299987792969,312.0799865722656,301.0,304.8800048828125,887200,286.60197313018,0.0,1.0,yahoo,2023-12-13 16:24:29
2022-04-20,OIH,304.79998779296875,305.510009765625,292.739990234375,300.6400146484375,833900,282.61617692261416,0.0,1.0,yahoo,2023-12-13 16:24:29
2022-04-21,OIH,305.7900085449219,306.6199951171875,284.0,286.9100036621094,1710700,269.7093015068478,0.0,1.0,yahoo,2023-12-13 16:24:29
2022-04-22,OIH,284.1000061035156,293.69000244140625,278.82000732421875,280.3399963378906,1370100,263.5331763676325,0.0,1.0,yahoo,2023-12-13 16:24:29
2022-04-25,OIH,268.92999267578125,270.3999938964844,252.9499969482422,264.5899963378906,1497300,248.72741342973376,0.0,1.0,yahoo,2023-12-13 16:24:29
2022-04-26,OIH,265.57000732421875,274.1400146484375,262.1700134277344,264.6700134277344,1154500,248.80263337025482,0.0,1.0,yahoo,2023-12-13 16:24:29
2022-04-27,OIH,267.1199951171875,270.20001220703125,260.82000732421875,266.739990234375,670700,250.74851183921163,0.0,1.0,yahoo,2023-12-13 16:24:29
2022-04-28,OIH,269.6300048828125,276.82000732421875,258.29998779296875,273.1300048828125,955300,256.7554351442571,0.0,1.0,yahoo,2023-12-13 16:24:29
2022-04-29,OIH,274.54998779296875,277.1000061035156,261.9100036621094,263.760009765625,1489700,247.94718584683827,0.0,1.0,yahoo,2023-12-13 16:24:29
2022-05-02,OIH,261.04998779296875,267.239990234375,257.25,263.8099975585937,827200,247.99417679366258,0.0,1.0,yahoo,2023-12-13 16:24:29
2022-05-03,OIH,264.2799987792969,273.42999267578125,263.239990234375,271.2099914550781,1298600,254.95052951577344,0.0,1.0,yahoo,2023-12-13 16:24:29
2022-05-04,OIH,277.2900085449219,284.7900085449219,270.1199951171875,283.8500061035156,1063600,266.83275557395336,0.0,1.0,yahoo,2023-12-13 16:24:29
2022-05-05,OIH,285.739990234375,286.7200012207031,265.5199890136719,273.57000732421875,1088900,257.1690587531179,0.0,1.0,yahoo,2023-12-13 16:24:29
2022-05-06,OIH,277.1499938964844,278.760009765625,269.4800109863281,276.79998779296875,664200,260.2053968556167,0.0,1.0,yahoo,2023-12-13 16:24:29
2022-05-09,OIH,269.45001220703125,269.45001220703125,246.1699981689453,247.19000244140625,1628100,232.37057630260784,0.0,1.0,yahoo,2023-12-13 16:24:29
2022-05-10,OIH,250.3099975585937,257.1000061035156,242.33999633789065,248.08999633789065,1042100,233.2166141614589,0.0,1.0,yahoo,2023-12-13 16:24:29
2022-05-11,OIH,252.83999633789065,263.6000061035156,250.9199981689453,251.5500030517578,883800,236.46918807695445,0.0,1.0,yahoo,2023-12-13 16:24:29
2022-05-12,OIH,248.6999969482422,250.9100036621093,242.19000244140625,250.7700042724609,938900,235.73595144088333,0.0,1.0,yahoo,2023-12-13 16:24:29
2022-05-13,OIH,256.239990234375,263.7900085449219,255.77999877929688,262.4200134277344,953600,246.68752437912644,0.0,1.0,yahoo,2023-12-13 16:24:29
2022-05-16,OIH,263.489990234375,273.989990234375,263.0,271.8900146484375,1021900,255.58978425819578,0.0,1.0,yahoo,2023-12-13 16:24:29
2022-05-17,OIH,275.25,280.3299865722656,274.17999267578125,276.69000244140625,692800,260.10200529740234,0.0,1.0,yahoo,2023-12-13 16:24:29
2022-05-18,OIH,280.1099853515625,280.3699951171875,263.6000061035156,266.8699951171875,860600,250.87072272655712,0.0,1.0,yahoo,2023-12-13 16:24:29
2022-05-19,OIH,259.8299865722656,270.989990234375,259.1300048828125,266.5400085449219,696900,250.5605193639124,0.0,1.0,yahoo,2023-12-13 16:24:29
2022-05-20,OIH,270.0,272.9800109863281,262.07000732421875,266.8900146484375,587700,250.88954205568825,0.0,1.0,yahoo,2023-12-13 16:24:29
2022-05-23,OIH,270.7300109863281,281.1499938964844,268.57000732421875,280.44000244140625,752400,263.627186949283,0.0,1.0,yahoo,2023-12-13 16:24:29
2022-05-24,OIH,276.20001220703125,283.2699890136719,272.4599914550781,281.70001220703125,723100,264.81165716447543,0.0,1.0,yahoo,2023-12-13 16:24:29
2022-05-25,OIH,281.4800109863281,287.9100036621094,281.4800109863281,286.9200134277344,584900,269.71871117141336,0.0,1.0,yahoo,2023-12-13 16:24:29
2022-05-26,OIH,290.010009765625,297.989990234375,290.010009765625,295.57000732421875,1102500,277.8501244441511,0.0,1.0,yahoo,2023-12-13 16:24:29
2022-05-27,OIH,292.69000244140625,301.3800048828125,292.0199890136719,300.8299865722656,778400,282.79475973334786,0.0,1.0,yahoo,2023-12-13 16:24:29
2022-05-31,OIH,304.1300048828125,308.3099975585937,289.29998779296875,293.4599914550781,1243400,275.866607316932,0.0,1.0,yahoo,2023-12-13 16:24:29
2022-06-01,OIH,297.989990234375,302.4800109863281,293.5899963378906,299.3099975585937,884000,281.3658964314661,0.0,1.0,yahoo,2023-12-13 16:24:29
2022-06-02,OIH,297.42999267578125,301.0899963378906,294.17999267578125,296.3299865722656,1020900,278.56454175109104,0.0,1.0,yahoo,2023-12-13 16:24:29
2022-06-03,OIH,296.6199951171875,303.3399963378906,293.6600036621094,302.760009765625,1078800,284.6090750263971,0.0,1.0,yahoo,2023-12-13 16:24:29
2022-06-06,OIH,304.9800109863281,306.739990234375,300.0799865722656,303.8699951171875,556600,285.6525150251129,0.0,1.0,yahoo,2023-12-13 16:24:29
2022-06-07,OIH,302.2099914550781,313.29998779296875,300.9200134277344,312.5899963378906,1009700,293.8497385738061,0.0,1.0,yahoo,2023-12-13 16:24:29
2022-06-08,OIH,313.75,317.0,308.260009765625,310.8699951171875,1295200,292.2328541086235,0.0,1.0,yahoo,2023-12-13 16:24:29
2022-06-09,OIH,306.57000732421875,307.0299987792969,299.7799987792969,300.0799865722656,1025000,282.0897234029717,0.0,1.0,yahoo,2023-12-13 16:24:29
2022-06-10,OIH,293.5599975585937,297.94000244140625,284.5799865722656,290.95001220703125,1309100,273.50710523911437,0.0,1.0,yahoo,2023-12-13 16:24:29
2022-06-13,OIH,280.0,281.3699951171875,266.0599975585937,271.07000732421875,1557100,254.81893765186413,0.0,1.0,yahoo,2023-12-13 16:24:29
2022-06-14,OIH,277.7300109863281,278.7099914550781,260.6300048828125,265.3800048828125,1510400,249.47005973037042,0.0,1.0,yahoo,2023-12-13 16:24:29
2022-06-15,OIH,266.3999938964844,268.5799865722656,255.69000244140625,259.94000244140625,784500,244.35619391900207,0.0,1.0,yahoo,2023-12-13 16:24:29
2022-06-16,OIH,252.5800018310547,254.8300018310547,244.32000732421875,245.63999938964844,980800,230.91349835103034,0.0,1.0,yahoo,2023-12-13 16:24:29
2022-06-17,OIH,246.1199951171875,249.0,233.8099975585937,235.1600036621093,1420900,221.0617947108947,0.0,1.0,yahoo,2023-12-13 16:24:29
2022-06-21,OIH,242.3999938964844,251.259994506836,239.97000122070312,246.4199981689453,1242500,231.64673498710147,0.0,1.0,yahoo,2023-12-13 16:24:29
2022-06-22,OIH,233.6999969482422,238.009994506836,229.1000061035156,233.8099975585937,1109300,219.79272357861734,0.0,1.0,yahoo,2023-12-13 16:24:29
2022-06-23,OIH,234.22000122070312,234.97000122070312,217.6199951171875,221.33999633789065,2249000,208.07031837804357,0.0,1.0,yahoo,2023-12-13 16:24:29
2022-06-24,OIH,224.8500061035156,232.75,221.3500061035156,228.8000030517578,1219300,215.08308605554515,0.0,1.0,yahoo,2023-12-13 16:24:29
2022-06-27,OIH,232.8999938964844,238.3099975585937,229.42999267578125,237.5200042724609,662200,223.28030960423834,0.0,1.0,yahoo,2023-12-13 16:24:29
2022-06-28,OIH,243.57000732421875,246.9100036621093,239.3000030517578,242.6199951171875,912500,228.07454804439556,0.0,1.0,yahoo,2023-12-13 16:24:29
2022-06-29,OIH,246.22999572753903,246.5500030517578,236.19000244140625,238.2899932861328,625700,224.00413657574393,0.0,1.0,yahoo,2023-12-13 16:24:29
2022-06-30,OIH,231.8800048828125,238.759994506836,229.57000732421875,232.6000061035156,911700,218.65527299825104,0.0,1.0,yahoo,2023-12-13 16:24:29
2022-07-01,OIH,234.1300048828125,235.07000732421875,221.7899932861328,231.6300048828125,704400,217.74342486344455,0.0,1.0,yahoo,2023-12-13 16:24:29
2022-07-05,OIH,224.0,224.52999877929688,210.44000244140625,214.2899932861328,1428900,201.44297400370772,0.0,1.0,yahoo,2023-12-13 16:24:29
2022-07-06,OIH,211.509994506836,216.47000122070312,202.2400054931641,210.1100006103516,1314800,197.51357840753187,0.0,1.0,yahoo,2023-12-13 16:24:29
2022-07-07,OIH,217.0200042724609,224.4900054931641,217.0200042724609,221.58999633789065,963500,208.30533048816895,0.0,1.0,yahoo,2023-12-13 16:24:29
2022-07-08,OIH,225.1199951171875,226.32000732421875,219.33999633789065,222.67999267578125,726900,209.32997984575536,0.0,1.0,yahoo,2023-12-13 16:24:29
2022-07-11,OIH,218.1300048828125,220.6199951171875,214.94000244140625,217.4499969482422,649100,204.4135305182527,0.0,1.0,yahoo,2023-12-13 16:24:29
2022-07-12,OIH,210.509994506836,213.4600067138672,206.9499969482422,209.63999938964844,1637800,197.07175449297605,0.0,1.0,yahoo,2023-12-13 16:24:29
2022-07-13,OIH,206.2899932861328,213.5,206.19000244140625,207.9499969482422,777000,195.48307033348837,0.0,1.0,yahoo,2023-12-13 16:24:29
2022-07-14,OIH,198.8999938964844,201.63999938964844,195.7700042724609,201.0399932861328,905700,188.98733216706276,0.0,1.0,yahoo,2023-12-13 16:24:29
2022-07-15,OIH,205.8300018310547,206.38999938964844,199.9600067138672,205.4100036621093,724900,193.09535360597485,0.0,1.0,yahoo,2023-12-13 16:24:29
2022-07-18,OIH,211.63999938964844,216.1199951171875,211.17999267578125,213.7899932861328,1164400,200.97294978345698,0.0,1.0,yahoo,2023-12-13 16:24:29
2022-07-19,OIH,213.8500061035156,222.1999969482422,213.6300048828125,221.63999938964844,1065500,208.35233577899416,0.0,1.0,yahoo,2023-12-13 16:24:29
2022-07-20,OIH,215.72999572753903,220.3999938964844,213.22000122070312,219.88999938964844,750800,206.70725100811651,0.0,1.0,yahoo,2023-12-13 16:24:29
2022-07-21,OIH,212.4900054931641,213.0,205.7100067138672,211.25,1627100,198.58523305594352,0.0,1.0,yahoo,2023-12-13 16:24:29
2022-07-22,OIH,214.6499938964844,219.1600036621093,209.6699981689453,211.0500030517578,1583300,198.3972262366434,0.0,1.0,yahoo,2023-12-13 16:24:29
2022-07-25,OIH,215.1199951171875,221.8300018310547,211.8099975585937,221.6699981689453,623200,208.38053608468914,0.0,1.0,yahoo,2023-12-13 16:24:29
2022-07-26,OIH,225.0800018310547,227.3099975585937,218.5800018310547,219.97000122070312,520700,206.78245660463674,0.0,1.0,yahoo,2023-12-13 16:24:29
2022-07-27,OIH,224.0599975585937,231.759994506836,220.7899932861328,230.8000030517578,776500,216.96318293654818,0.0,1.0,yahoo,2023-12-13 16:24:29
2022-07-28,OIH,233.17999267578125,234.8999938964844,224.77999877929688,230.67999267578125,724500,216.8503673697674,0.0,1.0,yahoo,2023-12-13 16:24:29
2022-07-29,OIH,235.0599975585937,242.6600036621093,233.7700042724609,241.72000122070312,847600,227.22851018554454,0.0,1.0,yahoo,2023-12-13 16:24:29
2022-08-01,OIH,236.5399932861328,236.8800048828125,230.6100006103516,235.19000244140625,719000,221.08999501658977,0.0,1.0,yahoo,2023-12-13 16:24:29
2022-08-02,OIH,236.5399932861328,241.97000122070312,235.63999938964844,237.9900054931641,705200,223.72213351879418,0.0,1.0,yahoo,2023-12-13 16:24:29
2022-08-03,OIH,240.5,241.0,229.02999877929688,231.88999938964844,791900,217.98783229413462,0.0,1.0,yahoo,2023-12-13 16:24:29
2022-08-04,OIH,231.27999877929688,231.27999877929688,219.19000244140625,219.57000732421875,1149900,206.40644296603648,0.0,1.0,yahoo,2023-12-13 16:24:29
2022-08-05,OIH,217.13999938964844,230.3600006103516,216.77999877929688,225.1999969482422,830200,211.69890593213938,0.0,1.0,yahoo,2023-12-13 16:24:29
2022-08-08,OIH,224.8500061035156,228.5,224.009994506836,226.259994506836,493200,212.6953549840309,0.0,1.0,yahoo,2023-12-13 16:24:29
2022-08-09,OIH,230.47000122070312,233.4100036621093,226.8800048828125,228.7100067138672,351500,214.99848513846024,0.0,1.0,yahoo,2023-12-13 16:24:29
2022-08-10,OIH,229.82000732421875,232.0800018310547,222.77999877929688,230.08999633789065,605900,216.29574223243176,0.0,1.0,yahoo,2023-12-13 16:24:29
2022-08-11,OIH,235.5800018310547,241.32000732421875,235.5800018310547,239.44000244140625,648200,225.08520088872118,0.0,1.0,yahoo,2023-12-13 16:24:29
2022-08-12,OIH,238.42999267578125,242.9199981689453,235.42999267578125,242.82000732421875,358500,228.26256920769654,0.0,1.0,yahoo,2023-12-13 16:24:29
2022-08-15,OIH,232.3099975585937,233.3699951171875,226.6600036621093,233.0399932861328,666500,219.068882263111,0.0,1.0,yahoo,2023-12-13 16:24:29
2022-08-16,OIH,234.6499938964844,237.8099975585937,227.7700042724609,229.6199951171875,626200,215.85391831787595,0.0,1.0,yahoo,2023-12-13 16:24:29
2022-08-17,OIH,228.1999969482422,233.009994506836,226.0200042724609,230.38999938964844,485200,216.57775963338236,0.0,1.0,yahoo,2023-12-13 16:24:29
2022-08-18,OIH,234.8099975585937,242.1000061035156,234.7700042724609,241.1499938964844,813100,226.6926756893383,0.0,1.0,yahoo,2023-12-13 16:24:29
2022-08-19,OIH,238.7700042724609,239.5500030517578,235.1999969482422,237.6499938964844,569800,223.402506147583,0.0,1.0,yahoo,2023-12-13 16:24:29
2022-08-22,OIH,234.4600067138672,237.9900054931641,229.3999938964844,236.22999572753903,693600,222.0676390833509,0.0,1.0,yahoo,2023-12-13 16:24:29
2022-08-23,OIH,240.3999938964844,251.52999877929688,240.3500061035156,248.1300048828125,999800,233.2542241317194,0.0,1.0,yahoo,2023-12-13 16:24:29
2022-08-24,OIH,247.6699981689453,254.57000732421875,247.1499938964844,253.5399932861328,863300,238.3398752933919,0.0,1.0,yahoo,2023-12-13 16:24:29
2022-08-25,OIH,255.0,258.5299987792969,254.4100036621093,255.97000122070312,716500,240.62420046269102,0.0,1.0,yahoo,2023-12-13 16:24:29
2022-08-26,OIH,255.8699951171875,256.8500061035156,247.5,249.83999633789065,736800,234.86169893233654,0.0,1.0,yahoo,2023-12-13 16:24:29
2022-08-29,OIH,248.72000122070312,256.8599853515625,248.42999267578125,254.1000061035156,809500,238.86631446903345,0.0,1.0,yahoo,2023-12-13 16:24:29
2022-08-30,OIH,248.7899932861328,248.7899932861328,239.5,242.22000122070312,955600,227.6985344057953,0.0,1.0,yahoo,2023-12-13 16:24:29
2022-08-31,OIH,236.4100036621093,245.25,234.47999572753903,239.6699981689453,626500,225.30140801371627,0.0,1.0,yahoo,2023-12-13 16:24:29
2022-09-01,OIH,235.0,236.5599975585937,228.3699951171875,230.75,1044700,216.91617764572294,0.0,1.0,yahoo,2023-12-13 16:24:29
2022-09-02,OIH,238.19000244140625,243.8300018310547,235.3600006103516,240.8999938964844,696800,226.45766357921292,0.0,1.0,yahoo,2023-12-13 16:24:29
2022-09-06,OIH,243.4499969482422,244.57000732421875,234.9100036621093,237.5399932861328,443400,223.29910024536778,0.0,1.0,yahoo,2023-12-13 16:24:29
2022-09-07,OIH,231.47000122070312,235.07000732421875,227.4499969482422,234.25,606400,220.2063471874782,0.0,1.0,yahoo,2023-12-13 16:24:29
2022-09-08,OIH,235.1600036621093,238.69000244140625,232.17999267578125,235.2400054931641,386300,221.13700030741504,0.0,1.0,yahoo,2023-12-13 16:24:29
2022-09-09,OIH,241.44000244140625,247.9199981689453,241.44000244140625,246.6100006103516,780500,231.82534648583692,0.0,1.0,yahoo,2023-12-13 16:24:29
2022-09-12,OIH,250.1199951171875,251.83999633789065,246.0500030517578,250.2400054931641,436700,235.23772691493767,0.0,1.0,yahoo,2023-12-13 16:24:29
2022-09-13,OIH,245.77999877929688,249.7700042724609,238.1999969482422,239.8800048828125,796000,225.49882449758198,0.0,1.0,yahoo,2023-12-13 16:24:29
2022-09-14,OIH,241.3999938964844,250.0,241.3999938964844,248.57000732421875,572000,233.6678477405802,0.0,1.0,yahoo,2023-12-13 16:24:29
2022-09-15,OIH,243.0500030517578,244.9900054931641,239.2400054931641,242.0599975585937,485600,227.5481232127548,0.0,1.0,yahoo,2023-12-13 16:24:29
2022-09-16,OIH,240.1000061035156,240.1100006103516,229.9199981689453,233.8800048828125,896300,219.85853385457293,0.0,1.0,yahoo,2023-12-13 16:24:29
2022-09-19,OIH,226.13999938964844,236.6999969482422,225.27999877929688,235.6499938964844,404600,221.52240926658,0.0,1.0,yahoo,2023-12-13 16:24:29
2022-09-20,OIH,233.33999633789065,233.33999633789065,226.1100006103516,229.17999267578125,685600,215.44029470901515,0.0,1.0,yahoo,2023-12-13 16:24:29
2022-09-21,OIH,234.1600036621093,235.8099975585937,224.57000732421875,224.7400054931641,526500,211.2664916821492,0.0,1.0,yahoo,2023-12-13 16:24:29
2022-09-22,OIH,228.92999267578125,231.72999572753903,223.33999633789065,223.4100036621093,560800,210.01622553500198,0.0,1.0,yahoo,2023-12-13 16:24:29
2022-09-23,OIH,213.1000061035156,213.1000061035156,201.4900054931641,203.97000122070312,1525500,191.74168155661263,0.0,1.0,yahoo,2023-12-13 16:24:29
2022-09-26,OIH,203.1600036621093,207.5,198.58999633789065,198.759994506836,1002100,186.84402287023943,0.0,1.0,yahoo,2023-12-13 16:24:29
2022-09-27,OIH,204.3600006103516,208.9199981689453,201.8300018310547,202.82000732421875,685000,190.66063158763623,0.0,1.0,yahoo,2023-12-13 16:24:29
2022-09-28,OIH,205.27999877929688,213.32000732421875,204.0399932861328,212.2400054931641,1127200,199.51588617588035,0.0,1.0,yahoo,2023-12-13 16:24:29
2022-09-29,OIH,209.6100006103516,212.3699951171875,204.5500030517578,212.1199951171875,625000,199.40307060909956,0.0,1.0,yahoo,2023-12-13 16:24:29
2022-09-30,OIH,210.02999877929688,215.5500030517578,207.8500061035156,211.2100067138672,837200,198.54763742968385,0.0,1.0,yahoo,2023-12-13 16:24:29
2022-10-03,OIH,221.69000244140625,227.3000030517578,220.9600067138672,226.27999877929688,928000,212.71415996916113,0.0,1.0,yahoo,2023-12-13 16:24:29
2022-10-04,OIH,231.02999877929688,235.4900054931641,229.4900054931641,235.0,911400,220.91138351785435,0.0,1.0,yahoo,2023-12-13 16:24:29
2022-10-05,OIH,234.7400054931641,246.82000732421875,234.0,245.3800048828125,985200,230.66909092034027,0.0,1.0,yahoo,2023-12-13 16:24:29
2022-10-06,OIH,242.67999267578125,251.1100006103516,242.67999267578125,248.72000122070312,893700,233.8088492690551,0.0,1.0,yahoo,2023-12-13 16:24:29
2022-10-07,OIH,248.6499938964844,251.7100067138672,244.25,247.2899932861328,826300,232.46457254025748,0.0,1.0,yahoo,2023-12-13 16:24:29
2022-10-10,OIH,246.27999877929688,249.77999877929688,239.32000732421875,241.2899932861328,481300,226.82428189724845,0.0,1.0,yahoo,2023-12-13 16:24:29
2022-10-11,OIH,235.9199981689453,244.009994506836,235.0,239.22000122070312,509100,224.87838908429077,0.0,1.0,yahoo,2023-12-13 16:24:29
2022-10-12,OIH,236.7400054931641,240.5200042724609,232.57000732421875,238.759994506836,669000,224.44596049029974,0.0,1.0,yahoo,2023-12-13 16:24:29
2022-10-13,OIH,234.5500030517578,252.52999877929688,234.5500030517578,251.5800018310547,1169200,236.49738838264943,0.0,1.0,yahoo,2023-12-13 16:24:29
2022-10-14,OIH,247.5399932861328,251.0200042724609,239.7700042724609,239.9900054931641,689800,225.6022303997972,0.0,1.0,yahoo,2023-12-13 16:24:29
2022-10-17,OIH,244.2700042724609,250.1499938964844,243.5500030517578,246.3800048828125,603000,231.60913936084177,0.0,1.0,yahoo,2023-12-13 16:24:29
2022-10-18,OIH,249.0399932861328,253.3699951171875,244.67999267578125,250.07000732421875,534300,235.07792040133248,0.0,1.0,yahoo,2023-12-13 16:24:29
2022-10-19,OIH,254.0599975585937,262.5400085449219,251.6699981689453,261.6700134277344,1623200,245.9824880487503,0.0,1.0,yahoo,2023-12-13 16:24:29
2022-10-20,OIH,265.0,266.6700134277344,261.8399963378906,264.0,1294800,248.17278829239805,0.0,1.0,yahoo,2023-12-13 16:24:29
2022-10-21,OIH,267.6499938964844,278.8099975585937,265.6300048828125,277.2799987792969,2243600,260.656630434738,0.0,1.0,yahoo,2023-12-13 16:24:29
2022-10-24,OIH,276.3399963378906,282.8099975585937,274.6700134277344,281.8800048828125,733900,264.9808589986453,0.0,1.0,yahoo,2023-12-13 16:24:29
2022-10-25,OIH,280.489990234375,285.7099914550781,278.2799987792969,283.0599975585937,869900,266.0901092733166,0.0,1.0,yahoo,2023-12-13 16:24:29
2022-10-26,OIH,287.5,298.2699890136719,287.4599914550781,293.6600036621094,1543700,276.054628480233,0.0,1.0,yahoo,2023-12-13 16:24:29
2022-10-27,OIH,297.95001220703125,302.5799865722656,291.1300048828125,292.489990234375,1731400,274.9547591821255,0.0,1.0,yahoo,2023-12-13 16:24:29
2022-10-28,OIH,292.8599853515625,295.0899963378906,283.70001220703125,289.9700012207031,1242500,272.5858474397423,0.0,1.0,yahoo,2023-12-13 16:24:29
2022-10-31,OIH,286.5299987792969,300.1400146484375,286.5299987792969,298.70001220703125,1025700,280.79248065300106,0.0,1.0,yahoo,2023-12-13 16:24:29
2022-11-01,OIH,304.7799987792969,305.0,297.9800109863281,298.1199951171875,1658800,280.24723649222926,0.0,1.0,yahoo,2023-12-13 16:24:29
2022-11-02,OIH,296.4800109863281,302.1700134277344,291.04998779296875,291.9200134277344,938800,274.41895337392094,0.0,1.0,yahoo,2023-12-13 16:24:29
2022-11-03,OIH,289.1499938964844,301.8999938964844,288.3800048828125,300.6300048828125,944500,282.6067672580486,0.0,1.0,yahoo,2023-12-13 16:24:29
2022-11-04,OIH,308.9700012207031,313.5599975585937,303.07000732421875,307.1499938964844,1075600,288.7358727624378,0.0,1.0,yahoo,2023-12-13 16:24:29
2022-11-07,OIH,309.42999267578125,318.42999267578125,309.0,317.79998779296875,809700,298.7473829161785,0.0,1.0,yahoo,2023-12-13 16:24:29
2022-11-08,OIH,317.95001220703125,319.70001220703125,313.32000732421875,317.760009765625,725200,298.70980163391965,0.0,1.0,yahoo,2023-12-13 16:24:29
2022-11-09,OIH,312.7099914550781,312.8599853515625,300.3099975585937,301.4800109863281,1317700,283.4058141700752,0.0,1.0,yahoo,2023-12-13 16:24:29
2022-11-10,OIH,308.8800048828125,310.1700134277344,302.4700012207031,308.2799987792969,1146200,289.79813209028475,0.0,1.0,yahoo,2023-12-13 16:24:29
2022-11-11,OIH,315.9700012207031,322.3099975585937,315.1300048828125,318.45001220703125,699500,299.35843735290587,0.0,1.0,yahoo,2023-12-13 16:24:29
2022-11-14,OIH,317.9200134277344,322.7900085449219,312.2900085449219,312.67999267578125,815100,293.93433949089103,0.0,1.0,yahoo,2023-12-13 16:24:29
2022-11-15,OIH,315.3800048828125,320.1300048828125,311.1499938964844,319.0199890136719,877800,299.8942431611104,0.0,1.0,yahoo,2023-12-13 16:24:29
2022-11-16,OIH,316.2099914550781,317.5400085449219,310.8599853515625,312.2799987792969,686500,293.5583258522908,0.0,1.0,yahoo,2023-12-13 16:24:29
2022-11-17,OIH,304.4700012207031,313.42999267578125,303.760009765625,311.0,768200,292.3550649959689,0.0,1.0,yahoo,2023-12-13 16:24:29
2022-11-18,OIH,306.1700134277344,309.5199890136719,299.0,308.4100036621094,838000,289.92034297763024,0.0,1.0,yahoo,2023-12-13 16:24:29
2022-11-21,OIH,298.4100036621094,301.8500061035156,284.5199890136719,300.6000061035156,1830400,282.5785669523536,0.0,1.0,yahoo,2023-12-13 16:24:29
2022-11-22,OIH,306.260009765625,311.0799865722656,304.3599853515625,309.9700012207031,757700,291.38681624977244,0.0,1.0,yahoo,2023-12-13 16:24:29
2022-11-23,OIH,302.70001220703125,306.2699890136719,297.67999267578125,302.1300048828125,803100,284.0168399188008,0.0,1.0,yahoo,2023-12-13 16:24:29
2022-11-25,OIH,301.0,303.0199890136719,298.510009765625,299.0599975585937,262100,281.1308843213407,0.0,1.0,yahoo,2023-12-13 16:24:29
2022-11-28,OIH,289.239990234375,297.45001220703125,288.1300048828125,292.3800048828125,847100,274.85136762391113,0.0,1.0,yahoo,2023-12-13 16:24:29
2022-11-29,OIH,297.20001220703125,300.6400146484375,295.8299865722656,299.17999267578125,582900,281.2436855441207,0.0,1.0,yahoo,2023-12-13 16:24:29
2022-11-30,OIH,304.4100036621094,305.2300109863281,298.0,304.1499938964844,695900,285.91572744093327,0.0,1.0,yahoo,2023-12-13 16:24:29
2022-12-01,OIH,307.7699890136719,311.7200012207031,302.7699890136719,302.79998779296875,731300,284.6466563086559,0.0,1.0,yahoo,2023-12-13 16:24:29
2022-12-02,OIH,299.9700012207031,308.8399963378906,299.0899963378906,308.2699890136719,730800,289.7887224257192,0.0,1.0,yahoo,2023-12-13 16:24:29
2022-12-05,OIH,311.8399963378906,313.1600036621094,292.0299987792969,293.3099975585937,1020000,275.7256057884571,0.0,1.0,yahoo,2023-12-13 16:24:29
2022-12-06,OIH,292.1400146484375,298.1000061035156,287.95001220703125,289.9800109863281,866400,272.59525710430785,0.0,1.0,yahoo,2023-12-13 16:24:29
2022-12-07,OIH,291.0,293.57000732421875,282.0,282.5299987792969,822400,265.59188474737095,0.0,1.0,yahoo,2023-12-13 16:24:29
2022-12-08,OIH,290.57000732421875,292.9599914550781,281.8900146484375,283.42999267578125,688700,266.43792260622195,0.0,1.0,yahoo,2023-12-13 16:24:29
2022-12-09,OIH,283.8800048828125,286.6199951171875,270.6700134277344,270.8800048828125,1000200,254.6403261531287,0.0,1.0,yahoo,2023-12-13 16:24:29
2022-12-12,OIH,272.010009765625,283.92999267578125,272.010009765625,282.5799865722656,730800,265.63887569419535,0.0,1.0,yahoo,2023-12-13 16:24:29
2022-12-13,OIH,289.8500061035156,295.8599853515625,288.70001220703125,294.4100036621094,1065600,276.75966481060914,0.0,1.0,yahoo,2023-12-13 16:24:29
2022-12-14,OIH,296.4800109863281,297.32000732421875,289.7200012207031,292.70001220703125,588300,275.152190009992,0.0,1.0,yahoo,2023-12-13 16:24:29
2022-12-15,OIH,289.489990234375,291.989990234375,285.6000061035156,290.6199951171875,440000,273.1968731884679,0.0,1.0,yahoo,2023-12-13 16:24:29
2022-12-16,OIH,281.0199890136719,286.5799865722656,279.75,285.92999267578125,653200,268.7880437074757,0.0,1.0,yahoo,2023-12-13 16:24:29
2022-12-19,OIH,287.2300109863281,289.25,281.0299987792969,283.19000244140625,423100,268.92954986535415,2.889,1.0,yahoo,2023-12-13 16:24:29
2022-12-20,OIH,283.1099853515625,294.6600036621094,283.1099853515625,293.3299865722656,429000,278.5589200565496,0.0,1.0,yahoo,2023-12-13 16:24:29
2022-12-21,OIH,299.8399963378906,301.1499938964844,294.70001220703125,299.79998779296875,561400,284.7031147700335,0.0,1.0,yahoo,2023-12-13 16:24:29
2022-12-22,OIH,299.6600036621094,299.94000244140625,284.9100036621094,291.0299987792969,424900,276.37475156004035,0.0,1.0,yahoo,2023-12-13 16:24:29
2022-12-23,OIH,295.67999267578125,302.07000732421875,292.7699890136719,302.0299987792969,348700,286.8208302457841,0.0,1.0,yahoo,2023-12-13 16:24:29
2022-12-27,OIH,303.4599914550781,305.989990234375,300.9599914550781,303.8099975585937,420200,288.51119454660795,0.0,1.0,yahoo,2023-12-13 16:24:29
2022-12-28,OIH,303.1199951171875,303.1199951171875,292.1499938964844,294.19000244140625,538900,279.3756285510979,0.0,1.0,yahoo,2023-12-13 16:24:29
2022-12-29,OIH,292.94000244140625,302.989990234375,292.5199890136719,301.8800048828125,357100,286.6783895144153,0.0,1.0,yahoo,2023-12-13 16:24:29
2022-12-30,OIH,298.19000244140625,304.8900146484375,298.19000244140625,304.04998779296875,439400,288.73909971679814,0.0,1.0,yahoo,2023-12-13 16:24:29
2023-01-03,OIH,301.82000732421875,303.9700012207031,284.6099853515625,289.5899963378906,762600,275.0072625772592,0.0,1.0,yahoo,2023-12-13 16:24:29
2023-01-04,OIH,284.70001220703125,293.0299987792969,283.70001220703125,290.6600036621094,828600,276.0233880957239,0.0,1.0,yahoo,2023-12-13 16:24:29
2023-01-05,OIH,290.8299865722656,297.989990234375,289.489990234375,296.1400146484375,670200,281.22744500135326,0.0,1.0,yahoo,2023-12-13 16:24:29
2023-01-06,OIH,301.0299987792969,309.6700134277344,299.7699890136719,305.5799865722656,1247500,290.1920531384006,0.0,1.0,yahoo,2023-12-13 16:24:29
2023-01-09,OIH,313.1300048828125,318.5799865722656,310.8999938964844,312.2300109863281,1131200,296.5072057103473,0.0,1.0,yahoo,2023-12-13 16:24:29
2023-01-10,OIH,312.25,319.3800048828125,308.3099975585937,318.0599975585937,953500,302.04361466223054,0.0,1.0,yahoo,2023-12-13 16:24:29
2023-01-11,OIH,320.1499938964844,321.17999267578125,313.3299865722656,317.739990234375,837100,301.7397217814303,0.0,1.0,yahoo,2023-12-13 16:24:29
2023-01-12,OIH,319.20001220703125,330.94000244140625,318.6000061035156,325.6199951171875,1286700,309.2229173314216,0.0,1.0,yahoo,2023-12-13 16:24:29
2023-01-13,OIH,326.6600036621094,328.6400146484375,320.19000244140625,327.94000244140625,517600,311.4260972459935,0.0,1.0,yahoo,2023-12-13 16:24:29
2023-01-17,OIH,328.8099975585937,330.989990234375,326.239990234375,330.0899963378906,558900,313.4678250111339,0.0,1.0,yahoo,2023-12-13 16:24:29
2023-01-18,OIH,333.3999938964844,336.29998779296875,316.3500061035156,316.6400146484375,1287000,300.6951370975121,0.0,1.0,yahoo,2023-12-13 16:24:29
2023-01-19,OIH,315.67999267578125,318.95001220703125,310.8800048828125,315.8999938964844,1117100,299.99238118805886,0.0,1.0,yahoo,2023-12-13 16:24:29
2023-01-20,OIH,317.8500061035156,323.20001220703125,313.7799987792969,320.510009765625,837500,304.3702528709289,0.0,1.0,yahoo,2023-12-13 16:24:29
2023-01-23,OIH,322.9700012207031,323.0400085449219,317.0199890136719,318.5799865722656,957600,302.53741885791595,0.0,1.0,yahoo,2023-12-13 16:24:29
2023-01-24,OIH,317.94000244140625,317.94000244140625,308.5,316.7699890136719,901000,300.8185664108183,0.0,1.0,yahoo,2023-12-13 16:24:29
2023-01-25,OIH,314.6600036621094,326.1600036621094,310.5,324.8500061035156,917300,308.4917022565148,0.0,1.0,yahoo,2023-12-13 16:24:29
2023-01-26,OIH,327.95001220703125,329.6099853515625,319.6400146484375,329.489990234375,828500,312.8980331048384,0.0,1.0,yahoo,2023-12-13 16:24:29
2023-01-27,OIH,329.5199890136719,332.17999267578125,324.3999938964844,325.94000244140625,904500,309.5268102122219,0.0,1.0,yahoo,2023-12-13 16:24:29
2023-01-30,OIH,323.3800048828125,326.5400085449219,320.57000732421875,323.1700134277344,797300,306.89630810354356,0.0,1.0,yahoo,2023-12-13 16:24:29
2023-01-31,OIH,322.0799865722656,330.3500061035156,321.6000061035156,330.04998779296875,348400,313.4298311558288,0.0,1.0,yahoo,2023-12-13 16:24:29
2023-02-01,OIH,328.489990234375,330.989990234375,317.5799865722656,327.3599853515625,824000,310.8752877769404,0.0,1.0,yahoo,2023-12-13 16:24:29
2023-02-02,OIH,325.2300109863281,326.3500061035156,310.9100036621094,313.8699951171875,969400,298.0646060080135,0.0,1.0,yahoo,2023-12-13 16:24:29
2023-02-03,OIH,314.989990234375,326.20001220703125,314.6300048828125,315.67999267578125,742200,299.7834584551112,0.0,1.0,yahoo,2023-12-13 16:24:29
2023-02-06,OIH,317.1700134277344,318.239990234375,311.5799865722656,316.5599975585937,291100,300.6191493869019,0.0,1.0,yahoo,2023-12-13 16:24:29
2023-02-07,OIH,319.94000244140625,324.7300109863281,316.4100036621094,323.8599853515625,673000,307.55153546784015,0.0,1.0,yahoo,2023-12-13 16:24:29
2023-02-08,OIH,325.760009765625,330.489990234375,322.5299987792969,329.010009765625,487400,312.44222276445817,0.0,1.0,yahoo,2023-12-13 16:24:29
2023-02-09,OIH,328.5400085449219,328.5400085449219,316.8299865722656,317.69000244140625,718400,301.6922511979141,0.0,1.0,yahoo,2023-12-13 16:24:29
2023-02-10,OIH,320.1199951171875,329.5299987792969,320.1099853515625,329.239990234375,719500,312.660622225617,0.0,1.0,yahoo,2023-12-13 16:24:29
2023-02-13,OIH,325.6300048828125,333.260009765625,321.82000732421875,331.44000244140625,929400,314.7498495550938,0.0,1.0,yahoo,2023-12-13 16:24:29
2023-02-14,OIH,327.8500061035156,335.3999938964844,325.1499938964844,330.7200012207031,680200,314.0661050637032,0.0,1.0,yahoo,2023-12-13 16:24:29
2023-02-15,OIH,326.2799987792969,326.2799987792969,319.6499938964844,326.1300048828125,408300,309.70724479889583,0.0,1.0,yahoo,2023-12-13 16:24:29
2023-02-16,OIH,326.4100036621094,332.4200134277344,324.94000244140625,327.45001220703125,373300,310.96078119658193,0.0,1.0,yahoo,2023-12-13 16:24:29
2023-02-17,OIH,322.5799865722656,322.760009765625,309.6099853515625,312.4800109863281,1239700,296.74461658956875,0.0,1.0,yahoo,2023-12-13 16:24:29
2023-02-21,OIH,310.8099975585937,316.0199890136719,306.1600036621094,306.57000732421875,569400,291.1322199270753,0.0,1.0,yahoo,2023-12-13 16:24:29
2023-02-22,OIH,302.8900146484375,306.989990234375,294.54998779296875,297.75,1490100,282.7563571527457,0.0,1.0,yahoo,2023-12-13 16:24:29
2023-02-23,OIH,304.9100036621094,307.54998779296875,299.6700134277344,303.6199951171875,522900,288.3307599599341,0.0,1.0,yahoo,2023-12-13 16:24:29
2023-02-24,OIH,300.07000732421875,310.70001220703125,297.17999267578125,309.95001220703125,703400,294.34201965108053,0.0,1.0,yahoo,2023-12-13 16:24:29
2023-02-27,OIH,310.0400085449219,316.32000732421875,308.70001220703125,314.7300109863281,426000,298.8813145025618,0.0,1.0,yahoo,2023-12-13 16:24:29
2023-02-28,OIH,317.9100036621094,318.94000244140625,310.5599975585937,310.8999938964844,527400,295.2441636036299,0.0,1.0,yahoo,2023-12-13 16:24:29
2023-03-01,OIH,310.7799987792969,320.8099975585937,310.7799987792969,319.3900146484375,634700,303.306656768948,0.0,1.0,yahoo,2023-12-13 16:24:29
2023-03-02,OIH,317.45001220703125,327.69000244140625,315.1199951171875,326.0599975585937,804000,309.64076279731694,0.0,1.0,yahoo,2023-12-13 16:24:29
2023-03-03,OIH,320.1600036621094,331.6400146484375,319.5,330.4100036621094,567900,313.77171789193426,0.0,1.0,yahoo,2023-12-13 16:24:29
2023-03-06,OIH,329.1600036621094,331.45001220703125,327.70001220703125,329.44000244140625,487200,312.8505625213222,0.0,1.0,yahoo,2023-12-13 16:24:29
2023-03-07,OIH,328.25,329.1700134277344,321.8699951171875,322.3099975585937,772200,306.0795996089952,0.0,1.0,yahoo,2023-12-13 16:24:29
2023-03-08,OIH,321.8299865722656,324.6000061035156,313.32000732421875,317.0599975585937,516900,301.09397114534477,0.0,1.0,yahoo,2023-12-13 16:24:29
2023-03-09,OIH,318.0400085449219,321.79998779296875,301.3800048828125,301.9800109863281,939000,286.7733596622679,0.0,1.0,yahoo,2023-12-13 16:24:29
2023-03-10,OIH,301.75,306.760009765625,292.9100036621094,294.3900146484375,991600,279.56556884680316,0.0,1.0,yahoo,2023-12-13 16:24:29
2023-03-13,OIH,284.75,292.17999267578125,278.3800048828125,281.5299987792969,1336000,267.3531381496253,0.0,1.0,yahoo,2023-12-13 16:24:29
2023-03-14,OIH,283.9200134277344,292.82000732421875,277.6300048828125,283.4599914550781,985600,269.185943181818,0.0,1.0,yahoo,2023-12-13 16:24:29
2023-03-15,OIH,269.8699951171875,269.8699951171875,257.0799865722656,262.7099914550781,1710500,249.48084020643776,0.0,1.0,yahoo,2023-12-13 16:24:29
2023-03-16,OIH,256.5299987792969,266.8900146484375,253.75,265.4800109863281,1334100,252.11137129593635,0.0,1.0,yahoo,2023-12-13 16:24:29
2023-03-17,OIH,264.19000244140625,264.19000244140625,253.97000122070312,257.5899963378906,1021700,244.61867003691373,0.0,1.0,yahoo,2023-12-13 16:24:29
2023-03-20,OIH,259.5,267.6199951171875,258.6700134277344,265.45001220703125,842500,252.0828831496626,0.0,1.0,yahoo,2023-12-13 16:24:29
2023-03-21,OIH,274.4200134277344,278.44000244140625,272.6199951171875,275.25,895500,261.3893780228153,0.0,1.0,yahoo,2023-12-13 16:24:29
2023-03-22,OIH,276.6499938964844,276.8699951171875,265.57000732421875,265.760009765625,926500,252.37727032143158,0.0,1.0,yahoo,2023-12-13 16:24:29
2023-03-23,OIH,267.9700012207031,270.3299865722656,255.509994506836,258.6400146484375,705300,245.61581311813595,0.0,1.0,yahoo,2023-12-13 16:24:29
2023-03-24,OIH,252.22999572753903,258.8999938964844,250.69000244140625,257.3800048828125,869100,244.41925301299736,0.0,1.0,yahoo,2023-12-13 16:24:29
2023-03-27,OIH,262.45001220703125,269.8599853515625,258.5,268.6199951171875,767400,255.09323686893126,0.0,1.0,yahoo,2023-12-13 16:24:29
2023-03-28,OIH,267.9100036621094,276.1700134277344,267.5,275.07000732421875,655700,261.2184491451727,0.0,1.0,yahoo,2023-12-13 16:24:29
2023-03-29,OIH,278.9200134277344,279.0,274.8699951171875,277.3800048828125,530400,263.4121233507133,0.0,1.0,yahoo,2023-12-13 16:24:29
2023-03-30,OIH,281.0299987792969,281.5799865722656,273.17999267578125,274.29998779296875,596100,260.4872050894457,0.0,1.0,yahoo,2023-12-13 16:24:29
2023-03-31,OIH,275.42999267578125,278.5,274.1700134277344,277.1300048828125,351200,263.17471247149183,0.0,1.0,yahoo,2023-12-13 16:24:29
2023-04-03,OIH,295.0,298.82000732421875,290.57000732421875,293.5,999800,278.7203722059811,0.0,1.0,yahoo,2023-12-13 16:24:29
2023-04-04,OIH,295.6300048828125,295.6300048828125,280.4100036621094,284.1099853515625,856600,269.80320567162977,0.0,1.0,yahoo,2023-12-13 16:24:29
2023-04-05,OIH,283.4200134277344,285.8500061035156,279.0799865722656,282.6700134277344,410400,268.4357456696688,0.0,1.0,yahoo,2023-12-13 16:24:29
2023-04-06,OIH,282.9700012207031,283.1700134277344,277.989990234375,278.3299865722656,338500,264.3142673032627,0.0,1.0,yahoo,2023-12-13 16:24:29
2023-04-10,OIH,278.760009765625,286.2200012207031,278.760009765625,282.0400085449219,304500,267.8374656170995,0.0,1.0,yahoo,2023-12-13 16:24:29
2023-04-11,OIH,283.6700134277344,288.3500061035156,280.989990234375,286.19000244140625,367900,271.7784804160115,0.0,1.0,yahoo,2023-12-13 16:24:29
2023-04-12,OIH,288.20001220703125,290.1300048828125,283.4100036621094,287.8500061035156,304400,273.35489213174037,0.0,1.0,yahoo,2023-12-13 16:24:29
2023-04-13,OIH,288.3699951171875,291.239990234375,287.6099853515625,288.7200012207031,340300,274.1810773544998,0.0,1.0,yahoo,2023-12-13 16:24:29
2023-04-14,OIH,290.3999938964844,291.3500061035156,285.04998779296875,288.0799865722656,414800,273.5732915928992,0.0,1.0,yahoo,2023-12-13 16:24:29
2023-04-17,OIH,287.8599853515625,289.6199951171875,283.9100036621094,286.67999267578125,335400,272.2437964654231,0.0,1.0,yahoo,2023-12-13 16:24:29
2023-04-18,OIH,285.0,288.54998779296875,283.2300109863281,286.7699890136719,318600,272.3292609042444,0.0,1.0,yahoo,2023-12-13 16:24:29
2023-04-19,OIH,284.5400085449219,288.6499938964844,281.3099975585937,287.2099914550781,644300,272.74710637013976,0.0,1.0,yahoo,2023-12-13 16:24:29
2023-04-20,OIH,283.1199951171875,284.69000244140625,279.510009765625,282.82000732421875,533800,268.5781864010376,0.0,1.0,yahoo,2023-12-13 16:24:29
2023-04-21,OIH,283.9700012207031,283.9700012207031,275.69000244140625,277.82000732421875,685700,263.82996881660864,0.0,1.0,yahoo,2023-12-13 16:24:29
2023-04-24,OIH,277.6700134277344,288.3800048828125,277.6700134277344,286.17999267578125,513000,271.7689747069802,0.0,1.0,yahoo,2023-12-13 16:24:29
2023-04-25,OIH,281.2099914550781,282.2699890136719,272.6000061035156,274.4599914550781,652300,260.6391515298459,0.0,1.0,yahoo,2023-12-13 16:24:29
2023-04-26,OIH,274.3299865722656,277.32000732421875,266.95001220703125,268.79998779296875,757500,255.26416574657384,0.0,1.0,yahoo,2023-12-13 16:24:29
2023-04-27,OIH,265.94000244140625,270.8500061035156,264.0199890136719,268.0799865722656,573000,254.58042125518327,0.0,1.0,yahoo,2023-12-13 16:24:29
2023-04-28,OIH,267.3800048828125,276.489990234375,265.6400146484375,274.1300048828125,519500,260.32578192083446,0.0,1.0,yahoo,2023-12-13 16:24:29
2023-05-01,OIH,270.29998779296875,274.989990234375,269.29998779296875,273.2900085449219,360200,259.5280848443488,0.0,1.0,yahoo,2023-12-13 16:24:29
2023-05-02,OIH,269.3599853515625,269.6700134277344,255.47000122070312,256.75,1005500,243.8209729604281,0.0,1.0,yahoo,2023-12-13 16:24:29
2023-05-03,OIH,252.5,258.5,252.25,253.52999877929688,773000,240.763119676823,0.0,1.0,yahoo,2023-12-13 16:24:29
2023-05-04,OIH,254.2100067138672,256.4800109863281,249.4199981689453,254.5800018310547,642100,241.76024826763512,0.0,1.0,yahoo,2023-12-13 16:24:29
2023-05-05,OIH,262.6300048828125,264.9100036621094,260.92999267578125,261.5799865722656,685600,248.40773839542558,0.0,1.0,yahoo,2023-12-13 16:24:29
2023-05-08,OIH,265.9200134277344,268.67999267578125,261.2900085449219,262.1000061035156,376500,248.90157157193113,0.0,1.0,yahoo,2023-12-13 16:24:29
2023-05-09,OIH,260.2200012207031,265.7900085449219,259.0199890136719,263.1300048828125,455300,249.8797032350907,0.0,1.0,yahoo,2023-12-13 16:24:29
2023-05-10,OIH,265.5299987792969,265.5299987792969,257.0,259.8299865722656,411100,246.74586224087543,0.0,1.0,yahoo,2023-12-13 16:24:29
2023-05-11,OIH,255.6100006103516,255.6100006103516,250.3999938964844,252.3699951171875,703500,239.66152971953707,0.0,1.0,yahoo,2023-12-13 16:24:29
2023-05-12,OIH,254.47000122070312,257.4100036621094,251.3099975585937,253.0,400500,240.25980977210634,0.0,1.0,yahoo,2023-12-13 16:24:29
2023-05-15,OIH,254.8300018310547,258.9700012207031,253.5399932861328,255.9199981689453,517600,243.03276710256367,0.0,1.0,yahoo,2023-12-13 16:24:29
2023-05-16,OIH,255.3800048828125,255.3800048828125,248.8300018310547,249.07000732421875,403500,236.52771770614203,0.0,1.0,yahoo,2023-12-13 16:24:29
2023-05-17,OIH,251.8800048828125,257.0799865722656,250.25,255.7100067138672,691500,242.8333500786473,0.0,1.0,yahoo,2023-12-13 16:24:29
2023-05-18,OIH,254.6499938964844,259.7300109863281,250.5500030517578,259.260009765625,423500,246.2045874616739,0.0,1.0,yahoo,2023-12-13 16:24:29
2023-05-19,OIH,262.760009765625,263.010009765625,258.19000244140625,260.010009765625,437300,246.91682009933825,0.0,1.0,yahoo,2023-12-13 16:24:29
2023-05-22,OIH,260.20001220703125,266.79998779296875,260.20001220703125,264.8699951171875,661300,251.5320736806095,0.0,1.0,yahoo,2023-12-13 16:24:29
2023-05-23,OIH,267.29998779296875,268.6400146484375,263.9800109863281,265.6499938964844,322300,252.27279446454762,0.0,1.0,yahoo,2023-12-13 16:24:29
2023-05-24,OIH,266.3099975585937,270.1000061035156,263.8900146484375,267.9200134277344,463900,254.42850379560332,0.0,1.0,yahoo,2023-12-13 16:24:29
2023-05-25,OIH,262.7900085449219,263.5,257.79998779296875,261.1199951171875,498800,247.97091049228777,0.0,1.0,yahoo,2023-12-13 16:24:29
2023-05-26,OIH,262.5299987792969,264.6400146484375,257.95001220703125,259.79998779296875,429200,246.71737409460167,0.0,1.0,yahoo,2023-12-13 16:24:29
2023-05-30,OIH,254.47000122070312,256.4700012207031,251.83999633789065,256.0299987792969,435200,243.1372284690375,0.0,1.0,yahoo,2023-12-13 16:24:29
2023-05-31,OIH,250.0500030517578,252.4100036621093,246.0399932861328,246.77999877929688,943300,234.35302593784388,0.0,1.0,yahoo,2023-12-13 16:24:29
2023-06-01,OIH,247.2700042724609,261.1499938964844,247.2700042724609,259.17999267578125,740700,246.12859975106372,0.0,1.0,yahoo,2023-12-13 16:24:29
2023-06-02,OIH,265.239990234375,275.4100036621094,263.4100036621094,272.45001220703125,1918700,258.7303877678632,0.0,1.0,yahoo,2023-12-13 16:24:29
2023-06-05,OIH,275.45001220703125,275.45001220703125,265.5299987792969,267.75,577900,254.26705164617184,0.0,1.0,yahoo,2023-12-13 16:24:29
2023-06-06,OIH,263.5899963378906,272.45001220703125,262.8500061035156,271.0599975585937,608400,257.41036936859814,0.0,1.0,yahoo,2023-12-13 16:24:29
2023-06-07,OIH,273.5199890136719,280.3299865722656,272.4599914550781,279.2099914550781,506400,265.1499582350534,0.0,1.0,yahoo,2023-12-13 16:24:29
2023-06-08,OIH,279.1400146484375,281.6400146484375,274.70001220703125,278.19000244140625,554200,264.1813322809252,0.0,1.0,yahoo,2023-12-13 16:24:29
2023-06-09,OIH,277.4200134277344,280.6600036621094,274.510009765625,276.3999938964844,417700,262.4814622710699,0.0,1.0,yahoo,2023-12-13 16:24:29
2023-06-12,OIH,270.2799987792969,274.8900146484375,268.9100036621094,269.4700012207031,674900,255.9004396544482,0.0,1.0,yahoo,2023-12-13 16:24:29
2023-06-13,OIH,275.25,282.7900085449219,274.4200134277344,275.3500061035156,646800,261.48434817066794,0.0,1.0,yahoo,2023-12-13 16:24:29
2023-06-14,OIH,278.6499938964844,279.54998779296875,270.5199890136719,273.260009765625,328000,259.49959669807504,0.0,1.0,yahoo,2023-12-13 16:24:29
2023-06-15,OIH,274.0,280.260009765625,274.0,278.45001220703125,466500,264.42824886917793,0.0,1.0,yahoo,2023-12-13 16:24:29
2023-06-16,OIH,280.010009765625,280.0599975585937,275.4800109863281,276.3099975585937,346400,262.39599783224855,0.0,1.0,yahoo,2023-12-13 16:24:29
2023-06-20,OIH,273.3099975585937,273.3099975585937,267.8099975585937,272.1000061035156,394200,258.39800674078907,0.0,1.0,yahoo,2023-12-13 16:24:29
2023-06-21,OIH,271.0899963378906,278.6300048828125,270.010009765625,275.6199951171875,521800,261.7407414871318,0.0,1.0,yahoo,2023-12-13 16:24:29
2023-06-22,OIH,271.4700012207031,273.0,268.2200012207031,270.5400085449219,823800,256.9165651729129,0.0,1.0,yahoo,2023-12-13 16:24:29
2023-06-23,OIH,265.19000244140625,267.8399963378906,262.75,267.3999938964844,406000,253.93467061909777,0.0,1.0,yahoo,2023-12-13 16:24:29
2023-06-26,OIH,266.6700134277344,276.04998779296875,266.6700134277344,273.4599914550781,329600,259.68950801296006,0.0,1.0,yahoo,2023-12-13 16:24:29
2023-06-27,OIH,274.1600036621094,278.69000244140625,271.5299987792969,277.0599975585937,433100,263.10823046991294,0.0,1.0,yahoo,2023-12-13 16:24:29
2023-06-28,OIH,276.19000244140625,279.1099853515625,271.5899963378906,277.3599853515625,353700,263.39311193265064,0.0,1.0,yahoo,2023-12-13 16:24:29
2023-06-29,OIH,279.8500061035156,282.8699951171875,278.0,282.69000244140625,387100,268.45472810691126,0.0,1.0,yahoo,2023-12-13 16:24:29
2023-06-30,OIH,286.2099914550781,290.44000244140625,283.8099975585937,287.6000061035156,464300,273.1174812525189,0.0,1.0,yahoo,2023-12-13 16:24:29
2023-07-03,OIH,289.20001220703125,292.2799987792969,287.5,290.6700134277344,250000,276.0328938047552,0.0,1.0,yahoo,2023-12-13 16:24:29
2023-07-05,OIH,293.8099975585937,293.8099975585937,288.3999938964844,290.3299865722656,490200,275.7099895058922,0.0,1.0,yahoo,2023-12-13 16:24:29
2023-07-06,OIH,287.760009765625,290.79998779296875,282.0,288.0199890136719,425000,273.51631530035166,0.0,1.0,yahoo,2023-12-13 16:24:29
2023-07-07,OIH,286.6700134277344,309.19000244140625,286.6700134277344,307.70001220703125,951900,292.2053217380875,0.0,1.0,yahoo,2023-12-13 16:24:29
2023-07-10,OIH,306.7900085449219,310.8099975585937,305.7200012207031,310.489990234375,523700,294.8548062840083,0.0,1.0,yahoo,2023-12-13 16:24:29
2023-07-11,OIH,312.0799865722656,321.8399963378906,311.1700134277344,321.25,1281200,305.0729797995619,0.0,1.0,yahoo,2023-12-13 16:24:29
2023-07-12,OIH,325.20001220703125,326.3500061035156,321.92999267578125,323.7900085449219,715900,307.4850824470815,0.0,1.0,yahoo,2023-12-13 16:24:29
2023-07-13,OIH,325.5400085449219,328.3699951171875,322.3599853515625,325.9200134277344,1257200,309.5078277749795,0.0,1.0,yahoo,2023-12-13 16:24:29
2023-07-14,OIH,323.57000732421875,324.1600036621094,319.04998779296875,320.6700134277344,558500,304.5221993113291,0.0,1.0,yahoo,2023-12-13 16:24:29
2023-07-17,OIH,318.7099914550781,325.04998779296875,318.6499938964844,323.5299987792969,457100,307.2381658588287,0.0,1.0,yahoo,2023-12-13 16:24:29
2023-07-18,OIH,323.9200134277344,333.5,323.75,331.489990234375,825600,314.79732013861,0.0,1.0,yahoo,2023-12-13 16:24:29
2023-07-19,OIH,328.8900146484375,333.70001220703125,328.19000244140625,330.82000732421875,423800,314.16107521155584,0.0,1.0,yahoo,2023-12-13 16:24:29
2023-07-20,OIH,331.4700012207031,333.0799865722656,326.07000732421875,329.1000061035156,420600,312.52768720327947,0.0,1.0,yahoo,2023-12-13 16:24:29
2023-07-21,OIH,326.7699890136719,329.7900085449219,323.8800048828125,329.0599975585937,381000,312.4896933479743,0.0,1.0,yahoo,2023-12-13 16:24:29
2023-07-24,OIH,329.3999938964844,337.2300109863281,329.3999938964844,336.5,589400,319.5550434320703,0.0,1.0,yahoo,2023-12-13 16:24:29
2023-07-25,OIH,335.9100036621094,340.3299865722656,333.7699890136719,338.739990234375,398700,321.68223563603203,0.0,1.0,yahoo,2023-12-13 16:24:29
2023-07-26,OIH,332.989990234375,339.5,332.70001220703125,337.6300048828125,346700,320.6281452430825,0.0,1.0,yahoo,2023-12-13 16:24:29
2023-07-27,OIH,339.2099914550781,341.4100036621094,331.4800109863281,332.6199951171875,508000,315.8704219496222,0.0,1.0,yahoo,2023-12-13 16:24:29
2023-07-28,OIH,333.2900085449219,337.5,331.8500061035156,337.5,336400,320.5046869489561,0.0,1.0,yahoo,2023-12-13 16:24:29
2023-07-31,OIH,340.0,344.82000732421875,340.0,343.739990234375,457400,326.430453220461,0.0,1.0,yahoo,2023-12-13 16:24:29
2023-08-01,OIH,341.0199890136719,342.3599853515625,336.239990234375,341.70001220703125,322900,324.4932013122045,0.0,1.0,yahoo,2023-12-13 16:24:29
2023-08-02,OIH,339.1199951171875,340.2799987792969,333.3699951171875,339.25,450000,322.16656310350623,0.0,1.0,yahoo,2023-12-13 16:24:29
2023-08-03,OIH,338.2300109863281,345.17999267578125,338.0,342.260009765625,493300,325.024999363195,0.0,1.0,yahoo,2023-12-13 16:24:29
2023-08-04,OIH,344.3299865722656,345.760009765625,340.7200012207031,341.8299865722656,486500,324.6166306255107,0.0,1.0,yahoo,2023-12-13 16:24:29
2023-08-07,OIH,342.04998779296875,343.44000244140625,337.17999267578125,339.3999938964844,1221800,322.30900383487506,0.0,1.0,yahoo,2023-12-13 16:24:29
2023-08-08,OIH,333.0,341.760009765625,329.2300109863281,341.4200134277344,719100,324.2273022867093,0.0,1.0,yahoo,2023-12-13 16:24:29
2023-08-09,OIH,344.2300109863281,351.4599914550781,342.7300109863281,345.5799865722656,945600,328.1777938138324,0.0,1.0,yahoo,2023-12-13 16:24:29
2023-08-10,OIH,345.0199890136719,348.989990234375,340.8999938964844,343.5599975585937,715200,326.25952434281834,0.0,1.0,yahoo,2023-12-13 16:24:29
2023-08-11,OIH,343.42999267578125,349.1400146484375,343.2099914550781,347.260009765625,424700,329.77321694762395,0.0,1.0,yahoo,2023-12-13 16:24:29
2023-08-14,OIH,344.95001220703125,345.6300048828125,341.3599853515625,344.0299987792969,402000,326.70585795498755,0.0,1.0,yahoo,2023-12-13 16:24:29
2023-08-15,OIH,340.07000732421875,341.8500061035156,336.010009765625,337.94000244140625,431800,320.92253241485145,0.0,1.0,yahoo,2023-12-13 16:24:29
2023-08-16,OIH,337.7699890136719,342.739990234375,335.92999267578125,336.70001220703125,400300,319.74498372777555,0.0,1.0,yahoo,2023-12-13 16:24:29
2023-08-17,OIH,342.0899963378906,343.3500061035156,334.9700012207031,335.5199890136719,816100,318.62438235242695,0.0,1.0,yahoo,2023-12-13 16:24:29
2023-08-18,OIH,332.0799865722656,339.3800048828125,330.6499938964844,338.7099914550781,663700,321.65374748975825,0.0,1.0,yahoo,2023-12-13 16:24:29
2023-08-21,OIH,340.4700012207031,342.3999938964844,333.3299865722656,336.3900146484375,336100,319.4505965560066,0.0,1.0,yahoo,2023-12-13 16:24:29
2023-08-22,OIH,336.42999267578125,336.9200134277344,331.6700134277344,332.2300109863281,385700,315.50007604806325,0.0,1.0,yahoo,2023-12-13 16:24:29
2023-08-23,OIH,329.1700134277344,337.17999267578125,325.8599853515625,335.3500061035156,519400,318.46295918381566,0.0,1.0,yahoo,2023-12-13 16:24:29
2023-08-24,OIH,332.6400146484375,337.0199890136719,331.0799865722656,331.44000244140625,344400,314.7498495550938,0.0,1.0,yahoo,2023-12-13 16:24:29
2023-08-25,OIH,334.29998779296875,334.29998779296875,328.6000061035156,331.1400146484375,488400,314.4649680923561,0.0,1.0,yahoo,2023-12-13 16:24:29
2023-08-28,OIH,332.8299865722656,339.010009765625,332.1400146484375,336.3900146484375,408500,319.4505965560066,0.0,1.0,yahoo,2023-12-13 16:24:29
2023-08-29,OIH,337.4599914550781,340.9200134277344,333.0599975585937,339.44000244140625,523400,322.34699769018016,0.0,1.0,yahoo,2023-12-13 16:24:29
2023-08-30,OIH,341.1300048828125,343.9700012207031,339.25,341.8500061035156,445900,324.63564204357334,0.0,1.0,yahoo,2023-12-13 16:24:29
2023-08-31,OIH,343.3500061035156,343.3500061035156,337.760009765625,340.7300109863281,333800,323.5720459415925,0.0,1.0,yahoo,2023-12-13 16:24:29
2023-09-01,OIH,346.2799987792969,351.3299865722656,346.07000732421875,349.67999267578125,690700,332.07133802922823,0.0,1.0,yahoo,2023-12-13 16:24:29
2023-09-05,OIH,353.510009765625,359.04998779296875,352.20001220703125,352.57000732421875,946400,334.8158217038219,0.0,1.0,yahoo,2023-12-13 16:24:29
2023-09-06,OIH,352.2900085449219,356.5,350.2099914550781,353.8099975585937,765500,335.9933703908978,0.0,1.0,yahoo,2023-12-13 16:24:29
2023-09-07,OIH,353.0,355.2099914550781,349.8999938964844,352.010009765625,446700,334.2840236528315,0.0,1.0,yahoo,2023-12-13 16:24:29
2023-09-08,OIH,353.8599853515625,357.3699951171875,352.0,353.07000732421875,356900,335.29064346226477,0.0,1.0,yahoo,2023-12-13 16:24:29
2023-09-11,OIH,355.739990234375,358.3699951171875,352.3299865722656,353.6600036621094,369500,335.85092965952896,0.0,1.0,yahoo,2023-12-13 16:24:29
2023-09-12,OIH,358.2799987792969,364.0799865722656,357.04998779296875,362.2999877929688,755200,344.0558345753958,0.0,1.0,yahoo,2023-12-13 16:24:29
2023-09-13,OIH,362.9800109863281,362.9800109863281,353.25,354.5799865722656,566100,336.7245854658046,0.0,1.0,yahoo,2023-12-13 16:24:29
2023-09-14,OIH,360.0199890136719,361.80999755859375,358.6199951171875,359.7200012207031,621000,341.6057670533913,0.0,1.0,yahoo,2023-12-13 16:24:29
2023-09-15,OIH,357.1700134277344,361.2099914550781,354.7300109863281,356.92999267578125,563500,338.95625352665024,0.0,1.0,yahoo,2023-12-13 16:24:29
2023-09-18,OIH,359.5799865722656,361.6000061035156,357.0199890136719,358.69000244140625,506000,340.6276353902317,0.0,1.0,yahoo,2023-12-13 16:24:29
2023-09-19,OIH,362.2000122070313,363.2099914550781,349.6000061035156,351.25,562600,333.5622853061358,0.0,1.0,yahoo,2023-12-13 16:24:29
2023-09-20,OIH,350.0899963378906,356.45001220703125,348.82000732421875,348.82000732421875,527100,331.2546585155002,0.0,1.0,yahoo,2023-12-13 16:24:29
2023-09-21,OIH,350.6600036621094,350.6600036621094,342.4700012207031,342.8999938964844,609500,325.63275614397537,0.0,1.0,yahoo,2023-12-13 16:24:29
2023-09-22,OIH,345.5400085449219,348.4200134277344,344.32000732421875,345.2300109863281,348400,327.84544176757856,0.0,1.0,yahoo,2023-12-13 16:24:29
2023-09-25,OIH,343.4100036621094,351.1199951171875,343.3500061035156,350.1499938964844,428800,332.5176716413974,0.0,1.0,yahoo,2023-12-13 16:24:29
2023-09-26,OIH,346.1400146484375,350.6099853515625,345.6700134277344,346.9200134277344,426500,329.4503416295812,0.0,1.0,yahoo,2023-12-13 16:24:29
2023-09-27,OIH,352.2900085449219,359.54998779296875,350.6099853515625,357.4700012207031,563500,339.46906914039823,0.0,1.0,yahoo,2023-12-13 16:24:29
2023-09-28,OIH,356.95001220703125,359.3299865722656,352.7099914550781,355.3800048828125,552400,337.4843176678054,0.0,1.0,yahoo,2023-12-13 16:24:29
2023-09-29,OIH,356.0599975585937,356.0599975585937,343.3999938964844,345.0400085449219,861200,327.66500718090464,0.0,1.0,yahoo,2023-12-13 16:24:29
2023-10-02,OIH,343.8099975585937,344.6600036621094,333.4599914550781,336.5299987792969,930900,319.5835315783441,0.0,1.0,yahoo,2023-12-13 16:24:29
2023-10-03,OIH,333.70001220703125,338.3099975585937,333.5,337.7099914550781,662900,320.7041039728725,0.0,1.0,yahoo,2023-12-13 16:24:29
2023-10-04,OIH,332.1000061035156,333.3599853515625,320.70001220703125,322.7900085449219,1062500,306.5354389301957,0.0,1.0,yahoo,2023-12-13 16:24:29
2023-10-05,OIH,319.9100036621094,326.1300048828125,319.29998779296875,321.17999267578125,634500,305.00649779798306,0.0,1.0,yahoo,2023-12-13 16:24:29
2023-10-06,OIH,321.2699890136719,328.0599975585937,318.1199951171875,325.0799865722656,583800,308.71010171767364,0.0,1.0,yahoo,2023-12-13 16:24:29
2023-10-09,OIH,335.3900146484375,341.1700134277344,333.7300109863281,339.6199951171875,685000,322.51792656782277,0.0,1.0,yahoo,2023-12-13 16:24:29
2023-10-10,OIH,340.1400146484375,342.4200134277344,338.0799865722656,340.3399963378906,499200,323.2016710592133,0.0,1.0,yahoo,2023-12-13 16:24:29
2023-10-11,OIH,337.4100036621094,342.7200012207031,335.3699951171875,342.4100036621094,368600,325.1674400945638,0.0,1.0,yahoo,2023-12-13 16:24:29
2023-10-12,OIH,346.69000244140625,347.0,336.0,339.67999267578125,381000,322.5749028603703,0.0,1.0,yahoo,2023-12-13 16:24:29
2023-10-13,OIH,346.3900146484375,347.79998779296875,341.489990234375,345.010009765625,427000,327.6365190346309,0.0,1.0,yahoo,2023-12-13 16:24:29
2023-10-16,OIH,345.7300109863281,347.5400085449219,341.3299865722656,344.5400085449219,311700,327.19018542246175,0.0,1.0,yahoo,2023-12-13 16:24:29
2023-10-17,OIH,342.0,351.8999938964844,342.0,350.3699951171875,313600,332.72659437434504,0.0,1.0,yahoo,2023-12-13 16:24:29
2023-10-18,OIH,352.510009765625,354.44000244140625,347.760009765625,349.2699890136719,453400,331.68198070960665,0.0,1.0,yahoo,2023-12-13 16:24:29
2023-10-19,OIH,346.82000732421875,352.1300048828125,341.32000732421875,347.7900085449219,294100,330.2765268523406,0.0,1.0,yahoo,2023-12-13 16:24:29
2023-10-20,OIH,345.1000061035156,347.7099914550781,334.25,340.5400085449219,615800,323.39161135491855,0.0,1.0,yahoo,2023-12-13 16:24:29
2023-10-23,OIH,337.7699890136719,340.70001220703125,334.1000061035156,338.5199890136719,471000,321.4733129030843,0.0,1.0,yahoo,2023-12-13 16:24:29
2023-10-24,OIH,338.0299987792969,339.0899963378906,333.6600036621094,334.5599975585937,400800,317.71273269084617,0.0,1.0,yahoo,2023-12-13 16:24:29
2023-10-25,OIH,332.8999938964844,334.0400085449219,326.25,329.8999938964844,756200,313.28739042446,0.0,1.0,yahoo,2023-12-13 16:24:29
2023-10-26,OIH,326.2900085449219,329.6400146484375,321.9700012207031,325.7799987792969,548400,309.37486377182177,0.0,1.0,yahoo,2023-12-13 16:24:29
2023-10-27,OIH,327.8599853515625,328.42999267578125,321.010009765625,325.8699951171875,559400,309.46032821064307,0.0,1.0,yahoo,2023-12-13 16:24:29
2023-10-30,OIH,327.9100036621094,330.8699951171875,321.4100036621094,325.7200012207031,387800,309.31788747927425,0.0,1.0,yahoo,2023-12-13 16:24:29
2023-10-31,OIH,325.3299865722656,327.8599853515625,320.82000732421875,324.3999938964844,472600,308.06435108158814,0.0,1.0,yahoo,2023-12-13 16:24:29
2023-11-01,OIH,326.7300109863281,331.6000061035156,323.6099853515625,326.6700134277344,594900,310.2200604126438,0.0,1.0,yahoo,2023-12-13 16:24:29
2023-11-02,OIH,330.4100036621094,337.4700012207031,329.989990234375,336.69000244140625,686200,319.73547801874423,0.0,1.0,yahoo,2023-12-13 16:24:29
2023-11-03,OIH,337.6600036621094,340.4700012207031,334.0799865722656,335.3500061035156,316200,318.46295918381566,0.0,1.0,yahoo,2023-12-13 16:24:29
2023-11-06,OIH,337.6000061035156,339.0299987792969,329.04998779296875,330.0599975585937,476300,313.4393368648601,0.0,1.0,yahoo,2023-12-13 16:24:29
2023-11-07,OIH,324.8699951171875,325.25,314.7900085449219,315.6000061035156,1036200,299.7074997253212,0.0,1.0,yahoo,2023-12-13 16:24:29
2023-11-08,OIH,312.3599853515625,318.3299865722656,312.0,314.1300048828125,721100,298.3115225962663,0.0,1.0,yahoo,2023-12-13 16:24:29
2023-11-09,OIH,316.9200134277344,319.82000732421875,314.0,314.4800109863281,534800,298.64390362334035,0.0,1.0,yahoo,2023-12-13 16:24:29
2023-11-10,OIH,319.3299865722656,320.42999267578125,316.07000732421875,318.8900146484375,504200,302.83183501050513,0.0,1.0,yahoo,2023-12-13 16:24:29
2023-11-13,OIH,318.8099975585937,322.69000244140625,316.8399963378906,321.17999267578125,324900,305.00649779798306,0.0,1.0,yahoo,2023-12-13 16:24:29
2023-11-14,OIH,323.7200012207031,327.44000244140625,321.6400146484375,326.3299865722656,654100,309.89715611378085,0.0,1.0,yahoo,2023-12-13 16:24:29
2023-11-15,OIH,324.7900085449219,329.2099914550781,321.0400085449219,321.17999267578125,534700,305.00649779798306,0.0,1.0,yahoo,2023-12-13 16:24:29
2023-11-16,OIH,317.1300048828125,320.0,304.7099914550781,309.2300109863281,915700,293.65827515968994,0.0,1.0,yahoo,2023-12-13 16:24:29
2023-11-17,OIH,312.7900085449219,318.0899963378906,312.2900085449219,316.0599975585937,724400,300.14432762845894,0.0,1.0,yahoo,2023-12-13 16:24:29
2023-11-20,OIH,318.9800109863281,320.70001220703125,316.5,316.8500061035156,327900,300.8945541214285,0.0,1.0,yahoo,2023-12-13 16:24:29
2023-11-21,OIH,314.2099914550781,316.6400146484375,312.9800109863281,314.8699951171875,322300,299.0142495248993,0.0,1.0,yahoo,2023-12-13 16:24:29
2023-11-22,OIH,308.0299987792969,313.9800109863281,304.1600036621094,313.0599975585937,529000,297.29539707780157,0.0,1.0,yahoo,2023-12-13 16:24:29
2023-11-24,OIH,313.8299865722656,318.5599975585937,313.8299865722656,315.7799987792969,230800,299.8784286029638,0.0,1.0,yahoo,2023-12-13 16:24:29
2023-11-27,OIH,314.0299987792969,315.5,310.79998779296875,313.6700134277344,208000,297.8746946931285,0.0,1.0,yahoo,2023-12-13 16:24:29
2023-11-28,OIH,315.19000244140625,315.739990234375,311.4800109863281,312.2799987792969,433200,296.5546762938635,0.0,1.0,yahoo,2023-12-13 16:24:29
2023-11-29,OIH,314.4100036621094,314.760009765625,308.8800048828125,310.6400146484375,418300,294.99727599619735,0.0,1.0,yahoo,2023-12-13 16:24:29
2023-11-30,OIH,314.4200134277344,321.17999267578125,308.5599975585937,312.29998779296875,682700,296.573658731106,0.0,1.0,yahoo,2023-12-13 16:24:29
2023-12-01,OIH,310.989990234375,319.3900146484375,309.6199951171875,315.1099853515625,442200,299.2421546950894,0.0,1.0,yahoo,2023-12-13 16:24:29
2023-12-04,OIH,311.70001220703125,314.0599975585937,308.739990234375,312.6099853515625,291200,296.86804590287494,0.0,1.0,yahoo,2023-12-13 16:24:29
2023-12-05,OIH,312.32000732421875,312.5400085449219,305.29998779296875,305.42999267578125,500900,290.04961240703176,0.0,1.0,yahoo,2023-12-13 16:24:29
2023-12-06,OIH,304.0,306.0899963378906,294.5599975585937,294.6099853515625,856100,279.7744625989306,0.0,1.0,yahoo,2023-12-13 16:24:29
2023-12-07,OIH,296.4100036621094,297.82000732421875,291.260009765625,293.1199951171875,473900,278.35950303263326,0.0,1.0,yahoo,2023-12-13 16:24:29
2023-12-08,OIH,295.3900146484375,299.6700134277344,294.510009765625,297.0799865722656,647800,282.12008324487135,0.0,1.0,yahoo,2023-12-13 16:24:29
2023-12-11,OIH,296.6499938964844,300.9100036621094,295.7099914550781,297.1600036621094,321000,282.1960709554815,0.0,1.0,yahoo,2023-12-13 16:24:29
2023-12-12,OIH,292.92999267578125,294.94000244140625,289.8099975585937,293.4200134277344,522700,278.6444134761911,0.0,1.0,yahoo,2023-12-13 16:24:29
2023-12-13,OIH,294.510009765625,299.7099914550781,292.1700134277344,299.7099914550781,389816,284.6176503312122,0.0,1.0,yahoo,2023-12-13 16:24:29
2023-12-14,OIH,304.79998779296875,312.57000732421875,304.7900085449219,311.67999267578125,788629,295.984884387568,0.0,1.0,yahoo,2023-12-14 14:44:00
2023-12-15,OIH,311.6600036621094,311.989990234375,306.0,310.20001220703125,602900,294.579430530302,0.0,1.0,yahoo,2023-12-16 11:25:33
2023-12-18,OIH,311.7900085449219,315.1499938964844,307.8399963378906,307.9200134277344,554100,296.45102421640263,4.224,1.0,yahoo,2024-02-11 00:18:13
2023-12-19,OIH,309.9100036621094,313.5299987792969,308.3599853515625,313.07000732421875,369200,301.40919808865505,0.0,1.0,yahoo,2024-02-11 00:18:13
2023-12-20,OIH,312.94000244140625,317.94000244140625,309.7900085449219,310.1600036621094,708400,298.6075823167453,0.0,1.0,yahoo,2024-02-11 00:18:13
2023-12-21,OIH,309.94000244140625,312.04998779296875,308.6300048828125,312.0,304300,300.379044953584,0.0,1.0,yahoo,2024-02-11 00:18:13
2023-12-22,OIH,315.0,316.1199951171875,310.8500061035156,312.3800048828125,377900,300.74489592722796,0.0,1.0,yahoo,2024-02-11 00:18:13
2023-12-26,OIH,317.95001220703125,320.70001220703125,315.7799987792969,319.44000244140625,348000,307.54193222218,0.0,1.0,yahoo,2024-02-11 00:18:13
2023-12-27,OIH,319.0,320.8099975585937,315.8800048828125,316.239990234375,290500,304.4611097523471,0.0,1.0,yahoo,2024-02-11 00:18:13
2023-12-28,OIH,314.3800048828125,315.8900146484375,311.54998779296875,311.8099975585937,379400,300.19611946676196,0.0,1.0,yahoo,2024-02-11 00:18:13
2023-12-29,OIH,311.8099975585937,312.1199951171875,308.8900146484375,309.5199890136719,305900,297.9914060704185,0.0,1.0,yahoo,2024-02-11 00:18:13
2024-01-02,OIH,312.1400146484375,314.6499938964844,306.3399963378906,307.5899963378906,363800,296.1332991578589,0.0,1.0,yahoo,2024-02-11 00:18:13
2024-01-03,OIH,306.7200012207031,312.0899963378906,305.42999267578125,308.8599853515625,387200,297.3559853342317,0.0,1.0,yahoo,2024-02-11 00:18:13
2024-01-04,OIH,310.4599914550781,312.4200134277344,301.489990234375,301.92999267578125,446000,290.6841116756211,0.0,1.0,yahoo,2024-02-11 00:18:13
2024-01-05,OIH,303.9800109863281,306.95001220703125,303.20001220703125,305.2900085449219,275500,293.9189782070357,0.0,1.0,yahoo,2024-02-11 00:18:13
2024-01-08,OIH,298.67999267578125,298.67999267578125,291.6700134277344,297.8699951171875,656900,286.77533542829974,0.0,1.0,yahoo,2024-02-11 00:18:13
2024-01-09,OIH,297.3800048828125,297.3800048828125,288.9700012207031,290.2200012207031,674600,279.4102781830218,0.0,1.0,yahoo,2024-02-11 00:18:13
2024-01-10,OIH,289.4200134277344,289.5,285.04998779296875,286.45001220703125,533000,275.7807086336235,0.0,1.0,yahoo,2024-02-11 00:18:13
2024-01-11,OIH,288.6099853515625,288.6099853515625,284.4800109863281,287.75,506800,277.0322762352365,0.0,1.0,yahoo,2024-02-11 00:18:13
2024-01-12,OIH,293.5599975585937,294.5,288.5400085449219,291.8299865722656,590600,280.96029697241795,0.0,1.0,yahoo,2024-02-11 00:18:13
2024-01-16,OIH,290.0,291.07000732421875,283.8599853515625,284.1199951171875,314400,273.5374768766594,0.0,1.0,yahoo,2024-02-11 00:18:13
2024-01-17,OIH,280.4599914550781,285.760009765625,278.6300048828125,282.7099914550781,602300,272.17999112856495,0.0,1.0,yahoo,2024-02-11 00:18:13
2024-01-18,OIH,283.489990234375,287.3599853515625,281.5299987792969,286.3099975585937,580100,275.64590906190176,0.0,1.0,yahoo,2024-02-11 00:18:13
2024-01-19,OIH,288.760009765625,289.57000732421875,285.5,288.2300109863281,402600,277.49440841998165,0.0,1.0,yahoo,2024-02-11 00:18:13
2024-01-22,OIH,288.6000061035156,294.8599853515625,286.9599914550781,292.75,498100,281.84604298128755,0.0,1.0,yahoo,2024-02-11 00:18:13
2024-01-23,OIH,291.5599975585937,298.2099914550781,291.2900085449219,294.2799987792969,412900,283.31905443034316,0.0,1.0,yahoo,2024-02-11 00:18:13
2024-01-24,OIH,296.07000732421875,301.6099853515625,294.3299865722656,300.4599914550781,444100,289.2688630770461,0.0,1.0,yahoo,2024-02-11 00:18:13
2024-01-25,OIH,303.5899963378906,305.0799865722656,297.9100036621094,304.2099914550781,364200,292.87918813658433,0.0,1.0,yahoo,2024-02-11 00:18:13
2024-01-26,OIH,303.9700012207031,308.6099853515625,302.8099975585937,306.4700012207031,207900,295.0550201076876,0.0,1.0,yahoo,2024-02-11 00:18:13
2024-01-29,OIH,304.8099975585937,306.6400146484375,301.5400085449219,306.6400146484375,233500,295.2187011046496,0.0,1.0,yahoo,2024-02-11 00:18:13
2024-01-30,OIH,293.8399963378906,301.1400146484375,289.4800109863281,299.3099975585937,919200,288.16170260163443,0.0,1.0,yahoo,2024-02-11 00:18:13
2024-01-31,OIH,300.0599975585937,300.6000061035156,292.0799865722656,292.5199890136719,431500,281.62459913384504,0.0,1.0,yahoo,2024-02-11 00:18:13
2024-02-01,OIH,294.54998779296875,297.0,289.1099853515625,291.6400146484375,457300,280.7774008664965,0.0,1.0,yahoo,2024-02-11 00:18:13
2024-02-02,OIH,290.0,291.4800109863281,285.42999267578125,285.6300048828125,620500,274.991243835855,0.0,1.0,yahoo,2024-02-11 00:18:13
2024-02-05,OIH,284.0,284.45001220703125,279.3699951171875,282.54998779296875,449100,272.02594706698324,0.0,1.0,yahoo,2024-02-11 00:18:13
2024-02-06,OIH,285.0199890136719,289.239990234375,283.5199890136719,287.3599853515625,509000,276.6567883262123,0.0,1.0,yahoo,2024-02-11 00:18:13
2024-02-07,OIH,288.45001220703125,290.6300048828125,284.67999267578125,286.9700012207031,348200,276.2813297980886,0.0,1.0,yahoo,2024-02-11 00:18:13
2024-02-08,OIH,287.5,291.5,286.5899963378906,290.5400085449219,520000,279.71836630618515,0.0,1.0,yahoo,2024-02-11 00:18:13
2024-02-09,OIH,289.5599975585937,290.8900146484375,286.3299865722656,287.8900146484375,523400,277.1670758069582,0.0,1.0,yahoo,2024-02-11 00:18:13
2024-02-12,OIH,288.3599853515625,293.79998779296875,288.25,292.0,620100,281.1239779693799,0.0,1.0,yahoo,2024-02-15 14:53:53
2024-02-13,OIH,290.4800109863281,291.2799987792969,283.8399963378906,287.0400085449219,405100,276.3487295839494,0.0,1.0,yahoo,2024-02-15 14:53:53
2024-02-14,OIH,289.1400146484375,290.8699951171875,286.19000244140625,288.2099914550781,280500,277.4751345492211,0.0,1.0,yahoo,2024-02-15 14:53:53
2024-02-15,OIH,289.1700134277344,298.4700012207031,288.8399963378906,297.2799987792969,483675,286.2073144779738,0.0,1.0,yahoo,2024-02-15 14:53:53
2024-02-16,OIH,297.7200012207031,299.260009765625,293.9200134277344,297.260009765625,404400,286.18806998811374,0.0,1.0,yahoo,2024-03-10 21:35:03
2024-02-20,OIH,295.70001220703125,297.2200012207031,292.0,294.489990234375,414300,283.52122440702516,0.0,1.0,yahoo,2024-03-10 21:35:03
2024-02-21,OIH,294.8900146484375,300.54998779296875,294.8900146484375,298.5,446600,287.38187473924626,0.0,1.0,yahoo,2024-03-10 21:35:03
2024-02-22,OIH,299.7699890136719,303.6099853515625,298.2900085449219,302.3699951171875,428600,291.10772549974564,0.0,1.0,yahoo,2024-03-10 21:35:03
2024-02-23,OIH,298.510009765625,301.69000244140625,295.32000732421875,300.69000244140625,339600,289.49030692448866,0.0,1.0,yahoo,2024-03-10 21:35:03
2024-02-26,OIH,299.4599914550781,302.1600036621094,297.7300109863281,299.9599914550781,218100,288.787486402441,0.0,1.0,yahoo,2024-03-10 21:35:03
2024-02-27,OIH,301.4200134277344,302.2300109863281,298.489990234375,300.5299987792969,224300,289.33626286290695,0.0,1.0,yahoo,2024-03-10 21:35:03
2024-02-28,OIH,300.5899963378906,302.2200012207031,296.0299987792969,298.0199890136719,259800,286.91974255450117,0.0,1.0,yahoo,2024-03-10 21:35:03
2024-02-29,OIH,301.0899963378906,304.1099853515625,295.44000244140625,297.0799865722656,388800,286.0147520557715,0.0,1.0,yahoo,2024-03-10 21:35:03
2024-03-01,OIH,300.8099975585937,307.0299987792969,300.010009765625,305.010009765625,414300,293.64940844449285,0.0,1.0,yahoo,2024-03-10 21:35:03
2024-03-04,OIH,305.7900085449219,306.4800109863281,300.6600036621094,301.32000732421875,247400,290.0968462354352,0.0,1.0,yahoo,2024-03-10 21:35:03
2024-03-05,OIH,300.6199951171875,304.739990234375,300.0899963378906,302.8999938964844,233700,291.617983599591,0.0,1.0,yahoo,2024-03-10 21:35:03
2024-03-06,OIH,306.6000061035156,308.1400146484375,302.3599853515625,303.9200134277344,215400,292.6000108195618,0.0,1.0,yahoo,2024-03-10 21:35:03
2024-03-07,OIH,305.5899963378906,311.45001220703125,304.7900085449219,310.9100036621094,290500,299.329647328653,0.0,1.0,yahoo,2024-03-10 21:35:03
2024-03-08,OIH,311.2099914550781,312.92999267578125,306.6400146484375,309.3900146484375,226100,297.86627281497766,0.0,1.0,yahoo,2024-03-10 21:35:03
2024-03-11,OIH,308.0,314.7699890136719,307.17999267578125,314.1499938964844,542300,302.44895877820585,0.0,1.0,yahoo,2024-03-13 00:00:16
2024-03-12,OIH,314.69000244140625,314.69000244140625,310.6700134277344,314.0199890136719,319500,302.3237961418644,0.0,1.0,yahoo,2024-03-13 00:00:16
2024-03-13,OIH,317.010009765625,321.5050048828125,314.6099853515625,318.44000244140625,405228,306.5791788729698,0.0,1.0,yahoo,2024-03-13 16:13:52
2024-03-14,OIH,320.3299865722656,323.8500061035156,318.8299865722656,322.29998779296875,758200,310.2953926980889,0.0,1.0,yahoo,2024-03-30 18:38:37
2024-03-15,OIH,321.1600036621094,326.95001220703125,321.1600036621094,323.2799987792969,292300,311.2389015574391,0.0,1.0,yahoo,2024-03-30 18:38:37
2024-03-18,OIH,325.04998779296875,325.57000732421875,321.4100036621094,324.1199951171875,403200,312.0476108450676,0.0,1.0,yahoo,2024-03-30 18:38:37
2024-03-19,OIH,323.5400085449219,331.5,323.5400085449219,331.2799987792969,458200,318.94092835112076,0.0,1.0,yahoo,2024-03-30 18:38:37
2024-03-20,OIH,328.1400146484375,333.3099975585937,327.3299865722656,331.7300109863281,354700,319.37417911062556,0.0,1.0,yahoo,2024-03-30 18:38:37
2024-03-21,OIH,331.510009765625,334.5,330.79998779296875,333.79998779296875,343700,321.36705621400625,0.0,1.0,yahoo,2024-03-30 18:38:37
2024-03-22,OIH,333.79998779296875,336.1199951171875,330.5400085449219,331.7099914550781,366700,319.354905239865,0.0,1.0,yahoo,2024-03-30 18:38:37
2024-03-25,OIH,332.5799865722656,336.79998779296875,332.260009765625,334.32000732421875,343200,321.8677067593719,0.0,1.0,yahoo,2024-03-30 18:38:37
2024-03-26,OIH,335.6000061035156,336.2099914550781,330.5299987792969,330.6400146484375,211500,318.3247814856945,0.0,1.0,yahoo,2024-03-30 18:38:37
2024-03-27,OIH,330.32000732421875,335.3099975585937,330.32000732421875,335.2699890136719,195400,322.7823048125813,0.0,1.0,yahoo,2024-03-30 18:38:37
2024-03-28,OIH,338.0,340.1199951171875,336.3299865722656,336.3299865722656,545300,323.80282101227203,0.0,1.0,yahoo,2024-03-30 18:38:37
2024-04-01,OIH,338.260009765625,340.1199951171875,333.5299987792969,338.0199890136719,260200,325.42987652290935,0.0,1.0,yahoo,2024-07-04 14:28:43
2024-04-02,OIH,341.9200134277344,342.8999938964844,335.82000732421875,342.8699951171875,356900,330.09923614275897,0.0,1.0,yahoo,2024-07-04 14:28:43
2024-04-03,OIH,344.7099914550781,349.1600036621094,344.5899963378906,348.9100036621094,465300,335.91427459864076,0.0,1.0,yahoo,2024-07-04 14:28:43
2024-04-04,OIH,348.7799987792969,349.4800109863281,343.1600036621094,344.6499938964844,439000,331.8129359291171,0.0,1.0,yahoo,2024-07-04 14:28:43
2024-04-05,OIH,344.9100036621094,351.239990234375,343.8599853515625,349.3500061035156,337800,336.3378884227653,0.0,1.0,yahoo,2024-07-04 14:28:43
2024-04-08,OIH,351.8699951171875,353.25,345.5899963378906,345.8800048828125,280800,332.99713312576984,0.0,1.0,yahoo,2024-07-04 14:28:43
2024-04-09,OIH,347.239990234375,348.7699890136719,342.3999938964844,344.42999267578125,410300,331.60112901705486,0.0,1.0,yahoo,2024-07-04 14:28:43
2024-04-10,OIH,341.0199890136719,347.3699951171875,340.510009765625,345.79998779296875,585500,332.92009640452875,0.0,1.0,yahoo,2024-07-04 14:28:43
2024-04-11,OIH,346.6600036621094,347.3099975585937,338.69000244140625,342.3399963378906,313400,329.5889780429136,0.0,1.0,yahoo,2024-07-04 14:28:43
2024-04-12,OIH,344.9800109863281,347.2200012207031,332.3099975585937,334.1700134277344,607700,321.7232996331705,0.0,1.0,yahoo,2024-07-04 14:28:43
2024-04-15,OIH,336.2200012207031,338.3999938964844,328.5299987792969,329.5,605600,317.2272285647626,0.0,1.0,yahoo,2024-07-04 14:28:43
2024-04-16,OIH,327.69000244140625,328.5,322.25,325.2900085449219,425900,313.17404519123977,0.0,1.0,yahoo,2024-07-04 14:28:43
2024-04-17,OIH,325.239990234375,329.0,321.1099853515625,321.3399963378906,397300,309.37115770949924,0.0,1.0,yahoo,2024-07-04 14:28:43
2024-04-18,OIH,323.8599853515625,326.989990234375,320.7699890136719,321.2300109863281,275700,309.2652689439184,0.0,1.0,yahoo,2024-07-04 14:28:43
2024-04-19,OIH,319.0400085449219,324.6600036621094,317.010009765625,323.8599853515625,303200,311.7972855723848,0.0,1.0,yahoo,2024-07-04 14:28:43
2024-04-22,OIH,321.75,326.3099975585937,316.4800109863281,322.510009765625,340200,310.4975920556714,0.0,1.0,yahoo,2024-07-04 14:28:43
2024-04-23,OIH,321.5400085449219,327.29998779296875,319.510009765625,326.8900146484375,279000,314.71445642615623,0.0,1.0,yahoo,2024-07-04 14:28:43
2024-04-24,OIH,325.2099914550781,328.2099914550781,321.79998779296875,325.0799865722656,339600,312.97184583365726,0.0,1.0,yahoo,2024-07-04 14:28:43
2024-04-25,OIH,323.989990234375,327.1499938964844,320.5899963378906,326.1600036621094,400400,314.0116359041086,0.0,1.0,yahoo,2024-07-04 14:28:43
2024-04-26,OIH,325.0,327.6400146484375,322.7900085449219,325.95001220703125,206300,313.8094659274266,0.0,1.0,yahoo,2024-07-04 14:28:43
2024-04-29,OIH,325.75,327.3500061035156,323.0599975585937,326.7900085449219,213900,314.6181752150551,0.0,1.0,yahoo,2024-07-04 14:28:43
2024-04-30,OIH,325.0,325.0,312.989990234375,312.989990234375,477100,301.33216136741396,0.0,1.0,yahoo,2024-07-04 14:28:43
2024-05-01,OIH,312.3299865722656,315.0299987792969,307.07000732421875,308.42999267578125,588600,296.94200844548743,0.0,1.0,yahoo,2024-07-04 14:28:43
2024-05-02,OIH,311.17999267578125,314.3399963378906,310.489990234375,311.8599853515625,205600,300.2442453818623,0.0,1.0,yahoo,2024-07-04 14:28:43
2024-05-03,OIH,313.04998779296875,316.1600036621094,311.0400085449219,314.67999267578125,242200,302.9592168780512,0.0,1.0,yahoo,2024-07-04 14:28:43
2024-05-06,OIH,317.17999267578125,322.20001220703125,317.17999267578125,319.239990234375,445400,307.3493697999777,0.0,1.0,yahoo,2024-07-04 14:28:43
2024-05-07,OIH,318.6099853515625,322.7799987792969,318.4100036621094,319.92999267578125,206400,308.0136719614048,0.0,1.0,yahoo,2024-07-04 14:28:43
2024-05-08,OIH,317.3999938964844,321.69000244140625,316.4200134277344,318.9599914550781,357400,307.0798000374349,0.0,1.0,yahoo,2024-07-04 14:28:43
2024-05-09,OIH,319.67999267578125,324.75,319.67999267578125,324.69000244140625,259300,312.59638730553354,0.0,1.0,yahoo,2024-07-04 14:28:43
2024-05-10,OIH,325.7300109863281,327.739990234375,319.6199951171875,320.8299865722656,288200,308.88014409951387,0.0,1.0,yahoo,2024-07-04 14:28:43
2024-05-13,OIH,321.6000061035156,324.45001220703125,321.0799865722656,322.5899963378906,124700,310.57459939601205,0.0,1.0,yahoo,2024-07-04 14:28:43
2024-05-14,OIH,322.3900146484375,325.94000244140625,322.2300109863281,325.4200134277344,166200,313.2992078275812,0.0,1.0,yahoo,2024-07-04 14:28:43
2024-05-15,OIH,325.5899963378906,326.5799865722656,317.79998779296875,324.95001220703125,267500,312.8467125782164,0.0,1.0,yahoo,2024-07-04 14:28:43
2024-05-16,OIH,324.1499938964844,326.8699951171875,323.8500061035156,325.489990234375,271800,313.3665782325415,0.0,1.0,yahoo,2024-07-04 14:28:43
2024-05-17,OIH,326.0899963378906,328.19000244140625,324.7699890136719,327.6700134277344,207300,315.4654028633042,0.0,1.0,yahoo,2024-07-04 14:28:43
2024-05-20,OIH,328.20001220703125,331.7699890136719,327.1400146484375,329.6199951171875,257300,317.3427542657237,0.0,1.0,yahoo,2024-07-04 14:28:43
2024-05-21,OIH,328.6700134277344,332.760009765625,328.1400146484375,328.8999938964844,255200,316.64957067905635,0.0,1.0,yahoo,2024-07-04 14:28:43
2024-05-22,OIH,328.5,328.5,315.3299865722656,317.1300048828125,422800,305.31797433597643,0.0,1.0,yahoo,2024-07-04 14:28:43
2024-05-23,OIH,318.8800048828125,321.20001220703125,313.0799865722656,314.489990234375,303500,302.7762913912292,0.0,1.0,yahoo,2024-07-04 14:28:43
2024-05-24,OIH,316.3099975585937,318.1099853515625,313.8699951171875,315.3299865722656,218400,303.58500067885774,0.0,1.0,yahoo,2024-07-04 14:28:43
2024-05-28,OIH,318.2200012207031,323.3699951171875,317.6400146484375,320.92999267578125,325700,308.976425310615,0.0,1.0,yahoo,2024-07-04 14:28:43
2024-05-29,OIH,318.0599975585937,319.7200012207031,313.4700012207031,313.8999938964844,257500,302.2082704409033,0.0,1.0,yahoo,2024-07-04 14:28:43
2024-05-30,OIH,314.1700134277344,316.8999938964844,314.0299987792969,315.0199890136719,143900,303.28654949107465,0.0,1.0,yahoo,2024-07-04 14:28:43
2024-05-31,OIH,315.0,321.9800109863281,314.2200012207031,321.3900146484375,371100,309.4193130055001,0.0,1.0,yahoo,2024-07-04 14:28:43
2024-06-03,OIH,322.45001220703125,322.45001220703125,303.3099975585937,305.760009765625,871500,294.3714734564005,0.0,1.0,yahoo,2024-07-04 14:28:43
2024-06-04,OIH,302.6099853515625,303.239990234375,297.0400085449219,298.79998779296875,712300,287.67068899164906,0.0,1.0,yahoo,2024-07-04 14:28:43
2024-06-05,OIH,301.1700134277344,301.2200012207031,297.739990234375,299.739990234375,395400,288.5756794903787,0.0,1.0,yahoo,2024-07-04 14:28:43
2024-06-06,OIH,300.0,301.1400146484375,297.0299987792969,300.2300109863281,551200,289.0474486105041,0.0,1.0,yahoo,2024-07-04 14:28:43
2024-06-07,OIH,298.8099975585937,303.0599975585937,297.4599914550781,301.44000244140625,429500,290.21237193639627,0.0,1.0,yahoo,2024-07-04 14:28:43
2024-06-10,OIH,303.2799987792969,312.2200012207031,302.760009765625,309.8500061035156,704200,298.3091311289622,0.0,1.0,yahoo,2024-07-04 14:28:43
2024-06-11,OIH,308.0,309.3599853515625,303.5199890136719,308.7900085449219,240300,297.28861492927143,0.0,1.0,yahoo,2024-07-04 14:28:43
2024-06-12,OIH,313.5,314.1499938964844,309.79998779296875,310.54998779296875,417800,298.983040844869,0.0,1.0,yahoo,2024-07-04 14:28:43
2024-06-13,OIH,309.32000732421875,309.8299865722656,300.4800109863281,303.4800109863281,342400,292.17639699543724,0.0,1.0,yahoo,2024-07-04 14:28:43
2024-06-14,OIH,301.6400146484375,301.6400146484375,293.5799865722656,295.29998779296875,759400,284.3010522694134,0.0,1.0,yahoo,2024-07-04 14:28:43
2024-06-17,OIH,295.7099914550781,300.8399963378906,294.9599914550781,300.1199951171875,508700,288.94153046402266,0.0,1.0,yahoo,2024-07-04 14:28:43
2024-06-18,OIH,300.79998779296875,305.3999938964844,300.6400146484375,301.07000732421875,257600,289.8561578981326,0.0,1.0,yahoo,2024-07-04 14:28:43
2024-06-20,OIH,303.1600036621094,306.3099975585937,301.6000061035156,304.3599853515625,221200,293.02359526278576,0.0,1.0,yahoo,2024-07-04 14:28:43
2024-06-21,OIH,304.95001220703125,305.8099975585937,302.5599975585937,305.3399963378906,299100,293.967104122136,0.0,1.0,yahoo,2024-07-04 14:28:43
2024-06-24,OIH,305.7699890136719,315.6000061035156,305.7699890136719,313.760009765625,512000,302.07350025008213,0.0,1.0,yahoo,2024-07-04 14:28:43
2024-06-25,OIH,312.5599975585937,315.260009765625,311.3999938964844,315.0,335900,303.26730500121465,0.0,1.0,yahoo,2024-07-04 14:28:43
2024-06-26,OIH,314.1199951171875,314.1199951171875,310.1300048828125,311.4200134277344,260800,299.82066093863835,0.0,1.0,yahoo,2024-07-04 14:28:43
2024-06-27,OIH,313.4100036621094,314.9599914550781,310.8099975585937,313.260009765625,217900,301.59212357547705,0.0,1.0,yahoo,2024-07-04 14:28:43
2024-06-28,OIH,316.0,318.1000061035156,314.94000244140625,316.17999267578125,908300,304.40334690186654,0.0,1.0,yahoo,2024-07-04 14:28:43
2024-07-01,OIH,317.510009765625,318.1000061035156,311.29998779296875,311.8599853515625,318300,300.2442453818623,0.0,1.0,yahoo,2024-07-04 14:28:43
2024-07-02,OIH,314.3699951171875,316.57000732421875,310.8299865722656,313.1199951171875,143200,301.45732400375533,0.0,1.0,yahoo,2024-07-04 14:28:43
2024-07-03,OIH,313.7099914550781,318.0299987792969,313.7099914550781,314.8900146484375,235800,303.1614162356338,0.0,1.0,yahoo,2024-07-04 14:28:43
2024-07-05,OIH,314.0,315.9200134277344,307.739990234375,309.7900085449219,396900,298.2513682784816,0.0,1.0,yahoo,2026-05-04 22:49:42
2024-07-08,OIH,308.5599975585937,310.5400085449219,307.5599975585937,309.8500061035156,320300,298.3091311289622,0.0,1.0,yahoo,2026-05-04 22:49:42
2024-07-09,OIH,307.4700012207031,308.8999938964844,304.6499938964844,305.1199951171875,523000,293.7552972100737,0.0,1.0,yahoo,2026-05-04 22:49:42
2024-07-10,OIH,305.0,308.2699890136719,303.5,307.760009765625,330700,296.2969801548209,0.0,1.0,yahoo,2026-05-04 22:49:42
2024-07-11,OIH,308.79998779296875,316.010009765625,308.010009765625,315.25,445300,303.50799333851717,0.0,1.0,yahoo,2026-05-04 22:49:42
2024-07-12,OIH,317.6600036621094,318.5400085449219,315.739990234375,317.3500061035156,347900,305.5297812480387,0.0,1.0,yahoo,2026-05-04 22:49:42
2024-07-15,OIH,319.5199890136719,332.7699890136719,318.3299865722656,329.2099914550781,870800,316.9480218668395,0.0,1.0,yahoo,2026-05-04 22:49:42
2024-07-16,OIH,327.5199890136719,335.75,325.6199951171875,335.1000061035156,1253000,322.61865319651986,0.0,1.0,yahoo,2026-05-04 22:49:42
2024-07-17,OIH,335.0,338.5599975585937,332.7699890136719,333.760009765625,420000,321.32856723428625,0.0,1.0,yahoo,2026-05-04 22:49:42
2024-07-18,OIH,333.7200012207031,337.2099914550781,330.3299865722656,331.3500061035156,657000,319.0083281369816,0.0,1.0,yahoo,2026-05-04 22:49:42
2024-07-19,OIH,328.2799987792969,334.1300048828125,324.1300048828125,328.8800048828125,764100,316.63032618919635,0.0,1.0,yahoo,2026-05-04 22:49:42
2024-07-22,OIH,327.42999267578125,330.5799865722656,325.2300109863281,327.19000244140625,478900,315.0032706785591,0.0,1.0,yahoo,2026-05-04 22:49:42
2024-07-23,OIH,325.5899963378906,329.1000061035156,323.95001220703125,327.2900085449219,404800,315.0995518896602,0.0,1.0,yahoo,2026-05-04 22:49:42
2024-07-24,OIH,326.20001220703125,328.2099914550781,319.57000732421875,319.57000732421875,557900,307.6670948585214,0.0,1.0,yahoo,2026-05-04 22:49:42
2024-07-25,OIH,318.4200134277344,332.5400085449219,318.17999267578125,329.739990234375,562200,317.45827996668487,0.0,1.0,yahoo,2026-05-04 22:49:42
2024-07-26,OIH,333.6700134277344,336.82000732421875,329.0199890136719,334.1099853515625,745500,321.6655074017894,0.0,1.0,yahoo,2026-05-04 22:49:42
2024-07-29,OIH,333.6700134277344,335.20001220703125,328.2799987792969,330.2900085449219,444500,317.9878119372908,0.0,1.0,yahoo,2026-05-04 22:49:42
2024-07-30,OIH,329.2200012207031,332.57000732421875,327.1300048828125,331.44000244140625,409100,319.0949724127024,0.0,1.0,yahoo,2026-05-04 22:49:42
2024-07-31,OIH,335.44000244140625,340.19000244140625,334.45001220703125,337.3699951171875,460000,324.80409272210284,0.0,1.0,yahoo,2026-05-04 22:49:42
2024-08-01,OIH,336.20001220703125,337.57000732421875,319.5,323.1300048828125,833300,311.0944944312377,0.0,1.0,yahoo,2026-05-04 22:49:42
2024-08-02,OIH,318.1400146484375,318.1400146484375,303.739990234375,306.8800048828125,1025000,295.4497525065718,0.0,1.0,yahoo,2026-05-04 22:49:42
2024-08-05,OIH,295.5599975585937,299.19000244140625,290.7799987792969,295.6300048828125,1195300,284.61877732795705,0.0,1.0,yahoo,2026-05-04 22:49:42
2024-08-06,OIH,294.6600036621094,298.45001220703125,293.3099975585937,293.9700012207031,544400,283.02060324256,0.0,1.0,yahoo,2026-05-04 22:49:42
2024-08-07,OIH,300.3099975585937,302.4100036621094,292.1000061035156,292.3099975585937,1140500,281.422429157163,0.0,1.0,yahoo,2026-05-04 22:49:42
2024-08-08,OIH,294.3599853515625,299.82000732421875,293.82000732421875,299.0199890136719,446100,287.88249590371134,0.0,1.0,yahoo,2026-05-04 22:49:42
2024-08-09,OIH,298.9800109863281,299.760009765625,296.94000244140625,297.7200012207031,490400,286.6309283020983,0.0,1.0,yahoo,2026-05-04 22:49:42
2024-08-12,OIH,300.1000061035156,302.5799865722656,298.760009765625,300.0899963378906,337400,288.9126490387824,0.0,1.0,yahoo,2026-05-04 22:49:42
2024-08-13,OIH,298.8099975585937,299.19000244140625,295.0799865722656,297.75,623700,286.6598097273386,0.0,1.0,yahoo,2026-05-04 22:49:42
2024-08-14,OIH,299.25,299.69000244140625,295.45001220703125,296.4700012207031,233300,285.42748661558556,0.0,1.0,yahoo,2026-05-04 22:49:42
2024-08-15,OIH,299.739990234375,304.0799865722656,299.739990234375,302.4100036621094,561400,291.1462438603662,0.0,1.0,yahoo,2026-05-04 22:49:42
2024-08-16,OIH,300.17999267578125,302.82000732421875,300.0599975585937,301.9599914550781,355400,290.7129931008614,0.0,1.0,yahoo,2026-05-04 22:49:42
2024-08-19,OIH,302.6300048828125,307.1600036621094,302.6300048828125,304.0899963378906,389300,292.76366243562325,0.0,1.0,yahoo,2026-05-04 22:49:42
2024-08-20,OIH,303.3399963378906,303.9599914550781,293.8399963378906,293.9800109863281,581800,283.0302401779403,0.0,1.0,yahoo,2026-05-04 22:49:42
2024-08-21,OIH,296.8099975585937,298.2300109863281,294.19000244140625,295.1600036621094,560700,284.16628207859225,0.0,1.0,yahoo,2026-05-04 22:49:42
2024-08-22,OIH,295.3699951171875,296.7900085449219,293.5199890136719,293.9800109863281,333000,283.0302401779403,0.0,1.0,yahoo,2026-05-04 22:49:42
2024-08-23,OIH,295.9700012207031,303.69000244140625,295.8299865722656,302.5799865722656,341500,291.30989547642764,0.0,1.0,yahoo,2026-05-04 22:49:42
2024-08-26,OIH,307.0799865722656,309.5400085449219,303.2300109863281,304.7200012207031,579400,293.37020174656976,0.0,1.0,yahoo,2026-05-04 22:49:42
2024-08-27,OIH,303.8399963378906,304.1499938964844,300.2200012207031,302.0899963378906,230500,290.83815573720284,0.0,1.0,yahoo,2026-05-04 22:49:42
2024-08-28,OIH,297.7200012207031,297.7200012207031,294.0,295.82000732421875,401200,284.80170281477905,0.0,1.0,yahoo,2026-05-04 22:49:42
2024-08-29,OIH,299.29998779296875,301.5299987792969,295.4200134277344,299.44000244140625,564000,288.28686523797586,0.0,1.0,yahoo,2026-05-04 22:49:42
2024-08-30,OIH,298.1199951171875,298.6000061035156,294.94000244140625,298.57000732421875,365300,287.4492745251071,0.0,1.0,yahoo,2026-05-04 22:49:42
2024-09-03,OIH,293.0,293.0,283.3800048828125,285.44000244140625,731300,274.808318349033,0.0,1.0,yahoo,2026-05-04 22:49:42
2024-09-04,OIH,285.4200134277344,288.260009765625,280.6099853515625,281.1600036621094,485600,270.68773518964935,0.0,1.0,yahoo,2026-05-04 22:49:42
2024-09-05,OIH,284.2699890136719,284.2699890136719,279.4700012207031,279.760009765625,356200,269.33988637693517,0.0,1.0,yahoo,2026-05-04 22:49:42
2024-09-06,OIH,280.04998779296875,283.3699951171875,273.29998779296875,274.44000244140625,780800,264.21803150772075,0.0,1.0,yahoo,2026-05-04 22:49:42
2024-09-09,OIH,275.0799865722656,278.04998779296875,274.4800109863281,274.489990234375,653500,264.26615742282104,0.0,1.0,yahoo,2026-05-04 22:49:42
2024-09-10,OIH,275.0899963378906,275.0899963378906,265.8800048828125,268.6300048828125,973600,258.6244368992815,0.0,1.0,yahoo,2026-05-04 22:49:42
2024-09-11,OIH,269.95001220703125,270.1099853515625,262.17999267578125,268.6099853515625,1123600,258.60516302852096,0.0,1.0,yahoo,2026-05-04 22:49:42
2024-09-12,OIH,271.19000244140625,274.239990234375,267.0199890136719,270.82000732421875,542500,260.7328690845239,0.0,1.0,yahoo,2026-05-04 22:49:42
2024-09-13,OIH,273.7900085449219,275.7799987792969,269.20001220703125,271.2300109863281,802700,261.12760148340817,0.0,1.0,yahoo,2026-05-04 22:49:42
2024-09-16,OIH,274.9100036621094,278.2699890136719,273.75,277.1199951171875,468400,266.79820343218796,0.0,1.0,yahoo,2026-05-04 22:49:42
2024-09-17,OIH,278.6199951171875,286.42999267578125,278.6199951171875,285.7099914550781,994000,275.0682511761956,0.0,1.0,yahoo,2026-05-04 22:49:42
2024-09-18,OIH,284.5599975585937,289.510009765625,282.6600036621094,283.7099914550781,523500,273.1427444777752,0.0,1.0,yahoo,2026-05-04 22:49:42
2024-09-19,OIH,291.3599853515625,294.1700134277344,286.95001220703125,290.9200134277344,543000,280.08421727982915,0.0,1.0,yahoo,2026-05-04 22:49:42
2024-09-20,OIH,290.010009765625,292.82000732421875,287.2099914550781,290.8900146484375,577100,280.05533585458886,0.0,1.0,yahoo,2026-05-04 22:49:42
2024-09-23,OIH,290.94000244140625,295.75,289.7900085449219,293.3099975585937,386900,282.38518250637316,0.0,1.0,yahoo,2026-05-04 22:49:42
2024-09-24,OIH,298.0,300.0,293.0899963378906,293.9100036621094,379200,282.96284039207944,0.0,1.0,yahoo,2026-05-04 22:49:42
2024-09-25,OIH,292.25,292.8299865722656,283.6199951171875,284.8099975585937,736300,274.20177903808644,0.0,1.0,yahoo,2026-05-04 22:49:42
2024-09-26,OIH,278.8800048828125,281.1600036621094,273.79998779296875,275.9200134277344,1369600,265.64291704167607,0.0,1.0,yahoo,2026-05-04 22:49:42
2024-09-27,OIH,278.8299865722656,283.4800109863281,278.3599853515625,282.9800109863281,661600,272.43995333662804,0.0,1.0,yahoo,2026-05-04 22:49:42
2024-09-30,OIH,281.1000061035156,286.69000244140625,280.44000244140625,283.7099914550781,758000,273.1427444777752,0.0,1.0,yahoo,2026-05-04 22:49:42
2024-10-01,OIH,281.739990234375,293.19000244140625,281.3800048828125,290.6000061035156,1548000,279.7761291566657,0.0,1.0,yahoo,2026-05-04 22:49:42
2024-10-02,OIH,294.8599853515625,296.25,289.3500061035156,292.04998779296875,418100,281.1721038844802,0.0,1.0,yahoo,2026-05-04 22:49:42
2024-10-03,OIH,292.489990234375,298.6600036621094,289.8099975585937,298.4599914550781,859300,287.3433563786257,0.0,1.0,yahoo,2026-05-04 22:49:42
2024-10-04,OIH,300.3699951171875,303.07000732421875,298.5899963378906,301.8999938964844,778800,290.65523025038084,0.0,1.0,yahoo,2026-05-04 22:49:42
2024-10-07,OIH,302.5400085449219,304.3699951171875,300.4200134277344,301.8999938964844,444000,290.65523025038084,0.0,1.0,yahoo,2026-05-04 22:49:42
2024-10-08,OIH,297.32000732421875,297.6700134277344,291.29998779296875,293.6099853515625,561300,282.67399675877607,0.0,1.0,yahoo,2026-05-04 22:49:42
2024-10-09,OIH,290.92999267578125,294.8399963378906,290.010009765625,292.57000732421875,802700,281.67275442984584,0.0,1.0,yahoo,2026-05-04 22:49:42
2024-10-10,OIH,293.44000244140625,297.45001220703125,291.5400085449219,295.0,509700,284.01223801701053,0.0,1.0,yahoo,2026-05-04 22:49:42
2024-10-11,OIH,293.5,298.3500061035156,293.5,297.6099853515625,315500,286.5250101556169,0.0,1.0,yahoo,2026-05-04 22:49:42
2024-10-14,OIH,294.44000244140625,295.67999267578125,292.79998779296875,295.1199951171875,573400,284.1277637179717,0.0,1.0,yahoo,2026-05-04 22:49:42
2024-10-15,OIH,287.6000061035156,288.1300048828125,283.44000244140625,283.95001220703125,835600,273.373825260598,0.0,1.0,yahoo,2026-05-04 22:49:42
2024-10-16,OIH,285.760009765625,288.1400146484375,285.54998779296875,287.2900085449219,271800,276.589417921252,0.0,1.0,yahoo,2026-05-04 22:49:42
2024-10-17,OIH,286.2900085449219,287.489990234375,283.0,287.32000732421875,256400,276.6182993464923,0.0,1.0,yahoo,2026-05-04 22:49:42
2024-10-18,OIH,285.57000732421875,286.6400146484375,279.1199951171875,279.5299987792969,673300,269.11844252949265,0.0,1.0,yahoo,2026-05-04 22:49:42
2024-10-21,OIH,281.67999267578125,283.04998779296875,278.6600036621094,280.20001220703125,375000,269.7635002010597,0.0,1.0,yahoo,2026-05-04 22:49:42
2024-10-22,OIH,281.0199890136719,281.44000244140625,277.7099914550781,278.1199951171875,324300,267.7609567813982,0.0,1.0,yahoo,2026-05-04 22:49:42
2024-10-23,OIH,277.7200012207031,279.489990234375,274.6600036621094,276.1000061035156,406900,265.81620559311773,0.0,1.0,yahoo,2026-05-04 22:49:42
2024-10-24,OIH,277.17999267578125,277.6300048828125,271.3999938964844,274.9200134277344,307500,264.68016369246584,0.0,1.0,yahoo,2026-05-04 22:49:42
2024-10-25,OIH,278.8900146484375,280.5199890136719,276.5199890136719,278.7699890136719,740700,268.3867405822047,0.0,1.0,yahoo,2026-05-04 22:49:42
2024-10-28,OIH,271.1700134277344,276.5199890136719,270.0799865722656,275.9200134277344,602200,265.64291704167607,0.0,1.0,yahoo,2026-05-04 22:49:42
2024-10-29,OIH,275.95001220703125,275.95001220703125,270.6600036621094,272.0299987792969,552000,261.8977924104161,0.0,1.0,yahoo,2026-05-04 22:49:42
2024-10-30,OIH,272.489990234375,276.6000061035156,271.92999267578125,272.5599975585937,830900,262.40805051026143,0.0,1.0,yahoo,2026-05-04 22:49:42
2024-10-31,OIH,274.8399963378906,277.42999267578125,273.29998779296875,274.57000732421875,338500,264.3431941440622,0.0,1.0,yahoo,2026-05-04 22:49:42
2024-11-01,OIH,275.95001220703125,277.0,270.9800109863281,271.7900085449219,450700,261.66674100849383,0.0,1.0,yahoo,2026-05-04 22:49:42
2024-11-04,OIH,273.260009765625,277.94000244140625,273.1600036621094,276.010009765625,464000,265.72956131739693,0.0,1.0,yahoo,2026-05-04 22:49:42
2024-11-05,OIH,276.8599853515625,279.7099914550781,275.9800109863281,279.3099975585937,489800,268.9066356174303,0.0,1.0,yahoo,2026-05-04 22:49:42
2024-11-06,OIH,292.04998779296875,306.95001220703125,290.5899963378906,304.32000732421875,2767200,292.98510628306576,0.0,1.0,yahoo,2026-05-04 22:49:42
2024-11-07,OIH,304.239990234375,304.239990234375,297.69000244140625,301.3999938964844,569800,290.17385357577575,0.0,1.0,yahoo,2026-05-04 22:49:42
2024-11-08,OIH,298.4200134277344,300.9599914550781,295.489990234375,298.1700134277344,411200,287.0641790616031,0.0,1.0,yahoo,2026-05-04 22:49:42
2024-11-11,OIH,297.25,305.8299865722656,297.25,304.8599853515625,1220000,293.5049719373909,0.0,1.0,yahoo,2026-05-04 22:49:42
2024-11-12,OIH,304.489990234375,307.9599914550781,301.5299987792969,302.07000732421875,569000,290.8189112473428,0.0,1.0,yahoo,2026-05-04 22:49:42
2024-11-13,OIH,303.489990234375,303.489990234375,296.3299865722656,297.69000244140625,439000,286.602046876858,0.0,1.0,yahoo,2026-05-04 22:49:42
2024-11-14,OIH,298.3900146484375,299.8399963378906,293.9700012207031,296.8599853515625,519300,285.8029451437092,0.0,1.0,yahoo,2026-05-04 22:49:42
2024-11-15,OIH,297.3999938964844,300.510009765625,291.19000244140625,292.1000061035156,300300,281.22025918048104,0.0,1.0,yahoo,2026-05-04 22:49:42
2024-11-18,OIH,296.9100036621094,298.1600036621094,294.2300109863281,295.4800109863281,339700,284.4743702017556,0.0,1.0,yahoo,2026-05-04 22:49:42
2024-11-19,OIH,291.9800109863281,296.3900146484375,291.3999938964844,293.8099975585937,303200,282.8665591809783,0.0,1.0,yahoo,2026-05-04 22:49:42
2024-11-20,OIH,293.4599914550781,298.0,293.4599914550781,297.6499938964844,374200,286.56352851623745,0.0,1.0,yahoo,2026-05-04 22:49:42
2024-11-21,OIH,300.82000732421875,306.3500061035156,299.5199890136719,303.8599853515625,888800,292.5422185881807,0.0,1.0,yahoo,2026-05-04 22:49:42
2024-11-22,OIH,304.2699890136719,310.1300048828125,303.44000244140625,307.260009765625,859100,295.8156034802158,0.0,1.0,yahoo,2026-05-04 22:49:42
2024-11-25,OIH,309.8399963378906,311.2799987792969,302.20001220703125,303.7799987792969,645900,292.4652112478401,0.0,1.0,yahoo,2026-05-04 22:49:42
2024-11-26,OIH,304.1499938964844,304.3500061035156,298.4800109863281,300.3299865722656,643400,289.14370044070466,0.0,1.0,yahoo,2026-05-04 22:49:42
2024-11-27,OIH,301.3999938964844,306.0299987792969,299.9200134277344,301.239990234375,282900,290.01980951419404,0.0,1.0,yahoo,2026-05-04 22:49:42
2024-11-29,OIH,303.5199890136719,304.17999267578125,301.9800109863281,303.29998779296875,180600,292.003079063095,0.0,1.0,yahoo,2026-05-04 22:49:42
2024-12-02,OIH,303.0899963378906,303.6700134277344,299.25,302.3999938964844,285600,291.1366069249859,0.0,1.0,yahoo,2026-05-04 22:49:42
2024-12-03,OIH,305.4200134277344,306.2300109863281,299.32000732421875,303.1499938964844,417400,291.8586719368936,0.0,1.0,yahoo,2026-05-04 22:49:42
2024-12-04,OIH,303.5,303.5,294.2300109863281,297.2300109863281,569400,286.15918856287345,0.0,1.0,yahoo,2026-05-04 22:49:42
2024-12-05,OIH,298.70001220703125,301.29998779296875,295.0899963378906,295.2900085449219,361300,284.2914447149336,0.0,1.0,yahoo,2026-05-04 22:49:42
2024-12-06,OIH,294.0299987792969,294.19000244140625,283.69000244140625,284.0799865722656,1121100,273.49895851603884,0.0,1.0,yahoo,2026-05-04 22:49:42
2024-12-09,OIH,286.8399963378906,290.6300048828125,286.0199890136719,286.1000061035156,842900,275.4437390852198,0.0,1.0,yahoo,2026-05-04 22:49:42
2024-12-10,OIH,286.1000061035156,290.0899963378906,283.010009765625,286.25,369600,275.58814621142125,0.0,1.0,yahoo,2026-05-04 22:49:42
2024-12-11,OIH,288.5199890136719,293.8099975585937,285.6499938964844,291.6199951171875,648100,280.75812699573595,0.0,1.0,yahoo,2026-05-04 22:49:42
2024-12-12,OIH,290.5299987792969,290.75,286.45001220703125,287.0599975585937,415000,276.3679740738094,0.0,1.0,yahoo,2026-05-04 22:49:42
2024-12-13,OIH,287.8099975585937,287.8099975585937,283.3900146484375,283.8900146484375,462000,273.3160624101174,0.0,1.0,yahoo,2026-05-04 22:49:42
2024-12-16,OIH,281.6199951171875,285.1700134277344,279.67999267578125,280.3500061035156,303800,269.9079073272611,0.0,1.0,yahoo,2026-05-04 22:49:42
2024-12-17,OIH,278.0,278.0,273.3500061035156,276.45001220703125,725800,266.15317514152144,0.0,1.0,yahoo,2026-05-04 22:49:42
2024-12-18,OIH,276.6700134277344,279.8299865722656,265.6099853515625,266.4800109863281,734500,256.5545230746597,0.0,1.0,yahoo,2026-05-04 22:49:42
2024-12-19,OIH,270.4200134277344,271.9100036621094,263.1400146484375,263.9100036621094,632500,254.08023991577332,0.0,1.0,yahoo,2026-05-04 22:49:42
2024-12-20,OIH,262.1700134277344,267.42999267578125,261.04998779296875,264.8500061035156,689700,254.98523041450295,0.0,1.0,yahoo,2026-05-04 22:49:42
2024-12-23,OIH,258.7900085449219,261.5299987792969,257.7799987792969,260.9599914550781,416500,256.50778873887583,5.439,1.0,yahoo,2026-05-04 22:49:42
2024-12-24,OIH,261.7300109863281,264.2300109863281,258.010009765625,263.6400146484375,252800,259.142088423147,0.0,1.0,yahoo,2026-05-04 22:49:42
2024-12-26,OIH,264.2099914550781,265.2900085449219,260.29998779296875,265.0299987792969,422300,260.5083582248926,0.0,1.0,yahoo,2026-05-04 22:49:42
2024-12-27,OIH,264.989990234375,267.57000732421875,262.79998779296875,264.94000244140625,430700,260.4198973022117,0.0,1.0,yahoo,2026-05-04 22:49:42
2024-12-30,OIH,265.07000732421875,269.45001220703125,261.9800109863281,267.5599975585937,293300,262.995193041107,0.0,1.0,yahoo,2026-05-04 22:49:42
2024-12-31,OIH,268.32000732421875,273.4800109863281,267.95001220703125,271.2300109863281,325800,266.60259287179014,0.0,1.0,yahoo,2026-05-04 22:49:42
2025-01-02,OIH,275.989990234375,280.1000061035156,273.6700134277344,276.17999267578125,347500,271.4681236007721,0.0,1.0,yahoo,2026-05-04 22:49:42
2025-01-03,OIH,278.4200134277344,279.3099975585937,274.0799865722656,279.3099975585937,255300,274.5447278984478,0.0,1.0,yahoo,2026-05-04 22:49:42
2025-01-06,OIH,280.3800048828125,285.8599853515625,279.1199951171875,279.739990234375,277600,274.96738452800844,0.0,1.0,yahoo,2026-05-04 22:49:42
2025-01-07,OIH,282.8099975585937,285.239990234375,279.9200134277344,283.8500061035156,325200,279.0072799786351,0.0,1.0,yahoo,2026-05-04 22:49:42
2025-01-08,OIH,280.92999267578125,281.5799865722656,277.9200134277344,279.79998779296875,295200,275.02635847646235,0.0,1.0,yahoo,2026-05-04 22:49:42
2025-01-10,OIH,285.57000732421875,287.6400146484375,277.3800048828125,278.95001220703125,685100,274.19088420772414,0.0,1.0,yahoo,2026-05-04 22:49:42
2025-01-13,OIH,279.8599853515625,286.7799987792969,279.3299865722656,284.7099914550781,420800,279.85259323775625,0.0,1.0,yahoo,2026-05-04 22:49:42
2025-01-14,OIH,284.510009765625,287.7099914550781,281.8099975585937,287.2300109863281,329500,282.3296190605096,0.0,1.0,yahoo,2026-05-04 22:49:42
2025-01-15,OIH,288.5599975585937,295.0,288.0199890136719,293.6499938964844,1363200,288.640071520457,0.0,1.0,yahoo,2026-05-04 22:49:42
2025-01-16,OIH,292.1700134277344,294.8800048828125,289.69000244140625,294.0,527400,288.9841062177196,0.0,1.0,yahoo,2026-05-04 22:49:42
2025-01-17,OIH,296.0,303.7699890136719,295.8900146484375,299.510009765625,685400,294.4001104604749,0.0,1.0,yahoo,2026-05-04 22:49:42
2025-01-21,OIH,302.5199890136719,303.2099914550781,296.82000732421875,299.6199951171875,975200,294.5082193669998,0.0,1.0,yahoo,2026-05-04 22:49:42
2025-01-22,OIH,298.010009765625,298.010009765625,290.8299865722656,290.989990234375,522900,286.0254498169518,0.0,1.0,yahoo,2026-05-04 22:49:42
2025-01-23,OIH,292.9100036621094,293.6199951171875,289.8900146484375,290.989990234375,318200,286.0254498169518,0.0,1.0,yahoo,2026-05-04 22:49:42
2025-01-24,OIH,290.92999267578125,293.1600036621094,288.8699951171875,290.17999267578125,406600,285.2292715159016,0.0,1.0,yahoo,2026-05-04 22:49:42
2025-01-27,OIH,288.0299987792969,291.54998779296875,284.2900085449219,284.9599914550781,388700,280.098328021955,0.0,1.0,yahoo,2026-05-04 22:49:42
2025-01-28,OIH,284.6600036621094,286.5400085449219,277.8299865722656,279.9800109863281,446500,275.2033103187461,0.0,1.0,yahoo,2026-05-04 22:49:42
2025-01-29,OIH,278.8800048828125,282.2200012207031,276.8699951171875,278.2699890136719,278700,273.5224627970429,0.0,1.0,yahoo,2026-05-04 22:49:42
2025-01-30,OIH,280.239990234375,281.45001220703125,276.6099853515625,279.3599853515625,337100,274.59386285651885,0.0,1.0,yahoo,2026-05-04 22:49:42
2025-01-31,OIH,280.8800048828125,281.9700012207031,274.8999938964844,276.9599914550781,720900,272.23481492759527,0.0,1.0,yahoo,2026-05-04 22:49:42
2025-02-03,OIH,275.94000244140625,279.1099853515625,271.45001220703125,275.94000244140625,673400,271.2322278069563,0.0,1.0,yahoo,2026-05-04 22:49:42
2025-02-04,OIH,273.44000244140625,283.7900085449219,273.0799865722656,283.0799865722656,595500,278.250397645273,0.0,1.0,yahoo,2026-05-04 22:49:42
2025-02-05,OIH,284.4200134277344,285.9599914550781,281.92999267578125,285.2900085449219,723400,280.42271473537363,0.0,1.0,yahoo,2026-05-04 22:49:42
2025-02-06,OIH,286.9800109863281,287.7699890136719,274.510009765625,276.9599914550781,799300,272.23481492759527,0.0,1.0,yahoo,2026-05-04 22:49:42
2025-02-07,OIH,277.989990234375,280.6499938964844,275.2799987792969,275.44000244140625,619300,270.74075823855884,0.0,1.0,yahoo,2026-05-04 22:49:42
2025-02-10,OIH,278.6600036621094,284.6000061035156,278.6600036621094,283.3999938964844,522800,278.5649453683086,0.0,1.0,yahoo,2026-05-04 22:49:42
2025-02-11,OIH,284.2699890136719,287.8500061035156,282.44000244140625,285.1300048828125,295800,280.26544087385577,0.0,1.0,yahoo,2026-05-04 22:49:42
2025-02-12,OIH,282.739990234375,283.3699951171875,278.42999267578125,279.760009765625,607300,274.98706250877433,0.0,1.0,yahoo,2026-05-04 22:49:42
2025-02-13,OIH,279.2200012207031,282.5,278.4200134277344,282.04998779296875,585900,277.237971534251,0.0,1.0,yahoo,2026-05-04 22:49:42
2025-02-14,OIH,283.3500061035156,285.8800048828125,279.5400085449219,280.0199890136719,313000,275.2426062864341,0.0,1.0,yahoo,2026-05-04 22:49:42
2025-02-18,OIH,281.44000244140625,287.4100036621094,279.0199890136719,284.67999267578125,1029200,279.82310626352927,0.0,1.0,yahoo,2026-05-04 22:49:42
2025-02-19,OIH,282.989990234375,284.6000061035156,279.7900085449219,280.3699951171875,405600,275.5866409836967,0.0,1.0,yahoo,2026-05-04 22:49:42
2025-02-20,OIH,279.7200012207031,281.9200134277344,278.6000061035156,281.1000061035156,236800,276.30419735244897,0.0,1.0,yahoo,2026-05-04 22:49:42
2025-02-21,OIH,280.94000244140625,281.0,271.7200012207031,272.8299865722656,725300,268.17527149312457,0.0,1.0,yahoo,2026-05-04 22:49:42
2025-02-24,OIH,273.1700134277344,273.7300109863281,270.3099975585937,271.510009765625,306700,266.8778146302159,0.0,1.0,yahoo,2026-05-04 22:49:42
2025-02-25,OIH,271.1700134277344,274.1400146484375,265.0899963378906,267.010009765625,574900,262.45458851463854,0.0,1.0,yahoo,2026-05-04 22:49:42
2025-02-26,OIH,267.45001220703125,268.20001220703125,262.2200012207031,263.8399963378906,468200,259.33865825235284,0.0,1.0,yahoo,2026-05-04 22:49:42
2025-02-27,OIH,265.3900146484375,269.4599914550781,263.8699951171875,264.19000244140625,473500,259.6826929496155,0.0,1.0,yahoo,2026-05-04 22:49:42
2025-02-28,OIH,263.239990234375,266.3800048828125,259.489990234375,266.3800048828125,690300,261.8353320589502,0.0,1.0,yahoo,2026-05-04 22:49:42
2025-03-03,OIH,268.0899963378906,269.2099914550781,250.25,252.3500061035156,1298000,248.0446971695937,0.0,1.0,yahoo,2026-05-04 22:49:42
2025-03-04,OIH,248.3800048828125,252.5399932861328,241.00999450683597,247.97999572753903,734400,243.74924294284625,0.0,1.0,yahoo,2026-05-04 22:49:42
2025-03-05,OIH,246.05999755859372,248.4499969482422,241.7899932861328,247.8800048828125,621400,243.65095802824337,0.0,1.0,yahoo,2026-05-04 22:49:42
2025-03-06,OIH,245.57000732421875,249.3800048828125,244.0399932861328,247.6199951171875,449700,243.39538425366166,0.0,1.0,yahoo,2026-05-04 22:49:42
2025-03-07,OIH,249.88999938964844,258.1199951171875,249.88999938964844,255.91000366210935,780200,251.54395809683,0.0,1.0,yahoo,2026-05-04 22:49:42
2025-03-10,OIH,254.38999938964844,256.0,246.80999755859372,249.4199981689453,912400,245.1646776995848,0.0,1.0,yahoo,2026-05-04 22:49:42
2025-03-11,OIH,251.07000732421875,252.07000732421875,246.9199981689453,248.6100006103516,257500,244.36849939853465,0.0,1.0,yahoo,2026-05-04 22:49:42
2025-03-12,OIH,249.0500030517578,252.88999938964844,247.77999877929688,249.47999572753903,252300,245.2236516480387,0.0,1.0,yahoo,2026-05-04 22:49:42
2025-03-13,OIH,249.0800018310547,253.52999877929688,244.92999267578125,246.38999938964844,526700,242.1863733149729,0.0,1.0,yahoo,2026-05-04 22:49:42
2025-03-14,OIH,249.2400054931641,254.91000366210935,248.6000061035156,254.1199951171875,591000,249.78448864282893,0.0,1.0,yahoo,2026-05-04 22:49:42
2025-03-17,OIH,254.6499938964844,258.8699951171875,254.6499938964844,257.75,513400,253.35256250890214,0.0,1.0,yahoo,2026-05-04 22:49:42
2025-03-18,OIH,258.489990234375,259.1499938964844,254.72000122070312,257.92999267578125,316400,253.52948435426399,0.0,1.0,yahoo,2026-05-04 22:49:42
2025-03-19,OIH,258.1400146484375,263.4599914550781,258.0599975585937,260.8800048828125,487200,256.4291668065779,0.0,1.0,yahoo,2026-05-04 22:49:42
2025-03-20,OIH,258.2099914550781,263.95001220703125,258.0,261.739990234375,218600,257.27448006569904,0.0,1.0,yahoo,2026-05-04 22:49:42
2025-03-21,OIH,258.75,260.989990234375,257.6099853515625,259.0,480900,254.58123642989585,0.0,1.0,yahoo,2026-05-04 22:49:42
2025-03-24,OIH,260.8299865722656,264.9200134277344,260.8099975585937,263.70001220703125,391100,259.2010623716009,0.0,1.0,yahoo,2026-05-04 22:49:42
2025-03-25,OIH,265.0199890136719,267.4100036621094,264.2099914550781,265.8599853515625,235700,261.3241845097868,0.0,1.0,yahoo,2026-05-04 22:49:42
2025-03-26,OIH,267.5299987792969,271.5,266.010009765625,266.79998779296875,425500,262.2481496981278,0.0,1.0,yahoo,2026-05-04 22:49:42
2025-03-27,OIH,266.2699890136719,267.54998779296875,263.1600036621094,264.8099975585937,187400,260.2921104149208,0.0,1.0,yahoo,2026-05-04 22:49:42
2025-03-28,OIH,263.9599914550781,265.7300109863281,258.8900146484375,261.3599853515625,444200,256.90095839420945,0.0,1.0,yahoo,2026-05-04 22:49:42
2025-03-31,OIH,257.5199890136719,263.1700134277344,256.1700134277344,262.1199951171875,458500,257.6480017371886,0.0,1.0,yahoo,2026-05-04 22:49:42
2025-04-01,OIH,261.3399963378906,267.2300109863281,260.5599975585937,266.1099853515625,303100,261.56991929398555,0.0,1.0,yahoo,2026-05-04 22:49:42
2025-04-02,OIH,262.0799865722656,267.3699951171875,260.7900085449219,266.32000732421875,185600,261.77635811049623,0.0,1.0,yahoo,2026-05-04 22:49:42
2025-04-03,OIH,250.6300048828125,250.6999969482422,235.75,236.8300018310547,1139100,232.7894775669668,0.0,1.0,yahoo,2026-05-04 22:49:42
2025-04-04,OIH,224.8999938964844,226.4600067138672,204.5399932861328,207.7700042724609,1331000,204.22526865145886,0.0,1.0,yahoo,2026-05-04 22:49:42
2025-04-07,OIH,198.75999450683597,216.3999938964844,194.4199981689453,206.08999633789065,959400,202.57392310244367,0.0,1.0,yahoo,2026-05-04 22:49:42
2025-04-08,OIH,213.6000061035156,213.9199981689453,193.0,196.72000122070312,942600,193.36378819018233,0.0,1.0,yahoo,2026-05-04 22:49:42
2025-04-09,OIH,192.1999969482422,225.32000732421875,191.2100067138672,222.1699981689453,956000,218.37958622192198,0.0,1.0,yahoo,2026-05-04 22:49:42
2025-04-10,OIH,213.1100006103516,213.4199981689453,198.1100006103516,202.67999267578125,1447200,199.22209704634218,0.0,1.0,yahoo,2026-05-04 22:49:42
2025-04-11,OIH,203.4199981689453,211.07000732421875,199.67999267578125,210.2899932861328,734400,206.7022644772903,0.0,1.0,yahoo,2026-05-04 22:49:42
2025-04-14,OIH,215.0500030517578,215.91000366210935,207.7400054931641,210.6000061035156,759800,207.00698820840393,0.0,1.0,yahoo,2026-05-04 22:49:42
2025-04-15,OIH,210.1999969482422,214.0,209.33999633789065,210.27999877929688,355100,206.6924404853683,0.0,1.0,yahoo,2026-05-04 22:49:42
2025-04-16,OIH,210.82000732421875,215.55999755859372,209.0399932861328,211.30999755859372,664700,207.70486659639022,0.0,1.0,yahoo,2026-05-04 22:49:42
2025-04-17,OIH,214.2400054931641,221.41000366210935,214.1000061035156,218.83999633789065,542800,215.10639709657949,0.0,1.0,yahoo,2026-05-04 22:49:42
2025-04-21,OIH,215.7899932861328,215.7899932861328,209.8000030517578,212.97999572753903,536800,209.3463731550225,0.0,1.0,yahoo,2026-05-04 22:49:42
2025-04-22,OIH,212.8300018310547,215.6000061035156,208.0,213.6199951171875,507200,209.97545360263285,0.0,1.0,yahoo,2026-05-04 22:49:42
2025-04-23,OIH,216.77999877929688,220.0,208.1000061035156,209.72000122070312,652100,206.14199696851688,0.0,1.0,yahoo,2026-05-04 22:49:42
2025-04-24,OIH,212.8699951171875,216.72000122070312,210.22000122070312,215.9499969482422,409400,212.26570359118043,0.0,1.0,yahoo,2026-05-04 22:49:42
2025-04-25,OIH,212.5500030517578,217.0500030517578,210.8600006103516,216.27999877929688,322300,212.5900753061381,0.0,1.0,yahoo,2026-05-04 22:49:42
2025-04-28,OIH,216.16000366210935,217.7100067138672,213.0,214.75999450683597,272100,211.0960036186407,0.0,1.0,yahoo,2026-05-04 22:49:42
2025-04-29,OIH,215.8800048828125,217.0800018310547,212.1100006103516,215.42999267578125,384300,211.754571040478,0.0,1.0,yahoo,2026-05-04 22:49:42
2025-04-30,OIH,211.91000366210935,211.91000366210935,206.4199981689453,209.05999755859372,710500,205.49325353860155,0.0,1.0,yahoo,2026-05-04 22:49:42
2025-05-01,OIH,209.8600006103516,216.8699951171875,209.0200042724609,214.77999877929688,667900,211.11566660094564,0.0,1.0,yahoo,2026-05-04 22:49:42
2025-05-02,OIH,218.0,220.97000122070312,214.8500061035156,220.3600006103516,704900,216.6004687840769,0.0,1.0,yahoo,2026-05-04 22:49:42
2025-05-05,OIH,216.1000061035156,218.1999969482422,214.6999969482422,215.05999755859372,567100,211.39088835937133,0.0,1.0,yahoo,2026-05-04 22:49:42
2025-05-06,OIH,218.05999755859372,219.3800048828125,214.80999755859372,215.0399932861328,671200,211.3712253770664,0.0,1.0,yahoo,2026-05-04 22:49:42
2025-05-07,OIH,216.02999877929688,216.02999877929688,211.8000030517578,213.19000244140625,597300,209.55279697307228,0.0,1.0,yahoo,2026-05-04 22:49:42
2025-05-08,OIH,216.47999572753903,222.8699951171875,215.3000030517578,219.3500061035156,700700,215.60770565535987,0.0,1.0,yahoo,2026-05-04 22:49:42
2025-05-09,OIH,222.5500030517578,224.07000732421875,220.67999267578125,221.8699951171875,303800,218.0847014811913,0.0,1.0,yahoo,2026-05-04 22:49:42
2025-05-12,OIH,233.3699951171875,238.22000122070312,229.07000732421875,230.6100006103516,762100,226.67559493622528,0.0,1.0,yahoo,2026-05-04 22:49:42
2025-05-13,OIH,232.7700042724609,234.07000732421875,230.9199981689453,231.5,533800,227.55041016803432,0.0,1.0,yahoo,2026-05-04 22:49:42
2025-05-14,OIH,229.91000366210935,233.5399932861328,229.44000244140625,231.8600006103516,465500,227.904268857219,0.0,1.0,yahoo,2026-05-04 22:49:42
2025-05-15,OIH,227.94000244140625,229.0500030517578,223.8600006103516,229.0500030517578,536200,225.14221228257887,0.0,1.0,yahoo,2026-05-04 22:49:42
2025-05-16,OIH,228.5200042724609,229.5399932861328,225.1300048828125,228.25999450683597,434700,224.36568196537272,0.0,1.0,yahoo,2026-05-04 22:49:42
2025-05-19,OIH,225.3999938964844,225.57000732421875,222.3000030517578,224.8999938964844,728300,221.0630058658032,0.0,1.0,yahoo,2026-05-04 22:49:42
2025-05-20,OIH,224.91000366210935,224.91000366210935,221.72999572753903,222.69000244140625,289500,218.89071877262444,0.0,1.0,yahoo,2026-05-04 22:49:42
2025-05-21,OIH,221.00999450683597,221.6100006103516,216.07000732421875,216.22999572753903,483500,212.5409253496061,0.0,1.0,yahoo,2026-05-04 22:49:42
2025-05-22,OIH,214.9199981689453,217.0800018310547,210.6999969482422,216.0800018310547,297600,212.39349047847128,0.0,1.0,yahoo,2026-05-04 22:49:42
2025-05-23,OIH,212.32000732421875,217.00999450683597,211.8699951171875,216.25999450683597,333500,212.57041232383315,0.0,1.0,yahoo,2026-05-04 22:49:42
2025-05-27,OIH,218.52999877929688,220.4900054931641,215.50999450683597,219.9900054931641,425400,216.23678610297026,0.0,1.0,yahoo,2026-05-04 22:49:42
2025-05-28,OIH,223.44000244140625,223.92999267578125,217.8300018310547,218.7700042724609,647600,215.03759915620347,0.0,1.0,yahoo,2026-05-04 22:49:42
2025-05-29,OIH,221.0,221.52999877929688,218.0,221.25999450683597,388700,217.48510800780798,0.0,1.0,yahoo,2026-05-04 22:49:42
2025-05-30,OIH,219.30999755859372,219.30999755859372,215.1000061035156,216.63999938964844,558700,212.9439339953227,0.0,1.0,yahoo,2026-05-04 22:49:42
2025-06-02,OIH,221.6999969482422,222.3800048828125,216.9199981689453,220.30999755859372,604400,216.5513188275449,0.0,1.0,yahoo,2026-05-04 22:49:42
2025-06-03,OIH,220.0,229.3800048828125,216.67999267578125,227.3600006103516,962600,223.48104274164163,0.0,1.0,yahoo,2026-05-04 22:49:42
2025-06-04,OIH,228.42999267578125,230.6499938964844,223.08999633789065,224.3800048828125,789000,220.55188831356168,0.0,1.0,yahoo,2026-05-04 22:49:42
2025-06-05,OIH,225.55999755859372,226.6300048828125,223.2899932861328,224.3600006103516,313000,220.53222533125674,0.0,1.0,yahoo,2026-05-04 22:49:42
2025-06-06,OIH,226.47999572753903,231.27999877929688,226.47999572753903,229.8800048828125,430100,225.958053565934,0.0,1.0,yahoo,2026-05-04 22:49:42
2025-06-09,OIH,231.1699981689453,236.3000030517578,230.69000244140625,233.5,812000,229.51628844162425,0.0,1.0,yahoo,2026-05-04 22:49:42
2025-06-10,OIH,237.0200042724609,243.9900054931641,235.72999572753903,241.4199981689453,758100,237.30116460522507,0.0,1.0,yahoo,2026-05-04 22:49:42
2025-06-11,OIH,242.9900054931641,245.6199951171875,239.75,244.47000122070312,599800,240.2991319721419,0.0,1.0,yahoo,2026-05-04 22:49:42
2025-06-12,OIH,241.3699951171875,244.1499938964844,238.92999267578125,243.6999969482422,291900,239.54226463724072,0.0,1.0,yahoo,2026-05-04 22:49:42
2025-06-13,OIH,249.2899932861328,250.55999755859372,243.1300048828125,247.38999938964844,667200,243.16931245176787,0.0,1.0,yahoo,2026-05-04 22:49:42
2025-06-16,OIH,247.44000244140625,248.1699981689453,242.55999755859372,245.72999572753903,544200,241.53762988505758,0.0,1.0,yahoo,2026-05-04 22:49:42
2025-06-17,OIH,248.58999633789065,251.32000732421875,246.38999938964844,247.5399932861328,427100,243.31674732290276,0.0,1.0,yahoo,2026-05-04 22:49:42
2025-06-18,OIH,247.8699951171875,249.5200042724609,244.25999450683597,244.69000244140625,435400,240.51537978211365,0.0,1.0,yahoo,2026-05-04 22:49:42
2025-06-20,OIH,245.19000244140625,245.6499938964844,242.00999450683597,242.8699951171875,343100,238.72642335388556,0.0,1.0,yahoo,2026-05-04 22:49:42
2025-06-23,OIH,245.80999755859372,245.80999755859372,231.0,231.97000122070312,790500,228.01239276220483,0.0,1.0,yahoo,2026-05-04 22:49:42
2025-06-24,OIH,229.1000061035156,233.25999450683597,227.72000122070312,230.80999755859372,432200,226.87217976389203,0.0,1.0,yahoo,2026-05-04 22:49:42
2025-06-25,OIH,230.6000061035156,230.6699981689453,226.58999633789065,227.6499938964844,620800,223.76608849198936,0.0,1.0,yahoo,2026-05-04 22:49:42
2025-06-26,OIH,228.8699951171875,232.6000061035156,227.8699951171875,231.6199951171875,458400,227.66835806494223,0.0,1.0,yahoo,2026-05-04 22:49:42
2025-06-27,OIH,232.63999938964844,233.66000366210935,229.33999633789065,231.1699981689453,434300,227.22603845307668,0.0,1.0,yahoo,2026-05-04 22:49:42
2025-06-30,OIH,231.66000366210935,232.7700042724609,229.72999572753903,230.2899932861328,217100,226.3610472131896,0.0,1.0,yahoo,2026-05-04 22:49:42
2025-07-01,OIH,230.3600006103516,241.0500030517578,227.67999267578125,236.94000244140625,795800,232.8976014719527,0.0,1.0,yahoo,2026-05-04 22:49:42
2025-07-02,OIH,239.6199951171875,243.41000366210935,235.6999969482422,242.97000122070312,469900,238.82472326694946,0.0,1.0,yahoo,2026-05-04 22:49:42
2025-07-03,OIH,242.5200042724609,243.8999938964844,240.97999572753903,241.5800018310547,336700,237.45843846674288,0.0,1.0,yahoo,2026-05-04 22:49:42
2025-07-07,OIH,239.8600006103516,243.44000244140625,234.67999267578125,238.38999938964844,447200,234.3228602206132,0.0,1.0,yahoo,2026-05-04 22:49:42
2025-07-08,OIH,238.25999450683597,251.08999633789065,237.88999938964844,249.8300018310547,587200,245.56768634530135,0.0,1.0,yahoo,2026-05-04 22:49:42
2025-07-09,OIH,250.0,251.0,246.6000061035156,247.92999267578125,400700,243.70009298631433,0.0,1.0,yahoo,2026-05-04 22:49:42
2025-07-10,OIH,245.66000366210935,251.1699981689453,243.6300048828125,249.9900054931641,408800,245.7249602068192,0.0,1.0,yahoo,2026-05-04 22:49:42
2025-07-11,OIH,248.6000061035156,253.92999267578125,247.32000732421875,252.22999572753903,435800,247.92673427422486,0.0,1.0,yahoo,2026-05-04 22:49:42
2025-07-14,OIH,250.1699981689453,250.4900054931641,243.3699951171875,244.6100006103516,587800,240.43674285135478,0.0,1.0,yahoo,2026-05-04 22:49:42
2025-07-15,OIH,244.05999755859372,244.6999969482422,236.3600006103516,236.82000732421875,661200,232.7796535750448,0.0,1.0,yahoo,2026-05-04 22:49:42
2025-07-16,OIH,236.5500030517578,237.47999572753903,231.6499938964844,233.0,769900,229.02481887322676,0.0,1.0,yahoo,2026-05-04 22:49:42
2025-07-17,OIH,232.25,236.66000366210935,232.08999633789065,236.02999877929688,629700,232.00312325783864,0.0,1.0,yahoo,2026-05-04 22:49:42
2025-07-18,OIH,237.75999450683597,239.32000732421875,231.4600067138672,233.3800048828125,511300,229.39834054471638,0.0,1.0,yahoo,2026-05-04 22:49:42
2025-07-21,OIH,235.3000030517578,236.9600067138672,232.57000732421875,232.8600006103516,359900,228.88720799401395,0.0,1.0,yahoo,2026-05-04 22:49:42
2025-07-22,OIH,232.47000122070312,238.9900054931641,232.3600006103516,238.1000061035156,539000,234.03781447026546,0.0,1.0,yahoo,2026-05-04 22:49:42
2025-07-23,OIH,241.9499969482422,252.0800018310547,241.9499969482422,250.9199981689453,805600,246.63908640477723,0.0,1.0,yahoo,2026-05-04 22:49:42
2025-07-24,OIH,249.08999633789065,255.0,247.8699951171875,253.0399932861328,870400,248.72291257527505,0.0,1.0,yahoo,2026-05-04 22:49:42
2025-07-25,OIH,253.30999755859372,253.5800018310547,250.69000244140625,252.17999267578125,208600,247.87758431769294,0.0,1.0,yahoo,2026-05-04 22:49:42
2025-07-28,OIH,254.83999633789065,258.17999267578125,254.0500030517578,256.6400146484375,222100,252.26151446558225,0.0,1.0,yahoo,2026-05-04 22:49:42
2025-07-29,OIH,254.8500061035156,256.29998779296875,251.69000244140625,255.6100006103516,356600,251.2490733560994,0.0,1.0,yahoo,2026-05-04 22:49:42
2025-07-30,OIH,253.57000732421875,253.57000732421875,245.47000122070312,248.33999633789065,531000,244.10310163203093,0.0,1.0,yahoo,2026-05-04 22:49:42
2025-07-31,OIH,246.1100006103516,248.63999938964844,242.3999938964844,243.72000122070312,432300,239.56192761954568,0.0,1.0,yahoo,2026-05-04 22:49:42
2025-08-01,OIH,240.6199951171875,240.6300048828125,231.8300018310547,235.0200042724609,679200,231.01036012912164,0.0,1.0,yahoo,2026-05-04 22:49:42
2025-08-04,OIH,234.47000122070312,236.3800048828125,233.41000366210935,235.80999755859372,342900,231.78687544786683,0.0,1.0,yahoo,2026-05-04 22:49:42
2025-08-05,OIH,237.66000366210935,243.1100006103516,235.6199951171875,241.9900054931641,646200,237.86144711245947,0.0,1.0,yahoo,2026-05-04 22:49:42
2025-08-06,OIH,244.22000122070312,246.88999938964844,238.0500030517578,238.9499969482422,376400,234.87330373746462,0.0,1.0,yahoo,2026-05-04 22:49:42
2025-08-07,OIH,241.50999450683597,244.82000732421875,235.0800018310547,235.7899932861328,767800,231.7672124655619,0.0,1.0,yahoo,2026-05-04 22:49:42
2025-08-08,OIH,237.92999267578125,239.82000732421875,235.3300018310547,237.50999450683597,209800,233.45786898072615,0.0,1.0,yahoo,2026-05-04 22:49:42
2025-08-11,OIH,238.4900054931641,239.3999938964844,232.38999938964844,233.6100006103516,368100,229.62441234661017,0.0,1.0,yahoo,2026-05-04 22:49:42
2025-08-12,OIH,234.5200042724609,239.6000061035156,234.33999633789065,237.22000122070312,437900,233.1728232303784,0.0,1.0,yahoo,2026-05-04 22:49:42
2025-08-13,OIH,237.50999450683597,240.47999572753903,236.17999267578125,240.3600006103516,357300,236.25925151997617,0.0,1.0,yahoo,2026-05-04 22:49:42
2025-08-14,OIH,240.0,240.3300018310547,235.08999633789065,239.6300048828125,451900,235.5417101496849,0.0,1.0,yahoo,2026-05-04 22:49:42
2025-08-15,OIH,238.8300018310547,240.05999755859372,236.6000061035156,236.66000366210935,212600,232.62237971352695,0.0,1.0,yahoo,2026-05-04 22:49:42
2025-08-18,OIH,237.0,240.9499969482422,234.7700042724609,239.0200042724609,253300,234.9421166763015,0.0,1.0,yahoo,2026-05-04 22:49:42
2025-08-19,OIH,238.92999267578125,241.3699951171875,235.3699951171875,237.6499938964844,226900,233.59547985993902,0.0,1.0,yahoo,2026-05-04 22:49:42
2025-08-20,OIH,238.4199981689453,239.32000732421875,234.38999938964844,236.50999450683597,256700,232.4749298439312,0.0,1.0,yahoo,2026-05-04 22:49:42
2025-08-21,OIH,237.0399932861328,241.41000366210935,235.25,240.13999938964844,336800,236.04300371000437,0.0,1.0,yahoo,2026-05-04 22:49:42
2025-08-22,OIH,240.7100067138672,252.9900054931641,240.7100067138672,252.19000244140625,640500,247.8874233080759,0.0,1.0,yahoo,2026-05-04 22:49:42
2025-08-25,OIH,251.5399932861328,252.6699981689453,250.47000122070312,251.8999938964844,289200,247.60236255926725,0.0,1.0,yahoo,2026-05-04 22:49:42
2025-08-26,OIH,250.25999450683597,252.0,248.3800048828125,249.1300048828125,309100,244.87963194923705,0.0,1.0,yahoo,2026-05-04 22:49:42
2025-08-27,OIH,249.1199951171875,255.4199981689453,249.1199951171875,253.50999450683597,333100,249.18489516944558,0.0,1.0,yahoo,2026-05-04 22:49:42
2025-08-28,OIH,255.5,256.6000061035156,251.6199951171875,256.1099853515625,286500,251.7405279260359,0.0,1.0,yahoo,2026-05-04 22:49:42
2025-08-29,OIH,255.9900054931641,258.5599975585937,255.82000732421875,256.8500061035156,240000,252.46792328517105,0.0,1.0,yahoo,2026-05-04 22:49:42
2025-09-02,OIH,255.0,257.4800109863281,251.3800048828125,254.72999572753903,370800,250.38408211621226,0.0,1.0,yahoo,2026-05-04 22:49:42
2025-09-03,OIH,253.58999633789065,256.6400146484375,249.0500030517578,249.8300018310547,353400,245.56768634530135,0.0,1.0,yahoo,2026-05-04 22:49:42
2025-09-04,OIH,250.0800018310547,258.1600036621094,247.9600067138672,257.8399963378906,427200,253.44102343158306,0.0,1.0,yahoo,2026-05-04 22:49:42
2025-09-05,OIH,255.66000366210935,258.8999938964844,252.5500030517578,255.1300048828125,492800,250.77726677000686,0.0,1.0,yahoo,2026-05-04 22:49:42
2025-09-08,OIH,257.3399963378906,257.739990234375,251.2700042724609,255.27999877929688,467600,250.92470164114172,0.0,1.0,yahoo,2026-05-04 22:49:42
2025-09-09,OIH,256.94000244140625,259.6000061035156,254.00999450683597,254.00999450683597,253000,249.67636473784307,0.0,1.0,yahoo,2026-05-04 22:49:42
2025-09-10,OIH,254.67999267578125,260.1600036621094,253.22999572753903,260.07000732421875,461800,255.63298850552772,0.0,1.0,yahoo,2026-05-04 22:49:42
2025-09-11,OIH,258.3299865722656,262.2699890136719,257.1499938964844,260.1700134277344,398000,255.7312884185916,0.0,1.0,yahoo,2026-05-04 22:49:42
2025-09-12,OIH,261.5899963378906,263.6300048828125,256.95001220703125,257.6199951171875,268500,253.22477562161131,0.0,1.0,yahoo,2026-05-04 22:49:42
2025-09-15,OIH,258.3399963378906,261.1300048828125,254.67999267578125,255.02999877929688,356600,250.67896685694296,0.0,1.0,yahoo,2026-05-04 22:49:42
2025-09-16,OIH,256.3399963378906,260.8999938964844,255.1000061035156,260.2099914550781,233000,255.77058438627964,0.0,1.0,yahoo,2026-05-04 22:49:42
2025-09-17,OIH,258.9700012207031,263.04998779296875,254.0,256.4100036621094,335000,252.03542766522753,0.0,1.0,yahoo,2026-05-04 22:49:42
2025-09-18,OIH,258.17999267578125,259.19000244140625,254.2700042724609,258.3699951171875,275100,253.96197997420754,0.0,1.0,yahoo,2026-05-04 22:49:42
2025-09-19,OIH,257.20001220703125,257.20001220703125,252.2899932861328,254.5200042724609,384400,250.17767329662345,0.0,1.0,yahoo,2026-05-04 22:49:42
2025-09-22,OIH,251.97999572753903,256.5,249.9600067138672,254.82000732421875,279400,250.47255803735416,0.0,1.0,yahoo,2026-05-04 22:49:42
2025-09-23,OIH,256.4700012207031,268.7900085449219,256.4700012207031,261.7799987792969,969900,257.31380603030897,0.0,1.0,yahoo,2026-05-04 22:49:42
2025-09-24,OIH,265.1400146484375,268.239990234375,263.5799865722656,263.6099853515625,681900,259.1125714519981,0.0,1.0,yahoo,2026-05-04 22:49:42
2025-09-25,OIH,259.7300109863281,264.3699951171875,258.67999267578125,263.25,617700,258.75872776127443,0.0,1.0,yahoo,2026-05-04 22:49:42
2025-09-26,OIH,265.07000732421875,270.2699890136719,264.3500061035156,268.010009765625,577800,263.43752765143347,0.0,1.0,yahoo,2026-05-04 22:49:42
2025-09-29,OIH,266.989990234375,266.989990234375,261.260009765625,264.6000061035156,554500,260.085701595332,0.0,1.0,yahoo,2026-05-04 22:49:42
2025-09-30,OIH,261.4599914550781,261.6199951171875,255.05999755859372,259.9100036621094,586900,255.4757146440099,0.0,1.0,yahoo,2026-05-04 22:49:42
2025-10-01,OIH,259.44000244140625,265.95001220703125,259.2900085449219,264.7799987792969,249000,260.26262344069386,0.0,1.0,yahoo,2026-05-04 22:49:42
2025-10-02,OIH,264.239990234375,265.9100036621094,259.8599853515625,260.20001220703125,258300,255.76077539281857,0.0,1.0,yahoo,2026-05-04 22:49:42
2025-10-03,OIH,262.239990234375,264.94000244140625,262.1199951171875,262.7300109863281,204900,258.247610209033,0.0,1.0,yahoo,2026-05-04 22:49:42
2025-10-06,OIH,265.1099853515625,267.4599914550781,263.45001220703125,265.3099975585937,262700,260.78357998331825,0.0,1.0,yahoo,2026-05-04 22:49:42
2025-10-07,OIH,265.1000061035156,267.3900146484375,260.8599853515625,264.0,302100,259.4959321138707,0.0,1.0,yahoo,2026-05-04 22:49:42
2025-10-08,OIH,265.20001220703125,265.20001220703125,260.8900146484375,262.8999938964844,404600,258.41469306401183,0.0,1.0,yahoo,2026-05-04 22:49:42
2025-10-09,OIH,263.04998779296875,265.739990234375,255.47999572753903,257.0799865722656,297000,252.6939800886039,0.0,1.0,yahoo,2026-05-04 22:49:42
2025-10-10,OIH,254.13999938964844,255.8300018310547,242.2400054931641,242.4499969482422,633300,238.313590716247,0.0,1.0,yahoo,2026-05-04 22:49:42
2025-10-13,OIH,247.4600067138672,249.6999969482422,243.16000366210935,249.55999755859372,335600,245.3022885787976,0.0,1.0,yahoo,2026-05-04 22:49:42
2025-10-14,OIH,244.5200042724609,250.19000244140625,243.9900054931641,248.80999755859372,213400,244.56508422620138,0.0,1.0,yahoo,2026-05-04 22:49:42
2025-10-15,OIH,251.3300018310547,255.17999267578125,248.22999572753903,251.7899932861328,381300,247.49423865428133,0.0,1.0,yahoo,2026-05-04 22:49:42
2025-10-16,OIH,252.77999877929688,253.9600067138672,246.6499938964844,249.63999938964844,367500,245.38092550955656,0.0,1.0,yahoo,2026-05-04 22:49:42
2025-10-17,OIH,248.4499969482422,252.32000732421875,246.1999969482422,251.55999755859372,425700,247.26816685238754,0.0,1.0,yahoo,2026-05-04 22:49:42
2025-10-20,OIH,253.0500030517578,257.489990234375,253.0500030517578,256.8399963378906,386800,252.4580842947881,0.0,1.0,yahoo,2026-05-04 22:49:42
2025-10-21,OIH,260.2200012207031,262.42999267578125,256.260009765625,259.67999267578125,528800,255.2496278436552,0.0,1.0,yahoo,2026-05-04 22:49:42
2025-10-22,OIH,262.5199890136719,267.82000732421875,261.0400085449219,265.3599853515625,624100,260.8327149413893,0.0,1.0,yahoo,2026-05-04 22:49:42
2025-10-23,OIH,270.8699951171875,280.04998779296875,270.7099914550781,279.07000732421875,944200,274.3088321046321,0.0,1.0,yahoo,2026-05-04 22:49:42
2025-10-24,OIH,279.32000732421875,282.42999267578125,276.5299987792969,276.95001220703125,396000,272.22500593413423,0.0,1.0,yahoo,2026-05-04 22:49:42
2025-10-27,OIH,279.8299865722656,281.79998779296875,276.9200134277344,277.2200012207031,350400,272.490388702177,0.0,1.0,yahoo,2026-05-04 22:49:42
2025-10-28,OIH,276.2099914550781,278.9200134277344,275.5599975585937,277.9599914550781,258100,273.21775406439025,0.0,1.0,yahoo,2026-05-04 22:49:42
2025-10-29,OIH,280.2200012207031,288.0599975585937,280.0,286.2900085449219,576900,281.40565387216856,0.0,1.0,yahoo,2026-05-04 22:49:42
2025-10-30,OIH,284.79998779296875,291.0899963378906,282.7200012207031,286.5599975585937,374600,281.6710366402113,0.0,1.0,yahoo,2026-05-04 22:49:42
2025-10-31,OIH,286.8599853515625,287.1499938964844,281.6000061035156,283.69000244140625,343600,278.8500061171173,0.0,1.0,yahoo,2026-05-04 22:49:42
2025-11-03,OIH,284.8599853515625,290.9200134277344,281.8500061035156,290.0,391800,285.05234967053974,0.0,1.0,yahoo,2026-05-04 22:49:42
2025-11-04,OIH,283.8999938964844,286.0299987792969,280.4100036621094,281.5799865722656,472500,276.77598894008054,0.0,1.0,yahoo,2026-05-04 22:49:42
2025-11-05,OIH,281.5799865722656,286.3500061035156,280.7200012207031,283.489990234375,215400,278.65340629098955,0.0,1.0,yahoo,2026-05-04 22:49:42
2025-11-06,OIH,284.29998779296875,289.2799987792969,281.0400085449219,283.5299987792969,235100,278.6927322555995,0.0,1.0,yahoo,2026-05-04 22:49:42
2025-11-07,OIH,282.6700134277344,285.3900146484375,277.5299987792969,285.3900146484375,257500,280.5210146484375,0.0,1.0,yahoo,2026-05-04 22:49:42
2025-11-10,OIH,287.79998779296875,291.92999267578125,283.7699890136719,289.67999267578125,308700,284.7378019475041,0.0,1.0,yahoo,2026-05-04 22:49:42
2025-11-11,OIH,290.92999267578125,297.79998779296875,290.92999267578125,294.4800109863281,446400,289.4559278022731,0.0,1.0,yahoo,2026-05-04 22:49:42
2025-11-12,OIH,293.25,293.94000244140625,283.510009765625,284.29998779296875,451800,279.4495845920397,0.0,1.0,yahoo,2026-05-04 22:49:42
2025-11-13,OIH,283.3099975585937,288.5199890136719,279.9599914550781,282.5299987792969,337100,277.7097931188045,0.0,1.0,yahoo,2026-05-04 22:49:42
2025-11-14,OIH,282.1499938964844,289.7699890136719,278.8599853515625,287.29998779296875,332100,282.3984020024246,0.0,1.0,yahoo,2026-05-04 22:49:42
2025-11-17,OIH,287.5299987792969,290.82000732421875,279.2900085449219,281.5299987792969,431600,276.7268539820095,0.0,1.0,yahoo,2026-05-04 22:49:42
2025-11-18,OIH,277.8599853515625,285.42999267578125,276.67999267578125,283.25,382300,278.41751049717374,0.0,1.0,yahoo,2026-05-04 22:49:42
2025-11-19,OIH,278.0400085449219,283.5,276.79998779296875,282.57000732421875,277000,277.7491190834144,0.0,1.0,yahoo,2026-05-04 22:49:42
2025-11-20,OIH,284.4800109863281,290.3999938964844,273.75,274.4100036621094,546200,269.7283321275369,0.0,1.0,yahoo,2026-05-04 22:49:42
2025-11-21,OIH,274.25,282.20001220703125,270.54998779296875,281.04998779296875,599600,276.2550323974561,0.0,1.0,yahoo,2026-05-04 22:49:42
2025-11-24,OIH,280.4100036621094,284.1600036621094,276.25,282.6099853515625,273400,277.78841505110245,0.0,1.0,yahoo,2026-05-04 22:49:42
2025-11-25,OIH,282.17999267578125,285.6300048828125,277.25,285.0599975585937,366800,280.19662793501885,0.0,1.0,yahoo,2026-05-04 22:49:42
2025-11-26,OIH,285.0599975585937,289.5199890136719,284.1300048828125,285.8500061035156,140400,280.97315825222506,0.0,1.0,yahoo,2026-05-04 22:49:42
2025-11-28,OIH,285.3800048828125,291.1499938964844,284.5199890136719,289.6099853515625,188800,284.6689890086672,0.0,1.0,yahoo,2026-05-04 22:49:42
2025-12-01,OIH,289.5400085449219,295.739990234375,289.44000244140625,293.010009765625,297900,288.01100607130763,0.0,1.0,yahoo,2026-05-04 22:49:42
2025-12-02,OIH,292.5899963378906,293.5199890136719,286.4100036621094,292.1400146484375,271300,287.1558538218035,0.0,1.0,yahoo,2026-05-04 22:49:42
2025-12-03,OIH,294.9599914550781,305.1499938964844,294.7099914550781,304.92999267578125,470800,299.72762378362734,0.0,1.0,yahoo,2026-05-04 22:49:42
2025-12-04,OIH,305.42999267578125,309.8399963378906,302.6199951171875,307.3399963378906,615400,302.0965107029338,0.0,1.0,yahoo,2026-05-04 22:49:42
2025-12-05,OIH,307.5599975585937,310.94000244140625,306.0599975585937,306.19000244140625,300800,300.96613669500397,0.0,1.0,yahoo,2026-05-04 22:49:42
2025-12-08,OIH,305.25,307.0400085449219,301.260009765625,302.010009765625,305500,296.8574583024623,0.0,1.0,yahoo,2026-05-04 22:49:42
2025-12-09,OIH,301.7699890136719,306.9200134277344,301.7699890136719,304.7099914550781,251200,299.51137597365556,0.0,1.0,yahoo,2026-05-04 22:49:42
2025-12-10,OIH,304.3599853515625,310.1499938964844,300.8500061035156,308.1300048828125,449900,302.87304102013996,0.0,1.0,yahoo,2026-05-04 22:49:42
2025-12-11,OIH,306.0,311.489990234375,305.8800048828125,308.6600036621094,262700,303.3939975627644,0.0,1.0,yahoo,2026-05-04 22:49:42
2025-12-12,OIH,309.44000244140625,310.92999267578125,298.20001220703125,299.6099853515625,362400,294.49838037661686,0.0,1.0,yahoo,2026-05-04 22:49:42
2025-12-15,OIH,300.4599914550781,300.6199951171875,294.3500061035156,296.7099914550781,418800,291.6478628792959,0.0,1.0,yahoo,2026-05-04 22:49:42
2025-12-16,OIH,294.1400146484375,294.1700134277344,281.1600036621094,283.760009765625,794600,278.9188190559542,0.0,1.0,yahoo,2026-05-04 22:49:42
2025-12-17,OIH,285.9800109863281,287.6000061035156,282.9700012207031,286.82000732421875,554300,281.926610414793,0.0,1.0,yahoo,2026-05-04 22:49:42
2025-12-18,OIH,287.5,287.5,281.3800048828125,282.57000732421875,577200,277.7491190834144,0.0,1.0,yahoo,2026-05-04 22:49:42
2025-12-19,OIH,283.6600036621094,286.8900146484375,283.6600036621094,285.3900146484375,519400,280.5210146484375,0.0,1.0,yahoo,2026-05-04 22:49:42
2025-12-22,OIH,283.9100036621094,288.9800109863281,282.989990234375,284.4599914550781,536000,284.4599914550781,4.869,1.0,yahoo,2026-05-04 22:49:42
2025-12-23,OIH,284.7900085449219,286.25,281.8599853515625,283.739990234375,223600,283.739990234375,0.0,1.0,yahoo,2026-05-04 22:49:42
2025-12-24,OIH,284.0,284.1400146484375,281.45001220703125,282.8399963378906,123500,282.8399963378906,0.0,1.0,yahoo,2026-05-04 22:49:42
2025-12-26,OIH,282.8399963378906,283.0799865722656,280.19000244140625,281.5199890136719,161000,281.5199890136719,0.0,1.0,yahoo,2026-05-04 22:49:42
2025-12-29,OIH,282.7099914550781,284.510009765625,281.6499938964844,282.8800048828125,285100,282.8800048828125,0.0,1.0,yahoo,2026-05-04 22:49:42
2025-12-30,OIH,284.5,288.3999938964844,284.1700134277344,286.8900146484375,307400,286.8900146484375,0.0,1.0,yahoo,2026-05-04 22:49:42
2025-12-31,OIH,287.4100036621094,287.989990234375,284.1700134277344,284.7699890136719,234500,284.7699890136719,0.0,1.0,yahoo,2026-05-04 22:49:42
2026-01-02,OIH,285.9599914550781,297.67999267578125,283.1600036621094,295.989990234375,527000,295.989990234375,0.0,1.0,yahoo,2026-05-04 22:49:42
2026-01-05,OIH,313.5799865722656,316.6499938964844,303.1600036621094,311.67999267578125,2084800,311.67999267578125,0.0,1.0,yahoo,2026-05-04 22:49:42
2026-01-06,OIH,313.5199890136719,314.3999938964844,308.7300109863281,310.3299865722656,804600,310.3299865722656,0.0,1.0,yahoo,2026-05-04 22:49:42
2026-01-07,OIH,311.9200134277344,311.9200134277344,303.1300048828125,304.8399963378906,474200,304.8399963378906,0.0,1.0,yahoo,2026-05-04 22:49:42
2026-01-08,OIH,307.2300109863281,317.2200012207031,306.0599975585937,316.1600036621094,635700,316.1600036621094,0.0,1.0,yahoo,2026-05-04 22:49:42
2026-01-09,OIH,317.7900085449219,319.8900146484375,314.6700134277344,317.4800109863281,737900,317.4800109863281,0.0,1.0,yahoo,2026-05-04 22:49:42
2026-01-12,OIH,318.0,318.3999938964844,311.3999938964844,313.3500061035156,544200,313.3500061035156,0.0,1.0,yahoo,2026-05-04 22:49:42
2026-01-13,OIH,315.7900085449219,322.7300109863281,315.7900085449219,320.5299987792969,789900,320.5299987792969,0.0,1.0,yahoo,2026-05-04 22:49:42
2026-01-14,OIH,323.3399963378906,329.82000732421875,322.5,326.010009765625,1389700,326.010009765625,0.0,1.0,yahoo,2026-05-04 22:49:42
2026-01-15,OIH,324.3500061035156,328.45001220703125,321.3500061035156,327.1199951171875,499200,327.1199951171875,0.0,1.0,yahoo,2026-05-04 22:49:42
2026-01-16,OIH,328.5599975585937,329.0199890136719,325.0,326.5899963378906,375300,326.5899963378906,0.0,1.0,yahoo,2026-05-04 22:49:42
2026-01-20,OIH,323.6199951171875,327.95001220703125,321.3299865722656,324.3800048828125,541700,324.3800048828125,0.0,1.0,yahoo,2026-05-04 22:49:42
2026-01-21,OIH,330.07000732421875,340.1300048828125,330.07000732421875,339.260009765625,903500,339.260009765625,0.0,1.0,yahoo,2026-05-04 22:49:42
2026-01-22,OIH,339.260009765625,342.17999267578125,337.6000061035156,341.5400085449219,549300,341.5400085449219,0.0,1.0,yahoo,2026-05-04 22:49:42
2026-01-23,OIH,346.739990234375,353.0,339.3999938964844,339.8999938964844,1083100,339.8999938964844,0.0,1.0,yahoo,2026-05-04 22:49:42
2026-01-26,OIH,345.4599914550781,347.45001220703125,343.010009765625,345.260009765625,540200,345.260009765625,0.0,1.0,yahoo,2026-05-04 22:49:42
2026-01-27,OIH,347.0400085449219,353.1600036621094,347.0,351.3099975585937,561200,351.3099975585937,0.0,1.0,yahoo,2026-05-04 22:49:42
2026-01-28,OIH,353.57000732421875,354.1700134277344,339.4100036621094,343.8900146484375,1064200,343.8900146484375,0.0,1.0,yahoo,2026-05-04 22:49:42
2026-01-29,OIH,353.489990234375,359.6499938964844,347.0,350.010009765625,1268900,350.010009765625,0.0,1.0,yahoo,2026-05-04 22:49:42
2026-01-30,OIH,346.20001220703125,349.5199890136719,341.0400085449219,348.3900146484375,725400,348.3900146484375,0.0,1.0,yahoo,2026-05-04 22:49:42
2026-02-02,OIH,340.8699951171875,352.2300109863281,339.3999938964844,348.8900146484375,667100,348.8900146484375,0.0,1.0,yahoo,2026-05-04 22:49:42
2026-02-03,OIH,349.0,357.5,348.5,357.3299865722656,745900,357.3299865722656,0.0,1.0,yahoo,2026-05-04 22:49:42
2026-02-04,OIH,358.239990234375,364.75,355.9599914550781,362.5199890136719,833700,362.5199890136719,0.0,1.0,yahoo,2026-05-04 22:49:42
2026-02-05,OIH,355.260009765625,358.010009765625,344.9599914550781,351.4200134277344,870400,351.4200134277344,0.0,1.0,yahoo,2026-05-04 22:49:42
2026-02-06,OIH,353.9700012207031,369.0400085449219,352.94000244140625,367.1099853515625,978400,367.1099853515625,0.0,1.0,yahoo,2026-05-04 22:49:42
2026-02-09,OIH,368.3299865722656,375.8599853515625,367.3800048828125,374.0400085449219,664300,374.0400085449219,0.0,1.0,yahoo,2026-05-04 22:49:42
2026-02-10,OIH,374.0799865722656,374.9299926757813,364.2699890136719,368.3999938964844,811600,368.3999938964844,0.0,1.0,yahoo,2026-05-04 22:49:42
2026-02-11,OIH,375.55999755859375,381.8900146484375,373.4500122070313,381.4700012207031,856400,381.4700012207031,0.0,1.0,yahoo,2026-05-04 22:49:42
2026-02-12,OIH,380.2699890136719,382.5799865722656,367.2799987792969,373.8800048828125,740800,373.8800048828125,0.0,1.0,yahoo,2026-05-04 22:49:42
2026-02-13,OIH,374.1300048828125,385.1799926757813,370.739990234375,381.3200073242188,742800,381.3200073242188,0.0,1.0,yahoo,2026-05-04 22:49:42
2026-02-17,OIH,382.1600036621094,384.3699951171875,368.5799865722656,375.5799865722656,790600,375.5799865722656,0.0,1.0,yahoo,2026-05-04 22:49:42
2026-02-18,OIH,382.6499938964844,386.760009765625,380.6799926757813,385.1099853515625,674700,385.1099853515625,0.0,1.0,yahoo,2026-05-04 22:49:42
2026-02-19,OIH,388.8800048828125,393.0799865722656,386.8200073242188,391.6900024414063,594400,391.6900024414063,0.0,1.0,yahoo,2026-05-04 22:49:42
2026-02-20,OIH,387.6400146484375,393.25,382.989990234375,389.5499877929688,674800,389.5499877929688,0.0,1.0,yahoo,2026-05-04 22:49:42
2026-02-23,OIH,389.9599914550781,400.4400024414063,389.3800048828125,392.5499877929688,673100,392.5499877929688,0.0,1.0,yahoo,2026-05-04 22:49:42
2026-02-24,OIH,394.75,401.3599853515625,390.5799865722656,400.8999938964844,632300,400.8999938964844,0.0,1.0,yahoo,2026-05-04 22:49:42
2026-02-25,OIH,403.05999755859375,403.7300109863281,392.30999755859375,398.0299987792969,330200,398.0299987792969,0.0,1.0,yahoo,2026-05-04 22:49:42
2026-02-26,OIH,393.75,398.1799926757813,388.80999755859375,395.5,284800,395.5,0.0,1.0,yahoo,2026-05-04 22:49:42
2026-02-27,OIH,397.9599914550781,399.7099914550781,392.989990234375,396.9700012207031,460900,396.9700012207031,0.0,1.0,yahoo,2026-05-04 22:49:42
2026-03-02,OIH,406.0,406.1199951171875,388.3200073242188,395.4299926757813,976700,395.4299926757813,0.0,1.0,yahoo,2026-05-04 22:49:42
2026-03-03,OIH,388.9500122070313,391.6300048828125,380.6799926757813,384.55999755859375,1326400,384.55999755859375,0.0,1.0,yahoo,2026-05-04 22:49:42
2026-03-04,OIH,383.6000061035156,388.5899963378906,379.30999755859375,383.2300109863281,613200,383.2300109863281,0.0,1.0,yahoo,2026-05-04 22:49:42
2026-03-05,OIH,383.010009765625,383.4299926757813,372.010009765625,378.6300048828125,499700,378.6300048828125,0.0,1.0,yahoo,2026-05-04 22:49:42
2026-03-06,OIH,376.9800109863281,379.010009765625,370.9200134277344,373.3299865722656,558500,373.3299865722656,0.0,1.0,yahoo,2026-05-04 22:49:42
2026-03-09,OIH,372.4100036621094,379.5899963378906,365.6000061035156,379.1199951171875,630900,379.1199951171875,0.0,1.0,yahoo,2026-05-04 22:49:42
2026-03-10,OIH,377.7000122070313,386.6600036621094,375.6900024414063,382.260009765625,377200,382.260009765625,0.0,1.0,yahoo,2026-05-04 22:49:42
2026-03-11,OIH,377.989990234375,387.3500061035156,375.6000061035156,385.0199890136719,305900,385.0199890136719,0.0,1.0,yahoo,2026-05-04 22:49:42
2026-03-12,OIH,380.6300048828125,381.0400085449219,369.0,372.4700012207031,537900,372.4700012207031,0.0,1.0,yahoo,2026-05-04 22:49:42
2026-03-13,OIH,370.5299987792969,374.1000061035156,367.3599853515625,371.1300048828125,670800,371.1300048828125,0.0,1.0,yahoo,2026-05-04 22:49:42
2026-03-16,OIH,371.6099853515625,375.1400146484375,367.3599853515625,372.5700073242188,560800,372.5700073242188,0.0,1.0,yahoo,2026-05-04 22:49:42
2026-03-17,OIH,376.739990234375,388.4500122070313,376.6799926757813,385.6300048828125,343000,385.6300048828125,0.0,1.0,yahoo,2026-05-04 22:49:42
2026-03-18,OIH,384.2799987792969,389.2799987792969,381.80999755859375,383.3800048828125,282400,383.3800048828125,0.0,1.0,yahoo,2026-05-04 22:49:42
2026-03-19,OIH,380.7099914550781,395.8299865722656,378.6400146484375,392.6199951171875,815900,392.6199951171875,0.0,1.0,yahoo,2026-05-04 22:49:42
2026-03-20,OIH,393.7099914550781,395.9100036621094,384.3699951171875,386.9700012207031,620400,386.9700012207031,0.0,1.0,yahoo,2026-05-04 22:49:42
2026-03-23,OIH,388.4299926757813,402.3800048828125,385.7900085449219,398.8500061035156,929900,398.8500061035156,0.0,1.0,yahoo,2026-05-04 22:49:42
2026-03-24,OIH,397.0199890136719,410.8200073242188,397.0199890136719,406.7000122070313,595200,406.7000122070313,0.0,1.0,yahoo,2026-05-04 22:49:42
2026-03-25,OIH,405.4100036621094,412.0,405.0799865722656,409.1099853515625,414500,409.1099853515625,0.0,1.0,yahoo,2026-05-04 22:49:42
2026-03-26,OIH,408.4299926757813,415.6400146484375,406.9100036621094,413.25,484700,413.25,0.0,1.0,yahoo,2026-05-04 22:49:42
2026-03-27,OIH,411.75,418.5700073242188,411.0499877929688,416.2000122070313,486400,416.2000122070313,0.0,1.0,yahoo,2026-05-04 22:49:42
2026-03-30,OIH,421.6499938964844,423.8500061035156,400.3699951171875,401.8999938964844,803700,401.8999938964844,0.0,1.0,yahoo,2026-05-04 22:49:42
2026-03-31,OIH,404.2300109863281,412.75,399.4500122070313,404.2099914550781,882500,404.2099914550781,0.0,1.0,yahoo,2026-05-04 22:49:42
2026-04-01,OIH,398.3900146484375,404.8999938964844,393.55999755859375,396.1600036621094,663300,396.1600036621094,0.0,1.0,yahoo,2026-05-04 22:49:42
2026-04-02,OIH,400.1499938964844,407.5700073242188,396.30999755859375,399.0499877929688,382900,399.0499877929688,0.0,1.0,yahoo,2026-05-04 22:49:42
2026-04-06,OIH,397.739990234375,402.4299926757813,396.4800109863281,399.5899963378906,161300,399.5899963378906,0.0,1.0,yahoo,2026-05-04 22:49:42
2026-04-07,OIH,400.5299987792969,408.239990234375,397.1799926757813,407.7799987792969,304400,407.7799987792969,0.0,1.0,yahoo,2026-05-04 22:49:42
2026-04-08,OIH,395.7300109863281,412.1700134277344,394.1700134277344,410.3999938964844,405400,410.3999938964844,0.0,1.0,yahoo,2026-05-04 22:49:42
2026-04-09,OIH,410.75,418.739990234375,409.5499877929688,411.0400085449219,283900,411.0400085449219,0.0,1.0,yahoo,2026-05-04 22:49:42
2026-04-10,OIH,411.0,414.8999938964844,408.3900146484375,409.7799987792969,280200,409.7799987792969,0.0,1.0,yahoo,2026-05-04 22:49:42
2026-04-13,OIH,412.5499877929688,416.3999938964844,409.760009765625,413.0799865722656,244400,413.0799865722656,0.0,1.0,yahoo,2026-05-04 22:49:42
2026-04-14,OIH,411.3999938964844,411.3999938964844,400.8999938964844,402.7999877929688,465300,402.7999877929688,0.0,1.0,yahoo,2026-05-04 22:49:42
2026-04-15,OIH,401.7999877929688,407.4299926757813,401.2099914550781,403.30999755859375,235800,403.30999755859375,0.0,1.0,yahoo,2026-05-04 22:49:42
2026-04-16,OIH,403.1199951171875,410.5700073242188,402.7000122070313,407.6300048828125,625100,407.6300048828125,0.0,1.0,yahoo,2026-05-04 22:49:42
2026-04-17,OIH,395.6499938964844,403.8200073242188,392.8399963378906,400.6900024414063,636600,400.6900024414063,0.0,1.0,yahoo,2026-05-04 22:49:42
2026-04-20,OIH,400.8599853515625,404.4100036621094,393.5799865722656,398.989990234375,314000,398.989990234375,0.0,1.0,yahoo,2026-05-04 22:49:42
2026-04-21,OIH,402.8500061035156,410.0,402.8500061035156,408.6000061035156,494000,408.6000061035156,0.0,1.0,yahoo,2026-05-04 22:49:42
2026-04-22,OIH,414.8699951171875,420.510009765625,412.760009765625,417.7900085449219,523300,417.7900085449219,0.0,1.0,yahoo,2026-05-04 22:49:42
2026-04-23,OIH,417.2300109863281,429.7699890136719,417.2300109863281,425.4800109863281,563200,425.4800109863281,0.0,1.0,yahoo,2026-05-04 22:49:42
2026-04-24,OIH,427.7900085449219,438.3599853515625,423.0400085449219,437.239990234375,547900,437.239990234375,0.0,1.0,yahoo,2026-05-04 22:49:42
2026-04-27,OIH,440.7999877929688,444.80999755859375,437.6600036621094,439.4100036621094,255300,439.4100036621094,0.0,1.0,yahoo,2026-05-04 22:49:42
2026-04-28,OIH,444.5299987792969,447.75,439.4800109863281,441.6000061035156,390200,441.6000061035156,0.0,1.0,yahoo,2026-05-04 22:49:42
2026-04-29,OIH,447.25,450.8500061035156,441.80999755859375,445.7799987792969,520300,445.7799987792969,0.0,1.0,yahoo,2026-05-04 22:49:42
2026-04-30,OIH,439.6799926757813,450.3500061035156,438.1499938964844,448.239990234375,695400,448.239990234375,0.0,1.0,yahoo,2026-05-04 22:49:42
2026-05-01,OIH,446.1300048828125,447.2000122070313,439.6499938964844,444.7300109863281,281700,444.7300109863281,0.0,1.0,yahoo,2026-05-04 22:49:42
2026-05-04,OIH,442.4700012207031,445.3299865722656,438.5400085449219,443.510009765625,249300,443.510009765625,0.0,1.0,yahoo,2026-05-04 22:49:42
2026-05-05,OIH,441.04998779296875,446.6199951171875,438.510009765625,440.70001220703125,316900,440.70001220703125,0.0,1.0,yahoo,2026-05-06 05:34:23
