date,symbol,open,high,low,close,volume,adjusted,divd,split,source,recordDate
1998-12-22,XLK,32.40625,32.5,31.78125,32.046875,300500,23.84661189753006,0.0,1.0,yahoo,2023-12-13 16:42:26
1998-12-23,XLK,32.75,32.8125,32.15625,32.8125,338300,24.416326174945453,0.0,1.0,yahoo,2023-12-13 16:42:26
1998-12-24,XLK,32.8125,32.8125,32.5625,32.6875,243700,24.323311599040903,0.0,1.0,yahoo,2023-12-13 16:42:26
1998-12-28,XLK,33.1875,33.1875,32.59375,32.78125,309300,24.393072530969317,0.0,1.0,yahoo,2023-12-13 16:42:26
1998-12-29,XLK,32.9375,33.015625,32.5,32.875,123800,24.46283346289773,0.0,1.0,yahoo,2023-12-13 16:42:26
1998-12-30,XLK,32.6875,33.140625,32.578125,32.75,95600,24.369818886993176,0.0,1.0,yahoo,2023-12-13 16:42:26
1998-12-31,XLK,32.75,32.90625,32.34375,32.625,77200,24.276804311088625,0.0,1.0,yahoo,2023-12-13 16:42:26
1999-01-04,XLK,32.65625,33.5625,32.59375,33.0,650600,24.555848038802285,0.0,1.0,yahoo,2023-12-13 16:42:26
1999-01-05,XLK,33.0625,34.03125,33.0625,33.84375,295200,25.183696426158026,0.0,1.0,yahoo,2023-12-13 16:42:26
1999-01-06,XLK,34.6875,34.9375,34.40625,34.84375,624700,25.92781303339446,0.0,1.0,yahoo,2023-12-13 16:42:26
1999-01-07,XLK,34.5,35.03125,34.28125,34.734375,534600,25.846425279477973,0.0,1.0,yahoo,2023-12-13 16:42:26
1999-01-08,XLK,35.5,35.5625,34.484375,34.875,532800,25.951066677370598,0.0,1.0,yahoo,2023-12-13 16:42:26
1999-01-11,XLK,35.875,35.875,34.84375,35.21875,497900,26.20685676110812,0.0,1.0,yahoo,2023-12-13 16:42:26
1999-01-12,XLK,35.5,35.5625,34.265625,34.265625,486000,25.497620619835896,0.0,1.0,yahoo,2023-12-13 16:42:26
1999-01-13,XLK,32.0,35.15625,32.0,34.25,548300,25.485993797847826,0.0,1.0,yahoo,2023-12-13 16:42:26
1999-01-14,XLK,34.34375,34.625,33.5625,33.78125,366300,25.13718913820575,0.0,1.0,yahoo,2023-12-13 16:42:26
1999-01-15,XLK,34.0,34.796875,33.84375,34.78125,653900,25.881305745442184,0.0,1.0,yahoo,2023-12-13 16:42:26
1999-01-19,XLK,35.625,36.0,35.015625,35.984375,437300,26.776571038523517,0.0,1.0,yahoo,2023-12-13 16:42:26
1999-01-20,XLK,36.875,37.484375,36.25,36.3125,1132200,27.02073430027297,0.0,1.0,yahoo,2023-12-13 16:42:26
1999-01-21,XLK,36.25,36.3125,35.125,35.375,1492900,26.323124980988815,0.0,1.0,yahoo,2023-12-13 16:42:26
1999-01-22,XLK,34.75,35.40625,34.390625,34.75,1291000,25.858052101466043,0.0,1.0,yahoo,2023-12-13 16:42:26
1999-01-25,XLK,35.1875,35.375,34.59375,35.359375,946600,26.311498159000745,0.0,1.0,yahoo,2023-12-13 16:42:26
1999-01-26,XLK,35.75,36.8125,35.75,36.78125,713900,27.369538959915047,0.0,1.0,yahoo,2023-12-13 16:42:26
1999-01-27,XLK,37.25,37.484375,36.0,36.0,1366900,26.788197860511584,0.0,1.0,yahoo,2023-12-13 16:42:26
1999-01-28,XLK,36.75,37.28125,36.609375,37.265625,903600,27.729970441545195,0.0,1.0,yahoo,2023-12-13 16:42:26
1999-01-29,XLK,37.375,37.84375,36.9375,37.8125,933600,28.13690921112762,0.0,1.0,yahoo,2023-12-13 16:42:26
1999-02-01,XLK,38.15625,38.375,37.5625,37.84375,913000,28.160162855103756,0.0,1.0,yahoo,2023-12-13 16:42:26
1999-02-02,XLK,38.0,38.0,36.625,37.203125,1259200,27.683463153592918,0.0,1.0,yahoo,2023-12-13 16:42:26
1999-02-03,XLK,37.0625,38.0625,36.8125,37.46875,1334100,27.881119127390097,0.0,1.0,yahoo,2023-12-13 16:42:26
1999-02-04,XLK,37.75,37.75,35.875,36.1875,1945900,26.927719724368416,0.0,1.0,yahoo,2023-12-13 16:42:26
1999-02-05,XLK,36.0,36.21875,34.75,35.3125,1832400,26.27661769303654,0.0,1.0,yahoo,2023-12-13 16:42:26
1999-02-08,XLK,35.75,36.5,35.125,35.90625,1314600,26.71843692858317,0.0,1.0,yahoo,2023-12-13 16:42:26
1999-02-09,XLK,36.0,36.03125,34.3125,34.5,2085500,25.672022949656935,0.0,1.0,yahoo,2023-12-13 16:42:26
1999-02-10,XLK,34.65625,35.40625,34.25,34.75,1401800,25.858052101466043,0.0,1.0,yahoo,2023-12-13 16:42:26
1999-02-11,XLK,35.375,36.28125,35.03125,36.21875,2666700,26.950973368344556,0.0,1.0,yahoo,2023-12-13 16:42:26
1999-02-12,XLK,35.375,35.78125,34.59375,34.78125,2917400,25.881305745442184,0.0,1.0,yahoo,2023-12-13 16:42:26
1999-02-16,XLK,35.75,35.8125,34.5,34.625,1726400,25.76503752556149,0.0,1.0,yahoo,2023-12-13 16:42:26
1999-02-17,XLK,33.75,34.96875,33.5625,33.84375,2783500,25.183696426158026,0.0,1.0,yahoo,2023-12-13 16:42:26
1999-02-18,XLK,34.3125,34.40625,33.34375,34.03125,2075600,25.323218290014857,0.0,1.0,yahoo,2023-12-13 16:42:26
1999-02-19,XLK,34.625,34.875,34.15625,34.34375,1673600,25.555754729776243,0.0,1.0,yahoo,2023-12-13 16:42:26
1999-02-22,XLK,34.59375,35.65625,34.34375,35.5625,2368000,26.462646844845647,0.0,1.0,yahoo,2023-12-13 16:42:26
1999-02-23,XLK,36.0,36.46875,35.5625,36.03125,2065500,26.811451504487724,0.0,1.0,yahoo,2023-12-13 16:42:26
1999-02-24,XLK,36.375,36.4375,35.03125,35.03125,2500500,26.06733489725129,0.0,1.0,yahoo,2023-12-13 16:42:26
1999-02-25,XLK,34.375,35.125,34.125,35.125,2566200,26.137095829179707,0.0,1.0,yahoo,2023-12-13 16:42:26
1999-02-26,XLK,35.0625,35.125,33.75,34.0625,2342600,25.346471933990998,0.0,1.0,yahoo,2023-12-13 16:42:26
1999-03-01,XLK,33.625,34.1875,33.4375,33.90625,1092100,25.230203714110303,0.0,1.0,yahoo,2023-12-13 16:42:26
1999-03-02,XLK,34.1875,34.5,33.0,33.0,2480200,24.555848038802285,0.0,1.0,yahoo,2023-12-13 16:42:26
1999-03-03,XLK,33.5,33.71875,32.875,33.5625,1607800,24.97441363037278,0.0,1.0,yahoo,2023-12-13 16:42:26
1999-03-04,XLK,34.375,34.46875,33.125,33.90625,3199100,25.230203714110303,0.0,1.0,yahoo,2023-12-13 16:42:26
1999-03-05,XLK,34.875,35.0,34.265625,34.6875,1876900,25.811544813513766,0.0,1.0,yahoo,2023-12-13 16:42:26
1999-03-08,XLK,35.5,35.75,35.03125,35.6875,1659400,26.555661420750198,0.0,1.0,yahoo,2023-12-13 16:42:26
1999-03-09,XLK,35.5,36.1875,35.1875,35.3125,936000,26.27661769303654,0.0,1.0,yahoo,2023-12-13 16:42:26
1999-03-10,XLK,35.3125,35.53125,34.890625,35.3125,442000,26.27661769303654,0.0,1.0,yahoo,2023-12-13 16:42:26
1999-03-11,XLK,35.5,35.96875,34.90625,35.25,1216200,26.23011040508426,0.0,1.0,yahoo,2023-12-13 16:42:26
1999-03-12,XLK,35.5625,35.5625,34.5625,34.9375,836000,25.997573965322875,0.0,1.0,yahoo,2023-12-13 16:42:26
1999-03-15,XLK,35.1875,35.5,34.640625,35.5,432100,26.41613955689337,0.0,1.0,yahoo,2023-12-13 16:42:26
1999-03-16,XLK,35.53125,36.25,35.40625,36.109375,758800,26.86958561442807,0.0,1.0,yahoo,2023-12-13 16:42:26
1999-03-17,XLK,36.09375,36.125,35.5625,35.875,425400,26.69518328460703,0.0,1.0,yahoo,2023-12-13 16:42:26
1999-03-18,XLK,35.75,36.40625,35.625,36.375,321400,27.067241588225247,0.0,1.0,yahoo,2023-12-13 16:42:26
1999-03-19,XLK,36.6875,36.875,35.5,35.5,636500,26.41613955689337,0.0,1.0,yahoo,2023-12-13 16:42:26
1999-03-22,XLK,35.5,35.84375,35.1875,35.5,773500,26.41613955689337,0.0,1.0,yahoo,2023-12-13 16:42:26
1999-03-23,XLK,35.25,35.25,34.21875,34.46875,1498600,25.648769305680798,0.0,1.0,yahoo,2023-12-13 16:42:26
1999-03-24,XLK,34.6875,35.296875,34.09375,35.140625,616700,26.148722651167777,0.0,1.0,yahoo,2023-12-13 16:42:26
1999-03-25,XLK,35.84375,36.09375,35.5625,35.96875,595100,26.764944216535447,0.0,1.0,yahoo,2023-12-13 16:42:26
1999-03-26,XLK,35.8125,36.375,35.59375,35.78125,483500,26.625422352678616,0.0,1.0,yahoo,2023-12-13 16:42:26
1999-03-29,XLK,36.25,37.1875,36.15625,37.125,949700,27.62532904365257,0.0,1.0,yahoo,2023-12-13 16:42:26
1999-03-30,XLK,36.9375,37.5,36.75,37.0625,842500,27.578821755700297,0.0,1.0,yahoo,2023-12-13 16:42:26
1999-03-31,XLK,37.5,37.8125,36.53125,36.59375,774700,27.230017096058216,0.0,1.0,yahoo,2023-12-13 16:42:26
1999-04-01,XLK,37.5,37.53125,36.5,37.171875,318500,27.66020950961678,0.0,1.0,yahoo,2023-12-13 16:42:26
1999-04-05,XLK,37.625,38.5,37.59375,38.453125,1003500,28.61360891263846,0.0,1.0,yahoo,2023-12-13 16:42:26
1999-04-06,XLK,38.6875,39.125,38.3125,38.78125,540100,28.857772174387915,0.0,1.0,yahoo,2023-12-13 16:42:26
1999-04-07,XLK,39.5,39.5625,37.9375,38.6875,931700,28.788011242459497,0.0,1.0,yahoo,2023-12-13 16:42:26
1999-04-08,XLK,38.6875,39.1875,37.875,39.0625,606900,29.06705497017316,0.0,1.0,yahoo,2023-12-13 16:42:26
1999-04-09,XLK,38.984375,39.359375,38.6875,39.0,278800,29.020547682220883,0.0,1.0,yahoo,2023-12-13 16:42:26
1999-04-12,XLK,37.625,38.609375,37.4375,38.40625,1037500,28.57872844667425,0.0,1.0,yahoo,2023-12-13 16:42:26
1999-04-13,XLK,38.5625,38.75,37.5,37.8125,800600,28.13690921112762,0.0,1.0,yahoo,2023-12-13 16:42:26
1999-04-14,XLK,38.375,38.484375,36.75,36.875,475700,27.439299891843465,0.0,1.0,yahoo,2023-12-13 16:42:26
1999-04-15,XLK,37.3125,37.375,36.09375,37.1875,1699200,27.671836331604847,0.0,1.0,yahoo,2023-12-13 16:42:26
1999-04-16,XLK,37.1875,37.25,36.0,36.1875,272100,26.927719724368416,0.0,1.0,yahoo,2023-12-13 16:42:26
1999-04-19,XLK,36.5625,36.59375,34.125,34.4375,1208300,25.625515661704657,0.0,1.0,yahoo,2023-12-13 16:42:26
1999-04-20,XLK,34.8125,35.375,34.125,35.3125,1029400,26.27661769303654,0.0,1.0,yahoo,2023-12-13 16:42:26
1999-04-21,XLK,35.3125,36.375,35.0625,36.25,507800,26.974227012320693,0.0,1.0,yahoo,2023-12-13 16:42:26
1999-04-22,XLK,37.8125,37.984375,37.1875,37.921875,1032300,28.218296965044104,0.0,1.0,yahoo,2023-12-13 16:42:26
1999-04-23,XLK,37.71875,38.34375,37.25,38.0,244500,28.27643107498445,0.0,1.0,yahoo,2023-12-13 16:42:26
1999-04-26,XLK,38.4375,39.0,38.21875,38.96875,265100,28.997294038244746,0.0,1.0,yahoo,2023-12-13 16:42:26
1999-04-27,XLK,39.4375,39.46875,37.96875,38.0,413000,28.27643107498445,0.0,1.0,yahoo,2023-12-13 16:42:26
1999-04-28,XLK,38.0,38.40625,37.3125,37.5,894300,27.904372771366234,0.0,1.0,yahoo,2023-12-13 16:42:26
1999-04-29,XLK,37.5,37.5625,36.59375,37.109375,484000,27.613702221664504,0.0,1.0,yahoo,2023-12-13 16:42:26
1999-04-30,XLK,37.75,37.75,35.9375,36.8125,760000,27.392792603891188,0.0,1.0,yahoo,2023-12-13 16:42:26
1999-05-03,XLK,37.0,37.25,36.59375,37.125,201600,27.62532904365257,0.0,1.0,yahoo,2023-12-13 16:42:26
1999-05-04,XLK,36.96875,37.4375,36.3125,36.5625,1434900,27.20676345208208,0.0,1.0,yahoo,2023-12-13 16:42:26
1999-05-05,XLK,36.75,37.3125,35.75,37.3125,443100,27.764850907509402,0.0,1.0,yahoo,2023-12-13 16:42:26
1999-05-06,XLK,37.0,37.59375,36.25,36.375,343400,27.067241588225247,0.0,1.0,yahoo,2023-12-13 16:42:26
1999-05-07,XLK,36.9375,37.1875,36.28125,37.0,369700,27.53231446774802,0.0,1.0,yahoo,2023-12-13 16:42:26
1999-05-10,XLK,37.375,37.75,37.0625,37.3125,243200,27.764850907509402,0.0,1.0,yahoo,2023-12-13 16:42:26
1999-05-11,XLK,37.53125,38.25,37.53125,37.875,465600,28.183416499079897,0.0,1.0,yahoo,2023-12-13 16:42:26
1999-05-12,XLK,38.46875,38.84375,37.5,38.625,294700,28.74150395450722,0.0,1.0,yahoo,2023-12-13 16:42:26
1999-05-13,XLK,38.875,39.28125,38.46875,38.515625,615500,28.660116200590736,0.0,1.0,yahoo,2023-12-13 16:42:26
1999-05-14,XLK,37.875,38.125,37.34375,37.5,407800,27.904372771366234,0.0,1.0,yahoo,2023-12-13 16:42:26
1999-05-17,XLK,37.28125,38.1875,37.109375,38.03125,225600,28.299684718960588,0.0,1.0,yahoo,2023-12-13 16:42:26
1999-05-18,XLK,38.4375,38.6875,38.0625,38.375,410100,28.555474802698114,0.0,1.0,yahoo,2023-12-13 16:42:26
1999-05-19,XLK,38.5625,38.59375,37.953125,38.5,318700,28.64848937860267,0.0,1.0,yahoo,2023-12-13 16:42:26
1999-05-20,XLK,38.71875,38.734375,38.0,38.0,276000,28.27643107498445,0.0,1.0,yahoo,2023-12-13 16:42:26
1999-05-21,XLK,37.75,38.046875,37.46875,37.5625,275000,27.95088005931851,0.0,1.0,yahoo,2023-12-13 16:42:26
1999-05-24,XLK,37.5625,37.75,36.640625,36.75,704800,27.34628531593891,0.0,1.0,yahoo,2023-12-13 16:42:26
1999-05-25,XLK,37.0,37.25,35.921875,35.984375,356300,26.776571038523517,0.0,1.0,yahoo,2023-12-13 16:42:26
1999-05-26,XLK,36.4375,36.75,35.375,36.734375,676900,27.33465849395084,0.0,1.0,yahoo,2023-12-13 16:42:26
1999-05-27,XLK,36.734375,36.796875,36.03125,36.46875,380700,27.13700252015366,0.0,1.0,yahoo,2023-12-13 16:42:26
1999-05-28,XLK,36.46875,36.9375,36.15625,36.9375,132900,27.485807179795742,0.0,1.0,yahoo,2023-12-13 16:42:26
1999-06-01,XLK,36.984375,36.984375,36.0625,36.109375,318800,26.86958561442807,0.0,1.0,yahoo,2023-12-13 16:42:26
1999-06-02,XLK,35.9375,36.6875,35.46875,36.5,323000,27.1602561641298,0.0,1.0,yahoo,2023-12-13 16:42:26
1999-06-03,XLK,36.46875,36.8125,36.203125,36.25,456100,26.974227012320693,0.0,1.0,yahoo,2023-12-13 16:42:26
1999-06-04,XLK,36.25,37.4375,36.25,37.328125,250000,27.776477729497472,0.0,1.0,yahoo,2023-12-13 16:42:26
1999-06-07,XLK,37.609375,38.25,37.609375,38.0,501800,28.27643107498445,0.0,1.0,yahoo,2023-12-13 16:42:26
1999-06-08,XLK,38.0,38.109375,37.015625,37.125,254200,27.62532904365257,0.0,1.0,yahoo,2023-12-13 16:42:26
1999-06-09,XLK,37.375,37.78125,37.21875,37.6875,281900,28.043894635223065,0.0,1.0,yahoo,2023-12-13 16:42:26
1999-06-10,XLK,37.3125,37.4375,36.828125,37.125,251400,27.62532904365257,0.0,1.0,yahoo,2023-12-13 16:42:26
1999-06-11,XLK,37.25,37.484375,36.5,36.625,105400,27.253270740034356,0.0,1.0,yahoo,2023-12-13 16:42:26
1999-06-14,XLK,36.9375,36.9375,36.3125,36.453125,170600,27.125375698165595,0.0,1.0,yahoo,2023-12-13 16:42:26
1999-06-15,XLK,36.375,37.09375,36.375,36.78125,415400,27.369538959915047,0.0,1.0,yahoo,2023-12-13 16:42:26
1999-06-16,XLK,37.6875,38.46875,37.625,38.296875,359500,28.497340692757767,0.0,1.0,yahoo,2023-12-13 16:42:26
1999-06-17,XLK,37.9375,38.84375,37.90625,38.71875,341100,28.811264886435637,0.0,1.0,yahoo,2023-12-13 16:42:26
1999-06-18,XLK,38.71875,39.0625,38.421875,39.0625,204900,29.06705497017316,0.0,1.0,yahoo,2023-12-13 16:42:26
1999-06-21,XLK,39.234375,40.078125,39.1875,40.046875,757000,29.799544755421525,0.0,1.0,yahoo,2023-12-13 16:42:26
1999-06-22,XLK,39.9375,40.1875,39.125,39.203125,526400,29.171696368065785,0.0,1.0,yahoo,2023-12-13 16:42:26
1999-06-23,XLK,39.0,39.515625,38.625,39.5,457700,29.3926059858391,0.0,1.0,yahoo,2023-12-13 16:42:26
1999-06-24,XLK,39.375,39.40625,38.484375,38.6875,266800,28.788011242459497,0.0,1.0,yahoo,2023-12-13 16:42:26
1999-06-25,XLK,38.75,39.34375,38.5625,38.734375,273200,28.822891708423708,0.0,1.0,yahoo,2023-12-13 16:42:26
1999-06-28,XLK,39.125,39.4375,38.890625,39.375,218500,29.299591409934546,0.0,1.0,yahoo,2023-12-13 16:42:26
1999-06-29,XLK,39.375,39.9375,39.375,39.875,107800,29.671649713552764,0.0,1.0,yahoo,2023-12-13 16:42:26
1999-06-30,XLK,39.859375,40.625,39.453125,40.484375,315100,30.125095771087462,0.0,1.0,yahoo,2023-12-13 16:42:26
1999-07-01,XLK,40.65625,41.125,40.09375,40.9375,473400,30.462273608741473,0.0,1.0,yahoo,2023-12-13 16:42:26
1999-07-02,XLK,40.875,41.46875,40.875,41.46875,222000,30.857585556335827,0.0,1.0,yahoo,2023-12-13 16:42:26
1999-07-06,XLK,41.6875,42.125,41.0625,41.234375,328000,30.68318322651479,0.0,1.0,yahoo,2023-12-13 16:42:26
1999-07-07,XLK,40.875,41.8125,40.875,41.71875,555600,31.043614708144936,0.0,1.0,yahoo,2023-12-13 16:42:26
1999-07-08,XLK,41.5,42.484375,41.4375,42.28125,379200,31.462180299715428,0.0,1.0,yahoo,2023-12-13 16:42:26
1999-07-09,XLK,42.4375,42.734375,42.15625,42.734375,123700,31.79935813736944,0.0,1.0,yahoo,2023-12-13 16:42:26
1999-07-12,XLK,42.875,43.03125,42.375,42.796875,234400,31.845865425321715,0.0,1.0,yahoo,2023-12-13 16:42:26
1999-07-13,XLK,42.5,42.6875,42.140625,42.609375,200100,31.706343561464884,0.0,1.0,yahoo,2023-12-13 16:42:26
1999-07-14,XLK,42.9375,43.15625,42.40625,43.140625,301900,32.10165550905924,0.0,1.0,yahoo,2023-12-13 16:42:26
1999-07-15,XLK,43.4375,43.6875,43.03125,43.453125,386000,32.334191948820624,0.0,1.0,yahoo,2023-12-13 16:42:26
1999-07-16,XLK,43.75,44.0,43.375,43.84375,100400,32.624862498522354,0.0,1.0,yahoo,2023-12-13 16:42:26
1999-07-19,XLK,43.90625,43.96875,43.25,43.3125,222700,32.229550550928,0.0,1.0,yahoo,2023-12-13 16:42:26
1999-07-20,XLK,43.109375,43.125,41.25,41.515625,808300,30.892466022300034,0.0,1.0,yahoo,2023-12-13 16:42:26
1999-07-21,XLK,41.5,42.125,41.3125,41.875,397700,31.159882928025628,0.0,1.0,yahoo,2023-12-13 16:42:26
1999-07-22,XLK,41.875,41.875,40.390625,40.578125,517300,30.19485670301588,0.0,1.0,yahoo,2023-12-13 16:42:26
1999-07-23,XLK,40.8125,40.96875,40.296875,40.6875,401400,30.276244456932364,0.0,1.0,yahoo,2023-12-13 16:42:26
1999-07-26,XLK,40.125,40.4375,39.71875,39.765625,359900,29.590261959636276,0.0,1.0,yahoo,2023-12-13 16:42:26
1999-07-27,XLK,40.375,40.96875,40.25,40.75,416900,30.32275174488464,0.0,1.0,yahoo,2023-12-13 16:42:26
1999-07-28,XLK,40.9375,41.4375,40.5625,41.125,475600,30.601795472598305,0.0,1.0,yahoo,2023-12-13 16:42:26
1999-07-29,XLK,40.3125,40.9375,40.03125,40.4375,466600,30.090215305123255,0.0,1.0,yahoo,2023-12-13 16:42:26
1999-07-30,XLK,40.8125,40.953125,40.0,40.015625,300900,29.776291111445385,0.0,1.0,yahoo,2023-12-13 16:42:26
1999-08-02,XLK,39.8125,40.734375,39.78125,39.9375,319400,29.71815700150504,0.0,1.0,yahoo,2023-12-13 16:42:26
1999-08-03,XLK,40.375,40.40625,39.265625,39.78125,470200,29.601888781624346,0.0,1.0,yahoo,2023-12-13 16:42:26
1999-08-04,XLK,39.75,40.1875,39.140625,39.296875,487600,29.2414572999942,0.0,1.0,yahoo,2023-12-13 16:42:26
1999-08-05,XLK,39.140625,39.609375,38.53125,39.609375,879800,29.473993739755585,0.0,1.0,yahoo,2023-12-13 16:42:26
1999-08-06,XLK,39.5625,40.3125,39.25,39.625,477200,29.485620561743655,0.0,1.0,yahoo,2023-12-13 16:42:26
1999-08-09,XLK,39.78125,39.890625,39.125,39.171875,210000,29.148442724089644,0.0,1.0,yahoo,2023-12-13 16:42:26
1999-08-10,XLK,39.078125,39.25,37.9375,38.515625,699900,28.660116200590736,0.0,1.0,yahoo,2023-12-13 16:42:26
1999-08-11,XLK,39.125,39.8125,38.75,39.75,636400,29.57863513764821,0.0,1.0,yahoo,2023-12-13 16:42:26
1999-08-12,XLK,39.921875,39.9375,39.234375,39.25,417100,29.206576834029992,0.0,1.0,yahoo,2023-12-13 16:42:26
1999-08-13,XLK,39.984375,40.59375,39.90625,40.5,341600,30.136722593075532,0.0,1.0,yahoo,2023-12-13 16:42:26
1999-08-16,XLK,40.6875,40.984375,40.28125,40.625,552000,30.229737168980087,0.0,1.0,yahoo,2023-12-13 16:42:26
1999-08-17,XLK,41.1875,41.25,40.1875,40.8125,348200,30.36925903283692,0.0,1.0,yahoo,2023-12-13 16:42:26
1999-08-18,XLK,40.859375,40.921875,40.328125,40.34375,184200,30.02045437319484,0.0,1.0,yahoo,2023-12-13 16:42:26
1999-08-19,XLK,39.9375,40.1875,39.671875,39.9375,268700,29.71815700150504,0.0,1.0,yahoo,2023-12-13 16:42:26
1999-08-20,XLK,40.1875,40.1875,39.78125,40.0625,208600,29.811171577409592,0.0,1.0,yahoo,2023-12-13 16:42:26
1999-08-23,XLK,40.5,41.109375,40.390625,40.984375,292500,30.49715407470568,0.0,1.0,yahoo,2023-12-13 16:42:26
1999-08-24,XLK,41.1875,42.0,41.0,41.625,538600,30.97385377621652,0.0,1.0,yahoo,2023-12-13 16:42:26
1999-08-25,XLK,41.875,42.671875,41.5625,42.5,391800,31.6249558075484,0.0,1.0,yahoo,2023-12-13 16:42:26
1999-08-26,XLK,42.6875,42.6875,41.9375,41.984375,226600,31.24127068194211,0.0,1.0,yahoo,2023-12-13 16:42:26
1999-08-27,XLK,42.0625,42.34375,41.625,41.75,172100,31.066868352121073,0.0,1.0,yahoo,2023-12-13 16:42:26
1999-08-30,XLK,41.9375,42.03125,40.90625,41.0625,431500,30.555288184646027,0.0,1.0,yahoo,2023-12-13 16:42:26
1999-08-31,XLK,41.09375,41.625,40.5,41.421875,451300,30.82270509037162,0.0,1.0,yahoo,2023-12-13 16:42:26
1999-09-01,XLK,41.71875,41.921875,41.375,41.640625,594400,30.98548059820459,0.0,1.0,yahoo,2023-12-13 16:42:26
1999-09-02,XLK,41.0,41.671875,40.75,41.484375,289000,30.869212378323898,0.0,1.0,yahoo,2023-12-13 16:42:26
1999-09-03,XLK,42.5,43.109375,42.484375,43.0,450600,31.997014111166614,0.0,1.0,yahoo,2023-12-13 16:42:26
1999-09-07,XLK,43.1875,43.5625,43.0,43.015625,410700,32.00864093315469,0.0,1.0,yahoo,2023-12-13 16:42:26
1999-09-08,XLK,42.9375,43.359375,42.375,42.71875,200900,31.787731315381368,0.0,1.0,yahoo,2023-12-13 16:42:26
1999-09-09,XLK,43.0,43.28125,42.5,43.09375,186200,32.06677504309503,0.0,1.0,yahoo,2023-12-13 16:42:26
1999-09-10,XLK,43.6875,43.9375,43.21875,43.5625,168500,32.41557970273711,0.0,1.0,yahoo,2023-12-13 16:42:26
1999-09-13,XLK,43.5625,43.703125,42.96875,42.96875,403700,31.973760467190477,0.0,1.0,yahoo,2023-12-13 16:42:26
1999-09-14,XLK,43.125,43.546875,42.8125,43.4375,397400,32.32256512683256,0.0,1.0,yahoo,2023-12-13 16:42:26
1999-09-15,XLK,43.921875,43.921875,42.421875,42.53125,386300,31.648209451524536,0.0,1.0,yahoo,2023-12-13 16:42:26
1999-09-16,XLK,42.4375,42.78125,41.546875,42.34375,923900,31.508687587667705,0.0,1.0,yahoo,2023-12-13 16:42:26
1999-09-17,XLK,42.984375,43.359375,42.671875,43.1875,603700,32.13653597502345,0.0,1.0,yahoo,2023-12-13 16:42:26
1999-09-20,XLK,43.375,43.578125,42.90625,43.375,233000,32.27605783888028,0.0,1.0,yahoo,2023-12-13 16:42:26
1999-09-21,XLK,42.890625,43.0625,42.25,42.484375,655900,31.61332898556033,0.0,1.0,yahoo,2023-12-13 16:42:26
1999-09-22,XLK,42.40625,42.90625,41.984375,42.5625,533600,31.671463095500677,0.0,1.0,yahoo,2023-12-13 16:42:26
1999-09-23,XLK,43.0,43.0,40.640625,41.0,936600,30.50878089669375,0.0,1.0,yahoo,2023-12-13 16:42:26
1999-09-24,XLK,40.65625,41.125,40.0625,41.09375,635800,30.578541828622164,0.0,1.0,yahoo,2023-12-13 16:42:26
1999-09-27,XLK,41.875,42.09375,41.4375,41.515625,1041800,30.892466022300034,0.0,1.0,yahoo,2023-12-13 16:42:26
1999-09-28,XLK,41.46875,41.875,40.5,41.703125,468000,31.031987886156866,0.0,1.0,yahoo,2023-12-13 16:42:26
1999-09-29,XLK,41.5625,41.8125,40.9375,40.9375,199800,30.462273608741473,0.0,1.0,yahoo,2023-12-13 16:42:26
1999-09-30,XLK,41.25,41.59375,40.75,41.25,385800,30.69481004850286,0.0,1.0,yahoo,2023-12-13 16:42:26
1999-10-01,XLK,41.0625,41.21875,40.359375,41.0,952500,30.50878089669375,0.0,1.0,yahoo,2023-12-13 16:42:26
1999-10-04,XLK,41.25,42.0,41.125,42.0,243200,31.252897503930182,0.0,1.0,yahoo,2023-12-13 16:42:26
1999-10-05,XLK,42.25,42.71875,41.5,42.25,613100,31.43892665573929,0.0,1.0,yahoo,2023-12-13 16:42:26
1999-10-06,XLK,42.4375,42.890625,42.28125,42.765625,482800,31.822611781345575,0.0,1.0,yahoo,2023-12-13 16:42:26
1999-10-07,XLK,42.984375,43.0,42.265625,42.546875,948300,31.659836273512607,0.0,1.0,yahoo,2023-12-13 16:42:26
1999-10-08,XLK,42.53125,42.65625,41.625,42.515625,532300,31.63658262953647,0.0,1.0,yahoo,2023-12-13 16:42:26
1999-10-11,XLK,42.734375,43.203125,42.625,42.9375,619100,31.950506823214337,0.0,1.0,yahoo,2023-12-13 16:42:26
1999-10-12,XLK,42.9375,43.125,42.0625,42.171875,235900,31.380792545798943,0.0,1.0,yahoo,2023-12-13 16:42:26
1999-10-13,XLK,41.8125,42.0625,40.75,41.0625,529300,30.555288184646027,0.0,1.0,yahoo,2023-12-13 16:42:26
1999-10-14,XLK,41.125,41.3125,40.3125,40.828125,700500,30.38088585482499,0.0,1.0,yahoo,2023-12-13 16:42:26
1999-10-15,XLK,40.015625,40.5,39.53125,39.859375,1048800,29.660022891564694,0.0,1.0,yahoo,2023-12-13 16:42:26
1999-10-18,XLK,39.765625,39.96875,38.46875,39.5,1505900,29.3926059858391,0.0,1.0,yahoo,2023-12-13 16:42:26
1999-10-19,XLK,39.9375,40.0,38.671875,38.875,1473900,28.92753310631633,0.0,1.0,yahoo,2023-12-13 16:42:26
1999-10-20,XLK,39.875,40.453125,39.5625,40.4375,398400,30.090215305123255,0.0,1.0,yahoo,2023-12-13 16:42:26
1999-10-21,XLK,39.125,39.84375,38.875,39.78125,680900,29.601888781624346,0.0,1.0,yahoo,2023-12-13 16:42:26
1999-10-22,XLK,40.25,40.4375,39.859375,39.875,199700,29.671649713552764,0.0,1.0,yahoo,2023-12-13 16:42:26
1999-10-25,XLK,39.625,40.234375,39.578125,39.984375,162500,29.753037467469248,0.0,1.0,yahoo,2023-12-13 16:42:26
1999-10-26,XLK,40.6875,40.765625,39.96875,40.0,491200,29.764664289457315,0.0,1.0,yahoo,2023-12-13 16:42:26
1999-10-27,XLK,39.984375,40.0,39.328125,39.953125,649300,29.729783823493108,0.0,1.0,yahoo,2023-12-13 16:42:26
1999-10-28,XLK,40.6875,40.984375,40.125,40.984375,340200,30.49715407470568,0.0,1.0,yahoo,2023-12-13 16:42:26
1999-10-29,XLK,41.6875,42.75,41.6875,42.5,816800,31.6249558075484,0.0,1.0,yahoo,2023-12-13 16:42:26
1999-11-01,XLK,42.625,42.96875,42.40625,42.4375,230800,31.578448519596122,0.0,1.0,yahoo,2023-12-13 16:42:26
1999-11-02,XLK,42.4375,42.9375,42.140625,42.25,156300,31.43892665573929,0.0,1.0,yahoo,2023-12-13 16:42:26
1999-11-03,XLK,42.875,43.125,42.625,42.875,209200,31.903999535262063,0.0,1.0,yahoo,2023-12-13 16:42:26
1999-11-04,XLK,43.4375,43.46875,42.90625,43.203125,409100,32.148162797011516,0.0,1.0,yahoo,2023-12-13 16:42:26
1999-11-05,XLK,44.25,44.25,43.46875,43.671875,898000,32.49696745665359,0.0,1.0,yahoo,2023-12-13 16:42:26
1999-11-08,XLK,43.1875,44.296875,43.1875,44.109375,377100,32.82251847231953,0.0,1.0,yahoo,2023-12-13 16:42:26
1999-11-09,XLK,44.484375,44.5,43.5,43.625,981500,32.462086990689386,0.0,1.0,yahoo,2023-12-13 16:42:26
1999-11-10,XLK,43.5,44.734375,43.5,44.390625,583900,33.03180126810478,0.0,1.0,yahoo,2023-12-13 16:42:26
1999-11-11,XLK,44.71875,45.25,44.671875,45.0,295500,33.485247325639484,0.0,1.0,yahoo,2023-12-13 16:42:26
1999-11-12,XLK,45.609375,45.625,44.03125,45.25,439300,33.671276477448586,0.0,1.0,yahoo,2023-12-13 16:42:26
1999-11-15,XLK,45.34375,45.34375,44.859375,45.046875,187300,33.52012779160369,0.0,1.0,yahoo,2023-12-13 16:42:26
1999-11-16,XLK,45.40625,46.0,45.03125,46.0,255600,34.22936393287591,0.0,1.0,yahoo,2023-12-13 16:42:26
1999-11-17,XLK,46.1875,46.375,45.5,45.5625,515600,33.903812917209976,0.0,1.0,yahoo,2023-12-13 16:42:26
1999-11-18,XLK,46.25,47.109375,45.90625,47.109375,752800,35.05486829402883,0.0,1.0,yahoo,2023-12-13 16:42:26
1999-11-19,XLK,47.15625,47.625,46.75,47.546875,445300,35.38041930969477,0.0,1.0,yahoo,2023-12-13 16:42:26
1999-11-22,XLK,47.4375,48.0,47.375,47.84375,436200,35.60132892746809,0.0,1.0,yahoo,2023-12-13 16:42:26
1999-11-23,XLK,48.234375,48.234375,46.78125,47.421875,585000,35.28740473379022,0.0,1.0,yahoo,2023-12-13 16:42:26
1999-11-24,XLK,47.28125,48.328125,47.015625,48.15625,626700,35.83386536722947,0.0,1.0,yahoo,2023-12-13 16:42:26
1999-11-26,XLK,48.390625,49.0,48.390625,48.53125,425900,36.112909094943134,0.0,1.0,yahoo,2023-12-13 16:42:26
1999-11-29,XLK,48.375,48.8125,48.078125,48.109375,353200,35.798984901265264,0.0,1.0,yahoo,2023-12-13 16:42:26
1999-11-30,XLK,47.875,48.109375,46.46875,46.671875,436200,34.72931727836289,0.0,1.0,yahoo,2023-12-13 16:42:26
1999-12-01,XLK,46.5,47.46875,46.5,47.125,900500,35.0664951160169,0.0,1.0,yahoo,2023-12-13 16:42:26
1999-12-02,XLK,47.625,48.53125,47.625,48.25,208600,35.903626299157885,0.0,1.0,yahoo,2023-12-13 16:42:26
1999-12-03,XLK,49.625,50.125,49.34375,49.625,623100,36.926786634107984,0.0,1.0,yahoo,2023-12-13 16:42:26
1999-12-06,XLK,49.46875,50.34375,49.3125,49.96875,347400,37.18257671784551,0.0,1.0,yahoo,2023-12-13 16:42:26
1999-12-07,XLK,50.3125,50.3125,49.53125,50.09375,204500,37.27559129375006,0.0,1.0,yahoo,2023-12-13 16:42:26
1999-12-08,XLK,49.5625,50.125,49.5,49.5625,407900,36.8802793461557,0.0,1.0,yahoo,2023-12-13 16:42:26
1999-12-09,XLK,50.0625,50.25,48.59375,49.4375,1187500,36.787264770251156,0.0,1.0,yahoo,2023-12-13 16:42:26
1999-12-10,XLK,49.8125,50.0,48.8125,49.6875,226600,36.97329392206026,0.0,1.0,yahoo,2023-12-13 16:42:26
1999-12-13,XLK,49.671875,50.4375,49.3125,50.015625,377000,37.217457183809714,0.0,1.0,yahoo,2023-12-13 16:42:26
1999-12-14,XLK,50.1875,50.1875,48.8125,49.0625,716100,36.50822104253749,0.0,1.0,yahoo,2023-12-13 16:42:26
1999-12-15,XLK,48.9375,50.0625,48.125,50.0625,1248400,37.25233764977392,0.0,1.0,yahoo,2023-12-13 16:42:26
1999-12-16,XLK,50.4375,51.125,50.3125,51.0,419400,37.949946969058075,0.0,1.0,yahoo,2023-12-13 16:42:26
1999-12-17,XLK,51.75,51.84375,51.1875,51.5625,397700,38.36926489915601,0.001,1.0,yahoo,2023-12-13 16:42:26
1999-12-20,XLK,51.75,52.25,51.375,52.0625,289200,38.74133049817812,0.0,1.0,yahoo,2023-12-13 16:42:26
1999-12-21,XLK,52.1875,53.21875,51.8125,53.0625,381800,39.48546169622236,0.0,1.0,yahoo,2023-12-13 16:42:26
1999-12-22,XLK,53.5,53.6875,52.359375,53.0625,307700,39.48546169622236,0.0,1.0,yahoo,2023-12-13 16:42:26
1999-12-23,XLK,53.5625,54.0,53.28125,53.34375,359200,39.6947485956723,0.0,1.0,yahoo,2023-12-13 16:42:26
1999-12-27,XLK,53.9375,53.9375,52.625,53.75,626000,39.99705189487777,0.0,1.0,yahoo,2023-12-13 16:42:26
1999-12-28,XLK,53.625,53.9375,53.125,53.25,700400,39.624986295855656,0.0,1.0,yahoo,2023-12-13 16:42:26
1999-12-29,XLK,53.375,54.25,53.375,54.109375,583500,40.264474044174925,0.0,1.0,yahoo,2023-12-13 16:42:26
1999-12-30,XLK,55.0,55.0,53.9375,54.0625,1689800,40.229592894266595,0.0,1.0,yahoo,2023-12-13 16:42:26
1999-12-31,XLK,54.15625,54.4375,53.8125,53.875,755300,40.090068294633305,0.0,1.0,yahoo,2023-12-13 16:42:26
2000-01-03,XLK,55.625,55.625,53.5,55.4375,938100,41.25277329157743,0.0,1.0,yahoo,2023-12-13 16:42:26
2000-01-04,XLK,54.0,54.75,52.3125,52.625,545500,39.15990429707801,0.0,1.0,yahoo,2023-12-13 16:42:26
2000-01-05,XLK,51.75,53.0625,50.125,51.84375,1906000,38.57855179860594,0.0,1.0,yahoo,2023-12-13 16:42:26
2000-01-06,XLK,51.25,52.09375,49.625,50.125,1670000,37.29957630196741,0.0,1.0,yahoo,2023-12-13 16:42:26
2000-01-07,XLK,49.625,51.0,49.125,51.0,686000,37.95069110025612,0.0,1.0,yahoo,2023-12-13 16:42:26
2000-01-10,XLK,53.0,53.4375,52.0625,52.9375,1020500,39.39244529646683,0.0,1.0,yahoo,2023-12-13 16:42:26
2000-01-11,XLK,53.0,53.46875,51.1875,51.4375,1411300,38.276248499400474,0.0,1.0,yahoo,2023-12-13 16:42:26
2000-01-12,XLK,52.375,52.375,50.625,51.21875,1983200,38.113469799828295,0.0,1.0,yahoo,2023-12-13 16:42:26
2000-01-13,XLK,51.875,52.0,50.875,51.6875,1193000,38.462281298911535,0.0,1.0,yahoo,2023-12-13 16:42:26
2000-01-14,XLK,53.25,53.71875,52.78125,52.875,1383900,39.34593709658907,0.0,1.0,yahoo,2023-12-13 16:42:26
2000-01-18,XLK,52.75,53.71875,52.609375,53.15625,550800,39.55522399603901,0.0,1.0,yahoo,2023-12-13 16:42:26
2000-01-19,XLK,52.9375,53.46875,52.5625,53.25,790400,39.624986295855656,0.0,1.0,yahoo,2023-12-13 16:42:26
2000-01-20,XLK,54.25,54.4375,53.125,53.5625,1095600,39.85752729524448,0.0,1.0,yahoo,2023-12-13 16:42:26
2000-01-21,XLK,53.875,53.875,53.140625,53.625,1434700,39.904035495122244,0.0,1.0,yahoo,2023-12-13 16:42:26
2000-01-24,XLK,53.9375,54.34375,51.59375,51.875,568900,38.60180589854483,0.0,1.0,yahoo,2023-12-13 16:42:26
2000-01-25,XLK,51.765625,53.03125,51.0625,52.984375,2982400,39.427326446375154,0.0,1.0,yahoo,2023-12-13 16:42:26
2000-01-26,XLK,52.6875,52.75,50.9375,51.25,839300,38.13672389976718,0.0,1.0,yahoo,2023-12-13 16:42:26
2000-01-27,XLK,51.875,52.125,49.71875,50.75,1238100,37.76465830074506,0.0,1.0,yahoo,2023-12-13 16:42:26
2000-01-28,XLK,50.125,51.125,48.125,48.9375,2457000,36.41592050428988,0.0,1.0,yahoo,2023-12-13 16:42:26
2000-01-31,XLK,48.9375,50.5625,47.875,50.5625,1312300,37.625133701111764,0.0,1.0,yahoo,2023-12-13 16:42:26
2000-02-01,XLK,50.515625,51.75,50.03125,51.625,474900,38.41577309903377,0.0,1.0,yahoo,2023-12-13 16:42:26
2000-02-02,XLK,51.4375,52.65625,51.4375,52.0,534700,38.69482229830036,0.0,1.0,yahoo,2023-12-13 16:42:26
2000-02-03,XLK,52.25,53.5,51.765625,53.5,1244600,39.81101909536672,0.0,1.0,yahoo,2023-12-13 16:42:26
2000-02-04,XLK,53.75,54.625,53.625,54.125,691700,40.276101094144366,0.0,1.0,yahoo,2023-12-13 16:42:26
2000-02-07,XLK,54.25,54.875,53.8125,54.75,655300,40.741183092922014,0.0,1.0,yahoo,2023-12-13 16:42:26
2000-02-08,XLK,55.1875,55.75,55.078125,55.25,886000,41.11324869194413,0.0,1.0,yahoo,2023-12-13 16:42:26
2000-02-09,XLK,55.75,56.125,54.25,54.5625,1623300,40.60165849328872,0.0,1.0,yahoo,2023-12-13 16:42:26
2000-02-10,XLK,54.6875,55.875,54.5,55.859375,1157600,41.56670364075234,0.0,1.0,yahoo,2023-12-13 16:42:26
2000-02-11,XLK,55.859375,55.875,53.875,54.375,1002100,40.46213389365542,0.0,1.0,yahoo,2023-12-13 16:42:26
2000-02-14,XLK,54.75,54.75,53.75,54.40625,351500,40.48538799359431,0.0,1.0,yahoo,2023-12-13 16:42:26
2000-02-15,XLK,54.328125,54.9375,52.96875,54.5625,300600,40.60165849328872,0.0,1.0,yahoo,2023-12-13 16:42:26
2000-02-16,XLK,54.375,55.0,54.1875,54.28125,172100,40.392371593838774,0.0,1.0,yahoo,2023-12-13 16:42:26
2000-02-17,XLK,54.984375,55.625,54.1875,55.5,231200,41.29928149145519,0.0,1.0,yahoo,2023-12-13 16:42:26
2000-02-18,XLK,55.5625,55.5625,53.5,53.625,362700,39.904035495122244,0.0,1.0,yahoo,2023-12-13 16:42:26
2000-02-22,XLK,53.375,54.0,52.0,53.5,1233900,39.81101909536672,0.0,1.0,yahoo,2023-12-13 16:42:26
2000-02-23,XLK,53.625,55.5,53.484375,55.125,183300,41.0202322921886,0.0,1.0,yahoo,2023-12-13 16:42:26
2000-02-24,XLK,55.484375,56.0625,54.5,55.8125,319900,41.531822490844014,0.0,1.0,yahoo,2023-12-13 16:42:26
2000-02-25,XLK,55.875,56.5,54.875,55.28125,937200,41.13650279188301,0.0,1.0,yahoo,2023-12-13 16:42:26
2000-02-28,XLK,54.75,55.625,53.25,54.625,1508300,40.64816669316648,0.0,1.0,yahoo,2023-12-13 16:42:26
2000-02-29,XLK,55.75,56.0,55.375,55.875,474100,41.57833069072178,0.0,1.0,yahoo,2023-12-13 16:42:26
2000-03-01,XLK,56.0,57.25,56.0,56.4375,963500,41.99690448962166,0.0,1.0,yahoo,2023-12-13 16:42:26
2000-03-02,XLK,56.875,57.3125,56.09375,57.0,1097600,42.41547828852155,0.0,1.0,yahoo,2023-12-13 16:42:26
2000-03-03,XLK,58.0,58.8125,57.375,58.578125,401600,43.58981033543511,0.0,1.0,yahoo,2023-12-13 16:42:26
2000-03-06,XLK,58.578125,59.40625,58.0,58.484375,667500,43.520048035618466,0.0,1.0,yahoo,2023-12-13 16:42:26
2000-03-07,XLK,59.15625,59.5,56.875,56.875,1304800,42.322461888766014,0.0,1.0,yahoo,2023-12-13 16:42:26
2000-03-08,XLK,57.5625,58.125,56.5,57.875,1089600,43.06659308681026,0.0,1.0,yahoo,2023-12-13 16:42:26
2000-03-09,XLK,57.9375,59.75,57.375,59.625,285900,44.36882268338767,0.0,1.0,yahoo,2023-12-13 16:42:26
2000-03-10,XLK,60.0,60.65625,59.5,59.75,265000,44.461839083143204,0.0,1.0,yahoo,2023-12-13 16:42:26
2000-03-13,XLK,58.5,60.25,58.0,58.875,2011200,43.810724284854494,0.0,1.0,yahoo,2023-12-13 16:42:26
2000-03-14,XLK,59.625,60.125,57.3125,57.53125,464200,42.810797987482545,0.0,1.0,yahoo,2023-12-13 16:42:26
2000-03-15,XLK,58.0,58.1875,56.25,56.53125,619300,42.06666678943831,0.0,1.0,yahoo,2023-12-13 16:42:26
2000-03-16,XLK,57.25,58.5,55.875,58.5,2726600,43.531675085587906,0.0,1.0,yahoo,2023-12-13 16:42:26
2000-03-17,XLK,58.75,60.0,58.6875,59.875,441000,44.55485548289873,0.0,1.0,yahoo,2023-12-13 16:42:26
2000-03-20,XLK,60.125,60.625,59.125,59.625,395400,44.36882268338767,0.0,1.0,yahoo,2023-12-13 16:42:26
2000-03-21,XLK,59.46875,61.625,58.640625,61.1875,649200,45.53152768033179,0.0,1.0,yahoo,2023-12-13 16:42:26
2000-03-22,XLK,61.5625,62.75,61.25,62.25,668500,46.32216707825379,0.0,1.0,yahoo,2023-12-13 16:42:26
2000-03-23,XLK,62.3125,64.0,62.125,63.4375,484100,47.205822875931325,0.0,1.0,yahoo,2023-12-13 16:42:26
2000-03-24,XLK,64.0625,65.4375,63.0,63.984375,1103100,47.61276962486177,0.0,1.0,yahoo,2023-12-13 16:42:26
2000-03-27,XLK,64.25,64.9375,64.0625,64.5,783100,47.99646227385333,0.0,1.0,yahoo,2023-12-13 16:42:26
2000-03-28,XLK,64.5,64.5,62.9375,62.9375,625600,46.83375727690921,0.0,1.0,yahoo,2023-12-13 16:42:26
2000-03-29,XLK,63.0,63.0625,60.78125,61.09375,3331900,45.461765380515146,0.0,1.0,yahoo,2023-12-13 16:42:26
2000-03-30,XLK,60.6875,61.84375,57.75,59.4375,4635800,44.22929808375438,0.0,1.0,yahoo,2023-12-13 16:42:26
2000-03-31,XLK,60.25,61.1875,58.625,60.5625,319600,45.06644568155414,0.0,1.0,yahoo,2023-12-13 16:42:26
2000-04-03,XLK,59.8125,59.8125,57.25,58.0,2645000,43.159609486565785,0.0,1.0,yahoo,2023-12-13 16:42:26
2000-04-04,XLK,57.71875,58.75,52.28125,57.4375,2211500,42.7410356876659,0.0,1.0,yahoo,2023-12-13 16:42:26
2000-04-05,XLK,56.625,59.1875,56.125,57.8125,600200,43.02008488693249,0.0,1.0,yahoo,2023-12-13 16:42:26
2000-04-06,XLK,58.75,59.4375,57.75,58.5625,173000,43.57818328546567,0.0,1.0,yahoo,2023-12-13 16:42:26
2000-04-07,XLK,59.3125,60.625,58.875,60.5625,233000,45.06644568155414,0.0,1.0,yahoo,2023-12-13 16:42:26
2000-04-10,XLK,60.5625,60.75,58.375,58.375,665100,43.43865868583237,0.0,1.0,yahoo,2023-12-13 16:42:26
2000-04-11,XLK,57.484375,58.125,56.0,56.9375,1479200,42.368970088643785,0.0,1.0,yahoo,2023-12-13 16:42:26
2000-04-12,XLK,56.8125,56.8125,53.125,53.25,1338100,39.624986295855656,0.0,1.0,yahoo,2023-12-13 16:42:26
2000-04-13,XLK,54.0,55.25,52.21875,52.234375,2182100,38.86922804784198,0.0,1.0,yahoo,2023-12-13 16:42:26
2000-04-14,XLK,50.75,52.03125,47.25,49.5,1908000,36.834494303189764,0.0,1.0,yahoo,2023-12-13 16:42:26
2000-04-17,XLK,48.75,52.1875,48.625,52.1875,905400,38.834346897933656,0.0,1.0,yahoo,2023-12-13 16:42:26
2000-04-18,XLK,52.625,55.15625,52.125,55.15625,573200,41.043486392127484,0.0,1.0,yahoo,2023-12-13 16:42:26
2000-04-19,XLK,54.25,55.125,53.25,53.34375,355300,39.6947485956723,0.0,1.0,yahoo,2023-12-13 16:42:26
2000-04-20,XLK,53.5,53.875,52.25,52.875,241400,39.34593709658907,0.0,1.0,yahoo,2023-12-13 16:42:26
2000-04-24,XLK,50.625,51.375,49.375,51.25,611100,38.13672389976718,0.0,1.0,yahoo,2023-12-13 16:42:26
2000-04-25,XLK,52.75,54.21875,52.265625,54.21875,357900,40.34586339396101,0.0,1.0,yahoo,2023-12-13 16:42:26
2000-04-26,XLK,54.375,55.1875,53.1875,53.1875,1462000,39.57847809597789,0.0,1.0,yahoo,2023-12-13 16:42:26
2000-04-27,XLK,52.375,55.0,52.375,54.84375,481700,40.81094539273866,0.0,1.0,yahoo,2023-12-13 16:42:26
2000-04-28,XLK,55.4375,55.6875,54.5,55.0,646500,40.92721589243307,0.0,1.0,yahoo,2023-12-13 16:42:26
2000-05-01,XLK,55.8125,56.25,55.25,55.78125,195800,41.50856839090513,0.0,1.0,yahoo,2023-12-13 16:42:26
2000-05-02,XLK,55.3125,55.4375,53.5,54.75,682600,40.741183092922014,0.0,1.0,yahoo,2023-12-13 16:42:26
2000-05-03,XLK,52.8125,53.3125,51.0,52.375,766600,38.97387149756695,0.0,1.0,yahoo,2023-12-13 16:42:26
2000-05-04,XLK,52.28125,53.0,51.6875,52.0,178600,38.69482229830036,0.0,1.0,yahoo,2023-12-13 16:42:26
2000-05-05,XLK,52.5625,53.625,52.375,53.421875,300000,39.752883845519506,0.0,1.0,yahoo,2023-12-13 16:42:26
2000-05-08,XLK,52.1875,52.625,51.40625,51.53125,155400,38.34601079921712,0.0,1.0,yahoo,2023-12-13 16:42:26
2000-05-09,XLK,51.875,51.9375,50.0,50.578125,1236200,37.636760751081205,0.0,1.0,yahoo,2023-12-13 16:42:26
2000-05-10,XLK,49.625,49.8125,47.75,48.125,1019800,35.81131390587894,0.0,1.0,yahoo,2023-12-13 16:42:26
2000-05-11,XLK,48.4375,49.625,47.8125,49.484375,431200,36.82286725322032,0.0,1.0,yahoo,2023-12-13 16:42:26
2000-05-12,XLK,50.5,51.40625,50.125,50.125,221500,37.29957630196741,0.0,1.0,yahoo,2023-12-13 16:42:26
2000-05-15,XLK,50.5,51.1875,49.125,51.0625,157600,37.997199300133886,0.0,1.0,yahoo,2023-12-13 16:42:26
2000-05-16,XLK,52.25,52.75,51.28125,52.59375,408000,39.136650197139126,0.0,1.0,yahoo,2023-12-13 16:42:26
2000-05-17,XLK,52.0625,52.34375,51.125,51.84375,368600,38.57855179860594,0.0,1.0,yahoo,2023-12-13 16:42:26
2000-05-18,XLK,51.875,51.875,50.375,50.53125,206800,37.60187960117288,0.0,1.0,yahoo,2023-12-13 16:42:26
2000-05-19,XLK,50.125,50.1875,48.28125,48.5625,777500,36.13687130502329,0.0,1.0,yahoo,2023-12-13 16:42:26
2000-05-22,XLK,48.125,48.4375,46.0,48.34375,452600,35.97409260545111,0.0,1.0,yahoo,2023-12-13 16:42:26
2000-05-23,XLK,48.5,48.5,45.9375,46.0,334300,34.23003511003493,0.0,1.0,yahoo,2023-12-13 16:42:26
2000-05-24,XLK,46.5,48.0,44.6875,47.8125,713600,35.578772906490116,0.0,1.0,yahoo,2023-12-13 16:42:26
2000-05-25,XLK,48.6875,49.15625,46.6875,47.03125,606100,34.99742040801805,0.0,1.0,yahoo,2023-12-13 16:42:26
2000-05-26,XLK,47.5625,47.71875,46.25,47.1875,143500,35.11369090771247,0.0,1.0,yahoo,2023-12-13 16:42:26
2000-05-30,XLK,48.375,50.25,48.125,50.25,821100,37.39259270172294,0.0,1.0,yahoo,2023-12-13 16:42:26
2000-05-31,XLK,50.0,50.6875,49.21875,49.28125,252800,36.671715603617585,0.0,1.0,yahoo,2023-12-13 16:42:26
2000-06-01,XLK,50.25,51.5,49.9375,51.5,540200,38.32275669927824,0.0,1.0,yahoo,2023-12-13 16:42:26
2000-06-02,XLK,53.75,54.21875,53.125,53.84375,858100,40.06681419469442,0.0,1.0,yahoo,2023-12-13 16:42:26
2000-06-05,XLK,53.5,54.75,53.5,54.0,391900,40.18308469438883,0.0,1.0,yahoo,2023-12-13 16:42:26
2000-06-06,XLK,54.0,54.75,53.25,53.25,447200,39.624986295855656,0.0,1.0,yahoo,2023-12-13 16:42:26
2000-06-07,XLK,53.5625,54.34375,52.78125,54.25,238300,40.36911749389989,0.0,1.0,yahoo,2023-12-13 16:42:26
2000-06-08,XLK,54.6875,54.984375,53.5625,54.0,277100,40.18308469438883,0.0,1.0,yahoo,2023-12-13 16:42:26
2000-06-09,XLK,54.6875,54.6875,53.8125,54.125,130900,40.276101094144366,0.0,1.0,yahoo,2023-12-13 16:42:26
2000-06-12,XLK,54.03125,54.15625,52.8125,53.0,369300,39.438953496344595,0.0,1.0,yahoo,2023-12-13 16:42:26
2000-06-13,XLK,53.1875,54.125,52.375,54.125,362200,40.276101094144366,0.0,1.0,yahoo,2023-12-13 16:42:26
2000-06-14,XLK,54.25,54.5625,53.09375,53.125,222600,39.53196989610013,0.0,1.0,yahoo,2023-12-13 16:42:26
2000-06-15,XLK,53.5,54.625,53.25,54.1875,127300,40.32260929402213,0.0,1.0,yahoo,2023-12-13 16:42:26
2000-06-16,XLK,54.375,54.78125,53.84375,54.375,470500,40.46213389365542,0.0,1.0,yahoo,2023-12-13 16:42:26
2000-06-19,XLK,54.4375,56.3125,54.25,56.09375,512500,41.74110939029396,0.0,1.0,yahoo,2023-12-13 16:42:26
2000-06-20,XLK,56.34375,56.984375,55.84375,56.25,202100,41.857379889988366,0.0,1.0,yahoo,2023-12-13 16:42:26
2000-06-21,XLK,55.75,56.90625,55.6875,56.75,341000,42.22944548901049,0.0,1.0,yahoo,2023-12-13 16:42:26
2000-06-22,XLK,56.3125,56.53125,54.8125,55.0,622200,40.92721589243307,0.0,1.0,yahoo,2023-12-13 16:42:26
2000-06-23,XLK,55.0,55.15625,53.5625,53.828125,113900,40.05518714472498,0.0,1.0,yahoo,2023-12-13 16:42:26
2000-06-26,XLK,54.3125,54.75,53.75,54.1875,192000,40.32260929402213,0.0,1.0,yahoo,2023-12-13 16:42:26
2000-06-27,XLK,54.25,54.78125,53.5625,53.65625,147900,39.927289595061126,0.0,1.0,yahoo,2023-12-13 16:42:26
2000-06-28,XLK,53.5,54.90625,53.5,54.1875,159500,40.32260929402213,0.0,1.0,yahoo,2023-12-13 16:42:26
2000-06-29,XLK,53.5,53.875,52.8125,53.125,462900,39.53196989610013,0.0,1.0,yahoo,2023-12-13 16:42:26
2000-06-30,XLK,53.125,54.1875,53.125,54.1875,263600,40.32260929402213,0.0,1.0,yahoo,2023-12-13 16:42:26
2000-07-03,XLK,54.0625,54.5625,53.875,54.5625,39400,40.60165849328872,0.0,1.0,yahoo,2023-12-13 16:42:26
2000-07-05,XLK,53.6875,53.8125,52.46875,52.8125,148900,39.299428896711305,0.0,1.0,yahoo,2023-12-13 16:42:26
2000-07-06,XLK,52.625,53.6875,51.96875,53.625,127400,39.904035495122244,0.0,1.0,yahoo,2023-12-13 16:42:26
2000-07-07,XLK,53.8125,54.96875,53.8125,54.5,191500,40.555150293410954,0.0,1.0,yahoo,2023-12-13 16:42:26
2000-07-10,XLK,54.25,54.5625,53.6875,53.90625,103400,40.11332239457219,0.0,1.0,yahoo,2023-12-13 16:42:26
2000-07-11,XLK,53.65625,54.40625,53.0,53.46875,95200,39.787764995427835,0.0,1.0,yahoo,2023-12-13 16:42:26
2000-07-12,XLK,54.125,55.15625,53.875,54.84375,347100,40.81094539273866,0.0,1.0,yahoo,2023-12-13 16:42:26
2000-07-13,XLK,55.21875,56.375,55.09375,55.90625,198100,41.60158479066066,0.0,1.0,yahoo,2023-12-13 16:42:26
2000-07-14,XLK,56.625,57.171875,56.140625,56.9375,135600,42.368970088643785,0.0,1.0,yahoo,2023-12-13 16:42:26
2000-07-17,XLK,56.875,57.75,56.75,57.40625,112800,42.71778158772702,0.0,1.0,yahoo,2023-12-13 16:42:26
2000-07-18,XLK,56.875,57.03125,56.03125,56.25,184000,41.857379889988366,0.0,1.0,yahoo,2023-12-13 16:42:26
2000-07-19,XLK,56.0,56.03125,54.875,55.0,133900,40.92721589243307,0.0,1.0,yahoo,2023-12-13 16:42:26
2000-07-20,XLK,55.375,56.34375,55.34375,56.15625,270900,41.78761759017172,0.0,1.0,yahoo,2023-12-13 16:42:26
2000-07-21,XLK,55.46875,55.5625,54.78125,54.9375,228700,40.880707692555305,0.0,1.0,yahoo,2023-12-13 16:42:26
2000-07-24,XLK,54.875,55.34375,53.390625,53.59375,204500,39.88078139518336,0.0,1.0,yahoo,2023-12-13 16:42:26
2000-07-25,XLK,54.28125,54.5625,53.53125,54.5,222700,40.555150293410954,0.0,1.0,yahoo,2023-12-13 16:42:26
2000-07-26,XLK,54.03125,54.0625,52.875,53.78125,274100,40.02030599481666,0.0,1.0,yahoo,2023-12-13 16:42:26
2000-07-27,XLK,53.0,53.25,51.875,52.21875,479700,38.85760099787254,0.0,1.0,yahoo,2023-12-13 16:42:26
2000-07-28,XLK,52.3125,52.6875,49.84375,50.28125,374300,37.41584680166182,0.0,1.0,yahoo,2023-12-13 16:42:26
2000-07-31,XLK,50.5625,51.65625,49.9375,51.3125,564000,38.18323209964495,0.0,1.0,yahoo,2023-12-13 16:42:26
2000-08-01,XLK,51.25,51.34375,50.5,50.71875,167500,37.74140420080618,0.0,1.0,yahoo,2023-12-13 16:42:26
2000-08-02,XLK,50.25,51.71875,50.25,50.5,143500,37.578625501234,0.0,1.0,yahoo,2023-12-13 16:42:26
2000-08-03,XLK,48.9375,51.46875,48.84375,51.46875,903800,38.299502599339355,0.0,1.0,yahoo,2023-12-13 16:42:26
2000-08-04,XLK,51.75,52.25,50.9375,51.46875,233800,38.299502599339355,0.0,1.0,yahoo,2023-12-13 16:42:26
2000-08-07,XLK,51.6875,52.703125,51.5,52.53125,239400,39.09014199726136,0.0,1.0,yahoo,2023-12-13 16:42:26
2000-08-08,XLK,52.421875,52.9375,52.203125,52.625,171300,39.15990429707801,0.0,1.0,yahoo,2023-12-13 16:42:26
2000-08-09,XLK,53.4375,53.671875,52.53125,52.8125,159200,39.299428896711305,0.0,1.0,yahoo,2023-12-13 16:42:26
2000-08-10,XLK,52.296875,52.5625,51.5625,51.6875,86900,38.462281298911535,0.0,1.0,yahoo,2023-12-13 16:42:26
2000-08-11,XLK,51.25,51.9375,50.65625,51.875,268300,38.60180589854483,0.0,1.0,yahoo,2023-12-13 16:42:26
2000-08-14,XLK,51.6875,52.9375,51.46875,52.9375,107600,39.39244529646683,0.0,1.0,yahoo,2023-12-13 16:42:26
2000-08-15,XLK,53.0625,53.4375,52.6875,53.0625,104400,39.48546169622236,0.0,1.0,yahoo,2023-12-13 16:42:26
2000-08-16,XLK,53.3125,53.9375,52.78125,53.125,71300,39.53196989610013,0.0,1.0,yahoo,2023-12-13 16:42:26
2000-08-17,XLK,53.1875,54.25,52.9375,54.125,186100,40.276101094144366,0.0,1.0,yahoo,2023-12-13 16:42:26
2000-08-18,XLK,54.4375,54.8125,54.0,54.1875,252100,40.32260929402213,0.0,1.0,yahoo,2023-12-13 16:42:26
2000-08-21,XLK,54.375,54.90625,53.875,54.4375,73400,40.50864209353319,0.0,1.0,yahoo,2023-12-13 16:42:26
2000-08-22,XLK,54.5625,54.9375,54.21875,54.4375,147600,40.50864209353319,0.0,1.0,yahoo,2023-12-13 16:42:26
2000-08-23,XLK,54.0,54.984375,53.5625,54.96875,161100,40.90396179249419,0.0,1.0,yahoo,2023-12-13 16:42:26
2000-08-24,XLK,54.9375,55.484375,54.8125,55.484375,105200,41.28765444148575,0.0,1.0,yahoo,2023-12-13 16:42:26
2000-08-25,XLK,55.375,55.6875,55.125,55.296875,109800,41.14812984185245,0.0,1.0,yahoo,2023-12-13 16:42:26
2000-08-28,XLK,55.1875,56.09375,55.15625,55.75,102400,41.48531429096625,0.0,1.0,yahoo,2023-12-13 16:42:26
2000-08-29,XLK,55.75,55.984375,55.4375,55.8125,113300,41.531822490844014,0.0,1.0,yahoo,2023-12-13 16:42:26
2000-08-30,XLK,55.625,55.71875,55.15625,55.4375,105300,41.25277329157743,0.0,1.0,yahoo,2023-12-13 16:42:26
2000-08-31,XLK,55.6875,56.65625,55.6875,56.53125,184500,42.06666678943831,0.0,1.0,yahoo,2023-12-13 16:42:26
2000-09-01,XLK,57.03125,57.1875,56.3125,56.5625,338400,42.08992088937719,0.0,1.0,yahoo,2023-12-13 16:42:26
2000-09-05,XLK,56.125,56.125,55.109375,55.28125,127100,41.13650279188301,0.0,1.0,yahoo,2023-12-13 16:42:26
2000-09-06,XLK,54.9375,55.0625,53.75,53.875,307600,40.090068294633305,0.0,1.0,yahoo,2023-12-13 16:42:26
2000-09-07,XLK,54.09375,54.90625,54.0625,54.75,131700,40.741183092922014,0.0,1.0,yahoo,2023-12-13 16:42:26
2000-09-08,XLK,54.25,54.25,52.9375,53.0,251400,39.438953496344595,0.0,1.0,yahoo,2023-12-13 16:42:26
2000-09-11,XLK,52.625,53.3125,51.5,51.625,281600,38.41577309903377,0.0,1.0,yahoo,2023-12-13 16:42:26
2000-09-12,XLK,52.0,52.4375,50.75,50.875,206300,37.85767470050059,0.0,1.0,yahoo,2023-12-13 16:42:26
2000-09-13,XLK,50.1875,51.625,50.1875,51.375,171500,38.22974029952271,0.0,1.0,yahoo,2023-12-13 16:42:26
2000-09-14,XLK,52.0625,52.546875,51.28125,51.65625,202800,38.43902719897265,0.0,1.0,yahoo,2023-12-13 16:42:26
2000-09-15,XLK,51.25,51.4375,50.28125,50.765625,271500,37.7762853507145,0.0,1.0,yahoo,2023-12-13 16:42:26
2000-09-18,XLK,51.0,51.4375,49.28125,49.625,674000,36.92751070294529,0.0,1.0,yahoo,2023-12-13 16:42:26
2000-09-19,XLK,49.90625,51.625,49.78125,51.5625,268300,38.36926489915601,0.0,1.0,yahoo,2023-12-13 16:42:26
2000-09-20,XLK,51.3125,51.875,50.34375,51.75,186700,38.5087894987893,0.0,1.0,yahoo,2023-12-13 16:42:26
2000-09-21,XLK,50.9375,51.40625,50.21875,50.6875,409800,37.7181501008673,0.0,1.0,yahoo,2023-12-13 16:42:26
2000-09-22,XLK,48.5,49.3125,48.0,49.25,436200,36.6484615036787,0.0,1.0,yahoo,2023-12-13 16:42:26
2000-09-25,XLK,49.875,50.125,47.9375,48.21875,321100,35.881076205695585,0.0,1.0,yahoo,2023-12-13 16:42:26
2000-09-26,XLK,48.3125,48.9375,47.1875,47.203125,778700,35.12531795768191,0.0,1.0,yahoo,2023-12-13 16:42:26
2000-09-27,XLK,47.9375,48.0,46.3125,46.875,550200,34.88114990832364,0.0,1.0,yahoo,2023-12-13 16:42:26
2000-09-28,XLK,47.25,48.625,46.625,48.5,637000,36.09036310514553,0.0,1.0,yahoo,2023-12-13 16:42:26
2000-09-29,XLK,47.625,47.75,46.375,46.375,260700,34.50908430930152,0.0,1.0,yahoo,2023-12-13 16:42:26
2000-10-02,XLK,47.0625,47.4375,45.875,46.03125,395000,34.253289209973815,0.0,1.0,yahoo,2023-12-13 16:42:26
2000-10-03,XLK,46.9375,47.15625,44.75,44.8125,827900,33.3463793123574,0.0,1.0,yahoo,2023-12-13 16:42:26
2000-10-04,XLK,44.8125,46.390625,44.0625,46.015625,515900,34.241662160004374,0.0,1.0,yahoo,2023-12-13 16:42:26
2000-10-05,XLK,45.75,46.34375,45.125,45.359375,246600,33.753326061287844,0.0,1.0,yahoo,2023-12-13 16:42:26
2000-10-06,XLK,46.0,46.0,43.75,44.421875,478300,33.05570306312137,0.0,1.0,yahoo,2023-12-13 16:42:26
2000-10-09,XLK,44.0625,45.125,43.0,44.171875,340200,32.86967026361031,0.0,1.0,yahoo,2023-12-13 16:42:26
2000-10-10,XLK,43.84375,44.4375,42.625,42.875,263800,31.90462511614669,0.0,1.0,yahoo,2023-12-13 16:42:26
2000-10-11,XLK,41.6875,42.5625,40.375,41.5,525100,30.881444718835862,0.0,1.0,yahoo,2023-12-13 16:42:26
2000-10-12,XLK,41.5,42.5,40.0625,40.0625,577800,29.81175612164727,0.0,1.0,yahoo,2023-12-13 16:42:26
2000-10-13,XLK,40.875,43.5,40.875,43.4375,460300,32.323198915046575,0.0,1.0,yahoo,2023-12-13 16:42:26
2000-10-16,XLK,43.1875,43.78125,42.3125,42.75,296700,31.81160871639116,0.0,1.0,yahoo,2023-12-13 16:42:26
2000-10-17,XLK,42.875,43.0,41.0,41.625,388100,30.974461118591393,0.0,1.0,yahoo,2023-12-13 16:42:26
2000-10-18,XLK,39.5,42.046875,39.5,40.96875,410200,30.486125019874862,0.0,1.0,yahoo,2023-12-13 16:42:26
2000-10-19,XLK,43.375,44.75,43.0,44.609375,772000,33.19522766275466,0.0,1.0,yahoo,2023-12-13 16:42:26
2000-10-20,XLK,44.6875,46.125,44.34375,45.28125,466800,33.69519081144064,0.0,1.0,yahoo,2023-12-13 16:42:26
2000-10-23,XLK,45.4375,46.0,44.5,45.0,287200,33.4859039119907,0.0,1.0,yahoo,2023-12-13 16:42:26
2000-10-24,XLK,45.46875,45.8125,43.6875,44.125,230700,32.83478911370199,0.0,1.0,yahoo,2023-12-13 16:42:26
2000-10-25,XLK,42.0625,43.15625,41.0,41.015625,541600,30.521006169783185,0.0,1.0,yahoo,2023-12-13 16:42:26
2000-10-26,XLK,41.46875,42.21875,39.625,42.0,1057400,31.25351031785798,0.0,1.0,yahoo,2023-12-13 16:42:26
2000-10-27,XLK,43.25,43.25,41.6875,42.359375,427900,31.52093246715513,0.0,1.0,yahoo,2023-12-13 16:42:26
2000-10-30,XLK,42.125,42.625,40.84375,41.78125,257800,31.090731618285805,0.0,1.0,yahoo,2023-12-13 16:42:26
2000-10-31,XLK,42.8125,44.0,42.40625,43.71875,394300,32.53248581449652,0.0,1.0,yahoo,2023-12-13 16:42:26
2000-11-01,XLK,43.25,43.875,42.3125,42.875,388700,31.90462511614669,0.0,1.0,yahoo,2023-12-13 16:42:26
2000-11-02,XLK,43.8125,44.1875,43.25,43.984375,263800,32.73014566397702,0.0,1.0,yahoo,2023-12-13 16:42:26
2000-11-03,XLK,43.96875,44.46875,43.625,44.3125,315000,32.974313713335285,0.0,1.0,yahoo,2023-12-13 16:42:26
2000-11-06,XLK,44.3125,44.65625,43.5,43.625,161800,32.462723514679865,0.0,1.0,yahoo,2023-12-13 16:42:26
2000-11-07,XLK,43.375,44.21875,43.140625,43.9375,287700,32.69526451406869,0.0,1.0,yahoo,2023-12-13 16:42:26
2000-11-08,XLK,43.9375,44.0625,41.5,41.625,279100,30.974461118591393,0.0,1.0,yahoo,2023-12-13 16:42:26
2000-11-09,XLK,40.1875,41.53125,39.625,41.015625,761900,30.521006169783185,0.0,1.0,yahoo,2023-12-13 16:42:26
2000-11-10,XLK,40.0625,40.125,38.625,38.75,501900,28.83508392421421,0.0,1.0,yahoo,2023-12-13 16:42:26
2000-11-13,XLK,37.5,39.75,37.0625,38.625,1331600,28.74206752445868,0.0,1.0,yahoo,2023-12-13 16:42:26
2000-11-14,XLK,40.0625,41.0,39.6875,40.71875,400400,30.3000922203638,0.0,1.0,yahoo,2023-12-13 16:42:26
2000-11-15,XLK,41.0625,41.5625,40.1875,41.0,400300,30.509379119813744,0.0,1.0,yahoo,2023-12-13 16:42:26
2000-11-16,XLK,40.78125,41.28125,39.515625,39.6875,152200,29.532706922380683,0.0,1.0,yahoo,2023-12-13 16:42:26
2000-11-17,XLK,39.34375,40.453125,38.75,40.0,268200,29.765247921769507,0.0,1.0,yahoo,2023-12-13 16:42:26
2000-11-20,XLK,38.8125,39.46875,38.125,38.375,510700,28.55603472494762,0.0,1.0,yahoo,2023-12-13 16:42:26
2000-11-21,XLK,39.0625,39.0625,38.03125,38.5625,337400,28.695559324580916,0.0,1.0,yahoo,2023-12-13 16:42:26
2000-11-22,XLK,38.5625,38.78125,37.125,37.15625,273200,27.649124827331207,0.0,1.0,yahoo,2023-12-13 16:42:26
2000-11-24,XLK,38.25,38.84375,37.90625,38.625,132600,28.74206752445868,0.0,1.0,yahoo,2023-12-13 16:42:26
2000-11-27,XLK,40.0,40.1875,38.40625,38.40625,294700,28.579288824886504,0.0,1.0,yahoo,2023-12-13 16:42:26
2000-11-28,XLK,38.5,38.875,36.75,36.859375,587600,27.428210877911823,0.0,1.0,yahoo,2023-12-13 16:42:26
2000-11-29,XLK,36.875,37.3125,35.75,36.6875,445100,27.30031332824797,0.0,1.0,yahoo,2023-12-13 16:42:26
2000-11-30,XLK,34.75,35.515625,33.765625,34.75,1683300,25.858559132037257,0.0,1.0,yahoo,2023-12-13 16:42:26
2000-12-01,XLK,35.75,36.6875,34.625,35.203125,890600,26.195743581151053,0.0,1.0,yahoo,2023-12-13 16:42:26
2000-12-04,XLK,35.4375,35.8125,34.28125,35.0,709500,26.044591931548318,0.0,1.0,yahoo,2023-12-13 16:42:26
2000-12-05,XLK,36.625,38.46875,36.0625,38.3125,996600,28.509526525069855,0.0,1.0,yahoo,2023-12-13 16:42:26
2000-12-06,XLK,38.0,38.625,36.75,37.25,1838600,27.718887127147852,0.0,1.0,yahoo,2023-12-13 16:42:26
2000-12-07,XLK,36.0,36.75,35.640625,36.015625,1571200,26.800350179561995,0.0,1.0,yahoo,2023-12-13 16:42:26
2000-12-08,XLK,37.5,38.5,37.078125,37.6875,1386200,28.044444526292207,0.0,1.0,yahoo,2023-12-13 16:42:26
2000-12-11,XLK,37.5625,39.375,37.5625,39.109375,1309100,29.102506073511357,0.0,1.0,yahoo,2023-12-13 16:42:26
2000-12-12,XLK,38.875,39.078125,38.125,38.3125,1062100,28.509526525069855,0.0,1.0,yahoo,2023-12-13 16:42:26
2000-12-13,XLK,38.875,38.875,36.6875,36.6875,1046200,27.30031332824797,0.0,1.0,yahoo,2023-12-13 16:42:26
2000-12-14,XLK,37.0,37.4375,36.125,36.125,628700,26.881739529348085,0.0,1.0,yahoo,2023-12-13 16:42:26
2000-12-15,XLK,35.0,35.4375,34.0,34.6875,751900,25.812050932159494,0.0,1.0,yahoo,2023-12-13 16:42:26
2000-12-18,XLK,35.375,35.5625,33.625,34.0,728000,25.30046073350408,0.0,1.0,yahoo,2023-12-13 16:42:26
2000-12-19,XLK,34.0625,35.484375,32.84375,33.0,799200,24.55632953545984,0.0,1.0,yahoo,2023-12-13 16:42:26
2000-12-20,XLK,31.1875,31.8125,30.125,30.53125,2044900,22.719255640288132,0.0,1.0,yahoo,2023-12-13 16:42:26
2000-12-21,XLK,30.4375,31.625,29.625,30.625,6158700,22.789017940104777,0.0,1.0,yahoo,2023-12-13 16:42:26
2000-12-22,XLK,31.5625,32.734375,31.5625,32.734375,2028500,24.358669685979343,0.0,1.0,yahoo,2023-12-13 16:42:26
2000-12-26,XLK,33.1875,33.21875,31.5,32.1875,1123000,23.9517229370489,0.0,1.0,yahoo,2023-12-13 16:42:26
2000-12-27,XLK,32.3125,32.921875,31.6875,32.5,1294800,24.184263936437723,0.0,1.0,yahoo,2023-12-13 16:42:26
2000-12-28,XLK,32.8125,32.84375,31.765625,32.34375,1484800,24.06799343674331,0.0,1.0,yahoo,2023-12-13 16:42:26
2000-12-29,XLK,32.4375,32.5,31.0625,31.3125,3387700,23.300608138760193,0.0,1.0,yahoo,2023-12-13 16:42:26
2001-01-02,XLK,31.4375,31.609375,29.140625,29.5,1905800,21.95187034230501,0.0,1.0,yahoo,2023-12-13 16:42:26
2001-01-03,XLK,29.5625,34.625,29.3125,34.25,2574900,25.48649353301514,0.0,1.0,yahoo,2023-12-13 16:42:26
2001-01-04,XLK,34.65625,35.6875,34.25,34.59375,927400,25.742288632342845,0.0,1.0,yahoo,2023-12-13 16:42:26
2001-01-05,XLK,34.125,34.1875,32.140625,32.5,1062900,24.184263936437723,0.0,1.0,yahoo,2023-12-13 16:42:26
2001-01-08,XLK,31.875,32.46875,31.140625,32.40625,610900,24.11450163662108,0.0,1.0,yahoo,2023-12-13 16:42:26
2001-01-09,XLK,33.0,33.75,32.75,33.125,630700,24.649345935215372,0.0,1.0,yahoo,2023-12-13 16:42:26
2001-01-10,XLK,33.0625,34.3125,32.3125,34.125,1145300,25.39347713325961,0.0,1.0,yahoo,2023-12-13 16:42:26
2001-01-11,XLK,34.28125,36.0,33.8125,35.5625,1082200,26.463165730448203,0.0,1.0,yahoo,2023-12-13 16:42:26
2001-01-12,XLK,35.375,36.109375,34.75,35.03125,715500,26.0678460314872,0.0,1.0,yahoo,2023-12-13 16:42:26
2001-01-16,XLK,34.8125,35.0,34.0625,34.625,663100,25.76554273228173,0.0,1.0,yahoo,2023-12-13 16:42:26
2001-01-17,XLK,36.0,36.578125,35.40625,35.6875,615400,26.55618213020373,0.0,1.0,yahoo,2023-12-13 16:42:26
2001-01-18,XLK,35.625,37.6875,35.5625,37.5625,1122400,27.951428126536676,0.0,1.0,yahoo,2023-12-13 16:42:26
2001-01-19,XLK,38.5,38.75,37.5,38.078125,1035900,28.33512077552824,0.0,1.0,yahoo,2023-12-13 16:42:26
2001-01-22,XLK,37.6875,38.0625,36.90625,37.375,562500,27.811903526903382,0.0,1.0,yahoo,2023-12-13 16:42:26
2001-01-23,XLK,37.625,38.359375,37.0625,38.0,468100,28.27698552568103,0.0,1.0,yahoo,2023-12-13 16:42:26
2001-01-24,XLK,38.46875,39.0625,38.125,38.46875,570800,28.625797024764267,0.0,1.0,yahoo,2023-12-13 16:42:26
2001-01-25,XLK,38.25,38.40625,37.015625,37.125,457300,27.625870727392325,0.0,1.0,yahoo,2023-12-13 16:42:26
2001-01-26,XLK,36.375,37.5,35.546875,37.375,731400,27.811903526903382,0.0,1.0,yahoo,2023-12-13 16:42:26
2001-01-29,XLK,37.0,38.25,36.75,38.15999984741211,345000,28.396046403822698,0.0,1.0,yahoo,2023-12-13 16:42:26
2001-01-30,XLK,38.150001525878906,38.470001220703125,37.75,38.25,706100,28.463018325192092,0.0,1.0,yahoo,2023-12-13 16:42:26
2001-01-31,XLK,38.29999923706055,39.0,37.220001220703125,37.29999923706055,951700,27.756093119323015,0.0,1.0,yahoo,2023-12-13 16:42:26
2001-02-01,XLK,37.41999816894531,37.650001525878906,36.75,37.27999877929688,1437100,27.741210154725906,0.0,1.0,yahoo,2023-12-13 16:42:26
2001-02-02,XLK,37.5,37.59999847412109,35.61000061035156,35.63999938964844,1214300,26.52083544411499,0.0,1.0,yahoo,2023-12-13 16:42:26
2001-02-05,XLK,35.400001525878906,35.66999816894531,34.779998779296875,35.41999816894531,782700,26.35712567218198,0.0,1.0,yahoo,2023-12-13 16:42:26
2001-02-06,XLK,35.400001525878906,36.400001525878906,35.400001525878906,35.630001068115234,322500,26.513395381134057,0.0,1.0,yahoo,2023-12-13 16:42:26
2001-02-07,XLK,34.849998474121094,35.31999969482422,33.93000030517578,34.709999084472656,704900,25.82879320284303,0.0,1.0,yahoo,2023-12-13 16:42:26
2001-02-08,XLK,35.150001525878906,35.400001525878906,34.099998474121094,34.20000076293945,776300,25.44928754083998,0.0,1.0,yahoo,2023-12-13 16:42:26
2001-02-09,XLK,33.70000076293945,33.83000183105469,32.349998474121094,32.619998931884766,837300,24.273558885385164,0.0,1.0,yahoo,2023-12-13 16:42:26
2001-02-12,XLK,32.599998474121094,33.2400016784668,32.06999969482422,32.900001525878906,1242900,24.481917551109518,0.0,1.0,yahoo,2023-12-13 16:42:26
2001-02-13,XLK,33.45000076293945,33.849998474121094,32.33000183105469,32.34000015258789,644100,24.065203058296056,0.0,1.0,yahoo,2023-12-13 16:42:26
2001-02-14,XLK,32.25,33.2400016784668,31.64999961853028,33.099998474121094,713300,24.63074151981017,0.0,1.0,yahoo,2023-12-13 16:42:26
2001-02-15,XLK,34.0,34.849998474121094,33.79999923706055,34.099998474121094,689600,25.374872717854405,0.0,1.0,yahoo,2023-12-13 16:42:26
2001-02-16,XLK,32.25,32.470001220703125,31.51000022888184,31.989999771118164,609300,23.80475685511705,0.0,1.0,yahoo,2023-12-13 16:42:26
2001-02-20,XLK,32.0,32.0099983215332,30.229999542236328,30.270000457763672,637200,22.524851705435303,0.0,1.0,yahoo,2023-12-13 16:42:26
2001-02-21,XLK,30.1299991607666,30.88999938964844,29.299999237060547,29.5,924500,21.95187034230501,0.0,1.0,yahoo,2023-12-13 16:42:26
2001-02-22,XLK,29.39999961853028,30.170000076293945,28.26000022888184,29.549999237060547,935200,21.989076334480174,0.0,1.0,yahoo,2023-12-13 16:42:26
2001-02-23,XLK,29.14999961853028,29.6200008392334,28.0,29.32999992370605,1080900,21.825367981864783,0.0,1.0,yahoo,2023-12-13 16:42:26
2001-02-26,XLK,29.75,30.049999237060547,28.89999961853028,29.799999237060547,856500,22.17510913399123,0.0,1.0,yahoo,2023-12-13 16:42:26
2001-02-27,XLK,29.700000762939453,29.96999931335449,28.57999992370605,28.65999984741211,466700,21.32680002240244,0.0,1.0,yahoo,2023-12-13 16:42:26
2001-02-28,XLK,28.64999961853028,29.229999542236328,27.59000015258789,28.01000022888184,1662300,20.843115027537216,0.0,1.0,yahoo,2023-12-13 16:42:26
2001-03-01,XLK,27.64999961853028,28.799999237060547,26.850000381469727,28.799999237060547,995200,21.430977935946995,0.0,1.0,yahoo,2023-12-13 16:42:26
2001-03-02,XLK,27.799999237060547,29.040000915527344,27.200000762939453,27.799999237060547,815500,20.68684673790276,0.0,1.0,yahoo,2023-12-13 16:42:26
2001-03-05,XLK,28.200000762939453,28.57999992370605,27.959999084472656,28.39999961853028,544700,21.13332574059283,0.0,1.0,yahoo,2023-12-13 16:42:26
2001-03-06,XLK,29.5,30.209999084472656,29.39999961853028,29.600000381469727,898100,22.02628374597296,0.0,1.0,yahoo,2023-12-13 16:42:26
2001-03-07,XLK,30.09000015258789,30.09000015258789,29.299999237060547,29.63999938964844,965300,22.056048255849568,0.0,1.0,yahoo,2023-12-13 16:42:26
2001-03-08,XLK,29.64999961853028,29.64999961853028,28.850000381469727,29.049999237060547,464400,21.617010735458056,0.0,1.0,yahoo,2023-12-13 16:42:26
2001-03-09,XLK,28.01000022888184,28.15999984741211,26.950000762939453,27.14999961853028,730100,20.203161743037533,0.0,1.0,yahoo,2023-12-13 16:42:26
2001-03-12,XLK,26.100000381469727,26.530000686645508,25.350000381469727,25.700000762939453,1025100,19.12417235746396,0.0,1.0,yahoo,2023-12-13 16:42:26
2001-03-13,XLK,25.850000381469727,26.989999771118164,25.51000022888184,26.979999542236328,1169000,20.076659382597303,0.0,1.0,yahoo,2023-12-13 16:42:26
2001-03-14,XLK,25.600000381469727,27.14999961853028,25.600000381469727,26.31999969482422,797200,19.585532905433517,0.0,1.0,yahoo,2023-12-13 16:42:26
2001-03-15,XLK,26.90999984741211,27.25,26.01000022888184,26.01000022888184,375100,19.35485263144874,0.0,1.0,yahoo,2023-12-13 16:42:26
2001-03-16,XLK,25.799999237060547,26.100000381469727,25.100000381469727,25.440000534057617,469300,18.93069807565434,0.0,1.0,yahoo,2023-12-13 16:42:26
2001-03-19,XLK,25.5,26.420000076293945,25.15999984741211,26.229999542236328,2079500,19.518560984064123,0.0,1.0,yahoo,2023-12-13 16:42:26
2001-03-20,XLK,26.549999237060547,26.75,24.96999931335449,24.96999931335449,1591500,18.580955504210266,0.0,1.0,yahoo,2023-12-13 16:42:26
2001-03-21,XLK,25.0,25.89999961853028,24.799999237060547,25.09000015258789,1064000,18.670251872475333,0.0,1.0,yahoo,2023-12-13 16:42:26
2001-03-22,XLK,25.280000686645508,26.38999938964844,24.64999961853028,26.239999771118164,1589600,19.52600246636268,0.0,1.0,yahoo,2023-12-13 16:42:26
2001-03-23,XLK,26.89999961853028,27.100000381469727,25.96999931335449,26.799999237060547,734300,19.94271553985852,0.0,1.0,yahoo,2023-12-13 16:42:26
2001-03-26,XLK,27.0,27.09000015258789,26.200000762939453,26.450000762939453,1718700,19.682270755997134,0.0,1.0,yahoo,2023-12-13 16:42:26
2001-03-27,XLK,26.600000381469727,27.450000762939453,26.25,27.299999237060547,814900,20.31478113888064,0.0,1.0,yahoo,2023-12-13 16:42:26
2001-03-28,XLK,26.25,26.540000915527344,25.1299991607666,25.280000686645508,458300,18.811637197512674,0.0,1.0,yahoo,2023-12-13 16:42:26
2001-03-29,XLK,25.049999237060547,25.739999771118164,24.43000030517578,24.950000762939453,469600,18.56607395893078,0.0,1.0,yahoo,2023-12-13 16:42:26
2001-03-30,XLK,24.89999961853028,25.200000762939453,24.299999237060547,24.799999237060547,799200,18.454453143770046,0.0,1.0,yahoo,2023-12-13 16:42:26
2001-04-02,XLK,24.950000762939453,25.14999961853028,23.799999237060547,24.200000762939453,1107700,18.0079755603976,0.0,1.0,yahoo,2023-12-13 16:42:26
2001-04-03,XLK,23.549999237060547,23.739999771118164,22.40999984741211,22.57999992370605,1083900,16.80248239506618,0.0,1.0,yahoo,2023-12-13 16:42:26
2001-04-04,XLK,22.89999961853028,23.200000762939453,21.850000381469727,22.14999961853028,1223200,16.482505752816344,0.0,1.0,yahoo,2023-12-13 16:42:26
2001-04-05,XLK,23.350000381469727,24.59000015258789,23.25,24.489999771118164,1690900,18.223772869785265,0.0,1.0,yahoo,2023-12-13 16:42:26
2001-04-06,XLK,23.799999237060547,23.88999938964844,23.01000022888184,23.350000381469727,485500,17.375463758196474,0.0,1.0,yahoo,2023-12-13 16:42:26
2001-04-09,XLK,23.64999961853028,23.989999771118164,22.89999961853028,23.40999984741211,1459000,17.420111232670195,0.0,1.0,yahoo,2023-12-13 16:42:26
2001-04-10,XLK,24.100000381469727,25.440000534057617,24.100000381469727,24.979999542236328,848800,18.588396986508826,0.0,1.0,yahoo,2023-12-13 16:42:26
2001-04-11,XLK,26.299999237060547,26.64999961853028,25.51000022888184,25.88999938964844,1524700,19.265556263183676,0.0,1.0,yahoo,2023-12-13 16:42:26
2001-04-12,XLK,25.799999237060547,26.670000076293945,25.15999984741211,26.540000915527344,466200,19.749242677366528,0.0,1.0,yahoo,2023-12-13 16:42:26
2001-04-16,XLK,26.200000762939453,26.450000762939453,25.489999771118164,25.89999961853028,421500,19.272997745482236,0.0,1.0,yahoo,2023-12-13 16:42:26
2001-04-17,XLK,25.5,26.5,25.5,26.170000076293945,417000,19.473913509590403,0.0,1.0,yahoo,2023-12-13 16:42:26
2001-04-18,XLK,27.25,32.0,27.1299991607666,28.549999237060547,4499200,21.244945136435938,0.0,1.0,yahoo,2023-12-13 16:42:26
2001-04-19,XLK,29.0,30.350000381469727,28.65999984741211,30.350000381469727,1139200,22.584382144506137,0.0,1.0,yahoo,2023-12-13 16:42:26
2001-04-20,XLK,29.88999938964844,30.6299991607666,29.559999465942383,30.0,1066900,22.32393594132713,0.0,1.0,yahoo,2023-12-13 16:42:26
2001-04-23,XLK,28.75,29.11000061035156,28.1299991607666,28.34000015258789,1482600,21.088678266119103,0.0,1.0,yahoo,2023-12-13 16:42:26
2001-04-24,XLK,29.0,29.11000061035156,27.770000457763672,27.89999961853028,822800,20.761260141570713,0.0,1.0,yahoo,2023-12-13 16:42:26
2001-04-25,XLK,27.89999961853028,28.530000686645508,27.600000381469727,28.38999938964844,472200,21.12588425829427,0.0,1.0,yahoo,2023-12-13 16:42:26
2001-04-26,XLK,28.700000762939453,28.8700008392334,27.82999992370605,27.989999771118164,625700,20.828232062940096,0.0,1.0,yahoo,2023-12-13 16:42:26
2001-04-27,XLK,28.600000381469727,28.65999984741211,28.01000022888184,28.3700008392334,421700,21.111002713014777,0.0,1.0,yahoo,2023-12-13 16:42:26
2001-04-30,XLK,28.89999961853028,29.600000381469727,28.6200008392334,28.809999465942383,690100,21.43841941824555,0.0,1.0,yahoo,2023-12-13 16:42:26
2001-05-01,XLK,28.799999237060547,29.56999969482422,28.39999961853028,29.5,836900,21.95187034230501,0.0,1.0,yahoo,2023-12-13 16:42:26
2001-05-02,XLK,30.0,30.36000061035156,29.59000015258789,30.09000015258789,1270500,22.390907862696523,0.0,1.0,yahoo,2023-12-13 16:42:26
2001-05-03,XLK,29.14999961853028,29.459999084472656,28.68000030517578,29.1299991607666,380500,21.67654117452889,0.0,1.0,yahoo,2023-12-13 16:42:26
2001-05-04,XLK,28.14999961853028,29.700000762939453,28.14999961853028,29.549999237060547,496400,21.989076334480174,0.0,1.0,yahoo,2023-12-13 16:42:26
2001-05-07,XLK,29.700000762939453,30.0,29.299999237060547,29.520000457763672,854400,21.966753306902124,0.0,1.0,yahoo,2023-12-13 16:42:26
2001-05-08,XLK,29.799999237060547,29.989999771118164,29.32999992370605,29.64999961853028,332700,22.063489738148128,0.0,1.0,yahoo,2023-12-13 16:42:26
2001-05-09,XLK,29.25,29.670000076293945,28.799999237060547,29.239999771118164,1006800,21.758396060495393,0.0,1.0,yahoo,2023-12-13 16:42:26
2001-05-10,XLK,29.89999961853028,29.89999961853028,28.76000022888184,28.809999465942383,324000,21.43841941824555,0.0,1.0,yahoo,2023-12-13 16:42:26
2001-05-11,XLK,29.100000381469727,29.100000381469727,28.280000686645508,28.5,1990800,21.207739144260774,0.0,1.0,yahoo,2023-12-13 16:42:26
2001-05-14,XLK,28.450000762939453,28.450000762939453,27.809999465942383,28.100000381469727,753500,20.910086948906603,0.0,1.0,yahoo,2023-12-13 16:42:26
2001-05-15,XLK,28.25,28.799999237060547,27.850000381469727,28.049999237060547,625200,20.872879537413816,0.0,1.0,yahoo,2023-12-13 16:42:26
2001-05-16,XLK,27.850000381469727,29.280000686645508,27.64999961853028,29.190000534057617,314400,21.721190068320233,0.0,1.0,yahoo,2023-12-13 16:42:26
2001-05-17,XLK,29.299999237060547,29.75,29.170000076293945,29.36000061035156,853200,21.847692428760453,0.0,1.0,yahoo,2023-12-13 16:42:26
2001-05-18,XLK,29.350000381469727,29.57999992370605,29.059999465942383,29.489999771118164,251800,21.944428860006454,0.0,1.0,yahoo,2023-12-13 16:42:26
2001-05-21,XLK,29.600000381469727,30.850000381469727,29.36000061035156,30.799999237060547,1915100,22.91924033203547,0.0,1.0,yahoo,2023-12-13 16:42:26
2001-05-22,XLK,31.049999237060547,31.190000534057617,30.520000457763672,30.739999771118164,970600,22.87459285756175,0.0,1.0,yahoo,2023-12-13 16:42:26
2001-05-23,XLK,30.5,30.5,29.90999984741211,29.989999771118164,995900,22.316494459028572,0.0,1.0,yahoo,2023-12-13 16:42:26
2001-05-24,XLK,29.850000381469727,30.21999931335449,29.51000022888184,30.21999931335449,722600,22.487644293942516,0.0,1.0,yahoo,2023-12-13 16:42:26
2001-05-25,XLK,30.200000762939453,30.200000762939453,29.600000381469727,29.64999961853028,378900,22.063489738148128,0.0,1.0,yahoo,2023-12-13 16:42:26
2001-05-29,XLK,29.299999237060547,29.489999771118164,28.459999084472656,28.540000915527344,361600,21.237505073455,0.0,1.0,yahoo,2023-12-13 16:42:26
2001-05-30,XLK,27.89999961853028,27.989999771118164,27.170000076293945,27.3799991607666,841900,20.374311577951474,0.0,1.0,yahoo,2023-12-13 16:42:26
2001-05-31,XLK,27.46999931335449,28.170000076293945,27.46999931335449,27.6299991607666,901400,20.56034437746253,0.0,1.0,yahoo,2023-12-13 16:42:26
2001-06-01,XLK,27.89999961853028,28.31999969482422,27.299999237060547,28.100000381469727,600700,20.910086948906603,0.0,1.0,yahoo,2023-12-13 16:42:26
2001-06-04,XLK,28.350000381469727,28.440000534057617,27.89999961853028,28.040000915527344,168400,20.865439474432883,0.0,1.0,yahoo,2023-12-13 16:42:26
2001-06-05,XLK,28.299999237060547,29.46999931335449,28.299999237060547,29.14999961853028,222300,21.69142413912601,0.0,1.0,yahoo,2023-12-13 16:42:26
2001-06-06,XLK,29.14999961853028,29.5,28.780000686645508,28.8700008392334,253800,21.483068312036895,0.0,1.0,yahoo,2023-12-13 16:42:26
2001-06-07,XLK,28.89999961853028,29.690000534057617,28.89999961853028,29.690000534057617,174200,22.09325566734235,0.0,1.0,yahoo,2023-12-13 16:42:26
2001-06-08,XLK,29.600000381469727,29.600000381469727,28.76000022888184,29.030000686645508,306900,21.602129190178562,0.0,1.0,yahoo,2023-12-13 16:42:26
2001-06-11,XLK,28.89999961853028,28.89999961853028,28.21999931335449,28.549999237060547,654800,21.244945136435938,0.0,1.0,yahoo,2023-12-13 16:42:26
2001-06-12,XLK,27.850000381469727,28.68000030517578,27.530000686645508,28.32999992370605,681700,21.081236783820547,0.0,1.0,yahoo,2023-12-13 16:42:26
2001-06-13,XLK,28.39999961853028,28.61000061035156,27.65999984741211,27.690000534057617,197600,20.604993271253875,0.0,1.0,yahoo,2023-12-13 16:42:26
2001-06-14,XLK,27.14999961853028,27.39999961853028,26.5,26.700000762939453,272600,19.868303555508195,0.0,1.0,yahoo,2023-12-13 16:42:26
2001-06-15,XLK,26.049999237060547,26.68000030517578,25.799999237060547,26.450000762939453,485700,19.682270755997134,0.0,1.0,yahoo,2023-12-13 16:42:26
2001-06-18,XLK,26.350000381469727,26.559999465942383,25.729999542236328,25.790000915527344,353200,19.19114427883335,0.0,1.0,yahoo,2023-12-13 16:42:26
2001-06-19,XLK,26.790000915527344,26.8700008392334,25.64999961853028,25.88999938964844,498800,19.265556263183676,0.0,1.0,yahoo,2023-12-13 16:42:26
2001-06-20,XLK,25.64999961853028,26.229999542236328,25.479999542236328,26.15999984741211,397600,19.466472027291847,0.0,1.0,yahoo,2023-12-13 16:42:26
2001-06-21,XLK,26.25,26.88999938964844,26.020000457763672,26.64999961853028,285600,19.831096144015415,0.0,1.0,yahoo,2023-12-13 16:42:26
2001-06-22,XLK,26.600000381469727,27.049999237060547,26.309999465942383,26.39999961853028,237400,19.645063344504354,0.0,1.0,yahoo,2023-12-13 16:42:26
2001-06-25,XLK,26.600000381469727,26.920000076293945,26.440000534057617,26.780000686645508,137500,19.92783399457903,0.0,1.0,yahoo,2023-12-13 16:42:26
2001-06-26,XLK,26.450000762939453,26.950000762939453,26.239999771118164,26.93000030517578,447600,20.03945339042214,0.0,1.0,yahoo,2023-12-13 16:42:26
2001-06-27,XLK,26.799999237060547,27.15999984741211,26.6299991607666,26.989999771118164,301900,20.08410086489586,0.0,1.0,yahoo,2023-12-13 16:42:26
2001-06-28,XLK,27.25,28.489999771118164,27.25,27.520000457763672,1088900,20.47849091081365,0.0,1.0,yahoo,2023-12-13 16:42:26
2001-06-29,XLK,27.700000762939453,28.5,27.5,28.170000076293945,401000,20.96217590567888,0.0,1.0,yahoo,2023-12-13 16:42:26
2001-07-02,XLK,27.89999961853028,28.51000022888184,27.8700008392334,28.14999961853028,213800,20.94729294108177,0.0,1.0,yahoo,2023-12-13 16:42:26
2001-07-03,XLK,28.100000381469727,28.200000762939453,27.84000015258789,28.049999237060547,140800,20.872879537413816,0.0,1.0,yahoo,2023-12-13 16:42:26
2001-07-05,XLK,27.770000457763672,27.950000762939453,27.14999961853028,27.14999961853028,285100,20.203161743037533,0.0,1.0,yahoo,2023-12-13 16:42:26
2001-07-06,XLK,26.75,26.850000381469727,25.82999992370605,25.89999961853028,1040800,19.272997745482236,0.0,1.0,yahoo,2023-12-13 16:42:26
2001-07-09,XLK,26.049999237060547,26.440000534057617,25.950000762939453,26.229999542236328,776000,19.518560984064123,0.0,1.0,yahoo,2023-12-13 16:42:26
2001-07-10,XLK,26.489999771118164,26.530000686645508,25.34000015258789,25.43000030517578,606300,18.923256593355784,0.0,1.0,yahoo,2023-12-13 16:42:26
2001-07-11,XLK,25.43000030517578,25.729999542236328,25.11000061035156,25.559999465942383,221600,19.01999302460178,0.0,1.0,yahoo,2023-12-13 16:42:26
2001-07-12,XLK,26.489999771118164,27.420000076293945,26.46999931335449,27.26000022888184,237500,20.285016629004037,0.0,1.0,yahoo,2023-12-13 16:42:26
2001-07-13,XLK,27.200000762939453,27.700000762939453,26.920000076293945,27.34000015258789,339900,20.344547068074867,0.0,1.0,yahoo,2023-12-13 16:42:26
2001-07-16,XLK,27.25,27.450000762939453,26.559999465942383,26.68000030517578,223500,19.85342059091108,0.0,1.0,yahoo,2023-12-13 16:42:26
2001-07-17,XLK,26.5,27.030000686645508,26.170000076293945,27.0,381500,20.091542347194416,0.0,1.0,yahoo,2023-12-13 16:42:26
2001-07-18,XLK,26.51000022888184,26.68000030517578,25.75,25.96999931335449,383600,19.325086702254506,0.0,1.0,yahoo,2023-12-13 16:42:26
2001-07-19,XLK,26.5,26.950000762939453,26.1200008392334,26.450000762939453,2790100,19.682270755997134,0.0,1.0,yahoo,2023-12-13 16:42:26
2001-07-20,XLK,26.09000015258789,26.36000061035156,25.90999984741211,26.299999237060547,193100,19.5706499408364,0.0,1.0,yahoo,2023-12-13 16:42:26
2001-07-23,XLK,26.39999961853028,26.57999992370605,25.64999961853028,25.65999984741211,205300,19.09440642826973,0.0,1.0,yahoo,2023-12-13 16:42:26
2001-07-24,XLK,25.549999237060547,25.86000061035156,25.049999237060547,25.31999969482422,215400,18.841401707389277,0.0,1.0,yahoo,2023-12-13 16:42:26
2001-07-25,XLK,25.420000076293945,25.86000061035156,25.229999542236328,25.86000061035156,219500,19.243233235605622,0.0,1.0,yahoo,2023-12-13 16:42:26
2001-07-26,XLK,25.61000061035156,26.38999938964844,25.38999938964844,26.350000381469727,646700,19.607857352329187,0.0,1.0,yahoo,2023-12-13 16:42:26
2001-07-27,XLK,26.25,26.56999969482422,26.1299991607666,26.309999465942383,367600,19.578091423134957,0.0,1.0,yahoo,2023-12-13 16:42:26
2001-07-30,XLK,26.350000381469727,26.549999237060547,26.11000061035156,26.229999542236328,221600,19.518560984064123,0.0,1.0,yahoo,2023-12-13 16:42:26
2001-07-31,XLK,26.350000381469727,26.75,25.200000762939453,26.21999931335449,266000,19.511119501765563,0.0,1.0,yahoo,2023-12-13 16:42:26
2001-08-01,XLK,26.700000762939453,27.11000061035156,26.5,26.920000076293945,348500,20.032011908123582,0.0,1.0,yahoo,2023-12-13 16:42:26
2001-08-02,XLK,27.450000762939453,27.5,26.90999984741211,27.290000915527344,290600,20.307341075899703,0.0,1.0,yahoo,2023-12-13 16:42:26
2001-08-03,XLK,27.350000381469727,27.350000381469727,26.68000030517578,26.89999961853028,198600,20.017128943526473,0.0,1.0,yahoo,2023-12-13 16:42:26
2001-08-06,XLK,26.64999961853028,26.82999992370605,26.420000076293945,26.56999969482422,694500,19.771565704944575,0.0,1.0,yahoo,2023-12-13 16:42:26
2001-08-07,XLK,26.450000762939453,26.68000030517578,26.14999961853028,26.420000076293945,389100,19.659946309101464,0.0,1.0,yahoo,2023-12-13 16:42:26
2001-08-08,XLK,26.270000457763672,26.559999465942383,25.43000030517578,25.56999969482422,476900,19.027434506900338,0.0,1.0,yahoo,2023-12-13 16:42:26
2001-08-09,XLK,25.450000762939453,25.61000061035156,25.21999931335449,25.57999992370605,557500,19.03487598919889,0.0,1.0,yahoo,2023-12-13 16:42:26
2001-08-10,XLK,25.540000915527344,25.6200008392334,24.770000457763672,25.540000915527344,406100,19.005111479322288,0.0,1.0,yahoo,2023-12-13 16:42:26
2001-08-13,XLK,25.5,25.799999237060547,25.350000381469727,25.63999938964844,179200,19.07952346367262,0.0,1.0,yahoo,2023-12-13 16:42:26
2001-08-14,XLK,25.809999465942383,25.920000076293945,25.25,25.309999465942383,366900,18.83396022509072,0.0,1.0,yahoo,2023-12-13 16:42:26
2001-08-15,XLK,25.309999465942383,25.46999931335449,24.670000076293945,24.739999771118164,262400,18.409805669296325,0.0,1.0,yahoo,2023-12-13 16:42:26
2001-08-16,XLK,24.5,24.950000762939453,24.15999984741211,24.8700008392334,303100,18.506543519859946,0.0,1.0,yahoo,2023-12-13 16:42:26
2001-08-17,XLK,24.459999084472656,24.600000381469727,23.920000076293945,24.1299991607666,203100,17.9558851843077,0.0,1.0,yahoo,2023-12-13 16:42:26
2001-08-20,XLK,24.01000022888184,24.32999992370605,23.920000076293945,24.290000915527344,213600,18.07494748176699,0.0,1.0,yahoo,2023-12-13 16:42:26
2001-08-21,XLK,24.3700008392334,24.489999771118164,23.57999992370605,23.57999992370605,258600,17.546613593110415,0.0,1.0,yahoo,2023-12-13 16:42:26
2001-08-22,XLK,23.89999961853028,24.020000457763672,23.40999984741211,23.81999969482422,384400,17.725204910322923,0.0,1.0,yahoo,2023-12-13 16:42:26
2001-08-23,XLK,23.89999961853028,24.26000022888184,23.75,23.799999237060547,345700,17.710321945725806,0.0,1.0,yahoo,2023-12-13 16:42:26
2001-08-24,XLK,23.96999931335449,24.959999084472656,23.950000762939453,24.959999084472656,293700,18.573514021911713,0.0,1.0,yahoo,2023-12-13 16:42:26
2001-08-27,XLK,24.76000022888184,25.21999931335449,24.65999984741211,24.89999961853028,369400,18.528866547438,0.0,1.0,yahoo,2023-12-13 16:42:26
2001-08-28,XLK,24.89999961853028,24.979999542236328,24.209999084472656,24.209999084472656,1566000,18.015415623378534,0.0,1.0,yahoo,2023-12-13 16:42:26
2001-08-29,XLK,24.40999984741211,24.46999931335449,23.64999961853028,23.75,202900,17.673115953550646,0.0,1.0,yahoo,2023-12-13 16:42:26
2001-08-30,XLK,23.309999465942383,23.479999542236328,22.56999969482422,22.82999992370605,422200,16.98851519457724,0.0,1.0,yahoo,2023-12-13 16:42:26
2001-08-31,XLK,22.700000762939453,23.229999542236328,22.6200008392334,23.020000457763672,248300,17.12990051961458,0.0,1.0,yahoo,2023-12-13 16:42:26
2001-09-04,XLK,22.51000022888184,23.5,22.5,22.520000457763672,453200,16.75783492059246,0.0,1.0,yahoo,2023-12-13 16:42:26
2001-09-05,XLK,22.440000534057617,22.690000534057617,21.61000061035156,22.32999992370605,501400,16.61644959555512,0.0,1.0,yahoo,2023-12-13 16:42:26
2001-09-06,XLK,21.799999237060547,22.200000762939453,21.270000457763672,21.270000457763672,439200,15.827670923037164,0.0,1.0,yahoo,2023-12-13 16:42:26
2001-09-07,XLK,21.200000762939453,21.809999465942383,20.920000076293945,21.020000457763672,901200,15.641638123526105,0.0,1.0,yahoo,2023-12-13 16:42:26
2001-09-10,XLK,20.90999984741211,21.5,20.799999237060547,21.46999931335449,578600,15.976496311055435,0.0,1.0,yahoo,2023-12-13 16:42:26
2001-09-17,XLK,20.25,20.89999961853028,19.940000534057617,20.100000381469727,2716900,14.957037364552702,0.0,1.0,yahoo,2023-12-13 16:42:26
2001-09-18,XLK,20.299999237060547,20.57999992370605,19.809999465942383,19.920000076293945,1799300,14.823093521813918,0.0,1.0,yahoo,2023-12-13 16:42:26
2001-09-19,XLK,20.25,20.25,18.549999237060547,19.739999771118164,1563200,14.689149679075136,0.0,1.0,yahoo,2023-12-13 16:42:26
2001-09-20,XLK,19.299999237060547,19.93000030517578,18.799999237060547,18.8799991607666,879400,14.049196394575453,0.0,1.0,yahoo,2023-12-13 16:42:26
2001-09-21,XLK,18.100000381469727,18.84000015258789,17.6200008392334,18.34000015258789,1467100,13.647366285676728,0.0,1.0,yahoo,2023-12-13 16:42:26
2001-09-24,XLK,19.25,19.65999984741211,18.799999237060547,19.3700008392334,1743200,14.413821930616638,0.0,1.0,yahoo,2023-12-13 16:42:26
2001-09-25,XLK,19.700000762939453,19.979999542236328,19.100000381469727,19.549999237060547,1098800,14.547764354037797,0.0,1.0,yahoo,2023-12-13 16:42:26
2001-09-26,XLK,19.700000762939453,19.940000534057617,18.559999465942383,18.88999938964844,853300,14.056637876874012,0.0,1.0,yahoo,2023-12-13 16:42:26
2001-09-27,XLK,18.989999771118164,19.0,18.07999992370605,18.739999771118164,1024700,13.9450184810309,0.0,1.0,yahoo,2023-12-13 16:42:26
2001-09-28,XLK,19.049999237060547,19.61000061035156,18.690000534057617,19.25,862600,14.324525562351575,0.0,1.0,yahoo,2023-12-13 16:42:26
2001-10-01,XLK,19.14999961853028,19.14999961853028,18.670000076293945,19.0,609100,14.138492762840515,0.0,1.0,yahoo,2023-12-13 16:42:26
2001-10-02,XLK,19.0,19.25,18.68000030517578,18.979999542236328,466100,14.123609798243402,0.0,1.0,yahoo,2023-12-13 16:42:26
2001-10-03,XLK,18.700000762939453,20.559999465942383,18.700000762939453,20.25,1533000,15.068656760395813,0.0,1.0,yahoo,2023-12-13 16:42:26
2001-10-04,XLK,20.700000762939453,21.229999542236328,20.21999931335449,20.68000030517578,1698000,15.388633402645654,0.0,1.0,yahoo,2023-12-13 16:42:26
2001-10-05,XLK,20.450000762939453,20.809999465942383,19.82999992370605,20.670000076293945,1046700,15.381191920347097,0.0,1.0,yahoo,2023-12-13 16:42:26
2001-10-08,XLK,20.14999961853028,21.01000022888184,20.14999961853028,20.809999465942383,541900,15.485369833891651,0.0,1.0,yahoo,2023-12-13 16:42:26
2001-10-09,XLK,20.65999984741211,20.84000015258789,20.209999084472656,20.32999992370605,738100,15.128187199466645,0.0,1.0,yahoo,2023-12-13 16:42:26
2001-10-10,XLK,20.14999961853028,20.96999931335449,20.020000457763672,20.959999084472656,558600,15.596989229734762,0.0,1.0,yahoo,2023-12-13 16:42:26
2001-10-11,XLK,21.600000381469727,21.96999931335449,21.39999961853028,21.96999931335449,1442200,16.348561910077553,0.0,1.0,yahoo,2023-12-13 16:42:26
2001-10-12,XLK,21.559999465942383,22.06999969482422,21.21999931335449,21.920000076293945,1205600,16.311355917902393,0.0,1.0,yahoo,2023-12-13 16:42:26
2001-10-15,XLK,21.600000381469727,21.84000015258789,21.34000015258789,21.770000457763672,618800,16.199736522059283,0.0,1.0,yahoo,2023-12-13 16:42:26
2001-10-16,XLK,21.700000762939453,22.059999465942383,21.559999465942383,22.0,921400,16.37088635697323,0.0,1.0,yahoo,2023-12-13 16:42:26
2001-10-17,XLK,22.450000762939453,22.450000762939453,21.0,21.0,2154600,15.62675515892899,0.0,1.0,yahoo,2023-12-13 16:42:26
2001-10-18,XLK,20.61000061035156,21.229999542236328,20.61000061035156,20.950000762939453,764200,15.589549166753828,0.0,1.0,yahoo,2023-12-13 16:42:26
2001-10-19,XLK,20.89999961853028,21.39999961853028,20.56999969482422,21.229999542236328,1903000,15.797904993842936,0.0,1.0,yahoo,2023-12-13 16:42:26
2001-10-22,XLK,20.89999961853028,21.729999542236328,20.89999961853028,21.729999542236328,1610800,16.169970592865056,0.0,1.0,yahoo,2023-12-13 16:42:26
2001-10-23,XLK,21.700000762939453,22.229999542236328,21.530000686645508,21.75,774800,16.18485355746217,0.0,1.0,yahoo,2023-12-13 16:42:26
2001-10-24,XLK,21.5,22.18000030517578,21.5,22.020000457763672,631800,16.385769321570343,0.0,1.0,yahoo,2023-12-13 16:42:26
2001-10-25,XLK,21.51000022888184,22.65999984741211,21.25,22.549999237060547,794000,16.78015794817051,0.0,1.0,yahoo,2023-12-13 16:42:26
2001-10-26,XLK,22.450000762939453,22.8700008392334,22.40999984741211,22.57999992370605,940400,16.80248239506618,0.0,1.0,yahoo,2023-12-13 16:42:26
2001-10-29,XLK,22.299999237060547,22.71999931335449,21.5,21.5,924900,15.99882075795111,0.0,1.0,yahoo,2023-12-13 16:42:26
2001-10-30,XLK,21.14999961853028,21.43000030517578,20.88999938964844,21.059999465942383,1023200,15.67140263340271,0.0,1.0,yahoo,2023-12-13 16:42:26
2001-10-31,XLK,21.299999237060547,21.850000381469727,21.200000762939453,21.350000381469727,1345500,15.887201362107998,0.0,1.0,yahoo,2023-12-13 16:42:26
2001-11-01,XLK,21.5,22.200000762939453,21.1200008392334,22.09000015258789,571900,16.43785827834262,0.0,1.0,yahoo,2023-12-13 16:42:26
2001-11-02,XLK,22.07999992370605,22.280000686645508,21.84000015258789,22.1200008392334,581300,16.46018272523829,0.0,1.0,yahoo,2023-12-13 16:42:26
2001-11-05,XLK,22.709999084472656,22.989999771118164,22.68000030517578,22.799999237060547,651200,16.96619074768157,0.0,1.0,yahoo,2023-12-13 16:42:26
2001-11-06,XLK,22.64999961853028,23.600000381469727,22.64999961853028,23.600000381469727,3800400,17.561496557707535,0.0,1.0,yahoo,2023-12-13 16:42:26
2001-11-07,XLK,23.299999237060547,23.989999771118164,23.299999237060547,23.5,1077100,17.487083154039585,0.0,1.0,yahoo,2023-12-13 16:42:26
2001-11-08,XLK,23.799999237060547,24.350000381469727,23.36000061035156,23.6200008392334,2088400,17.57637952230465,0.0,1.0,yahoo,2023-12-13 16:42:26
2001-11-09,XLK,23.549999237060547,23.770000457763672,23.280000686645508,23.530000686645508,903100,17.509407600935255,0.0,1.0,yahoo,2023-12-13 16:42:26
2001-11-12,XLK,23.14999961853028,23.89999961853028,22.89999961853028,23.709999084472656,653900,17.643350024356415,0.0,1.0,yahoo,2023-12-13 16:42:26
2001-11-13,XLK,24.39999961853028,24.600000381469727,23.34000015258789,24.549999237060547,1575100,18.268420344258985,0.0,1.0,yahoo,2023-12-13 16:42:26
2001-11-14,XLK,24.940000534057617,25.0,24.190000534057617,24.68000030517578,2779700,18.365158194822605,0.0,1.0,yahoo,2023-12-13 16:42:26
2001-11-15,XLK,24.559999465942383,24.940000534057617,24.32999992370605,24.530000686645508,1513300,18.253538798979495,0.0,1.0,yahoo,2023-12-13 16:42:26
2001-11-16,XLK,24.700000762939453,24.729999542236328,24.239999771118164,24.450000762939453,572900,18.19400835990866,0.0,1.0,yahoo,2023-12-13 16:42:26
2001-11-19,XLK,24.600000381469727,24.989999771118164,24.540000915527344,24.959999084472656,2834000,18.573514021911713,0.0,1.0,yahoo,2023-12-13 16:42:26
2001-11-20,XLK,24.75,24.850000381469727,24.13999938964844,24.26000022888184,4446400,18.052623034871324,0.0,1.0,yahoo,2023-12-13 16:42:26
2001-11-21,XLK,24.01000022888184,24.190000534057617,23.670000076293945,24.020000457763672,4002800,17.87403171765882,0.0,1.0,yahoo,2023-12-13 16:42:26
2001-11-23,XLK,24.040000915527344,24.43000030517578,23.90999984741211,24.38999938964844,234600,18.14935946611732,0.0,1.0,yahoo,2023-12-13 16:42:26
2001-11-26,XLK,24.489999771118164,24.850000381469727,24.420000076293945,24.809999465942383,2208000,18.461894626068602,0.0,1.0,yahoo,2023-12-13 16:42:26
2001-11-27,XLK,24.65999984741211,25.14999961853028,24.190000534057617,24.729999542236328,2156900,18.40236418699777,0.0,1.0,yahoo,2023-12-13 16:42:26
2001-11-28,XLK,24.450000762939453,24.65999984741211,23.950000762939453,23.950000762939453,640100,17.821942760886543,0.0,1.0,yahoo,2023-12-13 16:42:26
2001-11-29,XLK,24.14999961853028,24.59000015258789,23.96999931335449,24.59000015258789,3821500,18.298186273453215,0.0,1.0,yahoo,2023-12-13 16:42:26
2001-11-30,XLK,24.39999961853028,24.729999542236328,24.270000457763672,24.540000915527344,3255300,18.26098028127805,0.0,1.0,yahoo,2023-12-13 16:42:26
2001-12-03,XLK,24.25,24.440000534057617,24.09000015258789,24.190000534057617,538900,18.000534078099044,0.0,1.0,yahoo,2023-12-13 16:42:26
2001-12-04,XLK,24.31999969482422,24.959999084472656,24.25,24.950000762939453,1764900,18.56607395893078,0.0,1.0,yahoo,2023-12-13 16:42:26
2001-12-05,XLK,25.200000762939453,26.299999237060547,25.200000762939453,26.14999961853028,3631800,19.459030544993297,0.0,1.0,yahoo,2023-12-13 16:42:26
2001-12-06,XLK,26.14999961853028,26.299999237060547,25.90999984741211,26.07999992370605,4324900,19.40694158822101,0.0,1.0,yahoo,2023-12-13 16:42:26
2001-12-07,XLK,25.989999771118164,26.0,25.299999237060547,25.600000381469727,3469500,19.049758953796008,0.0,1.0,yahoo,2023-12-13 16:42:26
2001-12-10,XLK,25.26000022888184,25.75,25.0,25.040000915527344,757300,18.63304588030017,0.0,1.0,yahoo,2023-12-13 16:42:26
2001-12-11,XLK,25.39999961853028,25.690000534057617,25.07999992370605,25.21999931335449,1548400,18.766988303721327,0.0,1.0,yahoo,2023-12-13 16:42:26
2001-12-12,XLK,25.229999542236328,25.51000022888184,24.920000076293945,25.31999969482422,1993800,18.841401707389277,0.0,1.0,yahoo,2023-12-13 16:42:26
2001-12-13,XLK,24.940000534057617,25.030000686645508,24.350000381469727,24.420000076293945,4562300,18.171683913012988,0.0,1.0,yahoo,2023-12-13 16:42:26
2001-12-14,XLK,24.39999961853028,24.780000686645508,24.26000022888184,24.520000457763672,1620200,18.246097316680938,0.0,1.0,yahoo,2023-12-13 16:42:26
2001-12-17,XLK,24.520000457763672,25.18000030517578,24.520000457763672,24.989999771118164,1436600,18.595838468807383,0.0,1.0,yahoo,2023-12-13 16:42:26
2001-12-18,XLK,25.14999961853028,25.3700008392334,24.89999961853028,25.09000015258789,3061000,18.670251872475333,0.0,1.0,yahoo,2023-12-13 16:42:26
2001-12-19,XLK,24.549999237060547,25.07999992370605,24.530000686645508,24.729999542236328,2215100,18.40236418699777,0.0,1.0,yahoo,2023-12-13 16:42:26
2001-12-20,XLK,24.799999237060547,24.799999237060547,23.850000381469727,23.8799991607666,1601900,17.769852384796643,0.0,1.0,yahoo,2023-12-13 16:42:26
2001-12-21,XLK,24.25,24.3700008392334,24.040000915527344,24.200000762939453,1308500,18.0079755603976,0.0,1.0,yahoo,2023-12-13 16:42:26
2001-12-24,XLK,24.25,24.350000381469727,24.059999465942383,24.11000061035156,999100,17.941003639028207,0.0,1.0,yahoo,2023-12-13 16:42:26
2001-12-26,XLK,24.239999771118164,24.709999084472656,24.209999084472656,24.299999237060547,1775000,18.082387544747927,0.0,1.0,yahoo,2023-12-13 16:42:26
2001-12-27,XLK,24.489999771118164,24.63999938964844,24.299999237060547,24.51000022888184,1348300,18.23865583438238,0.0,1.0,yahoo,2023-12-13 16:42:26
2001-12-28,XLK,24.75,24.89999961853028,24.51000022888184,24.559999465942383,3130600,18.27586182655754,0.0,1.0,yahoo,2023-12-13 16:42:26
2001-12-31,XLK,24.40999984741211,24.739999771118164,24.0,24.0,2013000,17.859148753061703,0.0,1.0,yahoo,2023-12-13 16:42:26
2002-01-02,XLK,24.39999961853028,24.690000534057617,24.100000381469727,24.600000381469727,3182000,18.30562775575177,0.0,1.0,yahoo,2023-12-13 16:42:26
2002-01-03,XLK,24.90999984741211,25.75,24.90999984741211,25.68000030517578,2751100,19.10928939286684,0.0,1.0,yahoo,2023-12-13 16:42:26
2002-01-04,XLK,26.059999465942383,26.14999961853028,24.8700008392334,25.84000015258789,4569000,19.228350271008512,0.0,1.0,yahoo,2023-12-13 16:42:26
2002-01-07,XLK,26.0,26.14999961853028,25.51000022888184,25.559999465942383,1551500,19.01999302460178,0.0,1.0,yahoo,2023-12-13 16:42:26
2002-01-08,XLK,25.450000762939453,25.93000030517578,25.3799991607666,25.75,616500,19.16137834963912,0.0,1.0,yahoo,2023-12-13 16:42:26
2002-01-09,XLK,26.14999961853028,26.31999969482422,25.39999961853028,25.549999237060547,2242000,19.012551542303225,0.0,1.0,yahoo,2023-12-13 16:42:26
2002-01-10,XLK,25.450000762939453,25.6200008392334,25.229999542236328,25.34000015258789,861600,18.85628467198639,0.0,1.0,yahoo,2023-12-13 16:42:26
2002-01-11,XLK,25.459999084472656,25.59000015258789,25.020000457763672,25.100000381469727,1731800,18.67769335477389,0.0,1.0,yahoo,2023-12-13 16:42:26
2002-01-14,XLK,24.950000762939453,25.07999992370605,24.530000686645508,24.709999084472656,1294400,18.387481222400652,0.0,1.0,yahoo,2023-12-13 16:42:26
2002-01-15,XLK,24.770000457763672,25.100000381469727,24.57999992370605,24.8700008392334,1220400,18.506543519859946,0.0,1.0,yahoo,2023-12-13 16:42:26
2002-01-16,XLK,24.600000381469727,24.709999084472656,24.25,24.26000022888184,2038000,18.052623034871324,0.0,1.0,yahoo,2023-12-13 16:42:26
2002-01-17,XLK,24.700000762939453,24.88999938964844,24.43000030517578,24.86000061035156,795000,18.499102037561386,0.0,1.0,yahoo,2023-12-13 16:42:26
2002-01-18,XLK,24.25,24.38999938964844,23.86000061035156,24.030000686645508,1600100,17.881473199957377,0.0,1.0,yahoo,2023-12-13 16:42:26
2002-01-22,XLK,24.200000762939453,24.26000022888184,23.1299991607666,23.170000076293945,1891800,17.24151991545769,0.0,1.0,yahoo,2023-12-13 16:42:26
2002-01-23,XLK,23.25,23.68000030517578,23.01000022888184,23.520000457763672,1468200,17.501966118636698,0.0,1.0,yahoo,2023-12-13 16:42:26
2002-01-24,XLK,23.600000381469727,24.14999961853028,23.600000381469727,23.8700008392334,4121000,17.762412321815706,0.0,1.0,yahoo,2023-12-13 16:42:26
2002-01-25,XLK,23.64999961853028,24.020000457763672,23.6200008392334,23.780000686645508,1119300,17.695440400446316,0.0,1.0,yahoo,2023-12-13 16:42:26
2002-01-28,XLK,23.0,24.14999961853028,23.0,23.950000762939453,1093000,17.821942760886543,0.0,1.0,yahoo,2023-12-13 16:42:26
2002-01-29,XLK,24.059999465942383,24.1299991607666,23.01000022888184,23.100000381469727,1163100,17.189430958685413,0.0,1.0,yahoo,2023-12-13 16:42:26
2002-01-30,XLK,23.01000022888184,23.39999961853028,22.440000534057617,23.39999961853028,2932800,17.41266975037164,0.0,1.0,yahoo,2023-12-13 16:42:26
2002-01-31,XLK,23.75,24.0,23.25,23.739999771118164,1377400,17.66567447125209,0.0,1.0,yahoo,2023-12-13 16:42:26
2002-02-01,XLK,23.549999237060547,23.809999465942383,23.190000534057617,23.299999237060547,2049900,17.338256346703687,0.0,1.0,yahoo,2023-12-13 16:42:26
2002-02-04,XLK,23.299999237060547,23.31999969482422,22.5,22.63999938964844,1297500,16.847129869539906,0.0,1.0,yahoo,2023-12-13 16:42:26
2002-02-05,XLK,22.350000381469727,22.84000015258789,22.200000762939453,22.290000915527344,3453000,16.586685085678518,0.0,1.0,yahoo,2023-12-13 16:42:26
2002-02-06,XLK,22.559999465942383,22.559999465942383,21.989999771118164,22.15999984741211,1205700,16.489947235114897,0.0,1.0,yahoo,2023-12-13 16:42:26
2002-02-07,XLK,22.15999984741211,22.46999931335449,21.799999237060547,21.82999992370605,1710700,16.244383996533,0.0,1.0,yahoo,2023-12-13 16:42:26
2002-02-08,XLK,21.950000762939453,22.270000457763672,21.65999984741211,22.25,1143900,16.556919156484287,0.0,1.0,yahoo,2023-12-13 16:42:26
2002-02-11,XLK,22.350000381469727,22.75,22.209999084472656,22.75,632500,16.928984755506406,0.0,1.0,yahoo,2023-12-13 16:42:26
2002-02-12,XLK,22.36000061035156,22.700000762939453,22.26000022888184,22.3799991607666,1007400,16.653655587730285,0.0,1.0,yahoo,2023-12-13 16:42:26
2002-02-13,XLK,22.600000381469727,22.81999969482422,22.5,22.739999771118164,556300,16.92154327320785,0.0,1.0,yahoo,2023-12-13 16:42:26
2002-02-14,XLK,22.940000534057617,22.950000762939453,22.440000534057617,22.5,792800,16.74295195599535,0.0,1.0,yahoo,2023-12-13 16:42:26
2002-02-15,XLK,22.3799991607666,22.540000915527344,21.75,21.850000381469727,1198400,16.259266961130116,0.0,1.0,yahoo,2023-12-13 16:42:26
2002-02-19,XLK,21.5,21.6299991607666,21.049999237060547,21.07999992370605,1801800,15.686285597999822,0.0,1.0,yahoo,2023-12-13 16:42:26
2002-02-20,XLK,21.11000061035156,21.36000061035156,20.6200008392334,21.34000015258789,1621700,15.879759879809441,0.0,1.0,yahoo,2023-12-13 16:42:26
2002-02-21,XLK,21.01000022888184,21.15999984741211,20.31999969482422,20.350000381469727,1015900,15.143070164063761,0.0,1.0,yahoo,2023-12-13 16:42:26
2002-02-22,XLK,20.25,20.84000015258789,20.06999969482422,20.479999542236328,1214400,15.239806595309759,0.0,1.0,yahoo,2023-12-13 16:42:26
2002-02-25,XLK,20.780000686645508,21.3799991607666,20.61000061035156,21.170000076293945,1308400,15.753257519369216,0.0,1.0,yahoo,2023-12-13 16:42:26
2002-02-26,XLK,21.350000381469727,21.459999084472656,20.84000015258789,21.040000915527344,447000,15.65652108812322,0.0,1.0,yahoo,2023-12-13 16:42:26
2002-02-27,XLK,21.290000915527344,21.440000534057617,20.64999961853028,20.88999938964844,1599600,15.544900272962488,0.0,1.0,yahoo,2023-12-13 16:42:26
2002-02-28,XLK,20.850000381469727,21.200000762939453,20.61000061035156,20.64999961853028,414600,15.366308955749988,0.0,1.0,yahoo,2023-12-13 16:42:26
2002-03-01,XLK,20.920000076293945,21.71999931335449,20.89999961853028,21.690000534057617,1573500,16.14020608298845,0.0,1.0,yahoo,2023-12-13 16:42:26
2002-03-04,XLK,21.799999237060547,22.479999542236328,21.450000762939453,22.479999542236328,1674200,16.72806899139823,0.0,1.0,yahoo,2023-12-13 16:42:26
2002-03-05,XLK,22.450000762939453,22.850000381469727,22.39999961853028,22.549999237060547,919500,16.78015794817051,0.0,1.0,yahoo,2023-12-13 16:42:26
2002-03-06,XLK,22.39999961853028,22.920000076293945,22.200000762939453,22.770000457763672,508300,16.943867720103523,0.0,1.0,yahoo,2023-12-13 16:42:26
2002-03-07,XLK,23.030000686645508,23.11000061035156,22.420000076293945,22.690000534057617,479900,16.884337281032685,0.0,1.0,yahoo,2023-12-13 16:42:26
2002-03-08,XLK,23.31999969482422,23.479999542236328,23.0,23.290000915527344,1976700,17.330816283722754,0.0,1.0,yahoo,2023-12-13 16:42:26
2002-03-11,XLK,23.100000381469727,23.559999465942383,22.93000030517578,23.36000061035156,959600,17.382905240495027,0.0,1.0,yahoo,2023-12-13 16:42:26
2002-03-12,XLK,22.850000381469727,22.86000061035156,22.559999465942383,22.86000061035156,915900,17.01083964147291,0.0,1.0,yahoo,2023-12-13 16:42:26
2002-03-13,XLK,22.600000381469727,22.600000381469727,22.18000030517578,22.26000022888184,581800,16.564360638782848,0.0,1.0,yahoo,2023-12-13 16:42:26
2002-03-14,XLK,22.350000381469727,22.3799991607666,21.96999931335449,22.0,359100,16.37088635697323,0.0,1.0,yahoo,2023-12-13 16:42:26
2002-03-15,XLK,22.01000022888184,22.270000457763672,21.940000534057617,22.15999984741211,406800,16.489947235114897,0.0,1.0,yahoo,2023-12-13 16:42:26
2002-03-18,XLK,22.600000381469727,22.600000381469727,22.11000061035156,22.229999542236328,642500,16.542036191887174,0.0,1.0,yahoo,2023-12-13 16:42:26
2002-03-19,XLK,22.309999465942383,22.459999084472656,22.14999961853028,22.31999969482422,577400,16.609008113256564,0.0,1.0,yahoo,2023-12-13 16:42:26
2002-03-20,XLK,21.959999084472656,22.030000686645508,21.600000381469727,21.63999938964844,1082400,16.102998671495666,0.0,1.0,yahoo,2023-12-13 16:42:26
2002-03-21,XLK,21.700000762939453,22.100000381469727,21.5,22.06999969482422,1547100,16.422975313745507,0.0,1.0,yahoo,2023-12-13 16:42:26
2002-03-22,XLK,22.049999237060547,22.09000015258789,21.729999542236328,21.75,882300,16.18485355746217,0.0,1.0,yahoo,2023-12-13 16:42:26
2002-03-25,XLK,21.850000381469727,21.989999771118164,21.26000022888184,21.26000022888184,1153600,15.82022944073861,0.0,1.0,yahoo,2023-12-13 16:42:26
2002-03-26,XLK,21.21999931335449,21.739999771118164,21.18000030517578,21.420000076293945,2001400,15.939290318880275,0.0,1.0,yahoo,2023-12-13 16:42:26
2002-03-27,XLK,21.36000061035156,21.46999931335449,21.18000030517578,21.40999984741211,812700,15.931848836581718,0.0,1.0,yahoo,2023-12-13 16:42:26
2002-03-28,XLK,21.600000381469727,21.84000015258789,21.57999992370605,21.670000076293945,1339900,16.125323118391336,0.0,1.0,yahoo,2023-12-13 16:42:26
2002-04-01,XLK,21.520000457763672,22.049999237060547,21.350000381469727,21.90999984741211,356300,16.303914435603836,0.0,1.0,yahoo,2023-12-13 16:42:26
2002-04-02,XLK,21.57999992370605,21.68000030517578,21.21999931335449,21.270000457763672,454000,15.827670923037164,0.0,1.0,yahoo,2023-12-13 16:42:26
2002-04-03,XLK,21.200000762939453,21.440000534057617,20.729999542236328,20.940000534057617,741900,15.582107684455272,0.0,1.0,yahoo,2023-12-13 16:42:26
2002-04-04,XLK,21.0,21.229999542236328,20.76000022888184,21.030000686645508,1401200,15.649079605824662,0.0,1.0,yahoo,2023-12-13 16:42:26
2002-04-05,XLK,21.25,21.25,20.65999984741211,20.700000762939453,811300,15.40351636724277,0.0,1.0,yahoo,2023-12-13 16:42:26
2002-04-08,XLK,20.14999961853028,20.670000076293945,19.979999542236328,20.600000381469727,828800,15.32910296357482,0.0,1.0,yahoo,2023-12-13 16:42:26
2002-04-09,XLK,20.700000762939453,20.81999969482422,20.020000457763672,20.07999992370605,917600,14.942154399955585,0.0,1.0,yahoo,2023-12-13 16:42:26
2002-04-10,XLK,20.14999961853028,20.34000015258789,19.700000762939453,20.13999938964844,1225300,14.98680187442931,0.0,1.0,yahoo,2023-12-13 16:42:26
2002-04-11,XLK,19.950000762939453,20.0,19.38999938964844,19.46999931335449,704600,14.48823391496696,0.0,1.0,yahoo,2023-12-13 16:42:26
2002-04-12,XLK,19.700000762939453,19.89999961853028,19.540000915527344,19.799999237060547,913700,14.733797153548856,0.0,1.0,yahoo,2023-12-13 16:42:26
2002-04-15,XLK,20.100000381469727,20.100000381469727,19.739999771118164,19.850000381469727,650400,14.771004565041641,0.0,1.0,yahoo,2023-12-13 16:42:26
2002-04-16,XLK,20.5,20.790000915527344,20.350000381469727,20.75,1652300,15.440722359417931,0.0,1.0,yahoo,2023-12-13 16:42:26
2002-04-17,XLK,21.0,21.059999465942383,20.65999984741211,20.82999992370605,1085200,15.500252798488763,0.0,1.0,yahoo,2023-12-13 16:42:26
2002-04-18,XLK,20.700000762939453,20.8700008392334,20.26000022888184,20.61000061035156,1156100,15.336544445873376,0.0,1.0,yahoo,2023-12-13 16:42:26
2002-04-19,XLK,20.850000381469727,20.850000381469727,20.51000022888184,20.549999237060547,226000,15.291895552082035,0.0,1.0,yahoo,2023-12-13 16:42:26
2002-04-22,XLK,20.100000381469727,20.239999771118164,19.84000015258789,20.040000915527344,498000,14.912389890078982,0.0,1.0,yahoo,2023-12-13 16:42:26
2002-04-23,XLK,20.030000686645508,20.14999961853028,19.559999465942383,19.6299991607666,348500,14.60729479310863,0.0,1.0,yahoo,2023-12-13 16:42:26
2002-04-24,XLK,19.68000030517578,19.8700008392334,19.309999465942383,19.32999992370605,749200,14.384056001422406,0.0,1.0,yahoo,2023-12-13 16:42:26
2002-04-25,XLK,19.299999237060547,19.56999969482422,19.13999938964844,19.459999084472656,711400,14.480792432668405,0.0,1.0,yahoo,2023-12-13 16:42:26
2002-04-26,XLK,19.600000381469727,19.690000534057617,18.799999237060547,18.799999237060547,1957100,13.989665955504618,0.0,1.0,yahoo,2023-12-13 16:42:26
2002-04-29,XLK,18.76000022888184,19.059999465942383,18.549999237060547,18.68000030517578,960800,13.90037100655718,0.0,1.0,yahoo,2023-12-13 16:42:26
2002-04-30,XLK,18.799999237060547,19.290000915527344,18.64999961853028,19.049999237060547,1531200,14.175698755015679,0.0,1.0,yahoo,2023-12-13 16:42:26
2002-05-01,XLK,18.950000762939453,19.100000381469727,18.3799991607666,18.88999938964844,454300,14.056637876874012,0.0,1.0,yahoo,2023-12-13 16:42:26
2002-05-02,XLK,18.8799991607666,19.18000030517578,18.350000381469727,18.40999984741211,463900,13.699455242449005,0.0,1.0,yahoo,2023-12-13 16:42:26
2002-05-03,XLK,18.34000015258789,19.07999992370605,17.81999969482422,17.969999313354492,830000,13.372037117900607,0.0,1.0,yahoo,2023-12-13 16:42:26
2002-05-06,XLK,17.75,18.07999992370605,17.440000534057617,17.459999084472656,672700,12.99253003657993,0.0,1.0,yahoo,2023-12-13 16:42:26
2002-05-07,XLK,17.639999389648438,17.75,17.270000457763672,17.459999084472656,748700,12.99253003657993,0.0,1.0,yahoo,2023-12-13 16:42:26
2002-05-08,XLK,18.5,19.299999237060547,18.38999938964844,19.270000457763672,3023900,14.33940852694869,0.0,1.0,yahoo,2023-12-13 16:42:26
2002-05-09,XLK,19.200000762939453,19.239999771118164,18.61000061035156,18.63999938964844,1937900,13.870605077362953,0.0,1.0,yahoo,2023-12-13 16:42:26
2002-05-10,XLK,18.64999961853028,18.709999084472656,17.889999389648438,18.0,847700,13.394361564796277,0.0,1.0,yahoo,2023-12-13 16:42:26
2002-05-13,XLK,18.049999237060547,18.75,18.0,18.709999084472656,1016800,13.922694034135228,0.0,1.0,yahoo,2023-12-13 16:42:26
2002-05-14,XLK,19.540000915527344,19.670000076293945,19.25,19.61000061035156,2082800,14.592413247829137,0.0,1.0,yahoo,2023-12-13 16:42:26
2002-05-15,XLK,19.25,20.100000381469727,19.200000762939453,19.549999237060547,2931800,14.547764354037797,0.0,1.0,yahoo,2023-12-13 16:42:26
2002-05-16,XLK,19.549999237060547,19.850000381469727,19.450000762939453,19.84000015258789,735900,14.763563082743085,0.0,1.0,yahoo,2023-12-13 16:42:26
2002-05-17,XLK,20.049999237060547,20.1299991607666,19.690000534057617,19.940000534057617,929300,14.837976486411034,0.0,1.0,yahoo,2023-12-13 16:42:26
2002-05-20,XLK,19.64999961853028,19.770000457763672,19.34000015258789,19.420000076293945,1072500,14.4510279227918,0.0,1.0,yahoo,2023-12-13 16:42:26
2002-05-21,XLK,19.700000762939453,19.700000762939453,18.90999984741211,18.940000534057617,2520500,14.093845288366795,0.0,1.0,yahoo,2023-12-13 16:42:26
2002-05-22,XLK,18.89999961853028,19.170000076293945,18.729999542236328,19.170000076293945,931400,14.264995123280741,0.0,1.0,yahoo,2023-12-13 16:42:26
2002-05-23,XLK,19.239999771118164,19.440000534057617,18.86000061035156,19.31999969482422,389500,14.376614519123851,0.0,1.0,yahoo,2023-12-13 16:42:26
2002-05-24,XLK,19.01000022888184,19.13999938964844,18.799999237060547,18.89999961853028,453100,14.064079359172572,0.0,1.0,yahoo,2023-12-13 16:42:26
2002-05-28,XLK,18.940000534057617,19.01000022888184,18.520000457763672,18.729999542236328,953100,13.937576998732341,0.0,1.0,yahoo,2023-12-13 16:42:26
2002-05-29,XLK,18.530000686645508,18.6299991607666,18.3700008392334,18.3799991607666,1000100,13.677130795553333,0.0,1.0,yahoo,2023-12-13 16:42:26
2002-05-30,XLK,18.239999771118164,18.57999992370605,18.1299991607666,18.46999931335449,498500,13.744102716922722,0.0,1.0,yahoo,2023-12-13 16:42:26
2002-05-31,XLK,18.6200008392334,18.770000457763672,18.26000022888184,18.26000022888184,813400,13.587835846605897,0.0,1.0,yahoo,2023-12-13 16:42:26
2002-06-03,XLK,18.270000457763672,18.420000076293945,17.639999389648438,17.719999313354492,704200,13.186004318389546,0.0,1.0,yahoo,2023-12-13 16:42:26
2002-06-04,XLK,17.549999237060547,18.14999961853028,17.549999237060547,17.969999313354492,1539500,13.372037117900607,0.0,1.0,yahoo,2023-12-13 16:42:26
2002-06-05,XLK,17.899999618530273,18.190000534057617,17.75,18.190000534057617,687300,13.535746889833618,0.0,1.0,yahoo,2023-12-13 16:42:26
2002-06-06,XLK,17.950000762939453,18.030000686645508,17.59000015258789,17.75,814500,13.208328765285218,0.0,1.0,yahoo,2023-12-13 16:42:26
2002-06-07,XLK,17.149999618530273,17.56999969482422,16.889999389648438,17.360000610351562,1571800,12.918118052229605,0.0,1.0,yahoo,2023-12-13 16:42:26
2002-06-10,XLK,17.260000228881836,17.520000457763672,17.139999389648438,17.200000762939453,691500,12.799057174087936,0.0,1.0,yahoo,2023-12-13 16:42:26
2002-06-11,XLK,17.399999618530273,17.540000915527344,16.81999969482422,16.81999969482422,948800,12.516286524013259,0.0,1.0,yahoo,2023-12-13 16:42:26
2002-06-12,XLK,16.68000030517578,17.200000762939453,16.559999465942383,17.15999984741211,1031600,12.769291244893708,0.0,1.0,yahoo,2023-12-13 16:42:26
2002-06-13,XLK,17.3799991607666,17.3799991607666,16.809999465942383,16.8700008392334,676400,12.553493935506044,0.0,1.0,yahoo,2023-12-13 16:42:26
2002-06-14,XLK,16.5,16.90999984741211,16.110000610351562,16.84000015258789,882800,12.531169488610372,0.0,1.0,yahoo,2023-12-13 16:42:26
2002-06-17,XLK,16.950000762939453,17.469999313354492,16.950000762939453,17.40999984741211,403900,12.955324044404767,0.0,1.0,yahoo,2023-12-13 16:42:26
2002-06-18,XLK,17.200000762939453,17.600000381469727,17.200000762939453,17.219999313354492,348300,12.813938719367428,0.0,1.0,yahoo,2023-12-13 16:42:26
2002-06-19,XLK,17.0,17.079999923706055,16.459999084472656,16.540000915527344,581500,12.30793069692415,0.0,1.0,yahoo,2023-12-13 16:42:26
2002-06-20,XLK,16.600000381469727,16.68000030517578,16.020000457763672,16.15999984741211,476500,12.025160046849471,0.0,1.0,yahoo,2023-12-13 16:42:26
2002-06-21,XLK,15.800000190734863,16.239999771118164,15.579999923706056,15.699999809265137,701800,11.682859667362768,0.0,1.0,yahoo,2023-12-13 16:42:26
2002-06-24,XLK,15.5,16.190000534057617,15.270000457763672,15.970000267028809,902600,11.883775431470943,0.0,1.0,yahoo,2023-12-13 16:42:26
2002-06-25,XLK,16.18000030517578,16.200000762939453,15.390000343322754,15.420000076293944,638300,11.474503130614849,0.0,1.0,yahoo,2023-12-13 16:42:26
2002-06-26,XLK,14.600000381469728,15.630000114440918,14.5,15.43000030517578,1229800,11.481944612913406,0.0,1.0,yahoo,2023-12-13 16:42:26
2002-06-27,XLK,15.619999885559082,15.84000015258789,15.140000343322754,15.84000015258789,564600,11.787038290566134,0.0,1.0,yahoo,2023-12-13 16:42:26
2002-06-28,XLK,15.949999809265137,16.170000076293945,15.720000267028809,15.81999969482422,454000,11.772155325969022,0.0,1.0,yahoo,2023-12-13 16:42:26
2002-07-01,XLK,15.779999732971191,15.880000114440918,15.130000114440918,15.149999618530272,584500,11.273587366506675,0.0,1.0,yahoo,2023-12-13 16:42:26
2002-07-02,XLK,14.899999618530272,15.149999618530272,14.609999656677246,14.699999809265137,1413700,10.938728469318532,0.0,1.0,yahoo,2023-12-13 16:42:26
2002-07-03,XLK,14.520000457763672,15.239999771118164,14.520000457763672,15.239999771118164,518700,11.340559287876067,0.0,1.0,yahoo,2023-12-13 16:42:26
2002-07-05,XLK,15.449999809265137,16.100000381469727,15.449999809265137,16.059999465942383,2239700,11.950746643181523,0.0,1.0,yahoo,2023-12-13 16:42:26
2002-07-08,XLK,16.170000076293945,16.200000762939453,15.470000267028809,15.579999923706056,1090100,11.59356400875652,0.0,1.0,yahoo,2023-12-13 16:42:26
2002-07-09,XLK,15.5600004196167,15.760000228881836,15.3100004196167,15.350000381469728,397600,11.422414173842574,0.0,1.0,yahoo,2023-12-13 16:42:26
2002-07-10,XLK,15.449999809265137,15.5600004196167,14.9399995803833,14.9399995803833,907900,11.117319786531034,0.0,1.0,yahoo,2023-12-13 16:42:26
2002-07-11,XLK,14.850000381469728,15.489999771118164,14.68000030517578,15.489999771118164,1277900,11.526592087387126,0.0,1.0,yahoo,2023-12-13 16:42:26
2002-07-12,XLK,15.850000381469728,15.850000381469728,15.289999961853027,15.420000076293944,1111100,11.474503130614849,0.0,1.0,yahoo,2023-12-13 16:42:26
2002-07-15,XLK,15.100000381469728,15.720000267028809,14.760000228881836,15.720000267028809,548700,11.697742631959883,0.0,1.0,yahoo,2023-12-13 16:42:26
2002-07-16,XLK,15.5,16.040000915527344,15.40999984741211,15.539999961853027,1004900,11.563798789221101,0.0,1.0,yahoo,2023-12-13 16:42:26
2002-07-17,XLK,16.299999237060547,16.299999237060547,15.449999809265137,15.649999618530272,1817000,11.645652965528793,0.0,1.0,yahoo,2023-12-13 16:42:26
2002-07-18,XLK,15.510000228881836,15.81999969482422,15.300000190734863,15.31999969482422,369300,11.400089726946902,0.0,1.0,yahoo,2023-12-13 16:42:26
2002-07-19,XLK,15.06999969482422,15.359999656677246,14.640000343322754,14.84000015258789,1419600,11.042907092521897,0.0,1.0,yahoo,2023-12-13 16:42:26
2002-07-22,XLK,14.510000228881836,14.880000114440918,13.949999809265137,14.0600004196167,1157600,10.462484956751858,0.0,1.0,yahoo,2023-12-13 16:42:26
2002-07-23,XLK,14.18000030517578,14.210000038146973,13.350000381469728,13.359999656677246,1009300,9.941592550393842,0.0,1.0,yahoo,2023-12-13 16:42:26
2002-07-24,XLK,12.899999618530272,14.050000190734863,12.899999618530272,14.050000190734863,894300,10.455043474453301,0.0,1.0,yahoo,2023-12-13 16:42:26
2002-07-25,XLK,13.850000381469728,13.899999618530272,12.949999809265137,13.210000038146973,1236900,9.829973154550732,0.0,1.0,yahoo,2023-12-13 16:42:26
2002-07-26,XLK,13.350000381469728,13.5,13.050000190734863,13.390000343322754,1156000,9.963916997289514,0.0,1.0,yahoo,2023-12-13 16:42:26
2002-07-29,XLK,13.800000190734863,14.25,13.65999984741211,14.18000030517578,1010900,10.551780615358108,0.0,1.0,yahoo,2023-12-13 16:42:26
2002-07-30,XLK,14.029999732971191,14.529999732971191,13.960000038146973,14.399999618530272,766800,10.715488967973496,0.0,1.0,yahoo,2023-12-13 16:42:26
2002-07-31,XLK,14.220000267028809,14.380000114440918,14.029999732971191,14.31999969482422,359200,10.655958528902666,0.0,1.0,yahoo,2023-12-13 16:42:26
2002-08-01,XLK,14.170000076293944,14.350000381469728,13.640000343322754,13.6899995803833,1067300,10.187155788975737,0.0,1.0,yahoo,2023-12-13 16:42:26
2002-08-02,XLK,13.550000190734863,13.699999809265137,13.199999809265137,13.399999618530272,942300,9.97135776992926,0.0,1.0,yahoo,2023-12-13 16:42:26
2002-08-05,XLK,13.270000457763672,13.359999656677246,12.760000228881836,12.81999969482422,443200,9.53976173183631,0.0,1.0,yahoo,2023-12-13 16:42:26
2002-08-06,XLK,13.149999618530272,13.779999732971191,13.149999618530272,13.359999656677246,434700,9.941592550393842,0.0,1.0,yahoo,2023-12-13 16:42:26
2002-08-07,XLK,13.920000076293944,14.0,13.109999656677246,13.600000381469728,681100,10.120184577265158,0.0,1.0,yahoo,2023-12-13 16:42:26
2002-08-08,XLK,13.59000015258789,14.18000030517578,13.369999885559082,14.100000381469728,397100,10.492250176287277,0.0,1.0,yahoo,2023-12-13 16:42:26
2002-08-09,XLK,13.880000114440918,14.210000038146973,13.789999961853027,14.050000190734863,196600,10.455043474453301,0.0,1.0,yahoo,2023-12-13 16:42:26
2002-08-12,XLK,13.800000190734863,14.09000015258789,13.729999542236328,13.920000076293944,188900,10.358306333548493,0.0,1.0,yahoo,2023-12-13 16:42:26
2002-08-13,XLK,13.949999809265137,14.300000190734863,13.600000381469728,13.600000381469728,699200,10.120184577265158,0.0,1.0,yahoo,2023-12-13 16:42:26
2002-08-14,XLK,13.739999771118164,14.520000457763672,13.619999885559082,14.449999809265137,896400,10.752695669807473,0.0,1.0,yahoo,2023-12-13 16:42:26
2002-08-15,XLK,14.720000267028809,14.800000190734863,14.300000190734863,14.649999618530272,357900,10.901521767484557,0.0,1.0,yahoo,2023-12-13 16:42:26
2002-08-16,XLK,14.350000381469728,15.140000343322754,14.350000381469728,15.0,1860500,11.161967970663564,0.0,1.0,yahoo,2023-12-13 16:42:26
2002-08-19,XLK,15.039999961853027,15.619999885559082,15.0,15.550000190734863,1219300,11.571240271519658,0.0,1.0,yahoo,2023-12-13 16:42:26
2002-08-20,XLK,15.399999618530272,15.420000076293944,15.050000190734863,15.109999656677246,667200,11.243822146971258,0.0,1.0,yahoo,2023-12-13 16:42:26
2002-08-21,XLK,15.359999656677246,15.640000343322754,15.109999656677246,15.579999923706056,640100,11.59356400875652,0.0,1.0,yahoo,2023-12-13 16:42:26
2002-08-22,XLK,15.699999809265137,15.84000015258789,15.43000030517578,15.760000228881836,783000,11.7275078514953,0.0,1.0,yahoo,2023-12-13 16:42:26
2002-08-23,XLK,15.510000228881836,15.5600004196167,15.050000190734863,15.1899995803833,951000,11.303352586042093,0.0,1.0,yahoo,2023-12-13 16:42:26
2002-08-26,XLK,15.149999618530272,15.359999656677246,14.880000114440918,15.289999961853027,642400,11.377765989710042,0.0,1.0,yahoo,2023-12-13 16:42:26
2002-08-27,XLK,15.31999969482422,15.369999885559082,14.720000267028809,14.779999732971191,1136800,10.998258908389365,0.0,1.0,yahoo,2023-12-13 16:42:26
2002-08-28,XLK,14.600000381469728,14.649999618530272,14.289999961853027,14.369999885559082,1118900,10.693165230736637,0.0,1.0,yahoo,2023-12-13 16:42:26
2002-08-29,XLK,14.100000381469728,14.6899995803833,14.0600004196167,14.56999969482422,666300,10.841991328413725,0.0,1.0,yahoo,2023-12-13 16:42:26
2002-08-30,XLK,14.350000381469728,14.489999771118164,14.1899995803833,14.199999809265137,1605200,10.566662870296412,0.0,1.0,yahoo,2023-12-13 16:42:26
2002-09-03,XLK,13.850000381469728,13.960000038146973,13.5,13.5,1459900,10.045771173597208,0.0,1.0,yahoo,2023-12-13 16:42:26
2002-09-04,XLK,13.520000457763672,13.9399995803833,13.5,13.920000076293944,919200,10.358306333548493,0.0,1.0,yahoo,2023-12-13 16:42:26
2002-09-05,XLK,13.550000190734863,13.630000114440918,13.359999656677246,13.449999809265137,392900,10.008564471763234,0.0,1.0,yahoo,2023-12-13 16:42:26
2002-09-06,XLK,13.670000076293944,14.020000457763672,13.619999885559082,13.899999618530272,2943900,10.343423368951377,0.0,1.0,yahoo,2023-12-13 16:42:26
2002-09-09,XLK,13.68000030517578,14.109999656677246,13.56999969482422,14.050000190734863,699200,10.455043474453301,0.0,1.0,yahoo,2023-12-13 16:42:26
2002-09-10,XLK,14.170000076293944,14.329999923706056,14.039999961853027,14.289999961853027,290000,10.633634791665804,0.0,1.0,yahoo,2023-12-13 16:42:26
2002-09-11,XLK,14.699999809265137,14.699999809265137,14.3100004196167,14.369999885559082,718500,10.693165230736637,0.0,1.0,yahoo,2023-12-13 16:42:26
2002-09-12,XLK,14.149999618530272,14.25,13.84000015258789,13.84000015258789,340400,10.298775894477659,0.0,1.0,yahoo,2023-12-13 16:42:26
2002-09-13,XLK,13.75,14.039999961853027,13.720000267028809,13.899999618530272,246800,10.343423368951377,0.0,1.0,yahoo,2023-12-13 16:42:26
2002-09-16,XLK,13.800000190734863,13.869999885559082,13.5600004196167,13.670000076293944,200800,10.172273534037432,0.0,1.0,yahoo,2023-12-13 16:42:26
2002-09-17,XLK,13.869999885559082,14.020000457763672,13.460000038146973,13.5,378600,10.045771173597208,0.0,1.0,yahoo,2023-12-13 16:42:26
2002-09-18,XLK,13.270000457763672,13.550000190734863,13.140000343322754,13.359999656677246,605500,9.941592550393842,0.0,1.0,yahoo,2023-12-13 16:42:26
2002-09-19,XLK,13.050000190734863,13.119999885559082,12.760000228881836,12.760000228881836,1149700,9.495114257362587,0.0,1.0,yahoo,2023-12-13 16:42:26
2002-09-20,XLK,13.0,13.0,12.729999542236328,12.829999923706056,1491300,9.547203214134866,0.0,1.0,yahoo,2023-12-13 16:42:26
2002-09-23,XLK,12.539999961853027,12.630000114440918,12.300000190734863,12.43000030517578,898500,9.249551018780693,0.0,1.0,yahoo,2023-12-13 16:42:26
2002-09-24,XLK,12.260000228881836,12.5600004196167,12.15999984741211,12.229999542236328,1327800,9.100724211444797,0.0,1.0,yahoo,2023-12-13 16:42:26
2002-09-25,XLK,12.510000228881836,12.880000114440918,12.3100004196167,12.699999809265137,1345100,9.450466073230055,0.0,1.0,yahoo,2023-12-13 16:42:26
2002-09-26,XLK,12.899999618530272,12.949999809265137,12.470000267028809,12.550000190734863,1616900,9.338846677386945,0.0,1.0,yahoo,2023-12-13 16:42:26
2002-09-27,XLK,12.449999809265137,12.720000267028809,12.229999542236328,12.239999771118164,1092800,9.108165693743354,0.0,1.0,yahoo,2023-12-13 16:42:26
2002-09-30,XLK,12.140000343322754,12.140000343322754,11.720000267028809,11.829999923706056,1585300,8.803072016090628,0.0,1.0,yahoo,2023-12-13 16:42:26
2002-10-01,XLK,11.9399995803833,12.5,11.789999961853027,12.470000267028809,1078400,9.279316238316111,0.0,1.0,yahoo,2023-12-13 16:42:26
2002-10-02,XLK,12.380000114440918,12.649999618530272,12.100000381469728,12.1899995803833,2538900,9.07095899190938,0.0,1.0,yahoo,2023-12-13 16:42:26
2002-10-03,XLK,12.199999809265137,12.470000267028809,12.109999656677246,12.15999984741211,522200,9.04863525467252,0.0,1.0,yahoo,2023-12-13 16:42:26
2002-10-04,XLK,12.34000015258789,12.34000015258789,11.800000190734863,11.899999618530272,1139100,8.855160972862903,0.0,1.0,yahoo,2023-12-13 16:42:26
2002-10-07,XLK,11.859999656677246,12.039999961853027,11.619999885559082,11.6899995803833,687400,8.69889339288726,0.0,1.0,yahoo,2023-12-13 16:42:26
2002-10-08,XLK,11.8100004196167,11.90999984741211,11.420000076293944,11.6899995803833,1186100,8.69889339288726,0.0,1.0,yahoo,2023-12-13 16:42:26
2002-10-09,XLK,11.5,11.81999969482422,11.399999618530272,11.579999923706056,982500,8.617039216579569,0.0,1.0,yahoo,2023-12-13 16:42:26
2002-10-10,XLK,11.609999656677246,12.270000457763672,11.460000038146973,12.1899995803833,1492300,9.07095899190938,0.0,1.0,yahoo,2023-12-13 16:42:26
2002-10-11,XLK,12.5,13.050000190734863,12.479999542236328,12.960000038146973,2498300,9.643940355039673,0.0,1.0,yahoo,2023-12-13 16:42:26
2002-10-14,XLK,12.65999984741211,13.0,12.65999984741211,12.979999542236328,738000,9.658822609977975,0.0,1.0,yahoo,2023-12-13 16:42:26
2002-10-15,XLK,13.550000190734863,13.84000015258789,13.4399995803833,13.800000190734863,2732000,10.269010674942242,0.0,1.0,yahoo,2023-12-13 16:42:26
2002-10-16,XLK,13.199999809265137,13.369999885559082,12.979999542236328,13.050000190734863,1105300,9.710912276409063,0.0,1.0,yahoo,2023-12-13 16:42:26
2002-10-17,XLK,13.800000190734863,13.850000381469728,13.449999809265137,13.600000381469728,1575100,10.120184577265158,0.0,1.0,yahoo,2023-12-13 16:42:26
2002-10-18,XLK,13.600000381469728,13.8100004196167,13.300000190734863,13.779999732971191,623600,10.254127710345127,0.0,1.0,yahoo,2023-12-13 16:42:26
2002-10-21,XLK,13.5600004196167,14.170000076293944,13.520000457763672,14.0600004196167,1472300,10.462484956751858,0.0,1.0,yahoo,2023-12-13 16:42:26
2002-10-22,XLK,13.789999961853027,14.25,13.630000114440918,14.0,2701300,10.417836772619328,0.0,1.0,yahoo,2023-12-13 16:42:26
2002-10-23,XLK,13.960000038146973,14.380000114440918,13.779999732971191,14.380000114440918,751400,10.700606713035196,0.0,1.0,yahoo,2023-12-13 16:42:26
2002-10-24,XLK,14.5,14.630000114440918,14.079999923706056,14.149999618530272,1502500,10.529456168462437,0.0,1.0,yahoo,2023-12-13 16:42:26
2002-10-25,XLK,14.09000015258789,14.539999961853027,14.09000015258789,14.529999732971191,686700,10.812226108878306,0.0,1.0,yahoo,2023-12-13 16:42:26
2002-10-28,XLK,14.75,14.850000381469728,14.420000076293944,14.5,610100,10.789902371641446,0.0,1.0,yahoo,2023-12-13 16:42:26
2002-10-29,XLK,14.4399995803833,14.600000381469728,13.90999984741211,14.260000228881836,1158800,10.611311054428944,0.0,1.0,yahoo,2023-12-13 16:42:26
2002-10-30,XLK,14.260000228881836,14.81999969482422,14.199999809265137,14.75,854300,10.975935171152505,0.0,1.0,yahoo,2023-12-13 16:42:26
2002-10-31,XLK,14.81999969482422,15.050000190734863,14.640000343322754,14.760000228881836,2117200,10.983376653451062,0.0,1.0,yahoo,2023-12-13 16:42:26
2002-11-01,XLK,14.600000381469728,15.229999542236328,14.4399995803833,15.199999809265137,641100,11.31079406834065,0.0,1.0,yahoo,2023-12-13 16:42:26
2002-11-04,XLK,15.850000381469728,16.149999618530273,15.640000343322754,15.789999961853027,3035900,11.74983158873216,0.0,1.0,yahoo,2023-12-13 16:42:26
2002-11-05,XLK,15.550000190734863,15.81999969482422,15.40999984741211,15.6899995803833,1427900,11.675418185064212,0.0,1.0,yahoo,2023-12-13 16:42:26
2002-11-06,XLK,15.850000381469728,15.979999542236328,15.5,15.9399995803833,809600,11.86145098457527,0.0,1.0,yahoo,2023-12-13 16:42:26
2002-11-07,XLK,15.6899995803833,15.6899995803833,15.260000228881836,15.3100004196167,724600,11.392648954307155,0.0,1.0,yahoo,2023-12-13 16:42:26
2002-11-08,XLK,15.390000343322754,15.600000381469728,15.109999656677246,15.199999809265137,1447000,11.31079406834065,0.0,1.0,yahoo,2023-12-13 16:42:26
2002-11-11,XLK,15.15999984741211,15.15999984741211,14.600000381469728,14.670000076293944,861100,10.91640473208167,0.0,1.0,yahoo,2023-12-13 16:42:26
2002-11-12,XLK,14.779999732971191,15.31999969482422,14.779999732971191,15.079999923706056,330800,11.2214984097344,0.0,1.0,yahoo,2023-12-13 16:42:26
2002-11-13,XLK,15.0,15.300000190734863,14.800000190734863,15.149999618530272,1646600,11.273587366506675,0.0,1.0,yahoo,2023-12-13 16:42:26
2002-11-14,XLK,15.5,15.760000228881836,15.350000381469728,15.760000228881836,1539300,11.7275078514953,0.0,1.0,yahoo,2023-12-13 16:42:26
2002-11-15,XLK,15.539999961853027,15.84000015258789,15.399999618530272,15.789999961853027,918800,11.74983158873216,0.0,1.0,yahoo,2023-12-13 16:42:26
2002-11-18,XLK,15.989999771118164,16.020000457763672,15.600000381469728,15.609999656677246,1166100,11.615887745993378,0.0,1.0,yahoo,2023-12-13 16:42:26
2002-11-19,XLK,15.550000190734863,15.630000114440918,15.25,15.359999656677246,850900,11.429854946482319,0.0,1.0,yahoo,2023-12-13 16:42:26
2002-11-20,XLK,15.31999969482422,16.100000381469727,15.31999969482422,16.0,1290200,11.906099168707803,0.0,1.0,yahoo,2023-12-13 16:42:26
2002-11-21,XLK,16.450000762939453,16.850000381469727,16.309999465942383,16.829999923706055,3673400,12.523728006311815,0.0,1.0,yahoo,2023-12-13 16:42:26
2002-11-22,XLK,16.549999237060547,16.8799991607666,16.5,16.770000457763672,1297600,12.479080531838095,0.0,1.0,yahoo,2023-12-13 16:42:26
2002-11-25,XLK,16.799999237060547,17.1200008392334,16.760000228881836,17.020000457763672,1887600,12.665113331349154,0.0,1.0,yahoo,2023-12-13 16:42:26
2002-11-26,XLK,16.850000381469727,16.989999771118164,16.530000686645508,16.530000686645508,1734200,12.300489214625593,0.0,1.0,yahoo,2023-12-13 16:42:26
2002-11-27,XLK,16.950000762939453,17.260000228881836,16.790000915527344,17.200000762939453,1231800,12.799057174087936,0.0,1.0,yahoo,2023-12-13 16:42:26
2002-11-29,XLK,17.299999237060547,17.299999237060547,17.049999237060547,17.100000381469727,434800,12.72464377041999,0.0,1.0,yahoo,2023-12-13 16:42:26
2002-12-02,XLK,17.600000381469727,17.799999237060547,16.950000762939453,17.149999618530273,1781600,12.761849762595151,0.0,1.0,yahoo,2023-12-13 16:42:26
2002-12-03,XLK,16.850000381469727,16.899999618530273,16.530000686645508,16.549999237060547,3024700,12.315370759905084,0.0,1.0,yahoo,2023-12-13 16:42:26
2002-12-04,XLK,16.1299991607666,16.489999771118164,16.020000457763672,16.299999237060547,1771100,12.129337960394025,0.0,1.0,yahoo,2023-12-13 16:42:26
2002-12-05,XLK,16.540000915527344,16.540000915527344,15.93000030517578,15.9399995803833,975900,11.86145098457527,0.0,1.0,yahoo,2023-12-13 16:42:26
2002-12-06,XLK,15.800000190734863,16.239999771118164,15.600000381469728,16.09000015258789,993800,11.973071090077195,0.0,1.0,yahoo,2023-12-13 16:42:26
2002-12-09,XLK,15.800000190734863,15.859999656677246,15.289999961853027,15.329999923706056,1130100,11.40753120924546,0.0,1.0,yahoo,2023-12-13 16:42:26
2002-12-10,XLK,15.350000381469728,15.720000267028809,15.350000381469728,15.579999923706056,3302900,11.59356400875652,0.0,1.0,yahoo,2023-12-13 16:42:26
2002-12-11,XLK,15.489999771118164,15.880000114440918,15.350000381469728,15.699999809265137,734100,11.682859667362768,0.0,1.0,yahoo,2023-12-13 16:42:26
2002-12-12,XLK,15.850000381469728,15.890000343322754,15.539999961853027,15.630000114440918,663500,11.630770710590491,0.0,1.0,yahoo,2023-12-13 16:42:26
2002-12-13,XLK,15.510000228881836,15.539999961853027,15.25,15.279999732971191,533800,11.370324507411484,0.0,1.0,yahoo,2023-12-13 16:42:26
2002-12-16,XLK,15.3100004196167,15.859999656677246,15.3100004196167,15.800000190734863,1592600,11.757273071030717,0.0,1.0,yahoo,2023-12-13 16:42:26
2002-12-17,XLK,15.829999923706056,16.010000228881836,15.670000076293944,15.720000267028809,2565900,11.697742631959883,0.0,1.0,yahoo,2023-12-13 16:42:26
2002-12-18,XLK,15.479999542236328,15.56999969482422,15.199999809265137,15.289999961853027,805300,11.377765989710042,0.0,1.0,yahoo,2023-12-13 16:42:26
2002-12-19,XLK,15.369999885559082,15.609999656677246,15.06999969482422,15.229999542236328,2437500,11.33311780557751,0.0,1.0,yahoo,2023-12-13 16:42:26
2002-12-20,XLK,15.399999618530272,15.479999542236328,15.25,15.350000381469728,1769300,11.453246947247122,0.041,1.0,yahoo,2023-12-13 16:42:26
2002-12-23,XLK,15.300000190734863,15.630000114440918,15.260000228881836,15.539999961853027,1070900,11.595013205222608,0.0,1.0,yahoo,2023-12-13 16:42:26
2002-12-24,XLK,15.380000114440918,15.5600004196167,15.350000381469728,15.380000114440918,525300,11.47563094343811,0.0,1.0,yahoo,2023-12-13 16:42:26
2002-12-26,XLK,15.489999771118164,15.670000076293944,15.199999809265137,15.300000190734863,788900,11.415939812545862,0.0,1.0,yahoo,2023-12-13 16:42:26
2002-12-27,XLK,15.289999961853027,15.34000015258789,15.0,15.029999732971191,1253800,11.214481712103717,0.0,1.0,yahoo,2023-12-13 16:42:26
2002-12-30,XLK,15.18000030517578,15.18000030517578,14.75,14.880000114440918,3716800,11.102561019574352,0.0,1.0,yahoo,2023-12-13 16:42:26
2002-12-31,XLK,14.970000267028809,14.979999542236328,14.720000267028809,14.800000190734863,2171100,11.042869888682105,0.0,1.0,yahoo,2023-12-13 16:42:26
2003-01-02,XLK,14.899999618530272,15.600000381469728,14.880000114440918,15.600000381469728,2072200,11.639781909179,0.0,1.0,yahoo,2023-12-13 16:42:26
2003-01-03,XLK,15.550000190734863,15.699999809265137,15.399999618530272,15.65999984741211,1581200,11.684549901560981,0.0,1.0,yahoo,2023-12-13 16:42:26
2003-01-06,XLK,15.760000228881836,16.459999084472656,15.760000228881836,16.350000381469727,1287800,12.199386794974636,0.0,1.0,yahoo,2023-12-13 16:42:26
2003-01-07,XLK,16.420000076293945,16.670000076293945,16.299999237060547,16.520000457763672,1797200,12.326230626014265,0.0,1.0,yahoo,2023-12-13 16:42:26
2003-01-08,XLK,16.25,16.350000381469727,15.979999542236328,15.979999542236328,1516800,11.923314425129975,0.0,1.0,yahoo,2023-12-13 16:42:26
2003-01-09,XLK,16.290000915527344,16.59000015258789,16.229999542236328,16.450000762939453,871800,12.27400106437715,0.0,1.0,yahoo,2023-12-13 16:42:26
2003-01-10,XLK,16.149999618530273,16.700000762939453,16.149999618530273,16.540000915527344,791800,12.341153764524533,0.0,1.0,yahoo,2023-12-13 16:42:26
2003-01-13,XLK,16.850000381469727,16.899999618530273,16.399999618530273,16.450000762939453,1338700,12.27400106437715,0.0,1.0,yahoo,2023-12-13 16:42:26
2003-01-14,XLK,16.489999771118164,16.729999542236328,16.450000762939453,16.68000030517578,947400,12.445612887798763,0.0,1.0,yahoo,2023-12-13 16:42:26
2003-01-15,XLK,16.75,16.780000686645508,16.299999237060547,16.350000381469727,908000,12.199386794974636,0.0,1.0,yahoo,2023-12-13 16:42:26
2003-01-16,XLK,16.31999969482422,16.450000762939453,15.949999809265137,16.0,1294200,11.938237563640241,0.0,1.0,yahoo,2023-12-13 16:42:26
2003-01-17,XLK,15.550000190734863,15.640000343322754,15.199999809265137,15.220000267028809,2839300,11.356248681653614,0.0,1.0,yahoo,2023-12-13 16:42:26
2003-01-21,XLK,15.359999656677246,15.399999618530272,15.119999885559082,15.119999885559082,1436900,11.2816344122511,0.0,1.0,yahoo,2023-12-13 16:42:26
2003-01-22,XLK,15.100000381469728,15.380000114440918,15.020000457763672,15.020000457763672,1363900,11.207020854422993,0.0,1.0,yahoo,2023-12-13 16:42:26
2003-01-23,XLK,15.399999618530272,15.399999618530272,14.949999809265137,15.279999732971191,527400,11.401016674035596,0.0,1.0,yahoo,2023-12-13 16:42:26
2003-01-24,XLK,15.199999809265137,15.229999542236328,14.609999656677246,14.68000030517578,1335900,10.953333192343731,0.0,1.0,yahoo,2023-12-13 16:42:26
2003-01-27,XLK,14.449999809265137,14.829999923706056,14.43000030517578,14.520000457763672,1685200,10.833950930559235,0.0,1.0,yahoo,2023-12-13 16:42:26
2003-01-28,XLK,14.75,14.829999923706056,14.470000267028809,14.720000267028809,596600,10.983178757789856,0.0,1.0,yahoo,2023-12-13 16:42:26
2003-01-29,XLK,14.699999809265137,15.0,14.470000267028809,14.93000030517578,996700,11.139868154275609,0.0,1.0,yahoo,2023-12-13 16:42:26
2003-01-30,XLK,15.09000015258789,15.09000015258789,14.4399995803833,14.470000267028809,879900,10.796643795857978,0.0,1.0,yahoo,2023-12-13 16:42:26
2003-01-31,XLK,14.289999961853027,14.539999961853027,14.130000114440918,14.449999809265137,838100,10.78172065734771,0.0,1.0,yahoo,2023-12-13 16:42:26
2003-02-03,XLK,14.43000030517578,14.699999809265137,14.420000076293944,14.579999923706056,1079100,10.878718922941218,0.0,1.0,yahoo,2023-12-13 16:42:26
2003-02-04,XLK,14.3100004196167,14.399999618530272,14.18000030517578,14.329999923706056,688600,10.69218396100934,0.0,1.0,yahoo,2023-12-13 16:42:26
2003-02-05,XLK,14.600000381469728,14.739999771118164,14.25,14.279999732971191,724700,10.654876826308081,0.0,1.0,yahoo,2023-12-13 16:42:26
2003-02-06,XLK,14.15999984741211,14.420000076293944,14.109999656677246,14.199999809265137,422100,10.595185695415832,0.0,1.0,yahoo,2023-12-13 16:42:26
2003-02-07,XLK,14.350000381469728,14.420000076293944,13.9399995803833,14.039999961853027,558200,10.475803433631334,0.0,1.0,yahoo,2023-12-13 16:42:26
2003-02-10,XLK,14.029999732971191,14.25,13.880000114440918,14.1899995803833,569500,10.5877241261607,0.0,1.0,yahoo,2023-12-13 16:42:26
2003-02-11,XLK,14.239999771118164,14.399999618530272,14.020000457763672,14.140000343322754,319500,10.550417703033851,0.0,1.0,yahoo,2023-12-13 16:42:26
2003-02-12,XLK,14.109999656677246,14.25,13.949999809265137,13.949999809265137,287400,10.408650733483954,0.0,1.0,yahoo,2023-12-13 16:42:26
2003-02-13,XLK,14.039999961853027,14.0600004196167,13.75,13.989999771118164,628500,10.438496298930078,0.0,1.0,yahoo,2023-12-13 16:42:26
2003-02-14,XLK,14.119999885559082,14.4399995803833,14.010000228881836,14.43000030517578,1283800,10.766798230411853,0.0,1.0,yahoo,2023-12-13 16:42:26
2003-02-18,XLK,14.550000190734863,14.949999809265137,14.550000190734863,14.899999618530272,1037700,11.11748344651021,0.0,1.0,yahoo,2023-12-13 16:42:26
2003-02-19,XLK,14.850000381469728,14.920000076293944,14.56999969482422,14.800000190734863,532200,11.042869888682105,0.0,1.0,yahoo,2023-12-13 16:42:26
2003-02-20,XLK,14.800000190734863,14.890000343322754,14.550000190734863,14.56999969482422,480400,10.871257353686085,0.0,1.0,yahoo,2023-12-13 16:42:26
2003-02-21,XLK,14.649999618530272,14.859999656677246,14.350000381469728,14.75,458300,11.005562753980847,0.0,1.0,yahoo,2023-12-13 16:42:26
2003-02-24,XLK,14.699999809265137,14.720000267028809,14.43000030517578,14.5,691800,10.819027792048969,0.0,1.0,yahoo,2023-12-13 16:42:26
2003-02-25,XLK,14.25,14.59000015258789,14.079999923706056,14.539999961853027,441400,10.848873357495092,0.0,1.0,yahoo,2023-12-13 16:42:26
2003-02-26,XLK,14.449999809265137,14.56999969482422,14.119999885559082,14.15999984741211,707500,10.565340129969709,0.0,1.0,yahoo,2023-12-13 16:42:26
2003-02-27,XLK,14.210000038146973,14.489999771118164,14.149999618530272,14.300000190734863,958600,10.669799964818347,0.0,1.0,yahoo,2023-12-13 16:42:26
2003-02-28,XLK,14.350000381469728,14.56999969482422,14.350000381469728,14.520000457763672,925600,10.833950930559235,0.0,1.0,yahoo,2023-12-13 16:42:26
2003-03-03,XLK,14.550000190734863,14.699999809265137,14.199999809265137,14.270000457763672,694400,10.647415968627357,0.0,1.0,yahoo,2023-12-13 16:42:26
2003-03-04,XLK,14.229999542236328,14.289999961853027,14.06999969482422,14.109999656677246,356100,10.52803299526845,0.0,1.0,yahoo,2023-12-13 16:42:26
2003-03-05,XLK,14.050000190734863,14.270000457763672,14.050000190734863,14.25,388000,10.632492830117089,0.0,1.0,yahoo,2023-12-13 16:42:26
2003-03-06,XLK,14.0600004196167,14.220000267028809,14.010000228881836,14.06999969482422,509800,10.498187429822327,0.0,1.0,yahoo,2023-12-13 16:42:26
2003-03-07,XLK,13.710000038146973,14.149999618530272,13.710000038146973,14.0,808400,10.44595786818521,0.0,1.0,yahoo,2023-12-13 16:42:26
2003-03-10,XLK,13.90999984741211,13.979999542236328,13.670000076293944,13.710000038146973,383900,10.229577340807207,0.0,1.0,yahoo,2023-12-13 16:42:26
2003-03-11,XLK,13.710000038146973,13.880000114440918,13.609999656677246,13.640000343322754,348600,10.177347779170093,0.0,1.0,yahoo,2023-12-13 16:42:26
2003-03-12,XLK,13.619999885559082,13.850000381469728,13.420000076293944,13.81999969482422,442000,10.311652467890449,0.0,1.0,yahoo,2023-12-13 16:42:26
2003-03-13,XLK,14.149999618530272,14.59000015258789,13.949999809265137,14.5600004196167,1448100,10.86379649600536,0.0,1.0,yahoo,2023-12-13 16:42:26
2003-03-14,XLK,14.699999809265137,14.800000190734863,14.43000030517578,14.609999656677246,1418300,10.901102919132208,0.0,1.0,yahoo,2023-12-13 16:42:26
2003-03-17,XLK,14.5,15.289999961853027,14.399999618530272,15.279999732971191,2986700,11.401016674035596,0.0,1.0,yahoo,2023-12-13 16:42:26
2003-03-18,XLK,15.380000114440918,15.390000343322754,15.109999656677246,15.350000381469728,1443700,11.453246947247122,0.0,1.0,yahoo,2023-12-13 16:42:26
2003-03-19,XLK,15.229999542236328,15.390000343322754,15.029999732971191,15.31999969482422,1483300,11.430862239481721,0.0,1.0,yahoo,2023-12-13 16:42:26
2003-03-20,XLK,15.170000076293944,15.470000267028809,15.0,15.300000190734863,640200,11.415939812545862,0.0,1.0,yahoo,2023-12-13 16:42:26
2003-03-21,XLK,15.600000381469728,15.609999656677246,15.329999923706056,15.529999732971191,1645300,11.587551635967474,0.0,1.0,yahoo,2023-12-13 16:42:26
2003-03-24,XLK,15.079999923706056,15.199999809265137,14.859999656677246,14.899999618530272,923700,11.11748344651021,0.0,1.0,yahoo,2023-12-13 16:42:26
2003-03-25,XLK,14.850000381469728,15.199999809265137,14.8100004196167,15.109999656677246,652000,11.274172842995965,0.0,1.0,yahoo,2023-12-13 16:42:26
2003-03-26,XLK,15.149999618530272,15.149999618530272,14.93000030517578,15.0600004196167,1335600,11.236866419869116,0.0,1.0,yahoo,2023-12-13 16:42:26
2003-03-27,XLK,14.899999618530272,15.079999923706056,14.770000457763672,14.890000343322754,510700,11.110022588829487,0.0,1.0,yahoo,2023-12-13 16:42:26
2003-03-28,XLK,14.949999809265137,14.989999771118164,14.6899995803833,14.699999809265137,422700,10.96825561927959,0.0,1.0,yahoo,2023-12-13 16:42:26
2003-03-31,XLK,14.40999984741211,14.550000190734863,14.300000190734863,14.300000190734863,1219600,10.669799964818347,0.0,1.0,yahoo,2023-12-13 16:42:26
2003-04-01,XLK,14.350000381469728,14.600000381469728,14.34000015258789,14.470000267028809,652600,10.796643795857978,0.0,1.0,yahoo,2023-12-13 16:42:26
2003-04-02,XLK,14.75,15.170000076293944,14.75,15.09000015258789,1559500,11.259250416060107,0.0,1.0,yahoo,2023-12-13 16:42:26
2003-04-03,XLK,15.300000190734863,15.3100004196167,15.039999961853027,15.050000190734863,1381300,11.229404850613983,0.0,1.0,yahoo,2023-12-13 16:42:26
2003-04-04,XLK,15.119999885559082,15.149999618530272,14.760000228881836,14.880000114440918,399100,11.102561019574352,0.0,1.0,yahoo,2023-12-13 16:42:26
2003-04-07,XLK,15.5,15.5,14.920000076293944,14.920000076293944,777200,11.132406585020476,0.0,1.0,yahoo,2023-12-13 16:42:26
2003-04-08,XLK,15.0,15.0,14.710000038146973,14.770000457763672,1112600,11.020485892491115,0.0,1.0,yahoo,2023-12-13 16:42:26
2003-04-09,XLK,14.699999809265137,14.93000030517578,14.40999984741211,14.449999809265137,1274100,10.78172065734771,0.0,1.0,yahoo,2023-12-13 16:42:26
2003-04-10,XLK,14.449999809265137,14.579999923706056,14.329999923706056,14.539999961853027,533700,10.848873357495092,0.0,1.0,yahoo,2023-12-13 16:42:26
2003-04-11,XLK,14.789999961853027,14.850000381469728,14.359999656677246,14.40999984741211,643800,10.751875091901587,0.0,1.0,yahoo,2023-12-13 16:42:26
2003-04-14,XLK,14.399999618530272,14.789999961853027,14.399999618530272,14.760000228881836,672800,11.01302432323598,0.0,1.0,yahoo,2023-12-13 16:42:26
2003-04-15,XLK,14.739999771118164,14.880000114440918,14.649999618530272,14.789999961853027,353200,11.035408319426972,0.0,1.0,yahoo,2023-12-13 16:42:26
2003-04-16,XLK,15.079999923706056,15.199999809265137,14.850000381469728,14.899999618530272,562300,11.11748344651021,0.0,1.0,yahoo,2023-12-13 16:42:26
2003-04-17,XLK,14.899999618530272,15.25,14.800000190734863,15.210000038146973,1211800,11.348787112398481,0.0,1.0,yahoo,2023-12-13 16:42:26
2003-04-21,XLK,15.25,15.31999969482422,15.039999961853027,15.149999618530272,1518800,11.304018408442088,0.0,1.0,yahoo,2023-12-13 16:42:26
2003-04-22,XLK,15.0,15.479999542236328,14.989999771118164,15.479999542236328,829900,11.550244501266217,0.0,1.0,yahoo,2023-12-13 16:42:26
2003-04-23,XLK,15.489999771118164,15.75,15.43000030517578,15.739999771118164,981300,11.744241032453228,0.0,1.0,yahoo,2023-12-13 16:42:26
2003-04-24,XLK,15.579999923706056,15.729999542236328,15.40999984741211,15.600000381469728,391200,11.639781909179,0.0,1.0,yahoo,2023-12-13 16:42:26
2003-04-25,XLK,15.529999732971191,15.529999732971191,15.260000228881836,15.3100004196167,790700,11.423401381800996,0.0,1.0,yahoo,2023-12-13 16:42:26
2003-04-28,XLK,15.300000190734863,15.720000267028809,15.289999961853027,15.630000114440918,498900,11.66216590536999,0.0,1.0,yahoo,2023-12-13 16:42:26
2003-04-29,XLK,15.75,15.9399995803833,15.609999656677246,15.789999961853027,590300,11.781548167154487,0.0,1.0,yahoo,2023-12-13 16:42:26
2003-04-30,XLK,15.739999771118164,15.789999961853027,15.609999656677246,15.609999656677246,509000,11.647242766859723,0.0,1.0,yahoo,2023-12-13 16:42:26
2003-05-01,XLK,15.56999969482422,15.84000015258789,15.460000038146973,15.760000228881836,484900,11.759164170963496,0.0,1.0,yahoo,2023-12-13 16:42:26
2003-05-02,XLK,15.739999771118164,16.09000015258789,15.739999771118164,16.09000015258789,583800,12.005390263787623,0.0,1.0,yahoo,2023-12-13 16:42:26
2003-05-05,XLK,16.139999389648438,16.290000915527344,16.040000915527344,16.049999237060547,929300,11.97554398676709,0.0,1.0,yahoo,2023-12-13 16:42:26
2003-05-06,XLK,16.09000015258789,16.5,16.09000015258789,16.34000015258789,1164100,12.191925225719501,0.0,1.0,yahoo,2023-12-13 16:42:26
2003-05-07,XLK,16.25,16.3700008392334,16.040000915527344,16.139999389648438,1036100,12.042696686914471,0.0,1.0,yahoo,2023-12-13 16:42:26
2003-05-08,XLK,16.040000915527344,16.100000381469727,15.880000114440918,15.880000114440918,614300,11.848700867301869,0.0,1.0,yahoo,2023-12-13 16:42:26
2003-05-09,XLK,16.079999923706055,16.31999969482422,16.06999969482422,16.31999969482422,369900,12.177002087209235,0.0,1.0,yahoo,2023-12-13 16:42:26
2003-05-12,XLK,16.34000015258789,16.6299991607666,16.239999771118164,16.56999969482422,502500,12.363537049141113,0.0,1.0,yahoo,2023-12-13 16:42:26
2003-05-13,XLK,16.399999618530273,16.6299991607666,16.399999618530273,16.540000915527344,712200,12.341153764524533,0.0,1.0,yahoo,2023-12-13 16:42:26
2003-05-14,XLK,16.600000381469727,16.690000534057617,16.34000015258789,16.479999542236328,541400,12.296384348993731,0.0,1.0,yahoo,2023-12-13 16:42:26
2003-05-15,XLK,16.59000015258789,16.75,16.450000762939453,16.649999618530273,677200,12.423228180033362,0.0,1.0,yahoo,2023-12-13 16:42:26
2003-05-16,XLK,16.56999969482422,16.649999618530273,16.399999618530273,16.5,1131900,12.311307487504,0.0,1.0,yahoo,2023-12-13 16:42:26
2003-05-19,XLK,16.329999923706055,16.399999618530273,15.899999618530272,15.899999618530272,960600,11.863623294237724,0.0,1.0,yahoo,2023-12-13 16:42:26
2003-05-20,XLK,15.949999809265137,16.1200008392334,15.800000190734863,15.93000030517578,1818800,11.886008002003125,0.0,1.0,yahoo,2023-12-13 16:42:26
2003-05-21,XLK,16.0,16.0,15.779999732971191,15.949999809265137,940500,11.900930428938983,0.0,1.0,yahoo,2023-12-13 16:42:26
2003-05-22,XLK,15.970000267028809,16.18000030517578,15.880000114440918,16.1200008392334,2750100,12.027774971553024,0.0,1.0,yahoo,2023-12-13 16:42:26
2003-05-23,XLK,16.010000228881836,16.200000762939453,16.010000228881836,16.139999389648438,297900,12.042696686914471,0.0,1.0,yahoo,2023-12-13 16:42:26
2003-05-27,XLK,16.0,16.6299991607666,16.0,16.559999465942383,699600,12.35607547988598,0.0,1.0,yahoo,2023-12-13 16:42:26
2003-05-28,XLK,16.6299991607666,16.780000686645508,16.5,16.670000076293945,941300,12.438151318543628,0.0,1.0,yahoo,2023-12-13 16:42:26
2003-05-29,XLK,16.65999984741211,17.020000457763672,16.649999618530273,16.709999084472656,730000,12.467996172415344,0.0,1.0,yahoo,2023-12-13 16:42:26
2003-05-30,XLK,16.829999923706055,17.030000686645508,16.829999923706055,16.950000762939453,1087400,12.647070988240907,0.0,1.0,yahoo,2023-12-13 16:42:26
2003-06-02,XLK,17.0,17.260000228881836,16.850000381469727,16.860000610351562,693100,12.579918288093525,0.0,1.0,yahoo,2023-12-13 16:42:26
2003-06-03,XLK,16.729999542236328,17.030000686645508,16.729999542236328,17.010000228881836,860400,12.69183898062289,0.0,1.0,yahoo,2023-12-13 16:42:26
2003-06-04,XLK,17.079999923706055,17.440000534057617,17.010000228881836,17.3700008392334,2524500,12.960449781212416,0.0,1.0,yahoo,2023-12-13 16:42:26
2003-06-05,XLK,17.25,17.389999389648438,17.100000381469727,17.3700008392334,505600,12.960449781212416,0.0,1.0,yahoo,2023-12-13 16:42:26
2003-06-06,XLK,17.780000686645508,17.850000381469727,17.15999984741211,17.200000762939453,845100,12.833605950172787,0.0,1.0,yahoo,2023-12-13 16:42:26
2003-06-09,XLK,17.18000030517578,17.260000228881836,16.84000015258789,16.950000762939453,1167000,12.647070988240907,0.0,1.0,yahoo,2023-12-13 16:42:26
2003-06-10,XLK,16.969999313354492,17.239999771118164,16.959999084472656,17.190000534057617,568800,12.826144380917654,0.0,1.0,yahoo,2023-12-13 16:42:26
2003-06-11,XLK,17.049999237060547,17.43000030517578,16.969999313354492,17.299999237060547,459200,12.908218796426484,0.0,1.0,yahoo,2023-12-13 16:42:26
2003-06-12,XLK,17.489999771118164,17.520000457763672,17.229999542236328,17.3799991607666,983900,12.967909927318733,0.0,1.0,yahoo,2023-12-13 16:42:26
2003-06-13,XLK,17.389999389648438,17.459999084472656,16.969999313354492,17.0,1468400,12.684377411367755,0.0,1.0,yahoo,2023-12-13 16:42:26
2003-06-16,XLK,17.190000534057617,17.450000762939453,17.049999237060547,17.420000076293945,2064100,12.997756204339264,0.0,1.0,yahoo,2023-12-13 16:42:26
2003-06-17,XLK,17.6200008392334,17.6200008392334,17.34000015258789,17.5,1133600,13.057447335231513,0.0,1.0,yahoo,2023-12-13 16:42:26
2003-06-18,XLK,17.350000381469727,17.81999969482422,17.34000015258789,17.670000076293945,437200,13.184291166271144,0.0,1.0,yahoo,2023-12-13 16:42:26
2003-06-19,XLK,17.75,17.899999618530273,17.530000686645508,17.540000915527344,398600,13.087293612252047,0.0,1.0,yahoo,2023-12-13 16:42:26
2003-06-20,XLK,17.600000381469727,17.700000762939453,17.440000534057617,17.520000457763672,389300,13.072370473741781,0.0,1.0,yahoo,2023-12-13 16:42:26
2003-06-23,XLK,17.43000030517578,17.479999542236328,17.010000228881836,17.170000076293945,1706800,12.811221242407386,0.0,1.0,yahoo,2023-12-13 16:42:26
2003-06-24,XLK,17.1200008392334,17.25,16.989999771118164,17.100000381469727,603200,12.758991680770272,0.0,1.0,yahoo,2023-12-13 16:42:26
2003-06-25,XLK,17.049999237060547,17.31999969482422,16.84000015258789,16.93000030517578,597000,12.632147849730641,0.0,1.0,yahoo,2023-12-13 16:42:26
2003-06-26,XLK,16.93000030517578,17.299999237060547,16.899999618530273,17.25,1613700,12.870912373299635,0.0,1.0,yahoo,2023-12-13 16:42:26
2003-06-27,XLK,17.290000915527344,17.420000076293945,17.020000457763672,17.1200008392334,500800,12.773914819280538,0.0,1.0,yahoo,2023-12-13 16:42:26
2003-06-30,XLK,17.219999313354492,17.34000015258789,17.020000457763672,17.06999969482422,558200,12.736606973004871,0.0,1.0,yahoo,2023-12-13 16:42:26
2003-07-01,XLK,16.90999984741211,17.309999465942383,16.770000457763672,17.309999465942383,603900,12.915680365681617,0.0,1.0,yahoo,2023-12-13 16:42:26
2003-07-02,XLK,17.34000015258789,17.68000030517578,17.34000015258789,17.670000076293945,803600,13.184291166271144,0.0,1.0,yahoo,2023-12-13 16:42:26
2003-07-03,XLK,17.479999542236328,17.739999771118164,17.450000762939453,17.459999084472656,764300,13.02760105821098,0.0,1.0,yahoo,2023-12-13 16:42:26
2003-07-07,XLK,17.670000076293945,18.100000381469727,17.670000076293945,18.059999465942383,735200,13.475285251477253,0.0,1.0,yahoo,2023-12-13 16:42:26
2003-07-08,XLK,18.059999465942383,18.280000686645508,17.90999984741211,18.200000762939453,780900,13.579745797900301,0.0,1.0,yahoo,2023-12-13 16:42:26
2003-07-09,XLK,18.200000762939453,18.40999984741211,18.06999969482422,18.18000030517578,1183300,13.564822659390035,0.0,1.0,yahoo,2023-12-13 16:42:26
2003-07-10,XLK,17.979999542236328,18.06999969482422,17.690000534057617,17.760000228881836,1011200,13.251443866418526,0.0,1.0,yahoo,2023-12-13 16:42:26
2003-07-11,XLK,17.829999923706055,18.100000381469727,17.829999923706055,18.010000228881836,345400,13.437978828350404,0.0,1.0,yahoo,2023-12-13 16:42:26
2003-07-14,XLK,18.36000061035156,18.450000762939453,18.040000915527344,18.09000015258789,494800,13.497669959242653,0.0,1.0,yahoo,2023-12-13 16:42:26
2003-07-15,XLK,18.350000381469727,18.350000381469727,17.950000762939453,18.1200008392334,707400,13.520054667008052,0.0,1.0,yahoo,2023-12-13 16:42:26
2003-07-16,XLK,18.350000381469727,18.350000381469727,17.889999389648438,18.059999465942383,489200,13.475285251477253,0.0,1.0,yahoo,2023-12-13 16:42:26
2003-07-17,XLK,17.709999084472656,17.799999237060547,17.350000381469727,17.510000228881836,666500,13.064908904486646,0.0,1.0,yahoo,2023-12-13 16:42:26
2003-07-18,XLK,17.6200008392334,17.649999618530273,17.31999969482422,17.549999237060547,211600,13.094753758358362,0.0,1.0,yahoo,2023-12-13 16:42:26
2003-07-21,XLK,17.420000076293945,17.549999237060547,17.100000381469727,17.15999984741211,468200,12.803759673152253,0.0,1.0,yahoo,2023-12-13 16:42:26
2003-07-22,XLK,17.469999313354492,17.600000381469727,17.299999237060547,17.530000686645508,419800,13.079832042996914,0.0,1.0,yahoo,2023-12-13 16:42:26
2003-07-23,XLK,17.649999618530273,17.649999618530273,17.31999969482422,17.6299991607666,247200,13.15444488925061,0.0,1.0,yahoo,2023-12-13 16:42:26
2003-07-24,XLK,17.700000762939453,17.850000381469727,17.299999237060547,17.3799991607666,549800,12.967909927318733,0.0,1.0,yahoo,2023-12-13 16:42:26
2003-07-25,XLK,17.399999618530273,17.760000228881836,17.190000534057617,17.75,346700,13.243982297163393,0.0,1.0,yahoo,2023-12-13 16:42:26
2003-07-28,XLK,17.700000762939453,17.850000381469727,17.649999618530273,17.780000686645508,954600,13.266367004928792,0.0,1.0,yahoo,2023-12-13 16:42:26
2003-07-29,XLK,17.780000686645508,17.809999465942383,17.459999084472656,17.610000610351562,848600,13.139523173889163,0.0,1.0,yahoo,2023-12-13 16:42:26
2003-07-30,XLK,17.719999313354492,17.719999313354492,17.459999084472656,17.479999542236328,200400,13.042524196721248,0.0,1.0,yahoo,2023-12-13 16:42:26
2003-07-31,XLK,17.799999237060547,17.950000762939453,17.59000015258789,17.600000381469727,1230900,13.132061604634028,0.0,1.0,yahoo,2023-12-13 16:42:26
2003-08-01,XLK,17.56999969482422,17.670000076293945,17.459999084472656,17.510000228881836,1211200,13.064908904486646,0.0,1.0,yahoo,2023-12-13 16:42:26
2003-08-04,XLK,17.600000381469727,17.75,17.329999923706055,17.65999984741211,338900,13.176829597016011,0.0,1.0,yahoo,2023-12-13 16:42:26
2003-08-05,XLK,17.700000762939453,17.700000762939453,17.149999618530273,17.219999313354492,333300,12.848527665534235,0.0,1.0,yahoo,2023-12-13 16:42:26
2003-08-06,XLK,17.030000686645508,17.350000381469727,16.940000534057617,17.059999465942383,643200,12.729145403749738,0.0,1.0,yahoo,2023-12-13 16:42:26
2003-08-07,XLK,16.989999771118164,17.1200008392334,16.920000076293945,17.010000228881836,451400,12.69183898062289,0.0,1.0,yahoo,2023-12-13 16:42:26
2003-08-08,XLK,17.079999923706055,17.190000534057617,16.899999618530273,16.989999771118164,325000,12.676915842112622,0.0,1.0,yahoo,2023-12-13 16:42:26
2003-08-11,XLK,16.979999542236328,17.209999084472656,16.959999084472656,17.06999969482422,437700,12.736606973004871,0.0,1.0,yahoo,2023-12-13 16:42:26
2003-08-12,XLK,17.1200008392334,17.3700008392334,17.059999465942383,17.329999923706055,224100,12.930603504191884,0.0,1.0,yahoo,2023-12-13 16:42:26
2003-08-13,XLK,17.489999771118164,17.5,17.229999542236328,17.299999237060547,264600,12.908218796426484,0.0,1.0,yahoo,2023-12-13 16:42:26
2003-08-14,XLK,17.280000686645508,17.520000457763672,17.229999542236328,17.450000762939453,229400,13.020140912104665,0.0,1.0,yahoo,2023-12-13 16:42:26
2003-08-15,XLK,17.3700008392334,17.549999237060547,17.3700008392334,17.3700008392334,274600,12.960449781212416,0.0,1.0,yahoo,2023-12-13 16:42:26
2003-08-18,XLK,17.610000610351562,17.90999984741211,17.520000457763672,17.8799991607666,327100,13.340979851182489,0.0,1.0,yahoo,2023-12-13 16:42:26
2003-08-19,XLK,17.989999771118164,18.1200008392334,17.860000610351562,18.1200008392334,501000,13.520054667008052,0.0,1.0,yahoo,2023-12-13 16:42:26
2003-08-20,XLK,18.0,18.13999938964844,17.8700008392334,18.020000457763672,544900,13.445440397605537,0.0,1.0,yahoo,2023-12-13 16:42:26
2003-08-21,XLK,18.200000762939453,18.32999992370605,18.020000457763672,18.190000534057617,307100,13.572284228645168,0.0,1.0,yahoo,2023-12-13 16:42:26
2003-08-22,XLK,18.450000762939453,18.63999938964844,18.1200008392334,18.15999984741211,334200,13.549899520879768,0.0,1.0,yahoo,2023-12-13 16:42:26
2003-08-25,XLK,18.049999237060547,18.15999984741211,17.959999084472656,18.049999237060547,366600,13.46782368222212,0.0,1.0,yahoo,2023-12-13 16:42:26
2003-08-26,XLK,17.950000762939453,18.209999084472656,17.780000686645508,18.14999961853028,378800,13.54243795162464,0.0,1.0,yahoo,2023-12-13 16:42:26
2003-08-27,XLK,18.170000076293945,18.32999992370605,18.06999969482422,18.270000457763672,204500,13.631975359537417,0.0,1.0,yahoo,2023-12-13 16:42:26
2003-08-28,XLK,18.350000381469727,18.450000762939453,18.1200008392334,18.3799991607666,543200,13.714049775046247,0.0,1.0,yahoo,2023-12-13 16:42:26
2003-08-29,XLK,18.31999969482422,18.540000915527344,18.280000686645508,18.440000534057617,291000,13.758819190577046,0.0,1.0,yahoo,2023-12-13 16:42:26
2003-09-02,XLK,18.64999961853028,18.8700008392334,18.43000030517578,18.84000015258789,440600,14.05727484503829,0.0,1.0,yahoo,2023-12-13 16:42:26
2003-09-03,XLK,19.030000686645508,19.200000762939453,18.90999984741211,19.040000915527344,694200,14.20650338384332,0.0,1.0,yahoo,2023-12-13 16:42:26
2003-09-04,XLK,19.09000015258789,19.299999237060547,18.979999542236328,19.21999931335449,388700,14.340807360989263,0.0,1.0,yahoo,2023-12-13 16:42:26
2003-09-05,XLK,19.11000061035156,19.39999961853028,19.049999237060547,19.1200008392334,531600,14.266194514735568,0.0,1.0,yahoo,2023-12-13 16:42:26
2003-09-08,XLK,19.200000762939453,19.479999542236328,19.200000762939453,19.46999931335449,468700,14.527342322921141,0.0,1.0,yahoo,2023-12-13 16:42:26
2003-09-09,XLK,19.39999961853028,19.420000076293945,19.190000534057617,19.26000022888184,485400,14.3706536380098,0.0,1.0,yahoo,2023-12-13 16:42:26
2003-09-10,XLK,19.18000030517578,19.18000030517578,18.68000030517578,18.690000534057617,560600,13.945354152508926,0.0,1.0,yahoo,2023-12-13 16:42:26
2003-09-11,XLK,18.8700008392334,19.030000686645508,18.63999938964844,18.90999984741211,314500,14.109504406675404,0.0,1.0,yahoo,2023-12-13 16:42:26
2003-09-12,XLK,18.700000762939453,18.989999771118164,18.6299991607666,18.93000030517578,292800,14.124427545185672,0.0,1.0,yahoo,2023-12-13 16:42:26
2003-09-15,XLK,19.06999969482422,19.06999969482422,18.790000915527344,18.81999969482422,271000,14.042351706528022,0.0,1.0,yahoo,2023-12-13 16:42:26
2003-09-16,XLK,18.81999969482422,19.350000381469727,18.81999969482422,19.299999237060547,212200,14.400498491881514,0.0,1.0,yahoo,2023-12-13 16:42:26
2003-09-17,XLK,19.290000915527344,19.43000030517578,19.190000534057617,19.270000457763672,312100,14.378115207264932,0.0,1.0,yahoo,2023-12-13 16:42:26
2003-09-18,XLK,19.200000762939453,19.600000381469727,19.13999938964844,19.540000915527344,444200,14.579573307707077,0.0,1.0,yahoo,2023-12-13 16:42:26
2003-09-19,XLK,19.57999992370605,19.6200008392334,19.170000076293945,19.559999465942383,257500,14.594495023068525,0.0,1.0,yahoo,2023-12-13 16:42:26
2003-09-22,XLK,19.270000457763672,19.32999992370605,19.049999237060547,19.190000534057617,411600,14.318424076372683,0.0,1.0,yahoo,2023-12-13 16:42:26
2003-09-23,XLK,19.200000762939453,19.32999992370605,19.049999237060547,19.299999237060547,288600,14.400498491881514,0.0,1.0,yahoo,2023-12-13 16:42:26
2003-09-24,XLK,19.40999984741211,19.40999984741211,18.6299991607666,18.63999938964844,608300,13.908046306233262,0.0,1.0,yahoo,2023-12-13 16:42:26
2003-09-25,XLK,18.76000022888184,18.88999938964844,18.5,18.5,682700,13.80358718295903,0.0,1.0,yahoo,2023-12-13 16:42:26
2003-09-26,XLK,18.530000686645508,18.64999961853028,18.3799991607666,18.39999961853028,393600,13.728972913556518,0.0,1.0,yahoo,2023-12-13 16:42:26
2003-09-29,XLK,18.549999237060547,18.700000762939453,18.36000061035156,18.700000762939453,302300,13.95281572176406,0.0,1.0,yahoo,2023-12-13 16:42:26
2003-09-30,XLK,18.57999992370605,18.76000022888184,18.209999084472656,18.280000686645508,436900,13.63943692879255,0.0,1.0,yahoo,2023-12-13 16:42:26
2003-10-01,XLK,18.420000076293945,18.700000762939453,18.299999237060547,18.68000030517578,622700,13.937892583253792,0.0,1.0,yahoo,2023-12-13 16:42:26
2003-10-02,XLK,18.63999938964844,18.739999771118164,18.51000022888184,18.63999938964844,296700,13.908046306233262,0.0,1.0,yahoo,2023-12-13 16:42:26
2003-10-03,XLK,18.8700008392334,19.3799991607666,18.8700008392334,19.209999084472656,907800,14.333345791734132,0.0,1.0,yahoo,2023-12-13 16:42:26
2003-10-06,XLK,19.31999969482422,19.350000381469727,19.14999961853028,19.309999465942383,670200,14.407960061136647,0.0,1.0,yahoo,2023-12-13 16:42:26
2003-10-07,XLK,19.239999771118164,19.450000762939453,19.1299991607666,19.440000534057617,273200,14.504959038304563,0.0,1.0,yahoo,2023-12-13 16:42:26
2003-10-08,XLK,19.46999931335449,19.520000457763672,19.209999084472656,19.299999237060547,211700,14.400498491881514,0.0,1.0,yahoo,2023-12-13 16:42:26
2003-10-09,XLK,19.549999237060547,19.729999542236328,19.34000015258789,19.3799991607666,500100,14.460189622773761,0.0,1.0,yahoo,2023-12-13 16:42:26
2003-10-10,XLK,19.5,19.559999465942383,19.36000061035156,19.540000915527344,325200,14.579573307707077,0.0,1.0,yahoo,2023-12-13 16:42:26
2003-10-13,XLK,19.61000061035156,19.75,19.479999542236328,19.600000381469727,259800,14.624341300089059,0.0,1.0,yahoo,2023-12-13 16:42:26
2003-10-14,XLK,19.549999237060547,19.59000015258789,19.420000076293945,19.549999237060547,220300,14.587033453813392,0.0,1.0,yahoo,2023-12-13 16:42:26
2003-10-15,XLK,19.950000762939453,19.950000762939453,19.59000015258789,19.670000076293945,1036700,14.676570861726175,0.0,1.0,yahoo,2023-12-13 16:42:26
2003-10-16,XLK,19.64999961853028,19.75,19.5,19.739999771118164,243200,14.728800423363289,0.0,1.0,yahoo,2023-12-13 16:42:26
2003-10-17,XLK,19.68000030517578,19.799999237060547,19.3700008392334,19.420000076293945,344500,14.490035899794295,0.0,1.0,yahoo,2023-12-13 16:42:26
2003-10-20,XLK,19.420000076293945,19.670000076293945,19.3799991607666,19.64999961853028,445500,14.661647723215912,0.0,1.0,yahoo,2023-12-13 16:42:26
2003-10-21,XLK,19.739999771118164,19.809999465942383,19.61000061035156,19.76000022888184,225200,14.743723561873558,0.0,1.0,yahoo,2023-12-13 16:42:26
2003-10-22,XLK,19.5,19.63999938964844,19.40999984741211,19.46999931335449,474600,14.527342322921141,0.0,1.0,yahoo,2023-12-13 16:42:26
2003-10-23,XLK,19.25,19.40999984741211,19.14999961853028,19.31999969482422,552200,14.41542163039178,0.0,1.0,yahoo,2023-12-13 16:42:26
2003-10-24,XLK,19.01000022888184,19.07999992370605,18.75,19.030000686645508,368800,14.199041814588186,0.0,1.0,yahoo,2023-12-13 16:42:26
2003-10-27,XLK,19.200000762939453,19.280000686645508,19.059999465942383,19.1299991607666,244300,14.273654660841883,0.0,1.0,yahoo,2023-12-13 16:42:26
2003-10-28,XLK,19.21999931335449,19.600000381469727,19.209999084472656,19.59000015258789,351400,14.616879730833926,0.0,1.0,yahoo,2023-12-13 16:42:26
2003-10-29,XLK,19.600000381469727,19.68000030517578,19.39999961853028,19.6200008392334,205600,14.639264438599326,0.0,1.0,yahoo,2023-12-13 16:42:26
2003-10-30,XLK,19.799999237060547,19.86000061035156,19.56999969482422,19.600000381469727,491100,14.624341300089059,0.0,1.0,yahoo,2023-12-13 16:42:26
2003-10-31,XLK,19.729999542236328,19.770000457763672,19.57999992370605,19.6200008392334,706600,14.639264438599326,0.0,1.0,yahoo,2023-12-13 16:42:26
2003-11-03,XLK,19.780000686645508,20.09000015258789,19.780000686645508,20.07999992370605,613600,14.982488085442547,0.0,1.0,yahoo,2023-12-13 16:42:26
2003-11-04,XLK,20.0,20.049999237060547,19.82999992370605,19.90999984741211,443200,14.85564425440292,0.0,1.0,yahoo,2023-12-13 16:42:26
2003-11-05,XLK,19.89999961853028,20.0,19.700000762939453,19.96999931335449,190300,14.9004122467849,0.0,1.0,yahoo,2023-12-13 16:42:26
2003-11-06,XLK,20.100000381469727,20.15999984741211,19.8700008392334,20.1299991607666,418100,15.0197945085694,0.0,1.0,yahoo,2023-12-13 16:42:26
2003-11-07,XLK,20.209999084472656,20.290000915527344,19.989999771118164,20.049999237060547,194300,14.96010337767715,0.0,1.0,yahoo,2023-12-13 16:42:26
2003-11-10,XLK,20.07999992370605,20.07999992370605,19.75,19.790000915527344,333500,14.766108269638956,0.0,1.0,yahoo,2023-12-13 16:42:26
2003-11-11,XLK,19.850000381469727,19.8700008392334,19.690000534057617,19.739999771118164,166000,14.728800423363289,0.0,1.0,yahoo,2023-12-13 16:42:26
2003-11-12,XLK,19.850000381469727,20.200000762939453,19.81999969482422,20.15999984741211,303500,15.042179216334798,0.0,1.0,yahoo,2023-12-13 16:42:26
2003-11-13,XLK,19.950000762939453,20.100000381469727,19.86000061035156,19.989999771118164,446000,14.915335385295169,0.0,1.0,yahoo,2023-12-13 16:42:26
2003-11-14,XLK,20.0,20.100000381469727,19.670000076293945,19.71999931335449,352100,14.71387728485302,0.0,1.0,yahoo,2023-12-13 16:42:26
2003-11-17,XLK,19.459999084472656,19.63999938964844,19.26000022888184,19.450000762939453,658900,14.512420607559696,0.0,1.0,yahoo,2023-12-13 16:42:26
2003-11-18,XLK,19.63999938964844,19.65999984741211,19.200000762939453,19.209999084472656,396800,14.333345791734132,0.0,1.0,yahoo,2023-12-13 16:42:26
2003-11-19,XLK,19.14999961853028,19.440000534057617,19.14999961853028,19.420000076293945,627000,14.490035899794295,0.0,1.0,yahoo,2023-12-13 16:42:26
2003-11-20,XLK,19.200000762939453,19.540000915527344,19.1200008392334,19.1200008392334,352300,14.266194514735568,0.0,1.0,yahoo,2023-12-13 16:42:26
2003-11-21,XLK,19.21999931335449,19.34000015258789,19.11000061035156,19.280000686645508,181300,14.385576776520065,0.0,1.0,yahoo,2023-12-13 16:42:26
2003-11-24,XLK,19.540000915527344,19.790000915527344,19.479999542236328,19.770000457763672,515900,14.75118513112869,0.0,1.0,yahoo,2023-12-13 16:42:26
2003-11-25,XLK,19.84000015258789,19.920000076293945,19.729999542236328,19.75,278600,14.736261992618422,0.0,1.0,yahoo,2023-12-13 16:42:26
2003-11-26,XLK,19.82999992370605,19.940000534057617,19.63999938964844,19.82999992370605,177200,14.79595312351067,0.0,1.0,yahoo,2023-12-13 16:42:26
2003-11-28,XLK,19.809999465942383,19.96999931335449,19.790000915527344,19.89999961853028,97100,14.848182685147792,0.0,1.0,yahoo,2023-12-13 16:42:26
2003-12-01,XLK,20.0,20.190000534057617,19.89999961853028,20.100000381469727,506900,14.997411223952817,0.0,1.0,yahoo,2023-12-13 16:42:26
2003-12-02,XLK,20.06999969482422,20.200000762939453,20.01000022888184,20.01000022888184,365400,14.930258523805437,0.0,1.0,yahoo,2023-12-13 16:42:26
2003-12-03,XLK,20.190000534057617,20.270000457763672,19.90999984741211,19.940000534057617,265500,14.878028962168319,0.0,1.0,yahoo,2023-12-13 16:42:26
2003-12-04,XLK,19.89999961853028,20.190000534057617,19.850000381469727,20.190000534057617,243400,15.064563924100199,0.0,1.0,yahoo,2023-12-13 16:42:26
2003-12-05,XLK,19.989999771118164,20.07999992370605,19.809999465942383,19.82999992370605,373200,14.79595312351067,0.0,1.0,yahoo,2023-12-13 16:42:26
2003-12-08,XLK,19.75,19.93000030517578,19.670000076293945,19.8799991607666,322200,14.83325954663752,0.0,1.0,yahoo,2023-12-13 16:42:26
2003-12-09,XLK,19.979999542236328,20.049999237060547,19.420000076293945,19.450000762939453,362600,14.512420607559696,0.0,1.0,yahoo,2023-12-13 16:42:26
2003-12-10,XLK,19.559999465942383,19.64999961853028,19.3799991607666,19.559999465942383,516200,14.594495023068525,0.0,1.0,yahoo,2023-12-13 16:42:26
2003-12-11,XLK,19.59000015258789,20.0,19.530000686645508,19.93000030517578,366300,14.870567392913186,0.0,1.0,yahoo,2023-12-13 16:42:26
2003-12-12,XLK,19.979999542236328,19.989999771118164,19.780000686645508,19.950000762939453,202900,14.885490531423454,0.0,1.0,yahoo,2023-12-13 16:42:26
2003-12-15,XLK,20.299999237060547,20.299999237060547,19.68000030517578,19.700000762939453,892600,14.698955569491574,0.0,1.0,yahoo,2023-12-13 16:42:26
2003-12-16,XLK,19.729999542236328,19.86000061035156,19.6200008392334,19.799999237060547,787500,14.77356841574527,0.0,1.0,yahoo,2023-12-13 16:42:26
2003-12-17,XLK,19.81999969482422,19.81999969482422,19.6299991607666,19.770000457763672,276600,14.75118513112869,0.0,1.0,yahoo,2023-12-13 16:42:26
2003-12-18,XLK,19.729999542236328,20.170000076293945,19.729999542236328,20.100000381469727,679200,14.997411223952817,0.0,1.0,yahoo,2023-12-13 16:42:26
2003-12-19,XLK,20.030000686645508,20.100000381469727,19.770000457763672,19.88999938964844,1028300,14.945563123876363,0.141,1.0,yahoo,2023-12-13 16:42:26
2003-12-22,XLK,19.84000015258789,19.989999771118164,19.799999237060547,19.920000076293945,380300,14.968105968008041,0.0,1.0,yahoo,2023-12-13 16:42:26
2003-12-23,XLK,19.96999931335449,20.100000381469727,19.950000762939453,20.07999992370605,526500,15.088331603638414,0.0,1.0,yahoo,2023-12-13 16:42:26
2003-12-24,XLK,20.07999992370605,20.1299991607666,20.0,20.040000915527344,947600,15.058275911332137,0.0,1.0,yahoo,2023-12-13 16:42:26
2003-12-26,XLK,20.1299991607666,20.15999984741211,20.049999237060547,20.07999992370605,305600,15.088331603638414,0.0,1.0,yahoo,2023-12-13 16:42:26
2003-12-29,XLK,20.1200008392334,20.450000762939453,20.100000381469727,20.440000534057617,616900,15.358840000408076,0.0,1.0,yahoo,2023-12-13 16:42:26
2003-12-30,XLK,20.450000762939453,20.489999771118164,20.350000381469727,20.40999984741211,380000,15.336297156276395,0.0,1.0,yahoo,2023-12-13 16:42:26
2003-12-31,XLK,20.530000686645508,20.530000686645508,20.31999969482422,20.3799991607666,352000,15.313754312144713,0.0,1.0,yahoo,2023-12-13 16:42:26
2004-01-02,XLK,20.459999084472656,20.64999961853028,20.3799991607666,20.479999542236328,271800,15.388895692714355,0.0,1.0,yahoo,2023-12-13 16:42:26
2004-01-05,XLK,20.600000381469727,21.030000686645508,20.600000381469727,20.979999542236328,670600,15.764601162359936,0.0,1.0,yahoo,2023-12-13 16:42:26
2004-01-06,XLK,21.030000686645508,21.200000762939453,20.90999984741211,21.170000076293945,462900,15.907369642121992,0.0,1.0,yahoo,2023-12-13 16:42:26
2004-01-07,XLK,21.25,21.31999969482422,21.01000022888184,21.270000457763672,510800,15.982511022691634,0.0,1.0,yahoo,2023-12-13 16:42:26
2004-01-08,XLK,21.549999237060547,21.709999084472656,21.350000381469727,21.690000534057617,1873200,16.29810367452203,0.0,1.0,yahoo,2023-12-13 16:42:26
2004-01-09,XLK,21.309999465942383,21.709999084472656,21.309999465942383,21.39999961853028,523200,16.080193814190334,0.0,1.0,yahoo,2023-12-13 16:42:26
2004-01-12,XLK,21.5,21.739999771118164,21.25,21.729999542236328,438800,16.328159366828306,0.0,1.0,yahoo,2023-12-13 16:42:26
2004-01-13,XLK,21.75,21.790000915527344,21.290000915527344,21.420000076293945,1135200,16.095222376944783,0.0,1.0,yahoo,2023-12-13 16:42:26
2004-01-14,XLK,21.520000457763672,21.700000762939453,21.450000762939453,21.68000030517578,1012500,16.2905893931448,0.0,1.0,yahoo,2023-12-13 16:42:26
2004-01-15,XLK,21.6299991607666,21.90999984741211,21.540000915527344,21.770000457763672,347000,16.358216492337213,0.0,1.0,yahoo,2023-12-13 16:42:26
2004-01-16,XLK,21.84000015258789,22.059999465942383,21.799999237060547,22.049999237060547,516300,16.56861063808906,0.0,1.0,yahoo,2023-12-13 16:42:26
2004-01-20,XLK,22.209999084472656,22.239999771118164,21.959999084472656,22.100000381469727,715100,16.606182044975192,0.0,1.0,yahoo,2023-12-13 16:42:26
2004-01-21,XLK,21.920000076293945,22.049999237060547,21.75,21.93000030517578,635700,16.47844212796759,0.0,1.0,yahoo,2023-12-13 16:42:26
2004-01-22,XLK,21.89999961853028,22.06999969482422,21.68000030517578,21.71999931335449,479700,16.320645085451076,0.0,1.0,yahoo,2023-12-13 16:42:26
2004-01-23,XLK,21.709999084472656,21.89999961853028,21.520000457763672,21.64999961853028,660500,16.268046549013125,0.0,1.0,yahoo,2023-12-13 16:42:26
2004-01-26,XLK,21.75,22.07999992370605,21.64999961853028,22.049999237060547,3832100,16.56861063808906,0.0,1.0,yahoo,2023-12-13 16:42:26
2004-01-27,XLK,21.96999931335449,22.11000061035156,21.670000076293945,21.709999084472656,478500,16.313130804073854,0.0,1.0,yahoo,2023-12-13 16:42:26
2004-01-28,XLK,21.75,21.89999961853028,21.280000686645508,21.350000381469727,3897500,16.04262384050682,0.0,1.0,yahoo,2023-12-13 16:42:26
2004-01-29,XLK,21.3700008392334,21.5,20.979999542236328,21.239999771118164,649500,15.959968178559953,0.0,1.0,yahoo,2023-12-13 16:42:26
2004-01-30,XLK,21.229999542236328,21.38999938964844,21.170000076293945,21.25,360900,15.96748245993718,0.0,1.0,yahoo,2023-12-13 16:42:26
2004-02-02,XLK,21.350000381469727,21.5,21.1200008392334,21.25,2084100,15.96748245993718,0.0,1.0,yahoo,2023-12-13 16:42:26
2004-02-03,XLK,21.18000030517578,21.36000061035156,21.18000030517578,21.280000686645508,533100,15.990025304068862,0.0,1.0,yahoo,2023-12-13 16:42:26
2004-02-04,XLK,20.89999961853028,21.040000915527344,20.690000534057617,20.76000022888184,687400,15.599291271668829,0.0,1.0,yahoo,2023-12-13 16:42:26
2004-02-05,XLK,20.76000022888184,20.90999984741211,20.68000030517578,20.790000915527344,298800,15.621834115800507,0.0,1.0,yahoo,2023-12-13 16:42:26
2004-02-06,XLK,20.780000686645508,21.229999542236328,20.780000686645508,21.229999542236328,648900,15.952453897182727,0.0,1.0,yahoo,2023-12-13 16:42:26
2004-02-09,XLK,21.14999961853028,21.26000022888184,21.059999465942383,21.06999969482422,417700,15.83222826155235,0.0,1.0,yahoo,2023-12-13 16:42:26
2004-02-10,XLK,21.049999237060547,21.299999237060547,21.049999237060547,21.239999771118164,225500,15.959968178559953,0.0,1.0,yahoo,2023-12-13 16:42:26
2004-02-11,XLK,21.200000762939453,21.479999542236328,21.200000762939453,21.40999984741211,673200,16.087708095567557,0.0,1.0,yahoo,2023-12-13 16:42:26
2004-02-12,XLK,21.280000686645508,21.479999542236328,21.209999084472656,21.209999084472656,337600,15.937425334428273,0.0,1.0,yahoo,2023-12-13 16:42:26
2004-02-13,XLK,21.31999969482422,21.459999084472656,21.01000022888184,21.07999992370605,1156600,15.839742542929574,0.0,1.0,yahoo,2023-12-13 16:42:26
2004-02-17,XLK,21.32999992370605,21.440000534057617,21.229999542236328,21.38999938964844,357200,16.072679532813105,0.0,1.0,yahoo,2023-12-13 16:42:26
2004-02-18,XLK,21.32999992370605,21.43000030517578,21.26000022888184,21.290000915527344,737400,15.997539585446088,0.0,1.0,yahoo,2023-12-13 16:42:26
2004-02-19,XLK,21.549999237060547,21.559999465942383,20.959999084472656,20.96999931335449,854800,15.757086880982706,0.0,1.0,yahoo,2023-12-13 16:42:26
2004-02-20,XLK,21.100000381469727,21.100000381469727,20.71999931335449,20.8700008392334,558600,15.681946933615695,0.0,1.0,yahoo,2023-12-13 16:42:26
2004-02-23,XLK,20.90999984741211,21.0,20.450000762939453,20.59000015258789,1140700,15.471551354661225,0.0,1.0,yahoo,2023-12-13 16:42:26
2004-02-24,XLK,20.450000762939453,20.739999771118164,20.420000076293945,20.61000061035156,1091300,15.486579917415675,0.0,1.0,yahoo,2023-12-13 16:42:26
2004-02-25,XLK,20.64999961853028,20.81999969482422,20.6299991607666,20.770000457763672,554200,15.606805553046053,0.0,1.0,yahoo,2023-12-13 16:42:26
2004-02-26,XLK,20.739999771118164,20.940000534057617,20.6200008392334,20.81999969482422,435000,15.64437552672956,0.0,1.0,yahoo,2023-12-13 16:42:26
2004-02-27,XLK,20.90999984741211,20.950000762939453,20.6200008392334,20.709999084472656,356800,15.561719864782692,0.0,1.0,yahoo,2023-12-13 16:42:26
2004-03-01,XLK,20.739999771118164,21.030000686645508,20.71999931335449,20.959999084472656,572300,15.749572599605482,0.0,1.0,yahoo,2023-12-13 16:42:26
2004-03-02,XLK,21.0,21.21999931335449,20.76000022888184,20.8799991607666,520700,15.689459781790294,0.0,1.0,yahoo,2023-12-13 16:42:26
2004-03-03,XLK,20.799999237060547,20.89999961853028,20.690000534057617,20.780000686645508,413300,15.61431983442328,0.0,1.0,yahoo,2023-12-13 16:42:26
2004-03-04,XLK,20.790000915527344,20.989999771118164,20.770000457763672,20.959999084472656,399500,15.749572599605482,0.0,1.0,yahoo,2023-12-13 16:42:26
2004-03-05,XLK,20.780000686645508,21.06999969482422,20.700000762939453,20.799999237060547,386400,15.629346963975106,0.0,1.0,yahoo,2023-12-13 16:42:26
2004-03-08,XLK,20.809999465942383,20.93000030517578,20.350000381469727,20.350000381469727,592600,15.29121290121566,0.0,1.0,yahoo,2023-12-13 16:42:26
2004-03-09,XLK,20.40999984741211,20.43000030517578,20.15999984741211,20.350000381469727,470600,15.29121290121566,0.0,1.0,yahoo,2023-12-13 16:42:26
2004-03-10,XLK,20.299999237060547,20.420000076293945,19.93000030517578,19.989999771118164,2590700,15.020704504446002,0.0,1.0,yahoo,2023-12-13 16:42:26
2004-03-11,XLK,19.780000686645508,20.190000534057617,19.729999542236328,19.770000457763672,1214800,14.855394613754893,0.0,1.0,yahoo,2023-12-13 16:42:26
2004-03-12,XLK,20.030000686645508,20.170000076293945,19.920000076293945,20.15999984741211,284300,15.148444421453604,0.0,1.0,yahoo,2023-12-13 16:42:26
2004-03-15,XLK,20.06999969482422,20.100000381469727,19.729999542236328,19.780000686645508,706800,14.862908895132119,0.0,1.0,yahoo,2023-12-13 16:42:26
2004-03-16,XLK,19.8799991607666,19.989999771118164,19.670000076293945,19.89999961853028,881900,14.953077405253593,0.0,1.0,yahoo,2023-12-13 16:42:26
2004-03-17,XLK,20.100000381469727,20.209999084472656,19.950000762939453,20.14999961853028,1122600,15.140930140076383,0.0,1.0,yahoo,2023-12-13 16:42:26
2004-03-18,XLK,19.979999542236328,20.07999992370605,19.809999465942383,20.020000457763672,385500,15.043247348577683,0.0,1.0,yahoo,2023-12-13 16:42:26
2004-03-19,XLK,19.93000030517578,20.049999237060547,19.71999931335449,19.75,460100,14.840366051000439,0.0,1.0,yahoo,2023-12-13 16:42:26
2004-03-22,XLK,19.46999931335449,19.520000457763672,19.26000022888184,19.43000030517578,628400,14.599914779739686,0.0,1.0,yahoo,2023-12-13 16:42:26
2004-03-23,XLK,19.46999931335449,19.65999984741211,19.280000686645508,19.39999961853028,406900,14.577371935608012,0.0,1.0,yahoo,2023-12-13 16:42:26
2004-03-24,XLK,19.39999961853028,19.690000534057617,19.32999992370605,19.5,626100,14.652513316177648,0.0,1.0,yahoo,2023-12-13 16:42:26
2004-03-25,XLK,19.770000457763672,20.1299991607666,19.709999084472656,20.1200008392334,732400,15.118388729147323,0.0,1.0,yahoo,2023-12-13 16:42:26
2004-03-26,XLK,20.020000457763672,20.190000534057617,20.0,20.0,871100,15.028218785823228,0.0,1.0,yahoo,2023-12-13 16:42:26
2004-03-29,XLK,20.280000686645508,20.36000061035156,20.1299991607666,20.26000022888184,403300,15.223585802023248,0.0,1.0,yahoo,2023-12-13 16:42:26
2004-03-30,XLK,20.18000030517578,20.31999969482422,20.059999465942383,20.290000915527344,626400,15.246128646154927,0.0,1.0,yahoo,2023-12-13 16:42:26
2004-03-31,XLK,20.209999084472656,20.350000381469727,20.15999984741211,20.15999984741211,448300,15.148444421453604,0.0,1.0,yahoo,2023-12-13 16:42:26
2004-04-01,XLK,20.280000686645508,20.489999771118164,20.239999771118164,20.3700008392334,452400,15.306241463970114,0.0,1.0,yahoo,2023-12-13 16:42:26
2004-04-02,XLK,20.90999984741211,20.90999984741211,20.63999938964844,20.8799991607666,1479000,15.689459781790294,0.0,1.0,yahoo,2023-12-13 16:42:26
2004-04-05,XLK,20.84000015258789,21.100000381469727,20.84000015258789,21.059999465942383,442900,15.824713980175124,0.0,1.0,yahoo,2023-12-13 16:42:26
2004-04-06,XLK,20.75,20.950000762939453,20.75,20.84000015258789,259000,15.659404089484015,0.0,1.0,yahoo,2023-12-13 16:42:26
2004-04-07,XLK,20.850000381469727,20.850000381469727,20.540000915527344,20.709999084472656,716200,15.561719864782692,0.0,1.0,yahoo,2023-12-13 16:42:26
2004-04-08,XLK,21.0,21.0,20.6299991607666,20.75,342700,15.5917769902916,0.0,1.0,yahoo,2023-12-13 16:42:26
2004-04-12,XLK,20.82999992370605,20.850000381469727,20.75,20.799999237060547,269400,15.629346963975106,0.0,1.0,yahoo,2023-12-13 16:42:26
2004-04-13,XLK,20.850000381469727,20.8799991607666,20.51000022888184,20.540000915527344,501400,15.433981380977716,0.0,1.0,yahoo,2023-12-13 16:42:26
2004-04-14,XLK,20.46999931335449,20.63999938964844,20.38999938964844,20.520000457763672,264500,15.418952818223262,0.0,1.0,yahoo,2023-12-13 16:42:26
2004-04-15,XLK,20.5,20.61000061035156,20.09000015258789,20.280000686645508,702400,15.2386143647777,0.0,1.0,yahoo,2023-12-13 16:42:26
2004-04-16,XLK,20.13999938964844,20.21999931335449,19.979999542236328,20.09000015258789,308400,15.095845885015644,0.0,1.0,yahoo,2023-12-13 16:42:26
2004-04-19,XLK,20.059999465942383,20.32999992370605,20.040000915527344,20.31999969482422,261400,15.26867005708398,0.0,1.0,yahoo,2023-12-13 16:42:26
2004-04-20,XLK,20.420000076293945,20.479999542236328,19.8799991607666,19.8799991607666,259500,14.938048842499134,0.0,1.0,yahoo,2023-12-13 16:42:26
2004-04-21,XLK,20.020000457763672,20.18000030517578,19.93000030517578,20.18000030517578,524200,15.163472984208058,0.0,1.0,yahoo,2023-12-13 16:42:26
2004-04-22,XLK,19.979999542236328,20.57999992370605,19.979999542236328,20.489999771118164,785200,15.396409974091583,0.0,1.0,yahoo,2023-12-13 16:42:26
2004-04-23,XLK,20.700000762939453,20.799999237060547,20.559999465942383,20.76000022888184,504900,15.599291271668829,0.0,1.0,yahoo,2023-12-13 16:42:26
2004-04-26,XLK,20.729999542236328,20.809999465942383,20.46999931335449,20.51000022888184,213200,15.411438536846038,0.0,1.0,yahoo,2023-12-13 16:42:26
2004-04-27,XLK,20.530000686645508,20.700000762939453,20.39999961853028,20.450000762939453,268000,15.366354281785302,0.0,1.0,yahoo,2023-12-13 16:42:26
2004-04-28,XLK,20.3799991607666,20.3799991607666,20.049999237060547,20.100000381469727,738400,15.10336016639287,0.0,1.0,yahoo,2023-12-13 16:42:26
2004-04-29,XLK,20.040000915527344,20.15999984741211,19.61000061035156,19.799999237060547,472000,14.877936024683946,0.0,1.0,yahoo,2023-12-13 16:42:26
2004-04-30,XLK,19.76000022888184,19.86000061035156,19.38999938964844,19.38999938964844,524400,14.569857654230782,0.0,1.0,yahoo,2023-12-13 16:42:26
2004-05-03,XLK,19.520000457763672,19.71999931335449,19.350000381469727,19.5,387000,14.652513316177648,0.0,1.0,yahoo,2023-12-13 16:42:26
2004-05-04,XLK,19.59000015258789,19.90999984741211,19.51000022888184,19.690000534057617,599000,14.795281795939704,0.0,1.0,yahoo,2023-12-13 16:42:26
2004-05-05,XLK,19.71999931335449,19.8799991607666,19.6200008392334,19.790000915527344,734100,14.870423176509346,0.0,1.0,yahoo,2023-12-13 16:42:26
2004-05-06,XLK,19.61000061035156,19.739999771118164,19.459999084472656,19.700000762939453,475400,14.80279607731693,0.0,1.0,yahoo,2023-12-13 16:42:26
2004-05-07,XLK,19.63999938964844,19.920000076293945,19.600000381469727,19.600000381469727,417500,14.72765469674729,0.0,1.0,yahoo,2023-12-13 16:42:26
2004-05-10,XLK,19.40999984741211,19.600000381469727,19.36000061035156,19.520000457763672,425300,14.667541878932102,0.0,1.0,yahoo,2023-12-13 16:42:26
2004-05-11,XLK,19.65999984741211,19.82999992370605,19.65999984741211,19.780000686645508,381400,14.862908895132119,0.0,1.0,yahoo,2023-12-13 16:42:26
2004-05-12,XLK,19.770000457763672,19.770000457763672,19.26000022888184,19.71999931335449,407400,14.817823206868754,0.0,1.0,yahoo,2023-12-13 16:42:26
2004-05-13,XLK,19.57999992370605,19.8700008392334,19.56999969482422,19.71999931335449,372500,14.817823206868754,0.0,1.0,yahoo,2023-12-13 16:42:26
2004-05-14,XLK,19.780000686645508,19.780000686645508,19.420000076293945,19.450000762939453,672800,14.614943342494142,0.0,1.0,yahoo,2023-12-13 16:42:26
2004-05-17,XLK,19.229999542236328,19.3799991607666,19.07999992370605,19.239999771118164,675100,14.45714629997763,0.0,1.0,yahoo,2023-12-13 16:42:26
2004-05-18,XLK,19.479999542236328,19.540000915527344,19.39999961853028,19.43000030517578,331600,14.599914779739686,0.0,1.0,yahoo,2023-12-13 16:42:26
2004-05-19,XLK,19.600000381469727,19.8799991607666,19.51000022888184,19.520000457763672,438200,14.667541878932102,0.0,1.0,yahoo,2023-12-13 16:42:26
2004-05-20,XLK,19.489999771118164,19.6200008392334,19.38999938964844,19.51000022888184,151300,14.660027597554878,0.0,1.0,yahoo,2023-12-13 16:42:26
2004-05-21,XLK,19.63999938964844,19.65999984741211,19.450000762939453,19.56999969482422,179700,14.705111852615609,0.0,1.0,yahoo,2023-12-13 16:42:26
2004-05-24,XLK,19.799999237060547,19.799999237060547,19.530000686645508,19.600000381469727,219400,14.72765469674729,0.0,1.0,yahoo,2023-12-13 16:42:26
2004-05-25,XLK,19.5,19.979999542236328,19.459999084472656,19.96999931335449,277900,15.005675941691544,0.0,1.0,yahoo,2023-12-13 16:42:26
2004-05-26,XLK,19.940000534057617,20.0,19.780000686645508,19.93000030517578,336200,14.975620249385267,0.0,1.0,yahoo,2023-12-13 16:42:26
2004-05-27,XLK,19.950000762939453,20.13999938964844,19.88999938964844,20.049999237060547,952000,15.065788759506736,0.0,1.0,yahoo,2023-12-13 16:42:26
2004-05-28,XLK,20.0,20.14999961853028,19.979999542236328,20.14999961853028,282300,15.140930140076383,0.0,1.0,yahoo,2023-12-13 16:42:26
2004-06-01,XLK,19.90999984741211,20.100000381469727,19.82999992370605,20.01000022888184,249600,15.035733067200459,0.0,1.0,yahoo,2023-12-13 16:42:26
2004-06-02,XLK,20.01000022888184,20.100000381469727,19.8799991607666,20.01000022888184,940200,15.035733067200459,0.0,1.0,yahoo,2023-12-13 16:42:26
2004-06-03,XLK,19.93000030517578,19.93000030517578,19.739999771118164,19.75,476900,14.840366051000439,0.0,1.0,yahoo,2023-12-13 16:42:26
2004-06-04,XLK,19.950000762939453,20.13999938964844,19.93000030517578,19.940000534057617,521600,14.983134530762495,0.0,1.0,yahoo,2023-12-13 16:42:26
2004-06-07,XLK,20.049999237060547,20.43000030517578,20.049999237060547,20.39999961853028,1159100,15.328782874899172,0.0,1.0,yahoo,2023-12-13 16:42:26
2004-06-08,XLK,20.280000686645508,20.520000457763672,20.280000686645508,20.51000022888184,558600,15.411438536846038,0.0,1.0,yahoo,2023-12-13 16:42:26
2004-06-09,XLK,20.5,20.5,20.26000022888184,20.280000686645508,354600,15.2386143647777,0.0,1.0,yahoo,2023-12-13 16:42:26
2004-06-10,XLK,20.40999984741211,20.420000076293945,20.299999237060547,20.38999938964844,856800,15.321268593521943,0.0,1.0,yahoo,2023-12-13 16:42:26
2004-06-14,XLK,20.21999931335449,20.31999969482422,20.040000915527344,20.11000061035156,414400,15.110874447770094,0.0,1.0,yahoo,2023-12-13 16:42:26
2004-06-15,XLK,20.290000915527344,20.530000686645508,20.270000457763672,20.40999984741211,592000,15.336297156276395,0.0,1.0,yahoo,2023-12-13 16:42:26
2004-06-16,XLK,20.299999237060547,20.38999938964844,20.239999771118164,20.31999969482422,713900,15.26867005708398,0.0,1.0,yahoo,2023-12-13 16:42:26
2004-06-17,XLK,20.299999237060547,20.299999237060547,20.049999237060547,20.09000015258789,225600,15.095845885015644,0.0,1.0,yahoo,2023-12-13 16:42:26
2004-06-18,XLK,20.0,20.290000915527344,20.0,20.1299991607666,335000,15.125901577321923,0.0,1.0,yahoo,2023-12-13 16:42:26
2004-06-21,XLK,20.14999961853028,20.290000915527344,20.01000022888184,20.040000915527344,402900,15.058275911332137,0.0,1.0,yahoo,2023-12-13 16:42:26
2004-06-22,XLK,20.01000022888184,20.280000686645508,19.989999771118164,20.25,335300,15.216071520646018,0.0,1.0,yahoo,2023-12-13 16:42:26
2004-06-23,XLK,20.309999465942383,20.559999465942383,20.229999542236328,20.530000686645508,429600,15.42646709960049,0.0,1.0,yahoo,2023-12-13 16:42:26
2004-06-24,XLK,20.530000686645508,20.61000061035156,20.3799991607666,20.43000030517578,498900,15.351325719030848,0.0,1.0,yahoo,2023-12-13 16:42:26
2004-06-25,XLK,20.46999931335449,20.61000061035156,20.39999961853028,20.51000022888184,219500,15.411438536846038,0.0,1.0,yahoo,2023-12-13 16:42:26
2004-06-28,XLK,20.63999938964844,20.63999938964844,20.299999237060547,20.350000381469727,425200,15.29121290121566,0.0,1.0,yahoo,2023-12-13 16:42:26
2004-06-29,XLK,20.3700008392334,20.57999992370605,20.299999237060547,20.559999465942383,640800,15.449008510529543,0.0,1.0,yahoo,2023-12-13 16:42:26
2004-06-30,XLK,20.540000915527344,20.770000457763672,20.51000022888184,20.700000762939453,342100,15.554207016608093,0.0,1.0,yahoo,2023-12-13 16:42:26
2004-07-01,XLK,20.64999961853028,20.64999961853028,20.13999938964844,20.31999969482422,486700,15.26867005708398,0.0,1.0,yahoo,2023-12-13 16:42:26
2004-07-02,XLK,20.34000015258789,20.34000015258789,20.049999237060547,20.100000381469727,352600,15.10336016639287,0.0,1.0,yahoo,2023-12-13 16:42:26
2004-07-06,XLK,19.8700008392334,19.96999931335449,19.56999969482422,19.670000076293945,846800,14.78025323318525,0.0,1.0,yahoo,2023-12-13 16:42:26
2004-07-07,XLK,19.6200008392334,19.88999938964844,19.6200008392334,19.799999237060547,207200,14.877936024683946,0.0,1.0,yahoo,2023-12-13 16:42:26
2004-07-08,XLK,19.59000015258789,19.76000022888184,19.459999084472656,19.46999931335449,275900,14.629970472045965,0.0,1.0,yahoo,2023-12-13 16:42:26
2004-07-09,XLK,19.6200008392334,19.71999931335449,19.57999992370605,19.6299991607666,218700,14.750196107676343,0.0,1.0,yahoo,2023-12-13 16:42:26
2004-07-12,XLK,19.5,19.63999938964844,19.39999961853028,19.600000381469727,1238600,14.72765469674729,0.0,1.0,yahoo,2023-12-13 16:42:26
2004-07-13,XLK,19.690000534057617,19.700000762939453,19.489999771118164,19.51000022888184,314900,14.660027597554878,0.0,1.0,yahoo,2023-12-13 16:42:26
2004-07-14,XLK,19.299999237060547,19.450000762939453,19.1299991607666,19.200000762939453,837100,14.427090607671351,0.0,1.0,yahoo,2023-12-13 16:42:26
2004-07-15,XLK,19.200000762939453,19.34000015258789,19.100000381469727,19.100000381469727,251000,14.35194922710171,0.0,1.0,yahoo,2023-12-13 16:42:26
2004-07-16,XLK,19.26000022888184,19.280000686645508,18.86000061035156,18.89999961853028,457600,14.20166646596243,0.0,1.0,yahoo,2023-12-13 16:42:26
2004-07-19,XLK,18.8700008392334,19.09000015258789,18.81999969482422,18.959999084472656,689800,14.24675072102316,0.0,1.0,yahoo,2023-12-13 16:42:26
2004-07-20,XLK,19.01000022888184,19.270000457763672,18.959999084472656,19.270000457763672,502000,14.479689144109312,0.0,1.0,yahoo,2023-12-13 16:42:26
2004-07-21,XLK,19.56999969482422,19.57999992370605,18.950000762939453,18.979999542236328,638200,14.261779283777614,0.0,1.0,yahoo,2023-12-13 16:42:26
2004-07-22,XLK,18.93000030517578,19.280000686645508,18.8799991607666,19.18000030517578,781600,14.412062044916897,0.0,1.0,yahoo,2023-12-13 16:42:26
2004-07-23,XLK,19.100000381469727,19.100000381469727,18.82999992370605,18.850000381469727,268200,14.164096492278919,0.0,1.0,yahoo,2023-12-13 16:42:26
2004-07-26,XLK,18.93000030517578,19.040000915527344,18.790000915527344,18.959999084472656,457900,14.24675072102316,0.0,1.0,yahoo,2023-12-13 16:42:26
2004-07-27,XLK,19.01000022888184,19.229999542236328,18.940000534057617,19.13999938964844,582600,14.382004919407992,0.0,1.0,yahoo,2023-12-13 16:42:26
2004-07-28,XLK,19.06999969482422,19.26000022888184,18.86000061035156,19.1299991607666,956800,14.374490638030762,0.0,1.0,yahoo,2023-12-13 16:42:26
2004-07-29,XLK,19.25,19.479999542236328,19.25,19.39999961853028,513300,14.577371935608012,0.0,1.0,yahoo,2023-12-13 16:42:26
2004-07-30,XLK,19.3799991607666,19.530000686645508,19.309999465942383,19.440000534057617,169300,14.607429061116914,0.0,1.0,yahoo,2023-12-13 16:42:26
2004-08-02,XLK,19.309999465942383,19.549999237060547,19.239999771118164,19.489999771118164,423000,14.64499903480042,0.0,1.0,yahoo,2023-12-13 16:42:26
2004-08-03,XLK,19.420000076293945,19.479999542236328,19.1299991607666,19.170000076293945,429600,14.40454776353967,0.0,1.0,yahoo,2023-12-13 16:42:26
2004-08-04,XLK,19.049999237060547,19.309999465942383,19.049999237060547,19.200000762939453,786200,14.427090607671351,0.0,1.0,yahoo,2023-12-13 16:42:26
2004-08-05,XLK,19.290000915527344,19.290000915527344,18.88999938964844,18.90999984741211,351100,14.209180747339653,0.0,1.0,yahoo,2023-12-13 16:42:26
2004-08-06,XLK,18.700000762939453,18.780000686645508,18.34000015258789,18.34000015258789,481900,13.78087674125611,0.0,1.0,yahoo,2023-12-13 16:42:26
2004-08-09,XLK,18.59000015258789,18.59000015258789,18.39999961853028,18.459999084472656,309400,13.871045251377579,0.0,1.0,yahoo,2023-12-13 16:42:26
2004-08-10,XLK,18.51000022888184,18.780000686645508,18.51000022888184,18.780000686645508,831700,14.111497955840958,0.0,1.0,yahoo,2023-12-13 16:42:26
2004-08-11,XLK,18.530000686645508,18.530000686645508,18.170000076293945,18.309999465942383,406600,13.75833389712443,0.0,1.0,yahoo,2023-12-13 16:42:26
2004-08-12,XLK,18.059999465942383,18.14999961853028,17.860000610351562,17.950000762939453,2643000,13.487826933557399,0.0,1.0,yahoo,2023-12-13 16:42:26
2004-08-13,XLK,18.06999969482422,18.11000061035156,17.950000762939453,18.049999237060547,427900,13.562966880924412,0.0,1.0,yahoo,2023-12-13 16:42:26
2004-08-16,XLK,18.1299991607666,18.31999969482422,18.049999237060547,18.209999084472656,425600,13.683192516554788,0.0,1.0,yahoo,2023-12-13 16:42:26
2004-08-17,XLK,18.36000061035156,18.440000534057617,18.270000457763672,18.32999992370605,354600,13.77336245987888,0.0,1.0,yahoo,2023-12-13 16:42:26
2004-08-18,XLK,18.18000030517578,18.68000030517578,18.18000030517578,18.6299991607666,848500,13.998785168385181,0.0,1.0,yahoo,2023-12-13 16:42:26
2004-08-19,XLK,18.6200008392334,18.690000534057617,18.459999084472656,18.56999969482422,430100,13.953700913324447,0.0,1.0,yahoo,2023-12-13 16:42:26
2004-08-20,XLK,18.549999237060547,18.75,18.549999237060547,18.65999984741211,236600,14.021328012516863,0.0,1.0,yahoo,2023-12-13 16:42:26
2004-08-23,XLK,18.739999771118164,18.84000015258789,18.68000030517578,18.75,151500,14.088955111709277,0.0,1.0,yahoo,2023-12-13 16:42:26
2004-08-24,XLK,18.850000381469727,18.850000381469727,18.57999992370605,18.64999961853028,283500,14.01381373113964,0.0,1.0,yahoo,2023-12-13 16:42:26
2004-08-25,XLK,18.549999237060547,18.89999961853028,18.549999237060547,18.86000061035156,390300,14.171610773656143,0.0,1.0,yahoo,2023-12-13 16:42:26
2004-08-26,XLK,18.770000457763672,18.8799991607666,18.75,18.76000022888184,287500,14.096469393086506,0.0,1.0,yahoo,2023-12-13 16:42:26
2004-08-27,XLK,18.799999237060547,18.920000076293945,18.770000457763672,18.84000015258789,320500,14.156582210901691,0.0,1.0,yahoo,2023-12-13 16:42:26
2004-08-30,XLK,18.82999992370605,18.82999992370605,18.63999938964844,18.64999961853028,222600,14.01381373113964,0.0,1.0,yahoo,2023-12-13 16:42:26
2004-08-31,XLK,18.670000076293945,18.670000076293945,18.39999961853028,18.57999992370605,914600,13.961215194701671,0.0,1.0,yahoo,2023-12-13 16:42:26
2004-09-01,XLK,18.56999969482422,18.799999237060547,18.51000022888184,18.71999931335449,522300,14.066412267577594,0.0,1.0,yahoo,2023-12-13 16:42:26
2004-09-02,XLK,18.63999938964844,18.940000534057617,18.63999938964844,18.940000534057617,162100,14.231723591471333,0.0,1.0,yahoo,2023-12-13 16:42:26
2004-09-03,XLK,18.71999931335449,18.76000022888184,18.51000022888184,18.530000686645508,169300,13.923645221018168,0.0,1.0,yahoo,2023-12-13 16:42:26
2004-09-07,XLK,18.549999237060547,18.75,18.530000686645508,18.61000061035156,286300,13.983758038833352,0.0,1.0,yahoo,2023-12-13 16:42:26
2004-09-08,XLK,18.600000381469727,18.76000022888184,18.57999992370605,18.6299991607666,223900,13.998785168385181,0.0,1.0,yahoo,2023-12-13 16:42:26
2004-09-09,XLK,18.71999931335449,18.979999542236328,18.64999961853028,18.90999984741211,268400,14.209180747339653,0.0,1.0,yahoo,2023-12-13 16:42:26
2004-09-10,XLK,18.93000030517578,19.26000022888184,18.850000381469727,19.229999542236328,292700,14.449632018600404,0.0,1.0,yahoo,2023-12-13 16:42:26
2004-09-13,XLK,19.31999969482422,19.489999771118164,19.26000022888184,19.31999969482422,546400,14.517259117792818,0.0,1.0,yahoo,2023-12-13 16:42:26
2004-09-14,XLK,19.280000686645508,19.40999984741211,19.25,19.39999961853028,180300,14.577371935608012,0.0,1.0,yahoo,2023-12-13 16:42:26
2004-09-15,XLK,19.229999542236328,19.25,19.049999237060547,19.09000015258789,157800,14.344434945724482,0.0,1.0,yahoo,2023-12-13 16:42:26
2004-09-16,XLK,19.14999961853028,19.25,19.11000061035156,19.1299991607666,138700,14.374490638030762,0.0,1.0,yahoo,2023-12-13 16:42:26
2004-09-17,XLK,19.14999961853028,19.280000686645508,19.09000015258789,19.26000022888184,256400,14.472174862732087,0.0,1.0,yahoo,2023-12-13 16:42:26
2004-09-20,XLK,19.100000381469727,19.459999084472656,19.100000381469727,19.32999992370605,531100,14.524773399170043,0.0,1.0,yahoo,2023-12-13 16:42:26
2004-09-21,XLK,19.32999992370605,19.5,19.32999992370605,19.39999961853028,239600,14.577371935608012,0.0,1.0,yahoo,2023-12-13 16:42:26
2004-09-22,XLK,19.209999084472656,19.299999237060547,19.059999465942383,19.07999992370605,194200,14.336920664347252,0.0,1.0,yahoo,2023-12-13 16:42:26
2004-09-23,XLK,19.1200008392334,19.209999084472656,19.040000915527344,19.1299991607666,236000,14.374490638030762,0.0,1.0,yahoo,2023-12-13 16:42:26
2004-09-24,XLK,19.100000381469727,19.21999931335449,18.96999931335449,18.96999931335449,334000,14.254265002400384,0.0,1.0,yahoo,2023-12-13 16:42:26
2004-09-27,XLK,18.8799991607666,18.959999084472656,18.780000686645508,18.799999237060547,1260800,14.126525085392784,0.0,1.0,yahoo,2023-12-13 16:42:26
2004-09-28,XLK,18.88999938964844,18.88999938964844,18.670000076293945,18.850000381469727,1030100,14.164096492278919,0.0,1.0,yahoo,2023-12-13 16:42:26
2004-09-29,XLK,18.81999969482422,19.06999969482422,18.81999969482422,19.049999237060547,1183600,14.314377820215574,0.0,1.0,yahoo,2023-12-13 16:42:26
2004-09-30,XLK,19.01000022888184,19.18000030517578,19.01000022888184,19.1200008392334,143100,14.366977789856163,0.0,1.0,yahoo,2023-12-13 16:42:26
2004-10-01,XLK,19.229999542236328,19.65999984741211,19.229999542236328,19.600000381469727,933000,14.72765469674729,0.0,1.0,yahoo,2023-12-13 16:42:26
2004-10-04,XLK,19.8799991607666,19.940000534057617,19.76000022888184,19.76000022888184,1671200,14.847880332377668,0.0,1.0,yahoo,2023-12-13 16:42:26
2004-10-05,XLK,19.799999237060547,19.940000534057617,19.71999931335449,19.89999961853028,347500,14.953077405253593,0.0,1.0,yahoo,2023-12-13 16:42:26
2004-10-06,XLK,19.809999465942383,20.030000686645508,19.76000022888184,20.030000686645508,734400,15.05076162995491,0.0,1.0,yahoo,2023-12-13 16:42:26
2004-10-07,XLK,19.90999984741211,20.040000915527344,19.81999969482422,19.81999969482422,581400,14.8929645874384,0.0,1.0,yahoo,2023-12-13 16:42:26
2004-10-08,XLK,19.729999542236328,19.850000381469727,19.479999542236328,19.540000915527344,372900,14.682570441686556,0.0,1.0,yahoo,2023-12-13 16:42:26
2004-10-11,XLK,19.51000022888184,19.63999938964844,19.5,19.600000381469727,203500,14.72765469674729,0.0,1.0,yahoo,2023-12-13 16:42:26
2004-10-12,XLK,19.36000061035156,19.56999969482422,19.31999969482422,19.549999237060547,286900,14.690083289861155,0.0,1.0,yahoo,2023-12-13 16:42:26
2004-10-13,XLK,19.81999969482422,19.81999969482422,19.440000534057617,19.479999542236328,196100,14.637484753423195,0.0,1.0,yahoo,2023-12-13 16:42:26
2004-10-14,XLK,19.56999969482422,19.56999969482422,19.31999969482422,19.32999992370605,189500,14.524773399170043,0.0,1.0,yahoo,2023-12-13 16:42:26
2004-10-15,XLK,19.43000030517578,19.600000381469727,19.350000381469727,19.450000762939453,248800,14.614943342494142,0.0,1.0,yahoo,2023-12-13 16:42:26
2004-10-18,XLK,19.32999992370605,19.670000076293945,19.32999992370605,19.64999961853028,240300,14.765224670430802,0.0,1.0,yahoo,2023-12-13 16:42:26
2004-10-19,XLK,19.75,19.93000030517578,19.6299991607666,19.64999961853028,2635100,14.765224670430802,0.0,1.0,yahoo,2023-12-13 16:42:26
2004-10-20,XLK,19.51000022888184,19.71999931335449,19.46999931335449,19.68000030517578,212800,14.787767514562477,0.0,1.0,yahoo,2023-12-13 16:42:26
2004-10-21,XLK,19.81999969482422,19.93000030517578,19.63999938964844,19.850000381469727,379600,14.915507431570079,0.0,1.0,yahoo,2023-12-13 16:42:26
2004-10-22,XLK,19.8700008392334,19.8700008392334,19.40999984741211,19.420000076293945,651600,14.59240049836246,0.0,1.0,yahoo,2023-12-13 16:42:26
2004-10-25,XLK,19.38999938964844,19.51000022888184,19.350000381469727,19.38999938964844,439400,14.569857654230782,0.0,1.0,yahoo,2023-12-13 16:42:26
2004-10-26,XLK,19.3799991607666,19.5,19.299999237060547,19.43000030517578,316900,14.599914779739686,0.0,1.0,yahoo,2023-12-13 16:42:26
2004-10-27,XLK,19.5,19.959999084472656,19.40999984741211,19.89999961853028,916300,14.953077405253593,0.0,1.0,yahoo,2023-12-13 16:42:26
2004-10-28,XLK,19.75,20.059999465942383,19.75,19.950000762939453,979200,14.990648812139721,0.0,1.0,yahoo,2023-12-13 16:42:26
2004-10-29,XLK,20.049999237060547,20.09000015258789,19.850000381469727,19.959999084472656,814500,14.99816166031432,0.0,1.0,yahoo,2023-12-13 16:42:26
2004-11-01,XLK,20.049999237060547,20.15999984741211,19.950000762939453,20.1200008392334,390200,15.118388729147323,0.0,1.0,yahoo,2023-12-13 16:42:26
2004-11-02,XLK,20.170000076293945,20.36000061035156,20.06999969482422,20.14999961853028,891200,15.140930140076383,0.0,1.0,yahoo,2023-12-13 16:42:26
2004-11-03,XLK,20.5,20.559999465942383,20.170000076293945,20.26000022888184,958700,15.223585802023248,0.0,1.0,yahoo,2023-12-13 16:42:26
2004-11-04,XLK,20.25,20.51000022888184,20.170000076293945,20.489999771118164,571400,15.396409974091583,0.0,1.0,yahoo,2023-12-13 16:42:26
2004-11-05,XLK,20.700000762939453,20.75,20.540000915527344,20.670000076293945,4918900,15.531664172476411,0.0,1.0,yahoo,2023-12-13 16:42:26
2004-11-08,XLK,20.68000030517578,20.729999542236328,20.600000381469727,20.700000762939453,464400,15.554207016608093,0.0,1.0,yahoo,2023-12-13 16:42:26
2004-11-09,XLK,20.6200008392334,20.790000915527344,20.61000061035156,20.690000534057617,633600,15.546692735230867,0.0,1.0,yahoo,2023-12-13 16:42:26
2004-11-10,XLK,20.65999984741211,20.65999984741211,20.46999931335449,20.51000022888184,685800,15.411438536846038,0.0,1.0,yahoo,2023-12-13 16:42:26
2004-11-11,XLK,20.46999931335449,20.790000915527344,20.46999931335449,20.770000457763672,531500,15.606805553046053,0.0,1.0,yahoo,2023-12-13 16:42:26
2004-11-12,XLK,21.0,21.059999465942383,20.71999931335449,21.059999465942383,394300,15.824713980175124,0.0,1.0,yahoo,2023-12-13 16:42:26
2004-11-15,XLK,21.280000686645508,21.36000061035156,21.049999237060547,21.18000030517578,2578800,15.91488392349922,0.0,1.0,yahoo,2023-12-13 16:42:26
2004-11-16,XLK,20.93000030517578,21.06999969482422,20.90999984741211,21.020000457763672,603000,15.794658287868844,0.0,1.0,yahoo,2023-12-13 16:42:26
2004-11-17,XLK,21.25,21.420000076293945,21.170000076293945,21.26000022888184,690400,15.97499674131441,0.0,1.0,yahoo,2023-12-13 16:42:26
2004-11-18,XLK,21.18000030517578,21.3700008392334,21.170000076293945,21.34000015258789,774100,16.035109559129594,0.0,1.0,yahoo,2023-12-13 16:42:26
2004-11-19,XLK,21.200000762939453,21.36000061035156,20.96999931335449,21.01000022888184,336100,15.78714400649162,0.0,1.0,yahoo,2023-12-13 16:42:26
2004-11-22,XLK,20.89999961853028,21.100000381469727,20.82999992370605,21.040000915527344,361900,15.809686850623297,0.0,1.0,yahoo,2023-12-13 16:42:26
2004-11-23,XLK,21.0,21.1200008392334,20.86000061035156,20.950000762939453,490500,15.742059751430883,0.0,1.0,yahoo,2023-12-13 16:42:26
2004-11-24,XLK,20.96999931335449,21.1200008392334,20.96999931335449,21.1200008392334,259500,15.869799668438485,0.0,1.0,yahoo,2023-12-13 16:42:26
2004-11-26,XLK,21.200000762939453,21.200000762939453,21.059999465942383,21.09000015258789,215500,15.847256824306804,0.0,1.0,yahoo,2023-12-13 16:42:26
2004-11-29,XLK,21.14999961853028,21.270000457763672,20.96999931335449,21.100000381469727,761000,15.854771105684032,0.0,1.0,yahoo,2023-12-13 16:42:26
2004-11-30,XLK,21.1200008392334,21.1200008392334,20.979999542236328,20.979999542236328,294900,15.764601162359936,0.0,1.0,yahoo,2023-12-13 16:42:26
2004-12-01,XLK,21.100000381469727,21.43000030517578,21.049999237060547,21.40999984741211,1171300,16.087708095567557,0.0,1.0,yahoo,2023-12-13 16:42:26
2004-12-02,XLK,21.64999961853028,21.670000076293945,21.32999992370605,21.46999931335449,822900,16.132792350628286,0.0,1.0,yahoo,2023-12-13 16:42:26
2004-12-03,XLK,21.709999084472656,21.81999969482422,21.59000015258789,21.6200008392334,791100,16.245505138084066,0.0,1.0,yahoo,2023-12-13 16:42:26
2004-12-06,XLK,21.5,21.790000915527344,21.5,21.709999084472656,351300,16.313130804073854,0.0,1.0,yahoo,2023-12-13 16:42:26
2004-12-07,XLK,21.790000915527344,21.8799991607666,21.38999938964844,21.420000076293945,929900,16.095222376944783,0.0,1.0,yahoo,2023-12-13 16:42:26
2004-12-08,XLK,21.3799991607666,21.489999771118164,21.309999465942383,21.39999961853028,427200,16.080193814190334,0.0,1.0,yahoo,2023-12-13 16:42:26
2004-12-09,XLK,21.270000457763672,21.450000762939453,21.040000915527344,21.38999938964844,746500,16.072679532813105,0.0,1.0,yahoo,2023-12-13 16:42:26
2004-12-10,XLK,21.229999542236328,21.40999984741211,21.229999542236328,21.280000686645508,520700,15.990025304068862,0.0,1.0,yahoo,2023-12-13 16:42:26
2004-12-13,XLK,21.5,21.549999237060547,21.3700008392334,21.530000686645508,590300,16.177878038891652,0.0,1.0,yahoo,2023-12-13 16:42:26
2004-12-14,XLK,21.200000762939453,21.65999984741211,21.200000762939453,21.56999969482422,1698400,16.207933731197933,0.0,1.0,yahoo,2023-12-13 16:42:26
2004-12-15,XLK,21.600000381469727,21.709999084472656,21.46999931335449,21.56999969482422,498700,16.207933731197933,0.0,1.0,yahoo,2023-12-13 16:42:26
2004-12-16,XLK,21.5,21.670000076293945,21.36000061035156,21.479999542236328,657900,16.140306632005515,0.0,1.0,yahoo,2023-12-13 16:42:26
2004-12-17,XLK,20.89999961853028,21.11000061035156,20.89999961853028,20.959999084472656,482200,16.062141277305493,0.418,1.0,yahoo,2023-12-13 16:42:26
2004-12-20,XLK,21.200000762939453,21.200000762939453,20.809999465942383,20.84000015258789,332600,15.970183267703923,0.0,1.0,yahoo,2023-12-13 16:42:26
2004-12-21,XLK,20.979999542236328,21.100000381469727,20.89999961853028,21.06999969482422,1964900,16.146437337478776,0.0,1.0,yahoo,2023-12-13 16:42:26
2004-12-22,XLK,21.1200008392334,21.21999931335449,21.020000457763672,21.11000061035156,633500,16.177090981776768,0.0,1.0,yahoo,2023-12-13 16:42:26
2004-12-23,XLK,21.14999961853028,21.200000762939453,21.06999969482422,21.15999984741211,1485900,16.21540657550306,0.0,1.0,yahoo,2023-12-13 16:42:26
2004-12-27,XLK,21.21999931335449,21.21999931335449,20.989999771118164,21.030000686645508,238100,16.115785154826987,0.0,1.0,yahoo,2023-12-13 16:42:26
2004-12-28,XLK,21.100000381469727,21.15999984741211,21.01000022888184,21.13999938964844,488200,16.200079753354064,0.0,1.0,yahoo,2023-12-13 16:42:26
2004-12-29,XLK,21.09000015258789,21.200000762939453,21.07999992370605,21.13999938964844,384900,16.200079753354064,0.0,1.0,yahoo,2023-12-13 16:42:26
2004-12-30,XLK,21.15999984741211,21.209999084472656,21.1299991607666,21.14999961853028,542800,16.207743164428564,0.0,1.0,yahoo,2023-12-13 16:42:26
2004-12-31,XLK,21.14999961853028,21.21999931335449,21.09000015258789,21.11000061035156,489300,16.177090981776768,0.0,1.0,yahoo,2023-12-13 16:42:26
2005-01-03,XLK,21.270000457763672,21.299999237060547,20.89999961853028,20.93000030517578,1323900,16.039152505728207,0.0,1.0,yahoo,2023-12-13 16:42:26
2005-01-04,XLK,20.979999542236328,21.06999969482422,20.459999084472656,20.540000915527344,764700,15.740286782053785,0.0,1.0,yahoo,2023-12-13 16:42:26
2005-01-05,XLK,20.549999237060547,20.739999771118164,20.46999931335449,20.46999931335449,813500,15.686642904532288,0.0,1.0,yahoo,2023-12-13 16:42:26
2005-01-06,XLK,20.51000022888184,20.6200008392334,20.39999961853028,20.40999984741211,481700,15.640663899731505,0.0,1.0,yahoo,2023-12-13 16:42:26
2005-01-07,XLK,20.39999961853028,20.6200008392334,20.34000015258789,20.450000762939453,395600,15.671317544029502,0.0,1.0,yahoo,2023-12-13 16:42:26
2005-01-10,XLK,20.64999961853028,20.64999961853028,20.38999938964844,20.450000762939453,493800,15.671317544029502,0.0,1.0,yahoo,2023-12-13 16:42:26
2005-01-11,XLK,20.1200008392334,20.420000076293945,20.1200008392334,20.25,733900,15.518052245831937,0.0,1.0,yahoo,2023-12-13 16:42:26
2005-01-12,XLK,20.25,20.38999938964844,20.13999938964844,20.36000061035156,2789400,15.602348306005217,0.0,1.0,yahoo,2023-12-13 16:42:26
2005-01-13,XLK,20.350000381469727,20.3700008392334,20.100000381469727,20.15999984741211,1184600,15.449083007807655,0.0,1.0,yahoo,2023-12-13 16:42:26
2005-01-14,XLK,20.13999938964844,20.299999237060547,20.13999938964844,20.21999931335449,4103500,15.495062012608438,0.0,1.0,yahoo,2023-12-13 16:42:26
2005-01-18,XLK,20.190000534057617,20.440000534057617,20.13999938964844,20.440000534057617,525300,15.663654132955003,0.0,1.0,yahoo,2023-12-13 16:42:26
2005-01-19,XLK,20.440000534057617,20.440000534057617,20.01000022888184,20.01000022888184,1012500,15.334134764982588,0.0,1.0,yahoo,2023-12-13 16:42:26
2005-01-20,XLK,19.979999542236328,20.040000915527344,19.799999237060547,19.8700008392334,1006300,15.226849933232016,0.0,1.0,yahoo,2023-12-13 16:42:26
2005-01-21,XLK,20.0,20.0,19.71999931335449,19.729999542236328,1519200,15.119563639835237,0.0,1.0,yahoo,2023-12-13 16:42:26
2005-01-24,XLK,19.75,19.799999237060547,19.530000686645508,19.56999969482422,983100,14.996951985935668,0.0,1.0,yahoo,2023-12-13 16:42:26
2005-01-25,XLK,19.59000015258789,19.799999237060547,19.59000015258789,19.600000381469727,1060700,15.019942219159166,0.0,1.0,yahoo,2023-12-13 16:42:26
2005-01-26,XLK,19.75,19.850000381469727,19.64999961853028,19.799999237060547,363600,15.173206055710523,0.0,1.0,yahoo,2023-12-13 16:42:26
2005-01-27,XLK,19.709999084472656,19.84000015258789,19.670000076293945,19.780000686645508,721000,15.157880695207734,0.0,1.0,yahoo,2023-12-13 16:42:26
2005-01-28,XLK,19.850000381469727,19.920000076293945,19.6200008392334,19.780000686645508,343200,15.157880695207734,0.0,1.0,yahoo,2023-12-13 16:42:26
2005-01-31,XLK,19.799999237060547,20.0,19.799999237060547,19.920000076293945,1314200,15.265165526958302,0.0,1.0,yahoo,2023-12-13 16:42:26
2005-02-01,XLK,20.0,20.07999992370605,19.93000030517578,20.040000915527344,702200,15.357124998206084,0.0,1.0,yahoo,2023-12-13 16:42:26
2005-02-02,XLK,20.0,20.13999938964844,19.959999084472656,20.049999237060547,464400,15.364786947634373,0.0,1.0,yahoo,2023-12-13 16:42:26
2005-02-03,XLK,20.030000686645508,20.040000915527344,19.81999969482422,19.920000076293945,986700,15.265165526958302,0.0,1.0,yahoo,2023-12-13 16:42:26
2005-02-04,XLK,19.950000762939453,20.299999237060547,19.8799991607666,20.26000022888184,847500,15.52571565690644,0.0,1.0,yahoo,2023-12-13 16:42:26
2005-02-07,XLK,20.26000022888184,20.34000015258789,20.18000030517578,20.200000762939453,931700,15.47973665210565,0.0,1.0,yahoo,2023-12-13 16:42:26
2005-02-08,XLK,20.14999961853028,20.38999938964844,20.13999938964844,20.299999237060547,485800,15.556367839558224,0.0,1.0,yahoo,2023-12-13 16:42:26
2005-02-09,XLK,20.280000686645508,20.309999465942383,19.950000762939453,19.950000762939453,1166200,15.2881557601818,0.0,1.0,yahoo,2023-12-13 16:42:26
2005-02-10,XLK,19.950000762939453,20.059999465942383,19.86000061035156,19.989999771118164,412400,15.318807942833587,0.0,1.0,yahoo,2023-12-13 16:42:26
2005-02-11,XLK,19.82999992370605,20.229999542236328,19.82999992370605,20.18000030517578,567300,15.464409829956653,0.0,1.0,yahoo,2023-12-13 16:42:26
2005-02-14,XLK,20.07999992370605,20.270000457763672,20.07999992370605,20.21999931335449,963400,15.495062012608438,0.0,1.0,yahoo,2023-12-13 16:42:26
2005-02-15,XLK,20.13999938964844,20.450000762939453,20.13999938964844,20.31999969482422,1042600,15.571694661707223,0.0,1.0,yahoo,2023-12-13 16:42:26
2005-02-16,XLK,20.170000076293945,20.31999969482422,20.170000076293945,20.25,540100,15.518052245831937,0.0,1.0,yahoo,2023-12-13 16:42:26
2005-02-17,XLK,20.190000534057617,20.270000457763672,19.920000076293945,19.920000076293945,459500,15.265165526958302,0.0,1.0,yahoo,2023-12-13 16:42:26
2005-02-18,XLK,19.89999961853028,20.020000457763672,19.8799991607666,19.8799991607666,347800,15.234511882660305,0.0,1.0,yahoo,2023-12-13 16:42:26
2005-02-22,XLK,19.64999961853028,20.040000915527344,19.64999961853028,19.770000457763672,987400,15.150217284133234,0.0,1.0,yahoo,2023-12-13 16:42:26
2005-02-23,XLK,19.71999931335449,19.84000015258789,19.600000381469727,19.709999084472656,1036600,15.104236817686239,0.0,1.0,yahoo,2023-12-13 16:42:26
2005-02-24,XLK,19.729999542236328,19.920000076293945,19.64999961853028,19.8799991607666,877600,15.234511882660305,0.0,1.0,yahoo,2023-12-13 16:42:26
2005-02-25,XLK,19.89999961853028,20.059999465942383,19.850000381469727,20.01000022888184,577500,15.334134764982588,0.0,1.0,yahoo,2023-12-13 16:42:26
2005-02-28,XLK,19.96999931335449,20.14999961853028,19.8799991607666,19.950000762939453,844300,15.2881557601818,0.0,1.0,yahoo,2023-12-13 16:42:26
2005-03-01,XLK,20.100000381469727,20.229999542236328,20.040000915527344,20.190000534057617,596400,15.472073241031152,0.0,1.0,yahoo,2023-12-13 16:42:26
2005-03-02,XLK,20.07999992370605,20.290000915527344,20.0,20.13999938964844,451400,15.433756185658659,0.0,1.0,yahoo,2023-12-13 16:42:26
2005-03-03,XLK,20.11000061035156,20.200000762939453,19.90999984741211,19.989999771118164,402300,15.318807942833587,0.0,1.0,yahoo,2023-12-13 16:42:26
2005-03-04,XLK,19.89999961853028,20.21999931335449,19.89999961853028,20.1200008392334,744800,15.418430825155868,0.0,1.0,yahoo,2023-12-13 16:42:26
2005-03-07,XLK,20.0,20.440000534057617,20.0,20.270000457763672,540800,15.533379067980936,0.0,1.0,yahoo,2023-12-13 16:42:26
2005-03-08,XLK,20.200000762939453,20.38999938964844,20.100000381469727,20.100000381469727,738600,15.403104003006868,0.0,1.0,yahoo,2023-12-13 16:42:26
2005-03-09,XLK,19.89999961853028,20.239999771118164,19.89999961853028,20.059999465942383,596400,15.372450358708873,0.0,1.0,yahoo,2023-12-13 16:42:26
2005-03-10,XLK,20.0,20.170000076293945,19.93000030517578,20.14999961853028,572500,15.44141959673316,0.0,1.0,yahoo,2023-12-13 16:42:26
2005-03-11,XLK,20.01000022888184,20.25,19.84000015258789,19.88999938964844,565700,15.242175293734809,0.0,1.0,yahoo,2023-12-13 16:42:26
2005-03-14,XLK,19.88999938964844,19.989999771118164,19.799999237060547,19.96999931335449,648700,15.303481120684586,0.0,1.0,yahoo,2023-12-13 16:42:26
2005-03-15,XLK,19.96999931335449,20.07999992370605,19.770000457763672,19.770000457763672,328800,15.150217284133234,0.0,1.0,yahoo,2023-12-13 16:42:26
2005-03-16,XLK,19.75,19.799999237060547,19.51000022888184,19.56999969482422,566800,14.996951985935668,0.0,1.0,yahoo,2023-12-13 16:42:26
2005-03-17,XLK,19.540000915527344,19.65999984741211,19.5,19.559999465942383,336800,14.98928857486117,0.0,1.0,yahoo,2023-12-13 16:42:26
2005-03-18,XLK,19.5,19.6200008392334,19.3799991607666,19.450000762939453,1347300,14.904993976334097,0.0,1.0,yahoo,2023-12-13 16:42:26
2005-03-21,XLK,19.459999084472656,19.559999465942383,19.350000381469727,19.450000762939453,849100,14.904993976334097,0.0,1.0,yahoo,2023-12-13 16:42:26
2005-03-22,XLK,19.450000762939453,19.549999237060547,19.229999542236328,19.280000686645508,1544600,14.774718911360031,0.0,1.0,yahoo,2023-12-13 16:42:26
2005-03-23,XLK,19.100000381469727,19.459999084472656,19.100000381469727,19.36000061035156,662300,14.836024738309812,0.0,1.0,yahoo,2023-12-13 16:42:26
2005-03-24,XLK,19.299999237060547,19.559999465942383,19.299999237060547,19.3700008392334,450500,14.843688149384313,0.0,1.0,yahoo,2023-12-13 16:42:26
2005-03-28,XLK,19.38999938964844,19.61000061035156,19.38999938964844,19.38999938964844,645000,14.859013509887106,0.0,1.0,yahoo,2023-12-13 16:42:26
2005-03-29,XLK,19.25,19.479999542236328,19.200000762939453,19.239999771118164,735800,14.744065267062034,0.0,1.0,yahoo,2023-12-13 16:42:26
2005-03-30,XLK,19.270000457763672,19.57999992370605,19.270000457763672,19.530000686645508,929400,14.966299803283881,0.0,1.0,yahoo,2023-12-13 16:42:26
2005-03-31,XLK,19.530000686645508,19.64999961853028,19.479999542236328,19.559999465942383,545600,14.98928857486117,0.0,1.0,yahoo,2023-12-13 16:42:26
2005-04-01,XLK,19.5,19.700000762939453,19.350000381469727,19.38999938964844,423900,14.859013509887106,0.0,1.0,yahoo,2023-12-13 16:42:26
2005-04-04,XLK,19.350000381469727,19.520000457763672,19.290000915527344,19.459999084472656,963600,14.912655925762389,0.0,1.0,yahoo,2023-12-13 16:42:26
2005-04-05,XLK,19.530000686645508,19.57999992370605,19.479999542236328,19.5,545500,14.943309570060384,0.0,1.0,yahoo,2023-12-13 16:42:26
2005-04-06,XLK,19.59000015258789,19.65999984741211,19.459999084472656,19.46999931335449,453200,14.920319336836885,0.0,1.0,yahoo,2023-12-13 16:42:26
2005-04-07,XLK,19.489999771118164,19.739999771118164,19.489999771118164,19.729999542236328,658600,15.119563639835237,0.0,1.0,yahoo,2023-12-13 16:42:26
2005-04-08,XLK,19.76000022888184,19.780000686645508,19.559999465942383,19.59000015258789,426300,15.012278808084668,0.0,1.0,yahoo,2023-12-13 16:42:26
2005-04-11,XLK,19.68000030517578,19.68000030517578,19.459999084472656,19.479999542236328,717000,14.927982747911386,0.0,1.0,yahoo,2023-12-13 16:42:26
2005-04-12,XLK,19.459999084472656,19.6200008392334,19.26000022888184,19.600000381469727,535100,15.019942219159166,0.0,1.0,yahoo,2023-12-13 16:42:26
2005-04-13,XLK,19.520000457763672,19.559999465942383,19.25,19.31999969482422,788000,14.805371094011818,0.0,1.0,yahoo,2023-12-13 16:42:26
2005-04-14,XLK,19.239999771118164,19.290000915527344,19.030000686645508,19.049999237060547,663600,14.598463379938968,0.0,1.0,yahoo,2023-12-13 16:42:26
2005-04-15,XLK,18.809999465942383,18.84000015258789,18.459999084472656,18.46999931335449,1366500,14.15399576914148,0.0,1.0,yahoo,2023-12-13 16:42:26
2005-04-18,XLK,18.549999237060547,18.64999961853028,18.46999931335449,18.489999771118164,2042500,14.16932259129048,0.0,1.0,yahoo,2023-12-13 16:42:26
2005-04-19,XLK,18.71999931335449,18.76000022888184,18.600000381469727,18.71999931335449,706300,14.345576661065332,0.0,1.0,yahoo,2023-12-13 16:42:26
2005-04-20,XLK,18.950000762939453,18.950000762939453,18.479999542236328,18.549999237060547,795200,14.215301596091267,0.0,1.0,yahoo,2023-12-13 16:42:26
2005-04-21,XLK,18.64999961853028,19.059999465942383,18.64999961853028,19.049999237060547,1466300,14.598463379938968,0.0,1.0,yahoo,2023-12-13 16:42:26
2005-04-22,XLK,18.89999961853028,18.989999771118164,18.690000534057617,18.81999969482422,650400,14.422209310164115,0.0,1.0,yahoo,2023-12-13 16:42:26
2005-04-25,XLK,18.920000076293945,19.049999237060547,18.8799991607666,18.950000762939453,772100,14.521832192486396,0.0,1.0,yahoo,2023-12-13 16:42:26
2005-04-26,XLK,18.8799991607666,19.100000381469727,18.799999237060547,18.81999969482422,538500,14.422209310164115,0.0,1.0,yahoo,2023-12-13 16:42:26
2005-04-27,XLK,18.700000762939453,18.979999542236328,18.700000762939453,18.88999938964844,426700,14.475851726039403,0.0,1.0,yahoo,2023-12-13 16:42:26
2005-04-28,XLK,18.809999465942383,18.920000076293945,18.700000762939453,18.700000762939453,360500,14.330251300562544,0.0,1.0,yahoo,2023-12-13 16:42:26
2005-04-29,XLK,18.88999938964844,18.93000030517578,18.6299991607666,18.8700008392334,423700,14.460526365536612,0.0,1.0,yahoo,2023-12-13 16:42:26
2005-05-02,XLK,18.959999084472656,19.030000686645508,18.799999237060547,18.850000381469727,256200,14.445199543387613,0.0,1.0,yahoo,2023-12-13 16:42:26
2005-05-03,XLK,18.84000015258789,19.049999237060547,18.84000015258789,18.979999542236328,285000,14.544820964063684,0.0,1.0,yahoo,2023-12-13 16:42:26
2005-05-04,XLK,19.030000686645508,19.190000534057617,18.950000762939453,19.11000061035156,415500,14.644443846385961,0.0,1.0,yahoo,2023-12-13 16:42:26
2005-05-05,XLK,19.11000061035156,19.21999931335449,19.01000022888184,19.07999992370605,723600,14.621453613162464,0.0,1.0,yahoo,2023-12-13 16:42:26
2005-05-06,XLK,19.14999961853028,19.200000762939453,19.100000381469727,19.1299991607666,350800,14.659769206888752,0.0,1.0,yahoo,2023-12-13 16:42:26
2005-05-09,XLK,19.18000030517578,19.239999771118164,19.049999237060547,19.209999084472656,271600,14.721075033838536,0.0,1.0,yahoo,2023-12-13 16:42:26
2005-05-10,XLK,19.15999984741211,19.170000076293945,18.950000762939453,19.01000022888184,345700,14.567811197287185,0.0,1.0,yahoo,2023-12-13 16:42:26
2005-05-11,XLK,19.01000022888184,19.15999984741211,18.850000381469727,19.100000381469727,1855500,14.636780435311465,0.0,1.0,yahoo,2023-12-13 16:42:26
2005-05-12,XLK,19.13999938964844,19.299999237060547,19.049999237060547,19.1200008392334,301200,14.652107257460463,0.0,1.0,yahoo,2023-12-13 16:42:26
2005-05-13,XLK,19.239999771118164,19.459999084472656,19.15999984741211,19.36000061035156,1858000,14.836024738309812,0.0,1.0,yahoo,2023-12-13 16:42:26
2005-05-16,XLK,19.38999938964844,19.549999237060547,19.309999465942383,19.540000915527344,716200,14.973963214358381,0.0,1.0,yahoo,2023-12-13 16:42:26
2005-05-17,XLK,19.489999771118164,19.65999984741211,19.3700008392334,19.61000061035156,420700,15.027605630233664,0.0,1.0,yahoo,2023-12-13 16:42:26
2005-05-18,XLK,19.6200008392334,19.950000762939453,19.6200008392334,19.88999938964844,1383300,15.242175293734809,0.0,1.0,yahoo,2023-12-13 16:42:26
2005-05-19,XLK,19.959999084472656,20.040000915527344,19.88999938964844,20.0,859900,15.326471353908087,0.0,1.0,yahoo,2023-12-13 16:42:26
2005-05-20,XLK,19.90999984741211,20.09000015258789,19.90999984741211,20.030000686645508,470400,15.349461587131584,0.0,1.0,yahoo,2023-12-13 16:42:26
2005-05-23,XLK,20.07999992370605,20.18000030517578,20.040000915527344,20.100000381469727,1019100,15.403104003006868,0.0,1.0,yahoo,2023-12-13 16:42:26
2005-05-24,XLK,20.059999465942383,20.209999084472656,20.01000022888184,20.200000762939453,842300,15.47973665210565,0.0,1.0,yahoo,2023-12-13 16:42:26
2005-05-25,XLK,20.14999961853028,20.14999961853028,20.0,20.11000061035156,685600,15.410767414081365,0.0,1.0,yahoo,2023-12-13 16:42:26
2005-05-26,XLK,20.209999084472656,20.3700008392334,20.209999084472656,20.34000015258789,780700,15.58702148385622,0.0,1.0,yahoo,2023-12-13 16:42:26
2005-05-27,XLK,20.39999961853028,20.39999961853028,20.239999771118164,20.309999465942383,447500,15.564031250632723,0.0,1.0,yahoo,2023-12-13 16:42:26
2005-05-31,XLK,20.32999992370605,20.32999992370605,20.18000030517578,20.18000030517578,471500,15.464409829956653,0.0,1.0,yahoo,2023-12-13 16:42:26
2005-06-01,XLK,20.200000762939453,20.450000762939453,20.15999984741211,20.3799991607666,838400,15.617673666508008,0.0,1.0,yahoo,2023-12-13 16:42:26
2005-06-02,XLK,20.36000061035156,20.46999931335449,20.170000076293945,20.46999931335449,459400,15.686642904532288,0.0,1.0,yahoo,2023-12-13 16:42:26
2005-06-03,XLK,20.43000030517578,20.440000534057617,20.209999084472656,20.25,584900,15.518052245831937,0.0,1.0,yahoo,2023-12-13 16:42:26
2005-06-06,XLK,20.299999237060547,20.299999237060547,20.1200008392334,20.21999931335449,1739000,15.495062012608438,0.0,1.0,yahoo,2023-12-13 16:42:26
2005-06-07,XLK,20.26000022888184,20.43000030517578,20.1299991607666,20.13999938964844,1030200,15.433756185658659,0.0,1.0,yahoo,2023-12-13 16:42:26
2005-06-08,XLK,20.280000686645508,20.290000915527344,20.1200008392334,20.18000030517578,598700,15.464409829956653,0.0,1.0,yahoo,2023-12-13 16:42:26
2005-06-09,XLK,20.25,20.32999992370605,20.09000015258789,20.280000686645508,1752700,15.541042479055434,0.0,1.0,yahoo,2023-12-13 16:42:26
2005-06-10,XLK,20.290000915527344,20.290000915527344,20.049999237060547,20.170000076293945,452500,15.456746418882153,0.0,1.0,yahoo,2023-12-13 16:42:26
2005-06-13,XLK,20.100000381469727,20.36000061035156,20.100000381469727,20.25,734700,15.518052245831937,0.0,1.0,yahoo,2023-12-13 16:42:26
2005-06-14,XLK,20.239999771118164,20.299999237060547,20.11000061035156,20.1299991607666,540200,15.426092774584157,0.0,1.0,yahoo,2023-12-13 16:42:26
2005-06-15,XLK,20.280000686645508,20.290000915527344,19.979999542236328,20.25,499000,15.518052245831937,0.0,1.0,yahoo,2023-12-13 16:42:26
2005-06-16,XLK,20.25,20.34000015258789,20.190000534057617,20.290000915527344,593100,15.548705890129934,0.0,1.0,yahoo,2023-12-13 16:42:26
2005-06-17,XLK,20.43000030517578,20.43000030517578,20.25,20.299999237060547,575600,15.556367839558224,0.0,1.0,yahoo,2023-12-13 16:42:26
2005-06-20,XLK,20.239999771118164,20.39999961853028,20.1299991607666,20.270000457763672,698600,15.533379067980936,0.0,1.0,yahoo,2023-12-13 16:42:26
2005-06-21,XLK,20.31999969482422,20.38999938964844,20.25,20.36000061035156,712900,15.602348306005217,0.0,1.0,yahoo,2023-12-13 16:42:26
2005-06-22,XLK,20.3700008392334,20.479999542236328,20.309999465942383,20.39999961853028,743300,15.633000488657013,0.0,1.0,yahoo,2023-12-13 16:42:26
2005-06-23,XLK,20.39999961853028,20.600000381469727,20.239999771118164,20.239999771118164,867300,15.510388834757439,0.0,1.0,yahoo,2023-12-13 16:42:26
2005-06-24,XLK,20.280000686645508,20.280000686645508,19.950000762939453,19.989999771118164,773200,15.318807942833587,0.0,1.0,yahoo,2023-12-13 16:42:26
2005-06-27,XLK,19.90999984741211,20.01000022888184,19.799999237060547,19.82999992370605,1137700,15.196196288934017,0.0,1.0,yahoo,2023-12-13 16:42:26
2005-06-28,XLK,19.920000076293945,20.11000061035156,19.89999961853028,20.07999992370605,558200,15.387777180857867,0.0,1.0,yahoo,2023-12-13 16:42:26
2005-06-29,XLK,20.100000381469727,20.190000534057617,20.049999237060547,20.11000061035156,588700,15.410767414081365,0.0,1.0,yahoo,2023-12-13 16:42:26
2005-06-30,XLK,20.15999984741211,20.170000076293945,19.8799991607666,19.920000076293945,825400,15.265165526958302,0.0,1.0,yahoo,2023-12-13 16:42:26
2005-07-01,XLK,20.040000915527344,20.07999992370605,19.920000076293945,19.96999931335449,740900,15.303481120684586,0.0,1.0,yahoo,2023-12-13 16:42:26
2005-07-05,XLK,19.84000015258789,20.15999984741211,19.84000015258789,20.100000381469727,636300,15.403104003006868,0.0,1.0,yahoo,2023-12-13 16:42:26
2005-07-06,XLK,20.06999969482422,20.239999771118164,20.049999237060547,20.049999237060547,540300,15.364786947634373,0.0,1.0,yahoo,2023-12-13 16:42:26
2005-07-07,XLK,19.850000381469727,20.1299991607666,19.81999969482422,20.09000015258789,1149300,15.39544059193237,0.0,1.0,yahoo,2023-12-13 16:42:26
2005-07-08,XLK,20.1200008392334,20.459999084472656,20.06999969482422,20.450000762939453,1272200,15.671317544029502,0.0,1.0,yahoo,2023-12-13 16:42:26
2005-07-11,XLK,20.5,20.65999984741211,20.459999084472656,20.65999984741211,793600,15.832244791655357,0.0,1.0,yahoo,2023-12-13 16:42:26
2005-07-12,XLK,20.850000381469727,20.850000381469727,20.600000381469727,20.770000457763672,621100,15.916540851828637,0.0,1.0,yahoo,2023-12-13 16:42:26
2005-07-13,XLK,20.82999992370605,20.920000076293945,20.770000457763672,20.86000061035156,688600,15.985510089852918,0.0,1.0,yahoo,2023-12-13 16:42:26
2005-07-14,XLK,21.049999237060547,21.11000061035156,20.959999084472656,21.040000915527344,1471900,16.123448565901487,0.0,1.0,yahoo,2023-12-13 16:42:26
2005-07-15,XLK,21.06999969482422,21.09000015258789,20.950000762939453,21.030000686645508,1455300,16.115785154826987,0.0,1.0,yahoo,2023-12-13 16:42:26
2005-07-18,XLK,21.06999969482422,21.100000381469727,20.8700008392334,20.90999984741211,1405900,16.023825683579208,0.0,1.0,yahoo,2023-12-13 16:42:26
2005-07-19,XLK,21.14999961853028,21.26000022888184,21.030000686645508,21.21999931335449,1899900,16.26138558030384,0.0,1.0,yahoo,2023-12-13 16:42:26
2005-07-20,XLK,20.959999084472656,21.229999542236328,20.8799991607666,21.14999961853028,1350200,16.207743164428564,0.0,1.0,yahoo,2023-12-13 16:42:26
2005-07-21,XLK,21.14999961853028,21.18000030517578,20.96999931335449,21.01000022888184,1616000,16.10045833267799,0.0,1.0,yahoo,2023-12-13 16:42:26
2005-07-22,XLK,21.059999465942383,21.07999992370605,20.89999961853028,20.959999084472656,1023300,16.062141277305493,0.0,1.0,yahoo,2023-12-13 16:42:26
2005-07-25,XLK,20.959999084472656,21.07999992370605,20.850000381469727,20.850000381469727,746900,15.977846678778421,0.0,1.0,yahoo,2023-12-13 16:42:26
2005-07-26,XLK,21.049999237060547,21.059999465942383,20.93000030517578,21.01000022888184,800700,16.10045833267799,0.0,1.0,yahoo,2023-12-13 16:42:26
2005-07-27,XLK,21.09000015258789,21.270000457763672,20.940000534057617,21.14999961853028,911800,16.207743164428564,0.0,1.0,yahoo,2023-12-13 16:42:26
2005-07-28,XLK,21.14999961853028,21.190000534057617,21.059999465942383,21.15999984741211,1949600,16.21540657550306,0.0,1.0,yahoo,2023-12-13 16:42:26
2005-07-29,XLK,21.229999542236328,21.25,21.020000457763672,21.049999237060547,1808200,16.131110515329777,0.0,1.0,yahoo,2023-12-13 16:42:26
2005-08-01,XLK,21.1299991607666,21.13999938964844,21.0,21.059999465942383,966400,16.138773926404276,0.0,1.0,yahoo,2023-12-13 16:42:26
2005-08-02,XLK,21.06999969482422,21.32999992370605,21.059999465942383,21.270000457763672,1080800,16.29970263567634,0.0,1.0,yahoo,2023-12-13 16:42:26
2005-08-03,XLK,21.270000457763672,21.43000030517578,21.18000030517578,21.40999984741211,1220700,16.40698746742691,0.0,1.0,yahoo,2023-12-13 16:42:26
2005-08-04,XLK,21.31999969482422,21.3700008392334,21.15999984741211,21.209999084472656,1051200,16.253722169229345,0.0,1.0,yahoo,2023-12-13 16:42:26
2005-08-05,XLK,21.200000762939453,21.25,21.07999992370605,21.15999984741211,1063900,16.21540657550306,0.0,1.0,yahoo,2023-12-13 16:42:26
2005-08-08,XLK,21.100000381469727,21.209999084472656,20.979999542236328,20.989999771118164,1150900,16.085131510528992,0.0,1.0,yahoo,2023-12-13 16:42:26
2005-08-09,XLK,21.07999992370605,21.25,21.07999992370605,21.14999961853028,642200,16.207743164428564,0.0,1.0,yahoo,2023-12-13 16:42:26
2005-08-10,XLK,21.190000534057617,21.290000915527344,20.8700008392334,20.90999984741211,1001700,16.023825683579208,0.0,1.0,yahoo,2023-12-13 16:42:26
2005-08-11,XLK,20.93000030517578,21.09000015258789,20.88999938964844,21.06999969482422,826100,16.146437337478776,0.0,1.0,yahoo,2023-12-13 16:42:26
2005-08-12,XLK,20.36000061035156,20.8799991607666,20.239999771118164,20.790000915527344,1530100,15.931867673977637,0.0,1.0,yahoo,2023-12-13 16:42:26
2005-08-15,XLK,20.770000457763672,20.989999771118164,20.75,20.89999961853028,938000,16.016162272504715,0.0,1.0,yahoo,2023-12-13 16:42:26
2005-08-16,XLK,20.89999961853028,20.89999961853028,20.65999984741211,20.700000762939453,547200,15.862898435953353,0.0,1.0,yahoo,2023-12-13 16:42:26
2005-08-17,XLK,20.75,20.979999542236328,20.75,20.8799991607666,1476800,16.00083545035571,0.0,1.0,yahoo,2023-12-13 16:42:26
2005-08-18,XLK,20.82999992370605,20.89999961853028,20.739999771118164,20.739999771118164,1587300,15.89355061860514,0.0,1.0,yahoo,2023-12-13 16:42:26
2005-08-19,XLK,20.82999992370605,20.8799991607666,20.76000022888184,20.76000022888184,497000,15.908877440754141,0.0,1.0,yahoo,2023-12-13 16:42:26
2005-08-22,XLK,20.75,20.979999542236328,20.71999931335449,20.799999237060547,929200,15.939529623405926,0.0,1.0,yahoo,2023-12-13 16:42:26
2005-08-23,XLK,20.799999237060547,20.89999961853028,20.729999542236328,20.790000915527344,1308000,15.931867673977637,0.0,1.0,yahoo,2023-12-13 16:42:26
2005-08-24,XLK,20.770000457763672,20.96999931335449,20.64999961853028,20.65999984741211,1050000,15.832244791655357,0.0,1.0,yahoo,2023-12-13 16:42:26
2005-08-25,XLK,20.709999084472656,20.75,20.670000076293945,20.670000076293945,772800,15.839908202729855,0.0,1.0,yahoo,2023-12-13 16:42:26
2005-08-26,XLK,21.0,21.0,20.559999465942383,20.600000381469727,1604000,15.786265786854571,0.0,1.0,yahoo,2023-12-13 16:42:26
2005-08-29,XLK,20.57999992370605,20.799999237060547,20.5,20.739999771118164,461400,15.89355061860514,0.0,1.0,yahoo,2023-12-13 16:42:26
2005-08-30,XLK,20.6299991607666,20.739999771118164,20.559999465942383,20.739999771118164,887800,15.89355061860514,0.0,1.0,yahoo,2023-12-13 16:42:26
2005-08-31,XLK,20.670000076293945,20.89999961853028,20.64999961853028,20.850000381469727,855700,15.977846678778421,0.0,1.0,yahoo,2023-12-13 16:42:26
2005-09-01,XLK,20.86000061035156,20.89999961853028,20.75,20.799999237060547,466500,15.939529623405926,0.0,1.0,yahoo,2023-12-13 16:42:26
2005-09-02,XLK,20.82999992370605,20.88999938964844,20.709999084472656,20.739999771118164,494000,15.89355061860514,0.0,1.0,yahoo,2023-12-13 16:42:26
2005-09-06,XLK,20.809999465942383,21.020000457763672,20.790000915527344,20.979999542236328,679700,16.077468099454492,0.0,1.0,yahoo,2023-12-13 16:42:26
2005-09-07,XLK,20.75,21.01000022888184,20.75,20.979999542236328,2278000,16.077468099454492,0.0,1.0,yahoo,2023-12-13 16:42:26
2005-09-08,XLK,21.0,21.100000381469727,20.940000534057617,21.030000686645508,490100,16.115785154826987,0.0,1.0,yahoo,2023-12-13 16:42:26
2005-09-09,XLK,21.059999465942383,21.1299991607666,20.989999771118164,21.049999237060547,1391000,16.131110515329777,0.0,1.0,yahoo,2023-12-13 16:42:26
2005-09-12,XLK,21.059999465942383,21.18000030517578,21.049999237060547,21.100000381469727,584200,16.169427570702272,0.0,1.0,yahoo,2023-12-13 16:42:26
2005-09-13,XLK,21.15999984741211,21.229999542236328,21.040000915527344,21.1200008392334,1055200,16.18475439285127,0.0,1.0,yahoo,2023-12-13 16:42:26
2005-09-14,XLK,21.1200008392334,21.15999984741211,20.89999961853028,20.89999961853028,1594700,16.016162272504715,0.0,1.0,yahoo,2023-12-13 16:42:26
2005-09-15,XLK,20.940000534057617,20.989999771118164,20.799999237060547,20.850000381469727,1109400,15.977846678778421,0.0,1.0,yahoo,2023-12-13 16:42:26
2005-09-16,XLK,20.950000762939453,21.01000022888184,20.850000381469727,20.979999542236328,1109000,16.077468099454492,0.0,1.0,yahoo,2023-12-13 16:42:26
2005-09-19,XLK,20.96999931335449,20.96999931335449,20.76000022888184,20.809999465942383,1189200,15.947193034480426,0.0,1.0,yahoo,2023-12-13 16:42:26
2005-09-20,XLK,20.86000061035156,21.040000915527344,20.700000762939453,20.729999542236328,937000,15.885887207530642,0.0,1.0,yahoo,2023-12-13 16:42:26
2005-09-21,XLK,20.68000030517578,20.690000534057617,20.459999084472656,20.479999542236328,770700,15.69430631560679,0.0,1.0,yahoo,2023-12-13 16:42:26
2005-09-22,XLK,20.420000076293945,20.600000381469727,20.36000061035156,20.559999465942383,1084300,15.755612142556574,0.0,1.0,yahoo,2023-12-13 16:42:26
2005-09-23,XLK,20.489999771118164,20.6299991607666,20.420000076293945,20.56999969482422,667800,15.763275553631074,0.0,1.0,yahoo,2023-12-13 16:42:26
2005-09-26,XLK,20.670000076293945,20.75,20.46999931335449,20.540000915527344,818200,15.740286782053785,0.0,1.0,yahoo,2023-12-13 16:42:26
2005-09-27,XLK,20.56999969482422,20.57999992370605,20.40999984741211,20.46999931335449,930100,15.686642904532288,0.0,1.0,yahoo,2023-12-13 16:42:26
2005-09-28,XLK,20.530000686645508,20.64999961853028,20.46999931335449,20.600000381469727,977900,15.786265786854571,0.0,1.0,yahoo,2023-12-13 16:42:26
2005-09-29,XLK,20.56999969482422,20.81999969482422,20.46999931335449,20.76000022888184,927300,15.908877440754141,0.0,1.0,yahoo,2023-12-13 16:42:26
2005-09-30,XLK,20.780000686645508,20.90999984741211,20.75,20.89999961853028,671000,16.016162272504715,0.0,1.0,yahoo,2023-12-13 16:42:26
2005-10-03,XLK,20.850000381469727,21.040000915527344,20.850000381469727,20.8700008392334,1056300,15.993173500927421,0.0,1.0,yahoo,2023-12-13 16:42:26
2005-10-04,XLK,20.920000076293945,20.96999931335449,20.65999984741211,20.68000030517578,785100,15.847571613804355,0.0,1.0,yahoo,2023-12-13 16:42:26
2005-10-05,XLK,20.690000534057617,20.690000534057617,20.3700008392334,20.38999938964844,1824600,15.62533707758251,0.0,1.0,yahoo,2023-12-13 16:42:26
2005-10-06,XLK,20.36000061035156,20.459999084472656,20.030000686645508,20.15999984741211,1252200,15.449083007807655,0.0,1.0,yahoo,2023-12-13 16:42:26
2005-10-07,XLK,20.200000762939453,20.31999969482422,20.170000076293945,20.209999084472656,976400,15.487398601533942,0.0,1.0,yahoo,2023-12-13 16:42:26
2005-10-10,XLK,20.18000030517578,20.280000686645508,20.049999237060547,20.06999969482422,942500,15.380113769783371,0.0,1.0,yahoo,2023-12-13 16:42:26
2005-10-11,XLK,20.049999237060547,20.13999938964844,19.8799991607666,19.920000076293945,857400,15.265165526958302,0.0,1.0,yahoo,2023-12-13 16:42:26
2005-10-12,XLK,19.5,19.979999542236328,19.5,19.790000915527344,2051000,15.165544106282232,0.0,1.0,yahoo,2023-12-13 16:42:26
2005-10-13,XLK,19.75,19.989999771118164,19.739999771118164,19.93000030517578,2764800,15.272828938032802,0.0,1.0,yahoo,2023-12-13 16:42:26
2005-10-14,XLK,19.979999542236328,20.040000915527344,19.850000381469727,20.01000022888184,975100,15.334134764982588,0.0,1.0,yahoo,2023-12-13 16:42:26
2005-10-17,XLK,20.030000686645508,20.049999237060547,19.88999938964844,19.989999771118164,1425300,15.318807942833587,0.0,1.0,yahoo,2023-12-13 16:42:26
2005-10-18,XLK,20.020000457763672,20.040000915527344,19.93000030517578,19.950000762939453,1428300,15.2881557601818,0.0,1.0,yahoo,2023-12-13 16:42:26
2005-10-19,XLK,19.71999931335449,20.200000762939453,19.71999931335449,20.200000762939453,2156200,15.47973665210565,0.0,1.0,yahoo,2023-12-13 16:42:26
2005-10-20,XLK,20.209999084472656,20.32999992370605,19.979999542236328,20.049999237060547,1510000,15.364786947634373,0.0,1.0,yahoo,2023-12-13 16:42:26
2005-10-21,XLK,20.040000915527344,20.290000915527344,20.040000915527344,20.170000076293945,451800,15.456746418882153,0.0,1.0,yahoo,2023-12-13 16:42:26
2005-10-24,XLK,20.3700008392334,20.43000030517578,20.14999961853028,20.43000030517578,991400,15.655990721880505,0.0,1.0,yahoo,2023-12-13 16:42:26
2005-10-25,XLK,20.5,20.5,20.100000381469727,20.290000915527344,999700,15.548705890129934,0.0,1.0,yahoo,2023-12-13 16:42:26
2005-10-26,XLK,20.280000686645508,20.479999542236328,20.239999771118164,20.239999771118164,987900,15.510388834757439,0.0,1.0,yahoo,2023-12-13 16:42:26
2005-10-27,XLK,20.270000457763672,20.280000686645508,20.020000457763672,20.020000457763672,982500,15.341798176057084,0.0,1.0,yahoo,2023-12-13 16:42:26
2005-10-28,XLK,20.100000381469727,20.229999542236328,19.959999084472656,20.209999084472656,1084500,15.487398601533942,0.0,1.0,yahoo,2023-12-13 16:42:26
2005-10-31,XLK,20.26000022888184,20.540000915527344,20.239999771118164,20.420000076293945,981500,15.648327310806005,0.0,1.0,yahoo,2023-12-13 16:42:26
2005-11-01,XLK,20.3799991607666,20.43000030517578,20.31999969482422,20.3799991607666,1507700,15.617673666508008,0.0,1.0,yahoo,2023-12-13 16:42:26
2005-11-02,XLK,20.299999237060547,20.65999984741211,20.280000686645508,20.61000061035156,678200,15.793929197929067,0.0,1.0,yahoo,2023-12-13 16:42:26
2005-11-03,XLK,20.75,20.850000381469727,20.690000534057617,20.799999237060547,1339200,15.939529623405926,0.0,1.0,yahoo,2023-12-13 16:42:26
2005-11-04,XLK,20.799999237060547,20.89999961853028,20.700000762939453,20.88999938964844,967500,16.008498861430212,0.0,1.0,yahoo,2023-12-13 16:42:26
2005-11-07,XLK,20.950000762939453,21.0,20.81999969482422,20.93000030517578,1085700,16.039152505728207,0.0,1.0,yahoo,2023-12-13 16:42:26
2005-11-08,XLK,20.799999237060547,21.01000022888184,20.799999237060547,20.940000534057617,888300,16.046815916802704,0.0,1.0,yahoo,2023-12-13 16:42:26
2005-11-09,XLK,20.8799991607666,21.01000022888184,20.850000381469727,20.920000076293945,943800,16.031489094653708,0.0,1.0,yahoo,2023-12-13 16:42:26
2005-11-10,XLK,20.959999084472656,21.100000381469727,20.809999465942383,21.100000381469727,1139300,16.169427570702272,0.0,1.0,yahoo,2023-12-13 16:42:26
2005-11-11,XLK,21.14999961853028,21.200000762939453,21.100000381469727,21.14999961853028,888800,16.207743164428564,0.0,1.0,yahoo,2023-12-13 16:42:26
2005-11-14,XLK,21.200000762939453,21.25,21.09000015258789,21.170000076293945,3792100,16.223069986577556,0.0,1.0,yahoo,2023-12-13 16:42:26
2005-11-15,XLK,21.420000076293945,21.420000076293945,21.030000686645508,21.100000381469727,2801200,16.169427570702272,0.0,1.0,yahoo,2023-12-13 16:42:26
2005-11-16,XLK,21.0,21.18000030517578,21.0,21.18000030517578,1178300,16.230733397652056,0.0,1.0,yahoo,2023-12-13 16:42:26
2005-11-17,XLK,21.200000762939453,21.450000762939453,21.200000762939453,21.43000030517578,4782000,16.422314289575908,0.0,1.0,yahoo,2023-12-13 16:42:26
2005-11-18,XLK,21.600000381469727,21.64999961853028,21.450000762939453,21.549999237060547,1240000,16.51427229917748,0.0,1.0,yahoo,2023-12-13 16:42:26
2005-11-21,XLK,21.549999237060547,21.56999969482422,21.049999237060547,21.540000915527344,1245300,16.506610349749188,0.0,1.0,yahoo,2023-12-13 16:42:26
2005-11-22,XLK,21.5,21.739999771118164,21.489999771118164,21.68000030517578,1307800,16.61389518149976,0.0,1.0,yahoo,2023-12-13 16:42:26
2005-11-23,XLK,21.739999771118164,21.920000076293945,21.690000534057617,21.799999237060547,2272700,16.70585319110133,0.0,1.0,yahoo,2023-12-13 16:42:26
2005-11-25,XLK,21.89999961853028,22.0,21.799999237060547,21.86000061035156,601000,16.75183365754832,0.0,1.0,yahoo,2023-12-13 16:42:26
2005-11-28,XLK,21.920000076293945,21.940000534057617,21.780000686645508,21.780000686645508,1094900,16.69052783059854,0.0,1.0,yahoo,2023-12-13 16:42:26
2005-11-29,XLK,21.799999237060547,21.959999084472656,21.76000022888184,21.780000686645508,1903900,16.69052783059854,0.0,1.0,yahoo,2023-12-13 16:42:26
2005-11-30,XLK,21.739999771118164,21.8799991607666,21.700000762939453,21.709999084472656,1395700,16.636883953077046,0.0,1.0,yahoo,2023-12-13 16:42:26
2005-12-01,XLK,21.89999961853028,22.09000015258789,21.850000381469727,22.040000915527344,2128300,16.889772133596892,0.0,1.0,yahoo,2023-12-13 16:42:26
2005-12-02,XLK,22.020000457763672,22.13999938964844,21.989999771118164,22.020000457763672,2893800,16.874445311447893,0.0,1.0,yahoo,2023-12-13 16:42:26
2005-12-05,XLK,22.040000915527344,22.040000915527344,21.82999992370605,21.90999984741211,2006600,16.790149251274613,0.0,1.0,yahoo,2023-12-13 16:42:26
2005-12-06,XLK,22.020000457763672,22.13999938964844,21.940000534057617,21.940000534057617,1342100,16.81313948449811,0.0,1.0,yahoo,2023-12-13 16:42:26
2005-12-07,XLK,22.01000022888184,22.030000686645508,21.81999969482422,21.89999961853028,1510700,16.782485840200117,0.0,1.0,yahoo,2023-12-13 16:42:26
2005-12-08,XLK,21.920000076293945,21.93000030517578,21.61000061035156,21.739999771118164,1132200,16.659874186300545,0.0,1.0,yahoo,2023-12-13 16:42:26
2005-12-09,XLK,21.739999771118164,21.8700008392334,21.68000030517578,21.81999969482422,1136100,16.72118001325033,0.0,1.0,yahoo,2023-12-13 16:42:26
2005-12-12,XLK,21.93000030517578,21.950000762939453,21.799999237060547,21.8799991607666,946800,16.767159018051114,0.0,1.0,yahoo,2023-12-13 16:42:26
2005-12-13,XLK,21.84000015258789,21.920000076293945,21.75,21.809999465942383,1037900,16.71351660217583,0.0,1.0,yahoo,2023-12-13 16:42:26
2005-12-14,XLK,21.850000381469727,21.88999938964844,21.709999084472656,21.84000015258789,1290600,16.73650683539933,0.0,1.0,yahoo,2023-12-13 16:42:26
2005-12-15,XLK,21.8700008392334,21.8700008392334,21.700000762939453,21.75,986700,16.667537597375045,0.0,1.0,yahoo,2023-12-13 16:42:26
2005-12-16,XLK,21.700000762939453,21.700000762939453,21.540000915527344,21.56999969482422,1079500,16.642846999761638,0.148,1.0,yahoo,2023-12-13 16:42:26
2005-12-19,XLK,21.549999237060547,21.559999465942383,21.270000457763672,21.309999465942383,1949500,16.44223763071182,0.0,1.0,yahoo,2023-12-13 16:42:26
2005-12-20,XLK,21.280000686645508,21.32999992370605,21.18000030517578,21.229999542236328,1185700,16.38051178420882,0.0,1.0,yahoo,2023-12-13 16:42:26
2005-12-21,XLK,21.299999237060547,21.38999938964844,21.200000762939453,21.25,983100,16.395943613749637,0.0,1.0,yahoo,2023-12-13 16:42:26
2005-12-22,XLK,21.420000076293945,21.420000076293945,21.25,21.350000381469727,1049000,16.47310128979345,0.0,1.0,yahoo,2023-12-13 16:42:26
2005-12-23,XLK,21.38999938964844,21.46999931335449,21.34000015258789,21.38999938964844,741100,16.50396347721482,0.0,1.0,yahoo,2023-12-13 16:42:26
2005-12-27,XLK,21.450000762939453,21.5,21.190000534057617,21.209999084472656,1483200,16.365079954668005,0.0,1.0,yahoo,2023-12-13 16:42:26
2005-12-28,XLK,21.26000022888184,21.270000457763672,21.1299991607666,21.15999984741211,907200,16.32650185247623,0.0,1.0,yahoo,2023-12-13 16:42:26
2005-12-29,XLK,21.200000762939453,21.239999771118164,21.030000686645508,21.040000915527344,1643700,16.233913818551862,0.0,1.0,yahoo,2023-12-13 16:42:26
2005-12-30,XLK,20.989999771118164,20.989999771118164,20.8700008392334,20.89999961853028,1029900,16.12589248342642,0.0,1.0,yahoo,2023-12-13 16:42:26
2006-01-03,XLK,21.0,21.350000381469727,20.84000015258789,21.309999465942383,2708300,16.44223763071182,0.0,1.0,yahoo,2023-12-13 16:42:26
2006-01-04,XLK,21.350000381469727,21.559999465942383,21.309999465942383,21.559999465942383,2729600,16.635131084991226,0.0,1.0,yahoo,2023-12-13 16:42:26
2006-01-05,XLK,21.46999931335449,21.690000534057617,21.46999931335449,21.65999984741211,1282200,16.712288761035044,0.0,1.0,yahoo,2023-12-13 16:42:26
2006-01-06,XLK,21.799999237060547,22.020000457763672,21.739999771118164,22.0,4508700,16.97462397658786,0.0,1.0,yahoo,2023-12-13 16:42:26
2006-01-09,XLK,22.020000457763672,22.09000015258789,21.920000076293945,22.06999969482422,2458300,17.02863390832045,0.0,1.0,yahoo,2023-12-13 16:42:26
2006-01-10,XLK,21.959999084472656,22.06999969482422,21.920000076293945,22.049999237060547,2422400,17.013202078779635,0.0,1.0,yahoo,2023-12-13 16:42:26
2006-01-11,XLK,22.100000381469727,22.309999465942383,22.06999969482422,22.26000022888184,2342500,17.17523334563768,0.0,1.0,yahoo,2023-12-13 16:42:26
2006-01-12,XLK,22.280000686645508,22.309999465942383,22.11000061035156,22.13999938964844,1625400,17.082643840053045,0.0,1.0,yahoo,2023-12-13 16:42:26
2006-01-13,XLK,22.15999984741211,22.200000762939453,22.030000686645508,22.1299991607666,1451100,17.074927925282633,0.0,1.0,yahoo,2023-12-13 16:42:26
2006-01-17,XLK,22.6200008392334,22.6200008392334,21.82999992370605,21.90999984741211,2380600,16.90518221531445,0.0,1.0,yahoo,2023-12-13 16:42:26
2006-01-18,XLK,21.479999542236328,21.71999931335449,21.46999931335449,21.64999961853028,4361100,16.70457284626464,0.0,1.0,yahoo,2023-12-13 16:42:26
2006-01-19,XLK,21.780000686645508,21.940000534057617,21.670000076293945,21.84000015258789,3861700,16.85117228358186,0.0,1.0,yahoo,2023-12-13 16:42:26
2006-01-20,XLK,21.729999542236328,21.799999237060547,21.229999542236328,21.270000457763672,3268600,16.411375443290453,0.0,1.0,yahoo,2023-12-13 16:42:26
2006-01-23,XLK,21.34000015258789,21.36000061035156,21.170000076293945,21.190000534057617,1826200,16.349649596787454,0.0,1.0,yahoo,2023-12-13 16:42:26
2006-01-24,XLK,21.290000915527344,21.43000030517578,21.239999771118164,21.26000022888184,2283400,16.40365952852005,0.0,1.0,yahoo,2023-12-13 16:42:26
2006-01-25,XLK,21.350000381469727,21.36000061035156,21.170000076293945,21.32999992370605,1854400,16.457669460252635,0.0,1.0,yahoo,2023-12-13 16:42:26
2006-01-26,XLK,21.440000534057617,21.540000915527344,21.350000381469727,21.46999931335449,2130200,16.565689323717816,0.0,1.0,yahoo,2023-12-13 16:42:26
2006-01-27,XLK,21.700000762939453,21.82999992370605,21.59000015258789,21.709999084472656,2380100,16.75086686322682,0.0,1.0,yahoo,2023-12-13 16:42:26
2006-01-30,XLK,21.709999084472656,21.82999992370605,21.68000030517578,21.780000686645508,3770400,16.804878266619674,0.0,1.0,yahoo,2023-12-13 16:42:26
2006-01-31,XLK,21.780000686645508,21.790000915527344,21.600000381469727,21.600000381469727,1103400,16.66599474407286,0.0,1.0,yahoo,2023-12-13 16:42:26
2006-02-01,XLK,21.479999542236328,21.780000686645508,21.479999542236328,21.729999542236328,3081900,16.766298692767634,0.0,1.0,yahoo,2023-12-13 16:42:26
2006-02-02,XLK,21.68000030517578,21.729999542236328,21.420000076293945,21.43000030517578,2418200,16.534827136296453,0.0,1.0,yahoo,2023-12-13 16:42:26
2006-02-03,XLK,21.32999992370605,21.39999961853028,21.25,21.280000686645508,1533900,16.41909135806086,0.0,1.0,yahoo,2023-12-13 16:42:26
2006-02-06,XLK,21.270000457763672,21.31999969482422,21.1200008392334,21.21999931335449,1481600,16.37279586943841,0.0,1.0,yahoo,2023-12-13 16:42:26
2006-02-07,XLK,21.14999961853028,21.290000915527344,21.1200008392334,21.15999984741211,3525500,16.32650185247623,0.0,1.0,yahoo,2023-12-13 16:42:26
2006-02-08,XLK,21.25,21.600000381469727,21.239999771118164,21.56999969482422,1935700,16.642846999761638,0.0,1.0,yahoo,2023-12-13 16:42:26
2006-02-09,XLK,21.6200008392334,21.739999771118164,21.459999084472656,21.46999931335449,1304200,16.565689323717816,0.0,1.0,yahoo,2023-12-13 16:42:26
2006-02-10,XLK,21.46999931335449,21.64999961853028,21.34000015258789,21.63999938964844,2023000,16.69685693149423,0.0,1.0,yahoo,2023-12-13 16:42:26
2006-02-13,XLK,21.5,21.57999992370605,21.36000061035156,21.440000534057617,1872800,16.54254305106686,0.0,1.0,yahoo,2023-12-13 16:42:26
2006-02-14,XLK,21.489999771118164,21.799999237060547,21.450000762939453,21.729999542236328,1743300,16.766298692767634,0.0,1.0,yahoo,2023-12-13 16:42:26
2006-02-15,XLK,21.729999542236328,21.8799991607666,21.709999084472656,21.850000381469727,2045400,16.85888819835227,0.0,1.0,yahoo,2023-12-13 16:42:26
2006-02-16,XLK,21.96999931335449,22.09000015258789,21.90999984741211,22.049999237060547,1585200,17.013202078779635,0.0,1.0,yahoo,2023-12-13 16:42:26
2006-02-17,XLK,22.0,22.0,21.8799991607666,21.93000030517578,1155500,16.920614044855267,0.0,1.0,yahoo,2023-12-13 16:42:26
2006-02-21,XLK,21.8700008392334,21.90999984741211,21.6200008392334,21.690000534057617,2009100,16.735436505346268,0.0,1.0,yahoo,2023-12-13 16:42:26
2006-02-22,XLK,21.65999984741211,21.8700008392334,21.59000015258789,21.799999237060547,1679400,16.82030862450023,0.0,1.0,yahoo,2023-12-13 16:42:26
2006-02-23,XLK,21.71999931335449,21.850000381469727,21.670000076293945,21.690000534057617,1677200,16.735436505346268,0.0,1.0,yahoo,2023-12-13 16:42:26
2006-02-24,XLK,21.700000762939453,21.729999542236328,21.600000381469727,21.700000762939453,1498000,16.743152420116676,0.0,1.0,yahoo,2023-12-13 16:42:26
2006-02-27,XLK,21.68000030517578,21.959999084472656,21.68000030517578,21.89999961853028,2585700,16.89746630054405,0.0,1.0,yahoo,2023-12-13 16:42:26
2006-02-28,XLK,21.88999938964844,21.89999961853028,21.6299991607666,21.64999961853028,1507400,16.70457284626464,0.0,1.0,yahoo,2023-12-13 16:42:26
2006-03-01,XLK,21.76000022888184,22.15999984741211,21.76000022888184,22.07999992370605,1696700,17.036349823090855,0.0,1.0,yahoo,2023-12-13 16:42:26
2006-03-02,XLK,21.989999771118164,22.18000030517578,21.979999542236328,22.1299991607666,1245400,17.074927925282633,0.0,1.0,yahoo,2023-12-13 16:42:26
2006-03-03,XLK,21.8799991607666,22.21999931335449,21.8799991607666,22.0,1849800,16.97462397658786,0.0,1.0,yahoo,2023-12-13 16:42:26
2006-03-06,XLK,22.1299991607666,22.170000076293945,21.850000381469727,21.90999984741211,2797800,16.90518221531445,0.0,1.0,yahoo,2023-12-13 16:42:26
2006-03-07,XLK,21.780000686645508,21.84000015258789,21.6299991607666,21.770000457763672,1317500,16.797162351849266,0.0,1.0,yahoo,2023-12-13 16:42:26
2006-03-08,XLK,21.76000022888184,21.8700008392334,21.61000061035156,21.75,1409300,16.78173052230845,0.0,1.0,yahoo,2023-12-13 16:42:26
2006-03-09,XLK,21.8700008392334,21.940000534057617,21.6200008392334,21.6200008392334,1428600,16.681426573613678,0.0,1.0,yahoo,2023-12-13 16:42:26
2006-03-10,XLK,21.65999984741211,21.84000015258789,21.56999969482422,21.71999931335449,2884000,16.758582777997223,0.0,1.0,yahoo,2023-12-13 16:42:26
2006-03-13,XLK,21.82999992370605,21.90999984741211,21.729999542236328,21.799999237060547,1670900,16.82030862450023,0.0,1.0,yahoo,2023-12-13 16:42:26
2006-03-14,XLK,21.770000457763672,22.06999969482422,21.739999771118164,22.049999237060547,1754800,17.013202078779635,0.0,1.0,yahoo,2023-12-13 16:42:26
2006-03-15,XLK,22.020000457763672,22.229999542236328,22.020000457763672,22.18000030517578,869000,17.113507499134673,0.0,1.0,yahoo,2023-12-13 16:42:26
2006-03-16,XLK,22.229999542236328,22.299999237060547,22.01000022888184,22.040000915527344,1952100,17.005487635669493,0.0,1.0,yahoo,2023-12-13 16:42:26
2006-03-17,XLK,22.059999465942383,22.18000030517578,22.01000022888184,22.11000061035156,922700,17.05949756740208,0.0,1.0,yahoo,2023-12-13 16:42:26
2006-03-20,XLK,22.13999938964844,22.18000030517578,22.07999992370605,22.14999961853028,444300,17.090359754823456,0.0,1.0,yahoo,2023-12-13 16:42:26
2006-03-21,XLK,22.13999938964844,22.39999961853028,22.020000457763672,22.059999465942383,1911500,17.020917993550043,0.0,1.0,yahoo,2023-12-13 16:42:26
2006-03-22,XLK,21.89999961853028,22.100000381469727,21.84000015258789,22.06999969482422,1213200,17.02863390832045,0.0,1.0,yahoo,2023-12-13 16:42:26
2006-03-23,XLK,22.040000915527344,22.100000381469727,21.920000076293945,22.020000457763672,914900,16.990055806128677,0.0,1.0,yahoo,2023-12-13 16:42:26
2006-03-24,XLK,22.030000686645508,22.14999961853028,21.959999084472656,22.09000015258789,1603000,17.044065737861267,0.0,1.0,yahoo,2023-12-13 16:42:26
2006-03-27,XLK,22.0,22.200000762939453,22.0,22.1200008392334,740200,17.06721348217249,0.0,1.0,yahoo,2023-12-13 16:42:26
2006-03-28,XLK,22.0,22.190000534057617,21.850000381469727,21.8700008392334,727000,16.874320027893084,0.0,1.0,yahoo,2023-12-13 16:42:26
2006-03-29,XLK,21.950000762939453,22.299999237060547,21.90999984741211,22.200000762939453,1094900,17.12893932867549,0.0,1.0,yahoo,2023-12-13 16:42:26
2006-03-30,XLK,22.290000915527344,22.43000030517578,22.18000030517578,22.270000457763672,2129800,17.182949260408083,0.0,1.0,yahoo,2023-12-13 16:42:26
2006-03-31,XLK,22.32999992370605,22.34000015258789,22.13999938964844,22.13999938964844,1623500,17.082643840053045,0.0,1.0,yahoo,2023-12-13 16:42:26
2006-04-03,XLK,22.290000915527344,22.450000762939453,22.209999084472656,22.270000457763672,3303800,17.182949260408083,0.0,1.0,yahoo,2023-12-13 16:42:26
2006-04-04,XLK,22.25,22.38999938964844,22.209999084472656,22.350000381469727,1993600,17.24467510691108,0.0,1.0,yahoo,2023-12-13 16:42:26
2006-04-05,XLK,22.39999961853028,22.549999237060547,22.36000061035156,22.540000915527344,2736800,17.391274544228306,0.0,1.0,yahoo,2023-12-13 16:42:26
2006-04-06,XLK,22.46999931335449,22.6200008392334,22.39999961853028,22.520000457763672,1651400,17.37584271468749,0.0,1.0,yahoo,2023-12-13 16:42:26
2006-04-07,XLK,22.51000022888184,22.6200008392334,22.26000022888184,22.26000022888184,1673200,17.17523334563768,0.0,1.0,yahoo,2023-12-13 16:42:26
2006-04-10,XLK,22.26000022888184,22.34000015258789,22.18000030517578,22.229999542236328,1170600,17.15208560132645,0.0,1.0,yahoo,2023-12-13 16:42:26
2006-04-11,XLK,22.290000915527344,22.32999992370605,21.979999542236328,22.030000686645508,2471200,16.997771720899085,0.0,1.0,yahoo,2023-12-13 16:42:26
2006-04-12,XLK,22.059999465942383,22.1299991607666,22.01000022888184,22.06999969482422,2617000,17.02863390832045,0.0,1.0,yahoo,2023-12-13 16:42:26
2006-04-13,XLK,22.32999992370605,22.32999992370605,22.020000457763672,22.100000381469727,897300,17.051781652631675,0.0,1.0,yahoo,2023-12-13 16:42:26
2006-04-17,XLK,22.09000015258789,22.170000076293945,21.790000915527344,21.86000061035156,2600900,16.866604113122673,0.0,1.0,yahoo,2023-12-13 16:42:26
2006-04-18,XLK,22.0,22.31999969482422,21.90999984741211,22.299999237060547,851500,17.20609553305904,0.0,1.0,yahoo,2023-12-13 16:42:26
2006-04-19,XLK,22.25,22.34000015258789,22.1200008392334,22.280000686645508,1174200,17.19066517517849,0.0,1.0,yahoo,2023-12-13 16:42:26
2006-04-20,XLK,22.270000457763672,22.46999931335449,22.21999931335449,22.299999237060547,2016000,17.20609553305904,0.0,1.0,yahoo,2023-12-13 16:42:26
2006-04-21,XLK,22.32999992370605,22.3700008392334,22.0,22.059999465942383,1391600,17.020917993550043,0.0,1.0,yahoo,2023-12-13 16:42:26
2006-04-24,XLK,22.01000022888184,22.07999992370605,21.90999984741211,22.030000686645508,591700,16.997771720899085,0.0,1.0,yahoo,2023-12-13 16:42:26
2006-04-25,XLK,22.030000686645508,22.100000381469727,21.8799991607666,22.020000457763672,2114500,16.990055806128677,0.0,1.0,yahoo,2023-12-13 16:42:26
2006-04-26,XLK,22.100000381469727,22.14999961853028,22.0,22.100000381469727,2450300,17.051781652631675,0.0,1.0,yahoo,2023-12-13 16:42:26
2006-04-27,XLK,21.959999084472656,22.38999938964844,21.959999084472656,22.31999969482422,2647400,17.221527362599858,0.0,1.0,yahoo,2023-12-13 16:42:26
2006-04-28,XLK,22.100000381469727,22.100000381469727,21.809999465942383,21.850000381469727,2910000,16.85888819835227,0.0,1.0,yahoo,2023-12-13 16:42:26
2006-05-01,XLK,21.959999084472656,21.959999084472656,21.670000076293945,21.670000076293945,3851400,16.720004675805452,0.0,1.0,yahoo,2023-12-13 16:42:26
2006-05-02,XLK,21.780000686645508,21.8700008392334,21.729999542236328,21.770000457763672,876200,16.797162351849266,0.0,1.0,yahoo,2023-12-13 16:42:26
2006-05-03,XLK,21.739999771118164,21.809999465942383,21.6200008392334,21.71999931335449,815400,16.758582777997223,0.0,1.0,yahoo,2023-12-13 16:42:26
2006-05-04,XLK,21.76000022888184,21.8799991607666,21.57999992370605,21.799999237060547,1683200,16.82030862450023,0.0,1.0,yahoo,2023-12-13 16:42:26
2006-05-05,XLK,21.88999938964844,21.950000762939453,21.82999992370605,21.920000076293945,1126200,16.91289813008486,0.0,1.0,yahoo,2023-12-13 16:42:26
2006-05-08,XLK,21.940000534057617,22.0,21.89999961853028,21.950000762939453,765200,16.936045874396083,0.0,1.0,yahoo,2023-12-13 16:42:26
2006-05-09,XLK,22.030000686645508,22.030000686645508,21.790000915527344,21.86000061035156,1570200,16.866604113122673,0.0,1.0,yahoo,2023-12-13 16:42:26
2006-05-10,XLK,21.89999961853028,21.950000762939453,21.56999969482422,21.6299991607666,2613900,16.68914101672382,0.0,1.0,yahoo,2023-12-13 16:42:26
2006-05-11,XLK,21.520000457763672,21.56999969482422,21.100000381469727,21.18000030517578,2625500,16.341933682017046,0.0,1.0,yahoo,2023-12-13 16:42:26
2006-05-12,XLK,21.100000381469727,21.170000076293945,20.959999084472656,20.979999542236328,4707100,16.187618329929414,0.0,1.0,yahoo,2023-12-13 16:42:26
2006-05-15,XLK,20.920000076293945,21.06999969482422,20.780000686645508,21.0,2884600,16.20305015947023,0.0,1.0,yahoo,2023-12-13 16:42:26
2006-05-16,XLK,21.0,21.01000022888184,20.75,20.799999237060547,1557000,16.048734807382598,0.0,1.0,yahoo,2023-12-13 16:42:26
2006-05-17,XLK,20.700000762939453,20.770000457763672,20.5,20.520000457763672,1651500,15.83269508045223,0.0,1.0,yahoo,2023-12-13 16:42:26
2006-05-18,XLK,20.75,20.75,20.440000534057617,20.450000762939453,4040900,15.778685148719639,0.0,1.0,yahoo,2023-12-13 16:42:26
2006-05-19,XLK,20.479999542236328,20.63999938964844,20.34000015258789,20.600000381469727,2057400,15.894420926955231,0.0,1.0,yahoo,2023-12-13 16:42:26
2006-05-22,XLK,20.39999961853028,20.559999465942383,20.309999465942383,20.420000076293945,1608400,15.755537404408415,0.0,1.0,yahoo,2023-12-13 16:42:26
2006-05-23,XLK,20.64999961853028,20.68000030517578,20.270000457763672,20.270000457763672,1025200,15.639801626172822,0.0,1.0,yahoo,2023-12-13 16:42:26
2006-05-24,XLK,20.3700008392334,20.530000686645508,20.200000762939453,20.46999931335449,2090600,15.794115506600187,0.0,1.0,yahoo,2023-12-13 16:42:26
2006-05-25,XLK,20.64999961853028,20.65999984741211,20.46999931335449,20.65999984741211,1261200,15.940714943917413,0.0,1.0,yahoo,2023-12-13 16:42:26
2006-05-26,XLK,20.729999542236328,20.790000915527344,20.64999961853028,20.76000022888184,2022800,16.01787261996123,0.0,1.0,yahoo,2023-12-13 16:42:26
2006-05-30,XLK,20.6200008392334,20.690000534057617,20.350000381469727,20.350000381469727,982600,15.701527472675822,0.0,1.0,yahoo,2023-12-13 16:42:26
2006-05-31,XLK,20.51000022888184,20.549999237060547,20.32999992370605,20.43000030517578,1353000,15.763253319178823,0.0,1.0,yahoo,2023-12-13 16:42:26
2006-06-01,XLK,20.420000076293945,20.799999237060547,20.420000076293945,20.780000686645508,671400,16.033304449502047,0.0,1.0,yahoo,2023-12-13 16:42:26
2006-06-02,XLK,20.8700008392334,20.93000030517578,20.6200008392334,20.709999084472656,1533700,15.97929304610919,0.0,1.0,yahoo,2023-12-13 16:42:26
2006-06-05,XLK,20.690000534057617,20.690000534057617,20.3799991607666,20.39999961853028,732300,15.740105574867604,0.0,1.0,yahoo,2023-12-13 16:42:26
2006-06-06,XLK,20.420000076293945,20.459999084472656,20.21999931335449,20.39999961853028,3650900,15.740105574867604,0.0,1.0,yahoo,2023-12-13 16:42:26
2006-06-07,XLK,20.299999237060547,20.459999084472656,20.1200008392334,20.1200008392334,1539800,15.524065847937232,0.0,1.0,yahoo,2023-12-13 16:42:26
2006-06-08,XLK,20.6200008392334,20.6200008392334,19.670000076293945,20.020000457763672,5917000,15.446908171893416,0.0,1.0,yahoo,2023-12-13 16:42:26
2006-06-09,XLK,20.1200008392334,20.200000762939453,19.90999984741211,19.940000534057617,821900,15.385182325390415,0.0,1.0,yahoo,2023-12-13 16:42:26
2006-06-12,XLK,19.950000762939453,19.989999771118164,19.56999969482422,19.56999969482422,801300,15.099699365526376,0.0,1.0,yahoo,2023-12-13 16:42:26
2006-06-13,XLK,19.56999969482422,19.809999465942383,19.540000915527344,19.59000015258789,1637400,15.115131195067192,0.0,1.0,yahoo,2023-12-13 16:42:26
2006-06-14,XLK,19.520000457763672,19.799999237060547,19.520000457763672,19.71999931335449,1230800,15.215435143761965,0.0,1.0,yahoo,2023-12-13 16:42:26
2006-06-15,XLK,19.809999465942383,20.270000457763672,19.809999465942383,20.21999931335449,1814400,15.601222052320779,0.0,1.0,yahoo,2023-12-13 16:42:26
2006-06-16,XLK,20.239999771118164,20.280000686645508,20.07999992370605,20.190000534057617,2260600,15.578075779669824,0.0,1.0,yahoo,2023-12-13 16:42:26
2006-06-19,XLK,20.229999542236328,20.280000686645508,20.020000457763672,20.100000381469727,1165900,15.508634018396416,0.0,1.0,yahoo,2023-12-13 16:42:26
2006-06-20,XLK,20.11000061035156,20.229999542236328,19.989999771118164,20.06999969482422,1023600,15.48548627408519,0.0,1.0,yahoo,2023-12-13 16:42:26
2006-06-21,XLK,20.0,20.459999084472656,20.0,20.32999992370605,1515200,15.686095643135003,0.0,1.0,yahoo,2023-12-13 16:42:26
2006-06-22,XLK,20.39999961853028,20.39999961853028,20.049999237060547,20.09000015258789,669500,15.500918103626008,0.0,1.0,yahoo,2023-12-13 16:42:26
2006-06-23,XLK,20.040000915527344,20.200000762939453,19.979999542236328,20.030000686645508,483900,15.454624086663824,0.0,1.0,yahoo,2023-12-13 16:42:26
2006-06-26,XLK,20.049999237060547,20.200000762939453,20.01000022888184,20.06999969482422,961700,15.48548627408519,0.0,1.0,yahoo,2023-12-13 16:42:26
2006-06-27,XLK,20.14999961853028,20.14999961853028,19.799999237060547,19.799999237060547,1326600,15.277160990264967,0.0,1.0,yahoo,2023-12-13 16:42:26
2006-06-28,XLK,19.75,19.93000030517578,19.71999931335449,19.93000030517578,870000,15.377466410620007,0.0,1.0,yahoo,2023-12-13 16:42:26
2006-06-29,XLK,20.0,20.440000534057617,20.0,20.440000534057617,1085900,15.77096923394923,0.0,1.0,yahoo,2023-12-13 16:42:26
2006-06-30,XLK,20.40999984741211,20.40999984741211,20.270000457763672,20.32999992370605,1788800,15.686095643135003,0.0,1.0,yahoo,2023-12-13 16:42:26
2006-07-03,XLK,20.290000915527344,20.5,20.290000915527344,20.479999542236328,411000,15.801831421370597,0.0,1.0,yahoo,2023-12-13 16:42:26
2006-07-05,XLK,20.40999984741211,20.40999984741211,20.15999984741211,20.15999984741211,931300,15.554928035358598,0.0,1.0,yahoo,2023-12-13 16:42:26
2006-07-06,XLK,20.200000762939453,20.299999237060547,20.1299991607666,20.18000030517578,794500,15.570359864899414,0.0,1.0,yahoo,2023-12-13 16:42:26
2006-07-07,XLK,20.18000030517578,20.18000030517578,19.89999961853028,19.979999542236328,833800,15.416044512811784,0.0,1.0,yahoo,2023-12-13 16:42:26
2006-07-10,XLK,20.049999237060547,20.07999992370605,19.670000076293945,19.75,1966700,15.238582888073191,0.0,1.0,yahoo,2023-12-13 16:42:26
2006-07-11,XLK,19.75,19.86000061035156,19.549999237060547,19.82999992370605,2244100,15.30030873457619,0.0,1.0,yahoo,2023-12-13 16:42:26
2006-07-12,XLK,19.71999931335449,19.770000457763672,19.420000076293945,19.46999931335449,1032300,15.022541689482557,0.0,1.0,yahoo,2023-12-13 16:42:26
2006-07-13,XLK,18.850000381469727,19.489999771118164,18.850000381469727,19.14999961853028,1903300,14.775638303470567,0.0,1.0,yahoo,2023-12-13 16:42:26
2006-07-14,XLK,18.88999938964844,19.170000076293945,18.88999938964844,19.100000381469727,920600,14.737060201278785,0.0,1.0,yahoo,2023-12-13 16:42:26
2006-07-17,XLK,19.06999969482422,19.229999542236328,19.06999969482422,19.15999984741211,988000,14.78335421824097,0.0,1.0,yahoo,2023-12-13 16:42:26
2006-07-18,XLK,19.14999961853028,19.26000022888184,18.93000030517578,19.200000762939453,2252500,14.814217877322601,0.0,1.0,yahoo,2023-12-13 16:42:26
2006-07-19,XLK,19.21999931335449,19.530000686645508,19.18000030517578,19.479999542236328,2077600,15.030257604252968,0.0,1.0,yahoo,2023-12-13 16:42:26
2006-07-20,XLK,19.450000762939453,19.559999465942383,19.200000762939453,19.200000762939453,709900,14.814217877322601,0.0,1.0,yahoo,2023-12-13 16:42:26
2006-07-21,XLK,19.1299991607666,19.200000762939453,18.93000030517578,19.0,1337200,14.659902525234969,0.0,1.0,yahoo,2023-12-13 16:42:26
2006-07-24,XLK,19.13999938964844,19.350000381469727,19.059999465942383,19.290000915527344,1793500,14.88365963859601,0.0,1.0,yahoo,2023-12-13 16:42:26
2006-07-25,XLK,19.32999992370605,19.549999237060547,19.299999237060547,19.5,1551400,15.045689433793784,0.0,1.0,yahoo,2023-12-13 16:42:26
2006-07-26,XLK,19.350000381469727,19.670000076293945,19.350000381469727,19.549999237060547,738700,15.084267535985559,0.0,1.0,yahoo,2023-12-13 16:42:26
2006-07-27,XLK,19.64999961853028,19.770000457763672,19.489999771118164,19.489999771118164,911700,15.037973519023376,0.0,1.0,yahoo,2023-12-13 16:42:26
2006-07-28,XLK,19.63999938964844,19.88999938964844,19.61000061035156,19.82999992370605,800700,15.30030873457619,0.0,1.0,yahoo,2023-12-13 16:42:26
2006-07-31,XLK,19.700000762939453,19.90999984741211,19.700000762939453,19.799999237060547,3630300,15.277160990264967,0.0,1.0,yahoo,2023-12-13 16:42:26
2006-08-01,XLK,19.71999931335449,19.71999931335449,19.40999984741211,19.520000457763672,1302500,15.0611212633346,0.0,1.0,yahoo,2023-12-13 16:42:26
2006-08-02,XLK,19.6299991607666,19.82999992370605,19.600000381469727,19.76000022888184,1035900,15.246298802843603,0.0,1.0,yahoo,2023-12-13 16:42:26
2006-08-03,XLK,19.64999961853028,19.88999938964844,19.51000022888184,19.81999969482422,644400,15.292592819805783,0.0,1.0,yahoo,2023-12-13 16:42:26
2006-08-04,XLK,19.940000534057617,20.07999992370605,19.6200008392334,19.76000022888184,992500,15.246298802843603,0.0,1.0,yahoo,2023-12-13 16:42:26
2006-08-07,XLK,19.64999961853028,19.75,19.600000381469727,19.690000534057617,1869800,15.192288871111009,0.0,1.0,yahoo,2023-12-13 16:42:26
2006-08-08,XLK,19.68000030517578,19.780000686645508,19.530000686645508,19.6200008392334,1080100,15.138278939378417,0.0,1.0,yahoo,2023-12-13 16:42:26
2006-08-09,XLK,20.0,20.100000381469727,19.700000762939453,19.739999771118164,1684200,15.230866973302783,0.0,1.0,yahoo,2023-12-13 16:42:26
2006-08-10,XLK,19.63999938964844,19.850000381469727,19.63999938964844,19.81999969482422,769300,15.292592819805783,0.0,1.0,yahoo,2023-12-13 16:42:26
2006-08-11,XLK,19.700000762939453,19.770000457763672,19.6299991607666,19.709999084472656,1022700,15.207719228991559,0.0,1.0,yahoo,2023-12-13 16:42:26
2006-08-14,XLK,19.8700008392334,20.059999465942383,19.82999992370605,19.8799991607666,841500,15.338886836767967,0.0,1.0,yahoo,2023-12-13 16:42:26
2006-08-15,XLK,20.100000381469727,20.36000061035156,20.06999969482422,20.34000015258789,1497700,15.693811557905414,0.0,1.0,yahoo,2023-12-13 16:42:26
2006-08-16,XLK,20.549999237060547,20.690000534057617,20.38999938964844,20.65999984741211,4193900,15.940714943917413,0.0,1.0,yahoo,2023-12-13 16:42:26
2006-08-17,XLK,20.64999961853028,20.8700008392334,20.6299991607666,20.75,1840600,16.010156705190823,0.0,1.0,yahoo,2023-12-13 16:42:26
2006-08-18,XLK,20.600000381469727,20.8799991607666,20.57999992370605,20.82999992370605,764200,16.071882551693818,0.0,1.0,yahoo,2023-12-13 16:42:26
2006-08-21,XLK,20.770000457763672,20.770000457763672,20.6299991607666,20.690000534057617,1590800,15.963862688228637,0.0,1.0,yahoo,2023-12-13 16:42:26
2006-08-22,XLK,20.63999938964844,20.8700008392334,20.61000061035156,20.700000762939453,1022800,15.971578602999045,0.0,1.0,yahoo,2023-12-13 16:42:26
2006-08-23,XLK,20.459999084472656,20.850000381469727,20.459999084472656,20.600000381469727,2497700,15.894420926955231,0.0,1.0,yahoo,2023-12-13 16:42:26
2006-08-24,XLK,20.8799991607666,20.8799991607666,20.559999465942383,20.68000030517578,1137200,15.95614677345823,0.0,1.0,yahoo,2023-12-13 16:42:26
2006-08-25,XLK,20.68000030517578,20.84000015258789,20.63999938964844,20.739999771118164,961900,16.002440790420412,0.0,1.0,yahoo,2023-12-13 16:42:26
2006-08-28,XLK,20.799999237060547,20.950000762939453,20.709999084472656,20.93000030517578,1381000,16.149040227737636,0.0,1.0,yahoo,2023-12-13 16:42:26
2006-08-29,XLK,20.96999931335449,21.1200008392334,20.809999465942383,21.1200008392334,1767000,16.29563966505486,0.0,1.0,yahoo,2023-12-13 16:42:26
2006-08-30,XLK,21.13999938964844,21.299999237060547,21.09000015258789,21.270000457763672,2012100,16.411375443290453,0.0,1.0,yahoo,2023-12-13 16:42:26
2006-08-31,XLK,21.350000381469727,21.350000381469727,21.170000076293945,21.190000534057617,1108400,16.349649596787454,0.0,1.0,yahoo,2023-12-13 16:42:26
2006-09-01,XLK,21.31999969482422,21.350000381469727,21.18000030517578,21.280000686645508,4026600,16.41909135806086,0.0,1.0,yahoo,2023-12-13 16:42:26
2006-09-05,XLK,21.280000686645508,21.40999984741211,21.14999961853028,21.38999938964844,2460500,16.50396347721482,0.0,1.0,yahoo,2023-12-13 16:42:26
2006-09-06,XLK,21.1299991607666,21.270000457763672,21.020000457763672,21.040000915527344,1333500,16.233913818551862,0.0,1.0,yahoo,2023-12-13 16:42:26
2006-09-07,XLK,20.93000030517578,21.07999992370605,20.82999992370605,20.920000076293945,1839100,16.141324312967228,0.0,1.0,yahoo,2023-12-13 16:42:26
2006-09-08,XLK,20.90999984741211,21.11000061035156,20.90999984741211,21.09000015258789,1894800,16.272491920743636,0.0,1.0,yahoo,2023-12-13 16:42:26
2006-09-11,XLK,20.950000762939453,21.32999992370605,20.950000762939453,21.270000457763672,3203900,16.411375443290453,0.0,1.0,yahoo,2023-12-13 16:42:26
2006-09-12,XLK,21.200000762939453,21.670000076293945,21.200000762939453,21.63999938964844,1423600,16.69685693149423,0.0,1.0,yahoo,2023-12-13 16:42:26
2006-09-13,XLK,21.6299991607666,21.68000030517578,21.51000022888184,21.63999938964844,1699800,16.69685693149423,0.0,1.0,yahoo,2023-12-13 16:42:26
2006-09-14,XLK,21.5,21.76000022888184,21.5,21.690000534057617,1479300,16.735436505346268,0.0,1.0,yahoo,2023-12-13 16:42:26
2006-09-15,XLK,21.8700008392334,21.89999961853028,21.670000076293945,21.700000762939453,6910000,16.77718636118242,0.044,1.0,yahoo,2023-12-13 16:42:26
2006-09-18,XLK,21.600000381469727,21.850000381469727,21.549999237060547,21.690000534057617,1173100,16.76945476220978,0.0,1.0,yahoo,2023-12-13 16:42:26
2006-09-19,XLK,21.71999931335449,21.729999542236328,21.3799991607666,21.59000015258789,3532400,16.692140247135093,0.0,1.0,yahoo,2023-12-13 16:42:26
2006-09-20,XLK,21.770000457763672,21.950000762939453,21.600000381469727,21.940000534057617,2559300,16.962740312570627,0.0,1.0,yahoo,2023-12-13 16:42:26
2006-09-21,XLK,21.940000534057617,22.0,21.690000534057617,21.729999542236328,1954400,16.800379683448618,0.0,1.0,yahoo,2023-12-13 16:42:26
2006-09-22,XLK,21.64999961853028,21.700000762939453,21.559999465942383,21.600000381469727,3341500,16.699871846107737,0.0,1.0,yahoo,2023-12-13 16:42:26
2006-09-25,XLK,21.729999542236328,22.040000915527344,21.690000534057617,21.989999771118164,1670300,17.00139683278211,0.0,1.0,yahoo,2023-12-13 16:42:26
2006-09-26,XLK,22.100000381469727,22.13999938964844,21.920000076293945,22.1299991607666,2522500,17.109636269095635,0.0,1.0,yahoo,2023-12-13 16:42:26
2006-09-27,XLK,22.200000762939453,22.26000022888184,21.88999938964844,21.959999084472656,5312100,16.97820203586419,0.0,1.0,yahoo,2023-12-13 16:42:26
2006-09-28,XLK,22.0,22.07999992370605,21.88999938964844,22.06999969482422,2266700,17.063248149911512,0.0,1.0,yahoo,2023-12-13 16:42:26
2006-09-29,XLK,22.07999992370605,22.14999961853028,21.959999084472656,22.0,1186700,17.00912843175475,0.0,1.0,yahoo,2023-12-13 16:42:26
2006-10-02,XLK,21.950000762939453,22.06999969482422,21.84000015258789,21.84000015258789,1974200,16.885425797495945,0.0,1.0,yahoo,2023-12-13 16:42:26
2006-10-03,XLK,21.75,22.020000457763672,21.690000534057617,21.959999084472656,2061400,16.97820203586419,0.0,1.0,yahoo,2023-12-13 16:42:26
2006-10-04,XLK,21.920000076293945,22.350000381469727,21.90999984741211,22.299999237060547,6255200,17.24107050232708,0.0,1.0,yahoo,2023-12-13 16:42:26
2006-10-05,XLK,22.32999992370605,22.350000381469727,22.209999084472656,22.290000915527344,1707800,17.23334037800616,0.0,1.0,yahoo,2023-12-13 16:42:26
2006-10-06,XLK,22.200000762939453,22.31999969482422,21.209999084472656,22.299999237060547,1648800,17.24107050232708,0.0,1.0,yahoo,2023-12-13 16:42:26
2006-10-09,XLK,22.229999542236328,22.40999984741211,22.200000762939453,22.36000061035156,525100,17.28746009616292,0.0,1.0,yahoo,2023-12-13 16:42:26
2006-10-10,XLK,22.3799991607666,22.40999984741211,22.25,22.3799991607666,1590200,17.302921819456483,0.0,1.0,yahoo,2023-12-13 16:42:26
2006-10-11,XLK,22.34000015258789,22.5,22.25,22.3700008392334,1479500,17.295191695135564,0.0,1.0,yahoo,2023-12-13 16:42:26
2006-10-12,XLK,22.38999938964844,22.729999542236328,22.38999938964844,22.700000762939453,2433600,17.55032856262582,0.0,1.0,yahoo,2023-12-13 16:42:26
2006-10-13,XLK,22.739999771118164,22.8799991607666,22.68000030517578,22.809999465942383,2931700,17.63537320202142,0.0,1.0,yahoo,2023-12-13 16:42:26
2006-10-16,XLK,22.88999938964844,22.959999084472656,22.799999237060547,22.799999237060547,1901300,17.62764160304878,0.0,1.0,yahoo,2023-12-13 16:42:26
2006-10-17,XLK,22.700000762939453,22.700000762939453,22.459999084472656,22.61000061035156,7454100,17.480745646523772,0.0,1.0,yahoo,2023-12-13 16:42:26
2006-10-18,XLK,22.709999084472656,22.86000061035156,22.46999931335449,22.549999237060547,3755700,17.43435605268793,0.0,1.0,yahoo,2023-12-13 16:42:26
2006-10-19,XLK,22.5,22.65999984741211,22.40999984741211,22.6200008392334,1981700,17.488477245496416,0.0,1.0,yahoo,2023-12-13 16:42:26
2006-10-20,XLK,22.63999938964844,22.76000022888184,22.559999465942383,22.76000022888184,1739500,17.59671668180994,0.0,1.0,yahoo,2023-12-13 16:42:26
2006-10-23,XLK,22.75,22.96999931335449,22.46999931335449,22.89999961853028,1301500,17.70495611812347,0.0,1.0,yahoo,2023-12-13 16:42:26
2006-10-24,XLK,22.8700008392334,22.940000534057617,22.64999961853028,22.739999771118164,2198500,17.581253483864657,0.0,1.0,yahoo,2023-12-13 16:42:26
2006-10-25,XLK,22.799999237060547,22.959999084472656,22.76000022888184,22.940000534057617,1284500,17.735882514014026,0.0,1.0,yahoo,2023-12-13 16:42:26
2006-10-26,XLK,22.920000076293945,23.07999992370605,22.84000015258789,23.059999465942383,2169900,17.82865875238227,0.0,1.0,yahoo,2023-12-13 16:42:26
2006-10-27,XLK,23.0,23.0,22.65999984741211,22.76000022888184,2352500,17.59671668180994,0.0,1.0,yahoo,2023-12-13 16:42:26
2006-10-30,XLK,22.6200008392334,22.920000076293945,22.540000915527344,22.84000015258789,2476500,17.658567998939343,0.0,1.0,yahoo,2023-12-13 16:42:26
2006-10-31,XLK,22.950000762939453,22.989999771118164,22.780000686645508,22.8700008392334,2823100,17.681762795857264,0.0,1.0,yahoo,2023-12-13 16:42:26
2006-11-01,XLK,23.0,23.0,22.64999961853028,22.770000457763672,3312000,17.60444828078258,0.0,1.0,yahoo,2023-12-13 16:42:26
2006-11-02,XLK,22.6200008392334,22.739999771118164,22.600000381469727,22.6299991607666,2804100,17.496207369817334,0.0,1.0,yahoo,2023-12-13 16:42:26
2006-11-03,XLK,22.700000762939453,22.799999237060547,22.51000022888184,22.6299991607666,1916900,17.496207369817334,0.0,1.0,yahoo,2023-12-13 16:42:26
2006-11-06,XLK,22.739999771118164,22.959999084472656,22.670000076293945,22.89999961853028,1514500,17.70495611812347,0.0,1.0,yahoo,2023-12-13 16:42:26
2006-11-07,XLK,23.049999237060547,23.13999938964844,22.68000030517578,23.020000457763672,3286500,17.79773383114343,0.0,1.0,yahoo,2023-12-13 16:42:26
2006-11-08,XLK,23.020000457763672,23.1299991607666,22.81999969482422,23.040000915527344,2987400,17.81319702908871,0.0,1.0,yahoo,2023-12-13 16:42:26
2006-11-09,XLK,23.290000915527344,23.290000915527344,23.020000457763672,23.030000686645508,3104600,17.80546543011607,0.0,1.0,yahoo,2023-12-13 16:42:26
2006-11-10,XLK,22.780000686645508,23.11000061035156,22.780000686645508,23.09000015258789,1608900,17.85185354930019,0.0,1.0,yahoo,2023-12-13 16:42:26
2006-11-13,XLK,23.14999961853028,23.309999465942383,23.09000015258789,23.290000915527344,2047400,18.00648257944956,0.0,1.0,yahoo,2023-12-13 16:42:26
2006-11-14,XLK,23.32999992370605,23.520000457763672,23.170000076293945,23.459999084472656,2433400,18.137915338029284,0.0,1.0,yahoo,2023-12-13 16:42:26
2006-11-15,XLK,23.280000686645508,23.59000015258789,23.280000686645508,23.51000022888184,1718700,18.17657333289249,0.0,1.0,yahoo,2023-12-13 16:42:26
2006-11-16,XLK,23.56999969482422,23.65999984741211,23.450000762939453,23.600000381469727,1622900,18.24615624899453,0.0,1.0,yahoo,2023-12-13 16:42:26
2006-11-17,XLK,23.5,23.63999938964844,23.479999542236328,23.63999938964844,1547200,18.277081170233373,0.0,1.0,yahoo,2023-12-13 16:42:26
2006-11-20,XLK,23.600000381469727,23.71999931335449,23.520000457763672,23.63999938964844,1402000,18.277081170233373,0.0,1.0,yahoo,2023-12-13 16:42:26
2006-11-21,XLK,23.700000762939453,23.700000762939453,23.57999992370605,23.6299991607666,1431600,18.269349571260733,0.0,1.0,yahoo,2023-12-13 16:42:26
2006-11-22,XLK,23.770000457763672,23.809999465942383,23.63999938964844,23.809999465942383,1068100,18.40851540346482,0.0,1.0,yahoo,2023-12-13 16:42:26
2006-11-24,XLK,23.670000076293945,23.82999992370605,23.549999237060547,23.76000022888184,423500,18.36985888325334,0.0,1.0,yahoo,2023-12-13 16:42:26
2006-11-27,XLK,23.600000381469727,23.690000534057617,23.14999961853028,23.200000762939453,3231700,17.936899663347514,0.0,1.0,yahoo,2023-12-13 16:42:26
2006-11-28,XLK,23.1299991607666,23.32999992370605,23.049999237060547,23.31999969482422,2940100,18.02967590171576,0.0,1.0,yahoo,2023-12-13 16:42:26
2006-11-29,XLK,23.46999931335449,23.549999237060547,23.36000061035156,23.46999931335449,3165400,18.145646937001924,0.0,1.0,yahoo,2023-12-13 16:42:26
2006-11-30,XLK,23.459999084472656,23.6200008392334,23.3700008392334,23.520000457763672,1715200,18.184304931865128,0.0,1.0,yahoo,2023-12-13 16:42:26
2006-12-01,XLK,23.39999961853028,23.520000457763672,23.11000061035156,23.31999969482422,2899400,18.02967590171576,0.0,1.0,yahoo,2023-12-13 16:42:26
2006-12-04,XLK,23.36000061035156,23.700000762939453,23.36000061035156,23.6200008392334,1417000,18.26161944693981,0.0,1.0,yahoo,2023-12-13 16:42:26
2006-12-05,XLK,23.549999237060547,23.71999931335449,23.549999237060547,23.6299991607666,1159100,18.269349571260733,0.0,1.0,yahoo,2023-12-13 16:42:26
2006-12-06,XLK,23.63999938964844,23.709999084472656,23.459999084472656,23.479999542236328,974500,18.153378535974564,0.0,1.0,yahoo,2023-12-13 16:42:26
2006-12-07,XLK,23.540000915527344,23.64999961853028,23.350000381469727,23.38999938964844,1563100,18.083795619872525,0.0,1.0,yahoo,2023-12-13 16:42:26
2006-12-08,XLK,23.36000061035156,23.530000686645508,23.25,23.38999938964844,815200,18.083795619872525,0.0,1.0,yahoo,2023-12-13 16:42:26
2006-12-11,XLK,23.3799991607666,23.63999938964844,23.25,23.530000686645508,962100,18.19203653083777,0.0,1.0,yahoo,2023-12-13 16:42:26
2006-12-12,XLK,23.489999771118164,23.56999969482422,23.299999237060547,23.450000762939453,2978800,18.130185213708366,0.0,1.0,yahoo,2023-12-13 16:42:26
2006-12-13,XLK,23.63999938964844,23.63999938964844,23.32999992370605,23.489999771118164,1397700,18.161110134947208,0.0,1.0,yahoo,2023-12-13 16:42:26
2006-12-14,XLK,23.489999771118164,23.739999771118164,23.39999961853028,23.690000534057617,1324500,18.315739165096574,0.0,1.0,yahoo,2023-12-13 16:42:26
2006-12-15,XLK,23.68000030517578,23.700000762939453,23.549999237060547,23.559999465942383,1845800,18.319626200988296,0.135,1.0,yahoo,2023-12-13 16:42:26
2006-12-18,XLK,23.61000061035156,23.729999542236328,23.36000061035156,23.46999931335449,2075100,18.249644486607295,0.0,1.0,yahoo,2023-12-13 16:42:26
2006-12-19,XLK,23.270000457763672,23.440000534057617,23.18000030517578,23.31999969482422,1489200,18.13300879034008,0.0,1.0,yahoo,2023-12-13 16:42:26
2006-12-20,XLK,23.420000076293945,23.520000457763672,23.309999465942383,23.32999992370605,1274900,18.140784701171672,0.0,1.0,yahoo,2023-12-13 16:42:26
2006-12-21,XLK,23.34000015258789,23.3700008392334,23.14999961853028,23.21999931335449,1823300,18.055251165127483,0.0,1.0,yahoo,2023-12-13 16:42:26
2006-12-22,XLK,23.229999542236328,23.239999771118164,23.020000457763672,23.040000915527344,1405400,17.915289219468832,0.0,1.0,yahoo,2023-12-13 16:42:26
2006-12-26,XLK,22.979999542236328,23.170000076293945,22.979999542236328,23.170000076293945,894100,18.016373094072865,0.0,1.0,yahoo,2023-12-13 16:42:26
2006-12-27,XLK,23.190000534057617,23.3700008392334,23.18000030517578,23.34000015258789,906900,18.148560612003266,0.0,1.0,yahoo,2023-12-13 16:42:26
2006-12-28,XLK,23.34000015258789,23.3700008392334,23.25,23.32999992370605,1005800,18.140784701171672,0.0,1.0,yahoo,2023-12-13 16:42:26
2006-12-29,XLK,23.31999969482422,23.489999771118164,23.25,23.26000022888184,1065100,18.086354808453866,0.0,1.0,yahoo,2023-12-13 16:42:26
2007-01-03,XLK,23.36000061035156,23.65999984741211,23.11000061035156,23.32999992370605,4742200,18.140784701171672,0.0,1.0,yahoo,2023-12-13 16:42:26
2007-01-04,XLK,23.31999969482422,23.75,23.270000457763672,23.690000534057617,2883000,18.42071155869567,0.0,1.0,yahoo,2023-12-13 16:42:26
2007-01-05,XLK,23.520000457763672,23.540000915527344,23.350000381469727,23.5,1649100,18.272972219102076,0.0,1.0,yahoo,2023-12-13 16:42:26
2007-01-08,XLK,23.5,23.64999961853028,23.420000076293945,23.56999969482422,1779300,18.32740211181989,0.0,1.0,yahoo,2023-12-13 16:42:26
2007-01-09,XLK,23.530000686645508,23.670000076293945,23.40999984741211,23.600000381469727,3469000,18.35072984431467,0.0,1.0,yahoo,2023-12-13 16:42:26
2007-01-10,XLK,23.520000457763672,23.76000022888184,23.46999931335449,23.71999931335449,2659000,18.444037808087103,0.0,1.0,yahoo,2023-12-13 16:42:26
2007-01-11,XLK,23.86000061035156,24.0,23.780000686645508,23.959999084472656,3568600,18.63065521873532,0.0,1.0,yahoo,2023-12-13 16:42:26
2007-01-12,XLK,23.979999542236328,24.059999465942383,23.84000015258789,24.020000457763672,3040600,18.677310683724883,0.0,1.0,yahoo,2023-12-13 16:42:26
2007-01-16,XLK,23.89999961853028,24.049999237060547,23.88999938964844,23.96999931335449,1556800,18.638431129566914,0.0,1.0,yahoo,2023-12-13 16:42:26
2007-01-17,XLK,23.8700008392334,23.920000076293945,23.6200008392334,23.65999984741211,1513000,18.397383826200887,0.0,1.0,yahoo,2023-12-13 16:42:26
2007-01-18,XLK,23.530000686645508,23.6200008392334,23.31999969482422,23.38999938964844,4830400,18.187438683057895,0.0,1.0,yahoo,2023-12-13 16:42:26
2007-01-19,XLK,23.25,23.39999961853028,23.229999542236328,23.3799991607666,2370700,18.179662772226298,0.0,1.0,yahoo,2023-12-13 16:42:26
2007-01-22,XLK,23.350000381469727,23.38999938964844,23.09000015258789,23.209999084472656,3399900,18.047475254295893,0.0,1.0,yahoo,2023-12-13 16:42:26
2007-01-23,XLK,23.14999961853028,23.36000061035156,23.1200008392334,23.209999084472656,1470800,18.047475254295893,0.0,1.0,yahoo,2023-12-13 16:42:26
2007-01-24,XLK,23.299999237060547,23.6299991607666,23.280000686645508,23.6299991607666,4381500,18.37405609370611,0.0,1.0,yahoo,2023-12-13 16:42:26
2007-01-25,XLK,23.71999931335449,23.81999969482422,23.34000015258789,23.34000015258789,1451400,18.148560612003266,0.0,1.0,yahoo,2023-12-13 16:42:26
2007-01-26,XLK,23.43000030517578,23.51000022888184,23.26000022888184,23.350000381469727,4168600,18.15633652283486,0.0,1.0,yahoo,2023-12-13 16:42:26
2007-01-29,XLK,23.38999938964844,23.540000915527344,23.350000381469727,23.450000762939453,2340500,18.234094148047454,0.0,1.0,yahoo,2023-12-13 16:42:26
2007-01-30,XLK,23.43000030517578,23.59000015258789,23.43000030517578,23.59000015258789,2498100,18.342953933483077,0.0,1.0,yahoo,2023-12-13 16:42:26
2007-01-31,XLK,23.549999237060547,23.790000915527344,23.40999984741211,23.729999542236328,1723400,18.4518137189187,0.0,1.0,yahoo,2023-12-13 16:42:26
2007-02-01,XLK,23.76000022888184,23.809999465942383,23.559999465942383,23.6299991607666,1507200,18.37405609370611,0.0,1.0,yahoo,2023-12-13 16:42:26
2007-02-02,XLK,23.709999084472656,23.75,23.6299991607666,23.75,1521600,18.467365540581888,0.0,1.0,yahoo,2023-12-13 16:42:26
2007-02-05,XLK,23.600000381469727,23.75,23.600000381469727,23.690000534057617,1034500,18.42071155869567,0.0,1.0,yahoo,2023-12-13 16:42:26
2007-02-06,XLK,23.68000030517578,23.739999771118164,23.479999542236328,23.65999984741211,1695700,18.397383826200887,0.0,1.0,yahoo,2023-12-13 16:42:26
2007-02-07,XLK,23.799999237060547,23.86000061035156,23.68000030517578,23.770000457763672,1570600,18.482917362245075,0.0,1.0,yahoo,2023-12-13 16:42:26
2007-02-08,XLK,23.64999961853028,23.82999992370605,23.64999961853028,23.799999237060547,1370100,18.50624361163651,0.0,1.0,yahoo,2023-12-13 16:42:26
2007-02-09,XLK,23.82999992370605,23.86000061035156,23.420000076293945,23.540000915527344,1887400,18.30407586242845,0.0,1.0,yahoo,2023-12-13 16:42:26
2007-02-12,XLK,23.450000762939453,23.520000457763672,23.3799991607666,23.440000534057617,2596000,18.22631823721586,0.0,1.0,yahoo,2023-12-13 16:42:26
2007-02-13,XLK,23.520000457763672,23.56999969482422,23.450000762939453,23.530000686645508,1531700,18.296299951596858,0.0,1.0,yahoo,2023-12-13 16:42:26
2007-02-14,XLK,23.6299991607666,23.8799991607666,23.61000061035156,23.86000061035156,1018200,18.55289907662607,0.0,1.0,yahoo,2023-12-13 16:42:26
2007-02-15,XLK,23.89999961853028,23.959999084472656,23.81999969482422,23.950000762939453,3063300,18.622880791007073,0.0,1.0,yahoo,2023-12-13 16:42:26
2007-02-16,XLK,23.770000457763672,23.89999961853028,23.739999771118164,23.89999961853028,2046300,18.584001236849108,0.0,1.0,yahoo,2023-12-13 16:42:26
2007-02-20,XLK,23.790000915527344,23.959999084472656,23.709999084472656,23.90999984741211,1321200,18.5917771476807,0.0,1.0,yahoo,2023-12-13 16:42:26
2007-02-21,XLK,23.82999992370605,23.920000076293945,23.770000457763672,23.8700008392334,1164700,18.560674987457666,0.0,1.0,yahoo,2023-12-13 16:42:26
2007-02-22,XLK,24.020000457763672,24.07999992370605,23.850000381469727,24.0,3578600,18.661758862061696,0.0,1.0,yahoo,2023-12-13 16:42:26
2007-02-23,XLK,23.940000534057617,23.989999771118164,23.8700008392334,23.979999542236328,1007900,18.646207040398508,0.0,1.0,yahoo,2023-12-13 16:42:26
2007-02-26,XLK,23.89999961853028,24.040000915527344,23.780000686645508,23.920000076293945,987600,18.599553058512292,0.0,1.0,yahoo,2023-12-13 16:42:26
2007-02-27,XLK,23.520000457763672,23.75,22.780000686645508,23.0,4721400,17.88418557614246,0.0,1.0,yahoo,2023-12-13 16:42:26
2007-02-28,XLK,23.0,23.270000457763672,22.8700008392334,23.09000015258789,3617700,17.954167290523458,0.0,1.0,yahoo,2023-12-13 16:42:26
2007-03-01,XLK,22.729999542236328,23.200000762939453,22.38999938964844,23.06999969482422,3683600,17.93861546886027,0.0,1.0,yahoo,2023-12-13 16:42:26
2007-03-02,XLK,22.89999961853028,23.030000686645508,22.63999938964844,22.63999938964844,2612900,17.604258718618468,0.0,1.0,yahoo,2023-12-13 16:42:26
2007-03-05,XLK,22.459999084472656,22.920000076293945,22.459999084472656,22.690000534057617,1406800,17.643138272776433,0.0,1.0,yahoo,2023-12-13 16:42:26
2007-03-06,XLK,22.8700008392334,23.040000915527344,22.75,23.040000915527344,2177000,17.915289219468832,0.0,1.0,yahoo,2023-12-13 16:42:26
2007-03-07,XLK,22.90999984741211,22.959999084472656,22.75,22.75,1541900,17.68979225466265,0.0,1.0,yahoo,2023-12-13 16:42:26
2007-03-08,XLK,22.940000534057617,23.06999969482422,22.850000381469727,22.940000534057617,2775000,17.83753159425624,0.0,1.0,yahoo,2023-12-13 16:42:26
2007-03-09,XLK,23.09000015258789,23.11000061035156,22.809999465942383,23.0,1132300,17.88418557614246,0.0,1.0,yahoo,2023-12-13 16:42:26
2007-03-12,XLK,22.90999984741211,23.170000076293945,22.90999984741211,23.13999938964844,1593400,17.993045361578083,0.0,1.0,yahoo,2023-12-13 16:42:26
2007-03-13,XLK,23.040000915527344,23.100000381469727,22.700000762939453,22.770000457763672,1657100,17.705344076325837,0.0,1.0,yahoo,2023-12-13 16:42:26
2007-03-14,XLK,22.770000457763672,22.989999771118164,22.59000015258789,22.979999542236328,2899700,17.868633754479273,0.0,1.0,yahoo,2023-12-13 16:42:26
2007-03-15,XLK,22.979999542236328,23.020000457763672,22.850000381469727,22.989999771118164,2243700,17.876409665310867,0.0,1.0,yahoo,2023-12-13 16:42:26
2007-03-16,XLK,22.8799991607666,23.049999237060547,22.850000381469727,22.950000762939453,2905300,17.845307505087835,0.0,1.0,yahoo,2023-12-13 16:42:26
2007-03-19,XLK,23.06999969482422,23.34000015258789,23.030000686645508,23.100000381469727,870500,17.96194320135505,0.0,1.0,yahoo,2023-12-13 16:42:26
2007-03-20,XLK,23.14999961853028,23.290000915527344,23.09000015258789,23.25,1291300,18.07857889762227,0.0,1.0,yahoo,2023-12-13 16:42:26
2007-03-21,XLK,23.290000915527344,23.71999931335449,23.190000534057617,23.71999931335449,858400,18.444037808087103,0.0,1.0,yahoo,2023-12-13 16:42:26
2007-03-22,XLK,23.61000061035156,23.64999961853028,23.420000076293945,23.6299991607666,1720200,18.37405609370611,0.0,1.0,yahoo,2023-12-13 16:42:26
2007-03-23,XLK,23.549999237060547,23.68000030517578,23.51000022888184,23.56999969482422,1370100,18.32740211181989,0.0,1.0,yahoo,2023-12-13 16:42:26
2007-03-26,XLK,23.56999969482422,23.63999938964844,23.09000015258789,23.600000381469727,958600,18.35072984431467,0.0,1.0,yahoo,2023-12-13 16:42:26
2007-03-27,XLK,23.540000915527344,23.61000061035156,23.5,23.61000061035156,1764900,18.35850575514626,0.0,1.0,yahoo,2023-12-13 16:42:26
2007-03-28,XLK,23.40999984741211,23.479999542236328,23.270000457763672,23.34000015258789,1986800,18.148560612003266,0.0,1.0,yahoo,2023-12-13 16:42:26
2007-03-29,XLK,23.39999961853028,23.459999084472656,23.1200008392334,23.3700008392334,2854000,18.171888344498047,0.0,1.0,yahoo,2023-12-13 16:42:26
2007-03-30,XLK,23.3799991607666,23.440000534057617,23.14999961853028,23.31999969482422,3774000,18.13300879034008,0.0,1.0,yahoo,2023-12-13 16:42:26
2007-04-02,XLK,23.38999938964844,23.489999771118164,23.25,23.440000534057617,1573300,18.22631823721586,0.0,1.0,yahoo,2023-12-13 16:42:26
2007-04-03,XLK,23.489999771118164,23.729999542236328,23.39999961853028,23.6299991607666,1990900,18.37405609370611,0.0,1.0,yahoo,2023-12-13 16:42:26
2007-04-04,XLK,23.61000061035156,23.770000457763672,23.600000381469727,23.770000457763672,2291000,18.482917362245075,0.0,1.0,yahoo,2023-12-13 16:42:26
2007-04-05,XLK,23.799999237060547,23.8700008392334,23.520000457763672,23.86000061035156,659700,18.55289907662607,0.0,1.0,yahoo,2023-12-13 16:42:26
2007-04-09,XLK,23.86000061035156,23.940000534057617,23.799999237060547,23.86000061035156,767800,18.55289907662607,0.0,1.0,yahoo,2023-12-13 16:42:26
2007-04-10,XLK,23.84000015258789,23.89999961853028,23.76000022888184,23.84000015258789,1942200,18.537347254962885,0.0,1.0,yahoo,2023-12-13 16:42:26
2007-04-11,XLK,23.89999961853028,23.89999961853028,23.59000015258789,23.6200008392334,2096100,18.36628166597786,0.0,1.0,yahoo,2023-12-13 16:42:26
2007-04-12,XLK,23.64999961853028,23.8700008392334,23.540000915527344,23.8700008392334,770800,18.560674987457666,0.0,1.0,yahoo,2023-12-13 16:42:26
2007-04-13,XLK,23.71999931335449,23.88999938964844,23.59000015258789,23.88999938964844,1113200,18.576225326017514,0.0,1.0,yahoo,2023-12-13 16:42:26
2007-04-16,XLK,23.90999984741211,24.09000015258789,23.89999961853028,24.09000015258789,1321700,18.731740576442697,0.0,1.0,yahoo,2023-12-13 16:42:26
2007-04-17,XLK,24.040000915527344,24.13999938964844,23.96999931335449,24.13999938964844,1372900,18.770618647497322,0.0,1.0,yahoo,2023-12-13 16:42:26
2007-04-18,XLK,23.89999961853028,24.14999961853028,23.89999961853028,24.07999992370605,1066400,18.7239646656111,0.0,1.0,yahoo,2023-12-13 16:42:26
2007-04-19,XLK,23.88999938964844,24.14999961853028,23.86000061035156,24.09000015258789,1779600,18.731740576442697,0.0,1.0,yahoo,2023-12-13 16:42:26
2007-04-20,XLK,24.26000022888184,24.32999992370605,24.13999938964844,24.229999542236328,986600,18.84060036187832,0.0,1.0,yahoo,2023-12-13 16:42:26
2007-04-23,XLK,24.200000762939453,24.270000457763672,24.11000061035156,24.18000030517578,1606800,18.801722290823694,0.0,1.0,yahoo,2023-12-13 16:42:26
2007-04-24,XLK,24.3700008392334,24.39999961853028,24.14999961853028,24.309999465942383,2836600,18.902806165427723,0.0,1.0,yahoo,2023-12-13 16:42:26
2007-04-25,XLK,24.32999992370605,24.520000457763672,24.280000686645508,24.489999771118164,1713400,19.04276959418972,0.0,1.0,yahoo,2023-12-13 16:42:26
2007-04-26,XLK,24.46999931335449,24.670000076293945,24.40999984741211,24.6299991607666,719200,19.151629379625344,0.0,1.0,yahoo,2023-12-13 16:42:26
2007-04-27,XLK,24.51000022888184,24.700000762939453,24.51000022888184,24.61000061035156,904900,19.1360790410655,0.0,1.0,yahoo,2023-12-13 16:42:26
2007-04-30,XLK,24.59000015258789,24.709999084472656,24.420000076293945,24.420000076293945,925800,18.98833970147191,0.0,1.0,yahoo,2023-12-13 16:42:26
2007-05-01,XLK,24.489999771118164,24.540000915527344,24.34000015258789,24.540000915527344,3100100,19.08164914834769,0.0,1.0,yahoo,2023-12-13 16:42:26
2007-05-02,XLK,24.57999992370605,24.780000686645508,24.559999465942383,24.670000076293945,1330000,19.18273302295172,0.0,1.0,yahoo,2023-12-13 16:42:26
2007-05-03,XLK,24.799999237060547,24.93000030517578,24.700000762939453,24.90999984741211,1066700,19.369350433599934,0.0,1.0,yahoo,2023-12-13 16:42:26
2007-05-04,XLK,25.0,25.030000686645508,24.8700008392334,25.01000022888184,2949700,19.447108058812532,0.0,1.0,yahoo,2023-12-13 16:42:26
2007-05-07,XLK,24.950000762939453,25.040000915527344,24.93000030517578,24.979999542236328,635300,19.423780326317747,0.0,1.0,yahoo,2023-12-13 16:42:26
2007-05-08,XLK,24.89999961853028,25.09000015258789,24.8799991607666,25.07999992370605,1927600,19.501537951530338,0.0,1.0,yahoo,2023-12-13 16:42:26
2007-05-09,XLK,24.950000762939453,25.18000030517578,24.89999961853028,25.049999237060547,5624800,19.478210219035557,0.0,1.0,yahoo,2023-12-13 16:42:26
2007-05-10,XLK,25.040000915527344,25.15999984741211,24.82999992370605,24.920000076293945,2383200,19.377126344431527,0.0,1.0,yahoo,2023-12-13 16:42:26
2007-05-11,XLK,24.8700008392334,25.190000534057617,24.8700008392334,25.190000534057617,2538200,19.587071487574526,0.0,1.0,yahoo,2023-12-13 16:42:26
2007-05-14,XLK,25.26000022888184,25.26000022888184,24.979999542236328,25.06999969482422,704000,19.493762040698744,0.0,1.0,yahoo,2023-12-13 16:42:26
2007-05-15,XLK,25.100000381469727,25.26000022888184,24.96999931335449,25.030000686645508,3432100,19.462659880475716,0.0,1.0,yahoo,2023-12-13 16:42:26
2007-05-16,XLK,25.06999969482422,25.25,24.959999084472656,25.25,591300,19.633725469460742,0.0,1.0,yahoo,2023-12-13 16:42:26
2007-05-17,XLK,25.25,25.290000915527344,25.1200008392334,25.18000030517578,510400,19.579295576742933,0.0,1.0,yahoo,2023-12-13 16:42:26
2007-05-18,XLK,25.270000457763672,25.31999969482422,25.1200008392334,25.309999465942383,1413200,19.680379451346962,0.0,1.0,yahoo,2023-12-13 16:42:26
2007-05-21,XLK,25.3700008392334,25.549999237060547,25.290000915527344,25.420000076293945,2847700,19.765912987391147,0.0,1.0,yahoo,2023-12-13 16:42:26
2007-05-22,XLK,25.14999961853028,25.549999237060547,25.14999961853028,25.38999938964844,1934800,19.74258525489637,0.0,1.0,yahoo,2023-12-13 16:42:26
2007-05-23,XLK,25.459999084472656,25.520000457763672,25.280000686645508,25.299999237060547,3864200,19.672603540515368,0.0,1.0,yahoo,2023-12-13 16:42:26
2007-05-24,XLK,25.239999771118164,25.38999938964844,24.88999938964844,24.979999542236328,4835200,19.423780326317747,0.0,1.0,yahoo,2023-12-13 16:42:26
2007-05-25,XLK,25.030000686645508,25.209999084472656,24.979999542236328,25.190000534057617,1972800,19.587071487574526,0.0,1.0,yahoo,2023-12-13 16:42:26
2007-05-29,XLK,25.170000076293945,25.38999938964844,25.14999961853028,25.34000015258789,2370800,19.703707183841743,0.0,1.0,yahoo,2023-12-13 16:42:26
2007-05-30,XLK,25.14999961853028,25.559999465942383,25.06999969482422,25.530000686645508,2252800,19.851446523435335,0.0,1.0,yahoo,2023-12-13 16:42:26
2007-05-31,XLK,25.6299991607666,25.700000762939453,25.559999465942383,25.64999961853028,2170800,19.944754487207774,0.0,1.0,yahoo,2023-12-13 16:42:26
2007-06-01,XLK,25.770000457763672,25.82999992370605,25.59000015258789,25.64999961853028,2067900,19.944754487207774,0.0,1.0,yahoo,2023-12-13 16:42:26
2007-06-04,XLK,25.56999969482422,25.75,25.559999465942383,25.739999771118164,1417600,20.014736201588768,0.0,1.0,yahoo,2023-12-13 16:42:26
2007-06-05,XLK,25.61000061035156,25.690000534057617,25.489999771118164,25.64999961853028,1376100,19.944754487207774,0.0,1.0,yahoo,2023-12-13 16:42:26
2007-06-06,XLK,25.540000915527344,25.56999969482422,25.350000381469727,25.350000381469727,2049000,19.711483094673337,0.0,1.0,yahoo,2023-12-13 16:42:26
2007-06-07,XLK,25.309999465942383,25.459999084472656,24.93000030517578,24.989999771118164,2473800,19.43155623714934,0.0,1.0,yahoo,2023-12-13 16:42:26
2007-06-08,XLK,24.950000762939453,25.43000030517578,24.950000762939453,25.34000015258789,1676700,19.703707183841743,0.0,1.0,yahoo,2023-12-13 16:42:26
2007-06-11,XLK,25.31999969482422,25.46999931335449,25.270000457763672,25.38999938964844,1122600,19.74258525489637,0.0,1.0,yahoo,2023-12-13 16:42:26
2007-06-12,XLK,25.209999084472656,25.38999938964844,25.06999969482422,25.09000015258789,1292600,19.50931386236193,0.0,1.0,yahoo,2023-12-13 16:42:26
2007-06-13,XLK,25.200000762939453,25.40999984741211,25.100000381469727,25.40999984741211,1129600,19.758137076559553,0.0,1.0,yahoo,2023-12-13 16:42:26
2007-06-14,XLK,25.38999938964844,25.670000076293945,25.38999938964844,25.64999961853028,849700,19.944754487207774,0.0,1.0,yahoo,2023-12-13 16:42:26
2007-06-15,XLK,25.780000686645508,25.8799991607666,25.729999542236328,25.780000686645508,867800,20.0599169798472,0.018,1.0,yahoo,2023-12-13 16:42:26
2007-06-18,XLK,25.940000534057617,25.940000534057617,25.71999931335449,25.850000381469727,658200,20.11438509580485,0.0,1.0,yahoo,2023-12-13 16:42:26
2007-06-19,XLK,25.700000762939453,25.88999938964844,25.690000534057617,25.84000015258789,1308400,20.106603724361634,0.0,1.0,yahoo,2023-12-13 16:42:26
2007-06-20,XLK,25.950000762939453,25.950000762939453,25.549999237060547,25.690000534057617,1111900,19.989886121003124,0.0,1.0,yahoo,2023-12-13 16:42:26
2007-06-21,XLK,25.530000686645508,25.82999992370605,25.479999542236328,25.81999969482422,1572900,20.091040981475206,0.0,1.0,yahoo,2023-12-13 16:42:26
2007-06-22,XLK,25.549999237060547,25.790000915527344,25.43000030517578,25.530000686645508,1897000,19.8653871462014,0.0,1.0,yahoo,2023-12-13 16:42:26
2007-06-25,XLK,25.540000915527344,25.709999084472656,25.309999465942383,25.440000534057617,1461700,19.795356287357322,0.0,1.0,yahoo,2023-12-13 16:42:26
2007-06-26,XLK,25.59000015258789,25.59000015258789,25.280000686645508,25.350000381469727,2083000,19.725325428513244,0.0,1.0,yahoo,2023-12-13 16:42:26
2007-06-27,XLK,25.280000686645508,25.670000076293945,25.21999931335449,25.600000381469727,4079700,19.919855262159047,0.0,1.0,yahoo,2023-12-13 16:42:26
2007-06-28,XLK,25.61000061035156,25.82999992370605,25.61000061035156,25.690000534057617,1701800,19.989886121003124,0.0,1.0,yahoo,2023-12-13 16:42:26
2007-06-29,XLK,25.780000686645508,25.850000381469727,25.43000030517578,25.600000381469727,1402400,19.919855262159047,0.0,1.0,yahoo,2023-12-13 16:42:26
2007-07-02,XLK,25.68000030517578,25.86000061035156,25.68000030517578,25.81999969482422,1678000,20.091040981475206,0.0,1.0,yahoo,2023-12-13 16:42:26
2007-07-03,XLK,25.89999961853028,26.059999465942383,25.88999938964844,26.0,1556500,20.23110269916336,0.0,1.0,yahoo,2023-12-13 16:42:26
2007-07-05,XLK,26.040000915527344,26.82999992370605,25.96999931335449,26.100000381469727,3360200,20.30891492945065,0.0,1.0,yahoo,2023-12-13 16:42:26
2007-07-06,XLK,26.13999938964844,26.25,26.06999969482422,26.14999961853028,2729800,20.347820302521875,0.0,1.0,yahoo,2023-12-13 16:42:26
2007-07-09,XLK,26.200000762939453,26.309999465942383,26.1200008392334,26.299999237060547,1010500,20.46453790588038,0.0,1.0,yahoo,2023-12-13 16:42:26
2007-07-10,XLK,26.049999237060547,26.229999542236328,25.950000762939453,26.0,2134200,20.23110269916336,0.0,1.0,yahoo,2023-12-13 16:42:26
2007-07-11,XLK,25.959999084472656,26.200000762939453,25.8799991607666,26.14999961853028,1091400,20.347820302521875,0.0,1.0,yahoo,2023-12-13 16:42:26
2007-07-12,XLK,26.209999084472656,26.65999984741211,26.190000534057617,26.59000015258789,1287900,20.69019322529904,0.0,1.0,yahoo,2023-12-13 16:42:26
2007-07-13,XLK,26.6299991607666,26.989999771118164,26.540000915527344,26.64999961853028,1678500,20.73687996981348,0.0,1.0,yahoo,2023-12-13 16:42:26
2007-07-16,XLK,26.6200008392334,26.790000915527344,26.549999237060547,26.729999542236328,1393600,20.799129457214338,0.0,1.0,yahoo,2023-12-13 16:42:26
2007-07-17,XLK,26.71999931335449,26.93000030517578,26.700000762939453,26.81999969482422,1313600,20.869160316058412,0.0,1.0,yahoo,2023-12-13 16:42:26
2007-07-18,XLK,26.6200008392334,26.700000762939453,26.3799991607666,26.68000030517578,1534900,20.760224084143115,0.0,1.0,yahoo,2023-12-13 16:42:26
2007-07-19,XLK,26.920000076293945,27.020000457763672,26.809999465942383,26.89999961853028,3010400,20.93140980345928,0.0,1.0,yahoo,2023-12-13 16:42:26
2007-07-20,XLK,26.81999969482422,26.86000061035156,26.559999465942383,26.799999237060547,1573300,20.853597573171985,0.0,1.0,yahoo,2023-12-13 16:42:26
2007-07-23,XLK,26.82999992370605,26.940000534057617,26.75,26.84000015258789,1102700,20.88472305894484,0.0,1.0,yahoo,2023-12-13 16:42:26
2007-07-24,XLK,26.549999237060547,26.850000381469727,26.38999938964844,26.56999969482422,1738000,20.67463048241261,0.0,1.0,yahoo,2023-12-13 16:42:26
2007-07-25,XLK,26.56999969482422,26.799999237060547,26.049999237060547,26.600000381469727,4027700,20.697974596742252,0.0,1.0,yahoo,2023-12-13 16:42:26
2007-07-26,XLK,26.600000381469727,26.600000381469727,25.75,26.200000762939453,2972800,20.38672715973794,0.0,1.0,yahoo,2023-12-13 16:42:26
2007-07-27,XLK,26.09000015258789,26.209999084472656,25.63999938964844,25.63999938964844,2058400,19.950979263787058,0.0,1.0,yahoo,2023-12-13 16:42:26
2007-07-30,XLK,25.75,25.90999984741211,25.56999969482422,25.729999542236328,1605500,20.02101012263113,0.0,1.0,yahoo,2023-12-13 16:42:26
2007-07-31,XLK,26.100000381469727,26.100000381469727,25.43000030517578,25.549999237060547,2738400,19.880948404942977,0.0,1.0,yahoo,2023-12-13 16:42:26
2007-08-01,XLK,25.56999969482422,26.270000457763672,25.26000022888184,25.799999237060547,9571100,20.07547823858878,0.0,1.0,yahoo,2023-12-13 16:42:26
2007-08-02,XLK,25.780000686645508,26.049999237060547,25.71999931335449,25.850000381469727,5042900,20.11438509580485,0.0,1.0,yahoo,2023-12-13 16:42:26
2007-08-03,XLK,25.90999984741211,25.959999084472656,25.350000381469727,25.350000381469727,2658000,19.725325428513244,0.0,1.0,yahoo,2023-12-13 16:42:26
2007-08-06,XLK,25.520000457763672,25.76000022888184,25.290000915527344,25.75,2492500,20.03657286551756,0.0,1.0,yahoo,2023-12-13 16:42:26
2007-08-07,XLK,25.68000030517578,25.950000762939453,25.3799991607666,25.799999237060547,2657000,20.07547823858878,0.0,1.0,yahoo,2023-12-13 16:42:26
2007-08-08,XLK,25.979999542236328,26.200000762939453,25.86000061035156,26.200000762939453,5281300,20.38672715973794,0.0,1.0,yahoo,2023-12-13 16:42:26
2007-08-09,XLK,25.84000015258789,26.39999961853028,25.40999984741211,25.600000381469727,3686600,19.919855262159047,0.0,1.0,yahoo,2023-12-13 16:42:26
2007-08-10,XLK,25.229999542236328,25.540000915527344,24.93000030517578,25.239999771118164,4870400,19.639731826782743,0.0,1.0,yahoo,2023-12-13 16:42:26
2007-08-13,XLK,25.600000381469727,25.68000030517578,25.43000030517578,25.59000015258789,2660900,19.912073890715835,0.0,1.0,yahoo,2023-12-13 16:42:26
2007-08-14,XLK,25.61000061035156,25.64999961853028,24.950000762939453,25.06999969482422,1520700,19.507451480537803,0.0,1.0,yahoo,2023-12-13 16:42:26
2007-08-15,XLK,25.049999237060547,25.25,24.6299991607666,24.75,3073600,19.258453530934354,0.0,1.0,yahoo,2023-12-13 16:42:26
2007-08-16,XLK,24.56999969482422,24.670000076293945,23.89999961853028,24.59000015258789,4039400,19.133954556132625,0.0,1.0,yahoo,2023-12-13 16:42:26
2007-08-17,XLK,25.21999931335449,25.229999542236328,24.56999969482422,24.82999992370605,4007400,19.320703018335212,0.0,1.0,yahoo,2023-12-13 16:42:26
2007-08-20,XLK,25.030000686645508,25.07999992370605,24.790000915527344,24.920000076293945,2193200,19.39073387717929,0.0,1.0,yahoo,2023-12-13 16:42:26
2007-08-21,XLK,24.84000015258789,25.209999084472656,24.84000015258789,25.0,2856400,19.452983364580152,0.0,1.0,yahoo,2023-12-13 16:42:26
2007-08-22,XLK,25.32999992370605,25.38999938964844,25.190000534057617,25.32999992370605,1995200,19.709762685626814,0.0,1.0,yahoo,2023-12-13 16:42:26
2007-08-23,XLK,25.450000762939453,25.5,25.26000022888184,25.39999961853028,1906300,19.76423080158447,0.0,1.0,yahoo,2023-12-13 16:42:26
2007-08-24,XLK,25.39999961853028,25.809999465942383,25.34000015258789,25.76000022888184,2567400,20.044354236960775,0.0,1.0,yahoo,2023-12-13 16:42:26
2007-08-27,XLK,25.6299991607666,25.780000686645508,25.6200008392334,25.6200008392334,1468800,19.935418005045474,0.0,1.0,yahoo,2023-12-13 16:42:26
2007-08-28,XLK,25.520000457763672,25.540000915527344,25.059999465942383,25.15999984741211,2799600,19.577482339381877,0.0,1.0,yahoo,2023-12-13 16:42:26
2007-08-29,XLK,25.25,25.790000915527344,25.25,25.76000022888184,3272200,20.044354236960775,0.0,1.0,yahoo,2023-12-13 16:42:26
2007-08-30,XLK,25.600000381469727,26.049999237060547,25.420000076293945,25.8700008392334,4312600,20.129947838691276,0.0,1.0,yahoo,2023-12-13 16:42:26
2007-08-31,XLK,26.14999961853028,26.14999961853028,25.8799991607666,26.040000915527344,4653600,20.262228184936216,0.0,1.0,yahoo,2023-12-13 16:42:26
2007-09-04,XLK,26.07999992370605,26.61000061035156,26.040000915527344,26.440000534057617,4444400,20.573475621940528,0.0,1.0,yahoo,2023-12-13 16:42:26
2007-09-05,XLK,26.34000015258789,26.3700008392334,26.059999465942383,26.15999984741211,2463000,20.355601673965086,0.0,1.0,yahoo,2023-12-13 16:42:26
2007-09-06,XLK,26.26000022888184,26.309999465942383,26.06999969482422,26.290000915527344,2288800,20.45675801858202,0.0,1.0,yahoo,2023-12-13 16:42:26
2007-09-07,XLK,25.8799991607666,25.950000762939453,25.600000381469727,25.75,4738000,20.03657286551756,0.0,1.0,yahoo,2023-12-13 16:42:26
2007-09-10,XLK,25.920000076293945,26.0,25.559999465942383,25.700000762939453,3500100,19.997667492446336,0.0,1.0,yahoo,2023-12-13 16:42:26
2007-09-11,XLK,25.86000061035156,26.15999984741211,25.850000381469727,26.06999969482422,2481200,20.28557081512101,0.0,1.0,yahoo,2023-12-13 16:42:26
2007-09-12,XLK,26.0,26.21999931335449,25.940000534057617,26.0,2786700,20.23110269916336,0.0,1.0,yahoo,2023-12-13 16:42:26
2007-09-13,XLK,26.13999938964844,26.14999961853028,25.96999931335449,26.0,1835400,20.23110269916336,0.0,1.0,yahoo,2023-12-13 16:42:26
2007-09-14,XLK,25.780000686645508,25.989999771118164,25.780000686645508,25.8700008392334,2896300,20.129947838691276,0.0,1.0,yahoo,2023-12-13 16:42:26
2007-09-17,XLK,25.86000061035156,25.979999542236328,25.76000022888184,25.86000061035156,929300,20.12216646724806,0.0,1.0,yahoo,2023-12-13 16:42:26
2007-09-18,XLK,26.07999992370605,26.3799991607666,25.64999961853028,26.3700008392334,3394000,20.51900750598288,0.0,1.0,yahoo,2023-12-13 16:42:26
2007-09-19,XLK,26.520000457763672,26.6200008392334,26.3700008392334,26.46999931335449,2072300,20.596818252125317,0.0,1.0,yahoo,2023-12-13 16:42:26
2007-09-20,XLK,26.43000030517578,26.65999984741211,26.43000030517578,26.56999969482422,1853400,20.67463048241261,0.0,1.0,yahoo,2023-12-13 16:42:26
2007-09-21,XLK,26.6200008392334,26.770000457763672,26.600000381469727,26.71999931335449,3527000,20.83290412383077,0.053,1.0,yahoo,2023-12-13 16:42:26
2007-09-24,XLK,26.770000457763672,26.96999931335449,26.64999961853028,26.64999961853028,6265500,20.77832714147878,0.0,1.0,yahoo,2023-12-13 16:42:26
2007-09-25,XLK,26.65999984741211,27.0,26.600000381469727,26.920000076293945,2967000,20.98883963378897,0.0,1.0,yahoo,2023-12-13 16:42:26
2007-09-26,XLK,27.36000061035156,27.36000061035156,26.950000762939453,27.09000015258789,3881800,21.12138437112007,0.0,1.0,yahoo,2023-12-13 16:42:26
2007-09-27,XLK,27.18000030517578,27.18000030517578,27.020000457763672,27.06999969482422,2703800,21.105790522702,0.0,1.0,yahoo,2023-12-13 16:42:26
2007-09-28,XLK,27.3700008392334,27.3700008392334,26.90999984741211,26.96999931335449,2653600,21.0278227677229,0.0,1.0,yahoo,2023-12-13 16:42:26
2007-10-01,XLK,27.170000076293945,27.3700008392334,27.020000457763672,27.26000022888184,10141600,21.253929108451167,0.0,1.0,yahoo,2023-12-13 16:42:26
2007-10-02,XLK,27.46999931335449,27.46999931335449,27.229999542236328,27.36000061035156,3556200,21.331896863430263,0.0,1.0,yahoo,2023-12-13 16:42:26
2007-10-03,XLK,27.21999931335449,27.299999237060547,27.0,27.040000915527344,2053700,21.082401237186136,0.0,1.0,yahoo,2023-12-13 16:42:26
2007-10-04,XLK,27.170000076293945,27.170000076293945,26.96999931335449,27.11000061035156,5076500,21.136978219538133,0.0,1.0,yahoo,2023-12-13 16:42:26
2007-10-05,XLK,27.229999542236328,27.46999931335449,27.209999084472656,27.39999961853028,1930700,21.363083073155167,0.0,1.0,yahoo,2023-12-13 16:42:26
2007-10-08,XLK,27.3799991607666,27.559999465942383,27.36000061035156,27.450000762939453,865100,21.40206769420033,0.0,1.0,yahoo,2023-12-13 16:42:26
2007-10-09,XLK,27.63999938964844,27.709999084472656,27.489999771118164,27.64999961853028,2707500,21.558001717047297,0.0,1.0,yahoo,2023-12-13 16:42:26
2007-10-10,XLK,27.979999542236328,27.979999542236328,27.6299991607666,27.739999771118164,1793700,21.628172547817357,0.0,1.0,yahoo,2023-12-13 16:42:26
2007-10-11,XLK,27.86000061035156,28.01000022888184,27.26000022888184,27.440000534057617,4907000,21.394270769991298,0.0,1.0,yahoo,2023-12-13 16:42:26
2007-10-12,XLK,27.51000022888184,27.739999771118164,27.46999931335449,27.709999084472656,2187500,21.604781775190258,0.0,1.0,yahoo,2023-12-13 16:42:26
2007-10-15,XLK,27.420000076293945,27.780000686645508,27.36000061035156,27.51000022888184,5073500,21.448847752343298,0.0,1.0,yahoo,2023-12-13 16:42:26
2007-10-16,XLK,27.440000534057617,27.600000381469727,27.3700008392334,27.51000022888184,5602200,21.448847752343298,0.0,1.0,yahoo,2023-12-13 16:42:26
2007-10-17,XLK,27.89999961853028,27.89999961853028,27.40999984741211,27.739999771118164,6580800,21.628172547817357,0.0,1.0,yahoo,2023-12-13 16:42:26
2007-10-18,XLK,27.690000534057617,27.84000015258789,27.59000015258789,27.809999465942383,2397100,21.682749530169357,0.0,1.0,yahoo,2023-12-13 16:42:26
2007-10-19,XLK,27.809999465942383,27.81999969482422,27.09000015258789,27.14999961853028,3045900,21.16816442926304,0.0,1.0,yahoo,2023-12-13 16:42:26
2007-10-22,XLK,26.950000762939453,27.350000381469727,26.920000076293945,27.31999969482422,3357100,21.30070916659413,0.0,1.0,yahoo,2023-12-13 16:42:26
2007-10-23,XLK,27.600000381469727,27.71999931335449,27.3799991607666,27.6200008392334,6429900,21.53461243153143,0.0,1.0,yahoo,2023-12-13 16:42:26
2007-10-24,XLK,27.75,27.75,26.86000061035156,27.34000015258789,5611300,21.3163030150122,0.0,1.0,yahoo,2023-12-13 16:42:26
2007-10-25,XLK,27.520000457763672,27.59000015258789,27.1299991607666,27.56999969482422,3138200,21.49562781048626,0.0,1.0,yahoo,2023-12-13 16:42:26
2007-10-26,XLK,27.75,28.209999084472656,27.68000030517578,27.940000534057617,2617100,21.784108057775555,0.0,1.0,yahoo,2023-12-13 16:42:26
2007-10-29,XLK,28.020000457763672,28.11000061035156,27.90999984741211,28.020000457763672,2510700,21.846481964336586,0.0,1.0,yahoo,2023-12-13 16:42:26
2007-10-30,XLK,27.850000381469727,28.18000030517578,27.850000381469727,28.06999969482422,2732600,21.88546509827052,0.0,1.0,yahoo,2023-12-13 16:42:26
2007-10-31,XLK,28.450000762939453,28.520000457763672,28.11000061035156,28.39999961853028,3877500,22.142757648723688,0.0,1.0,yahoo,2023-12-13 16:42:26
2007-11-01,XLK,28.600000381469727,28.600000381469727,27.950000762939453,28.09000015258789,7202300,21.901058946688586,0.0,1.0,yahoo,2023-12-13 16:42:26
2007-11-02,XLK,28.38999938964844,28.38999938964844,27.82999992370605,28.14999961853028,5332600,21.947839004831557,0.0,1.0,yahoo,2023-12-13 16:42:26
2007-11-05,XLK,28.030000686645508,28.229999542236328,26.75,28.11000061035156,4705100,21.91665279510665,0.0,1.0,yahoo,2023-12-13 16:42:26
2007-11-06,XLK,28.3700008392334,28.3700008392334,27.88999938964844,28.26000022888184,3377000,22.03360368401969,0.0,1.0,yahoo,2023-12-13 16:42:26
2007-11-07,XLK,28.14999961853028,28.15999984741211,27.5,27.5,5835400,21.441050828134262,0.0,1.0,yahoo,2023-12-13 16:42:26
2007-11-08,XLK,26.709999084472656,27.39999961853028,26.270000457763672,26.520000457763672,14313300,20.67697010098381,0.0,1.0,yahoo,2023-12-13 16:42:26
2007-11-09,XLK,25.709999084472656,26.40999984741211,25.57999992370605,25.96999931335449,6400600,20.24814819215438,0.0,1.0,yahoo,2023-12-13 16:42:26
2007-11-12,XLK,25.5,26.1299991607666,25.5,25.549999237060547,7261900,19.920684810931157,0.0,1.0,yahoo,2023-12-13 16:42:26
2007-11-13,XLK,26.0,26.549999237060547,25.8799991607666,26.420000076293945,4478000,20.59900234600471,0.0,1.0,yahoo,2023-12-13 16:42:26
2007-11-14,XLK,27.0,27.0,26.07999992370605,26.270000457763672,6078800,20.48205145709168,0.0,1.0,yahoo,2023-12-13 16:42:26
2007-11-15,XLK,25.989999771118164,26.31999969482422,25.850000381469727,25.950000762939453,3870700,20.232555830847552,0.0,1.0,yahoo,2023-12-13 16:42:26
2007-11-16,XLK,25.89999961853028,26.3700008392334,25.89999961853028,26.31999969482422,3484800,20.52103459102561,0.0,1.0,yahoo,2023-12-13 16:42:26
2007-11-19,XLK,26.309999465942383,26.31999969482422,25.770000457763672,25.799999237060547,4766200,20.115603454823287,0.0,1.0,yahoo,2023-12-13 16:42:26
2007-11-20,XLK,26.290000915527344,26.290000915527344,25.540000915527344,26.020000457763672,5255200,20.287132813199552,0.0,1.0,yahoo,2023-12-13 16:42:26
2007-11-21,XLK,25.59000015258789,26.020000457763672,25.43000030517578,25.530000686645508,6298800,19.905092449624323,0.0,1.0,yahoo,2023-12-13 16:42:26
2007-11-23,XLK,25.549999237060547,25.89999961853028,25.549999237060547,25.780000686645508,882100,20.100011093516454,0.0,1.0,yahoo,2023-12-13 16:42:26
2007-11-26,XLK,26.07999992370605,26.07999992370605,25.190000534057617,25.239999771118164,2815600,19.678986108896062,0.0,1.0,yahoo,2023-12-13 16:42:26
2007-11-27,XLK,25.600000381469727,25.670000076293945,25.209999084472656,25.520000457763672,3370500,19.89729552541529,0.0,1.0,yahoo,2023-12-13 16:42:26
2007-11-28,XLK,26.07999992370605,26.40999984741211,25.81999969482422,26.270000457763672,4242300,20.48205145709168,0.0,1.0,yahoo,2023-12-13 16:42:26
2007-11-29,XLK,26.38999938964844,26.530000686645508,26.229999542236328,26.39999961853028,4674700,20.58340849758665,0.0,1.0,yahoo,2023-12-13 16:42:26
2007-11-30,XLK,27.13999938964844,27.13999938964844,26.030000686645508,26.26000022888184,3603800,20.47425453288265,0.0,1.0,yahoo,2023-12-13 16:42:26
2007-12-03,XLK,26.34000015258789,26.3700008392334,26.049999237060547,26.100000381469727,2674700,20.349506719760583,0.0,1.0,yahoo,2023-12-13 16:42:26
2007-12-04,XLK,26.09000015258789,26.21999931335449,25.799999237060547,26.0,1971400,20.271538964781485,0.0,1.0,yahoo,2023-12-13 16:42:26
2007-12-05,XLK,26.440000534057617,26.64999961853028,26.26000022888184,26.600000381469727,3866200,20.73934400754484,0.0,1.0,yahoo,2023-12-13 16:42:26
2007-12-06,XLK,26.790000915527344,26.959999084472656,26.549999237060547,26.8700008392334,2272000,20.949856499855038,0.0,1.0,yahoo,2023-12-13 16:42:26
2007-12-07,XLK,27.1299991607666,27.1299991607666,26.81999969482422,26.89999961853028,2797300,20.97324578537091,0.0,1.0,yahoo,2023-12-13 16:42:26
2007-12-10,XLK,27.190000534057617,27.190000534057617,26.88999938964844,27.030000686645508,2524600,21.0746043129771,0.0,1.0,yahoo,2023-12-13 16:42:26
2007-12-11,XLK,27.36000061035156,27.6299991607666,26.61000061035156,26.61000061035156,3667000,20.747140931753872,0.0,1.0,yahoo,2023-12-13 16:42:26
2007-12-12,XLK,27.299999237060547,27.350000381469727,26.65999984741211,27.06999969482422,3812800,21.105790522702,0.0,1.0,yahoo,2023-12-13 16:42:26
2007-12-13,XLK,27.049999237060547,27.100000381469727,26.81999969482422,26.93000030517578,2518800,20.996636557998002,0.0,1.0,yahoo,2023-12-13 16:42:26
2007-12-14,XLK,27.030000686645508,27.059999465942383,26.71999931335449,26.76000022888184,2107900,20.86409182066691,0.0,1.0,yahoo,2023-12-13 16:42:26
2007-12-17,XLK,26.530000686645508,26.700000762939453,26.170000076293945,26.25,1958400,20.466457608673615,0.0,1.0,yahoo,2023-12-13 16:42:26
2007-12-18,XLK,26.5,26.5,26.020000457763672,26.25,3387400,20.466457608673615,0.0,1.0,yahoo,2023-12-13 16:42:26
2007-12-19,XLK,26.459999084472656,26.46999931335449,26.170000076293945,26.420000076293945,1908300,20.59900234600471,0.0,1.0,yahoo,2023-12-13 16:42:26
2007-12-20,XLK,26.790000915527344,26.799999237060547,26.46999931335449,26.799999237060547,1928100,20.895278030391804,0.0,1.0,yahoo,2023-12-13 16:42:26
2007-12-21,XLK,26.89999961853028,27.049999237060547,26.850000381469727,27.020000457763672,3048800,21.163940401585293,0.123,1.0,yahoo,2023-12-13 16:42:26
2007-12-24,XLK,27.270000457763672,27.270000457763672,27.06999969482422,27.21999931335449,837100,21.320593391533453,0.0,1.0,yahoo,2023-12-13 16:42:26
2007-12-26,XLK,27.200000762939453,27.43000030517578,27.07999992370605,27.3700008392334,2401300,21.438085001454425,0.0,1.0,yahoo,2023-12-13 16:42:26
2007-12-27,XLK,27.209999084472656,27.3700008392334,26.88999938964844,26.989999771118164,1683700,21.140441780807524,0.0,1.0,yahoo,2023-12-13 16:42:26
2007-12-28,XLK,27.40999984741211,27.40999984741211,26.790000915527344,26.86000061035156,1062700,21.03861741203961,0.0,1.0,yahoo,2023-12-13 16:42:26
2007-12-31,XLK,26.989999771118164,26.989999771118164,26.549999237060547,26.65999984741211,1786700,20.88196292812357,0.0,1.0,yahoo,2023-12-13 16:42:26
2008-01-02,XLK,26.64999961853028,26.71999931335449,25.96999931335449,26.1200008392334,7460600,20.458998211898866,0.0,1.0,yahoo,2023-12-13 16:42:26
2008-01-03,XLK,26.290000915527344,26.290000915527344,25.940000534057617,26.15999984741211,2011000,20.490328212301346,0.0,1.0,yahoo,2023-12-13 16:42:26
2008-01-04,XLK,25.709999084472656,25.75,25.0,25.13999938964844,3892000,19.69139303347172,0.0,1.0,yahoo,2023-12-13 16:42:26
2008-01-07,XLK,24.959999084472656,25.18000030517578,24.64999961853028,24.920000076293945,5599200,19.519074296338374,0.0,1.0,yahoo,2023-12-13 16:42:26
2008-01-08,XLK,25.030000686645508,25.25,24.200000762939453,24.26000022888184,5294900,19.002116590970473,0.0,1.0,yahoo,2023-12-13 16:42:26
2008-01-09,XLK,24.1200008392334,24.63999938964844,24.049999237060547,24.600000381469727,5225000,19.26842831724701,0.0,1.0,yahoo,2023-12-13 16:42:26
2008-01-10,XLK,24.36000061035156,24.920000076293945,24.170000076293945,24.63999938964844,6524300,19.299758317649495,0.0,1.0,yahoo,2023-12-13 16:42:26
2008-01-11,XLK,24.61000061035156,24.6200008392334,24.07999992370605,24.280000686645508,3284300,19.017782338155648,0.0,1.0,yahoo,2023-12-13 16:42:26
2008-01-14,XLK,24.600000381469727,24.850000381469727,24.549999237060547,24.770000457763672,4135500,19.401584180385285,0.0,1.0,yahoo,2023-12-13 16:42:26
2008-01-15,XLK,24.57999992370605,24.6299991607666,24.170000076293945,24.25,3663100,18.99428371737788,0.0,1.0,yahoo,2023-12-13 16:42:26
2008-01-16,XLK,23.989999771118164,24.170000076293945,23.56999969482422,23.71999931335449,6687300,18.579150380777882,0.0,1.0,yahoo,2023-12-13 16:42:26
2008-01-17,XLK,23.81999969482422,24.030000686645508,23.309999465942383,23.51000022888184,5623500,18.414664517237135,0.0,1.0,yahoo,2023-12-13 16:42:26
2008-01-18,XLK,23.520000457763672,23.780000686645508,23.100000381469727,23.100000381469727,4556100,18.093524169780338,0.0,1.0,yahoo,2023-12-13 16:42:26
2008-01-22,XLK,20.5,22.8799991607666,19.76000022888184,22.670000076293945,8978800,17.756718075138366,0.0,1.0,yahoo,2023-12-13 16:42:26
2008-01-23,XLK,22.0,22.8700008392334,21.309999465942383,22.8700008392334,8362600,17.913372559054405,0.0,1.0,yahoo,2023-12-13 16:42:26
2008-01-24,XLK,23.020000457763672,23.200000762939453,22.670000076293945,23.200000762939453,4135200,18.17185141173836,0.0,1.0,yahoo,2023-12-13 16:42:26
2008-01-25,XLK,23.76000022888184,23.76000022888184,22.76000022888184,22.84000015258789,3913600,17.889873938276637,0.0,1.0,yahoo,2023-12-13 16:42:26
2008-01-28,XLK,22.75,22.989999771118164,22.56999969482422,22.940000534057617,2891100,17.968201180234658,0.0,1.0,yahoo,2023-12-13 16:42:26
2008-01-29,XLK,23.280000686645508,23.280000686645508,22.81999969482422,23.13999938964844,4257600,18.12485417018282,0.0,1.0,yahoo,2023-12-13 16:42:26
2008-01-30,XLK,22.950000762939453,23.5,22.950000762939453,22.959999084472656,5000700,17.983865433451957,0.0,1.0,yahoo,2023-12-13 16:42:26
2008-01-31,XLK,22.600000381469727,23.549999237060547,22.600000381469727,23.25,6044300,18.21101428573343,0.0,1.0,yahoo,2023-12-13 16:42:26
2008-02-01,XLK,23.57999992370605,23.65999984741211,23.229999542236328,23.64999961853028,3134900,18.52432175959764,0.0,1.0,yahoo,2023-12-13 16:42:26
2008-02-04,XLK,23.690000534057617,23.690000534057617,23.15999984741211,23.15999984741211,1960000,18.140519917368,0.0,1.0,yahoo,2023-12-13 16:42:26
2008-02-05,XLK,22.920000076293945,22.989999771118164,22.51000022888184,22.57999992370605,4144400,17.68622370677293,0.0,1.0,yahoo,2023-12-13 16:42:26
2008-02-06,XLK,22.61000061035156,22.790000915527344,22.209999084472656,22.32999992370605,6159500,17.49040634886182,0.0,1.0,yahoo,2023-12-13 16:42:26
2008-02-07,XLK,22.0,22.520000457763672,21.86000061035156,22.46999931335449,4758400,17.60006359122232,0.0,1.0,yahoo,2023-12-13 16:42:26
2008-02-08,XLK,22.32999992370605,22.530000686645508,22.18000030517578,22.299999237060547,4781800,17.466907728084053,0.0,1.0,yahoo,2023-12-13 16:42:26
2008-02-11,XLK,22.420000076293945,22.75,22.3799991607666,22.690000534057617,3191600,17.772383822323544,0.0,1.0,yahoo,2023-12-13 16:42:26
2008-02-12,XLK,22.979999542236328,22.979999542236328,22.559999465942383,22.739999771118164,4784100,17.811546696318615,0.0,1.0,yahoo,2023-12-13 16:42:26
2008-02-13,XLK,22.96999931335449,23.350000381469727,22.61000061035156,23.26000022888184,5757200,18.218847159326025,0.0,1.0,yahoo,2023-12-13 16:42:26
2008-02-14,XLK,23.420000076293945,23.420000076293945,22.799999237060547,22.799999237060547,3644800,17.858542443906277,0.0,1.0,yahoo,2023-12-13 16:42:26
2008-02-15,XLK,22.559999465942383,22.81999969482422,22.559999465942383,22.71999931335449,2312400,17.795880949133434,0.0,1.0,yahoo,2023-12-13 16:42:26
2008-02-19,XLK,22.76000022888184,22.989999771118164,22.239999771118164,22.51000022888184,2312200,17.631395085592686,0.0,1.0,yahoo,2023-12-13 16:42:26
2008-02-20,XLK,22.3799991607666,22.61000061035156,22.1200008392334,22.549999237060547,5785100,17.662725085995163,0.0,1.0,yahoo,2023-12-13 16:42:26
2008-02-21,XLK,22.770000457763672,22.81999969482422,22.239999771118164,22.51000022888184,3446800,17.631395085592686,0.0,1.0,yahoo,2023-12-13 16:42:26
2008-02-22,XLK,22.5,22.5,22.030000686645508,22.489999771118164,3003600,17.615729338407505,0.0,1.0,yahoo,2023-12-13 16:42:26
2008-02-25,XLK,22.40999984741211,22.690000534057617,22.309999465942383,22.6200008392334,2478600,17.717555201143295,0.0,1.0,yahoo,2023-12-13 16:42:26
2008-02-26,XLK,22.530000686645508,22.959999084472656,22.3799991607666,22.8799991607666,3099400,17.921203938679117,0.0,1.0,yahoo,2023-12-13 16:42:26
2008-02-27,XLK,22.81999969482422,23.049999237060547,22.549999237060547,22.89999961853028,2521500,17.936869685864302,0.0,1.0,yahoo,2023-12-13 16:42:26
2008-02-28,XLK,22.8799991607666,23.030000686645508,22.61000061035156,22.61000061035156,2705000,17.7097223275507,0.0,1.0,yahoo,2023-12-13 16:42:26
2008-02-29,XLK,22.489999771118164,22.63999938964844,22.14999961853028,22.14999961853028,4493500,17.349417612130967,0.0,1.0,yahoo,2023-12-13 16:42:26
2008-03-03,XLK,22.18000030517578,22.25,21.940000534057617,22.13999938964844,2920000,17.341584738538373,0.0,1.0,yahoo,2023-12-13 16:42:26
2008-03-04,XLK,21.89999961853028,22.21999931335449,21.729999542236328,22.170000076293945,4308900,17.36508335931614,0.0,1.0,yahoo,2023-12-13 16:42:26
2008-03-05,XLK,22.350000381469727,22.520000457763672,22.1299991607666,22.32999992370605,5299400,17.49040634886182,0.0,1.0,yahoo,2023-12-13 16:42:26
2008-03-06,XLK,22.43000030517578,22.43000030517578,21.93000030517578,22.020000457763672,3017300,17.24759324336305,0.0,1.0,yahoo,2023-12-13 16:42:26
2008-03-07,XLK,21.729999542236328,22.25,21.690000534057617,22.020000457763672,4614400,17.24759324336305,0.0,1.0,yahoo,2023-12-13 16:42:26
2008-03-10,XLK,21.959999084472656,22.07999992370605,21.709999084472656,21.780000686645508,9308900,17.05960875904453,0.0,1.0,yahoo,2023-12-13 16:42:26
2008-03-11,XLK,22.13999938964844,22.549999237060547,21.86000061035156,22.549999237060547,5311900,17.662725085995163,0.0,1.0,yahoo,2023-12-13 16:42:26
2008-03-12,XLK,22.600000381469727,22.670000076293945,22.26000022888184,22.31999969482422,4402700,17.482573475269234,0.0,1.0,yahoo,2023-12-13 16:42:26
2008-03-13,XLK,21.979999542236328,22.520000457763672,21.84000015258789,22.229999542236328,3913600,17.412079106903803,0.0,1.0,yahoo,2023-12-13 16:42:26
2008-03-14,XLK,22.3799991607666,22.51000022888184,21.709999084472656,21.950000762939453,8236900,17.1927646221828,0.0,1.0,yahoo,2023-12-13 16:42:26
2008-03-17,XLK,21.18000030517578,22.11000061035156,21.11000061035156,21.850000381469727,5716000,17.11443738022478,0.0,1.0,yahoo,2023-12-13 16:42:26
2008-03-18,XLK,22.3700008392334,22.82999992370605,22.030000686645508,22.82999992370605,6112100,17.882041064684046,0.0,1.0,yahoo,2023-12-13 16:42:26
2008-03-19,XLK,22.75,22.790000915527344,22.100000381469727,22.14999961853028,7411300,17.349417612130967,0.0,1.0,yahoo,2023-12-13 16:42:26
2008-03-20,XLK,22.030000686645508,22.540000915527344,22.030000686645508,22.38999938964844,6987100,17.54215392152135,0.006,1.0,yahoo,2023-12-13 16:42:26
2008-03-24,XLK,22.770000457763672,23.299999237060547,22.670000076293945,23.18000030517578,4051000,18.161105151360623,0.0,1.0,yahoo,2023-12-13 16:42:26
2008-03-25,XLK,23.26000022888184,23.270000457763672,22.96999931335449,23.200000762939453,3312400,18.176775143238935,0.0,1.0,yahoo,2023-12-13 16:42:26
2008-03-26,XLK,23.15999984741211,23.15999984741211,22.700000762939453,22.75,6453900,17.824207797840277,0.0,1.0,yahoo,2023-12-13 16:42:26
2008-03-27,XLK,22.729999542236328,22.8799991607666,22.440000534057617,22.56999969482422,7106700,17.683180859680814,0.0,1.0,yahoo,2023-12-13 16:42:26
2008-03-28,XLK,22.71999931335449,22.799999237060547,22.34000015258789,22.43000030517578,4459300,17.573493905277974,0.0,1.0,yahoo,2023-12-13 16:42:26
2008-03-31,XLK,22.520000457763672,22.690000534057617,22.36000061035156,22.39999961853028,5812200,17.54998891746051,0.0,1.0,yahoo,2023-12-13 16:42:26
2008-04-01,XLK,22.920000076293945,23.38999938964844,22.75,23.049999237060547,7669100,18.059251698524264,0.0,1.0,yahoo,2023-12-13 16:42:26
2008-04-02,XLK,23.3700008392334,23.540000915527344,23.09000015258789,23.32999992370605,3689500,18.27862710170261,0.0,1.0,yahoo,2023-12-13 16:42:26
2008-04-03,XLK,23.190000534057617,23.39999961853028,23.020000457763672,23.31999969482422,6509200,18.27079210576346,0.0,1.0,yahoo,2023-12-13 16:42:26
2008-04-04,XLK,23.36000061035156,23.450000762939453,23.06999969482422,23.239999771118164,4081300,18.208113632622883,0.0,1.0,yahoo,2023-12-13 16:42:26
2008-04-07,XLK,23.32999992370605,23.520000457763672,23.209999084472656,23.26000022888184,1985300,18.2237836245012,0.0,1.0,yahoo,2023-12-13 16:42:26
2008-04-08,XLK,23.09000015258789,23.18000030517578,22.979999542236328,23.1200008392334,2200500,18.11409667009836,0.0,1.0,yahoo,2023-12-13 16:42:26
2008-04-09,XLK,23.13999938964844,23.13999938964844,22.770000457763672,23.020000457763672,1916100,18.03574820507947,0.0,1.0,yahoo,2023-12-13 16:42:26
2008-04-10,XLK,22.96999931335449,23.36000061035156,22.96999931335449,23.209999084472656,2213200,18.184608644805415,0.0,1.0,yahoo,2023-12-13 16:42:26
2008-04-11,XLK,22.989999771118164,23.020000457763672,22.549999237060547,22.59000015258789,7223800,17.698850851559126,0.0,1.0,yahoo,2023-12-13 16:42:26
2008-04-14,XLK,22.59000015258789,22.739999771118164,22.46999931335449,22.5,2192900,17.628337382479394,0.0,1.0,yahoo,2023-12-13 16:42:26
2008-04-15,XLK,22.56999969482422,22.6200008392334,22.309999465942383,22.5,4505600,17.628337382479394,0.0,1.0,yahoo,2023-12-13 16:42:26
2008-04-16,XLK,22.82999992370605,23.420000076293945,22.780000686645508,23.420000076293945,4649100,18.349140570782346,0.0,1.0,yahoo,2023-12-13 16:42:26
2008-04-17,XLK,23.190000534057617,23.420000076293945,23.0,23.40999984741211,2924700,18.34130557484319,0.0,1.0,yahoo,2023-12-13 16:42:26
2008-04-18,XLK,23.809999465942383,23.950000762939453,23.6299991607666,23.81999969482422,2763700,18.662532936485224,0.0,1.0,yahoo,2023-12-13 16:42:26
2008-04-21,XLK,23.76000022888184,24.01000022888184,23.700000762939453,23.96999931335449,5295100,18.780054886827216,0.0,1.0,yahoo,2023-12-13 16:42:26
2008-04-22,XLK,23.93000030517578,23.940000534057617,23.600000381469727,23.850000381469727,5081000,18.686037924302692,0.0,1.0,yahoo,2023-12-13 16:42:26
2008-04-23,XLK,23.8700008392334,24.15999984741211,23.84000015258789,24.0,3719900,18.803559874644687,0.0,1.0,yahoo,2023-12-13 16:42:26
2008-04-24,XLK,24.209999084472656,24.56999969482422,23.950000762939453,24.290000915527344,3315000,19.030770273762194,0.0,1.0,yahoo,2023-12-13 16:42:26
2008-04-25,XLK,24.309999465942383,24.38999938964844,23.81999969482422,24.0,5657800,18.803559874644687,0.0,1.0,yahoo,2023-12-13 16:42:26
2008-04-28,XLK,24.450000762939453,24.450000762939453,23.96999931335449,24.0,10221900,18.803559874644687,0.0,1.0,yahoo,2023-12-13 16:42:26
2008-04-29,XLK,24.059999465942383,24.309999465942383,24.01000022888184,24.229999542236328,2908900,18.983760298127255,0.0,1.0,yahoo,2023-12-13 16:42:26
2008-04-30,XLK,24.299999237060547,24.479999542236328,23.799999237060547,23.799999237060547,3281800,18.64686294460691,0.0,1.0,yahoo,2023-12-13 16:42:26
2008-05-01,XLK,24.170000076293945,24.850000381469727,24.13999938964844,24.799999237060547,7592300,19.43034460605044,0.0,1.0,yahoo,2023-12-13 16:42:26
2008-05-02,XLK,25.01000022888184,25.01000022888184,24.57999992370605,24.790000915527344,6489500,19.42251110448396,0.0,1.0,yahoo,2023-12-13 16:42:26
2008-05-05,XLK,24.84000015258789,24.88999938964844,24.57999992370605,24.68000030517578,1536500,19.336327643525912,0.0,1.0,yahoo,2023-12-13 16:42:26
2008-05-06,XLK,24.600000381469727,25.020000457763672,24.459999084472656,24.979999542236328,3498400,19.571371544209903,0.0,1.0,yahoo,2023-12-13 16:42:26
2008-05-07,XLK,24.86000061035156,25.040000915527344,24.43000030517578,24.540000915527344,4704800,19.226640689123077,0.0,1.0,yahoo,2023-12-13 16:42:26
2008-05-08,XLK,24.63999938964844,24.76000022888184,24.46999931335449,24.57999992370605,7467100,19.257979178507025,0.0,1.0,yahoo,2023-12-13 16:42:26
2008-05-09,XLK,24.479999542236328,24.6299991607666,24.290000915527344,24.5,2924900,19.19530070536645,0.0,1.0,yahoo,2023-12-13 16:42:26
2008-05-12,XLK,24.600000381469727,24.89999961853028,24.520000457763672,24.89999961853028,1651100,19.50869307106933,0.0,1.0,yahoo,2023-12-13 16:42:26
2008-05-13,XLK,24.780000686645508,24.920000076293945,24.68000030517578,24.89999961853028,5497000,19.50869307106933,0.0,1.0,yahoo,2023-12-13 16:42:26
2008-05-14,XLK,25.020000457763672,25.309999465942383,24.940000534057617,24.950000762939453,4226000,19.54786805076511,0.0,1.0,yahoo,2023-12-13 16:42:26
2008-05-15,XLK,24.96999931335449,25.479999542236328,24.940000534057617,25.43000030517578,2793000,19.92393888960856,0.0,1.0,yahoo,2023-12-13 16:42:26
2008-05-16,XLK,25.5,25.5,25.14999961853028,25.3700008392334,3631700,19.876930408346297,0.0,1.0,yahoo,2023-12-13 16:42:26
2008-05-19,XLK,25.479999542236328,25.690000534057617,25.26000022888184,25.5,4212200,19.97878236680998,0.0,1.0,yahoo,2023-12-13 16:42:26
2008-05-20,XLK,25.25,25.25,24.84000015258789,25.100000381469727,3115200,19.665390001107102,0.0,1.0,yahoo,2023-12-13 16:42:26
2008-05-21,XLK,24.950000762939453,25.100000381469727,24.43000030517578,24.440000534057617,4220300,19.14829222410419,0.0,1.0,yahoo,2023-12-13 16:42:26
2008-05-22,XLK,24.520000457763672,24.770000457763672,24.5,24.530000686645508,2748400,19.21880569318392,0.0,1.0,yahoo,2023-12-13 16:42:26
2008-05-23,XLK,24.5,24.600000381469727,24.309999465942383,24.479999542236328,3024300,19.179630713488137,0.0,1.0,yahoo,2023-12-13 16:42:26
2008-05-27,XLK,24.440000534057617,24.920000076293945,24.440000534057617,24.8799991607666,2569200,19.493023079191016,0.0,1.0,yahoo,2023-12-13 16:42:26
2008-05-28,XLK,25.020000457763672,25.049999237060547,24.76000022888184,25.020000457763672,5004100,19.602711527966527,0.0,1.0,yahoo,2023-12-13 16:42:26
2008-05-29,XLK,25.030000686645508,25.34000015258789,24.920000076293945,25.200000762939453,2510900,19.74373846612599,0.0,1.0,yahoo,2023-12-13 16:42:26
2008-05-30,XLK,25.31999969482422,25.450000762939453,25.25,25.350000381469727,2739400,19.861260416467985,0.0,1.0,yahoo,2023-12-13 16:42:26
2008-06-02,XLK,25.280000686645508,25.290000915527344,24.780000686645508,24.989999771118164,3548800,19.57920654014906,0.0,1.0,yahoo,2023-12-13 16:42:26
2008-06-03,XLK,25.030000686645508,25.239999771118164,24.65999984741211,24.850000381469727,5067500,19.46951958574622,0.0,1.0,yahoo,2023-12-13 16:42:26
2008-06-04,XLK,24.76000022888184,25.1200008392334,24.729999542236328,24.89999961853028,4943800,19.50869307106933,0.0,1.0,yahoo,2023-12-13 16:42:26
2008-06-05,XLK,25.049999237060547,25.51000022888184,25.0,25.40999984741211,3950700,19.90826889773025,0.0,1.0,yahoo,2023-12-13 16:42:26
2008-06-06,XLK,25.290000915527344,25.290000915527344,24.71999931335449,24.71999931335449,6360500,19.36766613290986,0.0,1.0,yahoo,2023-12-13 16:42:26
2008-06-09,XLK,24.89999961853028,24.89999961853028,24.40999984741211,24.670000076293945,4081300,19.328492647586756,0.0,1.0,yahoo,2023-12-13 16:42:26
2008-06-10,XLK,24.32999992370605,24.76000022888184,24.299999237060547,24.559999465942383,4283900,19.242309186628713,0.0,1.0,yahoo,2023-12-13 16:42:26
2008-06-11,XLK,24.440000534057617,24.46999931335449,23.93000030517578,23.93000030517578,5722300,18.748716397443268,0.0,1.0,yahoo,2023-12-13 16:42:26
2008-06-12,XLK,24.100000381469727,24.350000381469727,23.8799991607666,24.200000762939453,5025500,18.960256804682462,0.0,1.0,yahoo,2023-12-13 16:42:26
2008-06-13,XLK,24.26000022888184,24.600000381469727,24.14999961853028,24.459999084472656,3231400,19.163960721609826,0.0,1.0,yahoo,2023-12-13 16:42:26
2008-06-16,XLK,24.39999961853028,24.68000030517578,24.280000686645508,24.520000457763672,2463600,19.210970697244765,0.0,1.0,yahoo,2023-12-13 16:42:26
2008-06-17,XLK,24.65999984741211,24.670000076293945,24.36000061035156,24.420000076293945,4050000,19.132622232225874,0.0,1.0,yahoo,2023-12-13 16:42:26
2008-06-18,XLK,24.26000022888184,24.290000915527344,24.020000457763672,24.15999984741211,4429000,18.92891682092584,0.0,1.0,yahoo,2023-12-13 16:42:26
2008-06-19,XLK,24.020000457763672,24.489999771118164,23.82999992370605,24.25,6326300,18.99943029000557,0.0,1.0,yahoo,2023-12-13 16:42:26
2008-06-20,XLK,24.13999938964844,24.13999938964844,23.56999969482422,23.75,6458100,18.660786129094422,0.069,1.0,yahoo,2023-12-13 16:42:26
2008-06-23,XLK,23.75,23.809999465942383,23.440000534057617,23.530000686645508,4179200,18.48792886024997,0.0,1.0,yahoo,2023-12-13 16:42:26
2008-06-24,XLK,23.440000534057617,23.75,23.200000762939453,23.5,5485600,18.464356801419743,0.0,1.0,yahoo,2023-12-13 16:42:26
2008-06-25,XLK,23.559999465942383,24.06999969482422,23.559999465942383,23.700000762939453,5132100,18.621500863014223,0.0,1.0,yahoo,2023-12-13 16:42:26
2008-06-26,XLK,23.479999542236328,23.530000686645508,22.809999465942383,23.25,5348700,18.267927473745065,0.0,1.0,yahoo,2023-12-13 16:42:26
2008-06-27,XLK,22.989999771118164,23.059999465942383,22.63999938964844,22.940000534057617,9405000,18.02435552704678,0.0,1.0,yahoo,2023-12-13 16:42:26
2008-06-30,XLK,22.799999237060547,23.059999465942383,22.739999771118164,22.90999984741211,4765400,18.000783468216557,0.0,1.0,yahoo,2023-12-13 16:42:26
2008-07-01,XLK,22.63999938964844,22.89999961853028,22.420000076293945,22.75,9249200,17.87506881839571,0.0,1.0,yahoo,2023-12-13 16:42:26
2008-07-02,XLK,22.88999938964844,22.979999542236328,22.39999961853028,22.450000762939453,6501500,17.639354224640833,0.0,1.0,yahoo,2023-12-13 16:42:26
2008-07-03,XLK,22.549999237060547,22.6200008392334,22.229999542236328,22.350000381469727,4289200,17.560782193843593,0.0,1.0,yahoo,2023-12-13 16:42:26
2008-07-07,XLK,22.600000381469727,22.88999938964844,22.229999542236328,22.600000381469727,6852800,17.757211521518272,0.0,1.0,yahoo,2023-12-13 16:42:26
2008-07-08,XLK,22.549999237060547,22.850000381469727,22.440000534057617,22.82999992370605,6674100,17.937926143306132,0.0,1.0,yahoo,2023-12-13 16:42:26
2008-07-09,XLK,22.809999465942383,22.809999465942383,22.100000381469727,22.14999961853028,5942900,17.40363813224912,0.0,1.0,yahoo,2023-12-13 16:42:26
2008-07-10,XLK,22.239999771118164,22.459999084472656,22.0,22.43000030517578,6520300,17.623639518754015,0.0,1.0,yahoo,2023-12-13 16:42:26
2008-07-11,XLK,22.209999084472656,22.540000915527344,21.920000076293945,22.21999931335449,13322600,17.458638104216128,0.0,1.0,yahoo,2023-12-13 16:42:26
2008-07-14,XLK,22.420000076293945,22.549999237060547,21.93000030517578,22.049999237060547,11831200,17.325066101451878,0.0,1.0,yahoo,2023-12-13 16:42:26
2008-07-15,XLK,21.790000915527344,22.3700008392334,21.57999992370605,22.0,11118900,17.285780835371675,0.0,1.0,yahoo,2023-12-13 16:42:26
2008-07-16,XLK,22.11000061035156,22.479999542236328,21.8700008392334,22.31999969482422,6859400,17.53721013501337,0.0,1.0,yahoo,2023-12-13 16:42:26
2008-07-17,XLK,22.600000381469727,22.81999969482422,22.34000015258789,22.549999237060547,13009700,17.71792475680123,0.0,1.0,yahoo,2023-12-13 16:42:26
2008-07-18,XLK,22.68000030517578,22.799999237060547,22.18000030517578,22.799999237060547,9669200,17.91435408447591,0.0,1.0,yahoo,2023-12-13 16:42:26
2008-07-21,XLK,22.530000686645508,22.540000915527344,22.18000030517578,22.350000381469727,4975100,17.560782193843593,0.0,1.0,yahoo,2023-12-13 16:42:26
2008-07-22,XLK,21.89999961853028,22.229999542236328,21.75,22.229999542236328,7772800,17.46649545715954,0.0,1.0,yahoo,2023-12-13 16:42:26
2008-07-23,XLK,22.39999961853028,22.780000686645508,22.290000915527344,22.6299991607666,8194700,17.780782081711656,0.0,1.0,yahoo,2023-12-13 16:42:26
2008-07-24,XLK,22.71999931335449,22.729999542236328,22.049999237060547,22.049999237060547,6340000,17.325066101451878,0.0,1.0,yahoo,2023-12-13 16:42:26
2008-07-25,XLK,22.36000061035156,22.43000030517578,22.13999938964844,22.36000061035156,10109400,17.568639546786997,0.0,1.0,yahoo,2023-12-13 16:42:26
2008-07-28,XLK,22.3700008392334,22.3700008392334,21.8700008392334,21.88999938964844,5131600,17.19935145163103,0.0,1.0,yahoo,2023-12-13 16:42:26
2008-07-29,XLK,22.01000022888184,22.3799991607666,22.0,22.32999992370605,4322200,17.545067487956775,0.0,1.0,yahoo,2023-12-13 16:42:26
2008-07-30,XLK,22.420000076293945,22.520000457763672,22.15999984741211,22.479999542236328,7561200,17.662924784834217,0.0,1.0,yahoo,2023-12-13 16:42:26
2008-07-31,XLK,22.299999237060547,22.63999938964844,22.200000762939453,22.350000381469727,5926000,17.560782193843593,0.0,1.0,yahoo,2023-12-13 16:42:26
2008-08-01,XLK,22.479999542236328,22.479999542236328,21.959999084472656,22.100000381469727,8789600,17.364352866168915,0.0,1.0,yahoo,2023-12-13 16:42:26
2008-08-04,XLK,22.18000030517578,22.270000457763672,22.0,22.209999084472656,4525600,17.450780751272724,0.0,1.0,yahoo,2023-12-13 16:42:26
2008-08-05,XLK,22.270000457763672,22.709999084472656,22.170000076293945,22.6299991607666,4868900,17.780782081711656,0.0,1.0,yahoo,2023-12-13 16:42:26
2008-08-06,XLK,22.57999992370605,22.950000762939453,22.5,22.950000762939453,6127800,18.032212879990187,0.0,1.0,yahoo,2023-12-13 16:42:26
2008-08-07,XLK,22.780000686645508,23.06999969482422,22.6200008392334,22.90999984741211,8909000,18.000783468216557,0.0,1.0,yahoo,2023-12-13 16:42:26
2008-08-08,XLK,22.850000381469727,23.40999984741211,22.81999969482422,23.350000381469727,5891000,18.346499504542304,0.0,1.0,yahoo,2023-12-13 16:42:26
2008-08-11,XLK,23.40999984741211,23.790000915527344,23.270000457763672,23.5,5607200,18.464356801419743,0.0,1.0,yahoo,2023-12-13 16:42:26
2008-08-12,XLK,23.559999465942383,23.68000030517578,23.43000030517578,23.549999237060547,4812700,18.503642067499946,0.0,1.0,yahoo,2023-12-13 16:42:26
2008-08-13,XLK,23.530000686645508,23.6299991607666,23.25,23.459999084472656,4792900,18.432927389646114,0.0,1.0,yahoo,2023-12-13 16:42:26
2008-08-14,XLK,23.420000076293945,23.75,23.280000686645508,23.63999938964844,6264000,18.57435674535378,0.0,1.0,yahoo,2023-12-13 16:42:26
2008-08-15,XLK,23.68000030517578,23.82999992370605,23.520000457763672,23.729999542236328,4686300,18.645071423207607,0.0,1.0,yahoo,2023-12-13 16:42:26
2008-08-18,XLK,23.76000022888184,23.76000022888184,23.239999771118164,23.43000030517578,4839300,18.40935682945273,0.0,1.0,yahoo,2023-12-13 16:42:26
2008-08-19,XLK,23.26000022888184,23.31999969482422,22.96999931335449,23.020000457763672,5432400,18.087212851957204,0.0,1.0,yahoo,2023-12-13 16:42:26
2008-08-20,XLK,23.14999961853028,23.31999969482422,22.979999542236328,23.06999969482422,5539700,18.126498118037404,0.0,1.0,yahoo,2023-12-13 16:42:26
2008-08-21,XLK,22.96999931335449,23.1200008392334,22.81999969482422,22.979999542236328,4061200,18.05578344018357,0.0,1.0,yahoo,2023-12-13 16:42:26
2008-08-22,XLK,23.229999542236328,23.479999542236328,23.170000076293945,23.299999237060547,2932100,18.307212739825268,0.0,1.0,yahoo,2023-12-13 16:42:26
2008-08-25,XLK,23.229999542236328,23.32999992370605,22.950000762939453,23.0,6686300,18.07149814607039,0.0,1.0,yahoo,2023-12-13 16:42:26
2008-08-26,XLK,23.0,23.030000686645508,22.770000457763672,22.90999984741211,6112700,18.000783468216557,0.0,1.0,yahoo,2023-12-13 16:42:26
2008-08-27,XLK,23.0,23.26000022888184,22.88999938964844,23.1299991607666,3789800,18.173640737061014,0.0,1.0,yahoo,2023-12-13 16:42:26
2008-08-28,XLK,23.21999931335449,23.43000030517578,23.21999931335449,23.270000457763672,5322700,18.283642179631883,0.0,1.0,yahoo,2023-12-13 16:42:26
2008-08-29,XLK,23.100000381469727,23.18000030517578,22.75,22.75,8922400,17.87506881839571,0.0,1.0,yahoo,2023-12-13 16:42:26
2008-09-02,XLK,23.270000457763672,23.32999992370605,22.559999465942383,22.6200008392334,5718800,17.772926227405087,0.0,1.0,yahoo,2023-12-13 16:42:26
2008-09-03,XLK,22.549999237060547,22.6299991607666,22.190000534057617,22.31999969482422,6646400,17.53721013501337,0.0,1.0,yahoo,2023-12-13 16:42:26
2008-09-04,XLK,22.14999961853028,22.170000076293945,21.479999542236328,21.520000457763672,8902500,16.908636885909136,0.0,1.0,yahoo,2023-12-13 16:42:26
2008-09-05,XLK,21.36000061035156,21.68000030517578,21.25,21.520000457763672,7203100,16.908636885909136,0.0,1.0,yahoo,2023-12-13 16:42:26
2008-09-08,XLK,22.09000015258789,22.09000015258789,21.32999992370605,21.780000686645508,12666800,17.112923566527222,0.0,1.0,yahoo,2023-12-13 16:42:26
2008-09-09,XLK,21.700000762939453,21.950000762939453,21.309999465942383,21.39999961853028,8163200,16.814350149225085,0.0,1.0,yahoo,2023-12-13 16:42:26
2008-09-10,XLK,21.57999992370605,21.57999992370605,21.299999237060547,21.299999237060547,7447300,16.73577811842784,0.0,1.0,yahoo,2023-12-13 16:42:26
2008-09-11,XLK,21.15999984741211,21.64999961853028,20.959999084472656,21.64999961853028,9756300,17.010779476899764,0.0,1.0,yahoo,2023-12-13 16:42:26
2008-09-12,XLK,21.3799991607666,21.75,21.170000076293945,21.75,7184100,17.089351507696996,0.0,1.0,yahoo,2023-12-13 16:42:26
2008-09-15,XLK,20.920000076293945,21.440000534057617,20.700000762939453,20.700000762939453,20197700,16.264348930918086,0.0,1.0,yahoo,2023-12-13 16:42:26
2008-09-16,XLK,20.450000762939453,21.09000015258789,20.280000686645508,21.09000015258789,27426300,16.570778202526796,0.0,1.0,yahoo,2023-12-13 16:42:26
2008-09-17,XLK,20.5,20.65999984741211,18.979999542236328,19.920000076293945,22131600,15.651488889063828,0.0,1.0,yahoo,2023-12-13 16:42:26
2008-09-18,XLK,20.1299991607666,20.770000457763672,19.51000022888184,20.770000457763672,22785900,16.3193489028851,0.0,1.0,yahoo,2023-12-13 16:42:26
2008-09-19,XLK,22.229999542236328,22.229999542236328,20.850000381469727,20.850000381469727,11215600,16.43839911713561,0.071,1.0,yahoo,2023-12-13 16:42:26
2008-09-22,XLK,21.049999237060547,21.14999961853028,20.25,20.309999465942383,8852200,16.01265569216444,0.0,1.0,yahoo,2023-12-13 16:42:26
2008-09-23,XLK,20.40999984741211,20.809999465942383,20.059999465942383,20.299999237060547,16727200,16.004771387578604,0.0,1.0,yahoo,2023-12-13 16:42:26
2008-09-24,XLK,20.34000015258789,20.489999771118164,20.1299991607666,20.350000381469727,7084300,16.04419291050779,0.0,1.0,yahoo,2023-12-13 16:42:26
2008-09-25,XLK,20.46999931335449,21.020000457763672,20.3700008392334,20.700000762939453,14856900,16.32013755590273,0.0,1.0,yahoo,2023-12-13 16:42:26
2008-09-26,XLK,20.170000076293945,20.920000076293945,20.13999938964844,20.799999237060547,16681300,16.398977594206425,0.0,1.0,yahoo,2023-12-13 16:42:26
2008-09-29,XLK,20.31999969482422,20.440000534057617,18.959999084472656,19.0,20520800,14.979835851857203,0.0,1.0,yahoo,2023-12-13 16:42:26
2008-09-30,XLK,19.18000030517578,19.93000030517578,19.18000030517578,19.850000381469727,10347300,15.649986703879966,0.0,1.0,yahoo,2023-12-13 16:42:26
2008-10-01,XLK,19.68000030517578,19.770000457763672,19.280000686645508,19.670000076293945,13473700,15.508072228889576,0.0,1.0,yahoo,2023-12-13 16:42:26
2008-10-02,XLK,19.26000022888184,19.3799991607666,18.670000076293945,18.89999961853028,10857900,14.900994309776177,0.0,1.0,yahoo,2023-12-13 16:42:26
2008-10-03,XLK,19.059999465942383,19.530000686645508,18.549999237060547,18.6299991607666,13053800,14.688122597290587,0.0,1.0,yahoo,2023-12-13 16:42:26
2008-10-06,XLK,18.14999961853028,18.270000457763672,17.059999465942383,17.600000381469727,20373400,13.876058774054771,0.0,1.0,yahoo,2023-12-13 16:42:26
2008-10-07,XLK,18.049999237060547,18.06999969482422,16.700000762939453,16.700000762939453,14862500,13.166487902880162,0.0,1.0,yahoo,2023-12-13 16:42:26
2008-10-08,XLK,16.299999237060547,17.350000381469727,16.290000915527344,16.549999237060547,23804100,13.048224837869943,0.0,1.0,yahoo,2023-12-13 16:42:26
2008-10-09,XLK,16.8799991607666,17.1299991607666,15.300000190734863,16.0,23144700,12.614598612090276,0.0,1.0,yahoo,2023-12-13 16:42:26
2008-10-10,XLK,15.260000228881836,16.579999923706055,14.9399995803833,15.899999618530272,31529900,12.535757070009243,0.0,1.0,yahoo,2023-12-13 16:42:26
2008-10-13,XLK,16.780000686645508,17.760000228881836,16.450000762939453,17.760000228881836,16433100,14.002204639873487,0.0,1.0,yahoo,2023-12-13 16:42:26
2008-10-14,XLK,18.38999938964844,18.450000762939453,16.93000030517578,17.15999984741211,24416400,13.529156891164634,0.0,1.0,yahoo,2023-12-13 16:42:26
2008-10-15,XLK,17.020000457763672,17.049999237060547,15.84000015258789,15.869999885559082,17895900,12.512104908140403,0.0,1.0,yahoo,2023-12-13 16:42:26
2008-10-16,XLK,15.90999984741211,16.700000762939453,15.149999618530272,16.700000762939453,19919300,13.166487902880162,0.0,1.0,yahoo,2023-12-13 16:42:26
2008-10-17,XLK,16.420000076293945,17.290000915527344,16.1299991607666,16.540000915527344,15632400,13.040342037061446,0.0,1.0,yahoo,2023-12-13 16:42:26
2008-10-20,XLK,16.799999237060547,17.200000762939453,16.3799991607666,17.200000762939453,18867500,13.560694109507983,0.0,1.0,yahoo,2023-12-13 16:42:26
2008-10-21,XLK,16.93000030517578,17.040000915527344,16.200000762939453,16.299999237060547,10004100,12.851121734556033,0.0,1.0,yahoo,2023-12-13 16:42:26
2008-10-22,XLK,16.139999389648438,16.139999389648438,15.050000190734863,15.449999809265137,11394800,12.180971634421939,0.0,1.0,yahoo,2023-12-13 16:42:26
2008-10-23,XLK,15.529999732971191,15.880000114440918,14.800000190734863,15.800000190734863,18529800,12.456916279816882,0.0,1.0,yahoo,2023-12-13 16:42:26
2008-10-24,XLK,14.34000015258789,15.529999732971191,14.289999961853027,15.0600004196167,14136100,11.873491274460987,0.0,1.0,yahoo,2023-12-13 16:42:26
2008-10-27,XLK,14.899999618530272,15.539999961853027,14.600000381469728,14.75,8752300,11.629083095520723,0.0,1.0,yahoo,2023-12-13 16:42:26
2008-10-28,XLK,15.229999542236328,16.799999237060547,14.960000038146973,16.799999237060547,12089000,13.245327941183854,0.0,1.0,yahoo,2023-12-13 16:42:26
2008-10-29,XLK,16.549999237060547,16.8700008392334,16.1200008392334,16.149999618530273,16558800,12.732860173323155,0.0,1.0,yahoo,2023-12-13 16:42:26
2008-10-30,XLK,16.649999618530273,16.90999984741211,16.280000686645508,16.75,19154200,13.205907922032008,0.0,1.0,yahoo,2023-12-13 16:42:26
2008-10-31,XLK,16.3799991607666,17.020000457763672,16.350000381469727,16.649999618530273,23454800,13.127066379950977,0.0,1.0,yahoo,2023-12-13 16:42:26
2008-11-03,XLK,16.690000534057617,16.84000015258789,16.520000457763672,16.649999618530273,6774100,13.127066379950977,0.0,1.0,yahoo,2023-12-13 16:42:26
2008-11-04,XLK,16.959999084472656,17.450000762939453,16.84000015258789,17.350000381469727,12224000,13.67895567074086,0.0,1.0,yahoo,2023-12-13 16:42:26
2008-11-05,XLK,17.010000228881836,17.139999389648438,16.270000457763672,16.299999237060547,9039400,12.851121734556033,0.0,1.0,yahoo,2023-12-13 16:42:26
2008-11-06,XLK,16.110000610351562,16.219999313354492,15.279999732971191,15.399999618530272,11912500,12.141550863381422,0.0,1.0,yahoo,2023-12-13 16:42:26
2008-11-07,XLK,15.609999656677246,15.93000030517578,15.539999961853027,15.84000015258789,9216200,12.48845274627156,0.0,1.0,yahoo,2023-12-13 16:42:26
2008-11-10,XLK,16.219999313354492,16.219999313354492,15.479999542236328,15.670000076293944,6290200,12.354422575867007,0.0,1.0,yahoo,2023-12-13 16:42:26
2008-11-11,XLK,15.579999923706056,15.630000114440918,15.130000114440918,15.329999923706056,15270400,12.086362235057903,0.0,1.0,yahoo,2023-12-13 16:42:26
2008-11-12,XLK,15.06999969482422,15.140000343322754,14.56999969482422,14.609999656677246,7418500,11.518705086985012,0.0,1.0,yahoo,2023-12-13 16:42:26
2008-11-13,XLK,14.56999969482422,15.5600004196167,13.869999885559082,15.520000457763672,14719000,12.23616101463413,0.0,1.0,yahoo,2023-12-13 16:42:26
2008-11-14,XLK,15.170000076293944,15.56999969482422,14.699999809265137,14.8100004196167,11080000,11.676388171147076,0.0,1.0,yahoo,2023-12-13 16:42:26
2008-11-17,XLK,14.5600004196167,14.880000114440918,14.329999923706056,14.390000343322754,9569400,11.345254897428614,0.0,1.0,yahoo,2023-12-13 16:42:26
2008-11-18,XLK,14.449999809265137,14.670000076293944,14.0,14.59000015258789,8096000,11.502937229702008,0.0,1.0,yahoo,2023-12-13 16:42:26
2008-11-19,XLK,14.56999969482422,14.75,13.75,13.779999732971191,8251100,10.864322844133923,0.0,1.0,yahoo,2023-12-13 16:42:26
2008-11-20,XLK,13.56999969482422,14.239999771118164,13.079999923706056,13.1899995803833,19011700,10.399159400010907,0.0,1.0,yahoo,2023-12-13 16:42:26
2008-11-21,XLK,13.350000381469728,13.890000343322754,12.9399995803833,13.890000343322754,20149200,10.951048690800793,0.0,1.0,yahoo,2023-12-13 16:42:26
2008-11-24,XLK,14.170000076293944,14.90999984741211,14.050000190734863,14.56999969482422,11938500,11.487168620530335,0.0,1.0,yahoo,2023-12-13 16:42:26
2008-11-25,XLK,14.890000343322754,15.0600004196167,14.289999961853027,14.770000457763672,12861700,11.644851704692398,0.0,1.0,yahoo,2023-12-13 16:42:26
2008-11-26,XLK,14.390000343322754,15.279999732971191,14.359999656677246,15.229999542236328,8758200,12.00752069297687,0.0,1.0,yahoo,2023-12-13 16:42:26
2008-11-28,XLK,14.970000267028809,15.329999923706056,14.970000267028809,15.25,1859000,12.023289302148545,0.0,1.0,yahoo,2023-12-13 16:42:26
2008-12-01,XLK,14.970000267028809,14.979999542236328,14.140000343322754,14.149999618530272,6298000,11.15603534681187,0.0,1.0,yahoo,2023-12-13 16:42:26
2008-12-02,XLK,14.40999984741211,14.710000038146973,14.149999618530272,14.649999618530272,8004600,11.55024155343969,0.0,1.0,yahoo,2023-12-13 16:42:26
2008-12-03,XLK,14.34000015258789,15.100000381469728,14.300000190734863,15.06999969482422,9659900,11.881374827158156,0.0,1.0,yahoo,2023-12-13 16:42:26
2008-12-04,XLK,14.760000228881836,15.0600004196167,14.25,14.460000038146973,10062500,11.400443525752134,0.0,1.0,yahoo,2023-12-13 16:42:26
2008-12-05,XLK,14.3100004196167,15.06999969482422,14.020000457763672,15.029999732971191,10401700,11.849838360703476,0.0,1.0,yahoo,2023-12-13 16:42:26
2008-12-08,XLK,15.390000343322754,15.9399995803833,15.270000457763672,15.729999542236328,9407000,12.401726899604691,0.0,1.0,yahoo,2023-12-13 16:42:26
2008-12-09,XLK,15.489999771118164,16.079999923706055,15.449999809265137,15.630000114440918,8168300,12.322886109412329,0.0,1.0,yahoo,2023-12-13 16:42:26
2008-12-10,XLK,15.699999809265137,15.880000114440918,15.40999984741211,15.5,6983200,12.220392405462455,0.0,1.0,yahoo,2023-12-13 16:42:26
2008-12-11,XLK,15.380000114440918,15.68000030517578,15.06999969482422,15.170000076293944,17680900,11.960216369239186,0.0,1.0,yahoo,2023-12-13 16:42:26
2008-12-12,XLK,14.729999542236328,15.550000190734863,14.710000038146973,15.350000381469728,7850100,12.102130844229578,0.0,1.0,yahoo,2023-12-13 16:42:26
2008-12-15,XLK,15.489999771118164,15.489999771118164,14.949999809265137,15.18000030517578,5570200,11.968100673825022,0.0,1.0,yahoo,2023-12-13 16:42:26
2008-12-16,XLK,15.970000267028809,15.970000267028809,15.260000228881836,15.970000267028809,9825600,12.590946450221434,0.0,1.0,yahoo,2023-12-13 16:42:26
2008-12-17,XLK,15.699999809265137,15.890000343322754,15.4399995803833,15.65999984741211,8154600,12.34653827128117,0.0,1.0,yahoo,2023-12-13 16:42:26
2008-12-18,XLK,15.710000038146973,15.739999771118164,15.149999618530272,15.220000267028809,8842100,11.999637140279702,0.0,1.0,yahoo,2023-12-13 16:42:26
2008-12-19,XLK,15.420000076293944,15.609999656677246,15.270000457763672,15.270000457763672,17321100,12.103471919749873,0.081,1.0,yahoo,2023-12-13 16:42:26
2008-12-22,XLK,15.289999961853027,15.350000381469728,14.800000190734863,15.0600004196167,7908000,11.93701943195273,0.0,1.0,yahoo,2023-12-13 16:42:26
2008-12-23,XLK,15.1899995803833,15.270000457763672,14.84000015258789,14.850000381469728,5585300,11.770566944155588,0.0,1.0,yahoo,2023-12-13 16:42:26
2008-12-24,XLK,14.989999771118164,15.020000457763672,14.920000076293944,14.949999809265137,1663300,11.849829565637528,0.0,1.0,yahoo,2023-12-13 16:42:26
2008-12-26,XLK,15.010000228881836,15.06999969482422,14.93000030517578,14.93000030517578,2123700,11.833977343705774,0.0,1.0,yahoo,2023-12-13 16:42:26
2008-12-29,XLK,15.06999969482422,15.06999969482422,14.720000267028809,14.9399995803833,3008200,11.841903076715857,0.0,1.0,yahoo,2023-12-13 16:42:26
2008-12-30,XLK,14.979999542236328,15.270000457763672,14.979999542236328,15.220000267028809,4272900,12.063840231053108,0.0,1.0,yahoo,2023-12-13 16:42:26
2008-12-31,XLK,15.279999732971191,15.59000015258789,15.210000038146973,15.40999984741211,4138700,12.21443974100691,0.0,1.0,yahoo,2023-12-13 16:42:26
2009-01-02,XLK,15.5,16.06999969482422,15.380000114440918,15.989999771118164,4479800,12.674165515701576,0.0,1.0,yahoo,2023-12-13 16:42:26
2009-01-05,XLK,15.890000343322754,16.040000915527344,15.720000267028809,15.9399995803833,6265700,12.63453382700481,0.0,1.0,yahoo,2023-12-13 16:42:26
2009-01-06,XLK,16.1200008392334,16.450000762939453,16.040000915527344,16.309999465942383,8426900,12.927807113902333,0.0,1.0,yahoo,2023-12-13 16:42:26
2009-01-07,XLK,16.059999465942383,16.059999465942383,15.670000076293944,15.789999961853027,6211000,12.515639516826102,0.0,1.0,yahoo,2023-12-13 16:42:26
2009-01-08,XLK,15.68000030517578,15.93000030517578,15.59000015258789,15.899999618530272,5710800,12.602828627229714,0.0,1.0,yahoo,2023-12-13 16:42:26
2009-01-09,XLK,15.899999618530272,15.9399995803833,15.489999771118164,15.550000190734863,3942800,12.325408318175535,0.0,1.0,yahoo,2023-12-13 16:42:26
2009-01-12,XLK,15.600000381469728,15.600000381469728,15.149999618530272,15.270000457763672,5129600,12.103471919749873,0.0,1.0,yahoo,2023-12-13 16:42:26
2009-01-13,XLK,15.31999969482422,15.40999984741211,15.079999923706056,15.199999809265137,8654200,12.047987253209767,0.0,1.0,yahoo,2023-12-13 16:42:26
2009-01-14,XLK,15.029999732971191,15.109999656677246,14.65999984741211,14.739999771118164,8512900,11.683377077840385,0.0,1.0,yahoo,2023-12-13 16:42:26
2009-01-15,XLK,14.729999542236328,14.970000267028809,14.369999885559082,14.84000015258789,7652300,11.762640455233916,0.0,1.0,yahoo,2023-12-13 16:42:26
2009-01-16,XLK,15.119999885559082,15.15999984741211,14.630000114440918,14.9399995803833,7446400,11.841903076715857,0.0,1.0,yahoo,2023-12-13 16:42:26
2009-01-20,XLK,14.90999984741211,14.979999542236328,14.300000190734863,14.329999923706056,16858100,11.35839859116777,0.0,1.0,yahoo,2023-12-13 16:42:26
2009-01-21,XLK,14.68000030517578,15.029999732971191,14.449999809265137,15.020000457763672,5862400,11.905314232177636,0.0,1.0,yahoo,2023-12-13 16:42:26
2009-01-22,XLK,14.699999809265137,14.93000030517578,14.4399995803833,14.68000030517578,7493000,11.635819656133537,0.0,1.0,yahoo,2023-12-13 16:42:26
2009-01-23,XLK,14.40999984741211,15.15999984741211,14.390000343322754,14.890000343322754,7437300,11.802272143930681,0.0,1.0,yahoo,2023-12-13 16:42:26
2009-01-26,XLK,14.979999542236328,15.350000381469728,14.9399995803833,15.06999969482422,7342800,11.944945164962814,0.0,1.0,yahoo,2023-12-13 16:42:26
2009-01-27,XLK,15.119999885559082,15.329999923706056,15.010000228881836,15.15999984741211,6140500,12.016282053434672,0.0,1.0,yahoo,2023-12-13 16:42:26
2009-01-28,XLK,15.390000343322754,15.779999732971191,15.3100004196167,15.59000015258789,7136400,12.35711351795063,0.0,1.0,yahoo,2023-12-13 16:42:26
2009-01-29,XLK,15.449999809265137,15.449999809265137,15.0600004196167,15.130000114440918,5074900,11.992503342581248,0.0,1.0,yahoo,2023-12-13 16:42:26
2009-01-30,XLK,15.210000038146973,15.210000038146973,14.68000030517578,14.68000030517578,5074400,11.635819656133537,0.0,1.0,yahoo,2023-12-13 16:42:26
2009-02-02,XLK,14.600000381469728,15.109999656677246,14.5600004196167,14.90999984741211,4930300,11.818124365862433,0.0,1.0,yahoo,2023-12-13 16:42:26
2009-02-03,XLK,14.979999542236328,15.279999732971191,14.789999961853027,15.210000038146973,6325900,12.055913742131438,0.0,1.0,yahoo,2023-12-13 16:42:26
2009-02-04,XLK,15.25,15.640000343322754,15.170000076293944,15.199999809265137,5773900,12.047987253209767,0.0,1.0,yahoo,2023-12-13 16:42:26
2009-02-05,XLK,15.029999732971191,15.630000114440918,14.989999771118164,15.4399995803833,8969500,12.238218451860334,0.0,1.0,yahoo,2023-12-13 16:42:26
2009-02-06,XLK,15.5600004196167,16.110000610351562,15.510000228881836,15.970000267028809,7665700,12.658313293769822,0.0,1.0,yahoo,2023-12-13 16:42:26
2009-02-09,XLK,16.010000228881836,16.139999389648438,15.890000343322754,16.010000228881836,4604400,12.690018493544917,0.0,1.0,yahoo,2023-12-13 16:42:26
2009-02-10,XLK,15.949999809265137,16.079999923706055,15.270000457763672,15.359999656677246,8824500,12.174808052310144,0.0,1.0,yahoo,2023-12-13 16:42:26
2009-02-11,XLK,15.350000381469728,15.529999732971191,15.199999809265137,15.390000343322754,5678500,12.198587519075158,0.0,1.0,yahoo,2023-12-13 16:42:26
2009-02-12,XLK,15.25,15.5,15.0,15.460000038146973,5786100,12.254071429703675,0.0,1.0,yahoo,2023-12-13 16:42:26
2009-02-13,XLK,15.4399995803833,15.699999809265137,15.390000343322754,15.390000343322754,3917100,12.198587519075158,0.0,1.0,yahoo,2023-12-13 16:42:26
2009-02-17,XLK,15.0,15.039999961853027,14.75,14.75,6236000,11.691303566762056,0.0,1.0,yahoo,2023-12-13 16:42:26
2009-02-18,XLK,14.960000038146973,15.0,14.640000343322754,14.760000228881836,6663200,11.699230055683726,0.0,1.0,yahoo,2023-12-13 16:42:26
2009-02-19,XLK,14.90999984741211,14.90999984741211,14.390000343322754,14.399999618530272,6833200,11.413882501796285,0.0,1.0,yahoo,2023-12-13 16:42:26
2009-02-20,XLK,14.25,14.640000343322754,14.210000038146973,14.539999961853027,12284600,11.524851078964911,0.0,1.0,yahoo,2023-12-13 16:42:26
2009-02-23,XLK,14.600000381469728,14.619999885559082,13.829999923706056,13.869999885559082,14198400,10.993788415798386,0.0,1.0,yahoo,2023-12-13 16:42:26
2009-02-24,XLK,13.989999771118164,14.4399995803833,13.899999618530272,14.239999771118164,8190700,11.287061702695908,0.0,1.0,yahoo,2023-12-13 16:42:26
2009-02-25,XLK,14.300000190734863,14.630000114440918,14.010000228881836,14.369999885559082,18430100,11.390103790942863,0.0,1.0,yahoo,2023-12-13 16:42:26
2009-02-26,XLK,14.4399995803833,14.6899995803833,14.199999809265137,14.220000267028809,7068500,11.271209480764155,0.0,1.0,yahoo,2023-12-13 16:42:26
2009-02-27,XLK,14.050000190734863,14.40999984741211,14.029999732971191,14.119999885559082,6967200,11.191946103370624,0.0,1.0,yahoo,2023-12-13 16:42:26
2009-03-02,XLK,13.9399995803833,14.18000030517578,13.670000076293944,13.779999732971191,7344700,10.922451527326526,0.0,1.0,yahoo,2023-12-13 16:42:26
2009-03-03,XLK,13.869999885559082,13.949999809265137,13.579999923706056,13.649999618530272,7444800,10.81940943907957,0.0,1.0,yahoo,2023-12-13 16:42:26
2009-03-04,XLK,13.920000076293944,14.270000457763672,13.84000015258789,14.010000228881836,6413000,11.104756992967012,0.0,1.0,yahoo,2023-12-13 16:42:26
2009-03-05,XLK,13.84000015258789,14.039999961853027,13.550000190734863,13.579999923706056,6954300,10.763925528451054,0.0,1.0,yahoo,2023-12-13 16:42:26
2009-03-06,XLK,13.8100004196167,13.859999656677246,13.170000076293944,13.649999618530272,23331600,10.81940943907957,0.0,1.0,yahoo,2023-12-13 16:42:26
2009-03-09,XLK,13.369999885559082,13.670000076293944,13.079999923706056,13.220000267028809,9427500,10.478578730475203,0.0,1.0,yahoo,2023-12-13 16:42:26
2009-03-10,XLK,13.350000381469728,14.039999961853027,13.3100004196167,13.979999542236328,24768800,11.080977526201998,0.0,1.0,yahoo,2023-12-13 16:42:26
2009-03-11,XLK,14.1899995803833,14.4399995803833,14.039999961853027,14.289999961853027,14230000,11.326693391392674,0.0,1.0,yahoo,2023-12-13 16:42:26
2009-03-12,XLK,14.369999885559082,14.75,14.1899995803833,14.699999809265137,8088900,11.65167187806529,0.0,1.0,yahoo,2023-12-13 16:42:26
2009-03-13,XLK,14.739999771118164,14.800000190734863,14.5,14.699999809265137,6735700,11.65167187806529,0.0,1.0,yahoo,2023-12-13 16:42:26
2009-03-16,XLK,14.81999969482422,14.899999618530272,14.520000457763672,14.56999969482422,4901200,11.548629789818337,0.0,1.0,yahoo,2023-12-13 16:42:26
2009-03-17,XLK,14.609999656677246,15.109999656677246,14.529999732971191,15.100000381469728,5677600,11.968724631727826,0.0,1.0,yahoo,2023-12-13 16:42:26
2009-03-18,XLK,15.010000228881836,15.5600004196167,14.949999809265137,15.3100004196167,10644800,12.135177119524968,0.0,1.0,yahoo,2023-12-13 16:42:26
2009-03-19,XLK,15.59000015258789,15.640000343322754,15.239999771118164,15.350000381469728,6228600,12.166882319300065,0.0,1.0,yahoo,2023-12-13 16:42:26
2009-03-20,XLK,15.34000015258789,15.470000267028809,14.949999809265137,15.039999961853027,5266000,11.981267926907105,0.077,1.0,yahoo,2023-12-13 16:42:26
2009-03-23,XLK,15.40999984741211,15.93000030517578,15.260000228881836,15.93000030517578,5424300,12.690266104795093,0.0,1.0,yahoo,2023-12-13 16:42:26
2009-03-24,XLK,15.789999961853027,15.9399995803833,15.65999984741211,15.670000076293944,5977600,12.483142939157355,0.0,1.0,yahoo,2023-12-13 16:42:26
2009-03-25,XLK,15.829999923706056,16.0,15.34000015258789,15.760000228881836,9481400,12.554839478010619,0.0,1.0,yahoo,2023-12-13 16:42:26
2009-03-26,XLK,15.979999542236328,16.209999084472656,15.81999969482422,16.170000076293945,8377700,12.88145636858874,0.0,1.0,yahoo,2023-12-13 16:42:26
2009-03-27,XLK,16.030000686645508,16.040000915527344,15.789999961853027,15.81999969482422,6294300,12.602636664097744,0.0,1.0,yahoo,2023-12-13 16:42:26
2009-03-30,XLK,15.56999969482422,15.56999969482422,15.18000030517578,15.329999923706056,6392700,12.212289685588406,0.0,1.0,yahoo,2023-12-13 16:42:26
2009-03-31,XLK,15.56999969482422,15.920000076293944,15.520000457763672,15.619999885559082,5039100,12.443311444269703,0.0,1.0,yahoo,2023-12-13 16:42:26
2009-04-01,XLK,15.4399995803833,16.079999923706055,15.399999618530272,16.059999465942383,6063200,12.793826927891388,0.0,1.0,yahoo,2023-12-13 16:42:26
2009-04-02,XLK,16.350000381469727,16.829999923706055,16.260000228881836,16.479999542236328,7322900,13.128410269391557,0.0,1.0,yahoo,2023-12-13 16:42:26
2009-04-03,XLK,16.530000686645508,16.780000686645508,16.440000534057617,16.709999084472656,15089200,13.311634082263156,0.0,1.0,yahoo,2023-12-13 16:42:26
2009-04-06,XLK,16.549999237060547,16.6299991607666,16.260000228881836,16.540000915527344,15327000,13.17620897492383,0.0,1.0,yahoo,2023-12-13 16:42:26
2009-04-07,XLK,16.34000015258789,16.399999618530273,16.06999969482422,16.079999923706055,6284200,12.80975982973548,0.0,1.0,yahoo,2023-12-13 16:42:26
2009-04-08,XLK,16.34000015258789,16.520000457763672,16.209999084472656,16.31999969482422,5335500,13.000950093529125,0.0,1.0,yahoo,2023-12-13 16:42:26
2009-04-09,XLK,16.709999084472656,16.93000030517578,16.6200008392334,16.729999542236328,15105800,13.327566984107248,0.0,1.0,yahoo,2023-12-13 16:42:26
2009-04-13,XLK,16.780000686645508,16.889999389648438,16.59000015258789,16.729999542236328,5776400,13.327566984107248,0.0,1.0,yahoo,2023-12-13 16:42:26
2009-04-14,XLK,16.700000762939453,16.719999313354492,16.459999084472656,16.549999237060547,5434600,13.184173906400726,0.0,1.0,yahoo,2023-12-13 16:42:26
2009-04-15,XLK,16.420000076293945,16.540000915527344,16.270000457763672,16.5,5672900,13.144343171235647,0.0,1.0,yahoo,2023-12-13 16:42:26
2009-04-16,XLK,16.719999313354492,17.06999969482422,16.59000015258789,16.989999771118164,14774300,13.534690149744986,0.0,1.0,yahoo,2023-12-13 16:42:26
2009-04-17,XLK,17.0,17.049999237060547,16.790000915527344,16.959999084472656,8981400,13.510790796978847,0.0,1.0,yahoo,2023-12-13 16:42:26
2009-04-20,XLK,16.690000534057617,16.700000762939453,16.3799991607666,16.420000076293945,5375300,13.080613083304431,0.0,1.0,yahoo,2023-12-13 16:42:26
2009-04-21,XLK,16.360000610351562,16.729999542236328,16.309999465942383,16.700000762939453,2146900,13.303669150786261,0.0,1.0,yahoo,2023-12-13 16:42:26
2009-04-22,XLK,16.639999389648438,17.110000610351562,16.600000381469727,16.780000686645508,9122800,13.367399238717477,0.0,1.0,yahoo,2023-12-13 16:42:26
2009-04-23,XLK,16.899999618530273,16.920000076293945,16.510000228881836,16.860000610351562,6820900,13.431129326648692,0.0,1.0,yahoo,2023-12-13 16:42:26
2009-04-24,XLK,17.0,17.25,16.860000610351562,17.100000381469727,5195500,13.622319590442338,0.0,1.0,yahoo,2023-12-13 16:42:26
2009-04-27,XLK,16.969999313354492,17.270000457763672,16.940000534057617,17.020000457763672,4374600,13.558589502511122,0.0,1.0,yahoo,2023-12-13 16:42:26
2009-04-28,XLK,16.93000030517578,17.139999389648438,16.799999237060547,17.010000228881836,7075700,13.550623051589076,0.0,1.0,yahoo,2023-12-13 16:42:26
2009-04-29,XLK,17.139999389648438,17.450000762939453,17.059999465942383,17.200000762939453,5524700,13.701982580217644,0.0,1.0,yahoo,2023-12-13 16:42:26
2009-04-30,XLK,17.479999542236328,17.670000076293945,17.190000534057617,17.25,12714200,13.741813315382723,0.0,1.0,yahoo,2023-12-13 16:42:26
2009-05-01,XLK,17.309999465942383,17.479999542236328,17.110000610351562,17.479999542236328,3511200,13.925037128254322,0.0,1.0,yahoo,2023-12-13 16:42:26
2009-05-04,XLK,17.600000381469727,17.829999923706055,17.5,17.799999237060547,4552100,14.179957479979183,0.0,1.0,yahoo,2023-12-13 16:42:26
2009-05-05,XLK,17.700000762939453,17.75,17.549999237060547,17.690000534057617,4544100,14.092329558726982,0.0,1.0,yahoo,2023-12-13 16:42:26
2009-05-06,XLK,17.889999389648438,17.889999389648438,17.520000457763672,17.790000915527344,7247400,14.171992548502288,0.0,1.0,yahoo,2023-12-13 16:42:26
2009-05-07,XLK,17.829999923706055,17.8799991607666,17.030000686645508,17.110000610351562,18319700,13.630286041364384,0.0,1.0,yahoo,2023-12-13 16:42:26
2009-05-08,XLK,17.329999923706055,17.3700008392334,16.940000534057617,17.09000015258789,6862300,13.614353139520292,0.0,1.0,yahoo,2023-12-13 16:42:26
2009-05-11,XLK,16.93000030517578,17.31999969482422,16.899999618530273,17.139999389648438,5696000,13.65418387468537,0.0,1.0,yahoo,2023-12-13 16:42:26
2009-05-12,XLK,17.260000228881836,17.290000915527344,16.959999084472656,17.049999237060547,5802800,13.58248733583211,0.0,1.0,yahoo,2023-12-13 16:42:26
2009-05-13,XLK,16.950000762939453,16.989999771118164,16.6200008392334,16.6200008392334,13209400,13.239939062855045,0.0,1.0,yahoo,2023-12-13 16:42:26
2009-05-14,XLK,16.739999771118164,17.0,16.690000534057617,16.799999237060547,6752500,13.383330621116418,0.0,1.0,yahoo,2023-12-13 16:42:26
2009-05-15,XLK,16.950000762939453,17.059999465942383,16.799999237060547,16.799999237060547,7018300,13.383330621116418,0.0,1.0,yahoo,2023-12-13 16:42:26
2009-05-18,XLK,17.0,17.260000228881836,16.899999618530273,17.260000228881836,4338700,13.749779766304767,0.0,1.0,yahoo,2023-12-13 16:42:26
2009-05-19,XLK,17.18000030517578,17.5,17.149999618530273,17.360000610351562,7119000,13.829442756080075,0.0,1.0,yahoo,2023-12-13 16:42:26
2009-05-20,XLK,17.479999542236328,17.559999465942383,17.15999984741211,17.18000030517578,8700800,13.686049678373553,0.0,1.0,yahoo,2023-12-13 16:42:26
2009-05-21,XLK,17.049999237060547,17.110000610351562,16.719999313354492,16.8799991607666,6450800,13.447060709047634,0.0,1.0,yahoo,2023-12-13 16:42:26
2009-05-22,XLK,16.950000762939453,17.040000915527344,16.700000762939453,16.940000534057617,5434700,13.494859414579906,0.0,1.0,yahoo,2023-12-13 16:42:26
2009-05-26,XLK,16.760000228881836,17.420000076293945,16.700000762939453,17.3799991607666,5743400,13.845374138479016,0.0,1.0,yahoo,2023-12-13 16:42:26
2009-05-27,XLK,17.389999389648438,17.600000381469727,17.200000762939453,17.209999084472656,7714900,13.709947511694539,0.0,1.0,yahoo,2023-12-13 16:42:26
2009-05-28,XLK,17.420000076293945,17.540000915527344,17.110000610351562,17.459999084472656,6177900,13.909104226410232,0.0,1.0,yahoo,2023-12-13 16:42:26
2009-05-29,XLK,17.510000228881836,17.68000030517578,17.34000015258789,17.649999618530273,5396800,14.0604637550388,0.0,1.0,yahoo,2023-12-13 16:42:26
2009-06-01,XLK,17.889999389648438,18.200000762939453,17.829999923706055,18.14999961853028,7937100,14.458777184470188,0.0,1.0,yahoo,2023-12-13 16:42:26
2009-06-02,XLK,18.030000686645508,18.299999237060547,17.969999313354492,18.11000061035156,6871900,14.426912900227148,0.0,1.0,yahoo,2023-12-13 16:42:26
2009-06-03,XLK,18.049999237060547,18.049999237060547,17.780000686645508,17.90999984741211,5743900,14.267586920676536,0.0,1.0,yahoo,2023-12-13 16:42:26
2009-06-04,XLK,18.040000915527344,18.209999084472656,18.010000228881836,18.15999984741211,9371800,14.466743635392229,0.0,1.0,yahoo,2023-12-13 16:42:26
2009-06-05,XLK,18.32999992370605,18.40999984741211,18.14999961853028,18.34000015258789,9653900,14.61013671309875,0.0,1.0,yahoo,2023-12-13 16:42:26
2009-06-08,XLK,18.15999984741211,18.32999992370605,17.920000076293945,18.229999542236328,6718800,14.522507272401398,0.0,1.0,yahoo,2023-12-13 16:42:26
2009-06-09,XLK,18.350000381469727,18.450000762939453,18.190000534057617,18.309999465942383,6112700,14.586237360332612,0.0,1.0,yahoo,2023-12-13 16:42:26
2009-06-10,XLK,18.420000076293945,18.479999542236328,18.100000381469727,18.36000061035156,5350000,14.626069614942839,0.0,1.0,yahoo,2023-12-13 16:42:26
2009-06-11,XLK,18.3700008392334,18.6299991607666,18.309999465942383,18.43000030517578,6167800,14.68183325195201,0.0,1.0,yahoo,2023-12-13 16:42:26
2009-06-12,XLK,18.3799991607666,18.440000534057617,18.190000534057617,18.3799991607666,5705600,14.642000997341782,0.0,1.0,yahoo,2023-12-13 16:42:26
2009-06-15,XLK,18.239999771118164,18.32999992370605,18.010000228881836,18.190000534057617,6774700,14.490642988158365,0.0,1.0,yahoo,2023-12-13 16:42:26
2009-06-16,XLK,18.239999771118164,18.280000686645508,17.920000076293945,17.959999084472656,6799700,14.307417655841615,0.0,1.0,yahoo,2023-12-13 16:42:26
2009-06-17,XLK,18.010000228881836,18.200000762939453,17.8799991607666,18.059999465942383,7720900,14.387080645616921,0.0,1.0,yahoo,2023-12-13 16:42:26
2009-06-18,XLK,18.059999465942383,18.1299991607666,17.940000534057617,17.979999542236328,6770900,14.323350557685705,0.0,1.0,yahoo,2023-12-13 16:42:26
2009-06-19,XLK,18.059999465942383,18.170000076293945,17.959999084472656,18.1200008392334,11448300,14.500202847285617,0.081,1.0,yahoo,2023-12-13 16:42:26
2009-06-22,XLK,17.950000762939453,18.0,17.610000610351562,17.670000076293945,7682200,14.14009787808897,0.0,1.0,yahoo,2023-12-13 16:42:26
2009-06-23,XLK,17.700000762939453,17.739999771118164,17.530000686645508,17.68000030517578,5780700,14.148100380329033,0.0,1.0,yahoo,2023-12-13 16:42:26
2009-06-24,XLK,17.84000015258789,18.06999969482422,17.790000915527344,17.93000030517578,6681700,14.348158357366895,0.0,1.0,yahoo,2023-12-13 16:42:26
2009-06-25,XLK,17.84000015258789,18.25,17.75,18.190000534057617,8693300,14.55621883664482,0.0,1.0,yahoo,2023-12-13 16:42:26
2009-06-26,XLK,18.1299991607666,18.25,18.07999992370605,18.15999984741211,8954700,14.532211329924632,0.0,1.0,yahoo,2023-12-13 16:42:26
2009-06-29,XLK,18.200000762939453,18.40999984741211,18.170000076293945,18.350000381469727,5331500,14.684255819843354,0.0,1.0,yahoo,2023-12-13 16:42:26
2009-06-30,XLK,18.38999938964844,18.43000030517578,18.07999992370605,18.209999084472656,7748800,14.57222231480371,0.0,1.0,yahoo,2023-12-13 16:42:26
2009-07-01,XLK,18.32999992370605,18.46999931335449,18.25,18.290000915527344,11035700,14.636242332724214,0.0,1.0,yahoo,2023-12-13 16:42:26
2009-07-02,XLK,18.11000061035156,18.1200008392334,17.829999923706055,17.829999923706055,9273900,14.268134861287503,0.0,1.0,yahoo,2023-12-13 16:42:26
2009-07-06,XLK,17.75,17.8799991607666,17.6299991607666,17.780000686645508,5862300,14.228123876408425,0.0,1.0,yahoo,2023-12-13 16:42:26
2009-07-07,XLK,17.809999465942383,17.850000381469727,17.34000015258789,17.34000015258789,4491300,13.876021409451841,0.0,1.0,yahoo,2023-12-13 16:42:26
2009-07-08,XLK,17.40999984741211,17.450000762939453,17.149999618530273,17.350000381469727,8610900,13.884023911691903,0.0,1.0,yahoo,2023-12-13 16:42:26
2009-07-09,XLK,17.440000534057617,17.549999237060547,17.3700008392334,17.459999084472656,14031200,13.972048383690122,0.0,1.0,yahoo,2023-12-13 16:42:26
2009-07-10,XLK,17.399999618530273,17.56999969482422,17.329999923706055,17.530000686645508,10027700,14.028065899370562,0.0,1.0,yahoo,2023-12-13 16:42:26
2009-07-13,XLK,17.510000228881836,17.860000610351562,17.309999465942383,17.860000610351562,8236900,14.292142368007692,0.0,1.0,yahoo,2023-12-13 16:42:26
2009-07-14,XLK,17.829999923706055,17.889999389648438,17.700000762939453,17.8799991607666,6951800,14.308145846166582,0.0,1.0,yahoo,2023-12-13 16:42:26
2009-07-15,XLK,18.190000534057617,18.559999465942383,18.14999961853028,18.549999237060547,8305600,14.844301285680903,0.0,1.0,yahoo,2023-12-13 16:42:26
2009-07-16,XLK,18.5,18.84000015258789,18.440000534057617,18.81999969482422,8516500,15.06036426719889,0.0,1.0,yahoo,2023-12-13 16:42:26
2009-07-17,XLK,18.81999969482422,19.0,18.739999771118164,19.0,18446100,15.204406254877549,0.0,1.0,yahoo,2023-12-13 16:42:26
2009-07-20,XLK,19.100000381469727,19.190000534057617,19.0,19.170000076293945,20701100,15.340445740316145,0.0,1.0,yahoo,2023-12-13 16:42:26
2009-07-21,XLK,19.239999771118164,19.280000686645508,19.030000686645508,19.280000686645508,15812700,15.4284717386356,0.0,1.0,yahoo,2023-12-13 16:42:26
2009-07-22,XLK,19.270000457763672,19.450000762939453,19.229999542236328,19.38999938964844,7262300,15.516496210633822,0.0,1.0,yahoo,2023-12-13 16:42:26
2009-07-23,XLK,19.3799991607666,19.8700008392334,19.34000015258789,19.770000457763672,13408600,15.820585190471263,0.0,1.0,yahoo,2023-12-13 16:42:26
2009-07-24,XLK,19.5,19.68000030517578,19.36000061035156,19.64999961853028,10708500,15.72455668991175,0.0,1.0,yahoo,2023-12-13 16:42:26
2009-07-27,XLK,19.68000030517578,19.68000030517578,19.43000030517578,19.64999961853028,5737300,15.72455668991175,0.0,1.0,yahoo,2023-12-13 16:42:26
2009-07-28,XLK,19.51000022888184,19.71999931335449,19.38999938964844,19.690000534057617,5887200,15.756566698871996,0.0,1.0,yahoo,2023-12-13 16:42:26
2009-07-29,XLK,19.59000015258789,19.670000076293945,19.450000762939453,19.670000076293945,5928400,15.74056169439187,0.0,1.0,yahoo,2023-12-13 16:42:26
2009-07-30,XLK,19.8700008392334,20.059999465942383,19.729999542236328,19.770000457763672,11480600,15.820585190471263,0.0,1.0,yahoo,2023-12-13 16:42:26
2009-07-31,XLK,19.780000686645508,19.88999938964844,19.670000076293945,19.700000762939453,6732800,15.764569201112058,0.0,1.0,yahoo,2023-12-13 16:42:26
2009-08-03,XLK,19.950000762939453,19.96999931335449,19.780000686645508,19.96999931335449,7820700,15.980630656308808,0.0,1.0,yahoo,2023-12-13 16:42:26
2009-08-04,XLK,19.850000381469727,19.940000534057617,19.809999465942383,19.90999984741211,5821500,15.932617169189669,0.0,1.0,yahoo,2023-12-13 16:42:26
2009-08-05,XLK,20.0,20.0,19.64999961853028,19.729999542236328,5012100,15.78857518151101,0.0,1.0,yahoo,2023-12-13 16:42:26
2009-08-06,XLK,19.790000915527344,19.82999992370605,19.520000457763672,19.59000015258789,10208200,15.676543202792603,0.0,1.0,yahoo,2023-12-13 16:42:26
2009-08-07,XLK,19.8700008392334,19.90999984741211,19.700000762939453,19.790000915527344,11741500,15.836590194951388,0.0,1.0,yahoo,2023-12-13 16:42:26
2009-08-10,XLK,19.690000534057617,19.76000022888184,19.540000915527344,19.700000762939453,12463100,15.764569201112058,0.0,1.0,yahoo,2023-12-13 16:42:26
2009-08-11,XLK,19.61000061035156,19.6299991607666,19.40999984741211,19.420000076293945,4821800,15.540503717354008,0.0,1.0,yahoo,2023-12-13 16:42:26
2009-08-12,XLK,19.450000762939453,19.950000762939453,19.420000076293945,19.809999465942383,5338400,15.852593673110277,0.0,1.0,yahoo,2023-12-13 16:42:26
2009-08-13,XLK,19.8799991607666,19.940000534057617,19.700000762939453,19.89999961853028,6075700,15.924614666949612,0.0,1.0,yahoo,2023-12-13 16:42:26
2009-08-14,XLK,19.8799991607666,19.90999984741211,19.56999969482422,19.709999084472656,3456000,15.772570177030886,0.0,1.0,yahoo,2023-12-13 16:42:26
2009-08-17,XLK,19.39999961853028,19.459999084472656,19.200000762939453,19.239999771118164,5060100,15.396461729675348,0.0,1.0,yahoo,2023-12-13 16:42:26
2009-08-18,XLK,19.32999992370605,19.540000915527344,19.299999237060547,19.530000686645508,3716100,15.628529715673462,0.0,1.0,yahoo,2023-12-13 16:42:26
2009-08-19,XLK,19.270000457763672,19.65999984741211,19.239999771118164,19.57999992370605,5720300,15.668540700552537,0.0,1.0,yahoo,2023-12-13 16:42:26
2009-08-20,XLK,19.600000381469727,19.82999992370605,19.540000915527344,19.799999237060547,3910500,15.844591170870215,0.0,1.0,yahoo,2023-12-13 16:42:26
2009-08-21,XLK,19.920000076293945,20.1200008392334,19.799999237060547,20.09000015258789,6633600,16.076659156868327,0.0,1.0,yahoo,2023-12-13 16:42:26
2009-08-24,XLK,20.14999961853028,20.270000457763672,20.030000686645508,20.030000686645508,4239900,16.02864566974919,0.0,1.0,yahoo,2023-12-13 16:42:26
2009-08-25,XLK,20.13999938964844,20.270000457763672,20.06999969482422,20.07999992370605,4613400,16.068656654628263,0.0,1.0,yahoo,2023-12-13 16:42:26
2009-08-26,XLK,20.06999969482422,20.229999542236328,20.040000915527344,20.170000076293945,5684300,16.140677648467594,0.0,1.0,yahoo,2023-12-13 16:42:26
2009-08-27,XLK,20.1200008392334,20.21999931335449,19.8700008392334,20.209999084472656,9414700,16.17268613110661,0.0,1.0,yahoo,2023-12-13 16:42:26
2009-08-28,XLK,20.459999084472656,20.56999969482422,20.13999938964844,20.280000686645508,11048500,16.22870364678705,0.0,1.0,yahoo,2023-12-13 16:42:26
2009-08-31,XLK,20.049999237060547,20.07999992370605,19.920000076293945,20.020000457763672,9825200,16.020643167509125,0.0,1.0,yahoo,2023-12-13 16:42:26
2009-09-01,XLK,19.940000534057617,20.239999771118164,19.59000015258789,19.61000061035156,13648500,15.692548207272726,0.0,1.0,yahoo,2023-12-13 16:42:26
2009-09-02,XLK,19.57999992370605,19.739999771118164,19.530000686645508,19.64999961853028,4947200,15.72455668991175,0.0,1.0,yahoo,2023-12-13 16:42:26
2009-09-03,XLK,19.76000022888184,19.76000022888184,19.51000022888184,19.739999771118164,5338400,15.796577683751075,0.0,1.0,yahoo,2023-12-13 16:42:26
2009-09-04,XLK,19.739999771118164,20.09000015258789,19.709999084472656,20.09000015258789,10254800,16.076659156868327,0.0,1.0,yahoo,2023-12-13 16:42:26
2009-09-08,XLK,20.190000534057617,20.239999771118164,20.07999992370605,20.239999771118164,3124600,16.196693637826797,0.0,1.0,yahoo,2023-12-13 16:42:26
2009-09-09,XLK,20.200000762939453,20.440000534057617,20.15999984741211,20.38999938964844,7057500,16.31672811878527,0.0,1.0,yahoo,2023-12-13 16:42:26
2009-09-10,XLK,20.39999961853028,20.670000076293945,20.34000015258789,20.670000076293945,15727500,16.54079360254332,0.0,1.0,yahoo,2023-12-13 16:42:26
2009-09-11,XLK,20.65999984741211,20.729999542236328,20.51000022888184,20.690000534057617,11761700,16.556798607023445,0.0,1.0,yahoo,2023-12-13 16:42:26
2009-09-14,XLK,20.51000022888184,20.670000076293945,20.5,20.6200008392334,4524300,16.500782617664242,0.0,1.0,yahoo,2023-12-13 16:42:26
2009-09-15,XLK,20.68000030517578,20.81999969482422,20.600000381469727,20.76000022888184,4569000,16.612814596382652,0.0,1.0,yahoo,2023-12-13 16:42:26
2009-09-16,XLK,20.850000381469727,20.989999771118164,20.709999084472656,20.920000076293945,10838600,16.740851579581182,0.0,1.0,yahoo,2023-12-13 16:42:26
2009-09-17,XLK,20.86000061035156,20.989999771118164,20.780000686645508,20.84000015258789,5726500,16.676833087981915,0.0,1.0,yahoo,2023-12-13 16:42:26
2009-09-18,XLK,20.850000381469727,20.93000030517578,20.729999542236328,20.88999938964844,6549300,16.778838822374585,0.077,1.0,yahoo,2023-12-13 16:42:26
2009-09-21,XLK,20.75,20.88999938964844,20.670000076293945,20.799999237060547,6007900,16.706550737243777,0.0,1.0,yahoo,2023-12-13 16:42:26
2009-09-22,XLK,20.959999084472656,20.96999931335449,20.790000915527344,20.90999984741211,5689900,16.7949031817329,0.0,1.0,yahoo,2023-12-13 16:42:26
2009-09-23,XLK,21.0,21.239999771118164,20.84000015258789,20.90999984741211,6525400,16.7949031817329,0.0,1.0,yahoo,2023-12-13 16:42:26
2009-09-24,XLK,21.0,21.030000686645508,20.6299991607666,20.709999084472656,5582000,16.634262652112977,0.0,1.0,yahoo,2023-12-13 16:42:26
2009-09-25,XLK,20.63999938964844,20.780000686645508,20.549999237060547,20.57999992370605,9222500,16.529847380247162,0.0,1.0,yahoo,2023-12-13 16:42:26
2009-09-28,XLK,20.700000762939453,21.07999992370605,20.700000762939453,20.920000076293945,5063000,16.80293536141206,0.0,1.0,yahoo,2023-12-13 16:42:26
2009-09-29,XLK,20.920000076293945,21.020000457763672,20.770000457763672,20.809999465942383,11108200,16.71458291692294,0.0,1.0,yahoo,2023-12-13 16:42:26
2009-09-30,XLK,20.86000061035156,20.989999771118164,20.549999237060547,20.8700008392334,14908100,16.76277599499789,0.0,1.0,yahoo,2023-12-13 16:42:26
2009-10-01,XLK,20.770000457763672,20.770000457763672,20.25,20.25,16202400,16.26479157876143,0.0,1.0,yahoo,2023-12-13 16:42:26
2009-10-02,XLK,20.09000015258789,20.36000061035156,20.09000015258789,20.25,7155000,16.26479157876143,0.0,1.0,yahoo,2023-12-13 16:42:26
2009-10-05,XLK,20.299999237060547,20.459999084472656,20.15999984741211,20.420000076293945,6220300,16.401335569343875,0.0,1.0,yahoo,2023-12-13 16:42:26
2009-10-06,XLK,20.520000457763672,20.809999465942383,20.5,20.790000915527344,8246500,16.69852008954625,0.0,1.0,yahoo,2023-12-13 16:42:26
2009-10-07,XLK,20.739999771118164,20.809999465942383,20.64999961853028,20.75,5191200,16.66639137082961,0.0,1.0,yahoo,2023-12-13 16:42:26
2009-10-08,XLK,20.920000076293945,20.979999542236328,20.76000022888184,20.8799991607666,4999300,16.770806642695423,0.0,1.0,yahoo,2023-12-13 16:42:26
2009-10-09,XLK,20.799999237060547,21.020000457763672,20.770000457763672,21.020000457763672,9212800,16.88325562622202,0.0,1.0,yahoo,2023-12-13 16:42:26
2009-10-12,XLK,21.100000381469727,21.14999961853028,20.920000076293945,21.030000686645508,3998800,16.891287805901182,0.0,1.0,yahoo,2023-12-13 16:42:26
2009-10-13,XLK,21.040000915527344,21.15999984741211,20.950000762939453,21.11000061035156,4801100,16.95554371135282,0.0,1.0,yahoo,2023-12-13 16:42:26
2009-10-14,XLK,21.40999984741211,21.40999984741211,21.239999771118164,21.36000061035156,9181200,17.156343607386916,0.0,1.0,yahoo,2023-12-13 16:42:26
2009-10-15,XLK,21.26000022888184,21.32999992370605,21.170000076293945,21.31999969482422,5721500,17.12421488867028,0.0,1.0,yahoo,2023-12-13 16:42:26
2009-10-16,XLK,21.229999542236328,21.239999771118164,21.0,21.1200008392334,7215600,16.963575891031983,0.0,1.0,yahoo,2023-12-13 16:42:26
2009-10-19,XLK,21.18000030517578,21.36000061035156,21.100000381469727,21.350000381469727,9160400,17.148311427707757,0.0,1.0,yahoo,2023-12-13 16:42:26
2009-10-20,XLK,21.489999771118164,21.5,21.18000030517578,21.280000686645508,7084600,17.092087701935274,0.0,1.0,yahoo,2023-12-13 16:42:26
2009-10-21,XLK,21.290000915527344,21.6299991607666,21.229999542236328,21.290000915527344,9058400,17.100119881614432,0.0,1.0,yahoo,2023-12-13 16:42:26
2009-10-22,XLK,21.299999237060547,21.450000762939453,21.13999938964844,21.38999938964844,10329700,17.180438614442767,0.0,1.0,yahoo,2023-12-13 16:42:26
2009-10-23,XLK,21.670000076293945,21.700000762939453,21.239999771118164,21.32999992370605,16499000,17.132247068349436,0.0,1.0,yahoo,2023-12-13 16:42:26
2009-10-26,XLK,21.3799991607666,21.59000015258789,21.13999938964844,21.190000534057617,10609500,17.01979961680447,0.0,1.0,yahoo,2023-12-13 16:42:26
2009-10-27,XLK,21.200000762939453,21.31999969482422,21.0,21.07999992370605,9355900,16.931447172315345,0.0,1.0,yahoo,2023-12-13 16:42:26
2009-10-28,XLK,20.940000534057617,21.1200008392334,20.76000022888184,20.770000457763672,13055600,16.68245573018793,0.0,1.0,yahoo,2023-12-13 16:42:26
2009-10-29,XLK,20.96999931335449,21.200000762939453,20.86000061035156,21.170000076293945,10726100,17.003735257446152,0.0,1.0,yahoo,2023-12-13 16:42:26
2009-10-30,XLK,21.14999961853028,21.14999961853028,20.59000015258789,20.61000061035156,11335000,16.553943919284638,0.0,1.0,yahoo,2023-12-13 16:42:26
2009-11-02,XLK,20.6299991607666,20.8799991607666,20.459999084472656,20.729999542236328,16750800,16.650327011471294,0.0,1.0,yahoo,2023-12-13 16:42:26
2009-11-03,XLK,20.559999465942383,20.64999961853028,20.459999084472656,20.64999961853028,15033000,16.586071106019656,0.0,1.0,yahoo,2023-12-13 16:42:26
2009-11-04,XLK,20.739999771118164,21.020000457763672,20.739999771118164,20.770000457763672,7935400,16.68245573018793,0.0,1.0,yahoo,2023-12-13 16:42:26
2009-11-05,XLK,21.059999465942383,21.270000457763672,21.01000022888184,21.21999931335449,6739200,17.043894623860314,0.0,1.0,yahoo,2023-12-13 16:42:26
2009-11-06,XLK,21.11000061035156,21.299999237060547,21.06999969482422,21.25,4962100,17.067991162897794,0.0,1.0,yahoo,2023-12-13 16:42:26
2009-11-09,XLK,21.420000076293945,21.809999465942383,21.36000061035156,21.739999771118164,7437400,17.461558775286818,0.0,1.0,yahoo,2023-12-13 16:42:26
2009-11-10,XLK,21.690000534057617,21.799999237060547,21.6200008392334,21.729999542236328,5367300,17.45352659560766,0.0,1.0,yahoo,2023-12-13 16:42:26
2009-11-11,XLK,21.86000061035156,21.920000076293945,21.71999931335449,21.86000061035156,5211600,17.557943399455098,0.0,1.0,yahoo,2023-12-13 16:42:26
2009-11-12,XLK,21.86000061035156,21.959999084472656,21.68000030517578,21.700000762939453,6361400,17.42943158855181,0.0,1.0,yahoo,2023-12-13 16:42:26
2009-11-13,XLK,21.799999237060547,21.959999084472656,21.64999961853028,21.89999961853028,5436200,17.590070586190112,0.0,1.0,yahoo,2023-12-13 16:42:26
2009-11-16,XLK,22.0,22.18000030517578,21.940000534057617,22.13999938964844,8002600,17.782838302545045,0.0,1.0,yahoo,2023-12-13 16:42:26
2009-11-17,XLK,22.049999237060547,22.239999771118164,22.030000686645508,22.239999771118164,4999900,17.863158567355004,0.0,1.0,yahoo,2023-12-13 16:42:26
2009-11-18,XLK,22.209999084472656,22.209999084472656,21.989999771118164,22.1200008392334,4210700,17.76677547516835,0.0,1.0,yahoo,2023-12-13 16:42:26
2009-11-19,XLK,21.96999931335449,21.979999542236328,21.670000076293945,21.799999237060547,10573400,17.509750321380146,0.0,1.0,yahoo,2023-12-13 16:42:26
2009-11-20,XLK,21.65999984741211,21.739999771118164,21.61000061035156,21.690000534057617,5551300,17.421399408872652,0.0,1.0,yahoo,2023-12-13 16:42:26
2009-11-23,XLK,21.90999984741211,22.11000061035156,21.88999938964844,22.06999969482422,7236100,17.726614576772555,0.0,1.0,yahoo,2023-12-13 16:42:26
2009-11-24,XLK,22.059999465942383,22.06999969482422,21.89999961853028,22.030000686645508,7012600,17.694487390037548,0.0,1.0,yahoo,2023-12-13 16:42:26
2009-11-25,XLK,22.06999969482422,22.11000061035156,22.01000022888184,22.06999969482422,3507600,17.726614576772555,0.0,1.0,yahoo,2023-12-13 16:42:26
2009-11-27,XLK,21.540000915527344,21.86000061035156,21.459999084472656,21.709999084472656,5257500,17.437462236249342,0.0,1.0,yahoo,2023-12-13 16:42:26
2009-11-30,XLK,21.700000762939453,21.799999237060547,21.559999465942383,21.75,6983200,17.46959095496598,0.0,1.0,yahoo,2023-12-13 16:42:26
2009-12-01,XLK,21.920000076293945,22.14999961853028,21.90999984741211,22.100000381469727,8527100,17.750711115810034,0.0,1.0,yahoo,2023-12-13 16:42:26
2009-12-02,XLK,22.100000381469727,22.270000457763672,22.030000686645508,22.06999969482422,5212200,17.726614576772555,0.0,1.0,yahoo,2023-12-13 16:42:26
2009-12-03,XLK,22.170000076293945,22.270000457763672,22.030000686645508,22.07999992370605,6448300,17.73464675645171,0.0,1.0,yahoo,2023-12-13 16:42:26
2009-12-04,XLK,22.309999465942383,22.450000762939453,22.0,22.21999931335449,11020800,17.847094207996683,0.0,1.0,yahoo,2023-12-13 16:42:26
2009-12-07,XLK,22.239999771118164,22.309999465942383,22.1299991607666,22.18000030517578,6634500,17.814967021261676,0.0,1.0,yahoo,2023-12-13 16:42:26
2009-12-08,XLK,22.07999992370605,22.170000076293945,21.89999961853028,21.979999542236328,8826300,17.65432649164175,0.0,1.0,yahoo,2023-12-13 16:42:26
2009-12-09,XLK,22.020000457763672,22.190000534057617,21.8799991607666,22.190000534057617,7479300,17.822999200940835,0.0,1.0,yahoo,2023-12-13 16:42:26
2009-12-10,XLK,22.270000457763672,22.38999938964844,22.25,22.290000915527344,10928400,17.903319465750798,0.0,1.0,yahoo,2023-12-13 16:42:26
2009-12-11,XLK,22.3700008392334,22.39999961853028,22.170000076293945,22.239999771118164,4098000,17.863158567355004,0.0,1.0,yahoo,2023-12-13 16:42:26
2009-12-14,XLK,22.40999984741211,22.450000762939453,22.299999237060547,22.420000076293945,11716500,18.00773473761661,0.0,1.0,yahoo,2023-12-13 16:42:26
2009-12-15,XLK,22.3700008392334,22.459999084472656,22.200000762939453,22.280000686645508,5083800,17.89528728607164,0.0,1.0,yahoo,2023-12-13 16:42:26
2009-12-16,XLK,22.38999938964844,22.459999084472656,22.309999465942383,22.350000381469727,4483000,17.951511011844126,0.0,1.0,yahoo,2023-12-13 16:42:26
2009-12-17,XLK,22.270000457763672,22.270000457763672,22.059999465942383,22.07999992370605,5125100,17.73464675645171,0.0,1.0,yahoo,2023-12-13 16:42:26
2009-12-18,XLK,22.21999931335449,22.36000061035156,22.1200008392334,22.32999992370605,7314600,17.99984828379619,0.079,1.0,yahoo,2023-12-13 16:42:26
2009-12-21,XLK,22.46999931335449,22.6200008392334,22.40999984741211,22.530000686645508,6207700,18.161065632737238,0.0,1.0,yahoo,2023-12-13 16:42:26
2009-12-22,XLK,22.600000381469727,22.709999084472656,22.57999992370605,22.709999084472656,3802000,18.30615940180508,0.0,1.0,yahoo,2023-12-13 16:42:26
2009-12-23,XLK,22.76000022888184,22.81999969482422,22.670000076293945,22.799999237060547,5490200,18.37870705508029,0.0,1.0,yahoo,2023-12-13 16:42:26
2009-12-24,XLK,22.8700008392334,23.020000457763672,22.81999969482422,23.01000022888184,1666600,18.54798542521665,0.0,1.0,yahoo,2023-12-13 16:42:26
2009-12-28,XLK,23.049999237060547,23.11000061035156,22.950000762939453,23.07999992370605,9133300,18.604411036101233,0.0,1.0,yahoo,2023-12-13 16:42:26
2009-12-29,XLK,23.1200008392334,23.1200008392334,23.01000022888184,23.049999237060547,3849400,18.580227972515303,0.0,1.0,yahoo,2023-12-13 16:42:26
2009-12-30,XLK,23.01000022888184,23.13999938964844,22.979999542236328,23.1299991607666,5683500,18.644714604595205,0.0,1.0,yahoo,2023-12-13 16:42:26
2009-12-31,XLK,23.14999961853028,23.18000030517578,22.8700008392334,22.93000030517578,5763100,18.483498793136746,0.0,1.0,yahoo,2023-12-13 16:42:26
2010-01-04,XLK,23.13999938964844,23.290000915527344,23.100000381469727,23.270000457763672,8449400,18.75756736384697,0.0,1.0,yahoo,2023-12-13 16:42:26
2010-01-05,XLK,23.299999237060547,23.299999237060547,23.100000381469727,23.239999771118164,19988200,18.73338430026104,0.0,1.0,yahoo,2023-12-13 16:42:26
2010-01-06,XLK,23.239999771118164,23.25,22.959999084472656,22.979999542236328,10024100,18.523802361630715,0.0,1.0,yahoo,2023-12-13 16:42:26
2010-01-07,XLK,23.0,23.0,22.809999465942383,22.88999938964844,7292400,18.451254708355506,0.0,1.0,yahoo,2023-12-13 16:42:26
2010-01-08,XLK,22.86000061035156,23.059999465942383,22.780000686645508,23.040000915527344,11886200,18.57216848880258,0.0,1.0,yahoo,2023-12-13 16:42:26
2010-01-11,XLK,23.13999938964844,23.14999961853028,22.84000015258789,22.950000762939453,15238900,18.499620835527367,0.0,1.0,yahoo,2023-12-13 16:42:26
2010-01-12,XLK,22.81999969482422,22.850000381469727,22.61000061035156,22.700000762939453,9742800,18.29809991809235,0.0,1.0,yahoo,2023-12-13 16:42:26
2010-01-13,XLK,22.799999237060547,22.950000762939453,22.600000381469727,22.920000076293945,10053700,18.475437771941433,0.0,1.0,yahoo,2023-12-13 16:42:26
2010-01-14,XLK,22.89999961853028,23.059999465942383,22.8700008392334,22.979999542236328,7506600,18.523802361630715,0.0,1.0,yahoo,2023-12-13 16:42:26
2010-01-15,XLK,23.020000457763672,23.040000915527344,22.59000015258789,22.65999984741211,13533300,18.265855833311107,0.0,1.0,yahoo,2023-12-13 16:42:26
2010-01-19,XLK,22.709999084472656,23.049999237060547,22.709999084472656,23.049999237060547,7482800,18.580227972515303,0.0,1.0,yahoo,2023-12-13 16:42:26
2010-01-20,XLK,22.8700008392334,22.8700008392334,22.46999931335449,22.68000030517578,14699000,18.28197787570173,0.0,1.0,yahoo,2023-12-13 16:42:26
2010-01-21,XLK,22.75,22.86000061035156,22.3700008392334,22.440000534057617,12803400,18.088517979462026,0.0,1.0,yahoo,2023-12-13 16:42:26
2010-01-22,XLK,22.39999961853028,22.39999961853028,21.6299991607666,21.65999984741211,33701200,17.459772163571053,0.0,1.0,yahoo,2023-12-13 16:42:26
2010-01-25,XLK,21.86000061035156,21.979999542236328,21.71999931335449,21.84000015258789,33340100,17.604867470121476,0.0,1.0,yahoo,2023-12-13 16:42:26
2010-01-26,XLK,21.799999237060547,22.049999237060547,21.68000030517578,21.780000686645508,16125300,17.556502880432195,0.0,1.0,yahoo,2023-12-13 16:42:26
2010-01-27,XLK,21.790000915527344,22.01000022888184,21.6299991607666,21.959999084472656,17685000,17.701596649500033,0.0,1.0,yahoo,2023-12-13 16:42:26
2010-01-28,XLK,21.850000381469727,21.8799991607666,21.239999771118164,21.32999992370605,23139300,17.193764614056132,0.0,1.0,yahoo,2023-12-13 16:42:26
2010-01-29,XLK,21.530000686645508,21.559999465942383,20.86000061035156,20.959999084472656,26897400,16.895512979759975,0.0,1.0,yahoo,2023-12-13 16:42:26
2010-02-01,XLK,21.059999465942383,21.25,21.049999237060547,21.200000762939453,19207500,17.088974413482266,0.0,1.0,yahoo,2023-12-13 16:42:26
2010-02-02,XLK,21.270000457763672,21.46999931335449,21.14999961853028,21.40999984741211,13695600,17.258251246136037,0.0,1.0,yahoo,2023-12-13 16:42:26
2010-02-03,XLK,21.32999992370605,21.51000022888184,21.309999465942383,21.459999084472656,14783200,17.298554814630005,0.0,1.0,yahoo,2023-12-13 16:42:26
2010-02-04,XLK,21.32999992370605,21.3700008392334,20.84000015258789,20.86000061035156,16489100,16.814905842772035,0.0,1.0,yahoo,2023-12-13 16:42:26
2010-02-05,XLK,20.88999938964844,21.11000061035156,20.709999084472656,21.06999969482422,23253700,16.98418267542581,0.0,1.0,yahoo,2023-12-13 16:42:26
2010-02-08,XLK,21.100000381469727,21.21999931335449,20.950000762939453,20.979999542236328,22943800,16.911635022150598,0.0,1.0,yahoo,2023-12-13 16:42:26
2010-02-09,XLK,21.209999084472656,21.36000061035156,21.020000457763672,21.15999984741211,15887400,17.056730328701022,0.0,1.0,yahoo,2023-12-13 16:42:26
2010-02-10,XLK,21.209999084472656,21.239999771118164,20.96999931335449,21.100000381469727,10423400,17.008365739011744,0.0,1.0,yahoo,2023-12-13 16:42:26
2010-02-11,XLK,21.100000381469727,21.39999961853028,20.950000762939453,21.31999969482422,15174800,17.185703592860825,0.0,1.0,yahoo,2023-12-13 16:42:26
2010-02-12,XLK,21.170000076293945,21.39999961853028,21.040000915527344,21.36000061035156,15143000,17.217947677642066,0.0,1.0,yahoo,2023-12-13 16:42:26
2010-02-16,XLK,21.489999771118164,21.68000030517578,21.43000030517578,21.68000030517578,10233300,17.475894205961673,0.0,1.0,yahoo,2023-12-13 16:42:26
2010-02-17,XLK,21.780000686645508,21.780000686645508,21.6299991607666,21.739999771118164,8903300,17.52425879565095,0.0,1.0,yahoo,2023-12-13 16:42:26
2010-02-18,XLK,21.729999542236328,21.920000076293945,21.68000030517578,21.8799991607666,5763800,17.637110017420135,0.0,1.0,yahoo,2023-12-13 16:42:26
2010-02-19,XLK,21.76000022888184,21.93000030517578,21.729999542236328,21.81999969482422,6767800,17.588745427730853,0.0,1.0,yahoo,2023-12-13 16:42:26
2010-02-22,XLK,21.93000030517578,21.940000534057617,21.739999771118164,21.780000686645508,7037300,17.556502880432195,0.0,1.0,yahoo,2023-12-13 16:42:26
2010-02-23,XLK,21.76000022888184,21.770000457763672,21.420000076293945,21.51000022888184,10485700,17.338859920606563,0.0,1.0,yahoo,2023-12-13 16:42:26
2010-02-24,XLK,21.61000061035156,21.790000915527344,21.59000015258789,21.71999931335449,7539000,17.508136753260327,0.0,1.0,yahoo,2023-12-13 16:42:26
2010-02-25,XLK,21.440000534057617,21.700000762939453,21.299999237060547,21.65999984741211,11657500,17.459772163571053,0.0,1.0,yahoo,2023-12-13 16:42:26
2010-02-26,XLK,21.65999984741211,21.75,21.559999465942383,21.690000534057617,9702000,17.483955227156983,0.0,1.0,yahoo,2023-12-13 16:42:26
2010-03-01,XLK,21.799999237060547,21.989999771118164,21.76000022888184,21.96999931335449,6421800,17.709657670695343,0.0,1.0,yahoo,2023-12-13 16:42:26
2010-03-02,XLK,22.06999969482422,22.11000061035156,21.8700008392334,21.940000534057617,7011900,17.685476144592,0.0,1.0,yahoo,2023-12-13 16:42:26
2010-03-03,XLK,22.0,22.059999465942383,21.88999938964844,21.950000762939453,8331800,17.69353716578731,0.0,1.0,yahoo,2023-12-13 16:42:26
2010-03-04,XLK,21.979999542236328,22.059999465942383,21.81999969482422,22.040000915527344,3623800,17.76608481906252,0.0,1.0,yahoo,2023-12-13 16:42:26
2010-03-05,XLK,22.200000762939453,22.34000015258789,22.1200008392334,22.309999465942383,7047900,17.98372624140557,0.0,1.0,yahoo,2023-12-13 16:42:26
2010-03-08,XLK,22.350000381469727,22.46999931335449,22.31999969482422,22.43000030517578,5859400,18.080456958266716,0.0,1.0,yahoo,2023-12-13 16:42:26
2010-03-09,XLK,22.39999961853028,22.670000076293945,22.36000061035156,22.530000686645508,12001900,18.161065632737238,0.0,1.0,yahoo,2023-12-13 16:42:26
2010-03-10,XLK,22.540000915527344,22.71999931335449,22.520000457763672,22.68000030517578,16908500,18.28197787570173,0.0,1.0,yahoo,2023-12-13 16:42:26
2010-03-11,XLK,22.6200008392334,22.770000457763672,22.57999992370605,22.770000457763672,5453700,18.354525528976943,0.0,1.0,yahoo,2023-12-13 16:42:26
2010-03-12,XLK,22.82999992370605,22.959999084472656,22.690000534057617,22.75,7459200,18.338403486586323,0.0,1.0,yahoo,2023-12-13 16:42:26
2010-03-15,XLK,22.670000076293945,22.76000022888184,22.559999465942383,22.729999542236328,8782000,18.3222814441957,0.0,1.0,yahoo,2023-12-13 16:42:26
2010-03-16,XLK,22.729999542236328,22.90999984741211,22.709999084472656,22.89999961853028,6614800,18.45931572955082,0.0,1.0,yahoo,2023-12-13 16:42:26
2010-03-17,XLK,22.93000030517578,23.100000381469727,22.8799991607666,22.96999931335449,9810500,18.5157413404354,0.0,1.0,yahoo,2023-12-13 16:42:26
2010-03-18,XLK,22.959999084472656,23.049999237060547,22.93000030517578,23.0,4501600,18.539924404021335,0.0,1.0,yahoo,2023-12-13 16:42:26
2010-03-19,XLK,22.790000915527344,23.030000686645508,22.690000534057617,22.790000915527344,9043000,18.429140059382124,0.073,1.0,yahoo,2023-12-13 16:42:26
2010-03-22,XLK,22.68000030517578,23.059999465942383,22.65999984741211,22.959999084472656,8430800,18.56660912210591,0.0,1.0,yahoo,2023-12-13 16:42:26
2010-03-23,XLK,23.040000915527344,23.200000762939453,22.940000534057617,23.18000030517578,5978400,18.744513165401077,0.0,1.0,yahoo,2023-12-13 16:42:26
2010-03-24,XLK,23.06999969482422,23.13999938964844,23.0,23.06999969482422,5877100,18.65556114375349,0.0,1.0,yahoo,2023-12-13 16:42:26
2010-03-25,XLK,23.21999931335449,23.3799991607666,23.059999465942383,23.11000061035156,8330200,18.687907894308232,0.0,1.0,yahoo,2023-12-13 16:42:26
2010-03-26,XLK,23.170000076293945,23.200000762939453,22.950000762939453,23.0,8580600,18.59895587266065,0.0,1.0,yahoo,2023-12-13 16:42:26
2010-03-29,XLK,23.100000381469727,23.200000762939453,23.040000915527344,23.06999969482422,7747200,18.65556114375349,0.0,1.0,yahoo,2023-12-13 16:42:26
2010-03-30,XLK,23.1299991607666,23.25,23.030000686645508,23.170000076293945,5314500,18.736426477762393,0.0,1.0,yahoo,2023-12-13 16:42:26
2010-03-31,XLK,23.100000381469727,23.18000030517578,23.0,23.100000381469727,4678200,18.67982120666955,0.0,1.0,yahoo,2023-12-13 16:42:26
2010-04-01,XLK,23.15999984741211,23.290000915527344,22.89999961853028,23.059999465942383,9106700,18.647474456114807,0.0,1.0,yahoo,2023-12-13 16:42:26
2010-04-05,XLK,23.13999938964844,23.34000015258789,22.93000030517578,23.32999992370605,4849600,18.865810395225445,0.0,1.0,yahoo,2023-12-13 16:42:26
2010-04-06,XLK,23.25,23.40999984741211,23.15999984741211,23.350000381469727,5071900,18.881983770502817,0.0,1.0,yahoo,2023-12-13 16:42:26
2010-04-07,XLK,23.280000686645508,23.3799991607666,23.13999938964844,23.26000022888184,5710300,18.809205124132607,0.0,1.0,yahoo,2023-12-13 16:42:26
2010-04-08,XLK,23.18000030517578,23.32999992370605,23.06999969482422,23.299999237060547,8455200,18.84155033230939,0.0,1.0,yahoo,2023-12-13 16:42:26
2010-04-09,XLK,23.350000381469727,23.489999771118164,23.270000457763672,23.479999542236328,5489300,18.987107625049816,0.0,1.0,yahoo,2023-12-13 16:42:26
2010-04-12,XLK,23.5,23.61000061035156,23.479999542236328,23.530000686645508,4160400,19.027541063243245,0.0,1.0,yahoo,2023-12-13 16:42:26
2010-04-13,XLK,23.5,23.63999938964844,23.420000076293945,23.600000381469727,5938600,19.084146334336086,0.0,1.0,yahoo,2023-12-13 16:42:26
2010-04-14,XLK,23.790000915527344,23.950000762939453,23.75,23.940000534057617,14981300,19.359087544539566,0.0,1.0,yahoo,2023-12-13 16:42:26
2010-04-15,XLK,23.959999084472656,24.059999465942383,23.88999938964844,24.049999237060547,9490200,19.448038023809193,0.0,1.0,yahoo,2023-12-13 16:42:26
2010-04-16,XLK,23.90999984741211,24.020000457763672,23.61000061035156,23.729999542236328,15201200,19.189270188883082,0.0,1.0,yahoo,2023-12-13 16:42:26
2010-04-19,XLK,23.690000534057617,23.81999969482422,23.520000457763672,23.780000686645508,8766800,19.22970362707651,0.0,1.0,yahoo,2023-12-13 16:42:26
2010-04-20,XLK,23.86000061035156,23.959999084472656,23.71999931335449,23.90999984741211,6943500,19.33482748162351,0.0,1.0,yahoo,2023-12-13 16:42:26
2010-04-21,XLK,24.049999237060547,24.07999992370605,23.84000015258789,23.959999084472656,9400300,19.37525937743898,0.0,1.0,yahoo,2023-12-13 16:42:26
2010-04-22,XLK,23.729999542236328,24.040000915527344,23.559999465942383,24.020000457763672,4160500,19.423779503271096,0.0,1.0,yahoo,2023-12-13 16:42:26
2010-04-23,XLK,24.01000022888184,24.11000061035156,23.8700008392334,24.07999992370605,12870200,19.472298086725246,0.0,1.0,yahoo,2023-12-13 16:42:26
2010-04-26,XLK,24.1299991607666,24.15999984741211,24.020000457763672,24.049999237060547,9812900,19.448038023809193,0.0,1.0,yahoo,2023-12-13 16:42:26
2010-04-27,XLK,23.950000762939453,24.059999465942383,23.540000915527344,23.57999992370605,28249000,19.06797295905871,0.0,1.0,yahoo,2023-12-13 16:42:26
2010-04-28,XLK,23.729999542236328,23.729999542236328,23.440000534057617,23.64999961853028,12760700,19.124578230151563,0.0,1.0,yahoo,2023-12-13 16:42:26
2010-04-29,XLK,23.76000022888184,23.93000030517578,23.709999084472656,23.88999938964844,9053600,19.31865410634614,0.0,1.0,yahoo,2023-12-13 16:42:26
2010-04-30,XLK,23.8700008392334,23.90999984741211,23.3799991607666,23.38999938964844,10547600,18.914328978679606,0.0,1.0,yahoo,2023-12-13 16:42:26
2010-05-03,XLK,23.459999084472656,23.799999237060547,23.459999084472656,23.709999084472656,6884500,19.17309681360571,0.0,1.0,yahoo,2023-12-13 16:42:26
2010-05-04,XLK,23.43000030517578,23.459999084472656,22.88999938964844,23.030000686645508,14840300,18.62321593557671,0.0,1.0,yahoo,2023-12-13 16:42:26
2010-05-05,XLK,22.799999237060547,23.09000015258789,22.780000686645508,22.93000030517578,13465000,18.542350601567808,0.0,1.0,yahoo,2023-12-13 16:42:26
2010-05-06,XLK,22.770000457763672,22.989999771118164,20.63999938964844,22.239999771118164,25522400,17.98438149352216,0.0,1.0,yahoo,2023-12-13 16:42:26
2010-05-07,XLK,22.13999938964844,22.309999465942383,21.25,21.75,25222100,17.58814305349431,0.0,1.0,yahoo,2023-12-13 16:42:26
2010-05-10,XLK,22.690000534057617,22.850000381469727,22.530000686645508,22.75,23388200,18.396793308827384,0.0,1.0,yahoo,2023-12-13 16:42:26
2010-05-11,XLK,22.51000022888184,23.0,22.489999771118164,22.600000381469727,12865000,18.275496079003013,0.0,1.0,yahoo,2023-12-13 16:42:26
2010-05-12,XLK,22.76000022888184,23.190000534057617,22.76000022888184,23.190000534057617,11812100,18.75259985303976,0.0,1.0,yahoo,2023-12-13 16:42:26
2010-05-13,XLK,23.11000061035156,23.270000457763672,22.799999237060547,22.850000381469727,11439800,18.477658642836282,0.0,1.0,yahoo,2023-12-13 16:42:26
2010-05-14,XLK,22.64999961853028,22.700000762939453,22.170000076293945,22.40999984741211,16496600,18.1218520986239,0.0,1.0,yahoo,2023-12-13 16:42:26
2010-05-17,XLK,22.46999931335449,22.549999237060547,22.06999969482422,22.520000457763672,14987600,18.210804120271487,0.0,1.0,yahoo,2023-12-13 16:42:26
2010-05-18,XLK,22.670000076293945,22.700000762939453,22.07999992370605,22.18000030517578,22515200,17.935862910068007,0.0,1.0,yahoo,2023-12-13 16:42:26
2010-05-19,XLK,22.1200008392334,22.299999237060547,21.82999992370605,22.01000022888184,26722600,17.798392304966267,0.0,1.0,yahoo,2023-12-13 16:42:26
2010-05-20,XLK,21.65999984741211,21.709999084472656,21.239999771118164,21.309999465942383,19818400,17.232336509281932,0.0,1.0,yahoo,2023-12-13 16:42:26
2010-05-21,XLK,20.940000534057617,21.600000381469727,20.86000061035156,21.46999931335449,21022000,17.361720426744984,0.0,1.0,yahoo,2023-12-13 16:42:26
2010-05-24,XLK,21.479999542236328,21.65999984741211,21.34000015258789,21.3700008392334,12961700,17.280856635114045,0.0,1.0,yahoo,2023-12-13 16:42:26
2010-05-25,XLK,20.81999969482422,21.350000381469727,20.670000076293945,21.309999465942383,18287900,17.232336509281932,0.0,1.0,yahoo,2023-12-13 16:42:26
2010-05-26,XLK,21.51000022888184,21.71999931335449,21.040000915527344,21.100000381469727,24322600,17.062520696003407,0.0,1.0,yahoo,2023-12-13 16:42:26
2010-05-27,XLK,21.57999992370605,21.84000015258789,21.51000022888184,21.81999969482422,19121700,17.64474832458715,0.0,1.0,yahoo,2023-12-13 16:42:26
2010-05-28,XLK,21.82999992370605,21.84000015258789,21.489999771118164,21.63999938964844,12116300,17.499191031846728,0.0,1.0,yahoo,2023-12-13 16:42:26
2010-06-01,XLK,21.540000915527344,21.8799991607666,21.39999961853028,21.43000030517578,13233500,17.329375218568202,0.0,1.0,yahoo,2023-12-13 16:42:26
2010-06-02,XLK,21.549999237060547,21.90999984741211,21.39999961853028,21.90999984741211,10380000,17.717526970957366,0.0,1.0,yahoo,2023-12-13 16:42:26
2010-06-03,XLK,21.979999542236328,22.170000076293945,21.850000381469727,22.1299991607666,12585000,17.895429471874575,0.0,1.0,yahoo,2023-12-13 16:42:26
2010-06-04,XLK,21.65999984741211,21.950000762939453,21.34000015258789,21.420000076293945,18494500,17.321288530929515,0.0,1.0,yahoo,2023-12-13 16:42:26
2010-06-07,XLK,21.530000686645508,21.600000381469727,21.06999969482422,21.11000061035156,10543200,17.070607383642088,0.0,1.0,yahoo,2023-12-13 16:42:26
2010-06-08,XLK,21.13999938964844,21.209999084472656,20.82999992370605,21.14999961853028,13325200,17.10295259181888,0.0,1.0,yahoo,2023-12-13 16:42:26
2010-06-09,XLK,21.309999465942383,21.5,20.940000534057617,21.040000915527344,13313500,17.01400211254925,0.0,1.0,yahoo,2023-12-13 16:42:26
2010-06-10,XLK,21.270000457763672,21.56999969482422,21.229999542236328,21.549999237060547,14212800,17.426412385476514,0.0,1.0,yahoo,2023-12-13 16:42:26
2010-06-11,XLK,21.32999992370605,21.780000686645508,21.32999992370605,21.739999771118164,10725300,17.580056365855626,0.0,1.0,yahoo,2023-12-13 16:42:26
2010-06-14,XLK,21.96999931335449,22.040000915527344,21.670000076293945,21.700000762939453,13023800,17.54771115767884,0.0,1.0,yahoo,2023-12-13 16:42:26
2010-06-15,XLK,21.82999992370605,22.290000915527344,21.799999237060547,22.270000457763672,11526800,18.008641556438217,0.0,1.0,yahoo,2023-12-13 16:42:26
2010-06-16,XLK,22.18000030517578,22.39999961853028,22.1299991607666,22.32999992370605,7753800,18.05716013989237,0.0,1.0,yahoo,2023-12-13 16:42:26
2010-06-17,XLK,22.43000030517578,22.450000762939453,22.18000030517578,22.40999984741211,9918600,18.1218520986239,0.0,1.0,yahoo,2023-12-13 16:42:26
2010-06-18,XLK,22.350000381469727,22.450000762939453,22.26000022888184,22.32999992370605,7119300,18.121040649533626,0.079,1.0,yahoo,2023-12-13 16:42:26
2010-06-21,XLK,22.57999992370605,22.6200008392334,22.059999465942383,22.170000076293945,8742200,17.991199012776793,0.0,1.0,yahoo,2023-12-13 16:42:26
2010-06-22,XLK,22.239999771118164,22.39999961853028,21.950000762939453,21.979999542236328,10183400,17.83701148869015,0.0,1.0,yahoo,2023-12-13 16:42:26
2010-06-23,XLK,22.049999237060547,22.11000061035156,21.770000457763672,21.940000534057617,9409800,17.804551853418143,0.0,1.0,yahoo,2023-12-13 16:42:26
2010-06-24,XLK,21.84000015258789,21.89999961853028,21.459999084472656,21.5,15264100,17.447486578419642,0.0,1.0,yahoo,2023-12-13 16:42:26
2010-06-25,XLK,21.6299991607666,21.64999961853028,21.309999465942383,21.479999542236328,15665500,17.431255986866436,0.0,1.0,yahoo,2023-12-13 16:42:26
2010-06-28,XLK,21.450000762939453,21.6200008392334,21.34000015258789,21.520000457763672,10263600,17.46371716997285,0.0,1.0,yahoo,2023-12-13 16:42:26
2010-06-29,XLK,21.15999984741211,21.190000534057617,20.56999969482422,20.71999931335449,19833600,16.814507438354262,0.0,1.0,yahoo,2023-12-13 16:42:26
2010-06-30,XLK,20.6299991607666,20.799999237060547,20.34000015258789,20.39999961853028,12500000,16.5548241648406,0.0,1.0,yahoo,2023-12-13 16:42:26
2010-07-01,XLK,20.40999984741211,20.540000915527344,20.01000022888184,20.31999969482422,22905400,16.489903346462174,0.0,1.0,yahoo,2023-12-13 16:42:26
2010-07-02,XLK,20.40999984741211,20.479999542236328,20.14999961853028,20.290000915527344,8511000,16.46555900696677,0.0,1.0,yahoo,2023-12-13 16:42:26
2010-07-06,XLK,20.61000061035156,20.76000022888184,20.280000686645508,20.489999771118164,15336200,16.627860278995616,0.0,1.0,yahoo,2023-12-13 16:42:26
2010-07-07,XLK,20.520000457763672,21.18000030517578,20.489999771118164,21.14999961853028,12890300,17.16345741757617,0.0,1.0,yahoo,2023-12-13 16:42:26
2010-07-08,XLK,21.36000061035156,21.36000061035156,21.040000915527344,21.280000686645508,8666400,17.268954714837594,0.0,1.0,yahoo,2023-12-13 16:42:26
2010-07-09,XLK,21.270000457763672,21.38999938964844,21.229999542236328,21.38999938964844,7858200,17.35821987271142,0.0,1.0,yahoo,2023-12-13 16:42:26
2010-07-12,XLK,21.34000015258789,21.57999992370605,21.34000015258789,21.489999771118164,8713600,17.43937128264304,0.0,1.0,yahoo,2023-12-13 16:42:26
2010-07-13,XLK,21.709999084472656,21.8700008392334,21.559999465942383,21.799999237060547,10291000,17.69093926038011,0.0,1.0,yahoo,2023-12-13 16:42:26
2010-07-14,XLK,21.8799991607666,22.06999969482422,21.809999465942383,21.93000030517578,12383400,17.796436557641538,0.0,1.0,yahoo,2023-12-13 16:42:26
2010-07-15,XLK,21.8799991607666,22.020000457763672,21.64999961853028,22.0,12419500,17.853242080243355,0.0,1.0,yahoo,2023-12-13 16:42:26
2010-07-16,XLK,21.809999465942383,21.86000061035156,21.350000381469727,21.3700008392334,15108100,17.341990828992614,0.0,1.0,yahoo,2023-12-13 16:42:26
2010-07-19,XLK,21.459999084472656,21.6299991607666,21.350000381469727,21.57999992370605,7352300,17.512407396798057,0.0,1.0,yahoo,2023-12-13 16:42:26
2010-07-20,XLK,21.200000762939453,21.75,21.11000061035156,21.71999931335449,15609800,17.626018442001687,0.0,1.0,yahoo,2023-12-13 16:42:26
2010-07-21,XLK,21.88999938964844,21.90999984741211,21.38999938964844,21.459999084472656,16655100,17.415025395313233,0.0,1.0,yahoo,2023-12-13 16:42:26
2010-07-22,XLK,21.729999542236328,22.11000061035156,21.71999931335449,22.040000915527344,11718800,17.885703263349765,0.0,1.0,yahoo,2023-12-13 16:42:26
2010-07-23,XLK,21.979999542236328,22.190000534057617,21.90999984741211,22.190000534057617,10386400,18.00742960433,0.0,1.0,yahoo,2023-12-13 16:42:26
2010-07-26,XLK,22.190000534057617,22.34000015258789,22.100000381469727,22.32999992370605,6576300,18.121040649533626,0.0,1.0,yahoo,2023-12-13 16:42:26
2010-07-27,XLK,22.39999961853028,22.450000762939453,22.270000457763672,22.38999938964844,7794200,18.169730876358845,0.0,1.0,yahoo,2023-12-13 16:42:26
2010-07-28,XLK,22.350000381469727,22.43000030517578,22.1299991607666,22.209999084472656,13176700,18.0236586480488,0.0,1.0,yahoo,2023-12-13 16:42:26
2010-07-29,XLK,22.290000915527344,22.31999969482422,21.82999992370605,22.01000022888184,10647700,17.86135737601996,0.0,1.0,yahoo,2023-12-13 16:42:26
2010-07-30,XLK,21.770000457763672,22.040000915527344,21.700000762939453,21.920000076293945,8956200,17.788321261864937,0.0,1.0,yahoo,2023-12-13 16:42:26
2010-08-02,XLK,22.18000030517578,22.440000534057617,22.11000061035156,22.3799991607666,15710300,18.16161558058224,0.0,1.0,yahoo,2023-12-13 16:42:26
2010-08-03,XLK,22.350000381469727,22.36000061035156,22.209999084472656,22.26000022888184,5393700,18.064235126931816,0.0,1.0,yahoo,2023-12-13 16:42:26
2010-08-04,XLK,22.31999969482422,22.450000762939453,22.170000076293945,22.440000534057617,14681600,18.210307355241856,0.0,1.0,yahoo,2023-12-13 16:42:26
2010-08-05,XLK,22.290000915527344,22.3799991607666,22.200000762939453,22.34000015258789,5064800,18.12915594531023,0.0,1.0,yahoo,2023-12-13 16:42:26
2010-08-06,XLK,22.1299991607666,22.309999465942383,21.979999542236328,22.280000686645508,15617100,18.08046571848502,0.0,1.0,yahoo,2023-12-13 16:42:26
2010-08-09,XLK,22.34000015258789,22.46999931335449,22.25,22.43000030517578,13552800,18.202192059465254,0.0,1.0,yahoo,2023-12-13 16:42:26
2010-08-10,XLK,22.21999931335449,22.31999969482422,22.040000915527344,22.200000762939453,11289300,18.0155449001066,0.0,1.0,yahoo,2023-12-13 16:42:26
2010-08-11,XLK,21.86000061035156,21.8700008392334,21.59000015258789,21.670000076293945,18061500,17.58544351095308,0.0,1.0,yahoo,2023-12-13 16:42:26
2010-08-12,XLK,21.239999771118164,21.459999084472656,21.13999938964844,21.3700008392334,15165800,17.341990828992614,0.0,1.0,yahoo,2023-12-13 16:42:26
2010-08-13,XLK,21.280000686645508,21.39999961853028,21.239999771118164,21.270000457763672,6078800,17.260839419060993,0.0,1.0,yahoo,2023-12-13 16:42:26
2010-08-16,XLK,21.13999938964844,21.420000076293945,21.07999992370605,21.309999465942383,10268600,17.293299054332998,0.0,1.0,yahoo,2023-12-13 16:42:26
2010-08-17,XLK,21.51000022888184,21.729999542236328,21.43000030517578,21.540000915527344,17100600,17.479947761526052,0.0,1.0,yahoo,2023-12-13 16:42:26
2010-08-18,XLK,21.540000915527344,21.780000686645508,21.46999931335449,21.65999984741211,12616100,17.57732821517648,0.0,1.0,yahoo,2023-12-13 16:42:26
2010-08-19,XLK,21.57999992370605,21.64999961853028,21.270000457763672,21.39999961853028,13811100,17.366335168488025,0.0,1.0,yahoo,2023-12-13 16:42:26
2010-08-20,XLK,21.32999992370605,21.420000076293945,21.229999542236328,21.350000381469727,9316400,17.32576023743941,0.0,1.0,yahoo,2023-12-13 16:42:26
2010-08-23,XLK,21.459999084472656,21.51000022888184,21.15999984741211,21.15999984741211,8183700,17.171572713352766,0.0,1.0,yahoo,2023-12-13 16:42:26
2010-08-24,XLK,20.93000030517578,21.07999992370605,20.770000457763672,20.8700008392334,10590300,16.9362353271689,0.0,1.0,yahoo,2023-12-13 16:42:26
2010-08-25,XLK,20.739999771118164,21.09000015258789,20.690000534057617,21.0,11052900,17.04173107659593,0.0,1.0,yahoo,2023-12-13 16:42:26
2010-08-26,XLK,21.100000381469727,21.1299991607666,20.76000022888184,20.790000915527344,10154700,16.871314508790483,0.0,1.0,yahoo,2023-12-13 16:42:26
2010-08-27,XLK,20.90999984741211,21.049999237060547,20.57999992370605,21.040000915527344,14991700,17.07419225970234,0.0,1.0,yahoo,2023-12-13 16:42:26
2010-08-30,XLK,20.93000030517578,21.09000015258789,20.76000022888184,20.76000022888184,7593500,16.84696862146068,0.0,1.0,yahoo,2023-12-13 16:42:26
2010-08-31,XLK,20.709999084472656,20.84000015258789,20.57999992370605,20.690000534057617,15520000,16.790163098858862,0.0,1.0,yahoo,2023-12-13 16:42:26
2010-09-01,XLK,20.96999931335449,21.299999237060547,20.93000030517578,21.21999931335449,14798100,17.220262940177975,0.0,1.0,yahoo,2023-12-13 16:42:26
2010-09-02,XLK,21.229999542236328,21.40999984741211,21.190000534057617,21.40999984741211,9306500,17.374450464264623,0.0,1.0,yahoo,2023-12-13 16:42:26
2010-09-03,XLK,21.600000381469727,21.729999542236328,21.51000022888184,21.729999542236328,10359000,17.634133737778292,0.0,1.0,yahoo,2023-12-13 16:42:26
2010-09-07,XLK,21.6299991607666,21.739999771118164,21.530000686645508,21.549999237060547,7839400,17.488061509468253,0.0,1.0,yahoo,2023-12-13 16:42:26
2010-09-08,XLK,21.6200008392334,21.71999931335449,21.559999465942383,21.670000076293945,9290800,17.58544351095308,0.0,1.0,yahoo,2023-12-13 16:42:26
2010-09-09,XLK,21.850000381469727,21.88999938964844,21.690000534057617,21.729999542236328,6947600,17.634133737778292,0.0,1.0,yahoo,2023-12-13 16:42:26
2010-09-10,XLK,21.75,21.770000457763672,21.600000381469727,21.739999771118164,8150300,17.642249033554897,0.0,1.0,yahoo,2023-12-13 16:42:26
2010-09-13,XLK,21.950000762939453,22.170000076293945,21.920000076293945,22.1299991607666,11598700,17.958737829670383,0.0,1.0,yahoo,2023-12-13 16:42:26
2010-09-14,XLK,22.1299991607666,22.39999961853028,22.049999237060547,22.21999931335449,9427200,18.0317739438254,0.0,1.0,yahoo,2023-12-13 16:42:26
2010-09-15,XLK,22.200000762939453,22.40999984741211,22.15999984741211,22.36000061035156,7381700,18.145386536863434,0.0,1.0,yahoo,2023-12-13 16:42:26
2010-09-16,XLK,22.32999992370605,22.51000022888184,22.290000915527344,22.489999771118164,7799800,18.250882286290466,0.0,1.0,yahoo,2023-12-13 16:42:26
2010-09-17,XLK,22.559999465942383,22.57999992370605,22.420000076293945,22.530000686645508,14417700,18.349430793068052,0.081,1.0,yahoo,2023-12-13 16:42:26
2010-09-20,XLK,22.61000061035156,22.89999961853028,22.559999465942383,22.86000061035156,9552600,18.618197352198745,0.0,1.0,yahoo,2023-12-13 16:42:26
2010-09-21,XLK,22.88999938964844,23.01000022888184,22.739999771118164,22.81999969482422,18634600,18.585618834277824,0.0,1.0,yahoo,2023-12-13 16:42:26
2010-09-22,XLK,22.729999542236328,22.84000015258789,22.59000015258789,22.709999084472656,8405800,18.496029463424513,0.0,1.0,yahoo,2023-12-13 16:42:26
2010-09-23,XLK,22.559999465942383,22.920000076293945,22.530000686645508,22.68000030517578,9931300,18.471597128413052,0.0,1.0,yahoo,2023-12-13 16:42:26
2010-09-24,XLK,22.89999961853028,23.13999938964844,22.89999961853028,23.1200008392334,8166300,18.829953058397063,0.0,1.0,yahoo,2023-12-13 16:42:26
2010-09-27,XLK,23.170000076293945,23.309999465942383,23.07999992370605,23.1299991607666,15319100,18.838096134448058,0.0,1.0,yahoo,2023-12-13 16:42:26
2010-09-28,XLK,23.190000534057617,23.209999084472656,22.82999992370605,23.15999984741211,14716000,18.862530022888752,0.0,1.0,yahoo,2023-12-13 16:42:26
2010-09-29,XLK,23.11000061035156,23.209999084472656,23.049999237060547,23.11000061035156,6133500,18.821808428916828,0.0,1.0,yahoo,2023-12-13 16:42:26
2010-09-30,XLK,23.229999542236328,23.3700008392334,22.88999938964844,23.020000457763672,13139300,18.748508317023983,0.0,1.0,yahoo,2023-12-13 16:42:26
2010-10-01,XLK,23.18000030517578,23.21999931335449,22.950000762939453,23.030000686645508,12167700,18.756652946504214,0.0,1.0,yahoo,2023-12-13 16:42:26
2010-10-04,XLK,22.90999984741211,23.030000686645508,22.68000030517578,22.84000015258789,8488000,18.601908093238286,0.0,1.0,yahoo,2023-12-13 16:42:26
2010-10-05,XLK,23.0,23.350000381469727,22.989999771118164,23.290000915527344,7712900,18.96840865270253,0.0,1.0,yahoo,2023-12-13 16:42:26
2010-10-06,XLK,23.290000915527344,23.36000061035156,22.989999771118164,23.18000030517578,7170000,18.878819281849218,0.0,1.0,yahoo,2023-12-13 16:42:26
2010-10-07,XLK,23.270000457763672,23.280000686645508,23.020000457763672,23.18000030517578,4949700,18.878819281849218,0.0,1.0,yahoo,2023-12-13 16:42:26
2010-10-08,XLK,23.190000534057617,23.36000061035156,23.030000686645508,23.309999465942383,6670600,18.984696358233755,0.0,1.0,yahoo,2023-12-13 16:42:26
2010-10-11,XLK,23.36000061035156,23.450000762939453,23.26000022888184,23.350000381469727,6041000,19.01727487615468,0.0,1.0,yahoo,2023-12-13 16:42:26
2010-10-12,XLK,23.280000686645508,23.540000915527344,23.14999961853028,23.489999771118164,11007300,19.131296582019452,0.0,1.0,yahoo,2023-12-13 16:42:26
2010-10-13,XLK,23.6299991607666,23.790000915527344,23.559999465942383,23.68000030517578,15479500,19.28604143528538,0.0,1.0,yahoo,2023-12-13 16:42:26
2010-10-14,XLK,23.729999542236328,23.770000457763672,23.559999465942383,23.690000534057617,5514600,19.29418606476561,0.0,1.0,yahoo,2023-12-13 16:42:26
2010-10-15,XLK,24.01000022888184,24.100000381469727,23.809999465942383,24.09000015258789,21347000,19.619963476828694,0.0,1.0,yahoo,2023-12-13 16:42:26
2010-10-18,XLK,24.100000381469727,24.25,24.01000022888184,24.25,10750600,19.75027444165393,0.0,1.0,yahoo,2023-12-13 16:42:26
2010-10-19,XLK,23.790000915527344,24.0,23.63999938964844,23.81999969482422,25204700,19.40006314115015,0.0,1.0,yahoo,2023-12-13 16:42:26
2010-10-20,XLK,23.89999961853028,24.15999984741211,23.850000381469727,24.020000457763672,23627300,19.562952623896308,0.0,1.0,yahoo,2023-12-13 16:42:26
2010-10-21,XLK,24.14999961853028,24.200000762939453,23.790000915527344,24.040000915527344,27646400,19.579241882856774,0.0,1.0,yahoo,2023-12-13 16:42:26
2010-10-22,XLK,24.040000915527344,24.1299991607666,23.989999771118164,24.11000061035156,5762600,19.636252735789157,0.0,1.0,yahoo,2023-12-13 16:42:26
2010-10-25,XLK,24.200000762939453,24.36000061035156,24.18000030517578,24.18000030517578,9500000,19.693263588721543,0.0,1.0,yahoo,2023-12-13 16:42:26
2010-10-26,XLK,24.09000015258789,24.270000457763672,23.989999771118164,24.239999771118164,10317900,19.742129812173697,0.0,1.0,yahoo,2023-12-13 16:42:26
2010-10-27,XLK,24.13999938964844,24.32999992370605,24.059999465942383,24.309999465942383,11837300,19.799140665106084,0.0,1.0,yahoo,2023-12-13 16:42:26
2010-10-28,XLK,24.40999984741211,24.43000030517578,24.14999961853028,24.309999465942383,8548100,19.799140665106084,0.0,1.0,yahoo,2023-12-13 16:42:26
2010-10-29,XLK,24.350000381469727,24.450000762939453,24.309999465942383,24.350000381469727,8338600,19.83171918302701,0.0,1.0,yahoo,2023-12-13 16:42:26
2010-11-01,XLK,24.46999931335449,24.6200008392334,24.270000457763672,24.3700008392334,8468900,19.84800844198747,0.0,1.0,yahoo,2023-12-13 16:42:26
2010-11-02,XLK,24.59000015258789,24.670000076293945,24.540000915527344,24.61000061035156,7486900,20.04347488922532,0.0,1.0,yahoo,2023-12-13 16:42:26
2010-11-03,XLK,24.64999961853028,24.76000022888184,24.450000762939453,24.75,15116400,20.15749659509009,0.0,1.0,yahoo,2023-12-13 16:42:26
2010-11-04,XLK,25.01000022888184,25.13999938964844,24.959999084472656,25.1200008392334,13673500,20.458841672141716,0.0,1.0,yahoo,2023-12-13 16:42:26
2010-11-05,XLK,25.1299991607666,25.1299991607666,24.989999771118164,25.100000381469727,8737700,20.442552413181254,0.0,1.0,yahoo,2023-12-13 16:42:26
2010-11-08,XLK,25.049999237060547,25.14999961853028,25.0,25.1200008392334,7502100,20.458841672141716,0.0,1.0,yahoo,2023-12-13 16:42:26
2010-11-09,XLK,25.200000762939453,25.280000686645508,24.93000030517578,25.049999237060547,9079800,20.401829265780094,0.0,1.0,yahoo,2023-12-13 16:42:26
2010-11-10,XLK,25.07999992370605,25.11000061035156,24.84000015258789,25.06999969482422,7053000,20.41811852474056,0.0,1.0,yahoo,2023-12-13 16:42:26
2010-11-11,XLK,24.59000015258789,24.71999931335449,24.440000534057617,24.690000534057617,12127700,20.10863037163794,0.0,1.0,yahoo,2023-12-13 16:42:26
2010-11-12,XLK,24.559999465942383,24.68000030517578,24.21999931335449,24.34000015258789,10785400,19.823574553546777,0.0,1.0,yahoo,2023-12-13 16:42:26
2010-11-15,XLK,24.459999084472656,24.479999542236328,24.25,24.270000457763672,8799600,19.76656370061439,0.0,1.0,yahoo,2023-12-13 16:42:26
2010-11-16,XLK,24.100000381469727,24.18000030517578,23.739999771118164,23.82999992370605,17915400,19.40820777063038,0.0,1.0,yahoo,2023-12-13 16:42:26
2010-11-17,XLK,23.86000061035156,24.0,23.739999771118164,23.84000015258789,10412900,19.416352400110615,0.0,1.0,yahoo,2023-12-13 16:42:26
2010-11-18,XLK,24.100000381469727,24.34000015258789,24.09000015258789,24.239999771118164,10805200,19.742129812173697,0.0,1.0,yahoo,2023-12-13 16:42:26
2010-11-19,XLK,24.239999771118164,24.34000015258789,24.15999984741211,24.309999465942383,5119900,19.799140665106084,0.0,1.0,yahoo,2023-12-13 16:42:26
2010-11-22,XLK,24.200000762939453,24.450000762939453,24.13999938964844,24.450000762939453,9414200,19.913163924400088,0.0,1.0,yahoo,2023-12-13 16:42:26
2010-11-23,XLK,24.21999931335449,24.26000022888184,23.96999931335449,24.09000015258789,11009400,19.619963476828694,0.0,1.0,yahoo,2023-12-13 16:42:26
2010-11-24,XLK,24.290000915527344,24.5,24.26000022888184,24.489999771118164,7216200,19.945740888891777,0.0,1.0,yahoo,2023-12-13 16:42:26
2010-11-26,XLK,24.290000915527344,24.440000534057617,24.239999771118164,24.25,2490000,19.75027444165393,0.0,1.0,yahoo,2023-12-13 16:42:26
2010-11-29,XLK,24.229999542236328,24.299999237060547,23.96999931335449,24.190000534057617,7171000,19.701408218201774,0.0,1.0,yahoo,2023-12-13 16:42:26
2010-11-30,XLK,23.96999931335449,24.07999992370605,23.8700008392334,23.950000762939453,10692800,19.505941770963926,0.0,1.0,yahoo,2023-12-13 16:42:26
2010-12-01,XLK,24.299999237060547,24.530000686645508,24.239999771118164,24.459999084472656,10727300,19.921307000451083,0.0,1.0,yahoo,2023-12-13 16:42:26
2010-12-02,XLK,24.489999771118164,24.770000457763672,24.46999931335449,24.75,9625600,20.15749659509009,0.0,1.0,yahoo,2023-12-13 16:42:26
2010-12-03,XLK,24.6200008392334,24.81999969482422,24.61000061035156,24.809999465942383,9177400,20.206362818542246,0.0,1.0,yahoo,2023-12-13 16:42:26
2010-12-06,XLK,24.780000686645508,24.8700008392334,24.75,24.809999465942383,6437800,20.206362818542246,0.0,1.0,yahoo,2023-12-13 16:42:26
2010-12-07,XLK,25.100000381469727,25.100000381469727,24.81999969482422,24.84000015258789,9910600,20.23079670698294,0.0,1.0,yahoo,2023-12-13 16:42:26
2010-12-08,XLK,24.93000030517578,25.049999237060547,24.809999465942383,25.049999237060547,9010900,20.401829265780094,0.0,1.0,yahoo,2023-12-13 16:42:26
2010-12-09,XLK,25.14999961853028,25.15999984741211,24.96999931335449,25.06999969482422,6231300,20.41811852474056,0.0,1.0,yahoo,2023-12-13 16:42:26
2010-12-10,XLK,25.1200008392334,25.209999084472656,25.040000915527344,25.190000534057617,5817000,20.515852525074102,0.0,1.0,yahoo,2023-12-13 16:42:26
2010-12-13,XLK,25.290000915527344,25.31999969482422,25.1200008392334,25.13999938964844,6901100,20.475129377672946,0.0,1.0,yahoo,2023-12-13 16:42:26
2010-12-14,XLK,25.13999938964844,25.270000457763672,25.1200008392334,25.18000030517578,6291700,20.50770789559387,0.0,1.0,yahoo,2023-12-13 16:42:26
2010-12-15,XLK,25.14999961853028,25.280000686645508,25.01000022888184,25.07999992370605,4598500,20.426263154220788,0.0,1.0,yahoo,2023-12-13 16:42:26
2010-12-16,XLK,25.11000061035156,25.229999542236328,25.0,25.1200008392334,5935200,20.458841672141716,0.0,1.0,yahoo,2023-12-13 16:42:26
2010-12-17,XLK,25.09000015258789,25.1299991607666,25.020000457763672,25.07999992370605,5978800,20.499709563419398,0.09,1.0,yahoo,2023-12-13 16:42:26
2010-12-20,XLK,25.13999938964844,25.170000076293945,24.950000762939453,25.100000381469727,4769200,20.5160573934249,0.0,1.0,yahoo,2023-12-13 16:42:26
2010-12-21,XLK,25.18000030517578,25.26000022888184,25.13999938964844,25.25,5557700,20.6386630004364,0.0,1.0,yahoo,2023-12-13 16:42:26
2010-12-22,XLK,25.21999931335449,25.25,25.18000030517578,25.21999931335449,5407800,20.614141255428144,0.0,1.0,yahoo,2023-12-13 16:42:26
2010-12-23,XLK,25.190000534057617,25.239999771118164,25.1299991607666,25.209999084472656,3228200,20.605967340425398,0.0,1.0,yahoo,2023-12-13 16:42:26
2010-12-27,XLK,25.100000381469727,25.299999237060547,25.049999237060547,25.26000022888184,2991400,20.646836915439152,0.0,1.0,yahoo,2023-12-13 16:42:26
2010-12-28,XLK,25.309999465942383,25.32999992370605,25.209999084472656,25.229999542236328,2907500,20.6223151704309,0.0,1.0,yahoo,2023-12-13 16:42:26
2010-12-29,XLK,25.299999237060547,25.34000015258789,25.25,25.280000686645508,3734900,20.66318474544465,0.0,1.0,yahoo,2023-12-13 16:42:26
2010-12-30,XLK,25.26000022888184,25.290000915527344,25.190000534057617,25.21999931335449,5046000,20.614141255428144,0.0,1.0,yahoo,2023-12-13 16:42:26
2010-12-31,XLK,25.209999084472656,25.239999771118164,25.09000015258789,25.190000534057617,6352100,20.589621069434774,0.0,1.0,yahoo,2023-12-13 16:42:26
2011-01-03,XLK,25.3799991607666,25.61000061035156,25.3799991607666,25.46999931335449,7427500,20.818484453452268,0.0,1.0,yahoo,2023-12-13 16:42:26
2011-01-04,XLK,25.59000015258789,25.6200008392334,25.39999961853028,25.56999969482422,9191700,20.900222044464897,0.0,1.0,yahoo,2023-12-13 16:42:26
2011-01-05,XLK,25.520000457763672,25.75,25.46999931335449,25.71999931335449,11835400,21.02282765147639,0.0,1.0,yahoo,2023-12-13 16:42:26
2011-01-06,XLK,25.780000686645508,25.8700008392334,25.670000076293945,25.8700008392334,11044500,21.14543481750277,0.0,1.0,yahoo,2023-12-13 16:42:26
2011-01-07,XLK,25.850000381469727,25.8700008392334,25.530000686645508,25.75,8915600,21.047349396484645,0.0,1.0,yahoo,2023-12-13 16:42:26
2011-01-10,XLK,25.71999931335449,25.81999969482422,25.600000381469727,25.770000457763672,10333300,21.063697226490145,0.0,1.0,yahoo,2023-12-13 16:42:26
2011-01-11,XLK,25.86000061035156,25.8799991607666,25.64999961853028,25.729999542236328,8391400,21.031001566479144,0.0,1.0,yahoo,2023-12-13 16:42:26
2011-01-12,XLK,25.8799991607666,25.979999542236328,25.790000915527344,25.959999084472656,13577500,21.218996934497767,0.0,1.0,yahoo,2023-12-13 16:42:26
2011-01-13,XLK,25.979999542236328,26.01000022888184,25.86000061035156,25.940000534057617,13043400,21.202650663507143,0.0,1.0,yahoo,2023-12-13 16:42:26
2011-01-14,XLK,25.959999084472656,26.170000076293945,25.90999984741211,26.170000076293945,7853400,21.390646031525765,0.0,1.0,yahoo,2023-12-13 16:42:26
2011-01-18,XLK,26.01000022888184,26.229999542236328,25.979999542236328,26.200000762939453,8633000,21.415167776534016,0.0,1.0,yahoo,2023-12-13 16:42:26
2011-01-19,XLK,26.26000022888184,26.26000022888184,25.93000030517578,26.01000022888184,11215600,21.25986650951152,0.0,1.0,yahoo,2023-12-13 16:42:26
2011-01-20,XLK,25.920000076293945,25.93000030517578,25.64999961853028,25.8700008392334,15358600,21.14543481750277,0.0,1.0,yahoo,2023-12-13 16:42:26
2011-01-21,XLK,26.020000457763672,26.030000686645508,25.709999084472656,25.71999931335449,11631700,21.02282765147639,0.0,1.0,yahoo,2023-12-13 16:42:26
2011-01-24,XLK,25.729999542236328,26.100000381469727,25.729999542236328,26.07999992370605,18491700,21.31708235551589,0.0,1.0,yahoo,2023-12-13 16:42:26
2011-01-25,XLK,26.020000457763672,26.209999084472656,25.959999084472656,26.200000762939453,11013500,21.415167776534016,0.0,1.0,yahoo,2023-12-13 16:42:26
2011-01-26,XLK,26.270000457763672,26.43000030517578,26.200000762939453,26.350000381469727,8285500,21.537773383545513,0.0,1.0,yahoo,2023-12-13 16:42:26
2011-01-27,XLK,26.36000061035156,26.520000457763672,26.290000915527344,26.440000534057617,9046500,21.61133705955539,0.0,1.0,yahoo,2023-12-13 16:42:26
2011-01-28,XLK,26.46999931335449,26.46999931335449,25.739999771118164,25.82999992370605,16181700,21.112739157491767,0.0,1.0,yahoo,2023-12-13 16:42:26
2011-01-31,XLK,25.850000381469727,25.989999771118164,25.700000762939453,25.989999771118164,13986500,21.243518679506018,0.0,1.0,yahoo,2023-12-13 16:42:26
2011-02-01,XLK,26.18000030517578,26.489999771118164,26.14999961853028,26.43000030517578,12372700,21.60316314455264,0.0,1.0,yahoo,2023-12-13 16:42:26
2011-02-02,XLK,26.3700008392334,26.530000686645508,26.3700008392334,26.479999542236328,8747500,21.644031160551513,0.0,1.0,yahoo,2023-12-13 16:42:26
2011-02-03,XLK,26.46999931335449,26.57999992370605,26.25,26.520000457763672,11464500,21.676726820562514,0.0,1.0,yahoo,2023-12-13 16:42:26
2011-02-04,XLK,26.56999969482422,26.709999084472656,26.46999931335449,26.690000534057617,7567600,21.815680257579512,0.0,1.0,yahoo,2023-12-13 16:42:26
2011-02-07,XLK,26.75,26.950000762939453,26.739999771118164,26.81999969482422,9798200,21.92193803458551,0.0,1.0,yahoo,2023-12-13 16:42:26
2011-02-08,XLK,26.8799991607666,26.950000762939453,26.770000457763672,26.93000030517578,5188000,22.011849540600885,0.0,1.0,yahoo,2023-12-13 16:42:26
2011-02-09,XLK,26.88999938964844,26.959999084472656,26.799999237060547,26.8799991607666,5187200,21.970979965587134,0.0,1.0,yahoo,2023-12-13 16:42:26
2011-02-10,XLK,26.670000076293945,26.82999992370605,26.56999969482422,26.76000022888184,7838400,21.872896103583887,0.0,1.0,yahoo,2023-12-13 16:42:26
2011-02-11,XLK,26.770000457763672,26.940000534057617,26.700000762939453,26.89999961853028,12749600,21.98732779559264,0.0,1.0,yahoo,2023-12-13 16:42:26
2011-02-14,XLK,26.8799991607666,26.989999771118164,26.8700008392334,26.940000534057617,5941800,22.020023455603635,0.0,1.0,yahoo,2023-12-13 16:42:26
2011-02-15,XLK,26.88999938964844,26.88999938964844,26.739999771118164,26.84000015258789,6042400,21.93828586459101,0.0,1.0,yahoo,2023-12-13 16:42:26
2011-02-16,XLK,26.920000076293945,27.020000457763672,26.84000015258789,26.989999771118164,6786500,22.06089147160251,0.0,1.0,yahoo,2023-12-13 16:42:26
2011-02-17,XLK,26.86000061035156,27.06999969482422,26.84000015258789,27.040000915527344,6648900,22.10176104661626,0.0,1.0,yahoo,2023-12-13 16:42:26
2011-02-18,XLK,27.06999969482422,27.09000015258789,26.93000030517578,27.0,6334100,22.06906538660526,0.0,1.0,yahoo,2023-12-13 16:42:26
2011-02-22,XLK,26.65999984741211,26.790000915527344,26.290000915527344,26.34000015258789,22346800,21.529599468542763,0.0,1.0,yahoo,2023-12-13 16:42:26
2011-02-23,XLK,26.25,26.299999237060547,25.8700008392334,26.030000686645508,12255900,21.27621433951702,0.0,1.0,yahoo,2023-12-13 16:42:26
2011-02-24,XLK,26.049999237060547,26.200000762939453,25.82999992370605,26.1200008392334,11331700,21.349778015526894,0.0,1.0,yahoo,2023-12-13 16:42:26
2011-02-25,XLK,26.290000915527344,26.479999542236328,26.239999771118164,26.450000762939453,7802900,21.61951097455814,0.0,1.0,yahoo,2023-12-13 16:42:26
2011-02-28,XLK,26.540000915527344,26.6299991607666,26.3799991607666,26.559999465942383,9252300,21.709420921558635,0.0,1.0,yahoo,2023-12-13 16:42:26
2011-03-01,XLK,26.61000061035156,26.65999984741211,26.030000686645508,26.049999237060547,14544000,21.292560610507643,0.0,1.0,yahoo,2023-12-13 16:42:26
2011-03-02,XLK,26.09000015258789,26.40999984741211,26.059999465942383,26.209999084472656,9927300,21.42334013252189,0.0,1.0,yahoo,2023-12-13 16:42:26
2011-03-03,XLK,26.459999084472656,26.63999938964844,26.450000762939453,26.6299991607666,9558500,21.76663676756301,0.0,1.0,yahoo,2023-12-13 16:42:26
2011-03-04,XLK,26.6299991607666,26.6299991607666,26.26000022888184,26.420000076293945,13890700,21.59498922954989,0.0,1.0,yahoo,2023-12-13 16:42:26
2011-03-07,XLK,26.530000686645508,26.530000686645508,25.920000076293945,26.07999992370605,14804700,21.31708235551589,0.0,1.0,yahoo,2023-12-13 16:42:26
2011-03-08,XLK,26.100000381469727,26.40999984741211,26.0,26.299999237060547,10963200,21.496903808531762,0.0,1.0,yahoo,2023-12-13 16:42:26
2011-03-09,XLK,26.21999931335449,26.290000915527344,26.030000686645508,26.190000534057617,11863500,21.406993861531266,0.0,1.0,yahoo,2023-12-13 16:42:26
2011-03-10,XLK,25.88999938964844,25.90999984741211,25.65999984741211,25.700000762939453,14795600,21.00648138048577,0.0,1.0,yahoo,2023-12-13 16:42:26
2011-03-11,XLK,25.559999465942383,25.89999961853028,25.559999465942383,25.799999237060547,11382200,21.08821741248352,0.0,1.0,yahoo,2023-12-13 16:42:26
2011-03-14,XLK,25.670000076293945,25.850000381469727,25.530000686645508,25.68000030517578,9614800,20.99013355048027,0.0,1.0,yahoo,2023-12-13 16:42:26
2011-03-15,XLK,24.93000030517578,25.43000030517578,24.8700008392334,25.299999237060547,14894700,20.679531016435273,0.0,1.0,yahoo,2023-12-13 16:42:26
2011-03-16,XLK,25.15999984741211,25.25,24.520000457763672,24.68000030517578,21381100,20.17276075838378,0.0,1.0,yahoo,2023-12-13 16:42:26
2011-03-17,XLK,25.020000457763672,25.18000030517578,24.89999961853028,24.940000534057617,10933100,20.385277871410654,0.0,1.0,yahoo,2023-12-13 16:42:26
2011-03-18,XLK,25.190000534057617,25.200000762939453,24.8700008392334,24.89999961853028,18415100,20.421363063870878,0.084,1.0,yahoo,2023-12-13 16:42:26
2011-03-21,XLK,25.299999237060547,25.46999931335449,25.26000022888184,25.31999969482422,8900600,20.765819858097856,0.0,1.0,yahoo,2023-12-13 16:42:26
2011-03-22,XLK,25.36000061035156,25.3799991607666,25.25,25.280000686645508,9139300,20.73301526851046,0.0,1.0,yahoo,2023-12-13 16:42:26
2011-03-23,XLK,25.21999931335449,25.489999771118164,25.11000061035156,25.420000076293945,5835600,20.847833678491618,0.0,1.0,yahoo,2023-12-13 16:42:26
2011-03-24,XLK,25.6200008392334,25.850000381469727,25.5,25.81999969482422,10400600,21.17588739578315,0.0,1.0,yahoo,2023-12-13 16:42:26
2011-03-25,XLK,25.89999961853028,26.020000457763672,25.850000381469727,25.8799991607666,6240100,21.225095062306,0.0,1.0,yahoo,2023-12-13 16:42:26
2011-03-28,XLK,25.979999542236328,26.040000915527344,25.799999237060547,25.81999969482422,8266100,21.17588739578315,0.0,1.0,yahoo,2023-12-13 16:42:26
2011-03-29,XLK,25.790000915527344,26.01000022888184,25.670000076293945,26.0,5135800,21.323511959635216,0.0,1.0,yahoo,2023-12-13 16:42:26
2011-03-30,XLK,26.14999961853028,26.170000076293945,26.049999237060547,26.11000061035156,6227300,21.413727318496704,0.0,1.0,yahoo,2023-12-13 16:42:26
2011-03-31,XLK,26.06999969482422,26.14999961853028,26.020000457763672,26.059999465942383,6216000,21.37271962615807,0.0,1.0,yahoo,2023-12-13 16:42:26
2011-04-01,XLK,26.18000030517578,26.239999771118164,25.93000030517578,26.01000022888184,10937400,21.331713498102946,0.0,1.0,yahoo,2023-12-13 16:42:26
2011-04-04,XLK,26.06999969482422,26.07999992370605,25.81999969482422,25.920000076293945,5869800,21.25790121617691,0.0,1.0,yahoo,2023-12-13 16:42:26
2011-04-05,XLK,25.90999984741211,26.06999969482422,25.850000381469727,25.8799991607666,9914200,21.225095062306,0.0,1.0,yahoo,2023-12-13 16:42:26
2011-04-06,XLK,26.059999465942383,26.11000061035156,25.920000076293945,26.06999969482422,10946600,21.380921164625796,0.0,1.0,yahoo,2023-12-13 16:42:26
2011-04-07,XLK,26.040000915527344,26.170000076293945,25.8700008392334,26.07999992370605,9150300,21.38912270309352,0.0,1.0,yahoo,2023-12-13 16:42:26
2011-04-08,XLK,26.18000030517578,26.18000030517578,25.84000015258789,25.93000030517578,6367000,21.26610275464464,0.0,1.0,yahoo,2023-12-13 16:42:26
2011-04-11,XLK,25.96999931335449,26.030000686645508,25.809999465942383,25.88999938964844,5796400,21.23329660077373,0.0,1.0,yahoo,2023-12-13 16:42:26
2011-04-12,XLK,25.739999771118164,25.809999465942383,25.59000015258789,25.68000030517578,8053400,21.06106898580199,0.0,1.0,yahoo,2023-12-13 16:42:26
2011-04-13,XLK,25.809999465942383,25.940000534057617,25.700000762939453,25.84000015258789,7222200,21.192290472718604,0.0,1.0,yahoo,2023-12-13 16:42:26
2011-04-14,XLK,25.709999084472656,25.81999969482422,25.56999969482422,25.790000915527344,5507500,21.15128434466348,0.0,1.0,yahoo,2023-12-13 16:42:26
2011-04-15,XLK,25.71999931335449,25.799999237060547,25.59000015258789,25.739999771118164,10171800,21.110276652324842,0.0,1.0,yahoo,2023-12-13 16:42:26
2011-04-18,XLK,25.46999931335449,25.520000457763672,25.200000762939453,25.51000022888184,8813500,20.921645960417656,0.0,1.0,yahoo,2023-12-13 16:42:26
2011-04-19,XLK,25.540000915527344,25.57999992370605,25.420000076293945,25.57999992370605,9963900,20.979055165408226,0.0,1.0,yahoo,2023-12-13 16:42:26
2011-04-20,XLK,25.959999084472656,26.15999984741211,25.940000534057617,26.1200008392334,9224500,21.421928856964435,0.0,1.0,yahoo,2023-12-13 16:42:26
2011-04-21,XLK,26.36000061035156,26.3700008392334,26.21999931335449,26.350000381469727,10148000,21.610559548871624,0.0,1.0,yahoo,2023-12-13 16:42:26
2011-04-25,XLK,26.350000381469727,26.39999961853028,26.290000915527344,26.3700008392334,6259700,21.62696262580708,0.0,1.0,yahoo,2023-12-13 16:42:26
2011-04-26,XLK,26.43000030517578,26.68000030517578,26.38999938964844,26.59000015258789,7200000,21.807391779246544,0.0,1.0,yahoo,2023-12-13 16:42:26
2011-04-27,XLK,26.64999961853028,26.790000915527344,26.540000915527344,26.75,8016900,21.938613266163156,0.0,1.0,yahoo,2023-12-13 16:42:26
2011-04-28,XLK,26.690000534057617,26.790000915527344,26.63999938964844,26.76000022888184,8481800,21.946814804630886,0.0,1.0,yahoo,2023-12-13 16:42:26
2011-04-29,XLK,26.739999771118164,26.790000915527344,26.65999984741211,26.739999771118164,7500000,21.93041172769543,0.0,1.0,yahoo,2023-12-13 16:42:26
2011-05-02,XLK,26.86000061035156,26.88999938964844,26.61000061035156,26.63999938964844,6707500,21.84839790730167,0.0,1.0,yahoo,2023-12-13 16:42:26
2011-05-03,XLK,26.63999938964844,26.700000762939453,26.479999542236328,26.64999961853028,8151800,21.8565994457694,0.0,1.0,yahoo,2023-12-13 16:42:26
2011-05-04,XLK,26.65999984741211,26.709999084472656,26.38999938964844,26.56999969482422,10876900,21.79098870231109,0.0,1.0,yahoo,2023-12-13 16:42:26
2011-05-05,XLK,26.5,26.700000762939453,26.34000015258789,26.43000030517578,13400000,21.67617029232993,0.0,1.0,yahoo,2023-12-13 16:42:26
2011-05-06,XLK,26.65999984741211,26.799999237060547,26.459999084472656,26.479999542236328,10634500,21.717176420385055,0.0,1.0,yahoo,2023-12-13 16:42:26
2011-05-09,XLK,26.540000915527344,26.68000030517578,26.440000534057617,26.59000015258789,3944100,21.807391779246544,0.0,1.0,yahoo,2023-12-13 16:42:26
2011-05-10,XLK,26.64999961853028,26.86000061035156,26.61000061035156,26.82999992370605,13566000,22.00422400962146,0.0,1.0,yahoo,2023-12-13 16:42:26
2011-05-11,XLK,26.81999969482422,26.8799991607666,26.440000534057617,26.59000015258789,11842400,21.807391779246544,0.0,1.0,yahoo,2023-12-13 16:42:26
2011-05-12,XLK,26.520000457763672,26.81999969482422,26.3700008392334,26.790000915527344,10967700,21.971419420034067,0.0,1.0,yahoo,2023-12-13 16:42:26
2011-05-13,XLK,26.690000534057617,26.71999931335449,26.43000030517578,26.459999084472656,10204100,21.7007733434496,0.0,1.0,yahoo,2023-12-13 16:42:26
2011-05-16,XLK,26.34000015258789,26.46999931335449,26.030000686645508,26.07999992370605,16969400,21.38912270309352,0.0,1.0,yahoo,2023-12-13 16:42:26
2011-05-17,XLK,25.93000030517578,26.09000015258789,25.790000915527344,26.07999992370605,55050600,21.38912270309352,0.0,1.0,yahoo,2023-12-13 16:42:26
2011-05-18,XLK,26.100000381469727,26.309999465942383,26.049999237060547,26.270000457763672,11957700,21.54494880541332,0.0,1.0,yahoo,2023-12-13 16:42:26
2011-05-19,XLK,26.3700008392334,26.3799991607666,26.15999984741211,26.31999969482422,8118500,21.585954933468443,0.0,1.0,yahoo,2023-12-13 16:42:26
2011-05-20,XLK,26.290000915527344,26.36000061035156,26.11000061035156,26.170000076293945,13429300,21.462934985019558,0.0,1.0,yahoo,2023-12-13 16:42:26
2011-05-23,XLK,25.809999465942383,25.89999961853028,25.700000762939453,25.799999237060547,12598400,21.159484318847696,0.0,1.0,yahoo,2023-12-13 16:42:26
2011-05-24,XLK,25.86000061035156,25.8700008392334,25.709999084472656,25.71999931335449,8765700,21.093873575389384,0.0,1.0,yahoo,2023-12-13 16:42:26
2011-05-25,XLK,25.68000030517578,25.93000030517578,25.63999938964844,25.799999237060547,12408100,21.159484318847696,0.0,1.0,yahoo,2023-12-13 16:42:26
2011-05-26,XLK,25.76000022888184,26.020000457763672,25.75,25.96999931335449,11132100,21.29890734423203,0.0,1.0,yahoo,2023-12-13 16:42:26
2011-05-27,XLK,25.989999771118164,26.100000381469727,25.959999084472656,26.100000381469727,12554600,21.405525780028977,0.0,1.0,yahoo,2023-12-13 16:42:26
2011-05-31,XLK,26.31999969482422,26.459999084472656,26.190000534057617,26.459999084472656,10672600,21.7007733434496,0.0,1.0,yahoo,2023-12-13 16:42:26
2011-06-01,XLK,26.38999938964844,26.479999542236328,25.88999938964844,25.90999984741211,16627500,21.249699677709184,0.0,1.0,yahoo,2023-12-13 16:42:26
2011-06-02,XLK,25.940000534057617,26.030000686645508,25.809999465942383,25.93000030517578,10404900,21.26610275464464,0.0,1.0,yahoo,2023-12-13 16:42:26
2011-06-03,XLK,25.6299991607666,25.790000915527344,25.51000022888184,25.540000915527344,10777300,20.946250575820834,0.0,1.0,yahoo,2023-12-13 16:42:26
2011-06-06,XLK,25.520000457763672,25.600000381469727,25.32999992370605,25.350000381469727,8436000,20.79042447350104,0.0,1.0,yahoo,2023-12-13 16:42:26
2011-06-07,XLK,25.43000030517578,25.489999771118164,25.26000022888184,25.270000457763672,8791000,20.724813730042733,0.0,1.0,yahoo,2023-12-13 16:42:26
2011-06-08,XLK,25.170000076293945,25.239999771118164,25.030000686645508,25.100000381469727,9993600,20.585390704658394,0.0,1.0,yahoo,2023-12-13 16:42:26
2011-06-09,XLK,25.11000061035156,25.21999931335449,25.040000915527344,25.1200008392334,5333500,20.601793781593848,0.0,1.0,yahoo,2023-12-13 16:42:26
2011-06-10,XLK,25.030000686645508,25.059999465942383,24.75,24.770000457763672,10899200,20.31474619235744,0.0,1.0,yahoo,2023-12-13 16:42:26
2011-06-13,XLK,24.790000915527344,24.90999984741211,24.700000762939453,24.790000915527344,11664900,20.331149269292897,0.0,1.0,yahoo,2023-12-13 16:42:26
2011-06-14,XLK,25.01000022888184,25.170000076293945,24.979999542236328,25.100000381469727,9117200,20.585390704658394,0.0,1.0,yahoo,2023-12-13 16:42:26
2011-06-15,XLK,24.86000061035156,24.979999542236328,24.57999992370605,24.6299991607666,16561700,20.19992621809277,0.0,1.0,yahoo,2023-12-13 16:42:26
2011-06-16,XLK,24.61000061035156,24.75,24.38999938964844,24.56999969482422,9205900,20.150718551569916,0.0,1.0,yahoo,2023-12-13 16:42:26
2011-06-17,XLK,24.729999542236328,24.75,24.38999938964844,24.450000762939453,19947900,20.132604204954475,0.098,1.0,yahoo,2023-12-13 16:42:26
2011-06-20,XLK,24.350000381469727,24.61000061035156,24.34000015258789,24.540000915527344,8727100,20.206712073825546,0.0,1.0,yahoo,2023-12-13 16:42:26
2011-06-21,XLK,24.670000076293945,25.030000686645508,24.559999465942383,24.979999542236328,14340900,20.56901546547544,0.0,1.0,yahoo,2023-12-13 16:42:26
2011-06-22,XLK,24.84000015258789,24.989999771118164,24.780000686645508,24.799999237060547,11046200,20.4207997277333,0.0,1.0,yahoo,2023-12-13 16:42:26
2011-06-23,XLK,24.5,24.989999771118164,24.440000534057617,24.96999931335449,12575200,20.560781083317785,0.0,1.0,yahoo,2023-12-13 16:42:26
2011-06-24,XLK,24.88999938964844,24.89999961853028,24.51000022888184,24.540000915527344,11760600,20.206712073825546,0.0,1.0,yahoo,2023-12-13 16:42:26
2011-06-27,XLK,24.59000015258789,25.0,24.520000457763672,24.8700008392334,11981000,20.478440402836874,0.0,1.0,yahoo,2023-12-13 16:42:26
2011-06-28,XLK,24.940000534057617,25.190000534057617,24.920000076293945,25.18000030517578,8059400,20.733699967532893,0.0,1.0,yahoo,2023-12-13 16:42:26
2011-06-29,XLK,25.270000457763672,25.3799991607666,25.1200008392334,25.3799991607666,8282800,20.89838289904253,0.0,1.0,yahoo,2023-12-13 16:42:26
2011-06-30,XLK,25.489999771118164,25.729999542236328,25.459999084472656,25.700000762939453,9098500,21.16187841644401,0.0,1.0,yahoo,2023-12-13 16:42:26
2011-07-01,XLK,25.729999542236328,26.15999984741211,25.64999961853028,26.1200008392334,11451300,21.50771461432641,0.0,1.0,yahoo,2023-12-13 16:42:26
2011-07-05,XLK,26.100000381469727,26.200000762939453,26.040000915527344,26.15999984741211,8155900,21.540650572409216,0.0,1.0,yahoo,2023-12-13 16:42:26
2011-07-06,XLK,26.14999961853028,26.32999992370605,26.049999237060547,26.280000686645508,6758600,21.639461587753246,0.0,1.0,yahoo,2023-12-13 16:42:26
2011-07-07,XLK,26.450000762939453,26.65999984741211,26.43000030517578,26.600000381469727,13009100,21.902955534606917,0.0,1.0,yahoo,2023-12-13 16:42:26
2011-07-08,XLK,26.350000381469727,26.46999931335449,26.200000762939453,26.46999931335449,11954200,21.79591013710523,0.0,1.0,yahoo,2023-12-13 16:42:26
2011-07-11,XLK,26.18000030517578,26.309999465942383,25.940000534057617,26.030000686645508,11690700,21.43360674545534,0.0,1.0,yahoo,2023-12-13 16:42:26
2011-07-12,XLK,25.950000762939453,26.040000915527344,25.770000457763672,25.799999237060547,9430900,21.24421909692493,0.0,1.0,yahoo,2023-12-13 16:42:26
2011-07-13,XLK,25.93000030517578,26.1299991607666,25.780000686645508,25.86000061035156,5580100,21.293625389870847,0.0,1.0,yahoo,2023-12-13 16:42:26
2011-07-14,XLK,25.90999984741211,26.07999992370605,25.540000915527344,25.63999938964844,10747700,21.112472123498097,0.0,1.0,yahoo,2023-12-13 16:42:26
2011-07-15,XLK,25.88999938964844,25.950000762939453,25.729999542236328,25.920000076293945,14235400,21.34303011226896,0.0,1.0,yahoo,2023-12-13 16:42:26
2011-07-18,XLK,25.790000915527344,25.93000030517578,25.600000381469727,25.82999992370605,8380600,21.268922243397885,0.0,1.0,yahoo,2023-12-13 16:42:26
2011-07-19,XLK,26.07999992370605,26.459999084472656,26.059999465942383,26.450000762939453,12320400,21.779442943337735,0.0,1.0,yahoo,2023-12-13 16:42:26
2011-07-20,XLK,26.64999961853028,26.64999961853028,26.31999969482422,26.3700008392334,5926800,21.713569456624317,0.0,1.0,yahoo,2023-12-13 16:42:26
2011-07-21,XLK,26.32999992370605,26.6200008392334,26.200000762939453,26.489999771118164,11212200,21.81237890142054,0.0,1.0,yahoo,2023-12-13 16:42:26
2011-07-22,XLK,26.479999542236328,26.770000457763672,26.450000762939453,26.71999931335449,6315000,22.001764979403138,0.0,1.0,yahoo,2023-12-13 16:42:26
2011-07-25,XLK,26.5,26.790000915527344,26.440000534057617,26.64999961853028,5902800,21.944125874847384,0.0,1.0,yahoo,2023-12-13 16:42:26
2011-07-26,XLK,26.670000076293945,26.8799991607666,26.6299991607666,26.770000457763672,8329400,22.042936890191406,0.0,1.0,yahoo,2023-12-13 16:42:26
2011-07-27,XLK,26.5,26.520000457763672,26.01000022888184,26.059999465942383,13465700,21.45830832138049,0.0,1.0,yahoo,2023-12-13 16:42:26
2011-07-28,XLK,26.020000457763672,26.309999465942383,25.93000030517578,26.020000457763672,10704600,21.425372363297686,0.0,1.0,yahoo,2023-12-13 16:42:26
2011-07-29,XLK,25.780000686645508,26.09000015258789,25.61000061035156,25.809999465942383,11477500,21.252453479082583,0.0,1.0,yahoo,2023-12-13 16:42:26
2011-08-01,XLK,26.13999938964844,26.209999084472656,25.489999771118164,25.790000915527344,11998100,21.235986285315086,0.0,1.0,yahoo,2023-12-13 16:42:26
2011-08-02,XLK,25.63999938964844,25.780000686645508,25.209999084472656,25.25,21124100,20.791339072088658,0.0,1.0,yahoo,2023-12-13 16:42:26
2011-08-03,XLK,25.270000457763672,25.57999992370605,24.920000076293945,25.51000022888184,21535600,21.00542829654422,0.0,1.0,yahoo,2023-12-13 16:42:26
2011-08-04,XLK,25.209999084472656,25.26000022888184,24.440000534057617,24.479999542236328,33695900,20.15730578087963,0.0,1.0,yahoo,2023-12-13 16:42:26
2011-08-05,XLK,24.64999961853028,24.76000022888184,23.61000061035156,24.32999992370605,32841700,20.033793189610442,0.0,1.0,yahoo,2023-12-13 16:42:26
2011-08-08,XLK,23.59000015258789,23.979999542236328,22.959999084472656,22.959999084472656,44960800,18.905707962776876,0.0,1.0,yahoo,2023-12-13 16:42:26
2011-08-09,XLK,23.21999931335449,24.020000457763672,22.6200008392334,24.01000022888184,41803000,19.770299242756774,0.0,1.0,yahoo,2023-12-13 16:42:26
2011-08-10,XLK,23.559999465942383,23.790000915527344,23.01000022888184,23.06999969482422,34620600,18.996284595963253,0.0,1.0,yahoo,2023-12-13 16:42:26
2011-08-11,XLK,23.420000076293945,24.26000022888184,23.290000915527344,23.950000762939453,31596500,19.72089452035866,0.0,1.0,yahoo,2023-12-13 16:42:26
2011-08-12,XLK,24.26000022888184,24.290000915527344,23.88999938964844,24.1200008392334,14585900,19.86087587594315,0.0,1.0,yahoo,2023-12-13 16:42:26
2011-08-15,XLK,24.309999465942383,24.57999992370605,24.190000534057617,24.549999237060547,34968200,20.214944885435393,0.0,1.0,yahoo,2023-12-13 16:42:26
2011-08-16,XLK,24.350000381469727,24.549999237060547,24.040000915527344,24.3700008392334,20233200,20.066730718241057,0.0,1.0,yahoo,2023-12-13 16:42:26
2011-08-17,XLK,24.350000381469727,24.56999969482422,24.01000022888184,24.26000022888184,21577300,19.97615408505468,0.0,1.0,yahoo,2023-12-13 16:42:26
2011-08-18,XLK,23.56999969482422,23.57999992370605,22.850000381469727,23.07999992370605,30947500,19.004518978120903,0.0,1.0,yahoo,2023-12-13 16:42:26
2011-08-19,XLK,22.780000686645508,23.200000762939453,22.46999931335449,22.520000457763672,37744700,18.54340457112698,0.0,1.0,yahoo,2023-12-13 16:42:26
2011-08-22,XLK,22.979999542236328,23.030000686645508,22.549999237060547,22.63999938964844,20322400,18.642214015923205,0.0,1.0,yahoo,2023-12-13 16:42:26
2011-08-23,XLK,22.799999237060547,23.489999771118164,22.71999931335449,23.46999931335449,18570200,19.325652029530342,0.0,1.0,yahoo,2023-12-13 16:42:26
2011-08-24,XLK,23.450000762939453,23.739999771118164,23.280000686645508,23.68000030517578,22489300,19.498570913745446,0.0,1.0,yahoo,2023-12-13 16:42:26
2011-08-25,XLK,23.68000030517578,23.790000915527344,23.26000022888184,23.34000015258789,20437800,19.21860820257647,0.0,1.0,yahoo,2023-12-13 16:42:26
2011-08-26,XLK,23.25,23.8700008392334,23.0,23.799999237060547,23166400,19.59738035854167,0.0,1.0,yahoo,2023-12-13 16:42:26
2011-08-29,XLK,24.040000915527344,24.40999984741211,24.030000686645508,24.39999961853028,19926000,20.091432294166214,0.0,1.0,yahoo,2023-12-13 16:42:26
2011-08-30,XLK,24.350000381469727,24.6299991607666,24.170000076293945,24.5,12470200,20.173774545194934,0.0,1.0,yahoo,2023-12-13 16:42:26
2011-08-31,XLK,24.6299991607666,24.799999237060547,24.239999771118164,24.440000534057617,12260300,20.124369822796822,0.0,1.0,yahoo,2023-12-13 16:42:26
2011-09-01,XLK,24.489999771118164,24.68000030517578,24.15999984741211,24.170000076293945,11321600,19.902046216183606,0.0,1.0,yahoo,2023-12-13 16:42:26
2011-09-02,XLK,23.76000022888184,23.88999938964844,23.530000686645508,23.6200008392334,14339500,19.449166191347334,0.0,1.0,yahoo,2023-12-13 16:42:26
2011-09-06,XLK,23.11000061035156,23.559999465942383,23.0,23.51000022888184,11431600,19.35858955816096,0.0,1.0,yahoo,2023-12-13 16:42:26
2011-09-07,XLK,23.850000381469727,24.1200008392334,23.799999237060547,24.1200008392334,10757700,19.86087587594315,0.0,1.0,yahoo,2023-12-13 16:42:26
2011-09-08,XLK,24.030000686645508,24.350000381469727,23.940000534057617,24.0,9456000,19.762064860599118,0.0,1.0,yahoo,2023-12-13 16:42:26
2011-09-09,XLK,23.81999969482422,23.950000762939453,23.3700008392334,23.489999771118164,16506900,19.342120793845652,0.0,1.0,yahoo,2023-12-13 16:42:26
2011-09-12,XLK,23.25,23.780000686645508,23.21999931335449,23.770000457763672,11252600,19.572678782616517,0.0,1.0,yahoo,2023-12-13 16:42:26
2011-09-13,XLK,23.8799991607666,24.1200008392334,23.71999931335449,24.049999237060547,16342200,19.803235200839577,0.0,1.0,yahoo,2023-12-13 16:42:26
2011-09-14,XLK,24.229999542236328,24.68000030517578,23.940000534057617,24.40999984741211,16810800,20.099666676323864,0.0,1.0,yahoo,2023-12-13 16:42:26
2011-09-15,XLK,24.64999961853028,24.850000381469727,24.459999084472656,24.799999237060547,12576900,20.4207997277333,0.0,1.0,yahoo,2023-12-13 16:42:26
2011-09-16,XLK,24.790000915527344,24.979999542236328,24.729999542236328,24.979999542236328,15003600,20.647275301687788,0.094,1.0,yahoo,2023-12-13 16:42:26
2011-09-19,XLK,24.65999984741211,25.020000457763672,24.459999084472656,24.920000076293945,11764400,20.597682606973283,0.0,1.0,yahoo,2023-12-13 16:42:26
2011-09-20,XLK,25.059999465942383,25.290000915527344,24.84000015258789,24.86000061035156,24734100,20.548089912258774,0.0,1.0,yahoo,2023-12-13 16:42:26
2011-09-21,XLK,24.959999084472656,25.14999961853028,24.479999542236328,24.489999771118164,22080800,20.242264879052087,0.0,1.0,yahoo,2023-12-13 16:42:26
2011-09-22,XLK,23.850000381469727,24.07999992370605,23.420000076293945,23.729999542236328,41231000,19.6140849654161,0.0,1.0,yahoo,2023-12-13 16:42:26
2011-09-23,XLK,23.65999984741211,24.07999992370605,23.559999465942383,24.0,26098900,19.83725445641639,0.0,1.0,yahoo,2023-12-13 16:42:26
2011-09-26,XLK,24.11000061035156,24.350000381469727,23.709999084472656,24.299999237060547,20508100,20.085219506512257,0.0,1.0,yahoo,2023-12-13 16:42:26
2011-09-27,XLK,24.71999931335449,24.979999542236328,24.46999931335449,24.61000061035156,21943400,20.341451845004435,0.0,1.0,yahoo,2023-12-13 16:42:26
2011-09-28,XLK,24.690000534057617,24.84000015258789,24.239999771118164,24.26000022888184,12328800,20.0521582355437,0.0,1.0,yahoo,2023-12-13 16:42:26
2011-09-29,XLK,24.6200008392334,24.709999084472656,23.82999992370605,24.209999084472656,19692900,20.010829676178826,0.0,1.0,yahoo,2023-12-13 16:42:26
2011-09-30,XLK,23.88999938964844,24.09000015258789,23.56999969482422,23.600000381469727,16486600,19.506633864114114,0.0,1.0,yahoo,2023-12-13 16:42:26
2011-10-03,XLK,23.40999984741211,23.76000022888184,23.040000915527344,23.06999969482422,23539400,19.06856059398652,0.0,1.0,yahoo,2023-12-13 16:42:26
2011-10-04,XLK,22.81999969482422,23.549999237060547,22.600000381469727,23.540000915527344,16976100,19.45704116939961,0.0,1.0,yahoo,2023-12-13 16:42:26
2011-10-05,XLK,23.489999771118164,24.06999969482422,23.299999237060547,24.030000686645508,13240100,19.86205159203531,0.0,1.0,yahoo,2023-12-13 16:42:26
2011-10-06,XLK,23.979999542236328,24.39999961853028,23.84000015258789,24.38999938964844,10667400,20.159609336845687,0.0,1.0,yahoo,2023-12-13 16:42:26
2011-10-07,XLK,24.420000076293945,24.549999237060547,24.14999961853028,24.299999237060547,9772600,20.085219506512257,0.0,1.0,yahoo,2023-12-13 16:42:26
2011-10-10,XLK,24.56999969482422,25.06999969482422,24.56999969482422,25.049999237060547,8208300,20.70513370827527,0.0,1.0,yahoo,2023-12-13 16:42:26
2011-10-11,XLK,24.959999084472656,25.21999931335449,24.89999961853028,25.15999984741211,10772300,20.796054962354646,0.0,1.0,yahoo,2023-12-13 16:42:26
2011-10-12,XLK,25.36000061035156,25.540000915527344,25.270000457763672,25.270000457763672,9613300,20.88697621643402,0.0,1.0,yahoo,2023-12-13 16:42:26
2011-10-13,XLK,25.25,25.56999969482422,25.190000534057617,25.549999237060547,9975700,21.118409842783944,0.0,1.0,yahoo,2023-12-13 16:42:26
2011-10-14,XLK,25.89999961853028,26.040000915527344,25.780000686645508,26.0,11503000,21.490358994451086,0.0,1.0,yahoo,2023-12-13 16:42:26
2011-10-17,XLK,25.950000762939453,25.959999084472656,25.479999542236328,25.59000015258789,8901300,21.15147269027584,0.0,1.0,yahoo,2023-12-13 16:42:26
2011-10-18,XLK,25.520000457763672,25.96999931335449,25.280000686645508,25.81999969482422,8709800,21.341579333784228,0.0,1.0,yahoo,2023-12-13 16:42:26
2011-10-19,XLK,25.670000076293945,25.71999931335449,25.270000457763672,25.31999969482422,12244800,20.928303199275554,0.0,1.0,yahoo,2023-12-13 16:42:26
2011-10-20,XLK,25.309999465942383,25.34000015258789,24.89999961853028,25.209999084472656,8937700,20.837381945196178,0.0,1.0,yahoo,2023-12-13 16:42:26
2011-10-21,XLK,25.489999771118164,25.65999984741211,25.34000015258789,25.530000686645508,9792300,21.101879995561333,0.0,1.0,yahoo,2023-12-13 16:42:26
2011-10-24,XLK,25.6200008392334,26.01000022888184,25.56999969482422,25.93000030517578,12652600,21.432500587863608,0.0,1.0,yahoo,2023-12-13 16:42:26
2011-10-25,XLK,25.86000061035156,25.8700008392334,25.450000762939453,25.520000457763672,12035000,21.09361428368836,0.0,1.0,yahoo,2023-12-13 16:42:26
2011-10-26,XLK,25.76000022888184,25.770000457763672,25.15999984741211,25.6299991607666,7495100,21.184533961244398,0.0,1.0,yahoo,2023-12-13 16:42:26
2011-10-27,XLK,26.229999542236328,26.559999465942383,26.049999237060547,26.38999938964844,13941100,21.812713874880387,0.0,1.0,yahoo,2023-12-13 16:42:26
2011-10-28,XLK,26.280000686645508,26.540000915527344,26.25,26.479999542236328,9005800,21.88710370521381,0.0,1.0,yahoo,2023-12-13 16:42:26
2011-10-31,XLK,26.21999931335449,26.31999969482422,25.989999771118164,26.01000022888184,6431200,21.498624706324062,0.0,1.0,yahoo,2023-12-13 16:42:26
2011-11-01,XLK,25.39999961853028,25.56999969482422,25.239999771118164,25.290000915527344,16598300,20.90350764017997,0.0,1.0,yahoo,2023-12-13 16:42:26
2011-11-02,XLK,25.61000061035156,25.71999931335449,25.40999984741211,25.600000381469727,8999700,21.159738402148815,0.0,1.0,yahoo,2023-12-13 16:42:26
2011-11-03,XLK,25.8799991607666,26.239999771118164,25.57999992370605,26.209999084472656,11639600,21.663934214213526,0.0,1.0,yahoo,2023-12-13 16:42:26
2011-11-04,XLK,26.01000022888184,26.1299991607666,25.799999237060547,26.049999237060547,5693900,21.531685977292618,0.0,1.0,yahoo,2023-12-13 16:42:26
2011-11-07,XLK,26.030000686645508,26.239999771118164,25.770000457763672,26.209999084472656,6382500,21.663934214213526,0.0,1.0,yahoo,2023-12-13 16:42:26
2011-11-08,XLK,26.40999984741211,26.540000915527344,26.13999938964844,26.51000022888184,7238100,21.91190084083274,0.0,1.0,yahoo,2023-12-13 16:42:26
2011-11-09,XLK,26.0,26.049999237060547,25.520000457763672,25.59000015258789,10394800,21.15147269027584,0.0,1.0,yahoo,2023-12-13 16:42:26
2011-11-10,XLK,25.90999984741211,25.920000076293945,25.450000762939453,25.670000076293945,5727100,21.217596808736296,0.0,1.0,yahoo,2023-12-13 16:42:26
2011-11-11,XLK,25.90999984741211,26.239999771118164,25.89999961853028,26.15999984741211,4938600,21.622607231371994,0.0,1.0,yahoo,2023-12-13 16:42:26
2011-11-14,XLK,26.100000381469727,26.21999931335449,25.88999938964844,25.959999084472656,3261000,21.457296146959187,0.0,1.0,yahoo,2023-12-13 16:42:26
2011-11-15,XLK,25.920000076293945,26.39999961853028,25.90999984741211,26.309999465942383,7742800,21.74658975641993,0.0,1.0,yahoo,2023-12-13 16:42:26
2011-11-16,XLK,26.100000381469727,26.34000015258789,25.8700008392334,25.920000076293945,8741500,21.42423487599063,0.0,1.0,yahoo,2023-12-13 16:42:26
2011-11-17,XLK,25.850000381469727,25.8700008392334,25.209999084472656,25.420000076293945,12498300,21.010958741481957,0.0,1.0,yahoo,2023-12-13 16:42:26
2011-11-18,XLK,25.39999961853028,25.450000762939453,25.18000030517578,25.209999084472656,7296900,20.837381945196178,0.0,1.0,yahoo,2023-12-13 16:42:26
2011-11-21,XLK,24.93000030517578,24.950000762939453,24.540000915527344,24.770000457763672,9413000,20.473700081925347,0.0,1.0,yahoo,2023-12-13 16:42:26
2011-11-22,XLK,24.71999931335449,24.86000061035156,24.530000686645508,24.729999542236328,7067800,20.44063723443345,0.0,1.0,yahoo,2023-12-13 16:42:26
2011-11-23,XLK,24.530000686645508,24.57999992370605,24.13999938964844,24.13999938964844,12536800,19.95297126959135,0.0,1.0,yahoo,2023-12-13 16:42:26
2011-11-25,XLK,24.06999969482422,24.36000061035156,24.01000022888184,24.01000022888184,7065900,19.845520168289365,0.0,1.0,yahoo,2023-12-13 16:42:26
2011-11-28,XLK,24.6200008392334,24.84000015258789,24.61000061035156,24.799999237060547,9795900,20.49849564102093,0.0,1.0,yahoo,2023-12-13 16:42:26
2011-11-29,XLK,24.81999969482422,24.979999542236328,24.61000061035156,24.670000076293945,4765500,20.391044539718944,0.0,1.0,yahoo,2023-12-13 16:42:26
2011-11-30,XLK,25.31999969482422,25.63999938964844,25.25,25.6200008392334,13730300,21.176269825894764,0.0,1.0,yahoo,2023-12-13 16:42:26
2011-12-01,XLK,25.549999237060547,25.809999465942383,25.549999237060547,25.76000022888184,7979700,21.291986639069727,0.0,1.0,yahoo,2023-12-13 16:42:26
2011-12-02,XLK,25.950000762939453,26.020000457763672,25.700000762939453,25.739999771118164,5542400,21.275455215323774,0.0,1.0,yahoo,2023-12-13 16:42:26
2011-12-05,XLK,26.100000381469727,26.229999542236328,25.89999961853028,26.030000686645508,6084000,21.515156130070007,0.0,1.0,yahoo,2023-12-13 16:42:26
2011-12-06,XLK,26.030000686645508,26.15999984741211,25.90999984741211,26.020000457763672,5866600,21.506890418197035,0.0,1.0,yahoo,2023-12-13 16:42:26
2011-12-07,XLK,25.920000076293945,26.14999961853028,25.700000762939453,26.049999237060547,5825300,21.531685977292618,0.0,1.0,yahoo,2023-12-13 16:42:26
2011-12-08,XLK,25.90999984741211,26.06999969482422,25.600000381469727,25.63999938964844,6816100,21.192799673117374,0.0,1.0,yahoo,2023-12-13 16:42:26
2011-12-09,XLK,25.709999084472656,26.09000015258789,25.690000534057617,26.040000915527344,8280600,21.523421841942984,0.0,1.0,yahoo,2023-12-13 16:42:26
2011-12-12,XLK,25.809999465942383,25.81999969482422,25.520000457763672,25.709999084472656,58171000,21.250658079704852,0.0,1.0,yahoo,2023-12-13 16:42:26
2011-12-13,XLK,25.88999938964844,25.96999931335449,25.38999938964844,25.46999931335449,11729800,21.052285724323486,0.0,1.0,yahoo,2023-12-13 16:42:26
2011-12-14,XLK,25.420000076293945,25.440000534057617,24.989999771118164,25.07999992370605,13896700,20.729930843894188,0.0,1.0,yahoo,2023-12-13 16:42:26
2011-12-15,XLK,25.32999992370605,25.350000381469727,25.0,25.020000457763672,9474000,20.680338149179686,0.0,1.0,yahoo,2023-12-13 16:42:26
2011-12-16,XLK,25.040000915527344,25.290000915527344,24.90999984741211,24.979999542236328,19699500,20.737619044071792,0.109,1.0,yahoo,2023-12-13 16:42:26
2011-12-19,XLK,25.059999465942383,25.1200008392334,24.65999984741211,24.739999771118164,10153200,20.53837869517996,0.0,1.0,yahoo,2023-12-13 16:42:26
2011-12-20,XLK,25.06999969482422,25.46999931335449,25.06999969482422,25.440000534057617,8962800,21.119497567013955,0.0,1.0,yahoo,2023-12-13 16:42:26
2011-12-21,XLK,25.280000686645508,25.280000686645508,24.729999542236328,25.020000457763672,9106300,20.770826560597868,0.0,1.0,yahoo,2023-12-13 16:42:26
2011-12-22,XLK,25.100000381469727,25.309999465942383,25.100000381469727,25.309999465942383,4686900,21.01157472172575,0.0,1.0,yahoo,2023-12-13 16:42:26
2011-12-23,XLK,25.309999465942383,25.559999465942383,25.309999465942383,25.559999465942383,4745300,21.219116949749097,0.0,1.0,yahoo,2023-12-13 16:42:26
2011-12-27,XLK,25.51000022888184,25.68000030517578,25.489999771118164,25.600000381469727,2789000,21.252324466275173,0.0,1.0,yahoo,2023-12-13 16:42:26
2011-12-28,XLK,25.600000381469727,25.61000061035156,25.280000686645508,25.34000015258789,4851300,21.036480359120304,0.0,1.0,yahoo,2023-12-13 16:42:26
2011-12-29,XLK,25.39999961853028,25.56999969482422,25.36000061035156,25.530000686645508,5888900,21.194212895776083,0.0,1.0,yahoo,2023-12-13 16:42:26
2011-12-30,XLK,25.5,25.61000061035156,25.450000762939453,25.450000762939453,3751300,21.12779944614547,0.0,1.0,yahoo,2023-12-13 16:42:26
2012-01-03,XLK,25.8700008392334,26.020000457763672,25.790000915527344,25.809999465942383,26839900,21.426659177772446,0.0,1.0,yahoo,2023-12-13 16:42:26
2012-01-04,XLK,25.799999237060547,25.93000030517578,25.65999984741211,25.8799991607666,4744300,21.484770748271536,0.0,1.0,yahoo,2023-12-13 16:42:26
2012-01-05,XLK,25.850000381469727,26.01000022888184,25.729999542236328,25.959999084472656,6756900,21.55118419790215,0.0,1.0,yahoo,2023-12-13 16:42:26
2012-01-06,XLK,25.979999542236328,26.030000686645508,25.850000381469727,25.96999931335449,4989200,21.559486077033664,0.0,1.0,yahoo,2023-12-13 16:42:26
2012-01-09,XLK,26.059999465942383,26.07999992370605,25.86000061035156,25.93000030517578,4086600,21.52628014392913,0.0,1.0,yahoo,2023-12-13 16:42:26
2012-01-10,XLK,26.18000030517578,26.229999542236328,26.020000457763672,26.020000457763672,5733100,21.60099547269126,0.0,1.0,yahoo,2023-12-13 16:42:26
2012-01-11,XLK,25.96999931335449,26.170000076293945,25.950000762939453,26.100000381469727,4153800,21.66740892232187,0.0,1.0,yahoo,2023-12-13 16:42:26
2012-01-12,XLK,26.15999984741211,26.25,26.01000022888184,26.229999542236328,4865500,21.775330184188533,0.0,1.0,yahoo,2023-12-13 16:42:26
2012-01-13,XLK,26.06999969482422,26.11000061035156,25.88999938964844,26.07999992370605,5971500,21.65080516405883,0.0,1.0,yahoo,2023-12-13 16:42:26
2012-01-17,XLK,26.26000022888184,26.3799991607666,26.13999938964844,26.200000762939453,5533100,21.750426130215516,0.0,1.0,yahoo,2023-12-13 16:42:26
2012-01-18,XLK,26.270000457763672,26.61000061035156,26.26000022888184,26.57999992370605,7209400,22.065889620105526,0.0,1.0,yahoo,2023-12-13 16:42:26
2012-01-19,XLK,26.71999931335449,26.82999992370605,26.690000534057617,26.770000457763672,7425200,22.223622156761305,0.0,1.0,yahoo,2023-12-13 16:42:26
2012-01-20,XLK,26.71999931335449,26.84000015258789,26.709999084472656,26.799999237060547,13360300,22.248526210734322,0.0,1.0,yahoo,2023-12-13 16:42:26
2012-01-23,XLK,26.84000015258789,27.030000686645508,26.71999931335449,26.88999938964844,29022200,22.323241539496454,0.0,1.0,yahoo,2023-12-13 16:42:26
2012-01-24,XLK,26.770000457763672,26.920000076293945,26.739999771118164,26.8700008392334,5750900,22.306639364654952,0.0,1.0,yahoo,2023-12-13 16:42:26
2012-01-25,XLK,27.1200008392334,27.15999984741211,26.84000015258789,27.07999992370605,17934200,22.480974076152222,0.0,1.0,yahoo,2023-12-13 16:42:26
2012-01-26,XLK,27.170000076293945,27.200000762939453,26.790000915527344,26.89999961853028,8712900,22.331543418627973,0.0,1.0,yahoo,2023-12-13 16:42:26
2012-01-27,XLK,26.799999237060547,26.96999931335449,26.799999237060547,26.89999961853028,8260200,22.331543418627973,0.0,1.0,yahoo,2023-12-13 16:42:26
2012-01-30,XLK,26.670000076293945,27.020000457763672,26.64999961853028,26.979999542236328,7691200,22.39795686825858,0.0,1.0,yahoo,2023-12-13 16:42:26
2012-01-31,XLK,27.15999984741211,27.170000076293945,26.8700008392334,27.030000686645508,8089300,22.43946626391617,0.0,1.0,yahoo,2023-12-13 16:42:26
2012-02-01,XLK,27.290000915527344,27.420000076293945,27.190000534057617,27.299999237060547,8972400,22.663610666781018,0.0,1.0,yahoo,2023-12-13 16:42:26
2012-02-02,XLK,27.39999961853028,27.479999542236328,27.299999237060547,27.3700008392334,6020500,22.721723820701648,0.0,1.0,yahoo,2023-12-13 16:42:26
2012-02-03,XLK,27.600000381469727,27.770000457763672,27.549999237060547,27.71999931335449,7393200,23.0122816731971,0.0,1.0,yahoo,2023-12-13 16:42:26
2012-02-06,XLK,27.63999938964844,27.75,27.56999969482422,27.729999542236328,6700600,23.020583552328624,0.0,1.0,yahoo,2023-12-13 16:42:26
2012-02-07,XLK,27.71999931335449,27.8700008392334,27.59000015258789,27.799999237060547,7388000,23.078695122827714,0.0,1.0,yahoo,2023-12-13 16:42:26
2012-02-08,XLK,27.86000061035156,28.0,27.770000457763672,27.96999931335449,11494900,23.21982390122045,0.0,1.0,yahoo,2023-12-13 16:42:26
2012-02-09,XLK,28.100000381469727,28.280000686645508,28.01000022888184,28.239999771118164,9486400,23.44396988750684,0.0,1.0,yahoo,2023-12-13 16:42:26
2012-02-10,XLK,28.049999237060547,28.09000015258789,27.93000030517578,28.030000686645508,6369500,23.269635176009565,0.0,1.0,yahoo,2023-12-13 16:42:26
2012-02-13,XLK,28.229999542236328,28.270000457763672,28.049999237060547,28.209999084472656,8422000,23.41906425011228,0.0,1.0,yahoo,2023-12-13 16:42:26
2012-02-14,XLK,28.18000030517578,28.280000686645508,28.030000686645508,28.26000022888184,6543000,23.460573645769877,0.0,1.0,yahoo,2023-12-13 16:42:26
2012-02-15,XLK,28.39999961853028,28.57999992370605,28.059999465942383,28.11000061035156,12213100,23.33604862564017,0.0,1.0,yahoo,2023-12-13 16:42:26
2012-02-16,XLK,28.11000061035156,28.549999237060547,28.06999969482422,28.520000457763672,10047800,23.676417752924742,0.0,1.0,yahoo,2023-12-13 16:42:26
2012-02-17,XLK,28.61000061035156,28.61000061035156,28.420000076293945,28.520000457763672,9285000,23.676417752924742,0.0,1.0,yahoo,2023-12-13 16:42:26
2012-02-21,XLK,28.559999465942383,28.770000457763672,28.46999931335449,28.63999938964844,9720400,23.77603713565989,0.0,1.0,yahoo,2023-12-13 16:42:26
2012-02-22,XLK,28.600000381469727,28.670000076293945,28.479999542236328,28.540000915527344,8103000,23.69302151118778,0.0,1.0,yahoo,2023-12-13 16:42:26
2012-02-23,XLK,28.51000022888184,28.700000762939453,28.350000381469727,28.64999961853028,5506700,23.784339014791414,0.0,1.0,yahoo,2023-12-13 16:42:26
2012-02-24,XLK,28.75,28.8700008392334,28.739999771118164,28.81999969482422,5496000,23.925467793184144,0.0,1.0,yahoo,2023-12-13 16:42:26
2012-02-27,XLK,28.68000030517578,28.950000762939453,28.530000686645508,28.8700008392334,8526500,23.96697718884174,0.0,1.0,yahoo,2023-12-13 16:42:26
2012-02-28,XLK,28.89999961853028,29.07999992370605,28.84000015258789,29.07999992370605,10110100,24.14131190033901,0.0,1.0,yahoo,2023-12-13 16:42:26
2012-02-29,XLK,29.100000381469727,29.209999084472656,28.84000015258789,28.950000762939453,10455800,24.033390638472348,0.0,1.0,yahoo,2023-12-13 16:42:26
2012-03-01,XLK,29.100000381469727,29.170000076293945,28.96999931335449,29.1200008392334,13972400,24.174519416865085,0.0,1.0,yahoo,2023-12-13 16:42:26
2012-03-02,XLK,29.100000381469727,29.190000534057617,29.0,29.07999992370605,8785400,24.14131190033901,0.0,1.0,yahoo,2023-12-13 16:42:26
2012-03-05,XLK,29.049999237060547,29.100000381469727,28.71999931335449,28.82999992370605,7246200,23.93376967231566,0.0,1.0,yahoo,2023-12-13 16:42:26
2012-03-06,XLK,28.549999237060547,28.61000061035156,28.38999938964844,28.549999237060547,14036400,23.70132180689776,0.0,1.0,yahoo,2023-12-13 16:42:26
2012-03-07,XLK,28.670000076293945,28.799999237060547,28.6299991607666,28.76000022888184,10791000,23.875658101816576,0.0,1.0,yahoo,2023-12-13 16:42:26
2012-03-08,XLK,28.90999984741211,29.11000061035156,28.850000381469727,29.049999237060547,7258900,24.116406262944455,0.0,1.0,yahoo,2023-12-13 16:42:26
2012-03-09,XLK,29.09000015258789,29.209999084472656,29.07999992370605,29.18000030517578,6365800,24.22432910823266,0.0,1.0,yahoo,2023-12-13 16:42:26
2012-03-12,XLK,29.15999984741211,29.25,29.07999992370605,29.21999931335449,5926800,24.257535041337192,0.0,1.0,yahoo,2023-12-13 16:42:26
2012-03-13,XLK,29.38999938964844,29.799999237060547,29.36000061035156,29.799999237060547,19012100,24.7390329470145,0.0,1.0,yahoo,2023-12-13 16:42:26
2012-03-14,XLK,29.81999969482422,30.040000915527344,29.71999931335449,29.90999984741211,12741800,24.830352034039667,0.0,1.0,yahoo,2023-12-13 16:42:26
2012-03-15,XLK,30.030000686645508,30.059999465942383,29.86000061035156,29.989999771118164,12450500,24.896765483670276,0.0,1.0,yahoo,2023-12-13 16:42:26
2012-03-16,XLK,29.96999931335449,29.96999931335449,29.82999992370605,29.8799991607666,9478800,24.88510528713519,0.096,1.0,yahoo,2023-12-13 16:42:26
2012-03-19,XLK,29.940000534057617,30.170000076293945,29.8700008392334,30.100000381469727,8930800,25.068329975698234,0.0,1.0,yahoo,2023-12-13 16:42:26
2012-03-20,XLK,29.920000076293945,30.11000061035156,29.84000015258789,30.06999969482422,5713100,25.04334435766515,0.0,1.0,yahoo,2023-12-13 16:42:26
2012-03-21,XLK,30.1200008392334,30.25,30.049999237060547,30.059999465942383,8825000,25.03501581832079,0.0,1.0,yahoo,2023-12-13 16:42:26
2012-03-22,XLK,29.93000030517578,30.06999969482422,29.8799991607666,29.989999771118164,7500900,24.97671763141671,0.0,1.0,yahoo,2023-12-13 16:42:26
2012-03-23,XLK,30.040000915527344,30.040000915527344,29.82999992370605,29.989999771118164,9511600,24.97671763141671,0.0,1.0,yahoo,2023-12-13 16:42:26
2012-03-26,XLK,30.190000534057617,30.440000534057617,30.1200008392334,30.43000030517578,12187200,25.34316542003635,0.0,1.0,yahoo,2023-12-13 16:42:26
2012-03-27,XLK,30.459999084472656,30.540000915527344,30.39999961853028,30.420000076293945,6438000,25.334836880691988,0.0,1.0,yahoo,2023-12-13 16:42:26
2012-03-28,XLK,30.420000076293945,30.530000686645508,30.15999984741211,30.309999465942383,6489500,25.243224536410462,0.0,1.0,yahoo,2023-12-13 16:42:26
2012-03-29,XLK,30.14999961853028,30.290000915527344,30.030000686645508,30.25,5737200,25.19325488885075,0.0,1.0,yahoo,2023-12-13 16:42:26
2012-03-30,XLK,30.350000381469727,30.3799991607666,30.06999969482422,30.15999984741211,8007300,25.11829962325795,0.0,1.0,yahoo,2023-12-13 16:42:26
2012-04-02,XLK,30.14999961853028,30.520000457763672,30.09000015258789,30.479999542236328,16407800,25.3848065282517,0.0,1.0,yahoo,2023-12-13 16:42:26
2012-04-03,XLK,30.530000686645508,30.6200008392334,30.299999237060547,30.459999084472656,6776200,25.368149449562978,0.0,1.0,yahoo,2023-12-13 16:42:26
2012-04-04,XLK,30.209999084472656,30.229999542236328,29.90999984741211,30.100000381469727,9209800,25.068329975698234,0.0,1.0,yahoo,2023-12-13 16:42:26
2012-04-05,XLK,30.0,30.200000762939453,29.96999931335449,30.170000076293945,5059900,25.126628162602312,0.0,1.0,yahoo,2023-12-13 16:42:26
2012-04-09,XLK,29.799999237060547,30.11000061035156,29.780000686645508,29.959999084472656,6889900,24.951732013383626,0.0,1.0,yahoo,2023-12-13 16:42:26
2012-04-10,XLK,29.96999931335449,30.09000015258789,29.46999931335449,29.540000915527344,14372900,24.60194289195917,0.0,1.0,yahoo,2023-12-13 16:42:26
2012-04-11,XLK,29.780000686645508,29.86000061035156,29.63999938964844,29.709999084472656,9306600,24.74352329529395,0.0,1.0,yahoo,2023-12-13 16:42:26
2012-04-12,XLK,29.780000686645508,30.11000061035156,29.75,30.07999992370605,9069500,25.05167289700951,0.0,1.0,yahoo,2023-12-13 16:42:26
2012-04-13,XLK,30.0,30.0,29.57999992370605,29.61000061035156,10530400,24.660241078863244,0.0,1.0,yahoo,2023-12-13 16:42:26
2012-04-16,XLK,29.780000686645508,29.790000915527344,29.25,29.299999237060547,20489000,24.4020611247074,0.0,1.0,yahoo,2023-12-13 16:42:26
2012-04-17,XLK,29.39999961853028,29.989999771118164,29.38999938964844,29.940000534057617,10269100,24.93507652320136,0.0,1.0,yahoo,2023-12-13 16:42:26
2012-04-18,XLK,29.770000457763672,29.850000381469727,29.6200008392334,29.71999931335449,7106400,24.75185183463831,0.0,1.0,yahoo,2023-12-13 16:42:26
2012-04-19,XLK,29.6200008392334,29.88999938964844,29.21999931335449,29.38999938964844,19232600,24.477016390300204,0.0,1.0,yahoo,2023-12-13 16:42:26
2012-04-20,XLK,29.51000022888184,29.6299991607666,29.25,29.280000686645508,11621300,24.38540563452513,0.0,1.0,yahoo,2023-12-13 16:42:26
2012-04-23,XLK,29.049999237060547,29.1299991607666,28.799999237060547,29.049999237060547,15530300,24.193852406617726,0.0,1.0,yahoo,2023-12-13 16:42:26
2012-04-24,XLK,29.020000457763672,29.200000762939453,28.8799991607666,28.989999771118164,9624400,24.14388275905801,0.0,1.0,yahoo,2023-12-13 16:42:26
2012-04-25,XLK,29.6200008392334,29.84000015258789,29.6200008392334,29.809999465942383,14355200,24.826807100231115,0.0,1.0,yahoo,2023-12-13 16:42:26
2012-04-26,XLK,29.799999237060547,30.100000381469727,29.799999237060547,30.040000915527344,9476800,25.01836032813852,0.0,1.0,yahoo,2023-12-13 16:42:26
2012-04-27,XLK,30.07999992370605,30.1299991607666,29.90999984741211,30.030000686645508,5676600,25.01003178879416,0.0,1.0,yahoo,2023-12-13 16:42:26
2012-04-30,XLK,29.989999771118164,30.01000022888184,29.780000686645508,29.81999969482422,10061800,24.835135639575476,0.0,1.0,yahoo,2023-12-13 16:42:26
2012-05-01,XLK,29.799999237060547,30.21999931335449,29.76000022888184,29.920000076293945,11677900,24.918419444512637,0.0,1.0,yahoo,2023-12-13 16:42:26
2012-05-02,XLK,29.76000022888184,29.950000762939453,29.690000534057617,29.940000534057617,6421300,24.93507652320136,0.0,1.0,yahoo,2023-12-13 16:42:26
2012-05-03,XLK,29.989999771118164,30.0,29.61000061035156,29.690000534057617,9198900,24.726867805111684,0.0,1.0,yahoo,2023-12-13 16:42:26
2012-05-04,XLK,29.43000030517578,29.479999542236328,29.059999465942383,29.06999969482422,12093600,24.21050948530645,0.0,1.0,yahoo,2023-12-13 16:42:26
2012-05-07,XLK,28.88999938964844,29.13999938964844,28.84000015258789,28.989999771118164,8082700,24.14388275905801,0.0,1.0,yahoo,2023-12-13 16:42:26
2012-05-08,XLK,28.84000015258789,28.96999931335449,28.520000457763672,28.88999938964844,10170800,24.060598954120852,0.0,1.0,yahoo,2023-12-13 16:42:26
2012-05-09,XLK,28.59000015258789,29.030000686645508,28.479999542236328,28.88999938964844,10461800,24.060598954120852,0.0,1.0,yahoo,2023-12-13 16:42:26
2012-05-10,XLK,28.93000030517578,28.950000762939453,28.61000061035156,28.670000076293945,8644300,23.877375854064258,0.0,1.0,yahoo,2023-12-13 16:42:26
2012-05-11,XLK,28.61000061035156,29.0,28.56999969482422,28.690000534057617,7161500,23.89403293275298,0.0,1.0,yahoo,2023-12-13 16:42:26
2012-05-14,XLK,28.489999771118164,28.65999984741211,28.39999961853028,28.440000534057617,14054300,23.685824214663306,0.0,1.0,yahoo,2023-12-13 16:42:26
2012-05-15,XLK,28.51000022888184,28.700000762939453,28.299999237060547,28.36000061035156,8441600,23.619197488414866,0.0,1.0,yahoo,2023-12-13 16:42:26
2012-05-16,XLK,28.489999771118164,28.51000022888184,28.100000381469727,28.1299991607666,12809400,23.42764426050746,0.0,1.0,yahoo,2023-12-13 16:42:26
2012-05-17,XLK,28.170000076293945,28.21999931335449,27.71999931335449,27.729999542236328,11276300,23.09451062926527,0.0,1.0,yahoo,2023-12-13 16:42:26
2012-05-18,XLK,27.84000015258789,27.93000030517578,27.40999984741211,27.46999931335449,12598100,22.87797337183123,0.0,1.0,yahoo,2023-12-13 16:42:26
2012-05-21,XLK,27.530000686645508,28.15999984741211,27.46999931335449,28.14999961853028,8552200,23.44430133919619,0.0,1.0,yahoo,2023-12-13 16:42:26
2012-05-22,XLK,28.239999771118164,28.31999969482422,27.89999961853028,28.059999465942383,7814300,23.369346073603385,0.0,1.0,yahoo,2023-12-13 16:42:26
2012-05-23,XLK,27.850000381469727,28.170000076293945,27.59000015258789,28.09000015258789,8718700,23.39433169163647,0.0,1.0,yahoo,2023-12-13 16:42:26
2012-05-24,XLK,28.170000076293945,28.18000030517578,27.71999931335449,27.93000030517578,8300400,23.261078239139593,0.0,1.0,yahoo,2023-12-13 16:42:26
2012-05-25,XLK,27.90999984741211,27.979999542236328,27.809999465942383,27.8700008392334,5005200,23.21110859157988,0.0,1.0,yahoo,2023-12-13 16:42:26
2012-05-29,XLK,28.15999984741211,28.36000061035156,28.040000915527344,28.239999771118164,7334200,23.519256604788982,0.0,1.0,yahoo,2023-12-13 16:42:26
2012-05-30,XLK,27.989999771118164,28.14999961853028,27.89999961853028,28.059999465942383,5551500,23.369346073603385,0.0,1.0,yahoo,2023-12-13 16:42:26
2012-05-31,XLK,28.01000022888184,28.11000061035156,27.729999542236328,27.93000030517578,11922100,23.261078239139593,0.0,1.0,yahoo,2023-12-13 16:42:26
2012-06-01,XLK,27.450000762939453,27.61000061035156,27.200000762939453,27.200000762939453,12014300,22.65310916355929,0.0,1.0,yahoo,2023-12-13 16:42:26
2012-06-04,XLK,27.290000915527344,27.420000076293945,27.040000915527344,27.36000061035156,7853300,22.786362616056163,0.0,1.0,yahoo,2023-12-13 16:42:26
2012-06-05,XLK,27.290000915527344,27.559999465942383,27.26000022888184,27.530000686645508,7134000,22.927944607897402,0.0,1.0,yahoo,2023-12-13 16:42:26
2012-06-06,XLK,27.71999931335449,28.190000534057617,27.709999084472656,28.15999984741211,8870300,23.452629878540545,0.0,1.0,yahoo,2023-12-13 16:42:26
2012-06-07,XLK,28.43000030517578,28.440000534057617,28.0,28.020000457763672,6681100,23.33603350473239,0.0,1.0,yahoo,2023-12-13 16:42:26
2012-06-08,XLK,28.0,28.350000381469727,27.920000076293945,28.32999992370605,7605100,23.59421187038178,0.0,1.0,yahoo,2023-12-13 16:42:26
2012-06-11,XLK,28.559999465942383,28.57999992370605,27.8799991607666,27.93000030517578,13558700,23.261078239139593,0.0,1.0,yahoo,2023-12-13 16:42:26
2012-06-12,XLK,27.989999771118164,28.239999771118164,27.82999992370605,28.209999084472656,8009400,23.494270986755897,0.0,1.0,yahoo,2023-12-13 16:42:26
2012-06-13,XLK,28.170000076293945,28.309999465942383,27.959999084472656,28.040000915527344,11354500,23.352690583421115,0.0,1.0,yahoo,2023-12-13 16:42:26
2012-06-14,XLK,28.059999465942383,28.280000686645508,27.8799991607666,28.18000030517578,10581200,23.46928695722927,0.0,1.0,yahoo,2023-12-13 16:42:26
2012-06-15,XLK,28.18000030517578,28.440000534057617,28.13999938964844,28.3700008392334,14601700,23.719271968731302,0.109,1.0,yahoo,2023-12-13 16:42:26
2012-06-18,XLK,28.280000686645508,28.690000534057617,28.239999771118164,28.57999992370605,8636200,23.894845646928136,0.0,1.0,yahoo,2023-12-13 16:42:26
2012-06-19,XLK,28.729999542236328,28.920000076293945,28.700000762939453,28.799999237060547,6556000,24.078780204278345,0.0,1.0,yahoo,2023-12-13 16:42:26
2012-06-20,XLK,28.84000015258789,28.940000534057617,28.6200008392334,28.850000381469727,9480800,24.12058460004519,0.0,1.0,yahoo,2023-12-13 16:42:26
2012-06-21,XLK,28.82999992370605,28.8700008392334,28.1299991607666,28.170000076293945,6172300,23.552057575013194,0.0,1.0,yahoo,2023-12-13 16:42:26
2012-06-22,XLK,28.270000457763672,28.51000022888184,28.209999084472656,28.479999542236328,14264300,23.811238450069084,0.0,1.0,yahoo,2023-12-13 16:42:26
2012-06-25,XLK,28.21999931335449,28.21999931335449,27.850000381469727,27.89999961853028,5464400,23.32631862189615,0.0,1.0,yahoo,2023-12-13 16:42:26
2012-06-26,XLK,27.979999542236328,28.07999992370605,27.809999465942383,28.01000022888184,5620500,23.41828669790857,0.0,1.0,yahoo,2023-12-13 16:42:26
2012-06-27,XLK,28.1299991607666,28.26000022888184,28.059999465942383,28.18000030517578,7437700,23.560418454166566,0.0,1.0,yahoo,2023-12-13 16:42:26
2012-06-28,XLK,27.989999771118164,28.030000686645508,27.6299991607666,27.950000762939453,10546900,23.36812301766299,0.0,1.0,yahoo,2023-12-13 16:42:26
2012-06-29,XLK,28.43000030517578,28.770000457763672,28.36000061035156,28.729999542236328,8999700,24.0202556448794,0.0,1.0,yahoo,2023-12-13 16:42:26
2012-07-02,XLK,28.809999465942383,28.89999961853028,28.670000076293945,28.88999938964844,8471400,24.154026521984033,0.0,1.0,yahoo,2023-12-13 16:42:26
2012-07-03,XLK,28.8700008392334,29.1200008392334,28.850000381469727,29.1200008392334,3425500,24.346323553162247,0.0,1.0,yahoo,2023-12-13 16:42:26
2012-07-05,XLK,29.049999237060547,29.270000457763672,28.93000030517578,29.1200008392334,7064600,24.346323553162247,0.0,1.0,yahoo,2023-12-13 16:42:26
2012-07-06,XLK,28.93000030517578,28.93000030517578,28.489999771118164,28.690000534057617,6902200,23.986813722940564,0.0,1.0,yahoo,2023-12-13 16:42:26
2012-07-09,XLK,28.6200008392334,28.690000534057617,28.459999084472656,28.6299991607666,7319700,23.936648448020346,0.0,1.0,yahoo,2023-12-13 16:42:26
2012-07-10,XLK,28.739999771118164,28.84000015258789,28.209999084472656,28.309999465942383,7290100,23.669106693811084,0.0,1.0,yahoo,2023-12-13 16:42:26
2012-07-11,XLK,28.290000915527344,28.36000061035156,27.950000762939453,28.18000030517578,7842100,23.560418454166566,0.0,1.0,yahoo,2023-12-13 16:42:26
2012-07-12,XLK,27.979999542236328,28.020000457763672,27.670000076293945,27.89999961853028,9757900,23.32631862189615,0.0,1.0,yahoo,2023-12-13 16:42:26
2012-07-13,XLK,27.959999084472656,28.34000015258789,27.950000762939453,28.270000457763672,6889400,23.63566477187225,0.0,1.0,yahoo,2023-12-13 16:42:26
2012-07-16,XLK,28.270000457763672,28.3799991607666,28.18000030517578,28.239999771118164,4710300,23.61058213441214,0.0,1.0,yahoo,2023-12-13 16:42:26
2012-07-17,XLK,28.420000076293945,28.440000534057617,28.0,28.350000381469727,8381900,23.702550210424565,0.0,1.0,yahoo,2023-12-13 16:42:26
2012-07-18,XLK,28.350000381469727,28.90999984741211,28.32999992370605,28.84000015258789,8130200,24.112223720891823,0.0,1.0,yahoo,2023-12-13 16:42:26
2012-07-19,XLK,29.020000457763672,29.190000534057617,28.979999542236328,29.09000015258789,9842400,24.321240915702138,0.0,1.0,yahoo,2023-12-13 16:42:26
2012-07-20,XLK,29.040000915527344,29.06999969482422,28.739999771118164,28.76000022888184,15705300,24.04533828233951,0.0,1.0,yahoo,2023-12-13 16:42:26
2012-07-23,XLK,28.270000457763672,28.57999992370605,28.049999237060547,28.479999542236328,6525100,23.811238450069084,0.0,1.0,yahoo,2023-12-13 16:42:26
2012-07-24,XLK,28.489999771118164,28.559999465942383,28.01000022888184,28.190000534057617,7875900,23.568779333319934,0.0,1.0,yahoo,2023-12-13 16:42:26
2012-07-25,XLK,27.989999771118164,28.26000022888184,27.920000076293945,28.07999992370605,8230600,23.476811257307507,0.0,1.0,yahoo,2023-12-13 16:42:26
2012-07-26,XLK,28.489999771118164,28.6299991607666,28.350000381469727,28.51000022888184,7044000,23.836321087529196,0.0,1.0,yahoo,2023-12-13 16:42:26
2012-07-27,XLK,28.670000076293945,29.18000030517578,28.59000015258789,29.1299991607666,9139100,24.354682837640972,0.0,1.0,yahoo,2023-12-13 16:42:26
2012-07-30,XLK,29.170000076293945,29.36000061035156,29.07999992370605,29.13999938964844,8926500,24.363043716794348,0.0,1.0,yahoo,2023-12-13 16:42:26
2012-07-31,XLK,29.21999931335449,29.420000076293945,29.200000762939453,29.26000022888184,8740300,24.46337267196014,0.0,1.0,yahoo,2023-12-13 16:42:26
2012-08-01,XLK,29.450000762939453,29.450000762939453,29.059999465942383,29.15999984741211,9120300,24.37976547510108,0.0,1.0,yahoo,2023-12-13 16:42:26
2012-08-02,XLK,28.920000076293945,29.299999237060547,28.81999969482422,28.96999931335449,6630400,24.22091196053634,0.0,1.0,yahoo,2023-12-13 16:42:26
2012-08-03,XLK,29.46999931335449,29.6299991607666,29.34000015258789,29.540000915527344,8188600,24.69747250423056,0.0,1.0,yahoo,2023-12-13 16:42:26
2012-08-06,XLK,29.64999961853028,29.8799991607666,29.6299991607666,29.75,11320200,24.873046182427395,0.0,1.0,yahoo,2023-12-13 16:42:26
2012-08-07,XLK,29.850000381469727,30.06999969482422,29.809999465942383,29.950000762939453,7687400,25.040260576145503,0.0,1.0,yahoo,2023-12-13 16:42:26
2012-08-08,XLK,29.88999938964844,30.040000915527344,29.84000015258789,29.959999084472656,8559200,25.048619860624232,0.0,1.0,yahoo,2023-12-13 16:42:26
2012-08-09,XLK,30.01000022888184,30.11000061035156,29.940000534057617,30.059999465942383,4393800,25.132227057483284,0.0,1.0,yahoo,2023-12-13 16:42:26
2012-08-10,XLK,29.959999084472656,30.13999938964844,29.89999961853028,30.1299991607666,11433100,25.19075161688223,0.0,1.0,yahoo,2023-12-13 16:42:26
2012-08-13,XLK,30.1299991607666,30.229999542236328,30.01000022888184,30.21999931335449,5209200,25.26599793458791,0.0,1.0,yahoo,2023-12-13 16:42:26
2012-08-14,XLK,30.309999465942383,30.31999969482422,30.06999969482422,30.15999984741211,6332700,25.21583425434234,0.0,1.0,yahoo,2023-12-13 16:42:26
2012-08-15,XLK,30.170000076293945,30.239999771118164,30.1200008392334,30.170000076293945,5650800,25.22419513349571,0.0,1.0,yahoo,2023-12-13 16:42:26
2012-08-16,XLK,30.32999992370605,30.6299991607666,30.290000915527344,30.57999992370605,7167000,25.56698320541065,0.0,1.0,yahoo,2023-12-13 16:42:26
2012-08-17,XLK,30.6299991607666,30.76000022888184,30.600000381469727,30.75,8134900,25.709114961668654,0.0,1.0,yahoo,2023-12-13 16:42:26
2012-08-20,XLK,30.71999931335449,30.81999969482422,30.6200008392334,30.780000686645508,8096300,25.734197599128763,0.0,1.0,yahoo,2023-12-13 16:42:26
2012-08-21,XLK,30.89999961853028,30.959999084472656,30.489999771118164,30.57999992370605,10126200,25.56698320541065,0.0,1.0,yahoo,2023-12-13 16:42:26
2012-08-22,XLK,30.51000022888184,30.709999084472656,30.39999961853028,30.6299991607666,18550000,25.608786006502857,0.0,1.0,yahoo,2023-12-13 16:42:26
2012-08-23,XLK,30.5,30.56999969482422,30.309999465942383,30.3799991607666,7056900,25.399768811692546,0.0,1.0,yahoo,2023-12-13 16:42:26
2012-08-24,XLK,30.280000686645508,30.6200008392334,30.209999084472656,30.56999969482422,6255900,25.558622326257282,0.0,1.0,yahoo,2023-12-13 16:42:26
2012-08-27,XLK,30.700000762939453,30.71999931335449,30.540000915527344,30.600000381469727,4823700,25.58370496371739,0.0,1.0,yahoo,2023-12-13 16:42:26
2012-08-28,XLK,30.56999969482422,30.63999938964844,30.440000534057617,30.530000686645508,7866900,25.525180404318448,0.0,1.0,yahoo,2023-12-13 16:42:26
2012-08-29,XLK,30.56999969482422,30.68000030517578,30.46999931335449,30.59000015258789,4791500,25.575344084564023,0.0,1.0,yahoo,2023-12-13 16:42:26
2012-08-30,XLK,30.450000762939453,30.489999771118164,30.229999542236328,30.25,6021100,25.291080572048024,0.0,1.0,yahoo,2023-12-13 16:42:26
2012-08-31,XLK,30.479999542236328,30.59000015258789,30.170000076293945,30.489999771118164,6610600,25.49173688770497,0.0,1.0,yahoo,2023-12-13 16:42:26
2012-09-04,XLK,30.459999084472656,30.57999992370605,30.190000534057617,30.489999771118164,6805900,25.49173688770497,0.0,1.0,yahoo,2023-12-13 16:42:26
2012-09-05,XLK,30.46999931335449,30.61000061035156,30.38999938964844,30.459999084472656,8789300,25.466654250244858,0.0,1.0,yahoo,2023-12-13 16:42:26
2012-09-06,XLK,30.68000030517578,31.14999961853028,30.63999938964844,31.13999938964844,7895400,26.03518127527686,0.0,1.0,yahoo,2023-12-13 16:42:26
2012-09-07,XLK,31.049999237060547,31.14999961853028,30.979999542236328,31.09000015258789,8003100,25.993378474184652,0.0,1.0,yahoo,2023-12-13 16:42:26
2012-09-10,XLK,31.030000686645508,31.1200008392334,30.76000022888184,30.76000022888184,6264200,25.717475840822026,0.0,1.0,yahoo,2023-12-13 16:42:26
2012-09-11,XLK,30.809999465942383,31.0,30.790000915527344,30.84000015258789,5317200,25.784361279374338,0.0,1.0,yahoo,2023-12-13 16:42:26
2012-09-12,XLK,30.96999931335449,31.040000915527344,30.81999969482422,31.01000022888184,5191600,25.92649303563234,0.0,1.0,yahoo,2023-12-13 16:42:26
2012-09-13,XLK,31.040000915527344,31.549999237060547,31.020000457763672,31.43000030517578,8819500,26.27764198670065,0.0,1.0,yahoo,2023-12-13 16:42:26
2012-09-14,XLK,31.51000022888184,31.71999931335449,31.479999542236328,31.57999992370605,10304100,26.403051984651906,0.0,1.0,yahoo,2023-12-13 16:42:26
2012-09-17,XLK,31.600000381469727,31.6299991607666,31.5,31.61000061035156,3815400,26.428134622112015,0.0,1.0,yahoo,2023-12-13 16:42:26
2012-09-18,XLK,31.540000915527344,31.6299991607666,31.530000686645508,31.6299991607666,5308900,26.444854785744116,0.0,1.0,yahoo,2023-12-13 16:42:26
2012-09-19,XLK,31.61000061035156,31.739999771118164,31.549999237060547,31.65999984741211,17244900,26.469937423204225,0.0,1.0,yahoo,2023-12-13 16:42:26
2012-09-20,XLK,31.549999237060547,31.63999938964844,31.440000534057617,31.600000381469727,7135200,26.41977374295865,0.0,1.0,yahoo,2023-12-13 16:42:26
2012-09-21,XLK,31.61000061035156,31.700000762939453,31.450000762939453,31.51000022888184,8968900,26.453354515299637,0.13,1.0,yahoo,2023-12-13 16:42:26
2012-09-24,XLK,31.270000457763672,31.36000061035156,31.190000534057617,31.309999465942383,4680700,26.285449372585024,0.0,1.0,yahoo,2023-12-13 16:42:26
2012-09-25,XLK,31.3799991607666,31.40999984741211,30.86000061035156,30.8700008392334,5439800,25.91606062063227,0.0,1.0,yahoo,2023-12-13 16:42:26
2012-09-26,XLK,30.809999465942383,30.82999992370605,30.479999542236328,30.64999961853028,7391000,25.731364643393782,0.0,1.0,yahoo,2023-12-13 16:42:26
2012-09-27,XLK,30.690000534057617,31.1200008392334,30.65999984741211,31.049999237060547,4848600,26.06717332756088,0.0,1.0,yahoo,2023-12-13 16:42:26
2012-09-28,XLK,30.96999931335449,31.07999992370605,30.780000686645508,30.82999992370605,8123400,25.882478951584496,0.0,1.0,yahoo,2023-12-13 16:42:26
2012-10-01,XLK,30.950000762939453,31.1200008392334,30.68000030517578,30.76000022888184,14927500,25.823712632013024,0.0,1.0,yahoo,2023-12-13 16:42:26
2012-10-02,XLK,30.89999961853028,30.950000762939453,30.56999969482422,30.799999237060547,7517700,25.857292699798673,0.0,1.0,yahoo,2023-12-13 16:42:26
2012-10-03,XLK,30.89999961853028,31.030000686645508,30.76000022888184,30.959999084472656,5268700,25.991616173465516,0.0,1.0,yahoo,2023-12-13 16:42:26
2012-10-04,XLK,30.989999771118164,31.11000061035156,30.850000381469727,31.049999237060547,3962800,26.06717332756088,0.0,1.0,yahoo,2023-12-13 16:42:26
2012-10-05,XLK,31.190000534057617,31.21999931335449,30.809999465942383,30.88999938964844,4578900,25.93284985389404,0.0,1.0,yahoo,2023-12-13 16:42:26
2012-10-08,XLK,30.670000076293945,30.76000022888184,30.520000457763672,30.56999969482422,17581900,25.664202906560355,0.0,1.0,yahoo,2023-12-13 16:42:26
2012-10-09,XLK,30.51000022888184,30.530000686645508,30.09000015258789,30.18000030517578,15484700,25.336789639655194,0.0,1.0,yahoo,2023-12-13 16:42:26
2012-10-10,XLK,30.190000534057617,30.239999771118164,30.0,30.059999465942383,13485100,25.236046233774005,0.0,1.0,yahoo,2023-12-13 16:42:26
2012-10-11,XLK,30.280000686645508,30.290000915527344,29.940000534057617,29.940000534057617,6899400,25.13530442915493,0.0,1.0,yahoo,2023-12-13 16:42:26
2012-10-12,XLK,29.950000762939453,30.100000381469727,29.86000061035156,29.920000076293945,7138200,25.118513594631047,0.0,1.0,yahoo,2023-12-13 16:42:26
2012-10-15,XLK,29.989999771118164,30.11000061035156,29.809999465942383,30.06999969482422,5169100,25.244441651035945,0.0,1.0,yahoo,2023-12-13 16:42:26
2012-10-16,XLK,30.11000061035156,30.51000022888184,30.11000061035156,30.479999542236328,11225200,25.58864575246499,0.0,1.0,yahoo,2023-12-13 16:42:26
2012-10-17,XLK,30.229999542236328,30.420000076293945,30.170000076293945,30.31999969482422,10598500,25.454322278798152,0.0,1.0,yahoo,2023-12-13 16:42:26
2012-10-18,XLK,30.239999771118164,30.350000381469727,29.86000061035156,29.96999931335449,12251200,25.16048907967864,0.0,1.0,yahoo,2023-12-13 16:42:26
2012-10-19,XLK,29.950000762939453,29.950000762939453,29.290000915527344,29.290000915527344,12843200,24.589615117225623,0.0,1.0,yahoo,2023-12-13 16:42:26
2012-10-22,XLK,29.290000915527344,29.559999465942383,29.229999542236328,29.489999771118164,6088900,24.75751865867812,0.0,1.0,yahoo,2023-12-13 16:42:26
2012-10-23,XLK,29.290000915527344,29.450000762939453,29.1299991607666,29.170000076293945,10562000,24.488871711344434,0.0,1.0,yahoo,2023-12-13 16:42:26
2012-10-24,XLK,29.26000022888184,29.34000015258789,28.950000762939453,29.0,6392300,24.346152820415654,0.0,1.0,yahoo,2023-12-13 16:42:26
2012-10-25,XLK,29.18000030517578,29.21999931335449,28.82999992370605,28.940000534057617,5234900,24.295781918106115,0.0,1.0,yahoo,2023-12-13 16:42:26
2012-10-26,XLK,28.89999961853028,29.1200008392334,28.71999931335449,28.989999771118164,9692700,24.33775740315371,0.0,1.0,yahoo,2023-12-13 16:42:26
2012-10-31,XLK,28.979999542236328,29.020000457763672,28.780000686645508,28.8700008392334,19434500,24.237015598534636,0.0,1.0,yahoo,2023-12-13 16:42:26
2012-11-01,XLK,29.020000457763672,29.3700008392334,28.959999084472656,29.34000015258789,6269100,24.631590602273217,0.0,1.0,yahoo,2023-12-13 16:42:26
2012-11-02,XLK,29.43000030517578,29.46999931335449,28.93000030517578,28.959999084472656,9134500,24.312571151367884,0.0,1.0,yahoo,2023-12-13 16:42:26
2012-11-05,XLK,28.979999542236328,29.190000534057617,28.90999984741211,29.1200008392334,6018200,24.44689622629684,0.0,1.0,yahoo,2023-12-13 16:42:26
2012-11-06,XLK,29.25,29.459999084472656,29.18000030517578,29.25,6070400,24.556033448177857,0.0,1.0,yahoo,2023-12-13 16:42:26
2012-11-07,XLK,28.940000534057617,28.950000762939453,28.440000534057617,28.520000457763672,10098400,23.94318239941513,0.0,1.0,yahoo,2023-12-13 16:42:26
2012-11-08,XLK,28.61000061035156,28.700000762939453,28.100000381469727,28.11000061035156,9463400,23.59897829798608,0.0,1.0,yahoo,2023-12-13 16:42:26
2012-11-09,XLK,28.09000015258789,28.520000457763672,28.06999969482422,28.239999771118164,14395400,23.7081155198671,0.0,1.0,yahoo,2023-12-13 16:42:26
2012-11-12,XLK,28.350000381469727,28.38999938964844,28.100000381469727,28.200000762939453,5112000,23.674535452081447,0.0,1.0,yahoo,2023-12-13 16:42:26
2012-11-13,XLK,27.989999771118164,28.31999969482422,27.90999984741211,28.059999465942383,10088000,23.557001211676372,0.0,1.0,yahoo,2023-12-13 16:42:26
2012-11-14,XLK,28.190000534057617,28.25,27.71999931335449,27.780000686645508,15250900,23.321935933390456,0.0,1.0,yahoo,2023-12-13 16:42:26
2012-11-15,XLK,27.799999237060547,27.90999984741211,27.530000686645508,27.6200008392334,8949500,23.187612459723617,0.0,1.0,yahoo,2023-12-13 16:42:26
2012-11-16,XLK,27.64999961853028,27.76000022888184,27.209999084472656,27.65999984741211,8672600,23.22119252750927,0.0,1.0,yahoo,2023-12-13 16:42:26
2012-11-19,XLK,28.0,28.440000534057617,27.979999542236328,28.420000076293945,10976800,23.859229828057824,0.0,1.0,yahoo,2023-12-13 16:42:26
2012-11-20,XLK,28.3799991607666,28.38999938964844,28.040000915527344,28.299999237060547,14619700,23.758486422176635,0.0,1.0,yahoo,2023-12-13 16:42:26
2012-11-21,XLK,28.309999465942383,28.450000762939453,28.270000457763672,28.38999938964844,10099100,23.834043576272002,0.0,1.0,yahoo,2023-12-13 16:42:26
2012-11-23,XLK,28.56999969482422,28.8700008392334,28.530000686645508,28.850000381469727,8285500,24.22022476401075,0.0,1.0,yahoo,2023-12-13 16:42:26
2012-11-26,XLK,28.799999237060547,28.979999542236328,28.690000534057617,28.979999542236328,8069200,24.32936198589177,0.0,1.0,yahoo,2023-12-13 16:42:26
2012-11-27,XLK,28.950000762939453,29.040000915527344,28.780000686645508,28.850000381469727,10743900,24.22022476401075,0.0,1.0,yahoo,2023-12-13 16:42:26
2012-11-28,XLK,28.65999984741211,29.040000915527344,28.5,29.020000457763672,11266100,24.362943654939535,0.0,1.0,yahoo,2023-12-13 16:42:26
2012-11-29,XLK,29.15999984741211,29.26000022888184,29.030000686645508,29.15999984741211,13520400,24.480476294082493,0.0,1.0,yahoo,2023-12-13 16:42:26
2012-11-30,XLK,29.14999961853028,29.209999084472656,29.030000686645508,29.1299991607666,6301800,24.455290042296667,0.0,1.0,yahoo,2023-12-13 16:42:26
2012-12-03,XLK,29.350000381469727,29.38999938964844,29.059999465942383,29.09000015258789,7906500,24.421709974511014,0.0,1.0,yahoo,2023-12-13 16:42:26
2012-12-04,XLK,29.09000015258789,29.11000061035156,28.88999938964844,29.040000915527344,10661800,24.37973448946342,0.0,1.0,yahoo,2023-12-13 16:42:26
2012-12-05,XLK,28.979999542236328,28.979999542236328,28.56999969482422,28.75,12588300,24.136272192653447,0.0,1.0,yahoo,2023-12-13 16:42:26
2012-12-06,XLK,28.670000076293945,28.989999771118164,28.549999237060547,28.920000076293945,9738900,24.27899108358223,0.0,1.0,yahoo,2023-12-13 16:42:26
2012-12-07,XLK,29.059999465942383,29.09000015258789,28.64999961853028,28.770000457763672,23721400,24.153063027177332,0.0,1.0,yahoo,2023-12-13 16:42:26
2012-12-10,XLK,28.700000762939453,28.979999542236328,28.68000030517578,28.84000015258789,13726200,24.21182934674881,0.0,1.0,yahoo,2023-12-13 16:42:26
2012-12-11,XLK,29.06999969482422,29.39999961853028,29.020000457763672,29.229999542236328,9921000,24.539242613653972,0.0,1.0,yahoo,2023-12-13 16:42:26
2012-12-12,XLK,29.3700008392334,29.38999938964844,29.11000061035156,29.18000030517578,6555000,24.497267128606378,0.0,1.0,yahoo,2023-12-13 16:42:26
2012-12-13,XLK,29.13999938964844,29.270000457763672,28.8700008392334,28.96999931335449,8780700,24.320966568629824,0.0,1.0,yahoo,2023-12-13 16:42:26
2012-12-14,XLK,28.780000686645508,28.8700008392334,28.61000061035156,28.690000534057617,9166100,24.085901290343912,0.0,1.0,yahoo,2023-12-13 16:42:26
2012-12-17,XLK,28.690000534057617,29.049999237060547,28.68000030517578,29.040000915527344,8813100,24.37973448946342,0.0,1.0,yahoo,2023-12-13 16:42:26
2012-12-18,XLK,29.170000076293945,29.5,29.06999969482422,29.46999931335449,11042500,24.74072782415423,0.0,1.0,yahoo,2023-12-13 16:42:26
2012-12-19,XLK,29.540000915527344,29.559999465942383,29.309999465942383,29.31999969482422,9210800,24.614799767749336,0.0,1.0,yahoo,2023-12-13 16:42:26
2012-12-20,XLK,29.34000015258789,29.420000076293945,29.170000076293945,29.3700008392334,7104800,24.656776854059043,0.0,1.0,yahoo,2023-12-13 16:42:26
2012-12-21,XLK,28.81999969482422,28.989999771118164,28.71999931335449,28.950000762939453,13549600,24.444000007616463,0.168,1.0,yahoo,2023-12-13 16:42:26
2012-12-24,XLK,28.8700008392334,28.920000076293945,28.809999465942383,28.8700008392334,2594300,24.376451887266033,0.0,1.0,yahoo,2023-12-13 16:42:26
2012-12-26,XLK,28.8700008392334,28.959999084472656,28.59000015258789,28.709999084472656,4225000,24.241354036090947,0.0,1.0,yahoo,2023-12-13 16:42:26
2012-12-27,XLK,28.690000534057617,28.76000022888184,28.309999465942383,28.68000030517578,10745200,24.216024497505924,0.0,1.0,yahoo,2023-12-13 16:42:26
2012-12-28,XLK,28.450000762939453,28.64999961853028,28.32999992370605,28.36000061035156,8253400,23.945832016104195,0.0,1.0,yahoo,2023-12-13 16:42:26
2012-12-31,XLK,28.290000915527344,28.96999931335449,28.25,28.850000381469727,15186300,24.35956445455987,0.0,1.0,yahoo,2023-12-13 16:42:26
2013-01-02,XLK,29.6200008392334,29.82999992370605,29.479999542236328,29.809999465942383,15041500,25.170141898765046,0.0,1.0,yahoo,2023-12-13 16:42:26
2013-01-03,XLK,29.790000915527344,29.8700008392334,29.530000686645508,29.6200008392334,9789700,25.00971611947916,0.0,1.0,yahoo,2023-12-13 16:42:26
2013-01-04,XLK,29.59000015258789,29.6200008392334,29.39999961853028,29.5,6832900,24.9083931337164,0.0,1.0,yahoo,2023-12-13 16:42:26
2013-01-07,XLK,29.40999984741211,29.530000686645508,29.290000915527344,29.459999084472656,7688000,24.874618268304076,0.0,1.0,yahoo,2023-12-13 16:42:26
2013-01-08,XLK,29.459999084472656,29.520000457763672,29.190000534057617,29.350000381469727,5565200,24.781740609368622,0.0,1.0,yahoo,2023-12-13 16:42:26
2013-01-09,XLK,29.3799991607666,29.459999084472656,29.34000015258789,29.39999961853028,11599300,24.823957580659815,0.0,1.0,yahoo,2023-12-13 16:42:26
2013-01-10,XLK,29.61000061035156,29.6200008392334,29.299999237060547,29.549999237060547,9735300,24.950610105007588,0.0,1.0,yahoo,2023-12-13 16:42:26
2013-01-11,XLK,29.540000915527344,29.6299991607666,29.479999542236328,29.59000015258789,5057900,24.984384970419917,0.0,1.0,yahoo,2023-12-13 16:42:26
2013-01-14,XLK,29.38999938964844,29.46999931335449,29.290000915527344,29.39999961853028,9731500,24.823957580659815,0.0,1.0,yahoo,2023-12-13 16:42:26
2013-01-15,XLK,29.270000457763672,29.270000457763672,29.100000381469727,29.209999084472656,8084200,24.6635301908997,0.0,1.0,yahoo,2023-12-13 16:42:26
2013-01-16,XLK,29.229999542236328,29.43000030517578,29.190000534057617,29.309999465942383,8722400,24.747965743956293,0.0,1.0,yahoo,2023-12-13 16:42:26
2013-01-17,XLK,29.459999084472656,29.540000915527344,29.39999961853028,29.43000030517578,6353100,24.849288729719053,0.0,1.0,yahoo,2023-12-13 16:42:26
2013-01-18,XLK,29.31999969482422,29.39999961853028,29.239999771118164,29.38999938964844,7740500,24.81551386430673,0.0,1.0,yahoo,2023-12-13 16:42:26
2013-01-22,XLK,29.40999984741211,29.46999931335449,29.25,29.46999931335449,6399500,24.883061984657154,0.0,1.0,yahoo,2023-12-13 16:42:26
2013-01-23,XLK,29.739999771118164,29.88999938964844,29.700000762939453,29.780000686645508,9487300,25.144812360180026,0.0,1.0,yahoo,2023-12-13 16:42:26
2013-01-24,XLK,29.309999465942383,29.540000915527344,29.229999542236328,29.270000457763672,13378500,24.714192489018192,0.0,1.0,yahoo,2023-12-13 16:42:26
2013-01-25,XLK,29.3799991607666,29.489999771118164,29.26000022888184,29.299999237060547,16208500,24.73952202760321,0.0,1.0,yahoo,2023-12-13 16:42:26
2013-01-28,XLK,29.34000015258789,29.5,29.280000686645508,29.39999961853028,7214200,24.823957580659815,0.0,1.0,yahoo,2023-12-13 16:42:26
2013-01-29,XLK,29.350000381469727,29.51000022888184,29.209999084472656,29.440000534057617,6791400,24.857732446072134,0.0,1.0,yahoo,2023-12-13 16:42:26
2013-01-30,XLK,29.420000076293945,29.559999465942383,29.309999465942383,29.350000381469727,5963300,24.781740609368622,0.0,1.0,yahoo,2023-12-13 16:42:26
2013-01-31,XLK,29.450000762939453,29.6200008392334,29.3700008392334,29.39999961853028,5417300,24.823957580659815,0.0,1.0,yahoo,2023-12-13 16:42:26
2013-02-01,XLK,29.64999961853028,29.799999237060547,29.540000915527344,29.729999542236328,7322500,25.102593778414615,0.0,1.0,yahoo,2023-12-13 16:42:26
2013-02-04,XLK,29.6299991607666,29.670000076293945,29.31999969482422,29.34000015258789,10881800,24.77329689301554,0.0,1.0,yahoo,2023-12-13 16:42:26
2013-02-05,XLK,29.450000762939453,29.790000915527344,29.420000076293945,29.68000030517578,9629600,25.06037680712343,0.0,1.0,yahoo,2023-12-13 16:42:26
2013-02-06,XLK,29.549999237060547,29.790000915527344,29.549999237060547,29.670000076293945,7434800,25.051933090770348,0.0,1.0,yahoo,2023-12-13 16:42:26
2013-02-07,XLK,29.700000762939453,29.729999542236328,29.38999938964844,29.670000076293945,9934300,25.051933090770348,0.0,1.0,yahoo,2023-12-13 16:42:26
2013-02-08,XLK,29.790000915527344,30.0,29.780000686645508,29.93000030517578,9132600,25.271464884527806,0.0,1.0,yahoo,2023-12-13 16:42:26
2013-02-11,XLK,29.96999931335449,30.020000457763672,29.8700008392334,29.989999771118164,6435600,25.322125572172073,0.0,1.0,yahoo,2023-12-13 16:42:26
2013-02-12,XLK,29.959999084472656,30.020000457763672,29.84000015258789,29.88999938964844,5368900,25.237690019115483,0.0,1.0,yahoo,2023-12-13 16:42:26
2013-02-13,XLK,29.93000030517578,30.0,29.790000915527344,29.8799991607666,8997300,25.229246302762398,0.0,1.0,yahoo,2023-12-13 16:42:26
2013-02-14,XLK,29.709999084472656,29.84000015258789,29.65999984741211,29.799999237060547,6369500,25.161698182411964,0.0,1.0,yahoo,2023-12-13 16:42:26
2013-02-15,XLK,29.81999969482422,29.93000030517578,29.690000534057617,29.780000686645508,5011700,25.144812360180026,0.0,1.0,yahoo,2023-12-13 16:42:26
2013-02-19,XLK,29.82999992370605,29.979999542236328,29.82999992370605,29.979999542236328,4618600,25.31368185581899,0.0,1.0,yahoo,2023-12-13 16:42:26
2013-02-20,XLK,29.96999931335449,29.989999771118164,29.559999465942383,29.56999969482422,6662200,24.967497537713754,0.0,1.0,yahoo,2023-12-13 16:42:26
2013-02-21,XLK,29.46999931335449,29.489999771118164,29.229999542236328,29.32999992370605,16631600,24.764853176662456,0.0,1.0,yahoo,2023-12-13 16:42:26
2013-02-22,XLK,29.530000686645508,29.700000762939453,29.420000076293945,29.690000534057617,8672700,25.06882052347651,0.0,1.0,yahoo,2023-12-13 16:42:26
2013-02-25,XLK,29.850000381469727,29.950000762939453,29.25,29.270000457763672,8079300,24.714192489018192,0.0,1.0,yahoo,2023-12-13 16:42:26
2013-02-26,XLK,29.350000381469727,29.5,29.209999084472656,29.440000534057617,7609500,24.857732446072134,0.0,1.0,yahoo,2023-12-13 16:42:26
2013-02-27,XLK,29.39999961853028,29.84000015258789,29.3700008392334,29.690000534057617,8249700,25.06882052347651,0.0,1.0,yahoo,2023-12-13 16:42:26
2013-02-28,XLK,29.700000762939453,29.88999938964844,29.6299991607666,29.6299991607666,6665200,25.01815822535802,0.0,1.0,yahoo,2023-12-13 16:42:26
2013-03-01,XLK,29.489999771118164,29.75,29.350000381469727,29.68000030517578,5505200,25.06037680712343,0.0,1.0,yahoo,2023-12-13 16:42:26
2013-03-04,XLK,29.59000015258789,29.790000915527344,29.549999237060547,29.770000457763672,4998400,25.13636864382694,0.0,1.0,yahoo,2023-12-13 16:42:26
2013-03-05,XLK,29.940000534057617,30.25,29.940000534057617,30.18000030517578,12436800,25.482552961932182,0.0,1.0,yahoo,2023-12-13 16:42:26
2013-03-06,XLK,30.280000686645508,30.290000915527344,30.11000061035156,30.15999984741211,7174900,25.46566552922602,0.0,1.0,yahoo,2023-12-13 16:42:26
2013-03-07,XLK,30.170000076293945,30.280000686645508,30.1299991607666,30.229999542236328,5327000,25.524769933223368,0.0,1.0,yahoo,2023-12-13 16:42:26
2013-03-08,XLK,30.3700008392334,30.3700008392334,30.200000762939453,30.290000915527344,5990200,25.57543223134186,0.0,1.0,yahoo,2023-12-13 16:42:26
2013-03-11,XLK,30.229999542236328,30.3799991607666,30.13999938964844,30.36000061035156,5368500,25.634536635339206,0.0,1.0,yahoo,2023-12-13 16:42:26
2013-03-12,XLK,30.280000686645508,30.32999992370605,30.1200008392334,30.25,4852100,25.54165736592953,0.0,1.0,yahoo,2023-12-13 16:42:26
2013-03-13,XLK,30.239999771118164,30.350000381469727,30.1299991607666,30.229999542236328,5485400,25.524769933223368,0.0,1.0,yahoo,2023-12-13 16:42:26
2013-03-14,XLK,30.32999992370605,30.46999931335449,30.32999992370605,30.450000762939453,5756100,25.71052847204272,0.0,1.0,yahoo,2023-12-13 16:42:26
2013-03-15,XLK,30.32999992370605,30.350000381469727,30.1200008392334,30.200000762939453,9855100,25.6037050694846,0.124,1.0,yahoo,2023-12-13 16:42:26
2013-03-18,XLK,29.959999084472656,30.34000015258789,29.920000076293945,30.209999084472656,6172400,25.612181694294495,0.0,1.0,yahoo,2023-12-13 16:42:26
2013-03-19,XLK,30.290000915527344,30.350000381469727,29.920000076293945,30.170000076293945,7275800,25.578270343877037,0.0,1.0,yahoo,2023-12-13 16:42:26
2013-03-20,XLK,30.34000015258789,30.38999938964844,30.229999542236328,30.31999969482422,7306900,25.705440737796273,0.0,1.0,yahoo,2023-12-13 16:42:26
2013-03-21,XLK,30.020000457763672,30.100000381469727,29.90999984741211,29.979999542236328,5796800,25.417186982481045,0.0,1.0,yahoo,2023-12-13 16:42:26
2013-03-22,XLK,30.059999465942383,30.209999084472656,30.030000686645508,30.170000076293945,3409200,25.578270343877037,0.0,1.0,yahoo,2023-12-13 16:42:26
2013-03-25,XLK,30.299999237060547,30.350000381469727,29.989999771118164,30.100000381469727,4575100,25.51892426785201,0.0,1.0,yahoo,2023-12-13 16:42:26
2013-03-26,XLK,30.25,30.299999237060547,30.18000030517578,30.290000915527344,4224800,25.680007629248003,0.0,1.0,yahoo,2023-12-13 16:42:26
2013-03-27,XLK,30.07999992370605,30.229999542236328,30.030000686645508,30.209999084472656,7230400,25.612181694294495,0.0,1.0,yahoo,2023-12-13 16:42:26
2013-03-28,XLK,30.13999938964844,30.299999237060547,30.09000015258789,30.270000457763672,7415900,25.663051145509627,0.0,1.0,yahoo,2023-12-13 16:42:26
2013-04-01,XLK,30.299999237060547,30.299999237060547,29.989999771118164,30.06999969482422,4630000,25.493489542244447,0.0,1.0,yahoo,2023-12-13 16:42:26
2013-04-02,XLK,30.18000030517578,30.31999969482422,30.1200008392334,30.190000534057617,4217800,25.595226827615413,0.0,1.0,yahoo,2023-12-13 16:42:26
2013-04-03,XLK,30.21999931335449,30.270000457763672,29.89999961853028,29.950000762939453,8473700,25.39175387393277,0.0,1.0,yahoo,2023-12-13 16:42:26
2013-04-04,XLK,29.950000762939453,30.020000457763672,29.81999969482422,29.959999084472656,5635700,25.40023049874267,0.0,1.0,yahoo,2023-12-13 16:42:26
2013-04-05,XLK,29.549999237060547,29.780000686645508,29.46999931335449,29.729999542236328,7012500,25.205235786929215,0.0,1.0,yahoo,2023-12-13 16:42:26
2013-04-08,XLK,29.75,29.86000061035156,29.63999938964844,29.86000061035156,6323000,25.31545131416937,0.0,1.0,yahoo,2023-12-13 16:42:26
2013-04-09,XLK,29.93000030517578,30.14999961853028,29.799999237060547,30.06999969482422,5970100,25.493489542244447,0.0,1.0,yahoo,2023-12-13 16:42:26
2013-04-10,XLK,30.14999961853028,30.6299991607666,30.1299991607666,30.600000381469727,10551900,25.942826658955667,0.0,1.0,yahoo,2023-12-13 16:42:26
2013-04-11,XLK,30.440000534057617,30.549999237060547,30.3700008392334,30.5,6243200,25.858045857323077,0.0,1.0,yahoo,2023-12-13 16:42:26
2013-04-12,XLK,30.36000061035156,30.450000762939453,30.170000076293945,30.3700008392334,5749500,25.747831947142217,0.0,1.0,yahoo,2023-12-13 16:42:26
2013-04-15,XLK,30.26000022888184,30.31999969482422,29.8700008392334,29.8700008392334,16420100,25.323929556038557,0.0,1.0,yahoo,2023-12-13 16:42:26
2013-04-16,XLK,30.09000015258789,30.280000686645508,30.01000022888184,30.239999771118164,8310500,25.637616419902063,0.0,1.0,yahoo,2023-12-13 16:42:26
2013-04-17,XLK,29.96999931335449,29.989999771118164,29.489999771118164,29.6200008392334,12046500,25.11197836048673,0.0,1.0,yahoo,2023-12-13 16:42:26
2013-04-18,XLK,29.75,29.76000022888184,29.229999542236328,29.309999465942383,15772400,24.849157713719773,0.0,1.0,yahoo,2023-12-13 16:42:26
2013-04-19,XLK,29.25,29.459999084472656,29.100000381469727,29.350000381469727,8610000,24.883070681196525,0.0,1.0,yahoo,2023-12-13 16:42:26
2013-04-22,XLK,29.450000762939453,29.65999984741211,29.309999465942383,29.57999992370605,7321300,25.078065393009975,0.0,1.0,yahoo,2023-12-13 16:42:26
2013-04-23,XLK,29.71999931335449,30.01000022888184,29.6299991607666,29.89999961853028,12453800,25.349362664586838,0.0,1.0,yahoo,2023-12-13 16:42:26
2013-04-24,XLK,29.709999084472656,30.030000686645508,29.68000030517578,29.950000762939453,5547900,25.39175387393277,0.0,1.0,yahoo,2023-12-13 16:42:26
2013-04-25,XLK,30.020000457763672,30.209999084472656,29.979999542236328,30.049999237060547,6468800,25.47653305850607,0.0,1.0,yahoo,2023-12-13 16:42:26
2013-04-26,XLK,30.0,30.1299991607666,29.920000076293945,30.040000915527344,5367100,25.468056433696173,0.0,1.0,yahoo,2023-12-13 16:42:26
2013-04-29,XLK,30.11000061035156,30.549999237060547,30.11000061035156,30.46999931335449,8256000,25.83261113171551,0.0,1.0,yahoo,2023-12-13 16:42:26
2013-04-30,XLK,30.51000022888184,30.809999465942383,30.440000534057617,30.799999237060547,13396000,26.112386645161557,0.0,1.0,yahoo,2023-12-13 16:42:26
2013-05-01,XLK,30.76000022888184,30.799999237060547,30.5,30.530000686645508,8689200,25.88348058293064,0.0,1.0,yahoo,2023-12-13 16:42:26
2013-05-02,XLK,30.56999969482422,30.959999084472656,30.559999465942383,30.920000076293945,6413500,26.214123930532523,0.0,1.0,yahoo,2023-12-13 16:42:26
2013-05-03,XLK,31.18000030517578,31.280000686645508,31.13999938964844,31.209999084472656,10429700,26.45998647650181,0.0,1.0,yahoo,2023-12-13 16:42:26
2013-05-06,XLK,31.290000915527344,31.39999961853028,31.25,31.36000061035156,7241500,26.587158487480337,0.0,1.0,yahoo,2023-12-13 16:42:26
2013-05-07,XLK,31.3799991607666,31.43000030517578,31.18000030517578,31.34000015258789,6280500,26.570202003741965,0.0,1.0,yahoo,2023-12-13 16:42:26
2013-05-08,XLK,31.309999465942383,31.600000381469727,31.25,31.59000015258789,8493400,26.782153199293795,0.0,1.0,yahoo,2023-12-13 16:42:26
2013-05-09,XLK,31.530000686645508,31.690000534057617,31.40999984741211,31.5,10263900,26.705850639530393,0.0,1.0,yahoo,2023-12-13 16:42:26
2013-05-10,XLK,31.559999465942383,31.63999938964844,31.450000762939453,31.59000015258789,4694300,26.782153199293795,0.0,1.0,yahoo,2023-12-13 16:42:26
2013-05-13,XLK,31.559999465942383,31.600000381469727,31.459999084472656,31.51000022888184,4732900,26.714328881399585,0.0,1.0,yahoo,2023-12-13 16:42:26
2013-05-14,XLK,31.479999542236328,31.71999931335449,31.479999542236328,31.61000061035156,7373400,26.799109683032167,0.0,1.0,yahoo,2023-12-13 16:42:26
2013-05-15,XLK,31.59000015258789,31.71999931335449,31.520000457763672,31.709999084472656,6418800,26.883888867605467,0.0,1.0,yahoo,2023-12-13 16:42:26
2013-05-16,XLK,31.790000915527344,32.06999969482422,31.780000686645508,31.8799991607666,9150900,27.028015745263083,0.0,1.0,yahoo,2023-12-13 16:42:26
2013-05-17,XLK,32.0,32.209999084472656,31.920000076293945,32.20000076293945,17189600,27.29931463389923,0.0,1.0,yahoo,2023-12-13 16:42:26
2013-05-20,XLK,32.119998931884766,32.310001373291016,32.09000015258789,32.20000076293945,8091100,27.29931463389923,0.0,1.0,yahoo,2023-12-13 16:42:26
2013-05-21,XLK,32.130001068115234,32.20000076293945,31.979999542236328,32.099998474121094,8384500,27.214532215207345,0.0,1.0,yahoo,2023-12-13 16:42:26
2013-05-22,XLK,32.150001525878906,32.290000915527344,31.6200008392334,31.75,14408400,26.91780183508222,0.0,1.0,yahoo,2023-12-13 16:42:26
2013-05-23,XLK,31.479999542236328,31.850000381469727,31.40999984741211,31.739999771118164,17014400,26.90932359321303,0.0,1.0,yahoo,2023-12-13 16:42:26
2013-05-24,XLK,31.530000686645508,31.709999084472656,31.46999931335449,31.690000534057617,5276700,26.866934000926385,0.0,1.0,yahoo,2023-12-13 16:42:26
2013-05-28,XLK,32.040000915527344,32.13999938964844,31.770000457763672,31.84000015258789,6305900,26.99410439484562,0.0,1.0,yahoo,2023-12-13 16:42:26
2013-05-29,XLK,31.68000030517578,31.86000061035156,31.530000686645508,31.76000022888184,8231000,26.92628007695141,0.0,1.0,yahoo,2023-12-13 16:42:26
2013-05-30,XLK,31.790000915527344,32.09000015258789,31.75,31.959999084472656,8837500,27.095840063157297,0.0,1.0,yahoo,2023-12-13 16:42:26
2013-05-31,XLK,31.84000015258789,32.119998931884766,31.63999938964844,31.65999984741211,6966300,26.841499275318817,0.0,1.0,yahoo,2023-12-13 16:42:26
2013-06-03,XLK,31.700000762939453,31.82999992370605,31.479999542236328,31.81999969482422,10004600,26.977147911107245,0.0,1.0,yahoo,2023-12-13 16:42:26
2013-06-04,XLK,31.850000381469727,32.029998779296875,31.59000015258789,31.68000030517578,9273600,26.858455759057197,0.0,1.0,yahoo,2023-12-13 16:42:26
2013-06-05,XLK,31.600000381469727,31.68000030517578,31.32999992370605,31.3700008392334,7927300,26.59563672934953,0.0,1.0,yahoo,2023-12-13 16:42:26
2013-06-06,XLK,31.3799991607666,31.489999771118164,31.11000061035156,31.440000534057617,14726800,26.654982805374555,0.0,1.0,yahoo,2023-12-13 16:42:26
2013-06-07,XLK,31.600000381469727,31.76000022888184,31.440000534057617,31.729999542236328,6511400,26.900845351343843,0.0,1.0,yahoo,2023-12-13 16:42:26
2013-06-10,XLK,31.850000381469727,31.93000030517578,31.75,31.799999237060547,6391000,26.96019142736887,0.0,1.0,yahoo,2023-12-13 16:42:26
2013-06-11,XLK,31.51000022888184,31.790000915527344,31.43000030517578,31.46999931335449,7307600,26.680415913922825,0.0,1.0,yahoo,2023-12-13 16:42:26
2013-06-12,XLK,31.63999938964844,31.700000762939453,31.190000534057617,31.26000022888184,8950700,26.502377685847755,0.0,1.0,yahoo,2023-12-13 16:42:26
2013-06-13,XLK,31.200000762939453,31.68000030517578,31.14999961853028,31.6200008392334,7608600,26.80758792490136,0.0,1.0,yahoo,2023-12-13 16:42:26
2013-06-14,XLK,31.57999992370605,31.68000030517578,31.350000381469727,31.3799991607666,5779300,26.604113354159427,0.0,1.0,yahoo,2023-12-13 16:42:26
2013-06-17,XLK,31.57999992370605,31.86000061035156,31.540000915527344,31.670000076293945,6588400,26.84997751718801,0.0,1.0,yahoo,2023-12-13 16:42:26
2013-06-18,XLK,31.729999542236328,32.0,31.709999084472656,31.920000076293945,6318800,27.061928712739835,0.0,1.0,yahoo,2023-12-13 16:42:26
2013-06-19,XLK,31.950000762939453,31.959999084472656,31.530000686645508,31.549999237060547,11223700,26.74824023181704,0.0,1.0,yahoo,2023-12-13 16:42:26
2013-06-20,XLK,31.21999931335449,31.3700008392334,30.780000686645508,30.850000381469727,15781500,26.154777854507497,0.0,1.0,yahoo,2023-12-13 16:42:26
2013-06-21,XLK,30.739999771118164,30.780000686645508,30.299999237060547,30.51000022888184,12111100,25.997141827993314,0.155,1.0,yahoo,2023-12-13 16:42:26
2013-06-24,XLK,30.239999771118164,30.350000381469727,29.940000534057617,30.13999938964844,11185200,25.681869319901963,0.0,1.0,yahoo,2023-12-13 16:42:26
2013-06-25,XLK,30.450000762939453,30.51000022888184,30.200000762939453,30.38999938964844,8263800,25.894890801653574,0.0,1.0,yahoo,2023-12-13 16:42:26
2013-06-26,XLK,30.690000534057617,30.700000762939453,30.479999542236328,30.56999969482422,20470300,26.048266528550716,0.0,1.0,yahoo,2023-12-13 16:42:26
2013-06-27,XLK,30.75,30.8799991607666,30.700000762939453,30.71999931335449,6544300,26.176079092556694,0.0,1.0,yahoo,2023-12-13 16:42:26
2013-06-28,XLK,30.46999931335449,30.75,30.36000061035156,30.59000015258789,9145600,26.065308637144827,0.0,1.0,yahoo,2023-12-13 16:42:26
2013-07-01,XLK,30.81999969482422,30.989999771118164,30.71999931335449,30.75,9576400,26.201642255447865,0.0,1.0,yahoo,2023-12-13 16:42:26
2013-07-02,XLK,30.729999542236328,31.01000022888184,30.6200008392334,30.799999237060547,14495200,26.244245901708215,0.0,1.0,yahoo,2023-12-13 16:42:26
2013-07-03,XLK,30.71999931335449,31.1200008392334,30.71999931335449,30.979999542236328,11597100,26.39762162860536,0.0,1.0,yahoo,2023-12-13 16:42:26
2013-07-05,XLK,31.15999984741211,31.200000762939453,30.850000381469727,31.18000030517578,14204100,26.568039464096618,0.0,1.0,yahoo,2023-12-13 16:42:26
2013-07-08,XLK,31.34000015258789,31.3700008392334,31.07999992370605,31.15999984741211,7829000,26.550997355502506,0.0,1.0,yahoo,2023-12-13 16:42:26
2013-07-09,XLK,31.290000915527344,31.32999992370605,31.1299991607666,31.280000686645508,12468900,26.65324838184225,0.0,1.0,yahoo,2023-12-13 16:42:26
2013-07-10,XLK,31.270000457763672,31.479999542236328,31.26000022888184,31.3799991607666,8831400,26.73845567436295,0.0,1.0,yahoo,2023-12-13 16:42:26
2013-07-11,XLK,31.700000762939453,31.940000534057617,31.670000076293945,31.90999984741211,10324200,27.190061800757334,0.0,1.0,yahoo,2023-12-13 16:42:26
2013-07-12,XLK,31.940000534057617,31.96999931335449,31.809999465942383,31.93000030517578,7209000,27.207103909351446,0.0,1.0,yahoo,2023-12-13 16:42:26
2013-07-15,XLK,31.950000762939453,32.04999923706055,31.82999992370605,32.02000045776367,4550000,27.28379177280002,0.0,1.0,yahoo,2023-12-13 16:42:26
2013-07-16,XLK,32.0,32.06999969482422,31.940000534057617,32.040000915527344,4974200,27.30083388139413,0.0,1.0,yahoo,2023-12-13 16:42:26
2013-07-17,XLK,32.13999938964844,32.189998626708984,32.0099983215332,32.06999969482422,5480500,27.32639541906037,0.0,1.0,yahoo,2023-12-13 16:42:26
2013-07-18,XLK,32.09000015258789,32.150001525878906,31.920000076293945,31.989999771118164,4266200,27.25822860990885,0.0,1.0,yahoo,2023-12-13 16:42:26
2013-07-19,XLK,31.65999984741211,31.690000534057617,31.3700008392334,31.450000762939453,13599500,26.79810305444234,0.0,1.0,yahoo,2023-12-13 16:42:26
2013-07-22,XLK,31.51000022888184,31.57999992370605,31.440000534057617,31.540000915527344,5038600,26.874790917890913,0.0,1.0,yahoo,2023-12-13 16:42:26
2013-07-23,XLK,31.57999992370605,31.6299991607666,31.39999961853028,31.40999984741211,4584500,26.764018837254117,0.0,1.0,yahoo,2023-12-13 16:42:26
2013-07-24,XLK,31.76000022888184,31.780000686645508,31.559999465942383,31.6200008392334,5791500,26.94295772704243,0.0,1.0,yahoo,2023-12-13 16:42:26
2013-07-25,XLK,31.59000015258789,31.68000030517578,31.489999771118164,31.63999938964844,4828800,26.959998210411616,0.0,1.0,yahoo,2023-12-13 16:42:26
2013-07-26,XLK,31.5,31.729999542236328,31.420000076293945,31.729999542236328,6027000,27.03668607386019,0.0,1.0,yahoo,2023-12-13 16:42:26
2013-07-29,XLK,31.65999984741211,31.780000686645508,31.61000061035156,31.68000030517578,3977700,26.994082427599835,0.0,1.0,yahoo,2023-12-13 16:42:26
2013-07-30,XLK,31.799999237060547,31.96999931335449,31.770000457763672,31.84000015258789,5561300,27.130416045902873,0.0,1.0,yahoo,2023-12-13 16:42:26
2013-07-31,XLK,31.89999961853028,32.02000045776367,31.68000030517578,31.729999542236328,6840900,27.03668607386019,0.0,1.0,yahoo,2023-12-13 16:42:26
2013-08-01,XLK,31.940000534057617,32.099998474121094,31.93000030517578,32.06999969482422,7747300,27.32639541906037,0.0,1.0,yahoo,2023-12-13 16:42:26
2013-08-02,XLK,32.06999969482422,32.22999954223633,32.0099983215332,32.209999084472656,4424900,27.445686928769295,0.0,1.0,yahoo,2023-12-13 16:42:26
2013-08-05,XLK,32.13999938964844,32.31999969482422,32.130001068115234,32.279998779296875,4369100,27.505332683623756,0.0,1.0,yahoo,2023-12-13 16:42:26
2013-08-06,XLK,32.279998779296875,32.279998779296875,32.02000045776367,32.11000061035156,4686200,27.36047963624859,0.0,1.0,yahoo,2023-12-13 16:42:26
2013-08-07,XLK,32.040000915527344,32.119998931884766,31.89999961853028,32.029998779296875,5250000,27.292311201872145,0.0,1.0,yahoo,2023-12-13 16:42:26
2013-08-08,XLK,32.18000030517578,32.20000076293945,31.940000534057617,32.130001068115234,5058500,27.377521744842703,0.0,1.0,yahoo,2023-12-13 16:42:26
2013-08-09,XLK,32.08000183105469,32.150001525878906,31.8700008392334,31.96999931335449,3669600,27.241186501314736,0.0,1.0,yahoo,2023-12-13 16:42:26
2013-08-12,XLK,31.790000915527344,32.209999084472656,31.790000915527344,32.18000030517578,4983100,27.420125391103053,0.0,1.0,yahoo,2023-12-13 16:42:26
2013-08-13,XLK,32.220001220703125,32.459999084472656,32.060001373291016,32.400001525878906,4715500,27.607585335188425,0.0,1.0,yahoo,2023-12-13 16:42:26
2013-08-14,XLK,32.38999938964844,32.470001220703125,32.2599983215332,32.369998931884766,5295700,27.58202054707233,0.0,1.0,yahoo,2023-12-13 16:42:26
2013-08-15,XLK,32.04999923706055,32.04999923706055,31.799999237060547,31.850000381469727,7036100,27.13893710019993,0.0,1.0,yahoo,2023-12-13 16:42:26
2013-08-16,XLK,31.850000381469727,31.979999542236328,31.75,31.81999969482422,7235600,27.11337393730876,0.0,1.0,yahoo,2023-12-13 16:42:26
2013-08-19,XLK,31.84000015258789,32.040000915527344,31.71999931335449,31.71999931335449,4811800,27.02816501956313,0.0,1.0,yahoo,2023-12-13 16:42:26
2013-08-20,XLK,31.809999465942383,31.920000076293945,31.690000534057617,31.770000457763672,3317900,27.070770291048408,0.0,1.0,yahoo,2023-12-13 16:42:26
2013-08-21,XLK,31.770000457763672,31.940000534057617,31.6200008392334,31.700000762939453,6065800,27.011124536193947,0.0,1.0,yahoo,2023-12-13 16:42:26
2013-08-22,XLK,31.790000915527344,31.8799991607666,31.63999938964844,31.84000015258789,6049100,27.130416045902873,0.0,1.0,yahoo,2023-12-13 16:42:26
2013-08-23,XLK,32.11000061035156,32.13999938964844,31.979999542236328,32.06999969482422,5068500,27.32639541906037,0.0,1.0,yahoo,2023-12-13 16:42:26
2013-08-26,XLK,32.04999923706055,32.20000076293945,31.90999984741211,31.920000076293945,6792700,27.19858285505439,0.0,1.0,yahoo,2023-12-13 16:42:26
2013-08-27,XLK,31.6200008392334,31.729999542236328,31.290000915527344,31.36000061035156,6851500,26.721415190993763,0.0,1.0,yahoo,2023-12-13 16:42:26
2013-08-28,XLK,31.31999969482422,31.540000915527344,31.299999237060547,31.3799991607666,4500600,26.73845567436295,0.0,1.0,yahoo,2023-12-13 16:42:26
2013-08-29,XLK,31.440000534057617,31.709999084472656,31.39999961853028,31.549999237060547,4787700,26.88331034696304,0.0,1.0,yahoo,2023-12-13 16:42:26
2013-08-30,XLK,31.6200008392334,31.6200008392334,31.31999969482422,31.39999961853028,7171600,26.755497782957068,0.0,1.0,yahoo,2023-12-13 16:42:26
2013-09-03,XLK,31.530000686645508,31.65999984741211,31.309999465942383,31.43000030517578,7395000,26.78106094584823,0.0,1.0,yahoo,2023-12-13 16:42:26
2013-09-04,XLK,31.5,31.780000686645508,31.459999084472656,31.729999542236328,7160600,27.03668607386019,0.0,1.0,yahoo,2023-12-13 16:42:26
2013-09-05,XLK,31.770000457763672,31.86000061035156,31.700000762939453,31.75,3714000,27.0537281824543,0.0,1.0,yahoo,2023-12-13 16:42:26
2013-09-06,XLK,31.850000381469727,31.90999984741211,31.51000022888184,31.770000457763672,5142900,27.070770291048408,0.0,1.0,yahoo,2023-12-13 16:42:26
2013-09-09,XLK,31.959999084472656,32.220001220703125,31.93000030517578,32.150001525878906,5714600,27.394563853436814,0.0,1.0,yahoo,2023-12-13 16:42:26
2013-09-10,XLK,32.34000015258789,32.41999816894531,32.22999954223633,32.349998474121094,6774400,27.564978438478217,0.0,1.0,yahoo,2023-12-13 16:42:26
2013-09-11,XLK,32.08000183105469,32.279998779296875,32.060001373291016,32.20000076293945,9332700,27.437167499697164,0.0,1.0,yahoo,2023-12-13 16:42:26
2013-09-12,XLK,32.220001220703125,32.34000015258789,32.13999938964844,32.22999954223633,6052300,27.462729037363406,0.0,1.0,yahoo,2023-12-13 16:42:26
2013-09-13,XLK,32.290000915527344,32.33000183105469,32.150001525878906,32.2599983215332,3991200,27.488290575029644,0.0,1.0,yahoo,2023-12-13 16:42:26
2013-09-16,XLK,32.5099983215332,32.5099983215332,32.119998931884766,32.209999084472656,8161200,27.445686928769295,0.0,1.0,yahoo,2023-12-13 16:42:26
2013-09-17,XLK,32.2599983215332,32.439998626708984,32.25,32.369998931884766,6401400,27.58202054707233,0.0,1.0,yahoo,2023-12-13 16:42:26
2013-09-18,XLK,32.470001220703125,32.81999969482422,32.38999938964844,32.779998779296875,8826300,27.931375647126973,0.0,1.0,yahoo,2023-12-13 16:42:26
2013-09-19,XLK,32.83000183105469,32.90999984741211,32.779998779296875,32.79999923706055,6649200,27.948417755721085,0.0,1.0,yahoo,2023-12-13 16:42:26
2013-09-20,XLK,32.7599983215332,32.779998779296875,32.380001068115234,32.40999984741211,7779600,27.749777475942963,0.158,1.0,yahoo,2023-12-13 16:42:26
2013-09-23,XLK,32.619998931884766,32.70000076293945,32.34000015258789,32.5099983215332,8043500,27.835397204972853,0.0,1.0,yahoo,2023-12-13 16:42:26
2013-09-24,XLK,32.45000076293945,32.52000045776367,32.2400016784668,32.369998931884766,4747500,27.715528277857686,0.0,1.0,yahoo,2023-12-13 16:42:26
2013-09-25,XLK,32.40999984741211,32.45000076293945,32.220001220703125,32.31999969482422,4591300,27.672718413342743,0.0,1.0,yahoo,2023-12-13 16:42:26
2013-09-26,XLK,32.45000076293945,32.59000015258789,32.34000015258789,32.439998626708984,5065300,27.77546274141527,0.0,1.0,yahoo,2023-12-13 16:42:26
2013-09-27,XLK,32.25,32.29999923706055,32.130001068115234,32.2400016784668,6199500,27.60422328335549,0.0,1.0,yahoo,2023-12-13 16:42:26
2013-09-30,XLK,31.89999961853028,32.15999984741211,31.809999465942383,32.040000915527344,7522100,27.432980559112412,0.0,1.0,yahoo,2023-12-13 16:42:26
2013-10-01,XLK,32.06999969482422,32.38999938964844,32.040000915527344,32.31999969482422,8177000,27.672718413342743,0.0,1.0,yahoo,2023-12-13 16:42:26
2013-10-02,XLK,32.13999938964844,32.369998931884766,32.09000015258789,32.33000183105469,8128000,27.68128234595571,0.0,1.0,yahoo,2023-12-13 16:42:26
2013-10-03,XLK,32.349998474121094,32.36000061035156,31.88999938964844,32.04999923706055,6492600,27.44154122554208,0.0,1.0,yahoo,2023-12-13 16:42:26
2013-10-04,XLK,32.02000045776367,32.22999954223633,32.0,32.18000030517578,5340800,27.552849486227576,0.0,1.0,yahoo,2023-12-13 16:42:26
2013-10-07,XLK,31.950000762939453,32.22999954223633,31.940000534057617,32.040000915527344,4567700,27.432980559112412,0.0,1.0,yahoo,2023-12-13 16:42:26
2013-10-08,XLK,32.02000045776367,32.060001373291016,31.5,31.530000686645508,8092700,26.996313082075044,0.0,1.0,yahoo,2023-12-13 16:42:26
2013-10-09,XLK,31.6200008392334,31.770000457763672,31.3799991607666,31.64999961853028,10269900,27.099057410147577,0.0,1.0,yahoo,2023-12-13 16:42:26
2013-10-10,XLK,31.920000076293945,32.220001220703125,31.89999961853028,32.18000030517578,8204800,27.552849486227576,0.0,1.0,yahoo,2023-12-13 16:42:26
2013-10-11,XLK,32.119998931884766,32.45000076293945,32.09000015258789,32.45000076293945,8908600,27.78402667402824,0.0,1.0,yahoo,2023-12-13 16:42:26
2013-10-14,XLK,32.2599983215332,32.59000015258789,32.209999084472656,32.560001373291016,7139800,27.8782103356711,0.0,1.0,yahoo,2023-12-13 16:42:26
2013-10-15,XLK,32.47999954223633,32.63999938964844,32.349998474121094,32.36000061035156,7250300,27.70696761142802,0.0,1.0,yahoo,2023-12-13 16:42:26
2013-10-16,XLK,32.5,32.720001220703125,32.47999954223633,32.66999816894531,8192200,27.972390731130655,0.0,1.0,yahoo,2023-12-13 16:42:26
2013-10-17,XLK,32.459999084472656,32.709999084472656,32.38999938964844,32.68000030517578,7421100,27.980954663743624,0.0,1.0,yahoo,2023-12-13 16:42:26
2013-10-18,XLK,33.02000045776367,33.2599983215332,32.90999984741211,33.2400016784668,7934700,28.460433638387588,0.0,1.0,yahoo,2023-12-13 16:42:26
2013-10-21,XLK,33.380001068115234,33.5099983215332,33.349998474121094,33.41999816894531,5401500,28.61454849740473,0.0,1.0,yahoo,2023-12-13 16:42:26
2013-10-22,XLK,33.540000915527344,33.56999969482422,33.22999954223633,33.40999984741211,16358100,28.60598783097506,0.0,1.0,yahoo,2023-12-13 16:42:26
2013-10-23,XLK,33.25,33.31999969482422,33.099998474121094,33.25,5133300,28.468994304817258,0.0,1.0,yahoo,2023-12-13 16:42:26
2013-10-24,XLK,33.290000915527344,33.43000030517578,33.20000076293945,33.33000183105469,3533600,28.53749270098781,0.0,1.0,yahoo,2023-12-13 16:42:26
2013-10-25,XLK,33.56999969482422,33.650001525878906,33.400001525878906,33.5,3381300,28.68304689357528,0.0,1.0,yahoo,2023-12-13 16:42:26
2013-10-28,XLK,33.59000015258789,33.63999938964844,33.45000076293945,33.61000061035156,5010500,28.77723055521814,0.0,1.0,yahoo,2023-12-13 16:42:26
2013-10-29,XLK,33.79999923706055,33.90999984741211,33.66999816894531,33.83000183105469,4975000,28.965597878503857,0.0,1.0,yahoo,2023-12-13 16:42:26
2013-10-30,XLK,33.900001525878906,33.91999816894531,33.619998931884766,33.7599983215332,5574500,28.905660148762976,0.0,1.0,yahoo,2023-12-13 16:42:26
2013-10-31,XLK,33.689998626708984,33.84000015258789,33.61000061035156,33.650001525878906,28712000,28.811479753303416,0.0,1.0,yahoo,2023-12-13 16:42:26
2013-11-01,XLK,33.790000915527344,33.849998474121094,33.529998779296875,33.65999984741211,4635200,28.820040419733086,0.0,1.0,yahoo,2023-12-13 16:42:26
2013-11-04,XLK,33.7599983215332,33.81999969482422,33.65999984741211,33.790000915527344,5976700,28.931348680418584,0.0,1.0,yahoo,2023-12-13 16:42:26
2013-11-05,XLK,33.65999984741211,33.79999923706055,33.58000183105469,33.70000076293945,4511900,28.854289617818363,0.0,1.0,yahoo,2023-12-13 16:42:26
2013-11-06,XLK,33.869998931884766,34.04999923706055,33.83000183105469,34.040000915527344,5250800,29.145401269176606,0.0,1.0,yahoo,2023-12-13 16:42:26
2013-11-07,XLK,34.040000915527344,34.099998474121094,33.560001373291016,33.599998474121094,10535300,28.76866662260517,0.0,1.0,yahoo,2023-12-13 16:42:26
2013-11-08,XLK,33.66999816894531,33.91999816894531,33.5099983215332,33.900001525878906,8947200,29.025532342061442,0.0,1.0,yahoo,2023-12-13 16:42:26
2013-11-11,XLK,33.88999938964844,33.970001220703125,33.79999923706055,33.939998626708984,7829900,29.059778273963417,0.0,1.0,yahoo,2023-12-13 16:42:26
2013-11-12,XLK,33.790000915527344,34.099998474121094,33.790000915527344,34.029998779296875,4709700,29.136837336563637,0.0,1.0,yahoo,2023-12-13 16:42:26
2013-11-13,XLK,33.88999938964844,34.33000183105469,33.869998931884766,34.31999969482422,6748400,29.385139123406937,0.0,1.0,yahoo,2023-12-13 16:42:26
2013-11-14,XLK,34.099998474121094,34.2599983215332,34.04999923706055,34.22999954223633,8478500,29.308080060806716,0.0,1.0,yahoo,2023-12-13 16:42:26
2013-11-15,XLK,34.209999084472656,34.33000183105469,34.189998626708984,34.29999923706055,7706300,29.368014524364302,0.0,1.0,yahoo,2023-12-13 16:42:26
2013-11-18,XLK,34.36000061035156,34.369998931884766,34.099998474121094,34.16999816894531,5239900,29.256706263678804,0.0,1.0,yahoo,2023-12-13 16:42:26
2013-11-19,XLK,34.130001068115234,34.29999923706055,33.9900016784668,34.04999923706055,4449100,29.153961935606276,0.0,1.0,yahoo,2023-12-13 16:42:26
2013-11-20,XLK,34.08000183105469,34.25,33.86000061035156,33.939998626708984,4326100,29.059778273963417,0.0,1.0,yahoo,2023-12-13 16:42:26
2013-11-21,XLK,34.029998779296875,34.2400016784668,34.029998779296875,34.22999954223633,5391000,29.308080060806716,0.0,1.0,yahoo,2023-12-13 16:42:26
2013-11-22,XLK,34.22999954223633,34.22999954223633,34.11000061035156,34.15999984741211,3110900,29.248145597249135,0.0,1.0,yahoo,2023-12-13 16:42:26
2013-11-25,XLK,34.220001220703125,34.25,34.08000183105469,34.15999984741211,9180400,29.248145597249135,0.0,1.0,yahoo,2023-12-13 16:42:26
2013-11-26,XLK,34.16999816894531,34.369998931884766,34.13999938964844,34.279998779296875,5315900,29.350889925321663,0.0,1.0,yahoo,2023-12-13 16:42:26
2013-11-27,XLK,34.349998474121094,34.56999969482422,34.349998474121094,34.54999923706055,6605400,29.582067113122324,0.0,1.0,yahoo,2023-12-13 16:42:26
2013-11-29,XLK,34.61000061035156,34.790000915527344,34.599998474121094,34.689998626708984,4233000,29.70193604023749,0.0,1.0,yahoo,2023-12-13 16:42:26
2013-12-02,XLK,34.720001220703125,34.790000915527344,34.5,34.58000183105469,4941600,29.60775564477793,0.0,1.0,yahoo,2023-12-13 16:42:26
2013-12-03,XLK,34.459999084472656,34.70000076293945,34.459999084472656,34.65999984741211,5727900,29.676250774765183,0.0,1.0,yahoo,2023-12-13 16:42:26
2013-12-04,XLK,34.560001373291016,34.81999969482422,34.459999084472656,34.689998626708984,6573900,29.70193604023749,0.0,1.0,yahoo,2023-12-13 16:42:26
2013-12-05,XLK,34.779998779296875,34.779998779296875,34.529998779296875,34.58000183105469,4268700,29.60775564477793,0.0,1.0,yahoo,2023-12-13 16:42:26
2013-12-06,XLK,34.81999969482422,34.900001525878906,34.709999084472656,34.81999969482422,4398300,29.81324430092299,0.0,1.0,yahoo,2023-12-13 16:42:26
2013-12-09,XLK,34.91999816894531,35.029998779296875,34.849998474121094,34.93000030517578,3998600,29.907427962565848,0.0,1.0,yahoo,2023-12-13 16:42:26
2013-12-10,XLK,34.91999816894531,34.939998626708984,34.81999969482422,34.86000061035156,8124900,29.847493499008262,0.0,1.0,yahoo,2023-12-13 16:42:26
2013-12-11,XLK,34.90999984741211,34.97999954223633,34.4900016784668,34.540000915527344,7537700,29.573506446692654,0.0,1.0,yahoo,2023-12-13 16:42:26
2013-12-12,XLK,34.54999923706055,34.54999923706055,34.29999923706055,34.310001373291016,5504100,29.37657845697727,0.0,1.0,yahoo,2023-12-13 16:42:26
2013-12-13,XLK,34.47999954223633,34.47999954223633,34.20000076293945,34.20000076293945,4852700,29.28239479533441,0.0,1.0,yahoo,2023-12-13 16:42:26
2013-12-16,XLK,34.380001068115234,34.630001068115234,34.34000015258789,34.540000915527344,6014500,29.573506446692654,0.0,1.0,yahoo,2023-12-13 16:42:26
2013-12-17,XLK,34.5099983215332,34.63999938964844,34.47999954223633,34.529998779296875,5576900,29.564942514079686,0.0,1.0,yahoo,2023-12-13 16:42:26
2013-12-18,XLK,34.5,34.81999969482422,34.029998779296875,34.79999923706055,17109800,29.79611970188035,0.0,1.0,yahoo,2023-12-13 16:42:26
2013-12-19,XLK,34.790000915527344,34.91999816894531,34.72999954223633,34.86000061035156,8661300,29.847493499008262,0.0,1.0,yahoo,2023-12-13 16:42:26
2013-12-20,XLK,34.779998779296875,35.040000915527344,34.7400016784668,34.959999084472656,8826900,30.08066900283517,0.171,1.0,yahoo,2023-12-13 16:42:26
2013-12-23,XLK,35.279998779296875,35.43000030517578,35.20000076293945,35.41999816894531,7285400,30.47646650180521,0.0,1.0,yahoo,2023-12-13 16:42:26
2013-12-24,XLK,35.43000030517578,35.52000045776367,35.41999816894531,35.52000045776367,2614100,30.56251157698392,0.0,1.0,yahoo,2023-12-13 16:42:26
2013-12-26,XLK,35.59000015258789,35.650001525878906,35.529998779296875,35.61000061035156,3580200,30.639950503502753,0.0,1.0,yahoo,2023-12-13 16:42:26
2013-12-27,XLK,35.70000076293945,35.70000076293945,35.540000915527344,35.58000183105469,3824500,30.614138622091144,0.0,1.0,yahoo,2023-12-13 16:42:26
2013-12-30,XLK,35.54999923706055,35.56999969482422,35.459999084472656,35.5099983215332,4638800,30.553905428324043,0.0,1.0,yahoo,2023-12-13 16:42:26
2013-12-31,XLK,35.59000015258789,35.7599983215332,35.54999923706055,35.7400016784668,6844700,30.75180746009307,0.0,1.0,yahoo,2023-12-13 16:42:26
2014-01-02,XLK,35.619998931884766,35.619998931884766,35.33000183105469,35.38999938964844,8552500,30.4506546203936,0.0,1.0,yahoo,2023-12-13 16:42:26
2014-01-03,XLK,35.47999954223633,35.47999954223633,35.20000076293945,35.220001220703125,5204800,30.304382916015804,0.0,1.0,yahoo,2023-12-13 16:42:26
2014-01-06,XLK,35.18000030517578,35.290000915527344,35.029998779296875,35.15999984741211,4524700,30.25275587090858,0.0,1.0,yahoo,2023-12-13 16:42:26
2014-01-07,XLK,35.31999969482422,35.529998779296875,35.25,35.47999954223633,7161800,30.528093546912434,0.0,1.0,yahoo,2023-12-13 16:42:26
2014-01-08,XLK,35.5,35.599998474121094,35.36000061035156,35.47999954223633,4696400,30.528093546912434,0.0,1.0,yahoo,2023-12-13 16:42:26
2014-01-09,XLK,35.630001068115234,35.630001068115234,35.15999984741211,35.25,6341900,30.330194797427414,0.0,1.0,yahoo,2023-12-13 16:42:26
2014-01-10,XLK,35.349998474121094,35.41999816894531,35.13999938964844,35.31999969482422,12960100,30.39042470891051,0.0,1.0,yahoo,2023-12-13 16:42:26
2014-01-13,XLK,35.290000915527344,35.459999084472656,34.83000183105469,34.939998626708984,6445300,30.063459987799426,0.0,1.0,yahoo,2023-12-13 16:42:26
2014-01-14,XLK,35.08000183105469,35.54999923706055,35.040000915527344,35.529998779296875,6419400,30.571114443359786,0.0,1.0,yahoo,2023-12-13 16:42:26
2014-01-15,XLK,35.72999954223633,36.04999923706055,35.68000030517578,35.959999084472656,9674000,30.941100060918217,0.0,1.0,yahoo,2023-12-13 16:42:26
2014-01-16,XLK,35.97999954223633,36.0099983215332,35.869998931884766,35.95000076293945,6931300,30.932497194542346,0.0,1.0,yahoo,2023-12-13 16:42:26
2014-01-17,XLK,35.88999938964844,35.959999084472656,35.66999816894531,35.75,6338700,30.76041032646894,0.0,1.0,yahoo,2023-12-13 16:42:26
2014-01-21,XLK,36.02999877929688,36.02999877929688,35.630001068115234,35.93000030517578,6294200,30.915288179506607,0.0,1.0,yahoo,2023-12-13 16:42:26
2014-01-22,XLK,35.88999938964844,35.95000076293945,35.79999923706055,35.88999938964844,4215900,30.880870149435122,0.0,1.0,yahoo,2023-12-13 16:42:26
2014-01-23,XLK,35.72999954223633,35.81999969482422,35.58000183105469,35.81999969482422,6418000,30.82064023795203,0.0,1.0,yahoo,2023-12-13 16:42:26
2014-01-24,XLK,35.66999816894531,35.72999954223633,35.119998931884766,35.130001068115234,15496700,30.22694398949697,0.0,1.0,yahoo,2023-12-13 16:42:26
2014-01-27,XLK,35.18000030517578,35.20000076293945,34.630001068115234,34.79999923706055,8014000,29.943000164833244,0.0,1.0,yahoo,2023-12-13 16:42:26
2014-01-28,XLK,34.4900016784668,34.650001525878906,34.38999938964844,34.59000015258789,13145500,29.762310430383963,0.0,1.0,yahoo,2023-12-13 16:42:26
2014-01-29,XLK,34.29999923706055,34.52000045776367,34.189998626708984,34.31999969482422,11219400,29.52999365082746,0.0,1.0,yahoo,2023-12-13 16:42:26
2014-01-30,XLK,34.72999954223633,34.86000061035156,34.54999923706055,34.7400016784668,8329900,29.89137640201002,0.0,1.0,yahoo,2023-12-13 16:42:26
2014-01-31,XLK,34.459999084472656,34.9900016784668,34.45000076293945,34.81999969482422,10943500,29.960209179868983,0.0,1.0,yahoo,2023-12-13 16:42:26
2014-02-03,XLK,34.7400016784668,34.869998931884766,33.959999084472656,34.09000015258789,15975800,29.33209490134244,0.0,1.0,yahoo,2023-12-13 16:42:26
2014-02-04,XLK,34.150001525878906,34.310001373291016,34.04999923706055,34.220001220703125,5725700,29.443951857932756,0.0,1.0,yahoo,2023-12-13 16:42:26
2014-02-05,XLK,34.150001525878906,34.349998474121094,33.91999816894531,34.25,9203100,29.469763739344366,0.0,1.0,yahoo,2023-12-13 16:42:26
2014-02-06,XLK,34.279998779296875,34.63999938964844,34.279998779296875,34.630001068115234,9139700,29.796728460455444,0.0,1.0,yahoo,2023-12-13 16:42:26
2014-02-07,XLK,34.849998474121094,35.11000061035156,34.70000076293945,35.099998474121094,10464800,30.201128825801355,0.0,1.0,yahoo,2023-12-13 16:42:26
2014-02-10,XLK,35.099998474121094,35.22999954223633,35.0099983215332,35.16999816894531,6758700,30.261358737284446,0.0,1.0,yahoo,2023-12-13 16:42:26
2014-02-11,XLK,35.31999969482422,35.70000076293945,35.279998779296875,35.599998474121094,7041400,30.631344354842877,0.0,1.0,yahoo,2023-12-13 16:42:26
2014-02-12,XLK,35.689998626708984,35.79999923706055,35.65999984741211,35.7400016784668,8047800,30.75180746009307,0.0,1.0,yahoo,2023-12-13 16:42:26
2014-02-13,XLK,35.540000915527344,36.02999877929688,35.4900016784668,36.0,6914300,30.9755180909897,0.0,1.0,yahoo,2023-12-13 16:42:26
2014-02-14,XLK,35.970001220703125,36.13999938964844,35.880001068115234,36.06999969482422,12376300,31.035748002472793,0.0,1.0,yahoo,2023-12-13 16:42:26
2014-02-18,XLK,36.11000061035156,36.18000030517578,35.9900016784668,36.09000015258789,5946500,31.052957017508533,0.0,1.0,yahoo,2023-12-13 16:42:26
2014-02-19,XLK,36.02000045776367,36.18000030517578,35.88999938964844,35.970001220703125,8611700,30.94970620957809,0.0,1.0,yahoo,2023-12-13 16:42:26
2014-02-20,XLK,35.970001220703125,36.16999816894531,35.810001373291016,36.09000015258789,6697000,31.052957017508533,0.0,1.0,yahoo,2023-12-13 16:42:26
2014-02-21,XLK,36.20000076293945,36.2599983215332,35.939998626708984,35.95000076293945,6372600,30.932497194542346,0.0,1.0,yahoo,2023-12-13 16:42:26
2014-02-24,XLK,35.90999984741211,36.27000045776367,35.90999984741211,36.09000015258789,7845200,31.052957017508533,0.0,1.0,yahoo,2023-12-13 16:42:26
2014-02-25,XLK,36.150001525878906,36.15999984741211,35.900001525878906,35.9900016784668,5611600,30.96691522461383,0.0,1.0,yahoo,2023-12-13 16:42:26
2014-02-26,XLK,36.0099983215332,36.15999984741211,35.880001068115234,36.02000045776367,5820700,30.99272710602544,0.0,1.0,yahoo,2023-12-13 16:42:26
2014-02-27,XLK,36.0099983215332,36.33000183105469,35.97999954223633,36.310001373291016,5449400,31.242252900617686,0.0,1.0,yahoo,2023-12-13 16:42:26
2014-02-28,XLK,36.290000915527344,36.45000076293945,35.939998626708984,36.34999847412109,9701000,31.27666764840516,0.0,1.0,yahoo,2023-12-13 16:42:26
2014-03-03,XLK,35.900001525878906,36.04999923706055,35.66999816894531,35.959999084472656,9027300,30.941100060918217,0.0,1.0,yahoo,2023-12-13 16:42:26
2014-03-04,XLK,36.34999847412109,36.52999877929688,36.29999923706055,36.43000030517578,11604900,31.34550370854813,0.0,1.0,yahoo,2023-12-13 16:42:26
2014-03-05,XLK,36.5099983215332,36.54999923706055,36.40999984741211,36.47999954223633,8930800,31.38852460499548,0.0,1.0,yahoo,2023-12-13 16:42:26
2014-03-06,XLK,36.52999877929688,36.59999847412109,36.45000076293945,36.52999877929688,8665400,31.43154550144284,0.0,1.0,yahoo,2023-12-13 16:42:26
2014-03-07,XLK,36.630001068115234,36.650001525878906,36.27000045776367,36.41999816894531,7197400,31.336897559888257,0.0,1.0,yahoo,2023-12-13 16:42:26
2014-03-10,XLK,36.400001525878906,36.47999954223633,36.220001220703125,36.36000061035156,7557700,31.285273797065038,0.0,1.0,yahoo,2023-12-13 16:42:26
2014-03-11,XLK,36.41999816894531,36.54999923706055,36.18000030517578,36.27999877929688,9456600,31.216437736922078,0.0,1.0,yahoo,2023-12-13 16:42:26
2014-03-12,XLK,36.130001068115234,36.380001068115234,36.0099983215332,36.34000015258789,6356100,31.268064782029295,0.0,1.0,yahoo,2023-12-13 16:42:26
2014-03-13,XLK,36.43999862670898,36.45000076293945,35.720001220703125,35.849998474121094,9397400,30.84645211936364,0.0,1.0,yahoo,2023-12-13 16:42:26
2014-03-14,XLK,35.779998779296875,35.900001525878906,35.599998474121094,35.630001068115234,8939800,30.657159518538492,0.0,1.0,yahoo,2023-12-13 16:42:26
2014-03-17,XLK,35.869998931884766,36.150001525878906,35.79999923706055,36.04999923706055,16444900,31.01853898743705,0.0,1.0,yahoo,2023-12-13 16:42:26
2014-03-18,XLK,36.06999969482422,36.560001373291016,36.06999969482422,36.52000045776367,6864000,31.422942635066963,0.0,1.0,yahoo,2023-12-13 16:42:26
2014-03-19,XLK,36.45000076293945,36.619998931884766,36.13999938964844,36.369998931884766,7789400,31.293876663440905,0.0,1.0,yahoo,2023-12-13 16:42:26
2014-03-20,XLK,36.33000183105469,36.75,36.27000045776367,36.650001525878906,5895500,31.534799591657283,0.0,1.0,yahoo,2023-12-13 16:42:26
2014-03-21,XLK,36.65999984741211,36.7400016784668,36.2400016784668,36.310001373291016,9109700,31.376663157387565,0.157,1.0,yahoo,2023-12-13 16:42:26
2014-03-24,XLK,36.41999816894531,36.560001373291016,35.97999954223633,36.27999877929688,10354100,31.350736931829935,0.0,1.0,yahoo,2023-12-13 16:42:26
2014-03-25,XLK,36.34999847412109,36.58000183105469,36.209999084472656,36.5,7626300,31.540847202695787,0.0,1.0,yahoo,2023-12-13 16:42:26
2014-03-26,XLK,36.66999816894531,36.7400016784668,36.060001373291016,36.060001373291016,7513400,31.1606299573691,0.0,1.0,yahoo,2023-12-13 16:42:26
2014-03-27,XLK,36.040000915527344,36.09999847412109,35.7400016784668,35.93000030517578,12927400,31.04829177036609,0.0,1.0,yahoo,2023-12-13 16:42:26
2014-03-28,XLK,36.040000915527344,36.29999923706055,35.91999816894531,36.06999969482422,6355800,31.169269834951628,0.0,1.0,yahoo,2023-12-13 16:42:26
2014-03-31,XLK,36.29999923706055,36.4900016784668,36.25,36.34999847412109,7283500,31.41122596412269,0.0,1.0,yahoo,2023-12-13 16:42:26
2014-04-01,XLK,36.41999816894531,36.77999877929688,36.40999984741211,36.77999877929688,7024200,31.782803331866862,0.0,1.0,yahoo,2023-12-13 16:42:26
2014-04-02,XLK,36.880001068115234,36.90999984741211,36.65999984741211,36.79999923706055,10504700,31.800086383436938,0.0,1.0,yahoo,2023-12-13 16:42:26
2014-04-03,XLK,36.84999847412109,36.93000030517578,36.5099983215332,36.619998931884766,7762600,31.64454221571124,0.0,1.0,yahoo,2023-12-13 16:42:26
2014-04-04,XLK,36.810001373291016,36.869998931884766,35.81999969482422,35.91999816894531,10095800,31.039648596378537,0.0,1.0,yahoo,2023-12-13 16:42:26
2014-04-07,XLK,35.77000045776367,35.970001220703125,35.5,35.63999938964844,11181300,30.797692467207465,0.0,1.0,yahoo,2023-12-13 16:42:26
2014-04-08,XLK,35.709999084472656,36.0099983215332,35.599998474121094,35.959999084472656,7329700,31.0742146995187,0.0,1.0,yahoo,2023-12-13 16:42:26
2014-04-09,XLK,36.08000183105469,36.45000076293945,35.970001220703125,36.43999862670898,6656900,31.48899804798554,0.0,1.0,yahoo,2023-12-13 16:42:26
2014-04-10,XLK,36.43999862670898,36.5,35.540000915527344,35.599998474121094,8086800,30.763126364067304,0.0,1.0,yahoo,2023-12-13 16:42:26
2014-04-11,XLK,35.36000061035156,35.63999938964844,35.16999816894531,35.20000076293945,14254400,30.41747522188078,0.0,1.0,yahoo,2023-12-13 16:42:26
2014-04-14,XLK,35.43000030517578,35.68000030517578,35.29999923706055,35.54999923706055,4992300,30.71992038334462,0.0,1.0,yahoo,2023-12-13 16:42:26
2014-04-15,XLK,35.61000061035156,35.81999969482422,35.130001068115234,35.72999954223633,8589300,30.875464551070312,0.0,1.0,yahoo,2023-12-13 16:42:26
2014-04-16,XLK,35.93000030517578,36.09000015258789,35.68000030517578,36.08000183105469,13999700,31.177913008939182,0.0,1.0,yahoo,2023-12-13 16:42:26
2014-04-17,XLK,35.90999984741211,36.16999816894531,35.720001220703125,36.02999877929688,7881700,31.13470373181147,0.0,1.0,yahoo,2023-12-13 16:42:26
2014-04-21,XLK,36.060001373291016,36.209999084472656,35.959999084472656,36.16999816894531,3526000,31.255681796397,0.0,1.0,yahoo,2023-12-13 16:42:26
2014-04-22,XLK,36.18999862670898,36.400001525878906,36.119998931884766,36.31999969482422,5478500,31.38530303497009,0.0,1.0,yahoo,2023-12-13 16:42:26
2014-04-23,XLK,36.2599983215332,36.2599983215332,35.91999816894531,35.93000030517578,11424100,31.04829177036609,0.0,1.0,yahoo,2023-12-13 16:42:26
2014-04-24,XLK,36.52000045776367,36.52999877929688,35.970001220703125,36.209999084472656,5010700,31.29024789953716,0.0,1.0,yahoo,2023-12-13 16:42:26
2014-04-25,XLK,35.9900016784668,36.08000183105469,35.66999816894531,35.75,6402000,30.892747602640394,0.0,1.0,yahoo,2023-12-13 16:42:26
2014-04-28,XLK,35.869998931884766,36.209999084472656,35.619998931884766,36.09000015258789,12069100,31.186552886521707,0.0,1.0,yahoo,2023-12-13 16:42:26
2014-04-29,XLK,36.18000030517578,36.41999816894531,36.11000061035156,36.34000015258789,5476100,31.402586086540172,0.0,1.0,yahoo,2023-12-13 16:42:26
2014-04-30,XLK,36.290000915527344,36.540000915527344,36.18999862670898,36.45000076293945,9165600,31.4976412219731,0.0,1.0,yahoo,2023-12-13 16:42:26
2014-05-01,XLK,36.43999862670898,36.66999816894531,36.400001525878906,36.4900016784668,4977700,31.532207325113262,0.0,1.0,yahoo,2023-12-13 16:42:26
2014-05-02,XLK,36.58000183105469,36.59000015258789,36.36000061035156,36.38999938964844,6720100,31.445792067262857,0.0,1.0,yahoo,2023-12-13 16:42:26
2014-05-05,XLK,36.29999923706055,36.58000183105469,36.16999816894531,36.58000183105469,4082200,31.60997940897611,0.0,1.0,yahoo,2023-12-13 16:42:26
2014-05-06,XLK,36.5099983215332,36.5099983215332,36.15999984741211,36.16999816894531,4699900,31.255681796397,0.0,1.0,yahoo,2023-12-13 16:42:26
2014-05-07,XLK,36.22999954223633,36.27999877929688,35.779998779296875,36.18999862670898,6826900,31.272964847967074,0.0,1.0,yahoo,2023-12-13 16:42:26
2014-05-08,XLK,36.09999847412109,36.61000061035156,36.04999923706055,36.290000915527344,3787400,31.359380105817483,0.0,1.0,yahoo,2023-12-13 16:42:26
2014-05-09,XLK,36.2599983215332,36.34999847412109,36.06999969482422,36.33000183105469,7438500,31.393946208957644,0.0,1.0,yahoo,2023-12-13 16:42:26
2014-05-12,XLK,36.5,36.84000015258789,36.47999954223633,36.81999969482422,5593400,31.81736943500702,0.0,1.0,yahoo,2023-12-13 16:42:26
2014-05-13,XLK,36.869998931884766,36.93999862670898,36.7400016784668,36.84000015258789,5744100,31.8346524865771,0.0,1.0,yahoo,2023-12-13 16:42:26
2014-05-14,XLK,36.77999877929688,36.84999847412109,36.59000015258789,36.66999816894531,5111600,31.68774819643393,0.0,1.0,yahoo,2023-12-13 16:42:26
2014-05-15,XLK,36.72999954223633,36.7599983215332,36.29999923706055,36.45000076293945,7288300,31.4976412219731,0.0,1.0,yahoo,2023-12-13 16:42:26
2014-05-16,XLK,36.43999862670898,36.70000076293945,36.33000183105469,36.68000030517578,5803700,31.696391370421484,0.0,1.0,yahoo,2023-12-13 16:42:26
2014-05-19,XLK,36.54999923706055,36.970001220703125,36.54999923706055,36.91999816894531,3298500,31.90378139645239,0.0,1.0,yahoo,2023-12-13 16:42:26
2014-05-20,XLK,36.959999084472656,36.9900016784668,36.59000015258789,36.709999084472656,4237100,31.72231429957409,0.0,1.0,yahoo,2023-12-13 16:42:26
2014-05-21,XLK,36.7400016784668,36.970001220703125,36.7400016784668,36.959999084472656,4161400,31.938347499592552,0.0,1.0,yahoo,2023-12-13 16:42:26
2014-05-22,XLK,36.959999084472656,37.150001525878906,36.90999984741211,37.02999877929688,3175000,31.998836531885328,0.0,1.0,yahoo,2023-12-13 16:42:26
2014-05-23,XLK,37.119998931884766,37.36000061035156,37.060001373291016,37.34000015258789,3312100,32.26671888661403,0.0,1.0,yahoo,2023-12-13 16:42:26
2014-05-27,XLK,37.43000030517578,37.66999816894531,37.41999816894531,37.65999984741211,5674500,32.54324111892526,0.0,1.0,yahoo,2023-12-13 16:42:26
2014-05-28,XLK,37.68000030517578,37.709999084472656,37.52999877929688,37.560001373291016,6776900,32.45682915747989,0.0,1.0,yahoo,2023-12-13 16:42:26
2014-05-29,XLK,37.68999862670898,37.790000915527344,37.59999847412109,37.77999877929688,4664000,32.64693613194072,0.0,1.0,yahoo,2023-12-13 16:42:26
2014-05-30,XLK,37.790000915527344,37.869998931884766,37.65999984741211,37.81999969482422,6219200,32.68150223508088,0.0,1.0,yahoo,2023-12-13 16:42:26
2014-06-02,XLK,37.880001068115234,37.90999984741211,37.59999847412109,37.7599983215332,5461500,32.62965308037064,0.0,1.0,yahoo,2023-12-13 16:42:26
2014-06-03,XLK,37.70000076293945,37.790000915527344,37.58000183105469,37.70000076293945,5669300,32.577807222065424,0.0,1.0,yahoo,2023-12-13 16:42:26
2014-06-04,XLK,37.63999938964844,37.81999969482422,37.540000915527344,37.77000045776367,3499200,32.63829625435819,0.0,1.0,yahoo,2023-12-13 16:42:26
2014-06-05,XLK,37.900001525878906,38.060001373291016,37.66999816894531,38.02000045776367,5667600,32.85432945437665,0.0,1.0,yahoo,2023-12-13 16:42:26
2014-06-06,XLK,38.220001220703125,38.220001220703125,38.09000015258789,38.18999862670898,4798900,33.00123044811479,0.0,1.0,yahoo,2023-12-13 16:42:26
2014-06-09,XLK,38.2400016784668,38.369998931884766,38.16999816894531,38.310001373291016,6392000,33.104928757535276,0.0,1.0,yahoo,2023-12-13 16:42:26
2014-06-10,XLK,38.310001373291016,38.380001068115234,38.25,38.33000183105469,3594700,33.12221180910536,0.0,1.0,yahoo,2023-12-13 16:42:26
2014-06-11,XLK,38.16999816894531,38.34000015258789,38.13999938964844,38.2400016784668,4254700,33.04443972524251,0.0,1.0,yahoo,2023-12-13 16:42:26
2014-06-12,XLK,38.2599983215332,38.380001068115234,37.790000915527344,37.90999984741211,4818000,32.759274318943724,0.0,1.0,yahoo,2023-12-13 16:42:26
2014-06-13,XLK,38.13999938964844,38.20000076293945,37.970001220703125,38.130001068115234,7331700,32.94938458980958,0.0,1.0,yahoo,2023-12-13 16:42:26
2014-06-16,XLK,38.060001373291016,38.2400016784668,38.0,38.130001068115234,7064400,32.94938458980958,0.0,1.0,yahoo,2023-12-13 16:42:26
2014-06-17,XLK,38.09999847412109,38.290000915527344,38.060001373291016,38.220001220703125,7037600,33.02715667367243,0.0,1.0,yahoo,2023-12-13 16:42:26
2014-06-18,XLK,38.29999923706055,38.43999862670898,38.02000045776367,38.41999816894531,13035300,33.19998059656318,0.0,1.0,yahoo,2023-12-13 16:42:26
2014-06-19,XLK,38.47999954223633,38.47999954223633,38.20000076293945,38.34999847412109,5918700,33.13949156427041,0.0,1.0,yahoo,2023-12-13 16:42:26
2014-06-20,XLK,38.20000076293945,38.220001220703125,38.0099983215332,38.09000015258789,5427200,33.06657120541019,0.176,1.0,yahoo,2023-12-13 16:42:26
2014-06-23,XLK,38.04999923706055,38.20000076293945,38.02000045776367,38.20000076293945,3767100,33.16206458950726,0.0,1.0,yahoo,2023-12-13 16:42:26
2014-06-24,XLK,38.18000030517578,38.380001068115234,37.90999984741211,38.0,8471300,32.988440555840135,0.0,1.0,yahoo,2023-12-13 16:42:26
2014-06-25,XLK,37.91999816894531,38.209999084472656,37.880001068115234,38.150001525878906,5111900,33.11865940899123,0.0,1.0,yahoo,2023-12-13 16:42:26
2014-06-26,XLK,38.18000030517578,38.20000076293945,37.88999938964844,38.11000061035156,11352300,33.083933939937204,0.0,1.0,yahoo,2023-12-13 16:42:26
2014-06-27,XLK,38.08000183105469,38.34000015258789,38.060001373291016,38.34000015258789,10883300,33.28360041959335,0.0,1.0,yahoo,2023-12-13 16:42:26
2014-06-30,XLK,38.310001373291016,38.47999954223633,38.27999877929688,38.34999847412109,4490400,33.29228013105535,0.0,1.0,yahoo,2023-12-13 16:42:26
2014-07-01,XLK,38.4900016784668,38.86000061035156,38.459999084472656,38.7400016784668,7488900,33.630848486927604,0.0,1.0,yahoo,2023-12-13 16:42:26
2014-07-02,XLK,38.810001373291016,38.83000183105469,38.720001220703125,38.77999877929688,4970000,33.66557064437863,0.0,1.0,yahoo,2023-12-13 16:42:26
2014-07-03,XLK,38.91999816894531,38.970001220703125,38.790000915527344,38.95000076293945,2193000,33.81315223205674,0.0,1.0,yahoo,2023-12-13 16:42:26
2014-07-07,XLK,38.95000076293945,39.02000045776367,38.84999847412109,38.9900016784668,10482200,33.84787770111076,0.0,1.0,yahoo,2023-12-13 16:42:26
2014-07-08,XLK,38.970001220703125,38.970001220703125,38.43000030517578,38.63999938964844,6923900,33.54403481429254,0.0,1.0,yahoo,2023-12-13 16:42:26
2014-07-09,XLK,38.70000076293945,38.84999847412109,38.619998931884766,38.83000183105469,7118100,33.70897913649766,0.0,1.0,yahoo,2023-12-13 16:42:26
2014-07-10,XLK,38.220001220703125,38.88999938964844,38.220001220703125,38.720001220703125,4421900,33.61348575240059,0.0,1.0,yahoo,2023-12-13 16:42:26
2014-07-11,XLK,38.810001373291016,38.91999816894531,38.709999084472656,38.91999816894531,3261300,33.787106474464714,0.0,1.0,yahoo,2023-12-13 16:42:26
2014-07-14,XLK,39.09999847412109,39.25,39.060001373291016,39.20000076293945,4209100,34.030181446239894,0.0,1.0,yahoo,2023-12-13 16:42:26
2014-07-15,XLK,39.290000915527344,39.34000015258789,38.90999984741211,39.130001068115234,7414500,33.96941353119685,0.0,1.0,yahoo,2023-12-13 16:42:26
2014-07-16,XLK,39.5,39.59000015258789,39.40999984741211,39.4900016784668,8064800,34.28193612947708,0.0,1.0,yahoo,2023-12-13 16:42:26
2014-07-17,XLK,39.45000076293945,39.5,38.86000061035156,38.97999954223633,5670700,33.83919467804576,0.0,1.0,yahoo,2023-12-13 16:42:26
2014-07-18,XLK,39.15999984741211,39.47999954223633,39.11000061035156,39.45000076293945,4770500,34.24721066042305,0.0,1.0,yahoo,2023-12-13 16:42:26
2014-07-21,XLK,39.43000030517578,39.5099983215332,39.2400016784668,39.400001525878906,6181600,34.20380547990702,0.0,1.0,yahoo,2023-12-13 16:42:26
2014-07-22,XLK,39.630001068115234,39.7599983215332,39.560001373291016,39.72999954223633,4789800,34.49028232059523,0.0,1.0,yahoo,2023-12-13 16:42:26
2014-07-23,XLK,39.81999969482422,39.90999984741211,39.650001525878906,39.79999923706055,5473400,34.55105023563828,0.0,1.0,yahoo,2023-12-13 16:42:26
2014-07-24,XLK,39.91999816894531,39.91999816894531,39.68999862670898,39.77000045776367,11659600,34.52500778964926,0.0,1.0,yahoo,2023-12-13 16:42:26
2014-07-25,XLK,39.650001525878906,39.77000045776367,39.52999877929688,39.720001220703125,4749500,34.481602609133226,0.0,1.0,yahoo,2023-12-13 16:42:26
2014-07-28,XLK,39.75,39.869998931884766,39.47999954223633,39.790000915527344,7762200,34.54237052417627,0.0,1.0,yahoo,2023-12-13 16:42:26
2014-07-29,XLK,40.08000183105469,40.08000183105469,39.68999862670898,39.709999084472656,7312400,34.472919586068215,0.0,1.0,yahoo,2023-12-13 16:42:26
2014-07-30,XLK,39.88999938964844,39.88999938964844,39.560001373291016,39.75,7762300,34.507645055122246,0.0,1.0,yahoo,2023-12-13 16:42:26
2014-07-31,XLK,39.5,39.540000915527344,38.93999862670898,39.0,17416500,33.85655741257277,0.0,1.0,yahoo,2023-12-13 16:42:26
2014-08-01,XLK,38.900001525878906,39.060001373291016,38.59999847412109,38.790000915527344,15507400,33.67425366744364,0.0,1.0,yahoo,2023-12-13 16:42:26
2014-08-04,XLK,38.90999984741211,39.16999816894531,38.709999084472656,39.06999969482422,6333700,33.91732532761581,0.0,1.0,yahoo,2023-12-13 16:42:26
2014-08-05,XLK,38.83000183105469,38.959999084472656,38.540000915527344,38.70000076293945,12293400,33.59612301787357,0.0,1.0,yahoo,2023-12-13 16:42:26
2014-08-06,XLK,38.43999862670898,38.77000045776367,38.38999938964844,38.58000183105469,9140900,33.4919499223145,0.0,1.0,yahoo,2023-12-13 16:42:26
2014-08-07,XLK,38.7400016784668,38.810001373291016,38.290000915527344,38.41999816894531,6865000,33.3530480460984,0.0,1.0,yahoo,2023-12-13 16:42:26
2014-08-08,XLK,38.400001525878906,38.70000076293945,38.27999877929688,38.66999816894531,6022800,33.57007726028156,0.0,1.0,yahoo,2023-12-13 16:42:26
2014-08-11,XLK,38.84999847412109,38.970001220703125,38.77000045776367,38.86000061035156,6507700,33.73502158248668,0.0,1.0,yahoo,2023-12-13 16:42:26
2014-08-12,XLK,38.81999969482422,38.93999862670898,38.650001525878906,38.84000015258789,6704900,33.71765884795967,0.0,1.0,yahoo,2023-12-13 16:42:26
2014-08-13,XLK,38.93000030517578,39.220001220703125,38.93000030517578,39.220001220703125,5492700,34.047544180766906,0.0,1.0,yahoo,2023-12-13 16:42:26
2014-08-14,XLK,39.25,39.290000915527344,39.119998931884766,39.290000915527344,4614600,34.10831209580995,0.0,1.0,yahoo,2023-12-13 16:42:26
2014-08-15,XLK,39.380001068115234,39.47999954223633,39.0099983215332,39.290000915527344,8910900,34.10831209580995,0.0,1.0,yahoo,2023-12-13 16:42:26
2014-08-18,XLK,39.560001373291016,39.68000030517578,39.45000076293945,39.65999984741211,4248000,34.42951440555218,0.0,1.0,yahoo,2023-12-13 16:42:26
2014-08-19,XLK,39.77000045776367,39.91999816894531,39.720001220703125,39.90999984741211,5047800,34.64654361973535,0.0,1.0,yahoo,2023-12-13 16:42:26
2014-08-20,XLK,39.84999847412109,39.97999954223633,39.81999969482422,39.90999984741211,7005300,34.64654361973535,0.0,1.0,yahoo,2023-12-13 16:42:26
2014-08-21,XLK,39.90999984741211,40.15999984741211,39.90999984741211,40.09999847412109,3454500,34.81148463033746,0.0,1.0,yahoo,2023-12-13 16:42:26
2014-08-22,XLK,40.130001068115234,40.18999862670898,40.02000045776367,40.11000061035156,4407700,34.82016765340247,0.0,1.0,yahoo,2023-12-13 16:42:26
2014-08-25,XLK,40.29999923706055,40.310001373291016,40.06999969482422,40.150001525878906,3430700,34.854893122456495,0.0,1.0,yahoo,2023-12-13 16:42:26
2014-08-26,XLK,40.209999084472656,40.220001220703125,40.119998931884766,40.16999816894531,3352300,34.87225254538051,0.0,1.0,yahoo,2023-12-13 16:42:26
2014-08-27,XLK,40.18000030517578,40.209999084472656,40.04999923706055,40.15999984741211,4330700,34.863572833918504,0.0,1.0,yahoo,2023-12-13 16:42:26
2014-08-28,XLK,40.02000045776367,40.15999984741211,39.95000076293945,40.09999847412109,3528300,34.81148463033746,0.0,1.0,yahoo,2023-12-13 16:42:26
2014-08-29,XLK,40.16999816894531,40.290000915527344,40.060001373291016,40.27999877929688,7684000,34.96774592947759,0.0,1.0,yahoo,2023-12-13 16:42:26
2014-09-02,XLK,40.369998931884766,40.369998931884766,40.16999816894531,40.290000915527344,5688800,34.976428952542584,0.0,1.0,yahoo,2023-12-13 16:42:26
2014-09-03,XLK,40.43999862670898,40.43999862670898,40.02000045776367,40.06999969482422,6891600,34.78544218434845,0.0,1.0,yahoo,2023-12-13 16:42:26
2014-09-04,XLK,40.150001525878906,40.34000015258789,39.93000030517578,40.04999923706055,5213200,34.768079449821435,0.0,1.0,yahoo,2023-12-13 16:42:26
2014-09-05,XLK,40.130001068115234,40.29999923706055,40.02999877929688,40.290000915527344,7025200,34.976428952542584,0.0,1.0,yahoo,2023-12-13 16:42:26
2014-09-08,XLK,40.27000045776367,40.45000076293945,40.18000030517578,40.34999847412109,6386100,35.02851384452062,0.0,1.0,yahoo,2023-12-13 16:42:26
2014-09-09,XLK,40.369998931884766,40.540000915527344,39.95000076293945,40.060001373291016,8562700,34.77676247288644,0.0,1.0,yahoo,2023-12-13 16:42:26
2014-09-10,XLK,40.06999969482422,40.34999847412109,39.959999084472656,40.29999923706055,7229800,34.98510866400459,0.0,1.0,yahoo,2023-12-13 16:42:26
2014-09-11,XLK,40.220001220703125,40.40999984741211,40.08000183105469,40.38999938964844,10322200,35.06323931357465,0.0,1.0,yahoo,2023-12-13 16:42:26
2014-09-12,XLK,40.36000061035156,40.380001068115234,40.09000015258789,40.220001220703125,5555700,34.91566103749954,0.0,1.0,yahoo,2023-12-13 16:42:26
2014-09-15,XLK,40.290000915527344,40.290000915527344,39.90999984741211,39.97999954223633,6882200,34.70731153477839,0.0,1.0,yahoo,2023-12-13 16:42:26
2014-09-16,XLK,39.86000061035156,40.33000183105469,39.790000915527344,40.27999877929688,11910600,34.96774592947759,0.0,1.0,yahoo,2023-12-13 16:42:26
2014-09-17,XLK,40.27000045776367,40.5099983215332,40.119998931884766,40.36000061035156,7654500,35.03719686758563,0.0,1.0,yahoo,2023-12-13 16:42:26
2014-09-18,XLK,40.43999862670898,40.619998931884766,40.43999862670898,40.59999847412109,7395300,35.245543058703774,0.0,1.0,yahoo,2023-12-13 16:42:26
2014-09-19,XLK,40.56999969482422,40.56999969482422,40.18999862670898,40.34000015258789,15726300,35.17056513214707,0.174,1.0,yahoo,2023-12-13 16:42:26
2014-09-22,XLK,40.34999847412109,40.34999847412109,39.959999084472656,40.06999969482422,6380400,34.935164322787436,0.0,1.0,yahoo,2023-12-13 16:42:26
2014-09-23,XLK,40.0099983215332,40.15999984741211,39.90999984741211,39.97999954223633,5968500,34.856697386334226,0.0,1.0,yahoo,2023-12-13 16:42:26
2014-09-24,XLK,39.9900016784668,40.25,39.810001373291016,40.2400016784668,7144500,35.083381125357576,0.0,1.0,yahoo,2023-12-13 16:42:26
2014-09-25,XLK,40.08000183105469,40.09999847412109,39.36000061035156,39.36000061035156,9351500,34.316149227354714,0.0,1.0,yahoo,2023-12-13 16:42:26
2014-09-26,XLK,39.43000030517578,39.869998931884766,39.43000030517578,39.790000915527344,4881500,34.69104644309153,0.0,1.0,yahoo,2023-12-13 16:42:26
2014-09-29,XLK,39.470001220703125,39.84000015258789,39.34000015258789,39.77999877929688,4826400,34.68232604689858,0.0,1.0,yahoo,2023-12-13 16:42:26
2014-09-30,XLK,39.84999847412109,40.08000183105469,39.7400016784668,39.900001525878906,6759900,34.78695084607397,0.0,1.0,yahoo,2023-12-13 16:42:26
2014-10-01,XLK,39.77000045776367,39.81999969482422,39.16999816894531,39.27999877929688,13059200,34.246399361237785,0.0,1.0,yahoo,2023-12-13 16:42:26
2014-10-02,XLK,39.29999923706055,39.400001525878906,38.86000061035156,39.2599983215332,13376800,34.22896189470855,0.0,1.0,yahoo,2023-12-13 16:42:26
2014-10-03,XLK,39.5,39.70000076293945,39.36000061035156,39.58000183105469,6705100,34.507958033319596,0.0,1.0,yahoo,2023-12-13 16:42:26
2014-10-06,XLK,39.77999877929688,39.84999847412109,39.4900016784668,39.59000015258789,6947800,34.51667510365588,0.0,1.0,yahoo,2023-12-13 16:42:26
2014-10-07,XLK,39.47999954223633,39.5099983215332,38.970001220703125,38.970001220703125,9006700,33.97612694467636,0.0,1.0,yahoo,2023-12-13 16:42:26
2014-10-08,XLK,39.02000045776367,39.77999877929688,38.75,39.709999084472656,8670600,34.6212965769746,0.0,1.0,yahoo,2023-12-13 16:42:26
2014-10-09,XLK,39.66999816894531,39.7400016784668,39.0099983215332,39.04999923706055,15300100,34.045873484936614,0.0,1.0,yahoo,2023-12-13 16:42:26
2014-10-10,XLK,38.790000915527344,38.9900016784668,38.04999923706055,38.04999923706055,30182600,33.17402011361503,0.0,1.0,yahoo,2023-12-13 16:42:26
2014-10-13,XLK,38.0,38.369998931884766,37.58000183105469,37.630001068115234,28603900,32.80784329407117,0.0,1.0,yahoo,2023-12-13 16:42:26
2014-10-14,XLK,37.93999862670898,38.119998931884766,37.59000015258789,37.68999862670898,21542100,32.860152367802186,0.0,1.0,yahoo,2023-12-13 16:42:26
2014-10-15,XLK,37.150001525878906,37.58000183105469,36.58000183105469,37.43000030517578,29067200,32.63347195463552,0.0,1.0,yahoo,2023-12-13 16:42:26
2014-10-16,XLK,36.79999923706055,37.459999084472656,36.70000076293945,37.209999084472656,27123100,32.44166314867063,0.0,1.0,yahoo,2023-12-13 16:42:26
2014-10-17,XLK,37.58000183105469,37.91999816894531,37.400001525878906,37.650001525878906,12785900,32.8252807606004,0.0,1.0,yahoo,2023-12-13 16:42:26
2014-10-20,XLK,37.43999862670898,37.93999862670898,37.25,37.91999816894531,9221400,33.06067824410336,0.0,1.0,yahoo,2023-12-13 16:42:26
2014-10-21,XLK,38.18999862670898,38.68000030517578,38.18999862670898,38.65999984741211,11572800,33.705851202258266,0.0,1.0,yahoo,2023-12-13 16:42:26
2014-10-22,XLK,38.790000915527344,38.880001068115234,38.45000076293945,38.47999954223633,12079200,33.548917329351845,0.0,1.0,yahoo,2023-12-13 16:42:26
2014-10-23,XLK,38.75,39.119998931884766,38.66999816894531,38.90999984741211,32216000,33.92381454508866,0.0,1.0,yahoo,2023-12-13 16:42:26
2014-10-24,XLK,39.08000183105469,39.27999877929688,38.86000061035156,39.25,6903200,34.220244824372266,0.0,1.0,yahoo,2023-12-13 16:42:26
2014-10-27,XLK,39.130001068115234,39.38999938964844,39.09000015258789,39.290000915527344,5943500,34.255119757430734,0.0,1.0,yahoo,2023-12-13 16:42:26
2014-10-28,XLK,39.400001525878906,39.84999847412109,39.400001525878906,39.83000183105469,7745400,34.72592137614999,0.0,1.0,yahoo,2023-12-13 16:42:26
2014-10-29,XLK,39.77999877929688,39.91999816894531,39.540000915527344,39.790000915527344,13176100,34.69104644309153,0.0,1.0,yahoo,2023-12-13 16:42:26
2014-10-30,XLK,39.7599983215332,39.9900016784668,39.59000015258789,39.91999816894531,9188200,34.80438498674653,0.0,1.0,yahoo,2023-12-13 16:42:26
2014-10-31,XLK,40.40999984741211,40.54999923706055,40.33000183105469,40.540000915527344,9962900,35.34493647158272,0.0,1.0,yahoo,2023-12-13 16:42:26
2014-11-03,XLK,40.59000015258789,40.77999877929688,40.52999877929688,40.709999084472656,9529800,35.493149948296185,0.0,1.0,yahoo,2023-12-13 16:42:26
2014-11-04,XLK,40.650001525878906,40.810001373291016,40.45000076293945,40.70000076293945,6433200,35.484432877959904,0.0,1.0,yahoo,2023-12-13 16:42:26
2014-11-05,XLK,40.95000076293945,40.970001220703125,40.630001068115234,40.810001373291016,7278100,35.580337280942345,0.0,1.0,yahoo,2023-12-13 16:42:26
2014-11-06,XLK,40.790000915527344,40.81999969482422,40.540000915527344,40.790000915527344,8589600,35.562899814413115,0.0,1.0,yahoo,2023-12-13 16:42:26
2014-11-07,XLK,40.83000183105469,40.880001068115234,40.63999938964844,40.84000015258789,7475700,35.60649181780786,0.0,1.0,yahoo,2023-12-13 16:42:26
2014-11-10,XLK,40.81999969482422,40.9900016784668,40.75,40.95000076293945,4820900,35.7023962207903,0.0,1.0,yahoo,2023-12-13 16:42:26
2014-11-11,XLK,40.97999954223633,40.9900016784668,40.79999923706055,40.970001220703125,3054300,35.719833687319536,0.0,1.0,yahoo,2023-12-13 16:42:26
2014-11-12,XLK,40.84000015258789,41.130001068115234,40.81999969482422,41.09999847412109,4516600,35.833172230974526,0.0,1.0,yahoo,2023-12-13 16:42:26
2014-11-13,XLK,41.20000076293945,41.459999084472656,41.130001068115234,41.31999969482422,5396100,36.02498103693942,0.0,1.0,yahoo,2023-12-13 16:42:26
2014-11-14,XLK,41.33000183105469,41.61000061035156,41.33000183105469,41.61000061035156,4343300,36.27781931282828,0.0,1.0,yahoo,2023-12-13 16:42:26
2014-11-17,XLK,41.4900016784668,41.59000015258789,41.33000183105469,41.52999877929688,4132700,36.208069446711356,0.0,1.0,yahoo,2023-12-13 16:42:26
2014-11-18,XLK,41.5,41.7599983215332,41.4900016784668,41.66999816894531,4829900,36.33012838655931,0.0,1.0,yahoo,2023-12-13 16:42:26
2014-11-19,XLK,41.68000030517578,41.68000030517578,41.209999084472656,41.400001525878906,7167000,36.09473090305635,0.0,1.0,yahoo,2023-12-13 16:42:26
2014-11-20,XLK,41.2599983215332,41.61000061035156,41.18000030517578,41.61000061035156,4897400,36.27781931282828,0.0,1.0,yahoo,2023-12-13 16:42:26
2014-11-21,XLK,41.93999862670898,41.959999084472656,41.5,41.66999816894531,6462800,36.33012838655931,0.0,1.0,yahoo,2023-12-13 16:42:26
2014-11-24,XLK,41.75,41.900001525878906,41.630001068115234,41.88999938964844,3113200,36.52193719252419,0.0,1.0,yahoo,2023-12-13 16:42:26
2014-11-25,XLK,41.95000076293945,42.08000183105469,41.880001068115234,41.90999984741211,4744600,36.53937465905342,0.0,1.0,yahoo,2023-12-13 16:42:26
2014-11-26,XLK,41.91999816894531,42.310001373291016,41.91999816894531,42.290000915527344,10241000,36.870679871395495,0.0,1.0,yahoo,2023-12-13 16:42:26
2014-11-28,XLK,42.369998931884766,42.58000183105469,42.290000915527344,42.4900016784668,5432500,37.04505121083115,0.0,1.0,yahoo,2023-12-13 16:42:26
2014-12-01,XLK,42.38999938964844,42.43999862670898,41.83000183105469,42.0099983215332,11664700,36.626558665842914,0.0,1.0,yahoo,2023-12-13 16:42:26
2014-12-02,XLK,41.9900016784668,42.09000015258789,41.84999847412109,42.02000045776367,5630600,36.63527906203586,0.0,1.0,yahoo,2023-12-13 16:42:26
2014-12-03,XLK,42.11000061035156,42.2400016784668,41.93000030517578,42.16999816894531,4271700,36.7660550722201,0.0,1.0,yahoo,2023-12-13 16:42:26
2014-12-04,XLK,42.13999938964844,42.29999923706055,42.0099983215332,42.16999816894531,3766800,36.7660550722201,0.0,1.0,yahoo,2023-12-13 16:42:26
2014-12-05,XLK,42.20000076293945,42.27999877929688,42.02000045776367,42.119998931884766,7179500,36.722463068825355,0.0,1.0,yahoo,2023-12-13 16:42:26
2014-12-08,XLK,42.040000915527344,42.11000061035156,41.5099983215332,41.68999862670898,6689900,36.34756585308853,0.0,1.0,yahoo,2023-12-13 16:42:26
2014-12-09,XLK,41.13999938964844,41.7400016784668,41.0,41.68000030517578,8221700,36.33884878275226,0.0,1.0,yahoo,2023-12-13 16:42:26
2014-12-10,XLK,41.68999862670898,41.68999862670898,40.970001220703125,41.04999923706055,8270600,35.78958022757979,0.0,1.0,yahoo,2023-12-13 16:42:26
2014-12-11,XLK,41.119998931884766,41.70000076293945,41.119998931884766,41.22999954223633,9038200,35.94651410048621,0.0,1.0,yahoo,2023-12-13 16:42:26
2014-12-12,XLK,40.90999984741211,41.220001220703125,40.56999969482422,40.619998931884766,8983000,35.414683011842975,0.0,1.0,yahoo,2023-12-13 16:42:26
2014-12-15,XLK,40.88999938964844,41.060001373291016,40.18999862670898,40.369998931884766,10251100,35.19671966901258,0.0,1.0,yahoo,2023-12-13 16:42:26
2014-12-16,XLK,40.08000183105469,40.810001373291016,39.83000183105469,39.83000183105469,15651500,34.72592137614999,0.0,1.0,yahoo,2023-12-13 16:42:26
2014-12-17,XLK,39.95000076293945,40.709999084472656,39.880001068115234,40.58000183105469,15283000,35.37981140464118,0.0,1.0,yahoo,2023-12-13 16:42:26
2014-12-18,XLK,41.29999923706055,41.7599983215332,41.18000030517578,41.7400016784668,10659300,36.39116118233996,0.0,1.0,yahoo,2023-12-13 16:42:26
2014-12-19,XLK,41.70000076293945,41.790000915527344,41.52000045776367,41.56999969482422,11694400,36.43147331892767,0.216,1.0,yahoo,2023-12-13 16:42:26
2014-12-22,XLK,41.72999954223633,42.06999969482422,41.65999984741211,42.06999969482422,6107000,36.86966761272585,0.0,1.0,yahoo,2023-12-13 16:42:26
2014-12-23,XLK,42.25,42.31999969482422,42.15999984741211,42.18000030517578,6699400,36.96607089226659,0.0,1.0,yahoo,2023-12-13 16:42:26
2014-12-24,XLK,42.27999877929688,42.27999877929688,42.130001068115234,42.13999938964844,2655600,36.931014546405024,0.0,1.0,yahoo,2023-12-13 16:42:26
2014-12-26,XLK,42.220001220703125,42.400001525878906,42.20000076293945,42.31999969482422,2278500,37.08876475962494,0.0,1.0,yahoo,2023-12-13 16:42:26
2014-12-29,XLK,42.15999984741211,42.27999877929688,42.06999969482422,42.11000061035156,4638300,36.90472395858742,0.0,1.0,yahoo,2023-12-13 16:42:26
2014-12-30,XLK,42.02999877929688,42.09000015258789,41.77000045776367,41.810001373291016,5503400,36.64180805093994,0.0,1.0,yahoo,2023-12-13 16:42:26
2014-12-31,XLK,41.95000076293945,42.0,41.310001373291016,41.34999847412109,5955300,36.23866675984618,0.0,1.0,yahoo,2023-12-13 16:42:26
2015-01-02,XLK,41.61000061035156,41.709999084472656,41.060001373291016,41.27000045776367,8495200,36.1685574112802,0.0,1.0,yahoo,2023-12-13 16:42:26
2015-01-05,XLK,41.119998931884766,41.119998931884766,40.52000045776367,40.63999938964844,7194700,35.616431665010495,0.0,1.0,yahoo,2023-12-13 16:42:26
2015-01-06,XLK,40.7599983215332,40.7599983215332,39.959999084472656,40.150001525878906,8745600,35.18700312925629,0.0,1.0,yahoo,2023-12-13 16:42:26
2015-01-07,XLK,40.459999084472656,40.59000015258789,40.20000076293945,40.4900016784668,6534600,35.484975382765334,0.0,1.0,yahoo,2023-12-13 16:42:26
2015-01-08,XLK,40.81999969482422,41.470001220703125,40.7599983215332,41.380001068115234,14211700,36.26496069082094,0.0,1.0,yahoo,2023-12-13 16:42:26
2015-01-09,XLK,41.5,41.59999847412109,40.95000076293945,41.25,9169900,36.151029238349416,0.0,1.0,yahoo,2023-12-13 16:42:26
2015-01-12,XLK,41.22999954223633,41.33000183105469,40.630001068115234,40.77000045776367,5628700,35.73036311748202,0.0,1.0,yahoo,2023-12-13 16:42:26
2015-01-13,XLK,41.11000061035156,41.619998931884766,40.45000076293945,40.7400016784668,11679200,35.70407252966442,0.0,1.0,yahoo,2023-12-13 16:42:26
2015-01-14,XLK,40.40999984741211,40.68999862670898,40.13999938964844,40.5099983215332,8830700,35.50250021253897,0.0,1.0,yahoo,2023-12-13 16:42:26
2015-01-15,XLK,40.68000030517578,40.77999877929688,39.959999084472656,39.9900016784668,9327700,35.04678108896716,0.0,1.0,yahoo,2023-12-13 16:42:26
2015-01-16,XLK,39.86000061035156,40.41999816894531,39.84000015258789,40.380001068115234,18821500,35.38857210322459,0.0,1.0,yahoo,2023-12-13 16:42:26
2015-01-20,XLK,40.619998931884766,40.810001373291016,40.209999084472656,40.720001220703125,12015800,35.686544356733634,0.0,1.0,yahoo,2023-12-13 16:42:26
2015-01-21,XLK,40.540000915527344,40.959999084472656,40.34000015258789,40.790000915527344,13919100,35.74789129041281,0.0,1.0,yahoo,2023-12-13 16:42:26
2015-01-22,XLK,40.900001525878906,41.4900016784668,40.560001373291016,41.459999084472656,8812200,36.33507003938693,0.0,1.0,yahoo,2023-12-13 16:42:26
2015-01-23,XLK,41.45000076293945,41.63999938964844,41.310001373291016,41.45000076293945,6478800,36.32630762450011,0.0,1.0,yahoo,2023-12-13 16:42:26
2015-01-26,XLK,41.400001525878906,41.5099983215332,41.150001525878906,41.27999877929688,9733500,36.17731982616702,0.0,1.0,yahoo,2023-12-13 16:42:26
2015-01-27,XLK,40.59999847412109,40.59999847412109,39.90999984741211,40.09000015258789,10792000,35.13441861046393,0.0,1.0,yahoo,2023-12-13 16:42:26
2015-01-28,XLK,40.810001373291016,40.93999862670898,40.02000045776367,40.02000045776367,13047200,35.073071676784764,0.0,1.0,yahoo,2023-12-13 16:42:26
2015-01-29,XLK,40.040000915527344,40.47999954223633,39.65999984741211,40.400001525878906,16817600,35.40610027615538,0.0,1.0,yahoo,2023-12-13 16:42:26
2015-01-30,XLK,40.290000915527344,40.4900016784668,39.81999969482422,39.900001525878906,13006300,34.9679059823572,0.0,1.0,yahoo,2023-12-13 16:42:26
2015-02-02,XLK,40.040000915527344,40.36000061035156,39.38999938964844,40.310001373291016,15623600,35.32722516954542,0.0,1.0,yahoo,2023-12-13 16:42:26
2015-02-03,XLK,40.43000030517578,40.810001373291016,40.31999969482422,40.77000045776367,9883700,35.73036311748202,0.0,1.0,yahoo,2023-12-13 16:42:26
2015-02-04,XLK,40.70000076293945,41.150001525878906,40.70000076293945,40.84999847412109,5889400,35.80047246604801,0.0,1.0,yahoo,2023-12-13 16:42:26
2015-02-05,XLK,41.02000045776367,41.25,40.88999938964844,41.22999954223633,5091800,36.13350106541863,0.0,1.0,yahoo,2023-12-13 16:42:26
2015-02-06,XLK,41.290000915527344,41.47999954223633,40.97999954223633,41.09999847412109,4790300,36.019569612947095,0.0,1.0,yahoo,2023-12-13 16:42:26
2015-02-09,XLK,40.9900016784668,41.2400016784668,40.95000076293945,41.040000915527344,7165700,35.9669884373119,0.0,1.0,yahoo,2023-12-13 16:42:26
2015-02-10,XLK,41.31999969482422,41.70000076293945,41.16999816894531,41.650001525878906,11245700,36.50158601065081,0.0,1.0,yahoo,2023-12-13 16:42:26
2015-02-11,XLK,41.709999084472656,41.880001068115234,41.59000015258789,41.810001373291016,6250000,36.64180805093994,0.0,1.0,yahoo,2023-12-13 16:42:26
2015-02-12,XLK,42.130001068115234,42.40999984741211,42.06999969482422,42.380001068115234,6769200,37.14134927841729,0.0,1.0,yahoo,2023-12-13 16:42:26
2015-02-13,XLK,42.47999954223633,42.68000030517578,42.400001525878906,42.650001525878906,4315800,37.377974598247164,0.0,1.0,yahoo,2023-12-13 16:42:26
2015-02-17,XLK,42.68999862670898,42.7400016784668,42.560001373291016,42.66999816894531,5340300,37.3954994280208,0.0,1.0,yahoo,2023-12-13 16:42:26
2015-02-18,XLK,42.66999816894531,42.75,42.54999923706055,42.709999084472656,3749800,37.43055577388237,0.0,1.0,yahoo,2023-12-13 16:42:26
2015-02-19,XLK,42.68000030517578,42.900001525878906,42.59999847412109,42.86000061035156,3125400,37.56201539928468,0.0,1.0,yahoo,2023-12-13 16:42:26
2015-02-20,XLK,42.86000061035156,43.13999938964844,42.63999938964844,43.08000183105469,6933500,37.754821958366165,0.0,1.0,yahoo,2023-12-13 16:42:26
2015-02-23,XLK,43.130001068115234,43.13999938964844,42.88999938964844,43.11000061035156,4047000,37.78111254618376,0.0,1.0,yahoo,2023-12-13 16:42:26
2015-02-24,XLK,43.08000183105469,43.29999923706055,42.86000061035156,43.2400016784668,4655500,37.8950439986553,0.0,1.0,yahoo,2023-12-13 16:42:26
2015-02-25,XLK,43.119998931884766,43.16999816894531,42.880001068115234,42.970001220703125,5867400,37.65841867882542,0.0,1.0,yahoo,2023-12-13 16:42:26
2015-02-26,XLK,43.09999847412109,43.29999923706055,42.97999954223633,43.2400016784668,7559400,37.8950439986553,0.0,1.0,yahoo,2023-12-13 16:42:26
2015-02-27,XLK,43.22999954223633,43.31999969482422,43.04999923706055,43.09000015258789,6056000,37.76358437325298,0.0,1.0,yahoo,2023-12-13 16:42:26
2015-03-02,XLK,43.2400016784668,43.459999084472656,43.09999847412109,43.43000030517578,6844500,38.06155662676203,0.0,1.0,yahoo,2023-12-13 16:42:26
2015-03-03,XLK,43.38999938964844,43.38999938964844,42.95000076293945,43.13999938964844,8612100,37.80740313400137,0.0,1.0,yahoo,2023-12-13 16:42:26
2015-03-04,XLK,43.02999877929688,43.04999923706055,42.7400016784668,42.970001220703125,5882700,37.65841867882542,0.0,1.0,yahoo,2023-12-13 16:42:26
2015-03-05,XLK,43.06999969482422,43.06999969482422,42.77000045776367,42.91999816894531,7704300,37.61459657491989,0.0,1.0,yahoo,2023-12-13 16:42:26
2015-03-06,XLK,42.900001525878906,42.959999084472656,42.31999969482422,42.38999938964844,8076700,37.150111693304105,0.0,1.0,yahoo,2023-12-13 16:42:26
2015-03-09,XLK,42.470001220703125,42.77000045776367,42.40999984741211,42.59000015258789,6249300,37.325390079454806,0.0,1.0,yahoo,2023-12-13 16:42:26
2015-03-10,XLK,42.34999847412109,42.36000061035156,41.720001220703125,41.720001220703125,8797900,36.56293294432999,0.0,1.0,yahoo,2023-12-13 16:42:26
2015-03-11,XLK,41.81999969482422,41.81999969482422,41.41999816894531,41.45000076293945,11520200,36.32630762450011,0.0,1.0,yahoo,2023-12-13 16:42:26
2015-03-12,XLK,41.33000183105469,41.75,41.290000915527344,41.720001220703125,12334900,36.56293294432999,0.0,1.0,yahoo,2023-12-13 16:42:26
2015-03-13,XLK,41.65999984741211,41.7599983215332,41.2599983215332,41.4900016784668,15187700,36.36136397036168,0.0,1.0,yahoo,2023-12-13 16:42:26
2015-03-16,XLK,41.709999084472656,42.0099983215332,41.58000183105469,41.97999954223633,8639400,36.79079250611589,0.0,1.0,yahoo,2023-12-13 16:42:26
2015-03-17,XLK,41.880001068115234,42.11000061035156,41.810001373291016,41.9900016784668,9533700,36.799558264159856,0.0,1.0,yahoo,2023-12-13 16:42:26
2015-03-18,XLK,41.93999862670898,42.709999084472656,41.77000045776367,42.560001373291016,15855400,37.29909949163721,0.0,1.0,yahoo,2023-12-13 16:42:26
2015-03-19,XLK,42.5,42.650001525878906,42.40999984741211,42.43999862670898,8992400,37.19393045405249,0.0,1.0,yahoo,2023-12-13 16:42:26
2015-03-20,XLK,42.52000045776367,42.75,42.45000076293945,42.540000915527344,19296100,37.43416582618726,0.173,1.0,yahoo,2023-12-13 16:42:26
2015-03-23,XLK,42.54999923706055,42.75,42.52999877929688,42.540000915527344,3753100,37.43416582618726,0.0,1.0,yahoo,2023-12-13 16:42:26
2015-03-24,XLK,42.56999969482422,42.68999862670898,42.400001525878906,42.400001525878906,7117400,37.3109697694201,0.0,1.0,yahoo,2023-12-13 16:42:26
2015-03-25,XLK,42.34999847412109,42.43000030517578,41.310001373291016,41.310001373291016,8174300,36.35179615436615,0.0,1.0,yahoo,2023-12-13 16:42:26
2015-03-26,XLK,41.08000183105469,41.54999923706055,40.93999862670898,41.34000015258789,9002400,36.37819435029032,0.0,1.0,yahoo,2023-12-13 16:42:26
2015-03-27,XLK,41.34999847412109,41.47999954223633,41.150001525878906,41.369998931884766,7909300,36.40459254621449,0.0,1.0,yahoo,2023-12-13 16:42:26
2015-03-30,XLK,41.68000030517578,41.900001525878906,41.59999847412109,41.869998931884766,6605400,36.84458038143482,0.0,1.0,yahoo,2023-12-13 16:42:26
2015-03-31,XLK,41.7400016784668,41.81999969482422,41.43999862670898,41.43999862670898,7963600,36.466190574598066,0.0,1.0,yahoo,2023-12-13 16:42:26
2015-04-01,XLK,41.47999954223633,41.52000045776367,41.09000015258789,41.380001068115234,10427800,36.413394182749734,0.0,1.0,yahoo,2023-12-13 16:42:26
2015-04-02,XLK,41.45000076293945,41.540000915527344,41.290000915527344,41.369998931884766,5469300,36.40459254621449,0.0,1.0,yahoo,2023-12-13 16:42:26
2015-04-06,XLK,41.08000183105469,41.84999847412109,41.040000915527344,41.77000045776367,7344700,36.756584157127065,0.0,1.0,yahoo,2023-12-13 16:42:26
2015-04-07,XLK,41.77000045776367,42.02000045776367,41.66999816894531,41.68000030517578,4684300,36.677386212513774,0.0,1.0,yahoo,2023-12-13 16:42:26
2015-04-08,XLK,41.68000030517578,41.93999862670898,41.59999847412109,41.810001373291016,7203500,36.79178398958648,0.0,1.0,yahoo,2023-12-13 16:42:26
2015-04-09,XLK,41.810001373291016,41.9900016784668,41.59000015258789,41.91999816894531,7290100,36.888578493588696,0.0,1.0,yahoo,2023-12-13 16:42:26
2015-04-10,XLK,41.959999084472656,42.119998931884766,41.83000183105469,42.08000183105469,4316300,37.02937782342635,0.0,1.0,yahoo,2023-12-13 16:42:26
2015-04-13,XLK,42.15999984741211,42.34000015258789,41.95000076293945,41.959999084472656,3887200,36.92377832604811,0.0,1.0,yahoo,2023-12-13 16:42:26
2015-04-14,XLK,41.97999954223633,42.02999877929688,41.630001068115234,41.83000183105469,5851300,36.80938390581618,0.0,1.0,yahoo,2023-12-13 16:42:26
2015-04-15,XLK,41.93999862670898,42.290000915527344,41.900001525878906,42.20000076293945,12583100,37.13497396396381,0.0,1.0,yahoo,2023-12-13 16:42:26
2015-04-16,XLK,42.02999877929688,42.18000030517578,41.93000030517578,42.04999923706055,9114300,37.0029762706614,0.0,1.0,yahoo,2023-12-13 16:42:26
2015-04-17,XLK,41.70000076293945,41.790000915527344,41.34000015258789,41.470001220703125,10159400,36.492592127363025,0.0,1.0,yahoo,2023-12-13 16:42:26
2015-04-20,XLK,41.65999984741211,42.22999954223633,41.63999938964844,42.18000030517578,4845800,37.1173740477341,0.0,1.0,yahoo,2023-12-13 16:42:26
2015-04-21,XLK,42.43000030517578,42.43999862670898,42.11000061035156,42.15999984741211,5001400,37.0997741315044,0.0,1.0,yahoo,2023-12-13 16:42:26
2015-04-22,XLK,42.22999954223633,42.630001068115234,42.09000015258789,42.59000015258789,6095100,37.47816393834114,0.0,1.0,yahoo,2023-12-13 16:42:26
2015-04-23,XLK,42.4900016784668,42.93000030517578,42.38999938964844,42.7599983215332,5899800,37.62775819103248,0.0,1.0,yahoo,2023-12-13 16:42:26
2015-04-24,XLK,43.09999847412109,43.18000030517578,42.88999938964844,43.130001068115234,6228800,37.95335160602088,0.0,1.0,yahoo,2023-12-13 16:42:26
2015-04-27,XLK,43.290000915527344,43.43000030517578,43.15999984741211,43.25,9250700,38.05894774655834,0.0,1.0,yahoo,2023-12-13 16:42:26
2015-04-28,XLK,43.290000915527344,43.54999923706055,42.95000076293945,43.38999938964844,9149800,38.18214380332551,0.0,1.0,yahoo,2023-12-13 16:42:26
2015-04-29,XLK,43.18000030517578,43.43999862670898,42.90999984741211,43.18000030517578,8571100,37.99734971817476,0.0,1.0,yahoo,2023-12-13 16:42:26
2015-04-30,XLK,42.959999084472656,43.09000015258789,42.40999984741211,42.58000183105469,8652600,37.46936565864668,0.0,1.0,yahoo,2023-12-13 16:42:26
2015-05-01,XLK,42.84000015258789,43.119998931884766,42.720001220703125,43.09999847412109,10548400,37.92695005325592,0.0,1.0,yahoo,2023-12-13 16:42:26
2015-05-04,XLK,43.20000076293945,43.36000061035156,43.119998931884766,43.13999938964844,7698800,37.96214988571534,0.0,1.0,yahoo,2023-12-13 16:42:26
2015-05-05,XLK,43.02999877929688,43.09999847412109,42.43999862670898,42.470001220703125,8104900,37.37256779780368,0.0,1.0,yahoo,2023-12-13 16:42:26
2015-05-06,XLK,42.630001068115234,42.709999084472656,41.86000061035156,42.11000061035156,9873900,37.05577601935052,0.0,1.0,yahoo,2023-12-13 16:42:26
2015-05-07,XLK,42.18000030517578,42.56999969482422,42.09000015258789,42.41999816894531,5640300,37.32856632880902,0.0,1.0,yahoo,2023-12-13 16:42:26
2015-05-08,XLK,42.84999847412109,43.060001373291016,42.77999877929688,43.02999877929688,9819200,37.86535202487235,0.0,1.0,yahoo,2023-12-13 16:42:26
2015-05-11,XLK,43.0,43.04999923706055,42.77000045776367,42.810001373291016,6046500,37.671759660027135,0.0,1.0,yahoo,2023-12-13 16:42:26
2015-05-12,XLK,42.58000183105469,42.77000045776367,42.209999084472656,42.58000183105469,7650500,37.46936565864668,0.0,1.0,yahoo,2023-12-13 16:42:26
2015-05-13,XLK,42.7599983215332,43.0099983215332,42.66999816894531,42.7599983215332,9306500,37.62775819103248,0.0,1.0,yahoo,2023-12-13 16:42:26
2015-05-14,XLK,43.09999847412109,43.470001220703125,43.060001373291016,43.45000076293945,6976200,38.23494355201463,0.0,1.0,yahoo,2023-12-13 16:42:26
2015-05-15,XLK,43.540000915527344,43.58000183105469,43.209999084472656,43.310001373291016,8468200,38.111747495247464,0.0,1.0,yahoo,2023-12-13 16:42:26
2015-05-18,XLK,43.25,43.59999847412109,43.18999862670898,43.52000045776367,3393300,38.29654158039821,0.0,1.0,yahoo,2023-12-13 16:42:26
2015-05-19,XLK,43.56999969482422,43.619998931884766,43.36000061035156,43.40999984741211,4565400,38.199743719555215,0.0,1.0,yahoo,2023-12-13 16:42:26
2015-05-20,XLK,43.43999862670898,43.66999816894531,43.27999877929688,43.43999862670898,11010900,38.226141915479374,0.0,1.0,yahoo,2023-12-13 16:42:26
2015-05-21,XLK,43.380001068115234,43.68000030517578,43.33000183105469,43.630001068115234,3713100,38.39333944124121,0.0,1.0,yahoo,2023-12-13 16:42:26
2015-05-22,XLK,43.4900016784668,43.709999084472656,43.4900016784668,43.59999847412109,3968500,38.36693788847625,0.0,1.0,yahoo,2023-12-13 16:42:26
2015-05-26,XLK,43.470001220703125,43.5,42.84000015258789,42.970001220703125,7924400,37.81255563302401,0.0,1.0,yahoo,2023-12-13 16:42:26
2015-05-27,XLK,43.130001068115234,43.810001373291016,43.09999847412109,43.77999877929688,12587100,38.52533377770284,0.0,1.0,yahoo,2023-12-13 16:42:26
2015-05-28,XLK,43.63999938964844,43.77000045776367,43.560001373291016,43.68999862670898,4664800,38.44613583308954,0.0,1.0,yahoo,2023-12-13 16:42:26
2015-05-29,XLK,43.68999862670898,43.709999084472656,43.2599983215332,43.369998931884766,7738400,38.1645438870958,0.0,1.0,yahoo,2023-12-13 16:42:26
2015-06-01,XLK,43.619998931884766,43.63999938964844,43.220001220703125,43.4900016784668,6936300,38.270143384474046,0.0,1.0,yahoo,2023-12-13 16:42:26
2015-06-02,XLK,43.33000183105469,43.59999847412109,43.119998931884766,43.400001525878906,5637800,38.190945439860755,0.0,1.0,yahoo,2023-12-13 16:42:26
2015-06-03,XLK,43.470001220703125,43.72999954223633,43.40999984741211,43.4900016784668,5657300,38.270143384474046,0.0,1.0,yahoo,2023-12-13 16:42:26
2015-06-04,XLK,43.25,43.5,42.9900016784668,43.09000015258789,8347300,37.91815177356147,0.0,1.0,yahoo,2023-12-13 16:42:26
2015-06-05,XLK,43.040000915527344,43.130001068115234,42.7599983215332,42.95000076293945,7727500,37.7949557167943,0.0,1.0,yahoo,2023-12-13 16:42:26
2015-06-08,XLK,42.93999862670898,42.95000076293945,42.38999938964844,42.470001220703125,8379500,37.37256779780368,0.0,1.0,yahoo,2023-12-13 16:42:26
2015-06-09,XLK,42.400001525878906,42.52999877929688,42.09000015258789,42.369998931884766,7706700,37.284568216655146,0.0,1.0,yahoo,2023-12-13 16:42:26
2015-06-10,XLK,42.470001220703125,43.119998931884766,42.470001220703125,43.02999877929688,8964800,37.86535202487235,0.0,1.0,yahoo,2023-12-13 16:42:26
2015-06-11,XLK,43.18000030517578,43.290000915527344,42.9900016784668,43.04999923706055,5644700,37.88295194110205,0.0,1.0,yahoo,2023-12-13 16:42:26
2015-06-12,XLK,42.84000015258789,42.90999984741211,42.630001068115234,42.66999816894531,6158800,37.548560246419186,0.0,1.0,yahoo,2023-12-13 16:42:26
2015-06-15,XLK,42.38999938964844,42.470001220703125,42.09000015258789,42.40999984741211,9179100,37.31976804911456,0.0,1.0,yahoo,2023-12-13 16:42:26
2015-06-16,XLK,42.38999938964844,42.7400016784668,42.31999969482422,42.68999862670898,9173300,37.566160162648885,0.0,1.0,yahoo,2023-12-13 16:42:26
2015-06-17,XLK,42.720001220703125,42.880001068115234,42.459999084472656,42.709999084472656,11023900,37.5837600788786,0.0,1.0,yahoo,2023-12-13 16:42:26
2015-06-18,XLK,42.68999862670898,43.15999984741211,42.68000030517578,43.09000015258789,8963200,37.91815177356147,0.0,1.0,yahoo,2023-12-13 16:42:26
2015-06-19,XLK,42.810001373291016,42.90999984741211,42.540000915527344,42.540000915527344,13434800,37.60258771999697,0.193,1.0,yahoo,2023-12-13 16:42:26
2015-06-22,XLK,42.900001525878906,43.02000045776367,42.790000915527344,42.88999938964844,5438000,37.91196355548737,0.0,1.0,yahoo,2023-12-13 16:42:26
2015-06-23,XLK,42.97999954223633,42.9900016784668,42.81999969482422,42.91999816894531,3993300,37.9384805208312,0.0,1.0,yahoo,2023-12-13 16:42:26
2015-06-24,XLK,42.81999969482422,43.06999969482422,42.720001220703125,42.720001220703125,4846800,37.76169625594738,0.0,1.0,yahoo,2023-12-13 16:42:26
2015-06-25,XLK,42.95000076293945,42.97999954223633,42.61000061035156,42.619998931884766,4913800,37.673300751561754,0.0,1.0,yahoo,2023-12-13 16:42:26
2015-06-26,XLK,42.59000015258789,42.63999938964844,42.13999938964844,42.2599983215332,10174300,37.35508367966094,0.0,1.0,yahoo,2023-12-13 16:42:26
2015-06-29,XLK,41.810001373291016,42.060001373291016,41.34999847412109,41.36000061035156,13107400,36.55954437185262,0.0,1.0,yahoo,2023-12-13 16:42:26
2015-06-30,XLK,41.66999816894531,41.68999862670898,41.290000915527344,41.400001525878906,11382900,36.594902573606866,0.0,1.0,yahoo,2023-12-13 16:42:26
2015-07-01,XLK,41.77000045776367,41.86000061035156,41.5,41.68000030517578,8149500,36.842403241999186,0.0,1.0,yahoo,2023-12-13 16:42:26
2015-07-02,XLK,41.79999923706055,41.880001068115234,41.58000183105469,41.7400016784668,5160700,36.89544054463056,0.0,1.0,yahoo,2023-12-13 16:42:26
2015-07-06,XLK,41.45000076293945,41.7599983215332,41.34000015258789,41.56999969482422,7509000,36.74516987314686,0.0,1.0,yahoo,2023-12-13 16:42:26
2015-07-07,XLK,41.650001525878906,41.68999862670898,40.84999847412109,41.630001068115234,19659900,36.79820717577823,0.0,1.0,yahoo,2023-12-13 16:42:26
2015-07-08,XLK,41.290000915527344,41.380001068115234,40.93000030517578,40.95000076293945,16160000,36.19713123373085,0.0,1.0,yahoo,2023-12-13 16:42:26
2015-07-09,XLK,41.41999816894531,41.52999877929688,40.790000915527344,40.790000915527344,8993800,36.055701798657566,0.0,1.0,yahoo,2023-12-13 16:42:26
2015-07-10,XLK,41.310001373291016,41.58000183105469,41.209999084472656,41.43999862670898,6748300,36.630257403417396,0.0,1.0,yahoo,2023-12-13 16:42:26
2015-07-13,XLK,41.70000076293945,42.09999847412109,41.68999862670898,42.06999969482422,7071500,37.18713727924383,0.0,1.0,yahoo,2023-12-13 16:42:26
2015-07-14,XLK,42.08000183105469,42.34000015258789,42.060001373291016,42.22999954223633,6126400,37.32856671431711,0.0,1.0,yahoo,2023-12-13 16:42:26
2015-07-15,XLK,42.209999084472656,42.369998931884766,42.119998931884766,42.2400016784668,6538500,37.33740795072753,0.0,1.0,yahoo,2023-12-13 16:42:26
2015-07-16,XLK,42.56999969482422,42.79999923706055,42.4900016784668,42.77999877929688,5206600,37.814730186635046,0.0,1.0,yahoo,2023-12-13 16:42:26
2015-07-17,XLK,43.150001525878906,43.43999862670898,43.09000015258789,43.43999862670898,7775000,38.39812702780529,0.0,1.0,yahoo,2023-12-13 16:42:26
2015-07-20,XLK,43.59000015258789,43.810001373291016,43.43999862670898,43.66999816894531,9309500,38.60143162997666,0.0,1.0,yahoo,2023-12-13 16:42:26
2015-07-21,XLK,43.45000076293945,43.61000061035156,43.34000015258789,43.380001068115234,5975200,38.34509309711763,0.0,1.0,yahoo,2023-12-13 16:42:26
2015-07-22,XLK,42.52999877929688,42.88999938964844,42.5,42.68000030517578,8591300,37.72633805419313,0.0,1.0,yahoo,2023-12-13 16:42:26
2015-07-23,XLK,42.79999923706055,42.970001220703125,42.4900016784668,42.59000015258789,6322600,37.646783786217924,0.0,1.0,yahoo,2023-12-13 16:42:26
2015-07-24,XLK,42.79999923706055,42.86000061035156,42.33000183105469,42.36000061035156,9746100,37.443479184046566,0.0,1.0,yahoo,2023-12-13 16:42:26
2015-07-27,XLK,42.02000045776367,42.290000915527344,41.91999816894531,41.97999954223633,8653600,37.10758301126862,0.0,1.0,yahoo,2023-12-13 16:42:26
2015-07-28,XLK,42.15999984741211,42.43999862670898,41.869998931884766,42.36000061035156,7887500,37.443479184046566,0.0,1.0,yahoo,2023-12-13 16:42:26
2015-07-29,XLK,42.36000061035156,42.72999954223633,42.209999084472656,42.63999938964844,8376300,37.69097985243888,0.0,1.0,yahoo,2023-12-13 16:42:26
2015-07-30,XLK,42.459999084472656,42.790000915527344,42.2599983215332,42.720001220703125,6808200,37.76169625594738,0.0,1.0,yahoo,2023-12-13 16:42:26
2015-07-31,XLK,42.77000045776367,42.84000015258789,42.5,42.58000183105469,10912000,37.63794592175122,0.0,1.0,yahoo,2023-12-13 16:42:26
2015-08-03,XLK,42.560001373291016,42.630001068115234,42.09000015258789,42.34999847412109,9198300,37.43463794763614,0.0,1.0,yahoo,2023-12-13 16:42:26
2015-08-04,XLK,42.310001373291016,42.34999847412109,41.95000076293945,42.09999847412109,7382700,37.21365424458765,0.0,1.0,yahoo,2023-12-13 16:42:26
2015-08-05,XLK,42.369998931884766,42.810001373291016,42.27999877929688,42.5099983215332,10392800,37.57606738270943,0.0,1.0,yahoo,2023-12-13 16:42:26
2015-08-06,XLK,42.5099983215332,42.68000030517578,41.93999862670898,42.09000015258789,6509900,37.20481638012095,0.0,1.0,yahoo,2023-12-13 16:42:26
2015-08-07,XLK,41.9900016784668,42.18000030517578,41.83000183105469,42.119998931884766,7912500,37.23133334546478,0.0,1.0,yahoo,2023-12-13 16:42:26
2015-08-10,XLK,42.310001373291016,42.83000183105469,42.310001373291016,42.77999877929688,5572000,37.814730186635046,0.0,1.0,yahoo,2023-12-13 16:42:26
2015-08-11,XLK,42.65999984741211,42.720001220703125,42.02000045776367,42.13999938964844,27344500,37.24901244634191,0.0,1.0,yahoo,2023-12-13 16:42:26
2015-08-12,XLK,41.83000183105469,42.40999984741211,41.43999862670898,42.33000183105469,10035700,37.416962218702736,0.0,1.0,yahoo,2023-12-13 16:42:26
2015-08-13,XLK,42.36000061035156,42.4900016784668,42.130001068115234,42.209999084472656,6643900,37.31088761343999,0.0,1.0,yahoo,2023-12-13 16:42:26
2015-08-14,XLK,42.09999847412109,42.459999084472656,42.06999969482422,42.41999816894531,5953000,37.49651311473423,0.0,1.0,yahoo,2023-12-13 16:42:26
2015-08-17,XLK,42.2599983215332,42.66999816894531,42.119998931884766,42.65999984741211,5591700,37.708658953316004,0.0,1.0,yahoo,2023-12-13 16:42:26
2015-08-18,XLK,42.560001373291016,42.619998931884766,42.38999938964844,42.43999862670898,4691900,37.514192215611345,0.0,1.0,yahoo,2023-12-13 16:42:26
2015-08-19,XLK,42.310001373291016,42.52000045776367,41.91999816894531,42.15999984741211,9227600,37.26669154721903,0.0,1.0,yahoo,2023-12-13 16:42:26
2015-08-20,XLK,41.709999084472656,41.88999938964844,41.130001068115234,41.130001068115234,13726900,36.35623976968125,0.0,1.0,yahoo,2023-12-13 16:42:26
2015-08-21,XLK,40.68999862670898,41.0,39.560001373291016,39.560001373291016,23666400,34.96846238429226,0.0,1.0,yahoo,2023-12-13 16:42:26
2015-08-24,XLK,37.0099983215332,39.61000061035156,31.31999969482422,38.0,36103900,33.589522863369965,0.0,1.0,yahoo,2023-12-13 16:42:26
2015-08-25,XLK,39.470001220703125,39.540000915527344,37.65999984741211,37.70000076293945,18605400,33.32434309410052,0.0,1.0,yahoo,2023-12-13 16:42:26
2015-08-26,XLK,38.45000076293945,39.65999984741211,38.119998931884766,39.59999847412109,34388400,35.00381721410279,0.0,1.0,yahoo,2023-12-13 16:42:26
2015-08-27,XLK,40.13999938964844,40.52999877929688,39.630001068115234,40.52000045776367,20105500,35.81703899473195,0.0,1.0,yahoo,2023-12-13 16:42:26
2015-08-28,XLK,40.34000015258789,40.66999816894531,40.25,40.59999847412109,13836100,35.88775202629673,0.0,1.0,yahoo,2023-12-13 16:42:26
2015-08-31,XLK,40.27000045776367,40.66999816894531,40.130001068115234,40.22999954223633,11050300,35.56069708992922,0.0,1.0,yahoo,2023-12-13 16:42:26
2015-09-01,XLK,39.380001068115234,39.720001220703125,38.75,38.93999862670898,21289000,34.42042037293253,0.0,1.0,yahoo,2023-12-13 16:42:26
2015-09-02,XLK,39.52000045776367,39.91999816894531,39.13999938964844,39.880001068115234,12685100,35.25132125443882,0.0,1.0,yahoo,2023-12-13 16:42:26
2015-09-03,XLK,40.09999847412109,40.41999816894531,39.790000915527344,39.90999984741211,11031100,35.27783821978265,0.0,1.0,yahoo,2023-12-13 16:42:26
2015-09-04,XLK,39.380001068115234,39.58000183105469,39.11000061035156,39.29999923706055,13780500,34.73863744483335,0.0,1.0,yahoo,2023-12-13 16:42:26
2015-09-08,XLK,40.04999923706055,40.43000030517578,39.95000076293945,40.400001525878906,9454600,35.71096776141292,0.0,1.0,yahoo,2023-12-13 16:42:26
2015-09-09,XLK,40.65999984741211,40.86000061035156,39.77999877929688,39.869998931884766,9652300,35.2424800180284,0.0,1.0,yahoo,2023-12-13 16:42:26
2015-09-10,XLK,39.810001373291016,40.5,39.790000915527344,40.27000045776367,14024400,35.59605529168347,0.0,1.0,yahoo,2023-12-13 16:42:26
2015-09-11,XLK,39.9900016784668,40.459999084472656,39.97999954223633,40.459999084472656,6859700,35.764001692100585,0.0,1.0,yahoo,2023-12-13 16:42:26
2015-09-14,XLK,40.630001068115234,40.66999816894531,40.2599983215332,40.36000061035156,7445400,35.675609559658675,0.0,1.0,yahoo,2023-12-13 16:42:26
2015-09-15,XLK,40.4900016784668,40.9900016784668,40.380001068115234,40.880001068115234,8806000,36.13525606663277,0.0,1.0,yahoo,2023-12-13 16:42:26
2015-09-16,XLK,40.83000183105469,41.09000015258789,40.77999877929688,41.04999923706055,7718100,36.28552336617276,0.0,1.0,yahoo,2023-12-13 16:42:26
2015-09-17,XLK,40.880001068115234,41.400001525878906,40.630001068115234,40.77000045776367,16782600,36.03802269778044,0.0,1.0,yahoo,2023-12-13 16:42:26
2015-09-18,XLK,40.11000061035156,40.47999954223633,39.970001220703125,40.060001373291016,18115100,35.5700894986346,0.183,1.0,yahoo,2023-12-13 16:42:26
2015-09-21,XLK,40.130001068115234,40.58000183105469,40.09000015258789,40.459999084472656,6960600,35.925255596942975,0.0,1.0,yahoo,2023-12-13 16:42:26
2015-09-22,XLK,39.810001373291016,39.970001220703125,39.52999877929688,39.77999877929688,12288200,35.32146950395678,0.0,1.0,yahoo,2023-12-13 16:42:26
2015-09-23,XLK,39.91999816894531,40.02999877929688,39.65999984741211,39.880001068115234,5678200,35.410263568894294,0.0,1.0,yahoo,2023-12-13 16:42:26
2015-09-24,XLK,39.43000030517578,39.9900016784668,39.220001220703125,39.880001068115234,11028200,35.410263568894294,0.0,1.0,yahoo,2023-12-13 16:42:26
2015-09-25,XLK,40.25,40.29999923706055,39.630001068115234,39.810001373291016,10828900,35.34810941701165,0.0,1.0,yahoo,2023-12-13 16:42:26
2015-09-28,XLK,39.63999938964844,39.70000076293945,38.880001068115234,38.900001525878906,12583300,34.54010205539,0.0,1.0,yahoo,2023-12-13 16:42:26
2015-09-29,XLK,39.0,39.2599983215332,38.45000076293945,38.72999954223633,13103400,34.389153838569825,0.0,1.0,yahoo,2023-12-13 16:42:26
2015-09-30,XLK,39.20000076293945,39.560001373291016,39.09000015258789,39.5,12466800,35.072852896426184,0.0,1.0,yahoo,2023-12-13 16:42:26
2015-10-01,XLK,39.5,39.63999938964844,38.9900016784668,39.52000045776367,13518000,35.090611709413686,0.0,1.0,yahoo,2023-12-13 16:42:26
2015-10-02,XLK,39.060001373291016,40.08000183105469,38.91999816894531,40.08000183105469,14917000,35.5878483116221,0.0,1.0,yahoo,2023-12-13 16:42:26
2015-10-05,XLK,40.33000183105469,40.970001220703125,40.25,40.869998931884766,8568900,36.289302795318726,0.0,1.0,yahoo,2023-12-13 16:42:26
2015-10-06,XLK,40.72999954223633,41.0099983215332,40.720001220703125,40.91999816894531,9857900,36.33369813421387,0.0,1.0,yahoo,2023-12-13 16:42:26
2015-10-07,XLK,41.13999938964844,41.27999877929688,40.619998931884766,41.11000061035156,15218900,36.50240516402154,0.0,1.0,yahoo,2023-12-13 16:42:26
2015-10-08,XLK,40.95000076293945,41.380001068115234,40.75,41.29999923706055,15374800,36.67110880668198,0.0,1.0,yahoo,2023-12-13 16:42:26
2015-10-09,XLK,41.41999816894531,41.5099983215332,41.25,41.47999954223633,11376500,36.83093473642228,0.0,1.0,yahoo,2023-12-13 16:42:26
2015-10-12,XLK,41.56999969482422,41.59999847412109,41.34999847412109,41.52999877929688,6343700,36.87533007531743,0.0,1.0,yahoo,2023-12-13 16:42:26
2015-10-13,XLK,41.310001373291016,41.68999862670898,41.29999923706055,41.43999862670898,8951800,36.79541711044727,0.0,1.0,yahoo,2023-12-13 16:42:26
2015-10-14,XLK,41.31999969482422,41.61000061035156,41.25,41.36000061035156,12756100,36.72438524564449,0.0,1.0,yahoo,2023-12-13 16:42:26
2015-10-15,XLK,41.52999877929688,41.90999984741211,41.5099983215332,41.88999938964844,8421900,37.19498193479803,0.0,1.0,yahoo,2023-12-13 16:42:26
2015-10-16,XLK,42.0,42.0,41.720001220703125,41.970001220703125,7486300,37.26601718674805,0.0,1.0,yahoo,2023-12-13 16:42:26
2015-10-19,XLK,41.880001068115234,42.130001068115234,41.7599983215332,42.130001068115234,7092100,37.40808430350085,0.0,1.0,yahoo,2023-12-13 16:42:26
2015-10-20,XLK,41.959999084472656,42.13999938964844,41.84999847412109,42.02000045776367,5928900,37.310412525643194,0.0,1.0,yahoo,2023-12-13 16:42:26
2015-10-21,XLK,42.11000061035156,42.220001220703125,41.650001525878906,41.70000076293945,9417200,37.0262782921376,0.0,1.0,yahoo,2023-12-13 16:42:26
2015-10-22,XLK,42.0,42.72999954223633,42.0,42.63999938964844,14236000,37.86092217966688,0.0,1.0,yahoo,2023-12-13 16:42:26
2015-10-23,XLK,43.70000076293945,44.0,43.560001373291016,43.83000183105469,16691700,38.91754953596636,0.0,1.0,yahoo,2023-12-13 16:42:26
2015-10-26,XLK,43.790000915527344,43.790000915527344,43.5,43.65999984741211,8288100,38.76660131914619,0.0,1.0,yahoo,2023-12-13 16:42:26
2015-10-27,XLK,43.560001373291016,43.68000030517578,43.36000061035156,43.40999984741211,7679000,38.54462123752324,0.0,1.0,yahoo,2023-12-13 16:42:26
2015-10-28,XLK,43.61000061035156,44.060001373291016,43.47999954223633,44.060001373291016,14779600,39.12177080460181,0.0,1.0,yahoo,2023-12-13 16:42:26
2015-10-29,XLK,43.79999923706055,44.0,43.66999816894531,43.93999862670898,7609000,39.01521792667677,0.0,1.0,yahoo,2023-12-13 16:42:26
2015-10-30,XLK,44.0099983215332,44.02000045776367,43.63999938964844,43.650001525878906,9339500,38.75772360622606,0.0,1.0,yahoo,2023-12-13 16:42:26
2015-11-02,XLK,43.72999954223633,44.060001373291016,43.619998931884766,44.040000915527344,13743300,39.1040119916143,0.0,1.0,yahoo,2023-12-13 16:42:26
2015-11-03,XLK,43.900001525878906,44.43000030517578,43.81999969482422,44.27000045776367,6879000,39.30823326024975,0.0,1.0,yahoo,2023-12-13 16:42:26
2015-11-04,XLK,44.369998931884766,44.43999862670898,44.209999084472656,44.31999969482422,7298600,39.352628599144886,0.0,1.0,yahoo,2023-12-13 16:42:26
2015-11-05,XLK,44.36000061035156,44.58000183105469,44.09999847412109,44.18999862670898,6728800,39.23719800829972,0.0,1.0,yahoo,2023-12-13 16:42:26
2015-11-06,XLK,44.13999938964844,44.36000061035156,43.97999954223633,44.34000015258789,6868900,39.370387412132395,0.0,1.0,yahoo,2023-12-13 16:42:26
2015-11-09,XLK,44.209999084472656,44.209999084472656,43.70000076293945,43.90999984741211,10146200,38.98858140076914,0.0,1.0,yahoo,2023-12-13 16:42:26
2015-11-10,XLK,43.65999984741211,43.66999816894531,43.43999862670898,43.619998931884766,17273300,38.73108369317118,0.0,1.0,yahoo,2023-12-13 16:42:26
2015-11-11,XLK,43.720001220703125,43.93999862670898,43.52999877929688,43.59999847412109,8201100,38.71332488018367,0.0,1.0,yahoo,2023-12-13 16:42:26
2015-11-12,XLK,43.38999938964844,43.59999847412109,43.209999084472656,43.220001220703125,8034000,38.375917594862806,0.0,1.0,yahoo,2023-12-13 16:42:26
2015-11-13,XLK,43.06999969482422,43.130001068115234,42.36000061035156,42.369998931884766,15044900,37.621183285056425,0.0,1.0,yahoo,2023-12-13 16:42:26
2015-11-16,XLK,42.29999923706055,43.02999877929688,42.27999877929688,43.02000045776367,9079200,38.198332852134996,0.0,1.0,yahoo,2023-12-13 16:42:26
2015-11-17,XLK,43.11000061035156,43.36000061035156,42.93999862670898,43.02999877929688,9394400,38.207210565055135,0.0,1.0,yahoo,2023-12-13 16:42:26
2015-11-18,XLK,43.22999954223633,43.720001220703125,43.18000030517578,43.68000030517578,10166800,38.78436013213369,0.0,1.0,yahoo,2023-12-13 16:42:26
2015-11-19,XLK,43.720001220703125,44.09000015258789,43.709999084472656,43.880001068115234,9367500,38.9619448748615,0.0,1.0,yahoo,2023-12-13 16:42:26
2015-11-20,XLK,44.060001373291016,44.220001220703125,44.0099983215332,44.20000076293945,7288200,39.2460791083671,0.0,1.0,yahoo,2023-12-13 16:42:26
2015-11-23,XLK,44.22999954223633,44.25,43.77999877929688,43.93999862670898,7227100,39.01521792667677,0.0,1.0,yahoo,2023-12-13 16:42:26
2015-11-24,XLK,43.61000061035156,44.09000015258789,43.5099983215332,43.95000076293945,11303400,39.02409902674415,0.0,1.0,yahoo,2023-12-13 16:42:26
2015-11-25,XLK,43.959999084472656,43.970001220703125,43.79999923706055,43.810001373291016,6576600,38.89979072297886,0.0,1.0,yahoo,2023-12-13 16:42:26
2015-11-27,XLK,43.86000061035156,43.9900016784668,43.790000915527344,43.90999984741211,3800700,38.98858140076914,0.0,1.0,yahoo,2023-12-13 16:42:26
2015-11-30,XLK,43.970001220703125,44.09999847412109,43.810001373291016,43.959999084472656,17025600,39.032976739664285,0.0,1.0,yahoo,2023-12-13 16:42:26
2015-12-01,XLK,44.13999938964844,44.36000061035156,44.04999923706055,44.34999847412109,7779000,39.37926512505252,0.0,1.0,yahoo,2023-12-13 16:42:26
2015-12-02,XLK,44.400001525878906,44.56999969482422,44.02000045776367,44.06999969482422,9697100,39.13064851752194,0.0,1.0,yahoo,2023-12-13 16:42:26
2015-12-03,XLK,44.18999862670898,44.31999969482422,43.290000915527344,43.5,11854300,38.62453420239339,0.0,1.0,yahoo,2023-12-13 16:42:26
2015-12-04,XLK,43.630001068115234,44.650001525878906,43.540000915527344,44.56999969482422,12840200,39.57460868076784,0.0,1.0,yahoo,2023-12-13 16:42:26
2015-12-07,XLK,44.52000045776367,44.560001373291016,44.13999938964844,44.34999847412109,12814900,39.37926512505252,0.0,1.0,yahoo,2023-12-13 16:42:26
2015-12-08,XLK,43.970001220703125,44.36000061035156,43.84000015258789,44.2400016784668,11378300,39.28159673434211,0.0,1.0,yahoo,2023-12-13 16:42:26
2015-12-09,XLK,44.04999923706055,44.380001068115234,43.380001068115234,43.59000015258789,16253900,38.704447167263545,0.0,1.0,yahoo,2023-12-13 16:42:26
2015-12-10,XLK,43.709999084472656,44.040000915527344,43.58000183105469,43.709999084472656,9073400,38.81099665804133,0.0,1.0,yahoo,2023-12-13 16:42:26
2015-12-11,XLK,43.22999954223633,43.34000015258789,42.77000045776367,42.79999923706055,16960300,38.00298929641968,0.0,1.0,yahoo,2023-12-13 16:42:26
2015-12-14,XLK,42.790000915527344,43.13999938964844,42.34999847412109,43.130001068115234,21034200,38.29600462999265,0.0,1.0,yahoo,2023-12-13 16:42:26
2015-12-15,XLK,43.459999084472656,43.619998931884766,43.2599983215332,43.31999969482422,17021900,38.464708272653084,0.0,1.0,yahoo,2023-12-13 16:42:26
2015-12-16,XLK,43.59000015258789,43.9900016784668,43.150001525878906,43.90999984741211,18173800,38.98858140076914,0.0,1.0,yahoo,2023-12-13 16:42:26
2015-12-17,XLK,44.09000015258789,44.09000015258789,43.209999084472656,43.220001220703125,12108600,38.375917594862806,0.0,1.0,yahoo,2023-12-13 16:42:26
2015-12-18,XLK,42.880001068115234,42.970001220703125,42.09999847412109,42.16999816894531,22813900,37.63166981606045,0.216,1.0,yahoo,2023-12-13 16:42:26
2015-12-21,XLK,42.52000045776367,42.630001068115234,42.2400016784668,42.59999847412109,11163300,38.015393558242074,0.0,1.0,yahoo,2023-12-13 16:42:26
2015-12-22,XLK,42.7599983215332,42.97999954223633,42.560001373291016,42.90999984741211,9482600,38.29203263409587,0.0,1.0,yahoo,2023-12-13 16:42:26
2015-12-23,XLK,43.13999938964844,43.310001373291016,43.0,43.27000045776367,8045300,38.61329003723957,0.0,1.0,yahoo,2023-12-13 16:42:26
2015-12-24,XLK,43.29999923706055,43.36000061035156,43.20000076293945,43.25,2432800,38.59544202549157,0.0,1.0,yahoo,2023-12-13 16:42:26
2015-12-28,XLK,43.09000015258789,43.25,42.84999847412109,43.220001220703125,7177200,38.56867170994965,0.0,1.0,yahoo,2023-12-13 16:42:26
2015-12-29,XLK,43.47999954223633,43.91999816894531,43.38999938964844,43.810001373291016,6809200,39.09517614195513,0.0,1.0,yahoo,2023-12-13 16:42:26
2015-12-30,XLK,43.790000915527344,43.790000915527344,43.43999862670898,43.43999862670898,7196500,38.76499303085733,0.0,1.0,yahoo,2023-12-13 16:42:26
2015-12-31,XLK,43.290000915527344,43.31999969482422,42.83000183105469,42.83000183105469,8834500,38.22064399126402,0.0,1.0,yahoo,2023-12-13 16:42:26
2016-01-04,XLK,42.060001373291016,42.27999877929688,41.61000061035156,42.27000045776367,21638600,37.72090987480046,0.0,1.0,yahoo,2023-12-13 16:42:26
2016-01-05,XLK,42.400001525878906,42.5,41.970001220703125,42.15999984741211,16067200,37.622747512266535,0.0,1.0,yahoo,2023-12-13 16:42:26
2016-01-06,XLK,41.540000915527344,41.91999816894531,41.38999938964844,41.63999938964844,13858400,37.15870941929897,0.0,1.0,yahoo,2023-12-13 16:42:26
2016-01-07,XLK,40.790000915527344,41.31999969482422,40.38999938964844,40.40999984741211,16840700,36.061082227998085,0.0,1.0,yahoo,2023-12-13 16:42:26
2016-01-08,XLK,40.7599983215332,40.900001525878906,40.040000915527344,40.09000015258789,19233100,35.77552084835038,0.0,1.0,yahoo,2023-12-13 16:42:26
2016-01-11,XLK,40.369998931884766,40.52999877929688,39.84999847412109,40.34999847412109,19135100,36.007538192754076,0.0,1.0,yahoo,2023-12-13 16:42:26
2016-01-12,XLK,40.77999877929688,40.91999816894531,40.310001373291016,40.83000183105469,15841600,36.4358836663858,0.0,1.0,yahoo,2023-12-13 16:42:26
2016-01-13,XLK,41.130001068115234,41.130001068115234,39.65999984741211,39.72999954223633,21962300,35.45426344520668,0.0,1.0,yahoo,2023-12-13 16:42:26
2016-01-14,XLK,39.900001525878906,40.790000915527344,39.41999816894531,40.47999954223633,19795600,36.12354856703601,0.0,1.0,yahoo,2023-12-13 16:42:26
2016-01-15,XLK,39.15999984741211,39.720001220703125,38.86000061035156,39.34000015258789,20177800,35.10623572652105,0.0,1.0,yahoo,2023-12-13 16:42:26
2016-01-19,XLK,39.79999923706055,39.869998931884766,39.02999877929688,39.380001068115234,19658800,35.14193175001706,0.0,1.0,yahoo,2023-12-13 16:42:26
2016-01-20,XLK,38.709999084472656,39.459999084472656,38.02999877929688,39.06999969482422,29631800,34.86529267416327,0.0,1.0,yahoo,2023-12-13 16:42:26
2016-01-21,XLK,39.290000915527344,39.86000061035156,38.79999923706055,39.290000915527344,22135700,35.06161739923113,0.0,1.0,yahoo,2023-12-13 16:42:26
2016-01-22,XLK,40.040000915527344,40.38999938964844,39.97999954223633,40.380001068115234,11248200,36.03431191245617,0.0,1.0,yahoo,2023-12-13 16:42:26
2016-01-25,XLK,40.15999984741211,40.5099983215332,39.84000015258789,39.90999984741211,10480600,35.61489214677853,0.0,1.0,yahoo,2023-12-13 16:42:26
2016-01-26,XLK,40.06999969482422,40.38999938964844,39.81999969482422,40.29999923706055,11473700,35.96291986546416,0.0,1.0,yahoo,2023-12-13 16:42:26
2016-01-27,XLK,39.970001220703125,40.209999084472656,39.290000915527344,39.470001220703125,18022400,35.222246100802984,0.0,1.0,yahoo,2023-12-13 16:42:26
2016-01-28,XLK,40.04999923706055,40.130001068115234,39.5,39.97999954223633,17566800,35.677358485816455,0.0,1.0,yahoo,2023-12-13 16:42:26
2016-01-29,XLK,40.310001373291016,41.27000045776367,40.22999954223633,41.2400016784668,16113300,36.80175939681943,0.0,1.0,yahoo,2023-12-13 16:42:26
2016-02-01,XLK,41.06999969482422,41.58000183105469,41.040000915527344,41.38999938964844,14797300,36.935614378689195,0.0,1.0,yahoo,2023-12-13 16:42:26
2016-02-02,XLK,41.27000045776367,41.27999877929688,40.52000045776367,40.650001525878906,13951200,36.275254964813946,0.0,1.0,yahoo,2023-12-13 16:42:26
2016-02-03,XLK,40.90999984741211,40.93000030517578,39.970001220703125,40.59999847412109,21506200,36.230633233363854,0.0,1.0,yahoo,2023-12-13 16:42:26
2016-02-04,XLK,40.52000045776367,40.90999984741211,40.209999084472656,40.63999938964844,18202900,36.26632925685986,0.0,1.0,yahoo,2023-12-13 16:42:26
2016-02-05,XLK,40.47999954223633,40.54999923706055,39.34000015258789,39.5,23777400,35.2490164163449,0.0,1.0,yahoo,2023-12-13 16:42:26
2016-02-08,XLK,38.84000015258789,39.040000915527344,38.2599983215332,38.93000030517578,24821400,34.74035999608742,0.0,1.0,yahoo,2023-12-13 16:42:26
2016-02-09,XLK,38.459999084472656,39.29999923706055,38.400001525878906,38.75,24755300,34.57973129451557,0.0,1.0,yahoo,2023-12-13 16:42:26
2016-02-10,XLK,39.08000183105469,39.52999877929688,38.790000915527344,38.810001373291016,16975000,34.63327532975958,0.0,1.0,yahoo,2023-12-13 16:42:26
2016-02-11,XLK,38.33000183105469,38.97999954223633,38.25,38.72999954223633,24627300,34.56188328276757,0.0,1.0,yahoo,2023-12-13 16:42:26
2016-02-12,XLK,39.040000915527344,39.29999923706055,38.81999969482422,39.27000045776367,10893400,35.043769387483124,0.0,1.0,yahoo,2023-12-13 16:42:26
2016-02-16,XLK,39.709999084472656,39.97999954223633,39.4900016784668,39.970001220703125,10293300,35.66843618202254,0.0,1.0,yahoo,2023-12-13 16:42:26
2016-02-17,XLK,40.20000076293945,40.869998931884766,40.150001525878906,40.790000915527344,11128700,36.4001876428898,0.0,1.0,yahoo,2023-12-13 16:42:26
2016-02-18,XLK,40.93000030517578,40.97999954223633,40.54999923706055,40.630001068115234,11578400,36.257406953065946,0.0,1.0,yahoo,2023-12-13 16:42:26
2016-02-19,XLK,40.47999954223633,40.77999877929688,40.380001068115234,40.65999984741211,8579300,36.28417726860786,0.0,1.0,yahoo,2023-12-13 16:42:26
2016-02-22,XLK,41.02999877929688,41.2599983215332,40.970001220703125,41.20000076293945,6590700,36.766063373323426,0.0,1.0,yahoo,2023-12-13 16:42:26
2016-02-23,XLK,41.02999877929688,41.06999969482422,40.470001220703125,40.54999923706055,8189500,36.186014906073936,0.0,1.0,yahoo,2023-12-13 16:42:26
2016-02-24,XLK,40.11000061035156,40.93999862670898,39.900001525878906,40.86000061035156,10144400,36.46265398192772,0.0,1.0,yahoo,2023-12-13 16:42:26
2016-02-25,XLK,41.0,41.38999938964844,40.68000030517578,41.369998931884766,9403400,36.917766366941194,0.0,1.0,yahoo,2023-12-13 16:42:26
2016-02-26,XLK,41.59999847412109,41.63999938964844,41.16999816894531,41.2599983215332,9772600,36.81960400440727,0.0,1.0,yahoo,2023-12-13 16:42:26
2016-02-29,XLK,41.220001220703125,41.61000061035156,40.970001220703125,40.970001220703125,13601900,36.56081634446165,0.0,1.0,yahoo,2023-12-13 16:42:26
2016-03-01,XLK,41.31999969482422,42.18999862670898,41.2599983215332,42.18999862670898,12304200,37.649517827808445,0.0,1.0,yahoo,2023-12-13 16:42:26
2016-03-02,XLK,42.040000915527344,42.310001373291016,41.970001220703125,42.310001373291016,8748100,37.75660589829646,0.0,1.0,yahoo,2023-12-13 16:42:26
2016-03-03,XLK,42.33000183105469,42.34000015258789,41.97999954223633,42.310001373291016,7883900,37.75660589829646,0.0,1.0,yahoo,2023-12-13 16:42:26
2016-03-04,XLK,42.31999969482422,42.630001068115234,42.150001525878906,42.41999816894531,7885900,37.85476485667023,0.0,1.0,yahoo,2023-12-13 16:42:26
2016-03-07,XLK,42.18000030517578,42.34999847412109,41.84999847412109,42.15999984741211,15813500,37.622747512266535,0.0,1.0,yahoo,2023-12-13 16:42:26
2016-03-08,XLK,41.90999984741211,42.25,41.75,41.900001525878906,11700500,37.390730167862834,0.0,1.0,yahoo,2023-12-13 16:42:26
2016-03-09,XLK,41.959999084472656,42.27000045776367,41.959999084472656,42.2599983215332,12160600,37.71198416684638,0.0,1.0,yahoo,2023-12-13 16:42:26
2016-03-10,XLK,42.43999862670898,42.630001068115234,41.70000076293945,42.220001220703125,12928400,37.67629154751054,0.0,1.0,yahoo,2023-12-13 16:42:26
2016-03-11,XLK,42.63999938964844,42.880001068115234,42.540000915527344,42.869998931884766,8820100,38.25633661059986,0.0,1.0,yahoo,2023-12-13 16:42:26
2016-03-14,XLK,42.7400016784668,43.0,42.720001220703125,42.91999816894531,10060900,38.300954937889784,0.0,1.0,yahoo,2023-12-13 16:42:26
2016-03-15,XLK,42.75,43.119998931884766,42.72999954223633,43.08000183105469,6321100,38.443739031873804,0.0,1.0,yahoo,2023-12-13 16:42:26
2016-03-16,XLK,42.880001068115234,43.650001525878906,42.869998931884766,43.58000183105469,14756900,38.88992911309336,0.0,1.0,yahoo,2023-12-13 16:42:26
2016-03-17,XLK,43.5,43.880001068115234,43.45000076293945,43.7400016784668,9367100,39.03270980291721,0.0,1.0,yahoo,2023-12-13 16:42:26
2016-03-18,XLK,43.68999862670898,43.720001220703125,43.400001525878906,43.59000015258789,9414400,39.09549082363503,0.22,1.0,yahoo,2023-12-13 16:42:26
2016-03-21,XLK,43.4900016784668,43.7599983215332,43.470001220703125,43.7400016784668,8003500,39.2300258834653,0.0,1.0,yahoo,2023-12-13 16:42:26
2016-03-22,XLK,43.540000915527344,43.91999816894531,43.540000915527344,43.75,13112900,39.238993290815266,0.0,1.0,yahoo,2023-12-13 16:42:26
2016-03-23,XLK,43.68999862670898,43.7400016784668,43.40999984741211,43.5,10675100,39.01477047201061,0.0,1.0,yahoo,2023-12-13 16:42:26
2016-03-24,XLK,43.310001373291016,43.619998931884766,43.25,43.619998931884766,6743200,39.12239646705361,0.0,1.0,yahoo,2023-12-13 16:42:26
2016-03-28,XLK,43.65999984741211,43.720001220703125,43.43000030517578,43.5099983215332,6408000,39.02373787936057,0.0,1.0,yahoo,2023-12-13 16:42:26
2016-03-29,XLK,43.43000030517578,44.220001220703125,43.380001068115234,44.18999862670898,10081500,39.63362422021873,0.0,1.0,yahoo,2023-12-13 16:42:26
2016-03-30,XLK,44.41999816894531,44.66999816894531,44.34999847412109,44.45000076293945,10988300,39.86681786774205,0.0,1.0,yahoo,2023-12-13 16:42:26
2016-03-31,XLK,44.38999938964844,44.58000183105469,44.27999877929688,44.36000061035156,14594900,39.78609751611762,0.0,1.0,yahoo,2023-12-13 16:42:26
2016-04-01,XLK,44.04999923706055,44.720001220703125,44.0099983215332,44.70000076293945,9654900,40.091040686546705,0.0,1.0,yahoo,2023-12-13 16:42:26
2016-04-04,XLK,44.630001068115234,44.72999954223633,44.43999862670898,44.52999877929688,7646200,39.938567390647826,0.0,1.0,yahoo,2023-12-13 16:42:26
2016-04-05,XLK,44.2400016784668,44.34999847412109,44.0099983215332,44.09999847412109,10726100,39.552903868594306,0.0,1.0,yahoo,2023-12-13 16:42:26
2016-04-06,XLK,44.11000061035156,44.52999877929688,43.95000076293945,44.52999877929688,11138500,39.938567390647826,0.0,1.0,yahoo,2023-12-13 16:42:26
2016-04-07,XLK,44.209999084472656,44.29999923706055,43.720001220703125,43.88999938964844,10630900,39.36455752192688,0.0,1.0,yahoo,2023-12-13 16:42:26
2016-04-08,XLK,44.119998931884766,44.290000915527344,43.7400016784668,43.88999938964844,8762800,39.36455752192688,0.0,1.0,yahoo,2023-12-13 16:42:26
2016-04-11,XLK,44.08000183105469,44.34000015258789,43.77000045776367,43.77000045776367,8138600,39.25693152688388,0.0,1.0,yahoo,2023-12-13 16:42:26
2016-04-12,XLK,43.84999847412109,44.11000061035156,43.54999923706055,44.06999969482422,9592000,39.525998225175734,0.0,1.0,yahoo,2023-12-13 16:42:26
2016-04-13,XLK,44.33000183105469,44.59000015258789,44.27999877929688,44.52000045776367,7876600,39.929599983297855,0.0,1.0,yahoo,2023-12-13 16:42:26
2016-04-14,XLK,44.459999084472656,44.650001525878906,44.36000061035156,44.5099983215332,6502700,39.9206291545792,0.0,1.0,yahoo,2023-12-13 16:42:26
2016-04-15,XLK,44.45000076293945,44.56999969482422,44.25,44.34000015258789,6460900,39.768159280049005,0.0,1.0,yahoo,2023-12-13 16:42:26
2016-04-18,XLK,44.209999084472656,44.52999877929688,44.13999938964844,44.52999877929688,7112900,39.938567390647826,0.0,1.0,yahoo,2023-12-13 16:42:26
2016-04-19,XLK,44.61000061035156,44.65999984741211,44.02999877929688,44.27999877929688,6471000,39.714344571843164,0.0,1.0,yahoo,2023-12-13 16:42:26
2016-04-20,XLK,44.31999969482422,44.56999969482422,44.18999862670898,44.369998931884766,6877800,39.795064923467585,0.0,1.0,yahoo,2023-12-13 16:42:26
2016-04-21,XLK,44.29999923706055,44.400001525878906,44.09999847412109,44.209999084472656,11277900,39.65156245628735,0.0,1.0,yahoo,2023-12-13 16:42:26
2016-04-22,XLK,43.5099983215332,43.72999954223633,43.209999084472656,43.43999862670898,14924400,38.960955763804755,0.0,1.0,yahoo,2023-12-13 16:42:26
2016-04-25,XLK,43.31999969482422,43.470001220703125,43.209999084472656,43.45000076293945,9357500,38.969926592523414,0.0,1.0,yahoo,2023-12-13 16:42:26
2016-04-26,XLK,43.5,43.59999847412109,43.09999847412109,43.2400016784668,7367400,38.78158024585599,0.0,1.0,yahoo,2023-12-13 16:42:26
2016-04-27,XLK,42.68999862670898,43.09000015258789,42.52999877929688,43.040000915527344,12779600,38.602201306538525,0.0,1.0,yahoo,2023-12-13 16:42:26
2016-04-28,XLK,43.11000061035156,43.2599983215332,42.36000061035156,42.5,22669600,38.117879196791975,0.0,1.0,yahoo,2023-12-13 16:42:26
2016-04-29,XLK,42.2599983215332,42.33000183105469,41.81999969482422,42.130001068115234,11896200,37.78603038294431,0.0,1.0,yahoo,2023-12-13 16:42:26
2016-05-02,XLK,42.220001220703125,42.4900016784668,42.040000915527344,42.43999862670898,12552700,38.06406448858612,0.0,1.0,yahoo,2023-12-13 16:42:26
2016-05-03,XLK,42.150001525878906,42.2400016784668,41.90999984741211,42.04999923706055,12531200,37.714277438669846,0.0,1.0,yahoo,2023-12-13 16:42:26
2016-05-04,XLK,41.86000061035156,42.040000915527344,41.79999923706055,41.91999816894531,11245700,37.59768061490819,0.0,1.0,yahoo,2023-12-13 16:42:26
2016-05-05,XLK,42.040000915527344,42.13999938964844,41.84000015258789,41.93999862670898,13559900,37.6156188509768,0.0,1.0,yahoo,2023-12-13 16:42:26
2016-05-06,XLK,41.7599983215332,42.25,41.7599983215332,42.25,9229900,37.89365637798731,0.0,1.0,yahoo,2023-12-13 16:42:26
2016-05-09,XLK,42.27000045776367,42.45000076293945,42.220001220703125,42.25,7541200,37.89365637798731,0.0,1.0,yahoo,2023-12-13 16:42:26
2016-05-10,XLK,42.380001068115234,42.79999923706055,42.33000183105469,42.79999923706055,13920200,38.38694589508383,0.0,1.0,yahoo,2023-12-13 16:42:26
2016-05-11,XLK,42.68999862670898,42.93000030517578,42.4900016784668,42.4900016784668,7152100,38.10891178944201,0.0,1.0,yahoo,2023-12-13 16:42:26
2016-05-12,XLK,42.650001525878906,42.650001525878906,42.09999847412109,42.369998931884766,9336500,38.001282373030314,0.0,1.0,yahoo,2023-12-13 16:42:26
2016-05-13,XLK,42.36000061035156,42.619998931884766,42.15999984741211,42.209999084472656,10921300,37.85777990585008,0.0,1.0,yahoo,2023-12-13 16:42:26
2016-05-16,XLK,42.25,42.900001525878906,42.25,42.79999923706055,6394200,38.38694589508383,0.0,1.0,yahoo,2023-12-13 16:42:26
2016-05-17,XLK,42.66999816894531,42.880001068115234,42.2400016784668,42.369998931884766,9940100,38.001282373030314,0.0,1.0,yahoo,2023-12-13 16:42:26
2016-05-18,XLK,42.2599983215332,42.77999877929688,42.20000076293945,42.45000076293945,10903500,38.07303531730478,0.0,1.0,yahoo,2023-12-13 16:42:26
2016-05-19,XLK,42.34999847412109,42.400001525878906,41.970001220703125,42.220001220703125,8634800,37.86675073456874,0.0,1.0,yahoo,2023-12-13 16:42:26
2016-05-20,XLK,42.45000076293945,42.83000183105469,42.41999816894531,42.72999954223633,5873000,38.324163779528014,0.0,1.0,yahoo,2023-12-13 16:42:26
2016-05-23,XLK,42.709999084472656,42.88999938964844,42.61000061035156,42.650001525878906,8427700,38.252414256622245,0.0,1.0,yahoo,2023-12-13 16:42:26
2016-05-24,XLK,42.81999969482422,43.52000045776367,42.81999969482422,43.45000076293945,9461500,38.969926592523414,0.0,1.0,yahoo,2023-12-13 16:42:26
2016-05-25,XLK,43.630001068115234,43.88999938964844,43.56999969482422,43.75,9814700,39.238993290815266,0.0,1.0,yahoo,2023-12-13 16:42:26
2016-05-26,XLK,43.75,43.959999084472656,43.65999984741211,43.88999938964844,6517100,39.36455752192688,0.0,1.0,yahoo,2023-12-13 16:42:26
2016-05-27,XLK,43.880001068115234,44.15999984741211,43.83000183105469,44.09999847412109,7788000,39.552903868594306,0.0,1.0,yahoo,2023-12-13 16:42:26
2016-05-31,XLK,44.13999938964844,44.25,43.93000030517578,44.18999862670898,12371400,39.63362422021873,0.0,1.0,yahoo,2023-12-13 16:42:26
2016-06-01,XLK,44.040000915527344,44.20000076293945,43.970001220703125,44.08000183105469,6885500,39.534969053894386,0.0,1.0,yahoo,2023-12-13 16:42:26
2016-06-02,XLK,43.900001525878906,44.040000915527344,43.68000030517578,44.040000915527344,7764500,39.499092581757154,0.0,1.0,yahoo,2023-12-13 16:42:26
2016-06-03,XLK,43.97999954223633,44.040000915527344,43.70000076293945,43.93999862670898,8304700,39.40940140141407,0.0,1.0,yahoo,2023-12-13 16:42:26
2016-06-06,XLK,43.970001220703125,44.18000030517578,43.93000030517578,44.02000045776367,8635600,39.48115434568854,0.0,1.0,yahoo,2023-12-13 16:42:26
2016-06-07,XLK,44.15999984741211,44.29999923706055,44.150001525878906,44.20000076293945,4409400,39.64259504893739,0.0,1.0,yahoo,2023-12-13 16:42:26
2016-06-08,XLK,44.18999862670898,44.36000061035156,44.119998931884766,44.290000915527344,8158500,39.723315400561816,0.0,1.0,yahoo,2023-12-13 16:42:26
2016-06-09,XLK,44.11000061035156,44.34999847412109,44.08000183105469,44.29999923706055,12919500,39.73228280791177,0.0,1.0,yahoo,2023-12-13 16:42:26
2016-06-10,XLK,43.959999084472656,44.11000061035156,43.810001373291016,43.959999084472656,8282600,39.427339637482696,0.0,1.0,yahoo,2023-12-13 16:42:26
2016-06-13,XLK,43.56999969482422,43.83000183105469,43.459999084472656,43.470001220703125,11783100,38.98786482859203,0.0,1.0,yahoo,2023-12-13 16:42:26
2016-06-14,XLK,43.369998931884766,43.63999938964844,43.2599983215332,43.56999969482422,8420600,39.077552587566416,0.0,1.0,yahoo,2023-12-13 16:42:26
2016-06-15,XLK,43.63999938964844,43.72999954223633,43.40999984741211,43.459999084472656,7078100,38.97889399987338,0.0,1.0,yahoo,2023-12-13 16:42:26
2016-06-16,XLK,43.2400016784668,43.619998931884766,43.0,43.54999923706055,9596300,39.0596143514978,0.0,1.0,yahoo,2023-12-13 16:42:26
2016-06-17,XLK,43.25,43.34999847412109,42.86000061035156,43.04999923706055,11465200,38.79915082565962,0.211,1.0,yahoo,2023-12-13 16:42:26
2016-06-20,XLK,43.43000030517578,43.61000061035156,43.220001220703125,43.22999954223633,6856000,38.961377518178764,0.0,1.0,yahoo,2023-12-13 16:42:26
2016-06-21,XLK,43.36000061035156,43.630001068115234,43.31999969482422,43.52999877929688,5743900,39.23175419303536,0.0,1.0,yahoo,2023-12-13 16:42:26
2016-06-22,XLK,43.540000915527344,43.70000076293945,43.33000183105469,43.380001068115234,6495200,39.09656757462003,0.0,1.0,yahoo,2023-12-13 16:42:26
2016-06-23,XLK,43.65999984741211,44.0099983215332,43.5,43.970001220703125,9763400,39.628309858315895,0.0,1.0,yahoo,2023-12-13 16:42:26
2016-06-24,XLK,42.41999816894531,43.13999938964844,42.18999862670898,42.27999877929688,23623000,38.10518184944463,0.0,1.0,yahoo,2023-12-13 16:42:26
2016-06-27,XLK,41.970001220703125,41.970001220703125,41.2599983215332,41.43000030517578,18409000,37.3391140310133,0.0,1.0,yahoo,2023-12-13 16:42:26
2016-06-28,XLK,41.88999938964844,42.25,41.81999969482422,42.25,13244700,38.078145213366746,0.0,1.0,yahoo,2023-12-13 16:42:26
2016-06-29,XLK,42.540000915527344,42.970001220703125,42.52999877929688,42.900001525878906,10504200,38.663964207244305,0.0,1.0,yahoo,2023-12-13 16:42:26
2016-06-30,XLK,43.0,43.38999938964844,42.900001525878906,43.369998931884766,13355300,39.087553070576774,0.0,1.0,yahoo,2023-12-13 16:42:26
2016-07-01,XLK,43.400001525878906,43.59999847412109,43.34000015258789,43.470001220703125,7474700,39.1776809208796,0.0,1.0,yahoo,2023-12-13 16:42:26
2016-07-05,XLK,43.2400016784668,43.29999923706055,43.02000045776367,43.150001525878906,8680700,38.88927867596245,0.0,1.0,yahoo,2023-12-13 16:42:26
2016-07-06,XLK,43.0099983215332,43.459999084472656,42.86000061035156,43.45000076293945,7850800,39.15965535081904,0.0,1.0,yahoo,2023-12-13 16:42:26
2016-07-07,XLK,43.40999984741211,43.650001525878906,43.290000915527344,43.45000076293945,6166100,39.15965535081904,0.0,1.0,yahoo,2023-12-13 16:42:26
2016-07-08,XLK,43.65999984741211,44.15999984741211,43.61000061035156,44.130001068115234,12748000,39.77251098077447,0.0,1.0,yahoo,2023-12-13 16:42:26
2016-07-11,XLK,44.27000045776367,44.4900016784668,44.22999954223633,44.38999938964844,5831800,40.006836515509924,0.0,1.0,yahoo,2023-12-13 16:42:26
2016-07-12,XLK,44.68999862670898,44.810001373291016,44.54999923706055,44.75,16042800,40.33128990054821,0.0,1.0,yahoo,2023-12-13 16:42:26
2016-07-13,XLK,44.880001068115234,44.90999984741211,44.72999954223633,44.7599983215332,10609400,40.340300966565515,0.0,1.0,yahoo,2023-12-13 16:42:26
2016-07-14,XLK,45.0099983215332,45.150001525878906,44.90999984741211,45.04999923706055,15488300,40.60166657540479,0.0,1.0,yahoo,2023-12-13 16:42:26
2016-07-15,XLK,45.20000076293945,45.20000076293945,44.880001068115234,45.0099983215332,4864800,40.56561543528366,0.0,1.0,yahoo,2023-12-13 16:42:26
2016-07-18,XLK,45.08000183105469,45.36000061035156,45.0,45.310001373291016,4107200,40.8359955481662,0.0,1.0,yahoo,2023-12-13 16:42:26
2016-07-19,XLK,45.22999954223633,45.31999969482422,45.13999938964844,45.209999084472656,4457900,40.74586769786337,0.0,1.0,yahoo,2023-12-13 16:42:26
2016-07-20,XLK,45.560001373291016,45.880001068115234,45.5,45.79999923706055,5384900,41.27760998155924,0.0,1.0,yahoo,2023-12-13 16:42:26
2016-07-21,XLK,45.810001373291016,45.869998931884766,45.45000076293945,45.560001373291016,5473400,41.06131001688435,0.0,1.0,yahoo,2023-12-13 16:42:26
2016-07-22,XLK,45.52999877929688,45.83000183105469,45.43000030517578,45.83000183105469,4707300,41.30465005566306,0.0,1.0,yahoo,2023-12-13 16:42:26
2016-07-25,XLK,45.75,45.86000061035156,45.630001068115234,45.77000045776367,4244800,41.250573345481364,0.0,1.0,yahoo,2023-12-13 16:42:26
2016-07-26,XLK,45.81999969482422,46.0099983215332,45.650001525878906,45.869998931884766,9057700,41.34069775775824,0.0,1.0,yahoo,2023-12-13 16:42:26
2016-07-27,XLK,46.369998931884766,46.369998931884766,46.02999877929688,46.25,10910100,41.68317671285709,0.0,1.0,yahoo,2023-12-13 16:42:26
2016-07-28,XLK,46.310001373291016,46.41999816894531,46.09999847412109,46.27999877929688,6329300,41.71021334893497,0.0,1.0,yahoo,2023-12-13 16:42:26
2016-07-29,XLK,46.47999954223633,46.560001373291016,46.310001373291016,46.45000076293945,10589700,41.8634289754368,0.0,1.0,yahoo,2023-12-13 16:42:26
2016-08-01,XLK,46.45000076293945,46.630001068115234,46.369998931884766,46.540000915527344,7841700,41.94454232169637,0.0,1.0,yahoo,2023-12-13 16:42:26
2016-08-02,XLK,46.45000076293945,46.54999923706055,45.970001220703125,46.18999862670898,11112200,41.629100002675386,0.0,1.0,yahoo,2023-12-13 16:42:26
2016-08-03,XLK,46.150001525878906,46.34999847412109,46.13999938964844,46.34999847412109,7980900,41.77330112513396,0.0,1.0,yahoo,2023-12-13 16:42:26
2016-08-04,XLK,46.36000061035156,46.619998931884766,46.31999969482422,46.59999847412109,8376200,41.99861559385211,0.0,1.0,yahoo,2023-12-13 16:42:26
2016-08-05,XLK,46.75,47.06999969482422,46.70000076293945,47.04999923706055,6063100,42.40418232514997,0.0,1.0,yahoo,2023-12-13 16:42:26
2016-08-08,XLK,47.09999847412109,47.220001220703125,46.93999862670898,47.040000915527344,5219600,42.39517125913266,0.0,1.0,yahoo,2023-12-13 16:42:26
2016-08-09,XLK,47.040000915527344,47.2599983215332,47.040000915527344,47.13999938964844,14918400,42.48529567140954,0.0,1.0,yahoo,2023-12-13 16:42:26
2016-08-10,XLK,47.15999984741211,47.18000030517578,46.93000030517578,46.9900016784668,3556200,42.35010905299422,0.0,1.0,yahoo,2023-12-13 16:42:26
2016-08-11,XLK,47.13999938964844,47.290000915527344,47.09000015258789,47.15999984741211,5259300,42.503321241470104,0.0,1.0,yahoo,2023-12-13 16:42:26
2016-08-12,XLK,47.150001525878906,47.150001525878906,47.0099983215332,47.11000061035156,3468700,42.458259035331665,0.0,1.0,yahoo,2023-12-13 16:42:26
2016-08-15,XLK,47.16999816894531,47.43000030517578,47.13999938964844,47.34000015258789,8280700,42.665547933989245,0.0,1.0,yahoo,2023-12-13 16:42:26
2016-08-16,XLK,47.2599983215332,47.2599983215332,46.9900016784668,46.9900016784668,4539000,42.35010905299422,0.0,1.0,yahoo,2023-12-13 16:42:26
2016-08-17,XLK,47.0099983215332,47.02999877929688,46.70000076293945,46.970001220703125,5287500,42.332083482933655,0.0,1.0,yahoo,2023-12-13 16:42:26
2016-08-18,XLK,46.959999084472656,47.040000915527344,46.81999969482422,46.9900016784668,3543200,42.35010905299422,0.0,1.0,yahoo,2023-12-13 16:42:26
2016-08-19,XLK,46.86000061035156,47.060001373291016,46.75,47.02000045776367,4788100,42.377145689072094,0.0,1.0,yahoo,2023-12-13 16:42:26
2016-08-22,XLK,46.88999938964844,47.06999969482422,46.810001373291016,47.02000045776367,4628700,42.377145689072094,0.0,1.0,yahoo,2023-12-13 16:42:26
2016-08-23,XLK,47.15999984741211,47.29999923706055,47.150001525878906,47.18999862670898,8315300,42.53035787754797,0.0,1.0,yahoo,2023-12-13 16:42:26
2016-08-24,XLK,47.16999816894531,47.18999862670898,46.81999969482422,46.93000030517578,6824400,42.29603234281252,0.0,1.0,yahoo,2023-12-13 16:42:26
2016-08-25,XLK,46.84999847412109,47.09000015258789,46.77000045776367,47.02999877929688,5912700,42.38615675508941,0.0,1.0,yahoo,2023-12-13 16:42:26
2016-08-26,XLK,47.0,47.38999938964844,46.79999923706055,47.04999923706055,12113600,42.40418232514997,0.0,1.0,yahoo,2023-12-13 16:42:26
2016-08-29,XLK,47.02999877929688,47.29999923706055,47.02999877929688,47.22999954223633,6982400,42.56640901766911,0.0,1.0,yahoo,2023-12-13 16:42:26
2016-08-30,XLK,47.13999938964844,47.2400016784668,46.90999984741211,47.06999969482422,5718200,42.42220789521053,0.0,1.0,yahoo,2023-12-13 16:42:26
2016-08-31,XLK,47.0099983215332,47.060001373291016,46.84000015258789,46.9900016784668,11161200,42.35010905299422,0.0,1.0,yahoo,2023-12-13 16:42:26
2016-09-01,XLK,46.97999954223633,47.18000030517578,46.77000045776367,47.13999938964844,9239600,42.48529567140954,0.0,1.0,yahoo,2023-12-13 16:42:26
2016-09-02,XLK,47.369998931884766,47.47999954223633,47.13999938964844,47.34999847412109,6907200,42.674559000006546,0.0,1.0,yahoo,2023-12-13 16:42:26
2016-09-06,XLK,47.380001068115234,47.59000015258789,47.31999969482422,47.59000015258789,15107400,42.89086240270739,0.0,1.0,yahoo,2023-12-13 16:42:26
2016-09-07,XLK,47.59000015258789,47.720001220703125,47.459999084472656,47.709999084472656,11585000,42.999012385044836,0.0,1.0,yahoo,2023-12-13 16:42:26
2016-09-08,XLK,47.540000915527344,47.54999923706055,47.20000076293945,47.31999969482422,8302600,42.64752236392868,0.0,1.0,yahoo,2023-12-13 16:42:26
2016-09-09,XLK,46.88999938964844,47.060001373291016,46.15999984741211,46.15999984741211,16809200,41.60206336659752,0.0,1.0,yahoo,2023-12-13 16:42:26
2016-09-12,XLK,45.93000030517578,47.02999877929688,45.86000061035156,46.93000030517578,19010300,42.29603234281252,0.0,1.0,yahoo,2023-12-13 16:42:26
2016-09-13,XLK,46.75,46.91999816894531,46.400001525878906,46.59000015258789,17358800,41.98960452783481,0.0,1.0,yahoo,2023-12-13 16:42:26
2016-09-14,XLK,46.59999847412109,47.09999847412109,46.59000015258789,46.810001373291016,17108700,42.18788236047508,0.0,1.0,yahoo,2023-12-13 16:42:26
2016-09-15,XLK,46.90999984741211,47.66999816894531,46.810001373291016,47.58000183105469,16286300,42.88185133669008,0.0,1.0,yahoo,2023-12-13 16:42:26
2016-09-16,XLK,47.400001525878906,47.400001525878906,47.0,47.209999084472656,15883100,42.724381312572866,0.196,1.0,yahoo,2023-12-13 16:42:26
2016-09-19,XLK,47.33000183105469,47.560001373291016,46.9900016784668,47.119998931884766,7121300,42.64293244767298,0.0,1.0,yahoo,2023-12-13 16:42:26
2016-09-20,XLK,47.27999877929688,47.369998931884766,47.02999877929688,47.09000015258789,5001100,42.61578397678871,0.0,1.0,yahoo,2023-12-13 16:42:26
2016-09-21,XLK,47.27000045776367,47.650001525878906,47.09000015258789,47.619998931884766,12047600,43.095425374395205,0.0,1.0,yahoo,2023-12-13 16:42:26
2016-09-22,XLK,47.900001525878906,47.970001220703125,47.790000915527344,47.90999984741211,10498500,43.35787210043339,0.0,1.0,yahoo,2023-12-13 16:42:26
2016-09-23,XLK,47.900001525878906,47.900001525878906,47.40999984741211,47.4900016784668,11986500,42.97777969906531,0.0,1.0,yahoo,2023-12-13 16:42:26
2016-09-26,XLK,47.290000915527344,47.369998931884766,47.119998931884766,47.209999084472656,9620400,42.724381312572866,0.0,1.0,yahoo,2023-12-13 16:42:26
2016-09-27,XLK,47.27000045776367,47.75,47.150001525878906,47.72999954223633,8784500,43.19497437063362,0.0,1.0,yahoo,2023-12-13 16:42:26
2016-09-28,XLK,47.77000045776367,47.84000015258789,47.52000045776367,47.81999969482422,9048400,43.27642323553351,0.0,1.0,yahoo,2023-12-13 16:42:26
2016-09-29,XLK,47.7599983215332,47.880001068115234,47.38999938964844,47.52999877929688,11406900,43.01397650949533,0.0,1.0,yahoo,2023-12-13 16:42:26
2016-09-30,XLK,47.63999938964844,47.93000030517578,47.59999847412109,47.77999877929688,9255300,43.240222972856444,0.0,1.0,yahoo,2023-12-13 16:42:26
2016-10-03,XLK,47.650001525878906,47.7599983215332,47.52999877929688,47.63999938964844,6231400,43.11352550573374,0.0,1.0,yahoo,2023-12-13 16:42:26
2016-10-04,XLK,47.79999923706055,47.880001068115234,47.29999923706055,47.470001220703125,8902200,42.95967956772677,0.0,1.0,yahoo,2023-12-13 16:42:26
2016-10-05,XLK,47.59999847412109,47.75,47.54999923706055,47.63999938964844,9007600,43.11352550573374,0.0,1.0,yahoo,2023-12-13 16:42:26
2016-10-06,XLK,47.68000030517578,47.79999923706055,47.470001220703125,47.75,5005900,43.21307450197216,0.0,1.0,yahoo,2023-12-13 16:42:26
2016-10-07,XLK,47.790000915527344,47.84999847412109,47.38999938964844,47.619998931884766,6073900,43.095425374395205,0.0,1.0,yahoo,2023-12-13 16:42:26
2016-10-10,XLK,47.869998931884766,48.060001373291016,47.84000015258789,47.95000076293945,6657800,43.39407236311046,0.0,1.0,yahoo,2023-12-13 16:42:26
2016-10-11,XLK,47.95000076293945,48.0099983215332,47.20000076293945,47.40999984741211,8727300,42.90537917371117,0.0,1.0,yahoo,2023-12-13 16:42:26
2016-10-12,XLK,47.45000076293945,47.619998931884766,47.209999084472656,47.4900016784668,5520400,42.97777969906531,0.0,1.0,yahoo,2023-12-13 16:42:26
2016-10-13,XLK,47.18000030517578,47.34000015258789,46.790000915527344,47.18999862670898,9669200,42.706281181234324,0.0,1.0,yahoo,2023-12-13 16:42:26
2016-10-14,XLK,47.380001068115234,47.68999862670898,47.33000183105469,47.369998931884766,9448300,42.8691789110341,0.0,1.0,yahoo,2023-12-13 16:42:26
2016-10-17,XLK,47.369998931884766,47.470001220703125,47.2400016784668,47.27000045776367,5075100,42.77868170658847,0.0,1.0,yahoo,2023-12-13 16:42:26
2016-10-18,XLK,47.619998931884766,47.7400016784668,47.470001220703125,47.52999877929688,5058900,43.01397650949533,0.0,1.0,yahoo,2023-12-13 16:42:26
2016-10-19,XLK,47.5,47.66999816894531,47.40999984741211,47.619998931884766,5035000,43.095425374395205,0.0,1.0,yahoo,2023-12-13 16:42:26
2016-10-20,XLK,47.5,47.52000045776367,47.16999816894531,47.400001525878906,6148000,42.89633083416543,0.0,1.0,yahoo,2023-12-13 16:42:26
2016-10-21,XLK,47.470001220703125,47.560001373291016,47.34000015258789,47.52999877929688,8076900,43.01397650949533,0.0,1.0,yahoo,2023-12-13 16:42:26
2016-10-24,XLK,47.77999877929688,48.02000045776367,47.7400016784668,47.9900016784668,5393100,43.43027262578753,0.0,1.0,yahoo,2023-12-13 16:42:26
2016-10-25,XLK,48.060001373291016,48.060001373291016,47.72999954223633,47.81999969482422,4362400,43.27642323553351,0.0,1.0,yahoo,2023-12-13 16:42:26
2016-10-26,XLK,47.41999816894531,47.810001373291016,47.400001525878906,47.54999923706055,6279700,43.03207664083386,0.0,1.0,yahoo,2023-12-13 16:42:26
2016-10-27,XLK,47.7599983215332,47.77000045776367,47.43000030517578,47.4900016784668,8821100,42.97777969906531,0.0,1.0,yahoo,2023-12-13 16:42:26
2016-10-28,XLK,47.619998931884766,47.93000030517578,47.31999969482422,47.43999862670898,10418900,42.93252764459543,0.0,1.0,yahoo,2023-12-13 16:42:26
2016-10-31,XLK,47.560001373291016,47.630001068115234,47.41999816894531,47.41999816894531,5880000,42.9144275132569,0.0,1.0,yahoo,2023-12-13 16:42:26
2016-11-01,XLK,47.52000045776367,47.56999969482422,46.68999862670898,47.0099983215332,9065300,42.543383451434565,0.0,1.0,yahoo,2023-12-13 16:42:26
2016-11-02,XLK,47.0099983215332,47.150001525878906,46.59999847412109,46.709999084472656,8167300,42.271888385850644,0.0,1.0,yahoo,2023-12-13 16:42:26
2016-11-03,XLK,46.58000183105469,46.68000030517578,46.2400016784668,46.2599983215332,10125700,41.864644061351235,0.0,1.0,yahoo,2023-12-13 16:42:26
2016-11-04,XLK,46.220001220703125,46.54999923706055,46.060001373291016,46.18000030517578,8154000,41.79224698824415,0.0,1.0,yahoo,2023-12-13 16:42:26
2016-11-07,XLK,46.86000061035156,47.20000076293945,46.75,47.18000030517578,13226000,42.697232841688596,0.0,1.0,yahoo,2023-12-13 16:42:26
2016-11-08,XLK,47.09000015258789,47.61000061035156,47.040000915527344,47.40999984741211,9780000,42.90537917371117,0.0,1.0,yahoo,2023-12-13 16:42:26
2016-11-09,XLK,46.68999862670898,47.43000030517578,46.43999862670898,47.34999847412109,27129400,42.851078779695555,0.0,1.0,yahoo,2023-12-13 16:42:26
2016-11-10,XLK,47.619998931884766,47.619998931884766,45.93999862670898,46.59000015258789,39515500,42.16329105006649,0.0,1.0,yahoo,2023-12-13 16:42:26
2016-11-11,XLK,46.33000183105469,46.83000183105469,46.33000183105469,46.72999954223633,14091600,42.28998851718918,0.0,1.0,yahoo,2023-12-13 16:42:26
2016-11-14,XLK,46.77000045776367,46.79999923706055,45.79999923706055,46.02000045776367,18971000,41.64744938978292,0.0,1.0,yahoo,2023-12-13 16:42:26
2016-11-15,XLK,46.33000183105469,46.83000183105469,46.310001373291016,46.66999816894531,17370800,42.235688123173574,0.0,1.0,yahoo,2023-12-13 16:42:26
2016-11-16,XLK,46.560001373291016,47.130001068115234,46.5,47.09999847412109,10124200,42.62483231633444,0.0,1.0,yahoo,2023-12-13 16:42:26
2016-11-17,XLK,47.13999938964844,47.43999862670898,47.04999923706055,47.400001525878906,8524100,42.89633083416543,0.0,1.0,yahoo,2023-12-13 16:42:26
2016-11-18,XLK,47.5099983215332,47.61000061035156,47.27000045776367,47.36000061035156,8823000,42.860130571488355,0.0,1.0,yahoo,2023-12-13 16:42:26
2016-11-21,XLK,47.52999877929688,47.880001068115234,47.459999084472656,47.84000015258789,8975500,43.29452336687204,0.0,1.0,yahoo,2023-12-13 16:42:26
2016-11-22,XLK,48.0,48.06999969482422,47.880001068115234,47.9900016784668,8488800,43.43027262578753,0.0,1.0,yahoo,2023-12-13 16:42:26
2016-11-23,XLK,47.959999084472656,47.959999084472656,47.630001068115234,47.79999923706055,8116800,43.25832310419497,0.0,1.0,yahoo,2023-12-13 16:42:26
2016-11-25,XLK,47.83000183105469,48.0099983215332,47.77999877929688,48.0,3109500,43.43932096533327,0.0,1.0,yahoo,2023-12-13 16:42:26
2016-11-28,XLK,47.959999084472656,48.2599983215332,47.93000030517578,48.040000915527344,7487800,43.475521228010344,0.0,1.0,yahoo,2023-12-13 16:42:26
2016-11-29,XLK,48.0099983215332,48.29999923706055,47.900001525878906,48.06999969482422,5928400,43.502669698894614,0.0,1.0,yahoo,2023-12-13 16:42:26
2016-11-30,XLK,48.13999938964844,48.13999938964844,47.4900016784668,47.5,11816600,42.98682803861105,0.0,1.0,yahoo,2023-12-13 16:42:26
2016-12-01,XLK,47.43999862670898,47.560001373291016,46.38999938964844,46.52000045776367,21865600,42.09994231650514,0.0,1.0,yahoo,2023-12-13 16:42:26
2016-12-02,XLK,46.47999954223633,46.79999923706055,46.369998931884766,46.68999862670898,10052700,42.2537882545121,0.0,1.0,yahoo,2023-12-13 16:42:26
2016-12-05,XLK,46.95000076293945,47.2599983215332,46.7599983215332,47.13999938964844,9005000,42.66103257901152,0.0,1.0,yahoo,2023-12-13 16:42:26
2016-12-06,XLK,47.25,47.36000061035156,47.060001373291016,47.27999877929688,9254800,42.78773004613422,0.0,1.0,yahoo,2023-12-13 16:42:26
2016-12-07,XLK,47.25,48.220001220703125,47.220001220703125,48.18000030517578,9972900,43.60221869513303,0.0,1.0,yahoo,2023-12-13 16:42:26
2016-12-08,XLK,48.20000076293945,48.5099983215332,48.06999969482422,48.29999923706055,9677100,43.710816030917194,0.0,1.0,yahoo,2023-12-13 16:42:26
2016-12-09,XLK,48.47999954223633,48.650001525878906,48.400001525878906,48.650001525878906,12307500,44.027563150970984,0.0,1.0,yahoo,2023-12-13 16:42:26
2016-12-12,XLK,48.5,48.61000061035156,48.34999847412109,48.5,9585100,43.891813892055495,0.0,1.0,yahoo,2023-12-13 16:42:26
2016-12-13,XLK,48.709999084472656,49.34999847412109,48.68000030517578,49.11000061035156,13967000,44.443855815016136,0.0,1.0,yahoo,2023-12-13 16:42:26
2016-12-14,XLK,49.13999938964844,49.33000183105469,48.84000015258789,48.93999862670898,17915000,44.2900064247621,0.0,1.0,yahoo,2023-12-13 16:42:26
2016-12-15,XLK,49.0,49.40999984741211,48.91999816894531,49.15999984741211,11570000,44.48910441723894,0.0,1.0,yahoo,2023-12-13 16:42:26
2016-12-16,XLK,49.08000183105469,49.09000015258789,48.52000045776367,48.59000015258789,10565700,44.167325865510335,0.216,1.0,yahoo,2023-12-13 16:42:26
2016-12-19,XLK,48.630001068115234,49.09999847412109,48.59000015258789,48.93999862670898,6627000,44.48546738867133,0.0,1.0,yahoo,2023-12-13 16:42:26
2016-12-20,XLK,49.06999969482422,49.20000076293945,49.0,49.119998931884766,5706500,44.64908401986344,0.0,1.0,yahoo,2023-12-13 16:42:26
2016-12-21,XLK,49.09999847412109,49.119998931884766,48.91999816894531,49.02000045776367,4623700,44.558187432526736,0.0,1.0,yahoo,2023-12-13 16:42:26
2016-12-22,XLK,49.02000045776367,49.04999923706055,48.77000045776367,48.91999816894531,11105200,44.46728737770749,0.0,1.0,yahoo,2023-12-13 16:42:26
2016-12-23,XLK,48.869998931884766,48.97999954223633,48.77999877929688,48.970001220703125,6358700,44.512739138858386,0.0,1.0,yahoo,2023-12-13 16:42:26
2016-12-27,XLK,49.02000045776367,49.400001525878906,49.0,49.16999816894531,6840700,44.69453231353179,0.0,1.0,yahoo,2023-12-13 16:42:26
2016-12-28,XLK,49.22999954223633,49.29999923706055,48.709999084472656,48.72999954223633,7777600,44.294582474774735,0.0,1.0,yahoo,2023-12-13 16:42:26
2016-12-29,XLK,48.72999954223633,48.869998931884766,48.619998931884766,48.7400016784668,4796500,44.30367421399793,0.0,1.0,yahoo,2023-12-13 16:42:26
2016-12-30,XLK,48.84999847412109,48.84999847412109,48.209999084472656,48.36000061035156,8501600,43.958260940649886,0.0,1.0,yahoo,2023-12-13 16:42:26
2017-01-03,XLK,48.66999816894531,48.959999084472656,48.5,48.790000915527344,13940600,44.34912250766629,0.0,1.0,yahoo,2023-12-13 16:42:26
2017-01-04,XLK,48.83000183105469,49.02999877929688,48.79999923706055,48.959999084472656,7223100,44.50364739963519,0.0,1.0,yahoo,2023-12-13 16:42:26
2017-01-05,XLK,48.90999984741211,49.15999984741211,48.84999847412109,49.040000915527344,5502900,44.57636744349058,0.0,1.0,yahoo,2023-12-13 16:42:26
2017-01-06,XLK,49.040000915527344,49.470001220703125,48.900001525878906,49.400001525878906,8750600,44.90360070587479,0.0,1.0,yahoo,2023-12-13 16:42:26
2017-01-09,XLK,49.43000030517578,49.54999923706055,49.36000061035156,49.38999938964844,8313500,44.894508966651586,0.0,1.0,yahoo,2023-12-13 16:42:26
2017-01-10,XLK,49.400001525878906,49.56999969482422,49.22999954223633,49.400001525878906,7735800,44.90360070587479,0.0,1.0,yahoo,2023-12-13 16:42:26
2017-01-11,XLK,49.310001373291016,49.630001068115234,49.25,49.630001068115234,7586500,45.112665630735236,0.0,1.0,yahoo,2023-12-13 16:42:26
2017-01-12,XLK,49.43999862670898,49.56999969482422,49.040000915527344,49.5099983215332,6862700,45.00358556495214,0.0,1.0,yahoo,2023-12-13 16:42:26
2017-01-13,XLK,49.5099983215332,49.75,49.5099983215332,49.65999984741211,4832900,45.13993391343974,0.0,1.0,yahoo,2023-12-13 16:42:26
2017-01-17,XLK,49.52999877929688,49.61000061035156,49.36000061035156,49.470001220703125,4825800,44.96722901050698,0.0,1.0,yahoo,2023-12-13 16:42:26
2017-01-18,XLK,49.61000061035156,49.66999816894531,49.47999954223633,49.59999847412109,6157700,45.08539388054818,0.0,1.0,yahoo,2023-12-13 16:42:26
2017-01-19,XLK,49.59999847412109,49.77999877929688,49.43999862670898,49.52999877929688,7250000,45.021765575916,0.0,1.0,yahoo,2023-12-13 16:42:26
2017-01-20,XLK,49.75,49.93000030517578,49.66999816894531,49.79999923706055,8755400,45.26719052270414,0.0,1.0,yahoo,2023-12-13 16:42:26
2017-01-23,XLK,49.75,49.90999984741211,49.540000915527344,49.88999938964844,11977600,45.34899883830019,0.0,1.0,yahoo,2023-12-13 16:42:26
2017-01-24,XLK,49.84999847412109,50.27999877929688,49.83000183105469,50.20000076293945,6510900,45.63078380701604,0.0,1.0,yahoo,2023-12-13 16:42:26
2017-01-25,XLK,50.470001220703125,50.68000030517578,50.43000030517578,50.68000030517578,9197800,46.06709366770079,0.0,1.0,yahoo,2023-12-13 16:42:26
2017-01-26,XLK,50.66999816894531,50.709999084472656,50.400001525878906,50.540000915527344,7126500,45.93983705843639,0.0,1.0,yahoo,2023-12-13 16:42:26
2017-01-27,XLK,50.720001220703125,50.83000183105469,50.630001068115234,50.7400016784668,6023000,46.121633700592334,0.0,1.0,yahoo,2023-12-13 16:42:26
2017-01-30,XLK,50.56999969482422,50.56999969482422,50.09999847412109,50.33000183105469,8446600,45.748952144539786,0.0,1.0,yahoo,2023-12-13 16:42:26
2017-01-31,XLK,50.16999816894531,50.220001220703125,49.86000061035156,50.08000183105469,9557800,45.52170720871548,0.0,1.0,yahoo,2023-12-13 16:42:26
2017-02-01,XLK,50.540000915527344,50.619998931884766,50.18000030517578,50.459999084472656,11681100,45.86711701458099,0.0,1.0,yahoo,2023-12-13 16:42:26
2017-02-02,XLK,50.310001373291016,50.45000076293945,50.09999847412109,50.36000061035156,8598900,45.77622042724429,0.0,1.0,yahoo,2023-12-13 16:42:26
2017-02-03,XLK,50.54999923706055,50.7599983215332,50.540000915527344,50.68999862670898,6833600,46.07618193944143,0.0,1.0,yahoo,2023-12-13 16:42:26
2017-02-06,XLK,50.619998931884766,50.72999954223633,50.4900016784668,50.720001220703125,6726500,46.10345368962849,0.0,1.0,yahoo,2023-12-13 16:42:26
2017-02-07,XLK,50.81999969482422,50.97999954223633,50.77999877929688,50.91999816894531,10053100,46.2852468643019,0.0,1.0,yahoo,2023-12-13 16:42:26
2017-02-08,XLK,50.91999816894531,51.09000015258789,50.77999877929688,51.0099983215332,6353100,46.367055179897946,0.0,1.0,yahoo,2023-12-13 16:42:26
2017-02-09,XLK,51.0099983215332,51.29999923706055,51.0099983215332,51.16999816894531,4869600,46.51249180012619,0.0,1.0,yahoo,2023-12-13 16:42:26
2017-02-10,XLK,51.290000915527344,51.400001525878906,51.15999984741211,51.31999969482422,4177900,46.64884014861379,0.0,1.0,yahoo,2023-12-13 16:42:26
2017-02-13,XLK,51.40999984741211,51.61000061035156,51.34000015258789,51.54999923706055,6579700,46.85790507347424,0.0,1.0,yahoo,2023-12-13 16:42:26
2017-02-14,XLK,51.4900016784668,51.720001220703125,51.34000015258789,51.720001220703125,6233800,47.01243343292569,0.0,1.0,yahoo,2023-12-13 16:42:26
2017-02-15,XLK,51.68000030517578,51.93000030517578,51.630001068115234,51.88999938964844,5947500,47.166958324894594,0.0,1.0,yahoo,2023-12-13 16:42:26
2017-02-16,XLK,51.959999084472656,52.150001525878906,51.88999938964844,52.0099983215332,7061500,47.27603492319515,0.0,1.0,yahoo,2023-12-13 16:42:26
2017-02-17,XLK,51.95000076293945,52.18999862670898,51.869998931884766,52.18999862670898,7087700,47.43965155438724,0.0,1.0,yahoo,2023-12-13 16:42:26
2017-02-21,XLK,52.29999923706055,52.47999954223633,52.220001220703125,52.459999084472656,7618700,47.685076501175395,0.0,1.0,yahoo,2023-12-13 16:42:26
2017-02-22,XLK,52.40999984741211,52.560001373291016,52.29999923706055,52.52000045776367,6884800,47.73961653406694,0.0,1.0,yahoo,2023-12-13 16:42:26
2017-02-23,XLK,52.59000015258789,52.630001068115234,52.27999877929688,52.5099983215332,6702700,47.730524794843745,0.0,1.0,yahoo,2023-12-13 16:42:26
2017-02-24,XLK,52.20000076293945,52.650001525878906,52.16999816894531,52.630001068115234,7772100,47.83960486062684,0.0,1.0,yahoo,2023-12-13 16:42:26
2017-02-27,XLK,52.619998931884766,52.619998931884766,52.47999954223633,52.59999847412109,7975600,47.81233311043979,0.0,1.0,yahoo,2023-12-13 16:42:26
2017-02-28,XLK,52.5099983215332,52.560001373291016,52.27000045776367,52.34999847412109,7621500,47.58508817461549,0.0,1.0,yahoo,2023-12-13 16:42:26
2017-03-01,XLK,52.66999816894531,53.15999984741211,52.54999923706055,53.09000015258789,9095300,48.25773471034774,0.0,1.0,yahoo,2023-12-13 16:42:26
2017-03-02,XLK,53.040000915527344,53.04999923706055,52.709999084472656,52.7400016784668,7170100,47.93959318718674,0.0,1.0,yahoo,2023-12-13 16:42:26
2017-03-03,XLK,52.70000076293945,52.86000061035156,52.59000015258789,52.86000061035156,7857000,48.04866978548729,0.0,1.0,yahoo,2023-12-13 16:42:26
2017-03-06,XLK,52.63999938964844,52.869998931884766,52.54999923706055,52.77999877929688,6715200,47.9759497416319,0.0,1.0,yahoo,2023-12-13 16:42:26
2017-03-07,XLK,52.7400016784668,53.0,52.70000076293945,52.77999877929688,6980400,47.9759497416319,0.0,1.0,yahoo,2023-12-13 16:42:26
2017-03-08,XLK,52.84000015258789,53.0,52.77000045776367,52.84000015258789,5680900,48.030489774523446,0.0,1.0,yahoo,2023-12-13 16:42:26
2017-03-09,XLK,52.84999847412109,52.90999984741211,52.56999969482422,52.83000183105469,7650200,48.02140150278279,0.0,1.0,yahoo,2023-12-13 16:42:26
2017-03-10,XLK,53.08000183105469,53.220001220703125,52.88999938964844,53.11000061035156,7354500,48.275914721311594,0.0,1.0,yahoo,2023-12-13 16:42:26
2017-03-13,XLK,53.11000061035156,53.220001220703125,53.060001373291016,53.15999984741211,7461200,48.321363014979944,0.0,1.0,yahoo,2023-12-13 16:42:26
2017-03-14,XLK,53.119998931884766,53.119998931884766,52.84000015258789,53.040000915527344,7239900,48.21228641667939,0.0,1.0,yahoo,2023-12-13 16:42:26
2017-03-15,XLK,53.119998931884766,53.4900016784668,52.959999084472656,53.400001525878906,8933600,48.53951967906359,0.0,1.0,yahoo,2023-12-13 16:42:26
2017-03-16,XLK,53.59999847412109,53.619998931884766,53.369998931884766,53.43000030517578,10978000,48.56678796176809,0.0,1.0,yahoo,2023-12-13 16:42:26
2017-03-17,XLK,53.43000030517578,53.5099983215332,53.31999969482422,53.34000015258789,6895400,48.671723108275856,0.205,1.0,yahoo,2023-12-13 16:42:26
2017-03-20,XLK,53.34999847412109,53.5099983215332,53.2400016784668,53.38999938964844,4541800,48.717346449387115,0.0,1.0,yahoo,2023-12-13 16:42:26
2017-03-21,XLK,53.52999877929688,53.65999984741211,52.59000015258789,52.61000061035156,14905500,48.00561258170566,0.0,1.0,yahoo,2023-12-13 16:42:26
2017-03-22,XLK,52.619998931884766,53.02000045776367,52.54999923706055,52.93999862670898,11383300,48.306729417710194,0.0,1.0,yahoo,2023-12-13 16:42:26
2017-03-23,XLK,52.86000061035156,53.02000045776367,52.720001220703125,52.79999923706055,11359400,48.17898267026356,0.0,1.0,yahoo,2023-12-13 16:42:26
2017-03-24,XLK,52.97999954223633,53.15999984741211,52.65999984741211,52.84000015258789,13140900,48.21548273548768,0.0,1.0,yahoo,2023-12-13 16:42:26
2017-03-27,XLK,52.400001525878906,52.95000076293945,52.33000183105469,52.84000015258789,6845000,48.21548273548768,0.0,1.0,yahoo,2023-12-13 16:42:26
2017-03-28,XLK,52.790000915527344,53.34000015258789,52.70000076293945,53.220001220703125,8453900,48.562226393441286,0.0,1.0,yahoo,2023-12-13 16:42:26
2017-03-29,XLK,53.20000076293945,53.34000015258789,53.08000183105469,53.310001373291016,5705100,48.64434979977666,0.0,1.0,yahoo,2023-12-13 16:42:26
2017-03-30,XLK,53.27000045776367,53.47999954223633,53.22999954223633,53.40999984741211,8754200,48.73559648199918,0.0,1.0,yahoo,2023-12-13 16:42:26
2017-03-31,XLK,53.36000061035156,53.4900016784668,53.25,53.310001373291016,6103500,48.64434979977666,0.0,1.0,yahoo,2023-12-13 16:42:26
2017-04-03,XLK,53.36000061035156,53.43999862670898,52.93999862670898,53.2599983215332,13017900,48.598722977827606,0.0,1.0,yahoo,2023-12-13 16:42:26
2017-04-04,XLK,53.040000915527344,53.29999923706055,53.02000045776367,53.29999923706055,7520800,48.63522304305173,0.0,1.0,yahoo,2023-12-13 16:42:26
2017-04-05,XLK,53.34999847412109,53.709999084472656,53.02999877929688,53.08000183105469,10477900,48.43447964599464,0.0,1.0,yahoo,2023-12-13 16:42:26
2017-04-06,XLK,53.13999938964844,53.25,52.959999084472656,53.09000015258789,6935100,48.44360292188177,0.0,1.0,yahoo,2023-12-13 16:42:26
2017-04-07,XLK,53.0099983215332,53.20000076293945,52.869998931884766,53.060001373291016,6469400,48.416229613382576,0.0,1.0,yahoo,2023-12-13 16:42:26
2017-04-10,XLK,53.09000015258789,53.220001220703125,52.84999847412109,52.959999084472656,4843600,48.32497945032226,0.0,1.0,yahoo,2023-12-13 16:42:26
2017-04-11,XLK,52.869998931884766,52.95000076293945,52.33000183105469,52.7599983215332,8457100,48.14248260503943,0.0,1.0,yahoo,2023-12-13 16:42:26
2017-04-12,XLK,52.709999084472656,52.77000045776367,52.47999954223633,52.58000183105469,8684200,47.97823927320647,0.0,1.0,yahoo,2023-12-13 16:42:26
2017-04-13,XLK,52.52000045776367,52.869998931884766,52.369998931884766,52.369998931884766,9766600,47.7866156711987,0.0,1.0,yahoo,2023-12-13 16:42:26
2017-04-17,XLK,52.52999877929688,52.869998931884766,52.52999877929688,52.84999847412109,7066000,48.22460601137481,0.0,1.0,yahoo,2023-12-13 16:42:26
2017-04-18,XLK,52.709999084472656,52.93999862670898,52.630001068115234,52.84000015258789,6243600,48.21548273548768,0.0,1.0,yahoo,2023-12-13 16:42:26
2017-04-19,XLK,52.91999816894531,53.11000061035156,52.70000076293945,52.79999923706055,7260500,48.17898267026356,0.0,1.0,yahoo,2023-12-13 16:42:26
2017-04-20,XLK,52.93999862670898,53.369998931884766,52.86000061035156,53.27999877929688,7581900,48.61697301043967,0.0,1.0,yahoo,2023-12-13 16:42:26
2017-04-21,XLK,53.29999923706055,53.310001373291016,53.06999969482422,53.16999816894531,7616500,48.51659957149222,0.0,1.0,yahoo,2023-12-13 16:42:26
2017-04-24,XLK,53.75,53.84000015258789,53.630001068115234,53.79999923706055,8105000,49.091463415839904,0.0,1.0,yahoo,2023-12-13 16:42:26
2017-04-25,XLK,54.02000045776367,54.18999862670898,53.93000030517578,54.08000183105469,10044800,49.34696039157099,0.0,1.0,yahoo,2023-12-13 16:42:26
2017-04-26,XLK,54.08000183105469,54.209999084472656,53.970001220703125,54.02000045776367,8147200,49.2922102937348,0.0,1.0,yahoo,2023-12-13 16:42:26
2017-04-27,XLK,54.15999984741211,54.27999877929688,54.11000061035156,54.2400016784668,8591700,49.49295717162969,0.0,1.0,yahoo,2023-12-13 16:42:26
2017-04-28,XLK,54.40999984741211,54.4900016784668,54.25,54.380001068115234,11418400,49.620703919076334,0.0,1.0,yahoo,2023-12-13 16:42:26
2017-05-01,XLK,54.58000183105469,54.86000061035156,54.47999954223633,54.790000915527344,7563000,49.99482088552912,0.0,1.0,yahoo,2023-12-13 16:42:26
2017-05-02,XLK,54.900001525878906,54.9900016784668,54.709999084472656,54.90999984741211,7535100,50.1043176003637,0.0,1.0,yahoo,2023-12-13 16:42:26
2017-05-03,XLK,54.72999954223633,54.84999847412109,54.560001373291016,54.810001373291016,7154500,50.01307091814119,0.0,1.0,yahoo,2023-12-13 16:42:26
2017-05-04,XLK,54.83000183105469,54.86000061035156,54.59000015258789,54.77000045776367,7579900,49.97657085291706,0.0,1.0,yahoo,2023-12-13 16:42:26
2017-05-05,XLK,54.86000061035156,54.9900016784668,54.72999954223633,54.970001220703125,6825800,50.15906769819989,0.0,1.0,yahoo,2023-12-13 16:42:26
2017-05-08,XLK,55.0099983215332,55.2400016784668,54.90999984741211,55.209999084472656,6070100,50.37806112786904,0.0,1.0,yahoo,2023-12-13 16:42:26
2017-05-09,XLK,55.27000045776367,55.43000030517578,55.16999816894531,55.27999877929688,7694300,50.44193450159237,0.0,1.0,yahoo,2023-12-13 16:42:26
2017-05-10,XLK,55.34000015258789,55.52999877929688,55.220001220703125,55.4900016784668,5302000,50.63355810360013,0.0,1.0,yahoo,2023-12-13 16:42:26
2017-05-11,XLK,55.31999969482422,55.45000076293945,55.09999847412109,55.41999816894531,9098000,50.569681249039,0.0,1.0,yahoo,2023-12-13 16:42:26
2017-05-12,XLK,55.470001220703125,55.59000015258789,55.40999984741211,55.560001373291016,4653800,50.69743147732345,0.0,1.0,yahoo,2023-12-13 16:42:26
2017-05-15,XLK,55.630001068115234,55.869998931884766,55.59999847412109,55.869998931884766,9949300,50.98029828071592,0.0,1.0,yahoo,2023-12-13 16:42:26
2017-05-16,XLK,56.0,56.130001068115234,55.810001373291016,56.130001068115234,9061100,51.21754522383494,0.0,1.0,yahoo,2023-12-13 16:42:26
2017-05-17,XLK,55.68999862670898,55.7400016784668,54.56999969482422,54.59999847412109,18545000,49.821447316133415,0.0,1.0,yahoo,2023-12-13 16:42:26
2017-05-18,XLK,54.459999084472656,55.130001068115234,54.369998931884766,54.91999816894531,16822200,50.11344087625083,0.0,1.0,yahoo,2023-12-13 16:42:26
2017-05-19,XLK,55.220001220703125,55.40999984741211,55.15999984741211,55.2400016784668,10219100,50.40543791720604,0.0,1.0,yahoo,2023-12-13 16:42:26
2017-05-22,XLK,55.369998931884766,55.75,55.36000061035156,55.68000030517578,10510300,50.806928192158026,0.0,1.0,yahoo,2023-12-13 16:42:26
2017-05-23,XLK,55.90999984741211,55.970001220703125,55.630001068115234,55.77999877929688,6610500,50.898174874380544,0.0,1.0,yahoo,2023-12-13 16:42:26
2017-05-24,XLK,55.93000030517578,56.02000045776367,55.79999923706055,56.0099983215332,9321900,51.10804502816256,0.0,1.0,yahoo,2023-12-13 16:42:26
2017-05-25,XLK,56.18999862670898,56.52999877929688,56.08000183105469,56.40999984741211,6113500,51.47303871872822,0.0,1.0,yahoo,2023-12-13 16:42:26
2017-05-26,XLK,56.36000061035156,56.45000076293945,56.2400016784668,56.380001068115234,36282200,51.445665410229026,0.0,1.0,yahoo,2023-12-13 16:42:26
2017-05-30,XLK,56.400001525878906,56.68000030517578,56.33000183105469,56.619998931884766,5925300,51.66465883989818,0.0,1.0,yahoo,2023-12-13 16:42:26
2017-05-31,XLK,56.83000183105469,56.84999847412109,56.34000015258789,56.52999877929688,14246100,51.5825354335628,0.0,1.0,yahoo,2023-12-13 16:42:26
2017-06-01,XLK,56.650001525878906,56.66999816894531,56.31999969482422,56.66999816894531,8436200,51.71028218100943,0.0,1.0,yahoo,2023-12-13 16:42:26
2017-06-02,XLK,56.880001068115234,57.20000076293945,56.70000076293945,57.18999862670898,8491000,52.184772586409665,0.0,1.0,yahoo,2023-12-13 16:42:26
2017-06-05,XLK,57.18999862670898,57.38999938964844,57.119998931884766,57.2400016784668,6765800,52.230399408358736,0.0,1.0,yahoo,2023-12-13 16:42:26
2017-06-06,XLK,57.16999816894531,57.41999816894531,57.060001373291016,57.130001068115234,7685200,52.130025969411285,0.0,1.0,yahoo,2023-12-13 16:42:26
2017-06-07,XLK,57.2599983215332,57.40999984741211,57.0099983215332,57.310001373291016,8703700,52.294272782082054,0.0,1.0,yahoo,2023-12-13 16:42:26
2017-06-08,XLK,57.40999984741211,57.47999954223633,57.119998931884766,57.43999862670898,7102400,52.41289277280375,0.0,1.0,yahoo,2023-12-13 16:42:26
2017-06-09,XLK,57.52000045776367,57.619998931884766,55.220001220703125,56.02000045776367,35142500,51.117171784887496,0.0,1.0,yahoo,2023-12-13 16:42:26
2017-06-12,XLK,55.43999862670898,55.77999877929688,54.77000045776367,55.68999862670898,35706400,50.816051468045146,0.0,1.0,yahoo,2023-12-13 16:42:26
2017-06-13,XLK,55.959999084472656,56.27000045776367,55.68000030517578,56.09000015258789,18293400,51.181045158610814,0.0,1.0,yahoo,2023-12-13 16:42:26
2017-06-14,XLK,56.310001373291016,56.31999969482422,55.36000061035156,55.81999969482422,16180600,50.93467493960466,0.0,1.0,yahoo,2023-12-13 16:42:26
2017-06-15,XLK,55.18999862670898,55.650001525878906,54.95000076293945,55.56999969482422,14750500,50.706554753210575,0.0,1.0,yahoo,2023-12-13 16:42:26
2017-06-16,XLK,55.34999847412109,55.369998931884766,55.02000045776367,55.25,21611300,50.617687780045465,0.223,1.0,yahoo,2023-12-13 16:42:26
2017-06-19,XLK,55.66999816894531,56.11000061035156,55.63999938964844,56.06999969482422,9929200,51.36893644126438,0.0,1.0,yahoo,2023-12-13 16:42:26
2017-06-20,XLK,56.04999923706055,56.08000183105469,55.619998931884766,55.619998931884766,10957700,50.956664982092406,0.0,1.0,yahoo,2023-12-13 16:42:26
2017-06-21,XLK,55.810001373291016,55.959999084472656,55.63999938964844,55.93000030517578,12293200,51.240674986158105,0.0,1.0,yahoo,2023-12-13 16:42:26
2017-06-22,XLK,56.09999847412109,56.13999938964844,55.77000045776367,55.95000076293945,8792800,51.258998550439365,0.0,1.0,yahoo,2023-12-13 16:42:26
2017-06-23,XLK,55.900001525878906,56.43999862670898,55.810001373291016,56.29999923706055,16423600,51.579652188205046,0.0,1.0,yahoo,2023-12-13 16:42:26
2017-06-26,XLK,56.59999847412109,56.720001220703125,55.93999862670898,56.0,9727900,51.30480571371125,0.0,1.0,yahoo,2023-12-13 16:42:26
2017-06-27,XLK,55.70000076293945,55.79999923706055,55.08000183105469,55.08000183105469,12895500,50.461942725948575,0.0,1.0,yahoo,2023-12-13 16:42:26
2017-06-28,XLK,55.290000915527344,55.81999969482422,54.91999816894531,55.77000045776367,12976000,51.094089966770575,0.0,1.0,yahoo,2023-12-13 16:42:26
2017-06-29,XLK,55.5099983215332,55.5099983215332,54.33000183105469,54.77000045776367,20973400,50.177932721882875,0.0,1.0,yahoo,2023-12-13 16:42:26
2017-06-30,XLK,55.0,55.09000015258789,54.66999816894531,54.720001220703125,15371900,50.132125558611,0.0,1.0,yahoo,2023-12-13 16:42:26
2017-07-03,XLK,54.95000076293945,55.04999923706055,54.27999877929688,54.34000015258789,16552600,49.78398482699216,0.0,1.0,yahoo,2023-12-13 16:42:26
2017-07-05,XLK,54.540000915527344,54.9900016784668,54.36000061035156,54.880001068115234,14809400,50.27871057799853,0.0,1.0,yahoo,2023-12-13 16:42:26
2017-07-06,XLK,54.400001525878906,54.68000030517578,54.25,54.380001068115234,12757400,49.82063195555468,0.0,1.0,yahoo,2023-12-13 16:42:26
2017-07-07,XLK,54.58000183105469,55.18999862670898,54.540000915527344,55.0099983215332,8818200,50.39780850353291,0.0,1.0,yahoo,2023-12-13 16:42:26
2017-07-10,XLK,55.02000045776367,55.540000915527344,54.93999862670898,55.40999984741211,5594200,50.764272799433,0.0,1.0,yahoo,2023-12-13 16:42:26
2017-07-11,XLK,55.34999847412109,55.619998931884766,55.13999938964844,55.52999877929688,6856500,50.87421069025802,0.0,1.0,yahoo,2023-12-13 16:42:26
2017-07-12,XLK,55.90999984741211,56.29999923706055,55.880001068115234,56.25,16551900,51.53384502493317,0.0,1.0,yahoo,2023-12-13 16:42:26
2017-07-13,XLK,56.33000183105469,56.560001373291016,56.22999954223633,56.36000061035156,8125100,51.63462288104882,0.0,1.0,yahoo,2023-12-13 16:42:26
2017-07-14,XLK,56.59999847412109,56.91999816894531,56.52000045776367,56.86000061035156,6689600,52.09270150349267,0.0,1.0,yahoo,2023-12-13 16:42:26
2017-07-17,XLK,56.90999984741211,57.02999877929688,56.7599983215332,56.869998931884766,9837100,52.10186153820203,0.0,1.0,yahoo,2023-12-13 16:42:26
2017-07-18,XLK,56.7599983215332,57.130001068115234,56.619998931884766,57.130001068115234,9920200,52.340064378995855,0.0,1.0,yahoo,2023-12-13 16:42:26
2017-07-19,XLK,57.220001220703125,57.470001220703125,57.16999816894531,57.41999816894531,6673600,52.60574732391776,0.0,1.0,yahoo,2023-12-13 16:42:26
2017-07-20,XLK,57.58000183105469,57.59999847412109,57.209999084472656,57.540000915527344,10372900,52.71568870960531,0.0,1.0,yahoo,2023-12-13 16:42:26
2017-07-21,XLK,57.290000915527344,57.47999954223633,57.22999954223633,57.470001220703125,5805000,52.651557982052175,0.0,1.0,yahoo,2023-12-13 16:42:26
2017-07-24,XLK,57.43999862670898,57.65999984741211,57.31999969482422,57.61000061035156,5378100,52.77981943715845,0.0,1.0,yahoo,2023-12-13 16:42:26
2017-07-25,XLK,57.43000030517578,57.619998931884766,57.25,57.5,6880300,52.679041581042796,0.0,1.0,yahoo,2023-12-13 16:42:26
2017-07-26,XLK,57.810001373291016,57.81999969482422,57.52999877929688,57.720001220703125,10602600,52.8805972932741,0.0,1.0,yahoo,2023-12-13 16:42:26
2017-07-27,XLK,58.130001068115234,58.20000076293945,56.790000915527344,57.5,23047200,52.679041581042796,0.0,1.0,yahoo,2023-12-13 16:42:26
2017-07-28,XLK,57.209999084472656,57.54999923706055,57.15999984741211,57.43999862670898,10293100,52.624070888199014,0.0,1.0,yahoo,2023-12-13 16:42:26
2017-07-31,XLK,57.52999877929688,57.65999984741211,57.09999847412109,57.15999984741211,10982800,52.367547977986476,0.0,1.0,yahoo,2023-12-13 16:42:26
2017-08-01,XLK,57.45000076293945,57.5,57.2400016784668,57.45000076293945,8307200,52.633234417770915,0.0,1.0,yahoo,2023-12-13 16:42:26
2017-08-02,XLK,58.040000915527344,58.04999923706055,57.25,57.61000061035156,12573900,52.77981943715845,0.0,1.0,yahoo,2023-12-13 16:42:26
2017-08-03,XLK,57.68999862670898,57.68999862670898,57.310001373291016,57.47999954223633,10687800,52.660718016761535,0.0,1.0,yahoo,2023-12-13 16:42:26
2017-08-04,XLK,57.59999847412109,57.790000915527344,57.47999954223633,57.61000061035156,4756900,52.77981943715845,0.0,1.0,yahoo,2023-12-13 16:42:26
2017-08-07,XLK,57.68999862670898,57.959999084472656,57.66999816894531,57.959999084472656,7683000,53.10047307492413,0.0,1.0,yahoo,2023-12-13 16:42:26
2017-08-08,XLK,57.880001068115234,58.33000183105469,57.720001220703125,57.880001068115234,10460700,53.02718231266163,0.0,1.0,yahoo,2023-12-13 16:42:26
2017-08-09,XLK,57.5099983215332,57.88999938964844,57.47999954223633,57.84999847412109,6972800,52.99969521880847,0.0,1.0,yahoo,2023-12-13 16:42:26
2017-08-10,XLK,57.540000915527344,57.59999847412109,56.68000030517578,56.709999084472656,14911900,51.9552765188145,0.0,1.0,yahoo,2023-12-13 16:42:26
2017-08-11,XLK,56.79999923706055,57.290000915527344,56.72999954223633,57.09999847412109,14968100,52.312577285142694,0.0,1.0,yahoo,2023-12-13 16:42:26
2017-08-14,XLK,57.619998931884766,58.09000015258789,57.5,58.0099983215332,9758500,53.146280238196006,0.0,1.0,yahoo,2023-12-13 16:42:26
2017-08-15,XLK,58.130001068115234,58.22999954223633,57.91999816894531,58.09999847412109,7052600,53.228734530030394,0.0,1.0,yahoo,2023-12-13 16:42:26
2017-08-16,XLK,58.18999862670898,58.47999954223633,58.08000183105469,58.27000045776367,9055900,53.38448307898983,0.0,1.0,yahoo,2023-12-13 16:42:26
2017-08-17,XLK,58.04999923706055,58.13999938964844,57.130001068115234,57.130001068115234,12968900,52.340064378995855,0.0,1.0,yahoo,2023-12-13 16:42:26
2017-08-18,XLK,57.130001068115234,57.470001220703125,56.84999847412109,57.06999969482422,16696500,52.28509368615208,0.0,1.0,yahoo,2023-12-13 16:42:26
2017-08-21,XLK,57.11000061035156,57.16999816894531,56.66999816894531,57.04999923706055,7978600,52.26677012187082,0.0,1.0,yahoo,2023-12-13 16:42:26
2017-08-22,XLK,57.34999847412109,57.93999862670898,57.310001373291016,57.900001525878906,8461200,53.04550587694289,0.0,1.0,yahoo,2023-12-13 16:42:26
2017-08-23,XLK,57.58000183105469,57.91999816894531,57.560001373291016,57.7599983215332,8923700,52.91724092697408,0.0,1.0,yahoo,2023-12-13 16:42:26
2017-08-24,XLK,57.900001525878906,57.959999084472656,57.41999816894531,57.709999084472656,8093900,52.8714337637022,0.0,1.0,yahoo,2023-12-13 16:42:26
2017-08-25,XLK,57.900001525878906,58.06999969482422,57.58000183105469,57.70000076293945,8333100,52.86227372899284,0.0,1.0,yahoo,2023-12-13 16:42:26
2017-08-28,XLK,57.84000015258789,57.91999816894531,57.650001525878906,57.810001373291016,5993300,52.963051585108495,0.0,1.0,yahoo,2023-12-13 16:42:26
2017-08-29,XLK,57.34000015258789,58.13999938964844,57.27000045776367,58.060001373291016,8689800,53.19209089633042,0.0,1.0,yahoo,2023-12-13 16:42:26
2017-08-30,XLK,58.119998931884766,58.52000045776367,57.9900016784668,58.47999954223633,7654000,53.576875261649235,0.0,1.0,yahoo,2023-12-13 16:42:26
2017-08-31,XLK,58.619998931884766,58.93000030517578,58.54999923706055,58.83000183105469,9425800,53.897532394277455,0.0,1.0,yahoo,2023-12-13 16:42:26
2017-09-01,XLK,58.97999954223633,59.02999877929688,58.709999084472656,58.77999877929688,6013100,53.85172173614305,0.0,1.0,yahoo,2023-12-13 16:42:26
2017-09-05,XLK,58.61000061035156,58.720001220703125,57.869998931884766,58.2599983215332,11901700,53.37531954941793,0.0,1.0,yahoo,2023-12-13 16:42:26
2017-09-06,XLK,58.43999862670898,58.52000045776367,58.060001373291016,58.310001373291016,9113700,53.421130207552345,0.0,1.0,yahoo,2023-12-13 16:42:26
2017-09-07,XLK,58.5,58.630001068115234,58.290000915527344,58.5099983215332,7693800,53.604358860639856,0.0,1.0,yahoo,2023-12-13 16:42:26
2017-09-08,XLK,58.41999816894531,58.5,57.9900016784668,58.02999877929688,6259200,53.164603802477274,0.0,1.0,yahoo,2023-12-13 16:42:26
2017-09-11,XLK,58.4900016784668,58.90999984741211,58.4900016784668,58.84999847412109,7037300,53.91585246369617,0.0,1.0,yahoo,2023-12-13 16:42:26
2017-09-12,XLK,59.02000045776367,59.09999847412109,58.720001220703125,58.9900016784668,7861700,54.044117413664985,0.0,1.0,yahoo,2023-12-13 16:42:26
2017-09-13,XLK,58.91999816894531,58.93000030517578,58.68000030517578,58.90999984741211,8128300,53.97082315653995,0.0,1.0,yahoo,2023-12-13 16:42:26
2017-09-14,XLK,58.68999862670898,58.97999954223633,58.58000183105469,58.709999084472656,7626700,53.78759100858991,0.0,1.0,yahoo,2023-12-13 16:42:26
2017-09-15,XLK,58.45000076293945,58.790000915527344,58.34999847412109,58.7400016784668,13123800,54.00733723475582,0.209,1.0,yahoo,2023-12-13 16:42:26
2017-09-18,XLK,58.83000183105469,59.0099983215332,58.56999969482422,58.790000915527344,10412000,54.05330804817511,0.0,1.0,yahoo,2023-12-13 16:42:26
2017-09-19,XLK,58.880001068115234,59.16999816894531,58.72999954223633,59.04999923706055,5616100,54.292358382364355,0.0,1.0,yahoo,2023-12-13 16:42:26
2017-09-20,XLK,59.040000915527344,59.060001373291016,58.400001525878906,58.810001373291016,8950800,54.07169707501248,0.0,1.0,yahoo,2023-12-13 16:42:26
2017-09-21,XLK,58.790000915527344,58.790000915527344,58.29999923706055,58.4900016784668,8104600,53.777479660311144,0.0,1.0,yahoo,2023-12-13 16:42:26
2017-09-22,XLK,58.29999923706055,58.59999847412109,58.27000045776367,58.52000045776367,4824800,53.80506144689307,0.0,1.0,yahoo,2023-12-13 16:42:26
2017-09-25,XLK,58.33000183105469,58.33000183105469,57.56999969482422,57.83000183105469,13573100,53.17065580407111,0.0,1.0,yahoo,2023-12-13 16:42:26
2017-09-26,XLK,58.13999938964844,58.27999877929688,57.86000061035156,58.040000915527344,9053300,53.363735324841066,0.0,1.0,yahoo,2023-12-13 16:42:26
2017-09-27,XLK,58.29999923706055,58.810001373291016,58.209999084472656,58.630001068115234,7635500,53.90619934082444,0.0,1.0,yahoo,2023-12-13 16:42:26
2017-09-28,XLK,58.47999954223633,58.72999954223633,58.36000061035156,58.70000076293945,5589200,53.9705591810811,0.0,1.0,yahoo,2023-12-13 16:42:26
2017-09-29,XLK,58.79999923706055,59.150001525878906,58.72999954223633,59.09999847412109,12428700,54.338329195783636,0.0,1.0,yahoo,2023-12-13 16:42:26
2017-10-02,XLK,59.25,59.380001068115234,58.900001525878906,59.18999862670898,7571900,54.421078062877655,0.0,1.0,yahoo,2023-12-13 16:42:26
2017-10-03,XLK,59.2400016784668,59.36000061035156,59.16999816894531,59.33000183105469,6466000,54.54980125073921,0.0,1.0,yahoo,2023-12-13 16:42:26
2017-10-04,XLK,59.22999954223633,59.380001068115234,59.02999877929688,59.290000915527344,6649600,54.51302319706448,0.0,1.0,yahoo,2023-12-13 16:42:26
2017-10-05,XLK,59.470001220703125,59.869998931884766,59.43999862670898,59.86000061035156,6422700,55.03709818621049,0.0,1.0,yahoo,2023-12-13 16:42:26
2017-10-06,XLK,59.65999984741211,59.97999954223633,59.63999938964844,59.95000076293945,5926400,55.11984705330451,0.0,1.0,yahoo,2023-12-13 16:42:26
2017-10-09,XLK,60.040000915527344,60.22999954223633,60.0,60.09999847412109,6949200,55.25775949356237,0.0,1.0,yahoo,2023-12-13 16:42:26
2017-10-10,XLK,60.290000915527344,60.34000015258789,59.84999847412109,60.15999984741211,5472900,55.31292657407447,0.0,1.0,yahoo,2023-12-13 16:42:26
2017-10-11,XLK,60.08000183105469,60.380001068115234,60.08000183105469,60.36000061035156,4980900,55.49681333509986,0.0,1.0,yahoo,2023-12-13 16:42:26
2017-10-12,XLK,60.220001220703125,60.5,60.13999938964844,60.209999084472656,6106400,55.358897387493755,0.0,1.0,yahoo,2023-12-13 16:42:26
2017-10-13,XLK,60.43000030517578,60.61000061035156,60.43000030517578,60.5,5950000,55.625533015613165,0.0,1.0,yahoo,2023-12-13 16:42:26
2017-10-16,XLK,60.650001525878906,60.72999954223633,60.5099983215332,60.720001220703125,8306400,55.827808803475925,0.0,1.0,yahoo,2023-12-13 16:42:26
2017-10-17,XLK,60.70000076293945,60.720001220703125,60.52000045776367,60.720001220703125,5131700,55.827808803475925,0.0,1.0,yahoo,2023-12-13 16:42:26
2017-10-18,XLK,60.900001525878906,60.95000076293945,60.68000030517578,60.869998931884766,6091300,55.96572124373379,0.0,1.0,yahoo,2023-12-13 16:42:26
2017-10-19,XLK,60.61000061035156,60.7599983215332,60.290000915527344,60.68999862670898,6872600,55.800223509545745,0.0,1.0,yahoo,2023-12-13 16:42:26
2017-10-20,XLK,61.060001373291016,61.16999816894531,60.959999084472656,61.09999847412109,7407400,56.1771897913411,0.0,1.0,yahoo,2023-12-13 16:42:26
2017-10-23,XLK,61.20000076293945,61.25,60.7400016784668,60.810001373291016,7054900,55.910557670569936,0.0,1.0,yahoo,2023-12-13 16:42:26
2017-10-24,XLK,60.93000030517578,61.08000183105469,60.72999954223633,60.97999954223633,8035800,56.06685913766516,0.0,1.0,yahoo,2023-12-13 16:42:26
2017-10-25,XLK,60.84000015258789,61.02000045776367,60.25,60.650001525878906,9225900,55.76344896321927,0.0,1.0,yahoo,2023-12-13 16:42:26
2017-10-26,XLK,61.0,61.15999984741211,60.86000061035156,60.900001525878906,9436400,55.993306537663955,0.0,1.0,yahoo,2023-12-13 16:42:26
2017-10-27,XLK,61.880001068115234,62.709999084472656,61.880001068115234,62.540000915527344,14539200,57.50117166484535,0.0,1.0,yahoo,2023-12-13 16:42:26
2017-10-30,XLK,61.880001068115234,62.91999816894531,61.880001068115234,62.68000030517578,8574700,57.62989134535866,0.0,1.0,yahoo,2023-12-13 16:42:26
2017-10-31,XLK,62.91999816894531,63.08000183105469,62.66999816894531,62.95000076293945,10111300,57.8781379466407,0.0,1.0,yahoo,2023-12-13 16:42:26
2017-11-01,XLK,63.25,63.33000183105469,62.630001068115234,62.959999084472656,9550700,57.887330706385264,0.0,1.0,yahoo,2023-12-13 16:42:26
2017-11-02,XLK,62.959999084472656,63.04999923706055,62.5099983215332,62.9900016784668,10224600,57.91491600031543,0.0,1.0,yahoo,2023-12-13 16:42:26
2017-11-03,XLK,63.31999969482422,63.54999923706055,62.95000076293945,63.4900016784668,7659700,58.374631149204795,0.0,1.0,yahoo,2023-12-13 16:42:26
2017-11-06,XLK,63.45000076293945,63.650001525878906,63.40999984741211,63.630001068115234,6000200,58.503350829718094,0.0,1.0,yahoo,2023-12-13 16:42:26
2017-11-07,XLK,63.70000076293945,63.720001220703125,63.400001525878906,63.65999984741211,5775600,58.53093261630002,0.0,1.0,yahoo,2023-12-13 16:42:26
2017-11-08,XLK,63.65999984741211,64.0199966430664,63.4900016784668,64.01000213623047,9100500,58.85273532493152,0.0,1.0,yahoo,2023-12-13 16:42:26
2017-11-09,XLK,63.52000045776367,63.61000061035156,62.86000061035156,63.5,10245400,58.38382390894935,0.0,1.0,yahoo,2023-12-13 16:42:26
2017-11-10,XLK,63.41999816894531,63.54999923706055,63.27000045776367,63.5,5983200,58.38382390894935,0.0,1.0,yahoo,2023-12-13 16:42:26
2017-11-13,XLK,63.2599983215332,63.560001373291016,63.25,63.47999954223633,4300300,58.36543488211199,0.0,1.0,yahoo,2023-12-13 16:42:26
2017-11-14,XLK,63.290000915527344,63.41999816894531,63.0,63.34999847412109,7370800,58.24590796134324,0.0,1.0,yahoo,2023-12-13 16:42:26
2017-11-15,XLK,63.040000915527344,63.130001068115234,62.709999084472656,62.880001068115234,8492500,57.81377810638405,0.0,1.0,yahoo,2023-12-13 16:42:26
2017-11-16,XLK,63.34000015258789,63.88999938964844,63.34000015258789,63.7599983215332,7641100,58.6228742431386,0.0,1.0,yahoo,2023-12-13 16:42:26
2017-11-17,XLK,63.66999816894531,63.720001220703125,63.310001373291016,63.34999847412109,8302100,58.24590796134324,0.0,1.0,yahoo,2023-12-13 16:42:26
2017-11-20,XLK,63.5,63.63999938964844,63.40999984741211,63.59000015258789,6579900,58.46657277604337,0.0,1.0,yahoo,2023-12-13 16:42:26
2017-11-21,XLK,63.84000015258789,64.30000305175781,63.790000915527344,64.26000213623047,8174000,59.0825928993762,0.0,1.0,yahoo,2023-12-13 16:42:26
2017-11-22,XLK,64.26000213623047,64.27999877929688,64.02999877929688,64.13999938964844,12115800,58.972258738352025,0.0,1.0,yahoo,2023-12-13 16:42:26
2017-11-24,XLK,64.23999786376953,64.52999877929688,64.22000122070312,64.5,4339100,59.303254206728084,0.0,1.0,yahoo,2023-12-13 16:42:26
2017-11-27,XLK,64.38999938964844,64.58000183105469,64.27999877929688,64.5,6889100,59.303254206728084,0.0,1.0,yahoo,2023-12-13 16:42:26
2017-11-28,XLK,64.5999984741211,64.7699966430664,64.33999633789062,64.70999908447266,11311600,59.49633372749804,0.0,1.0,yahoo,2023-12-13 16:42:26
2017-11-29,XLK,64.5999984741211,64.61000061035156,62.84000015258789,63.27999877929688,33640200,58.1815481210866,0.0,1.0,yahoo,2023-12-13 16:42:26
2017-11-30,XLK,63.560001373291016,64.01000213623047,63.33000183105469,63.84000015258789,21047500,58.69643035048805,0.0,1.0,yahoo,2023-12-13 16:42:26
2017-12-01,XLK,63.45000076293945,63.83000183105469,62.59000015258789,63.5099983215332,19211800,58.39301666869392,0.0,1.0,yahoo,2023-12-13 16:42:26
2017-12-04,XLK,63.90999984741211,63.93999862670898,62.43000030517578,62.4900016784668,16805500,57.45520085142606,0.0,1.0,yahoo,2023-12-13 16:42:26
2017-12-05,XLK,62.380001068115234,63.22999954223633,62.11000061035156,62.5099983215332,13927100,57.473586370915186,0.0,1.0,yahoo,2023-12-13 16:42:26
2017-12-06,XLK,62.2599983215332,63.04999923706055,62.11000061035156,62.90999984741211,13262100,57.841359892965976,0.0,1.0,yahoo,2023-12-13 16:42:26
2017-12-07,XLK,63.18000030517578,63.41999816894531,62.90999984741211,63.29999923706055,11685500,58.19993714792396,0.0,1.0,yahoo,2023-12-13 16:42:26
2017-12-08,XLK,63.720001220703125,63.90999984741211,63.45000076293945,63.59999847412109,10059000,58.47576553578792,0.0,1.0,yahoo,2023-12-13 16:42:26
2017-12-11,XLK,63.56999969482422,64.1500015258789,63.52999877929688,64.1500015258789,11421600,58.98145500544482,0.0,1.0,yahoo,2023-12-13 16:42:26
2017-12-12,XLK,64.11000061035156,64.36000061035156,63.869998931884766,64.12999725341797,8397000,58.96306247125922,0.0,1.0,yahoo,2023-12-13 16:42:26
2017-12-13,XLK,64.3499984741211,64.45999908447266,64.06999969482422,64.1500015258789,10356100,58.98145500544482,0.0,1.0,yahoo,2023-12-13 16:42:26
2017-12-14,XLK,64.2300033569336,64.43000030517578,64.04000091552734,64.06999969482422,10946000,58.90789889809537,0.0,1.0,yahoo,2023-12-13 16:42:26
2017-12-15,XLK,64.02999877929688,64.6500015258789,63.869998931884766,64.55999755859375,21305200,59.57973786228252,0.238,1.0,yahoo,2023-12-13 16:42:26
2017-12-18,XLK,65.0199966430664,65.19999694824219,64.91000366210938,65.12999725341797,10760800,60.10576688464092,0.0,1.0,yahoo,2023-12-13 16:42:26
2017-12-19,XLK,65.0,65.04000091552734,64.56999969482422,64.7300033569336,11976800,59.73662914609899,0.0,1.0,yahoo,2023-12-13 16:42:26
2017-12-20,XLK,65.01000213623047,65.01000213623047,64.4000015258789,64.70999908447266,8965200,59.71816803466127,0.0,1.0,yahoo,2023-12-13 16:42:26
2017-12-21,XLK,64.81999969482422,64.93000030517578,64.5199966430664,64.58000183105469,15941900,59.598198973720244,0.0,1.0,yahoo,2023-12-13 16:42:26
2017-12-22,XLK,64.47000122070312,64.5999984741211,64.37000274658203,64.54000091552734,5485500,59.56128379169584,0.0,1.0,yahoo,2023-12-13 16:42:26
2017-12-26,XLK,64.13999938964844,64.18000030517578,63.880001068115234,64.11000061035156,6219100,59.164454385997324,0.0,1.0,yahoo,2023-12-13 16:42:26
2017-12-27,XLK,64.12000274658203,64.30000305175781,64.06999969482422,64.18000030517578,5346600,59.22905419432727,0.0,1.0,yahoo,2023-12-13 16:42:26
2017-12-28,XLK,64.37000274658203,64.41000366210938,64.18000030517578,64.29000091552734,9658000,59.33056918468161,0.0,1.0,yahoo,2023-12-13 16:42:26
2017-12-29,XLK,64.33000183105469,64.3499984741211,63.900001525878906,63.95000076293945,6693200,59.016797178325234,0.0,1.0,yahoo,2023-12-13 16:42:26
2018-01-02,XLK,64.20999908447266,64.73999786376953,64.05000305175781,64.73999786376953,13722800,59.745852660966804,0.0,1.0,yahoo,2023-12-13 16:42:26
2018-01-03,XLK,64.86000061035156,65.31999969482422,64.79000091552734,65.27999877929688,11331800,60.24419705701967,0.0,1.0,yahoo,2023-12-13 16:42:26
2018-01-04,XLK,65.54000091552734,65.77999877929688,65.38999938964844,65.61000061035156,10746600,60.54874202808271,0.0,1.0,yahoo,2023-12-13 16:42:26
2018-01-05,XLK,65.94999694824219,66.36000061035156,65.81999969482422,66.30000305175781,9678000,61.18551659651432,0.0,1.0,yahoo,2023-12-13 16:42:26
2018-01-08,XLK,66.2699966430664,66.66999816894531,66.2300033569336,66.55000305175781,6733900,61.41623120352855,0.0,1.0,yahoo,2023-12-13 16:42:26
2018-01-09,XLK,66.68000030517578,66.69999694824219,66.2699966430664,66.37999725341797,10606400,61.259339919712076,0.0,1.0,yahoo,2023-12-13 16:42:26
2018-01-10,XLK,66.0199966430664,66.16999816894531,65.83000183105469,66.1500015258789,10407800,61.04708642413557,0.0,1.0,yahoo,2023-12-13 16:42:26
2018-01-11,XLK,66.30000305175781,66.44999694824219,66.13999938964844,66.41999816894531,7887800,61.29625510173648,0.0,1.0,yahoo,2023-12-13 16:42:26
2018-01-12,XLK,66.33999633789062,66.9000015258789,66.25,66.80999755859375,8154300,61.656169325410595,0.0,1.0,yahoo,2023-12-13 16:42:26
2018-01-16,XLK,67.22000122070312,67.45999908447266,66.37999725341797,66.55000305175781,18221800,61.41623120352855,0.0,1.0,yahoo,2023-12-13 16:42:26
2018-01-17,XLK,66.93000030517578,67.61000061035156,66.70999908447266,67.55000305175781,14688100,62.339089631585466,0.0,1.0,yahoo,2023-12-13 16:42:26
2018-01-18,XLK,67.55000305175781,67.8499984741211,67.48999786376953,67.66999816894531,14922900,62.44982813680763,0.0,1.0,yahoo,2023-12-13 16:42:26
2018-01-19,XLK,67.80000305175781,67.91000366210938,67.44999694824219,67.80000305175781,11947200,62.569804238599694,0.0,1.0,yahoo,2023-12-13 16:42:26
2018-01-22,XLK,67.75,68.47000122070312,67.61000061035156,68.45999908447266,9002100,63.178887139874725,0.0,1.0,yahoo,2023-12-13 16:42:26
2018-01-23,XLK,68.68000030517578,68.9000015258789,68.54000091552734,68.76000213623047,10230100,63.45574748463222,0.0,1.0,yahoo,2023-12-13 16:42:26
2018-01-24,XLK,68.94000244140625,69.05999755859375,68.0,68.2300033569336,18509500,62.96663364429821,0.0,1.0,yahoo,2023-12-13 16:42:26
2018-01-25,XLK,68.66000366210938,68.72000122070312,67.94000244140625,68.11000061035156,12975900,62.85588809822501,0.0,1.0,yahoo,2023-12-13 16:42:26
2018-01-26,XLK,68.58000183105469,69.19000244140625,68.43000030517578,69.19000244140625,10048600,63.85257689033074,0.0,1.0,yahoo,2023-12-13 16:42:26
2018-01-29,XLK,68.98999786376953,68.98999786376953,68.47000122070312,68.55999755859375,27589900,63.271171574510205,0.0,1.0,yahoo,2023-12-13 16:42:26
2018-01-30,XLK,68.0,68.33999633789062,67.76000213623047,67.94000244140625,14831200,62.69900385525958,0.0,1.0,yahoo,2023-12-13 16:42:26
2018-01-31,XLK,68.33999633789062,68.55999755859375,68.0,68.44999694824219,15067900,63.16965658415586,0.0,1.0,yahoo,2023-12-13 16:42:26
2018-02-01,XLK,68.19999694824219,68.98999786376953,68.19000244140625,68.51000213623047,16325000,63.225032877617984,0.0,1.0,yahoo,2023-12-13 16:42:26
2018-02-02,XLK,67.73999786376953,67.80000305175781,66.47000122070312,66.4800033569336,21964700,61.3516313951986,0.0,1.0,yahoo,2023-12-13 16:42:26
2018-02-05,XLK,65.7699966430664,67.0199966430664,63.66999816894531,63.70000076293945,49279800,58.786082571311006,0.0,1.0,yahoo,2023-12-13 16:42:26
2018-02-06,XLK,62.84000015258789,65.63999938964844,62.47999954223633,65.52999877929688,45134700,60.474911664033904,0.0,1.0,yahoo,2023-12-13 16:42:26
2018-02-07,XLK,65.37000274658203,66.04000091552734,64.69000244140625,64.69000244140625,23712600,59.69971396407459,0.0,1.0,yahoo,2023-12-13 16:42:26
2018-02-08,XLK,64.87000274658203,64.98999786376953,61.9900016784668,62.0099983215332,27814300,57.226449574822475,0.0,1.0,yahoo,2023-12-13 16:42:26
2018-02-09,XLK,63.0099983215332,63.9900016784668,60.970001220703125,63.52999877929688,36350200,58.629194807920065,0.0,1.0,yahoo,2023-12-13 16:42:26
2018-02-12,XLK,64.20999908447266,65.06999969482422,63.7400016784668,64.66999816894531,17814800,59.68125285263687,0.0,1.0,yahoo,2023-12-13 16:42:26
2018-02-13,XLK,64.30000305175781,64.98999786376953,64.11000061035156,64.83000183105469,9542000,59.82891358073447,0.0,1.0,yahoo,2023-12-13 16:42:26
2018-02-14,XLK,64.47000122070312,66.12999725341797,64.43000030517578,66.0199966430664,16058800,60.9271103223435,0.0,1.0,yahoo,2023-12-13 16:42:26
2018-02-15,XLK,66.6500015258789,67.27999877929688,65.87000274658203,67.27999877929688,12152500,62.089913913133515,0.0,1.0,yahoo,2023-12-13 16:42:26
2018-02-16,XLK,67.08000183105469,67.9000015258789,67.01000213623047,67.18000030517578,10167100,61.99762947849803,0.0,1.0,yahoo,2023-12-13 16:42:26
2018-02-20,XLK,66.83999633789062,67.7699966430664,66.7699966430664,67.23999786376953,16917600,62.05299873110911,0.0,1.0,yahoo,2023-12-13 16:42:26
2018-02-21,XLK,67.5,68.06999969482422,66.80000305175781,66.80999755859375,14551200,61.656169325410595,0.0,1.0,yahoo,2023-12-13 16:42:26
2018-02-22,XLK,67.04000091552734,67.5,66.69999694824219,66.88999938964844,10979400,61.7299996894594,0.0,1.0,yahoo,2023-12-13 16:42:26
2018-02-23,XLK,67.44000244140625,68.29000091552734,67.27999877929688,68.29000091552734,10386200,63.0220028969093,0.0,1.0,yahoo,2023-12-13 16:42:26
2018-02-26,XLK,68.58000183105469,69.36000061035156,68.58000183105469,69.36000061035156,10797200,64.00946113329616,0.0,1.0,yahoo,2023-12-13 16:42:26
2018-02-27,XLK,69.38999938964844,69.70999908447266,68.66000366210938,68.66000366210938,12790600,63.36346304999673,0.0,1.0,yahoo,2023-12-13 16:42:26
2018-02-28,XLK,69.05000305175781,69.33999633789062,68.16000366210938,68.16999816894531,15232000,62.91125735083609,0.0,1.0,yahoo,2023-12-13 16:42:26
2018-03-01,XLK,68.33000183105469,68.58999633789062,66.52999877929688,67.04000091552734,21486800,61.868429861838145,0.0,1.0,yahoo,2023-12-13 16:42:26
2018-03-02,XLK,66.27999877929688,67.81999969482422,66.0999984741211,67.68000030517578,19196100,62.45905869252649,0.0,1.0,yahoo,2023-12-13 16:42:26
2018-03-05,XLK,67.36000061035156,68.5999984741211,67.20999908447266,68.37000274658203,10888900,63.0958332609581,0.0,1.0,yahoo,2023-12-13 16:42:26
2018-03-06,XLK,68.76000213623047,68.8499984741211,68.22000122070312,68.5199966430664,10151900,63.234256392485804,0.0,1.0,yahoo,2023-12-13 16:42:26
2018-03-07,XLK,68.01000213623047,68.97000122070312,68.01000213623047,68.9000015258789,11109800,63.5849471012921,0.0,1.0,yahoo,2023-12-13 16:42:26
2018-03-08,XLK,69.11000061035156,69.26000213623047,68.7699966430664,69.19999694824219,7624000,63.86180040519855,0.0,1.0,yahoo,2023-12-13 16:42:26
2018-03-09,XLK,69.69000244140625,70.51000213623047,69.5999984741211,70.51000213623047,12342500,65.07074973373183,0.0,1.0,yahoo,2023-12-13 16:42:26
2018-03-12,XLK,70.72000122070312,71.01000213623047,70.52999877929688,70.7300033569336,13506200,65.27377971444052,0.0,1.0,yahoo,2023-12-13 16:42:26
2018-03-13,XLK,71.08999633789062,71.33999633789062,69.68000030517578,69.91999816894531,13809400,64.5262595999357,0.0,1.0,yahoo,2023-12-13 16:42:26
2018-03-14,XLK,70.2699966430664,70.33000183105469,69.51000213623047,69.86000061035156,13881400,64.47089034732463,0.0,1.0,yahoo,2023-12-13 16:42:26
2018-03-15,XLK,69.87999725341797,70.30999755859375,69.55999755859375,69.9000015258789,11501400,64.50780552934903,0.0,1.0,yahoo,2023-12-13 16:42:26
2018-03-16,XLK,69.80000305175781,70.05000305175781,69.5199966430664,69.61000061035156,12202300,64.44115099941209,0.218,1.0,yahoo,2023-12-13 16:42:26
2018-03-19,XLK,68.95999908447266,69.06999969482422,67.66999816894531,68.2300033569336,19868400,63.163624629543655,0.0,1.0,yahoo,2023-12-13 16:42:26
2018-03-20,XLK,68.05999755859375,68.45999908447266,67.81999969482422,68.19999694824219,9382800,63.135846329062716,0.0,1.0,yahoo,2023-12-13 16:42:26
2018-03-21,XLK,68.05000305175781,68.69000244140625,67.61000061035156,67.79000091552734,10933500,62.756294310363145,0.0,1.0,yahoo,2023-12-13 16:42:26
2018-03-22,XLK,66.97000122070312,67.36000061035156,65.98999786376953,66.04000091552734,21195100,61.13623953001308,0.0,1.0,yahoo,2023-12-13 16:42:26
2018-03-23,XLK,66.0,66.16999816894531,64.25,64.27999877929688,20950800,59.506925316169365,0.0,1.0,yahoo,2023-12-13 16:42:26
2018-03-26,XLK,65.58999633789062,66.80999755859375,64.68000030517578,66.72000122070312,25125800,61.76574681289281,0.0,1.0,yahoo,2023-12-13 16:42:26
2018-03-27,XLK,67.12999725341797,67.16999816894531,64.08000183105469,64.58000183105469,29748600,59.78465181795214,0.0,1.0,yahoo,2023-12-13 16:42:26
2018-03-28,XLK,64.43000030517578,65.20999908447266,63.77000045776367,64.1500015258789,26811000,59.38658093226527,0.0,1.0,yahoo,2023-12-13 16:42:26
2018-03-29,XLK,64.61000061035156,66.06999969482422,64.16000366210938,65.41999816894531,17684100,60.56227472233857,0.0,1.0,yahoo,2023-12-13 16:42:26
2018-04-02,XLK,65.16000366210938,65.44999694824219,63.150001525878906,63.86000061035156,26017100,59.11811386397615,0.0,1.0,yahoo,2023-12-13 16:42:26
2018-04-03,XLK,64.33999633789062,64.63999938964844,63.40999984741211,64.48999786376953,18050700,59.70133104226597,0.0,1.0,yahoo,2023-12-13 16:42:26
2018-04-04,XLK,63.310001373291016,65.56999969482422,63.16999816894531,65.38999938964844,18149200,60.53450348473596,0.0,1.0,yahoo,2023-12-13 16:42:26
2018-04-05,XLK,65.98999786376953,66.08999633789062,65.22000122070312,65.66000366210938,16369100,60.78445874891612,0.0,1.0,yahoo,2023-12-13 16:42:26
2018-04-06,XLK,64.9800033569336,65.58000183105469,63.77000045776367,64.05000305175781,20238900,59.29400778596379,0.0,1.0,yahoo,2023-12-13 16:42:26
2018-04-09,XLK,64.5199966430664,65.80999755859375,64.47000122070312,64.55000305175781,10929700,59.756880580349524,0.0,1.0,yahoo,2023-12-13 16:42:26
2018-04-10,XLK,65.56999969482422,66.41000366210938,65.20999908447266,66.13999938964844,15648900,61.22881267631456,0.0,1.0,yahoo,2023-12-13 16:42:26
2018-04-11,XLK,65.7300033569336,66.33999633789062,65.63999938964844,65.75,8657800,60.86777246172395,0.0,1.0,yahoo,2023-12-13 16:42:26
2018-04-12,XLK,66.16000366210938,66.83000183105469,66.06999969482422,66.54000091552734,10628000,61.59911232439881,0.0,1.0,yahoo,2023-12-13 16:42:26
2018-04-13,XLK,67.0,67.02999877929688,66.0,66.31999969482422,11210800,61.39544716480855,0.0,1.0,yahoo,2023-12-13 16:42:26
2018-04-16,XLK,66.77999877929688,67.08000183105469,66.38999938964844,66.83000183105469,9738700,61.86757939268794,0.0,1.0,yahoo,2023-12-13 16:42:26
2018-04-17,XLK,67.41999816894531,68.29000091552734,67.30000305175781,68.06999969482422,15222800,63.015501945158626,0.0,1.0,yahoo,2023-12-13 16:42:26
2018-04-18,XLK,68.0,68.1500015258789,67.4800033569336,67.88999938964844,9882200,62.84886745666463,0.0,1.0,yahoo,2023-12-13 16:42:26
2018-04-19,XLK,67.45999908447266,67.52999877929688,66.9000015258789,67.13999938964844,12905800,62.154558265086024,0.0,1.0,yahoo,2023-12-13 16:42:26
2018-04-20,XLK,66.94000244140625,66.98999786376953,65.93000030517578,66.20999908447266,16238500,61.29361458501343,0.0,1.0,yahoo,2023-12-13 16:42:26
2018-04-23,XLK,66.45999908447266,66.6500015258789,65.66000366210938,65.97000122070312,18960300,61.07143762131421,0.0,1.0,yahoo,2023-12-13 16:42:26
2018-04-24,XLK,66.3499984741211,66.45999908447266,64.3499984741211,64.81999969482422,17423800,60.00682878165136,0.0,1.0,yahoo,2023-12-13 16:42:26
2018-04-25,XLK,64.91999816894531,65.05000305175781,64.0,64.83000183105469,15290800,60.016088215145004,0.0,1.0,yahoo,2023-12-13 16:42:26
2018-04-26,XLK,65.63999938964844,66.2699966430664,65.37000274658203,66.01000213623047,16543400,61.108468292410464,0.0,1.0,yahoo,2023-12-13 16:42:26
2018-04-27,XLK,66.66999816894531,66.72000122070312,65.54000091552734,65.88999938964844,13156500,60.99737627912169,0.0,1.0,yahoo,2023-12-13 16:42:26
2018-04-30,XLK,66.05999755859375,66.47000122070312,65.37999725341797,65.45999908447266,8686100,60.599305393434825,0.0,1.0,yahoo,2023-12-13 16:42:26
2018-05-01,XLK,65.37000274658203,66.31999969482422,65.20999908447266,66.27999877929688,9273900,61.3584164937123,0.0,1.0,yahoo,2023-12-13 16:42:26
2018-05-02,XLK,66.69999694824219,66.94999694824219,66.08999633789062,66.20999908447266,13293700,61.29361458501343,0.0,1.0,yahoo,2023-12-13 16:42:26
2018-05-03,XLK,65.91000366210938,66.61000061035156,65.33000183105469,66.36000061035156,15545400,61.43247783590481,0.0,1.0,yahoo,2023-12-13 16:42:26
2018-05-04,XLK,66.11000061035156,67.73999786376953,66.02999877929688,67.62000274658203,10841300,62.598919255362794,0.0,1.0,yahoo,2023-12-13 16:42:26
2018-05-07,XLK,67.94000244140625,68.41000366210938,67.83000183105469,68.08999633789062,13457400,63.03401374926759,0.0,1.0,yahoo,2023-12-13 16:42:26
2018-05-08,XLK,67.9800033569336,68.30000305175781,67.66999816894531,68.23999786376953,15147400,63.17287700015897,0.0,1.0,yahoo,2023-12-13 16:42:26
2018-05-09,XLK,68.41000366210938,69.08000183105469,68.19000244140625,69.08000183105469,14413300,63.950506967423735,0.0,1.0,yahoo,2023-12-13 16:42:26
2018-05-10,XLK,69.4000015258789,70.02999877929688,69.33000183105469,69.9800033569336,11566300,64.78367940989372,0.0,1.0,yahoo,2023-12-13 16:42:26
2018-05-11,XLK,69.91000366210938,70.1500015258789,69.6500015258789,69.87999725341797,8760600,64.69109920071391,0.0,1.0,yahoo,2023-12-13 16:42:26
2018-05-14,XLK,70.11000061035156,70.41999816894531,69.80000305175781,69.87000274658203,10130900,64.68184683009859,0.0,1.0,yahoo,2023-12-13 16:42:26
2018-05-15,XLK,69.37999725341797,69.44000244140625,68.8499984741211,69.20999908447266,14262600,64.07085135132783,0.0,1.0,yahoo,2023-12-13 16:42:26
2018-05-16,XLK,69.31999969482422,69.68000030517578,69.16000366210938,69.5199966430664,6680500,64.35783022372591,0.0,1.0,yahoo,2023-12-13 16:42:26
2018-05-17,XLK,69.2699966430664,69.73999786376953,68.87999725341797,69.16000366210938,10800100,64.02456830961626,0.0,1.0,yahoo,2023-12-13 16:42:26
2018-05-18,XLK,68.93000030517578,69.23999786376953,68.80999755859375,68.87000274658203,7882900,63.75610124132713,0.0,1.0,yahoo,2023-12-13 16:42:26
2018-05-21,XLK,69.5,69.80999755859375,69.12000274658203,69.47000122070312,11289200,64.31154718201434,0.0,1.0,yahoo,2023-12-13 16:42:26
2018-05-22,XLK,69.80999755859375,69.91000366210938,69.22000122070312,69.37000274658203,7391000,64.21897403571286,0.0,1.0,yahoo,2023-12-13 16:42:26
2018-05-23,XLK,68.80000305175781,69.87999725341797,68.79000091552734,69.87999725341797,14693800,64.69109920071391,0.0,1.0,yahoo,2023-12-13 16:42:26
2018-05-24,XLK,69.86000061035156,69.94000244140625,69.0999984741211,69.80000305175781,11200700,64.61704492139972,0.0,1.0,yahoo,2023-12-13 16:42:26
2018-05-25,XLK,69.8499984741211,70.0,69.58000183105469,69.75,9391400,64.57075481680982,0.0,1.0,yahoo,2023-12-13 16:42:26
2018-05-29,XLK,69.4000015258789,69.76000213623047,68.91000366210938,69.37000274658203,29330400,64.21897403571286,0.0,1.0,yahoo,2023-12-13 16:42:26
2018-05-30,XLK,69.72000122070312,69.97000122070312,69.5199966430664,69.87999725341797,9965200,64.69109920071391,0.0,1.0,yahoo,2023-12-13 16:42:26
2018-05-31,XLK,69.87999725341797,70.36000061035156,69.73999786376953,69.9000015258789,15284000,64.7096180677012,0.0,1.0,yahoo,2023-12-13 16:42:26
2018-06-01,XLK,70.37000274658203,71.0999984741211,70.25,71.08999633789062,12722900,65.81125051558199,0.0,1.0,yahoo,2023-12-13 16:42:26
2018-06-04,XLK,71.2699966430664,71.7300033569336,71.19999694824219,71.66000366210938,9933000,66.33893228154493,0.0,1.0,yahoo,2023-12-13 16:42:26
2018-06-05,XLK,71.83999633789062,72.04000091552734,71.63999938964844,71.91000366210938,17274800,66.5703686787378,0.0,1.0,yahoo,2023-12-13 16:42:26
2018-06-06,XLK,72.02999877929688,72.37999725341797,71.66000366210938,72.37999725341797,17689500,67.00546317264258,0.0,1.0,yahoo,2023-12-13 16:42:26
2018-06-07,XLK,72.33999633789062,72.33999633789062,71.27999877929688,71.80000305175781,19523600,66.46853609894266,0.0,1.0,yahoo,2023-12-13 16:42:26
2018-06-08,XLK,71.26000213623047,71.80999755859375,71.11000061035156,71.68000030517578,9904800,66.35744408565388,0.0,1.0,yahoo,2023-12-13 16:42:26
2018-06-11,XLK,71.72000122070312,71.98999786376953,71.55999755859375,71.76000213623047,7323500,66.4315054278464,0.0,1.0,yahoo,2023-12-13 16:42:26
2018-06-12,XLK,71.88999938964844,72.16999816894531,71.7699966430664,72.11000061035156,7813400,66.75551497134074,0.0,1.0,yahoo,2023-12-13 16:42:26
2018-06-13,XLK,72.11000061035156,72.43000030517578,71.70999908447266,71.73999786376953,14639000,66.41298656085911,0.0,1.0,yahoo,2023-12-13 16:42:26
2018-06-14,XLK,72.0199966430664,72.43000030517578,71.91000366210938,72.25,11327400,66.88511878873848,0.0,1.0,yahoo,2023-12-13 16:42:26
2018-06-15,XLK,71.73999786376953,71.83000183105469,71.29000091552734,71.72000122070312,16820600,66.62963818564064,0.255,1.0,yahoo,2023-12-13 16:42:26
2018-06-18,XLK,71.22000122070312,71.8499984741211,71.0,71.80000305175781,8290200,66.70396184663667,0.0,1.0,yahoo,2023-12-13 16:42:26
2018-06-19,XLK,70.91999816894531,71.45999908447266,70.5199966430664,71.43000030517578,12956700,66.36022023045084,0.0,1.0,yahoo,2023-12-13 16:42:26
2018-06-20,XLK,71.5999984741211,71.91999816894531,71.5,71.58000183105469,11465600,66.49957532284479,0.0,1.0,yahoo,2023-12-13 16:42:26
2018-06-21,XLK,71.86000061035156,71.9000015258789,70.86000061035156,71.02999877929688,14817100,65.9886090133651,0.0,1.0,yahoo,2023-12-13 16:42:26
2018-06-22,XLK,71.20999908447266,71.2300033569336,70.51000213623047,70.80000305175781,15692900,65.77493734786955,0.0,1.0,yahoo,2023-12-13 16:42:26
2018-06-25,XLK,70.2300033569336,70.30000305175781,68.72000122070312,69.33000183105469,18027700,64.40927020061879,0.0,1.0,yahoo,2023-12-13 16:42:26
2018-06-26,XLK,69.55000305175781,70.06999969482422,69.37999725341797,69.61000061035156,13859500,64.66939592621047,0.0,1.0,yahoo,2023-12-13 16:42:26
2018-06-27,XLK,69.83000183105469,70.1500015258789,68.63999938964844,68.66000366210938,22054600,63.78682548753948,0.0,1.0,yahoo,2023-12-13 16:42:26
2018-06-28,XLK,68.56999969482422,69.7300033569336,68.56999969482422,69.5,17799000,64.56720266431454,0.0,1.0,yahoo,2023-12-13 16:42:26
2018-06-29,XLK,69.7699966430664,70.06999969482422,69.43000030517578,69.47000122070312,10009600,64.53933306341463,0.0,1.0,yahoo,2023-12-13 16:42:26
2018-07-02,XLK,68.87000274658203,70.11000061035156,68.7699966430664,70.08999633789062,12545600,65.11532371639781,0.0,1.0,yahoo,2023-12-13 16:42:26
2018-07-03,XLK,70.30000305175781,70.3499984741211,69.20999908447266,69.26000213623047,6361400,64.34423876922087,0.0,1.0,yahoo,2023-12-13 16:42:26
2018-07-05,XLK,69.69000244140625,70.27999877929688,69.48999786376953,70.23999786376953,13660000,65.25467880879175,0.0,1.0,yahoo,2023-12-13 16:42:26
2018-07-06,XLK,70.27999877929688,71.16999816894531,70.11000061035156,71.05999755859375,12801900,66.01647861426501,0.0,1.0,yahoo,2023-12-13 16:42:26
2018-07-09,XLK,71.44000244140625,71.62000274658203,71.06999969482422,71.5999984741211,8727600,66.5181526941466,0.0,1.0,yahoo,2023-12-13 16:42:26
2018-07-10,XLK,71.61000061035156,71.97000122070312,71.61000061035156,71.7699966430664,11493100,66.67608515784234,0.0,1.0,yahoo,2023-12-13 16:42:26
2018-07-11,XLK,71.26000213623047,71.7699966430664,71.1500015258789,71.48999786376953,12974900,66.41595943225065,0.0,1.0,yahoo,2023-12-13 16:42:26
2018-07-12,XLK,71.80000305175781,72.66000366210938,71.72000122070312,72.62000274658203,11853300,67.46576165210993,0.0,1.0,yahoo,2023-12-13 16:42:26
2018-07-13,XLK,72.62999725341797,72.72000122070312,72.30000305175781,72.54000091552734,9258400,67.39143799111389,0.0,1.0,yahoo,2023-12-13 16:42:26
2018-07-16,XLK,72.55999755859375,72.70999908447266,72.2300033569336,72.37000274658203,6666000,67.23350552741815,0.0,1.0,yahoo,2023-12-13 16:42:26
2018-07-17,XLK,71.8499984741211,73.02999877929688,71.80999755859375,72.91000366210938,7451600,67.73517960729973,0.0,1.0,yahoo,2023-12-13 16:42:26
2018-07-18,XLK,72.88999938964844,72.9000015258789,72.52999877929688,72.79000091552734,7082000,67.62369411580568,0.0,1.0,yahoo,2023-12-13 16:42:26
2018-07-19,XLK,72.61000061035156,72.88999938964844,72.4000015258789,72.52999877929688,7455000,67.38214576151579,0.0,1.0,yahoo,2023-12-13 16:42:26
2018-07-20,XLK,72.80999755859375,72.94999694824219,72.45999908447266,72.55000305175781,7219800,67.400730220712,0.0,1.0,yahoo,2023-12-13 16:42:26
2018-07-23,XLK,72.4000015258789,72.95999908447266,72.11000061035156,72.91999816894531,12575500,67.7444647490034,0.0,1.0,yahoo,2023-12-13 16:42:26
2018-07-24,XLK,73.6500015258789,73.94000244140625,73.0199966430664,73.31999969482422,10778600,68.11607596608914,0.0,1.0,yahoo,2023-12-13 16:42:26
2018-07-25,XLK,73.33999633789062,74.23999786376953,73.2300033569336,74.23999786376953,15233100,68.97077680386022,0.0,1.0,yahoo,2023-12-13 16:42:26
2018-07-26,XLK,72.97000122070312,73.33999633789062,72.83999633789062,73.0999984741211,12547200,67.91168944229726,0.0,1.0,yahoo,2023-12-13 16:42:26
2018-07-27,XLK,73.19000244140625,73.23999786376953,71.4000015258789,71.8499984741211,31775100,66.75040881883837,0.0,1.0,yahoo,2023-12-13 16:42:26
2018-07-30,XLK,71.80999755859375,71.91999816894531,70.31999969482422,70.7300033569336,17847700,65.70990591647163,0.0,1.0,yahoo,2023-12-13 16:42:26
2018-07-31,XLK,70.94999694824219,71.37999725341797,70.52999877929688,70.91999816894531,14977000,65.88641575146917,0.0,1.0,yahoo,2023-12-13 16:42:26
2018-08-01,XLK,71.43000030517578,71.79000091552734,71.16999816894531,71.55999755859375,14661400,66.48099086364857,0.0,1.0,yahoo,2023-12-13 16:42:26
2018-08-02,XLK,70.9000015258789,72.55000305175781,70.9000015258789,72.45999908447266,13104900,67.31711433011786,0.0,1.0,yahoo,2023-12-13 16:42:26
2018-08-03,XLK,72.4800033569336,72.72000122070312,72.1500015258789,72.72000122070312,7245700,67.55866268440775,0.0,1.0,yahoo,2023-12-13 16:42:26
2018-08-06,XLK,72.69000244140625,73.1500015258789,72.5199966430664,73.11000061035156,7500200,67.92098167189538,0.0,1.0,yahoo,2023-12-13 16:42:26
2018-08-07,XLK,73.37000274658203,73.6500015258789,73.26000213623047,73.38999938964844,10272700,68.18110739748705,0.0,1.0,yahoo,2023-12-13 16:42:26
2018-08-08,XLK,73.3499984741211,73.7300033569336,73.16000366210938,73.58999633789062,7098600,68.3669094620827,0.0,1.0,yahoo,2023-12-13 16:42:26
2018-08-09,XLK,73.66000366210938,73.9000015258789,73.55999755859375,73.62000274658203,11723100,68.39478615087704,0.0,1.0,yahoo,2023-12-13 16:42:26
2018-08-10,XLK,73.06999969482422,73.37999725341797,72.81999969482422,73.02999877929688,11569200,67.84665801089935,0.0,1.0,yahoo,2023-12-13 16:42:26
2018-08-13,XLK,73.13999938964844,73.69999694824219,72.91000366210938,72.93000030517578,12064400,67.75375697860152,0.0,1.0,yahoo,2023-12-13 16:42:26
2018-08-14,XLK,73.18000030517578,73.47000122070312,72.7699966430664,73.37999725341797,9179500,68.17181516788895,0.0,1.0,yahoo,2023-12-13 16:42:26
2018-08-15,XLK,72.91999816894531,73.19000244140625,72.1500015258789,72.72000122070312,17792200,67.55866268440775,0.0,1.0,yahoo,2023-12-13 16:42:26
2018-08-16,XLK,73.27999877929688,73.4800033569336,72.87999725341797,73.04000091552734,9104400,67.85595024049745,0.0,1.0,yahoo,2023-12-13 16:42:26
2018-08-17,XLK,72.81999969482422,73.3499984741211,72.58000183105469,73.1500015258789,9024100,67.95814350239338,0.0,1.0,yahoo,2023-12-13 16:42:26
2018-08-20,XLK,73.31999969482422,73.33999633789062,72.75,73.04000091552734,10619800,67.85595024049745,0.0,1.0,yahoo,2023-12-13 16:42:26
2018-08-21,XLK,73.23999786376953,73.62000274658203,73.06999969482422,73.16000366210938,8002300,67.9674357319915,0.0,1.0,yahoo,2023-12-13 16:42:26
2018-08-22,XLK,72.94000244140625,73.48999786376953,72.83000183105469,73.37999725341797,6371200,68.17181516788895,0.0,1.0,yahoo,2023-12-13 16:42:26
2018-08-23,XLK,73.25,73.94000244140625,73.25,73.54000091552734,9367500,68.32046248988101,0.0,1.0,yahoo,2023-12-13 16:42:26
2018-08-24,XLK,73.73999786376953,74.30000305175781,73.7300033569336,74.27999877929688,6557600,69.00793863435824,0.0,1.0,yahoo,2023-12-13 16:42:26
2018-08-27,XLK,74.68000030517578,75.0,74.4800033569336,74.95999908447266,8207500,69.63967557703565,0.0,1.0,yahoo,2023-12-13 16:42:26
2018-08-28,XLK,75.11000061035156,75.26000213623047,74.87999725341797,75.08999633789062,7385200,69.76044621023338,0.0,1.0,yahoo,2023-12-13 16:42:26
2018-08-29,XLK,75.18000030517578,75.81999969482422,75.16999816894531,75.7699966430664,11182300,70.3921831529108,0.0,1.0,yahoo,2023-12-13 16:42:26
2018-08-30,XLK,75.55999755859375,76.02999877929688,75.30999755859375,75.54000091552734,10520300,70.17851148741524,0.0,1.0,yahoo,2023-12-13 16:42:26
2018-08-31,XLK,75.47000122070312,75.80000305175781,75.33999633789062,75.5999984741211,10268900,70.23425068921505,0.0,1.0,yahoo,2023-12-13 16:42:26
2018-09-04,XLK,75.25,75.41999816894531,74.80000305175781,75.30999755859375,11073800,69.96483273402525,0.0,1.0,yahoo,2023-12-13 16:42:26
2018-09-05,XLK,75.20999908447266,75.2699966430664,73.98999786376953,74.37000274658203,16426600,69.09155452495239,0.0,1.0,yahoo,2023-12-13 16:42:26
2018-09-06,XLK,74.26000213623047,74.41999816894531,73.25,73.83000183105469,13978800,68.5898804450708,0.0,1.0,yahoo,2023-12-13 16:42:26
2018-09-07,XLK,73.3499984741211,74.16999816894531,73.2699966430664,73.58000183105469,14231000,68.35762432037903,0.0,1.0,yahoo,2023-12-13 16:42:26
2018-09-10,XLK,73.8499984741211,73.94999694824219,73.41000366210938,73.80999755859375,16654500,68.57129598587458,0.0,1.0,yahoo,2023-12-13 16:42:26
2018-09-11,XLK,73.5999984741211,74.5999984741211,73.41999816894531,74.44000244140625,13594900,69.1565859563503,0.0,1.0,yahoo,2023-12-13 16:42:26
2018-09-12,XLK,74.27999877929688,74.29000091552734,73.52999877929688,74.12999725341797,16268200,68.86858354196428,0.0,1.0,yahoo,2023-12-13 16:42:26
2018-09-13,XLK,74.58999633789062,75.19000244140625,74.56999969482422,75.0,12727400,69.67683740753367,0.0,1.0,yahoo,2023-12-13 16:42:26
2018-09-14,XLK,75.06999969482422,75.2699966430664,74.5999984741211,74.94000244140625,9439200,69.62109820573386,0.0,1.0,yahoo,2023-12-13 16:42:26
2018-09-17,XLK,74.83000183105469,74.95999908447266,73.91999816894531,74.0,14792100,68.74781290876655,0.0,1.0,yahoo,2023-12-13 16:42:26
2018-09-18,XLK,73.91000366210938,74.83000183105469,73.91000366210938,74.47000122070312,9651000,69.1844555572502,0.0,1.0,yahoo,2023-12-13 16:42:26
2018-09-19,XLK,74.45999908447266,74.70999908447266,73.86000061035156,74.27999877929688,10435300,69.00793863435824,0.0,1.0,yahoo,2023-12-13 16:42:26
2018-09-20,XLK,74.72000122070312,75.23999786376953,74.48999786376953,75.16000366210938,13700900,69.82548472952573,0.0,1.0,yahoo,2023-12-13 16:42:26
2018-09-21,XLK,75.19000244140625,75.30999755859375,74.58000183105469,74.61000061035156,23020500,69.54955816076041,0.254,1.0,yahoo,2023-12-13 16:42:26
2018-09-24,XLK,74.25,74.98999786376953,73.95999908447266,74.9800033569336,17256800,69.89446537604701,0.0,1.0,yahoo,2023-12-13 16:42:26
2018-09-25,XLK,74.88999938964844,75.04000091552734,74.58000183105469,74.88999938964844,10550500,69.810565950954,0.0,1.0,yahoo,2023-12-13 16:42:26
2018-09-26,XLK,74.97000122070312,75.30000305175781,74.4800033569336,74.61000061035156,13320600,69.54955816076041,0.0,1.0,yahoo,2023-12-13 16:42:26
2018-09-27,XLK,74.87999725341797,75.26000213623047,74.87999725341797,75.05000305175781,14233200,69.95971732359541,0.0,1.0,yahoo,2023-12-13 16:42:26
2018-09-28,XLK,74.83999633789062,75.4000015258789,74.80000305175781,75.33000183105469,11710600,70.220725113789,0.0,1.0,yahoo,2023-12-13 16:42:26
2018-10-01,XLK,75.80999755859375,76.0,75.45999908447266,75.69000244140625,10334100,70.55630859030329,0.0,1.0,yahoo,2023-12-13 16:42:26
2018-10-02,XLK,75.5999984741211,76.12999725341797,75.36000061035156,75.69999694824219,14007000,70.56562521714672,0.0,1.0,yahoo,2023-12-13 16:42:26
2018-10-03,XLK,75.95999908447266,76.2699966430664,75.79000091552734,75.93000030517578,13292400,70.78002853733652,0.0,1.0,yahoo,2023-12-13 16:42:26
2018-10-04,XLK,75.55999755859375,75.62000274658203,74.06999969482422,74.55999755859375,23292400,69.50294657882775,0.0,1.0,yahoo,2023-12-13 16:42:26
2018-10-05,XLK,74.52999877929688,74.76000213623047,72.9000015258789,73.62000274658203,22288500,68.62670715631056,0.0,1.0,yahoo,2023-12-13 16:42:26
2018-10-08,XLK,73.2699966430664,73.5,71.95999908447266,72.79000091552734,19973000,67.85300041257322,0.0,1.0,yahoo,2023-12-13 16:42:26
2018-10-09,XLK,72.76000213623047,73.4800033569336,72.61000061035156,73.05000305175781,15138900,68.09536783715107,0.0,1.0,yahoo,2023-12-13 16:42:26
2018-10-10,XLK,72.61000061035156,72.62000274658203,69.45999908447266,69.51000213623047,44143000,64.79546839271312,0.0,1.0,yahoo,2023-12-13 16:42:26
2018-10-11,XLK,69.30999755859375,70.48999786376953,68.06999969482422,68.62999725341797,68269500,63.975150067043124,0.0,1.0,yahoo,2023-12-13 16:42:26
2018-10-12,XLK,70.56999969482422,71.05999755859375,69.44999694824219,70.83000183105469,35909400,66.02593876928923,0.0,1.0,yahoo,2023-12-13 16:42:26
2018-10-15,XLK,70.56999969482422,70.62999725341797,69.62999725341797,69.66999816894531,19152500,64.94461265342565,0.0,1.0,yahoo,2023-12-13 16:42:26
2018-10-16,XLK,70.55000305175781,72.0,70.37999725341797,71.7699966430664,20999300,66.90217819180643,0.0,1.0,yahoo,2023-12-13 16:42:26
2018-10-17,XLK,71.86000061035156,71.91000366210938,70.80000305175781,71.44000244140625,24164900,66.59456593160907,0.0,1.0,yahoo,2023-12-13 16:42:26
2018-10-18,XLK,71.12000274658203,71.16999816894531,69.62000274658203,70.04000091552734,22960300,65.28951986871225,0.0,1.0,yahoo,2023-12-13 16:42:26
2018-10-19,XLK,70.44999694824219,71.20999908447266,69.75,70.01000213623047,22141700,65.26155576432421,0.0,1.0,yahoo,2023-12-13 16:42:26
2018-10-22,XLK,70.33999633789062,71.05000305175781,69.91999816894531,70.58999633789062,15981000,65.80221171032711,0.0,1.0,yahoo,2023-12-13 16:42:26
2018-10-23,XLK,69.12000274658203,70.69000244140625,68.41999816894531,70.31999969482422,24066100,65.55052765890584,0.0,1.0,yahoo,2023-12-13 16:42:26
2018-10-24,XLK,70.13999938964844,70.30999755859375,67.08999633789062,67.16999816894531,34165400,62.61417579537022,0.0,1.0,yahoo,2023-12-13 16:42:26
2018-10-25,XLK,68.12999725341797,69.83999633789062,68.0199966430664,69.4800033569336,23377200,64.76750428832509,0.0,1.0,yahoo,2023-12-13 16:42:26
2018-10-26,XLK,67.75,69.33000183105469,67.11000061035156,68.08999633789062,42743600,63.471774852271686,0.0,1.0,yahoo,2023-12-13 16:42:26
2018-10-29,XLK,69.02999877929688,69.5199966430664,65.58999633789062,66.94000244140625,34055300,62.3997795871093,0.0,1.0,yahoo,2023-12-13 16:42:26
2018-10-30,XLK,66.87999725341797,67.93000030517578,66.30999755859375,67.69000244140625,30560800,63.09891064452593,0.0,1.0,yahoo,2023-12-13 16:42:26
2018-10-31,XLK,68.69999694824219,69.8499984741211,68.66999816894531,69.30000305175781,21144100,64.59971255006793,0.0,1.0,yahoo,2023-12-13 16:42:26
2018-11-01,XLK,69.4000015258789,70.16000366210938,68.80999755859375,70.11000061035156,15553100,65.35477181626065,0.0,1.0,yahoo,2023-12-13 16:42:26
2018-11-02,XLK,69.56999969482422,69.9800033569336,68.16000366210938,68.73999786376953,20213100,64.07768985775188,0.0,1.0,yahoo,2023-12-13 16:42:26
2018-11-05,XLK,68.69999694824219,68.80999755859375,67.68000030517578,68.66999816894531,14208200,64.01243791020347,0.0,1.0,yahoo,2023-12-13 16:42:26
2018-11-06,XLK,68.61000061035156,69.43000030517578,68.55000305175781,69.0999984741211,9133800,64.41327333426617,0.0,1.0,yahoo,2023-12-13 16:42:26
2018-11-07,XLK,69.9000015258789,71.12999725341797,69.80999755859375,71.12999725341797,16314800,66.30558692509855,0.0,1.0,yahoo,2023-12-13 16:42:26
2018-11-08,XLK,70.86000061035156,71.16000366210938,70.62000274658203,71.06999969482422,10409700,66.24965871632247,0.0,1.0,yahoo,2023-12-13 16:42:26
2018-11-09,XLK,70.45999908447266,70.5199966430664,69.25,69.83999633789062,12941800,65.10308065291048,0.0,1.0,yahoo,2023-12-13 16:42:26
2018-11-12,XLK,69.19999694824219,69.31999969482422,67.30000305175781,67.37999725341797,16431100,62.809931638015414,0.0,1.0,yahoo,2023-12-13 16:42:26
2018-11-13,XLK,67.54000091552734,68.62000274658203,67.26000213623047,67.45999908447266,15703500,62.88450732433612,0.0,1.0,yahoo,2023-12-13 16:42:26
2018-11-14,XLK,68.20999908447266,68.3499984741211,66.30999755859375,66.6500015258789,19496700,62.12944805814341,0.0,1.0,yahoo,2023-12-13 16:42:26
2018-11-15,XLK,66.76000213623047,68.4800033569336,66.37000274658203,68.31999969482422,26301100,63.686178172461496,0.0,1.0,yahoo,2023-12-13 16:42:26
2018-11-16,XLK,67.5199966430664,68.62000274658203,67.37999725341797,68.20999908447266,17972900,63.58363838175275,0.0,1.0,yahoo,2023-12-13 16:42:26
2018-11-19,XLK,67.88999938964844,67.95999908447266,65.43000030517578,65.61000061035156,19198600,61.15998547176088,0.0,1.0,yahoo,2023-12-13 16:42:26
2018-11-20,XLK,63.77999877929688,65.06999969482422,63.380001068115234,64.19999694824219,28064800,59.84561567009176,0.0,1.0,yahoo,2023-12-13 16:42:26
2018-11-21,XLK,65.06999969482422,65.33000183105469,64.4000015258789,64.66999816894531,16503300,60.2837389373148,0.0,1.0,yahoo,2023-12-13 16:42:26
2018-11-23,XLK,63.97999954223633,64.79000091552734,63.95000076293945,64.08000183105469,5338100,59.733759252539585,0.0,1.0,yahoo,2023-12-13 16:42:26
2018-11-26,XLK,64.91999816894531,65.52999877929688,64.58000183105469,65.52999877929688,12534600,61.08540978544018,0.0,1.0,yahoo,2023-12-13 16:42:26
2018-11-27,XLK,65.08000183105469,65.76000213623047,64.69999694824219,65.66000366210938,11538200,61.20659705369355,0.0,1.0,yahoo,2023-12-13 16:42:26
2018-11-28,XLK,66.31999969482422,67.95999908447266,66.06999969482422,67.95999908447266,16609600,63.35059469594721,0.0,1.0,yahoo,2023-12-13 16:42:26
2018-11-29,XLK,67.75,67.8499984741211,66.94000244140625,67.30000305175781,14115400,62.735363063623595,0.0,1.0,yahoo,2023-12-13 16:42:26
2018-11-30,XLK,67.33999633789062,67.98999786376953,67.01000213623047,67.94000244140625,16509800,63.33195433033147,0.0,1.0,yahoo,2023-12-13 16:42:26
2018-12-03,XLK,69.63999938964844,69.70999908447266,68.69000244140625,69.44000244140625,16231700,64.73021644516473,0.0,1.0,yahoo,2023-12-13 16:42:26
2018-12-04,XLK,68.94999694824219,69.0999984741211,66.6500015258789,66.80999755859375,20991100,62.278592318855935,0.0,1.0,yahoo,2023-12-13 16:42:26
2018-12-06,XLK,65.23999786376953,66.95999908447266,64.91000366210938,66.95999908447266,21577900,62.41841995272504,0.0,1.0,yahoo,2023-12-13 16:42:26
2018-12-07,XLK,66.63999938964844,66.94000244140625,64.30000305175781,64.5999984741211,19937500,60.218486989766404,0.0,1.0,yahoo,2023-12-13 16:42:26
2018-12-10,XLK,64.23999786376953,65.73999786376953,63.869998931884766,65.48999786376953,20447800,61.04812194227982,0.0,1.0,yahoo,2023-12-13 16:42:26
2018-12-11,XLK,66.51000213623047,66.63999938964844,65.04000091552734,65.56999969482422,15813100,61.12269762860053,0.0,1.0,yahoo,2023-12-13 16:42:26
2018-12-12,XLK,66.62999725341797,67.12000274658203,66.05000305175781,66.08000183105469,16928800,61.598108738983925,0.0,1.0,yahoo,2023-12-13 16:42:26
2018-12-13,XLK,66.4000015258789,66.88999938964844,65.80999755859375,66.19000244140625,12819300,61.70064852969268,0.0,1.0,yahoo,2023-12-13 16:42:26
2018-12-14,XLK,65.4000015258789,65.76000213623047,64.51000213623047,64.56999969482422,15516200,60.19052288537836,0.0,1.0,yahoo,2023-12-13 16:42:26
2018-12-17,XLK,64.33000183105469,64.7699966430664,62.68999862670898,63.20000076293945,23263500,58.91344448283403,0.0,1.0,yahoo,2023-12-13 16:42:26
2018-12-18,XLK,63.68999862670898,64.25,63.18999862670898,63.70000076293945,19626600,59.37953185444512,0.0,1.0,yahoo,2023-12-13 16:42:26
2018-12-19,XLK,63.61000061035156,64.73999786376953,61.7599983215332,62.43999862670898,33606100,58.204989686645085,0.0,1.0,yahoo,2023-12-13 16:42:26
2018-12-20,XLK,62.16999816894531,62.79999923706055,60.43000030517578,61.31999969482422,39501800,57.16095496990631,0.0,1.0,yahoo,2023-12-13 16:42:26
2018-12-21,XLK,61.06999969482422,61.81999969482422,58.93999862670898,59.20000076293945,41613700,55.42426655872484,0.265,1.0,yahoo,2023-12-13 16:42:26
2018-12-24,XLK,58.63999938964844,59.36000061035156,57.56999969482422,57.619998931884766,21117000,53.945036127659215,0.0,1.0,yahoo,2023-12-13 16:42:26
2018-12-26,XLK,58.02000045776367,61.09999847412109,57.68999862670898,61.09999847412109,29060100,57.20308375886619,0.0,1.0,yahoo,2023-12-13 16:42:26
2018-12-27,XLK,60.25,61.560001373291016,59.08000183105469,61.540000915527344,23438800,57.61502315556729,0.0,1.0,yahoo,2023-12-13 16:42:26
2018-12-28,XLK,61.9900016784668,62.41999816894531,60.869998931884766,61.400001525878906,19842900,57.48395282803461,0.0,1.0,yahoo,2023-12-13 16:42:26
2018-12-31,XLK,61.93000030517578,62.209999084472656,61.459999084472656,61.97999954223633,16860100,58.02695898086982,0.0,1.0,yahoo,2023-12-13 16:42:26
2019-01-02,XLK,60.709999084472656,62.38999938964844,60.630001068115234,62.02000045776367,15442900,58.06440866627875,0.0,1.0,yahoo,2023-12-13 16:42:26
2019-01-03,XLK,60.43999862670898,60.47999954223633,58.810001373291016,58.88999938964844,24946700,55.13403685390348,0.0,1.0,yahoo,2023-12-13 16:42:26
2019-01-04,XLK,59.970001220703125,61.7599983215332,59.77999877929688,61.5,20767800,57.57757347015836,0.0,1.0,yahoo,2023-12-13 16:42:26
2019-01-07,XLK,61.5,62.470001220703125,61.36000061035156,62.04999923706055,11908600,58.09249414463616,0.0,1.0,yahoo,2023-12-13 16:42:26
2019-01-08,XLK,62.650001525878906,62.869998931884766,61.83000183105469,62.56999969482422,13002600,58.57932934075655,0.0,1.0,yahoo,2023-12-13 16:42:26
2019-01-09,XLK,62.90999984741211,63.709999084472656,62.84000015258789,63.380001068115234,14022400,59.33766939899383,0.0,1.0,yahoo,2023-12-13 16:42:26
2019-01-10,XLK,62.880001068115234,63.68999862670898,62.59000015258789,63.65999984741211,10934100,59.599810054059205,0.0,1.0,yahoo,2023-12-13 16:42:26
2019-01-11,XLK,63.290000915527344,63.58000183105469,63.150001525878906,63.540000915527344,7725600,59.48746456923098,0.0,1.0,yahoo,2023-12-13 16:42:26
2019-01-14,XLK,62.97999954223633,63.16999816894531,62.72999954223633,62.95000076293945,7241900,58.93509420934425,0.0,1.0,yahoo,2023-12-13 16:42:26
2019-01-15,XLK,63.150001525878906,64.02999877929688,63.040000915527344,63.900001525878906,14327000,59.82450459511422,0.0,1.0,yahoo,2023-12-13 16:42:26
2019-01-16,XLK,63.970001220703125,64.3499984741211,63.84000015258789,63.959999084472656,9468500,59.88067555182904,0.0,1.0,yahoo,2023-12-13 16:42:26
2019-01-17,XLK,63.72999954223633,64.73999786376953,63.560001373291016,64.37000274658203,10128400,60.264529470172725,0.0,1.0,yahoo,2023-12-13 16:42:26
2019-01-18,XLK,65.01000213623047,65.4800033569336,64.58999633789062,65.3499984741211,13651600,61.182021762901535,0.0,1.0,yahoo,2023-12-13 16:42:26
2019-01-22,XLK,64.81999969482422,64.93000030517578,63.7400016784668,64.25,14992500,60.152180413945935,0.0,1.0,yahoo,2023-12-13 16:42:26
2019-01-23,XLK,64.5199966430664,65.0,63.75,64.47000122070312,9576100,60.358150112296485,0.0,1.0,yahoo,2023-12-13 16:42:26
2019-01-24,XLK,64.69999694824219,65.23999786376953,64.66999816894531,65.01000213623047,14170900,60.86371015112133,0.0,1.0,yahoo,2023-12-13 16:42:26
2019-01-25,XLK,65.5,66.12999725341797,65.26000213623047,65.93000030517578,10030800,61.72503148713532,0.0,1.0,yahoo,2023-12-13 16:42:26
2019-01-28,XLK,64.94999694824219,65.06999969482422,64.51000213623047,65.05000305175781,9662400,60.90115983653026,0.0,1.0,yahoo,2023-12-13 16:42:26
2019-01-29,XLK,65.18000030517578,65.19000244140625,64.25,64.3499984741211,8573900,60.24580105606969,0.0,1.0,yahoo,2023-12-13 16:42:26
2019-01-30,XLK,65.41999816894531,66.54000091552734,65.12999725341797,66.3499984741211,16995300,62.118242469733374,0.0,1.0,yahoo,2023-12-13 16:42:26
2019-01-31,XLK,66.01000213623047,66.63999938964844,65.80000305175781,66.27999877929688,18250900,62.05270730596703,0.0,1.0,yahoo,2023-12-13 16:42:26
2019-02-01,XLK,66.30999755859375,67.02999877929688,66.20999908447266,66.66999816894531,9737800,62.41783281020768,0.0,1.0,yahoo,2023-12-13 16:42:26
2019-02-04,XLK,66.76000213623047,67.75,66.70999908447266,67.73999786376953,7604300,63.419588680805866,0.0,1.0,yahoo,2023-12-13 16:42:26
2019-02-05,XLK,67.97000122070312,68.4800033569336,67.88999938964844,68.30999755859375,12060700,63.95323419798813,0.0,1.0,yahoo,2023-12-13 16:42:26
2019-02-06,XLK,68.38999938964844,68.7300033569336,68.12999725341797,68.54000091552734,10189600,64.1685681033902,0.0,1.0,yahoo,2023-12-13 16:42:26
2019-02-07,XLK,67.91000366210938,68.19999694824219,67.13999938964844,67.5999984741211,14632000,63.28851835327318,0.0,1.0,yahoo,2023-12-13 16:42:26
2019-02-08,XLK,66.98999786376953,67.98999786376953,66.94999694824219,67.98999786376953,8488800,63.65364385751383,0.0,1.0,yahoo,2023-12-13 16:42:26
2019-02-11,XLK,68.19999694824219,68.41000366210938,67.80000305175781,67.95999908447266,7434700,63.625558379156416,0.0,1.0,yahoo,2023-12-13 16:42:26
2019-02-12,XLK,68.43000030517578,68.94999694824219,68.33000183105469,68.86000061035156,9709100,64.4681584438645,0.0,1.0,yahoo,2023-12-13 16:42:26
2019-02-13,XLK,69.19999694824219,69.44999694824219,68.91000366210938,68.94999694824219,9120900,64.55241487893674,0.0,1.0,yahoo,2023-12-13 16:42:26
2019-02-14,XLK,68.69000244140625,69.31999969482422,68.63999938964844,69.06999969482422,9742000,64.66476393516353,0.0,1.0,yahoo,2023-12-13 16:42:26
2019-02-15,XLK,69.58999633789062,69.69000244140625,69.2300033569336,69.62000274658203,7356000,65.17968818103991,0.0,1.0,yahoo,2023-12-13 16:42:26
2019-02-19,XLK,69.33999633789062,69.8499984741211,69.2699966430664,69.63999938964844,8319100,65.1984094523458,0.0,1.0,yahoo,2023-12-13 16:42:26
2019-02-20,XLK,69.69999694824219,70.01000213623047,69.3499984741211,69.72000122070312,9852100,65.27330882316366,0.0,1.0,yahoo,2023-12-13 16:42:26
2019-02-21,XLK,69.55000305175781,70.02999877929688,69.31999969482422,69.75,9754100,65.30139430152107,0.0,1.0,yahoo,2023-12-13 16:42:26
2019-02-22,XLK,70.06999969482422,70.68000030517578,70.05000305175781,70.63999938964844,12246600,66.13463015917765,0.0,1.0,yahoo,2023-12-13 16:42:26
2019-02-25,XLK,71.16999816894531,71.47000122070312,70.93000030517578,70.9800033569336,20170500,66.45294891375498,0.0,1.0,yahoo,2023-12-13 16:42:26
2019-02-26,XLK,70.7300033569336,71.33000183105469,70.66999816894531,71.12999725341797,14134000,66.59337630554205,0.0,1.0,yahoo,2023-12-13 16:42:26
2019-02-27,XLK,70.86000061035156,71.1500015258789,70.33000183105469,71.05999755859375,9777500,66.5278411417757,0.0,1.0,yahoo,2023-12-13 16:42:26
2019-02-28,XLK,70.80000305175781,71.12999725341797,70.68000030517578,70.86000061035156,9438300,66.34059985752819,0.0,1.0,yahoo,2023-12-13 16:42:26
2019-03-01,XLK,71.41999816894531,71.52999877929688,70.7699966430664,71.33999633789062,12334000,66.78998179684108,0.0,1.0,yahoo,2023-12-13 16:42:26
2019-03-04,XLK,71.63999938964844,71.81999969482422,70.27999877929688,71.06999969482422,15826500,66.53720534882721,0.0,1.0,yahoo,2023-12-13 16:42:26
2019-03-05,XLK,71.02999877929688,71.12000274658203,70.63999938964844,70.86000061035156,8953800,66.34059985752819,0.0,1.0,yahoo,2023-12-13 16:42:26
2019-03-06,XLK,70.80999755859375,70.88999938964844,70.4000015258789,70.48999786376953,13122100,65.99419562459343,0.0,1.0,yahoo,2023-12-13 16:42:26
2019-03-07,XLK,70.29000091552734,70.3499984741211,69.58999633789062,69.81999969482422,18498300,65.36692946528741,0.0,1.0,yahoo,2023-12-13 16:42:26
2019-03-08,XLK,68.9800033569336,69.87000274658203,68.83999633789062,69.80999755859375,12890700,65.3575652582359,0.0,1.0,yahoo,2023-12-13 16:42:26
2019-03-11,XLK,70.05999755859375,71.37999725341797,70.05999755859375,71.30999755859375,14576900,66.76189631848366,0.0,1.0,yahoo,2023-12-13 16:42:26
2019-03-12,XLK,71.51000213623047,71.97000122070312,71.29000091552734,71.7300033569336,18050600,67.15511444387886,0.0,1.0,yahoo,2023-12-13 16:42:26
2019-03-13,XLK,72.04000091552734,72.62999725341797,72.0,72.19999694824219,17833600,67.59513217614023,0.0,1.0,yahoo,2023-12-13 16:42:26
2019-03-14,XLK,72.31999969482422,72.56999969482422,72.1500015258789,72.3499984741211,10656600,67.73556671072444,0.0,1.0,yahoo,2023-12-13 16:42:26
2019-03-15,XLK,72.37000274658203,73.31999969482422,72.31999969482422,72.98999786376953,21024500,68.55552746404355,0.233,1.0,yahoo,2023-12-13 16:42:26
2019-03-18,XLK,73.04000091552734,73.48999786376953,72.8499984741211,73.30000305175781,14837600,68.84669844364534,0.0,1.0,yahoo,2023-12-13 16:42:26
2019-03-19,XLK,73.5999984741211,73.80000305175781,73.16000366210938,73.44999694824219,16153100,68.98757953682012,0.0,1.0,yahoo,2023-12-13 16:42:26
2019-03-20,XLK,73.37000274658203,73.8499984741211,72.80999755859375,73.25,13704300,68.79973330200406,0.0,1.0,yahoo,2023-12-13 16:42:26
2019-03-21,XLK,73.26000213623047,75.25,73.25,75.08999633789062,27274100,70.5279415931104,0.0,1.0,yahoo,2023-12-13 16:42:26
2019-03-22,XLK,74.69999694824219,75.01000213623047,73.29000091552734,73.31999969482422,26747400,68.86548020077713,0.0,1.0,yahoo,2023-12-13 16:42:26
2019-03-25,XLK,73.08000183105469,73.48999786376953,72.52999877929688,73.0,21946900,68.5649219255467,0.0,1.0,yahoo,2023-12-13 16:42:26
2019-03-26,XLK,73.63999938964844,74.11000061035156,72.97000122070312,73.4000015258789,13965100,68.94062156105338,0.0,1.0,yahoo,2023-12-13 16:42:26
2019-03-27,XLK,73.51000213623047,73.79000091552734,72.33999633789062,72.9800033569336,15831200,68.54614016841491,0.0,1.0,yahoo,2023-12-13 16:42:26
2019-03-28,XLK,73.19999694824219,73.58000183105469,72.83000183105469,73.27999877929688,10539700,68.82790952063901,0.0,1.0,yahoo,2023-12-13 16:42:26
2019-03-29,XLK,73.88999938964844,74.02999877929688,73.52999877929688,74.0,14347200,69.50416743137612,0.0,1.0,yahoo,2023-12-13 16:42:26
2019-04-01,XLK,74.72000122070312,75.0999984741211,74.30000305175781,75.01000213623047,12590500,70.45280739870869,0.0,1.0,yahoo,2023-12-13 16:42:26
2019-04-02,XLK,75.06999969482422,75.37000274658203,74.83999633789062,75.2699966430664,11787100,70.69700607079467,0.0,1.0,yahoo,2023-12-13 16:42:26
2019-04-03,XLK,75.72000122070312,76.26000213623047,75.58000183105469,75.87999725341797,13869000,71.26994640262056,0.0,1.0,yahoo,2023-12-13 16:42:26
2019-04-04,XLK,75.8499984741211,76.05000305175781,75.11000061035156,75.55999755859375,11503100,70.96938812739013,0.0,1.0,yahoo,2023-12-13 16:42:26
2019-04-05,XLK,75.80999755859375,76.0,75.68000030517578,75.91999816894531,6709800,71.3075170827587,0.0,1.0,yahoo,2023-12-13 16:42:26
2019-04-08,XLK,75.73999786376953,76.25,75.41999816894531,76.20999908447266,7309900,71.57989913935415,0.0,1.0,yahoo,2023-12-13 16:42:26
2019-04-09,XLK,75.87999725341797,76.16000366210938,75.68000030517578,75.8499984741211,13440100,71.24177018398561,0.0,1.0,yahoo,2023-12-13 16:42:26
2019-04-10,XLK,75.91999816894531,76.4000015258789,75.87999725341797,76.37999725341797,8617400,71.73956915553526,0.0,1.0,yahoo,2023-12-13 16:42:26
2019-04-11,XLK,76.54000091552734,76.55999755859375,76.12000274658203,76.27999877929688,7697300,71.64564603812724,0.0,1.0,yahoo,2023-12-13 16:42:26
2019-04-12,XLK,76.70999908447266,76.80999755859375,76.27999877929688,76.80999755859375,8555000,72.1434450096769,0.0,1.0,yahoo,2023-12-13 16:42:26
2019-04-15,XLK,76.80999755859375,77.0,76.37000274658203,76.77999877929688,9910700,72.11526879104194,0.0,1.0,yahoo,2023-12-13 16:42:26
2019-04-16,XLK,77.0199966430664,77.25,76.80000305175781,77.16999816894531,9609300,72.48157396504544,0.0,1.0,yahoo,2023-12-13 16:42:26
2019-04-17,XLK,77.66000366210938,77.69999694824219,77.22000122070312,77.5999984741211,12247900,72.88544981918707,0.0,1.0,yahoo,2023-12-13 16:42:26
2019-04-18,XLK,77.7699966430664,77.83999633789062,77.23999786376953,77.81999969482422,11491900,73.09208497700946,0.0,1.0,yahoo,2023-12-13 16:42:26
2019-04-22,XLK,77.45999908447266,78.02999877929688,77.38999938964844,78.0,8084400,73.26114945469374,0.0,1.0,yahoo,2023-12-13 16:42:26
2019-04-23,XLK,78.12000274658203,78.94999694824219,78.04000091552734,78.8499984741211,16692800,74.05950670147384,0.0,1.0,yahoo,2023-12-13 16:42:26
2019-04-24,XLK,78.91000366210938,79.23999786376953,78.76000213623047,78.87999725341797,10938300,74.08768292010879,0.0,1.0,yahoo,2023-12-13 16:42:26
2019-04-25,XLK,79.23999786376953,79.45999908447266,78.44000244140625,78.86000061035156,11387600,74.06890116297699,0.0,1.0,yahoo,2023-12-13 16:42:26
2019-04-26,XLK,78.37999725341797,78.58000183105469,77.72000122070312,78.55999755859375,11050200,73.78712464487836,0.0,1.0,yahoo,2023-12-13 16:42:26
2019-04-29,XLK,78.56999969482422,78.83000183105469,78.48999786376953,78.58000183105469,10613200,73.80591356788469,0.0,1.0,yahoo,2023-12-13 16:42:26
2019-04-30,XLK,78.54000091552734,78.81999969482422,78.0999984741211,78.70999908447266,18842900,73.92801290392768,0.0,1.0,yahoo,2023-12-13 16:42:26
2019-05-01,XLK,79.5,79.69999694824219,78.5,78.51000213623047,15446800,73.7401666691116,0.0,1.0,yahoo,2023-12-13 16:42:26
2019-05-02,XLK,78.48999786376953,79.05999755859375,77.68000030517578,78.0999984741211,24988800,73.35507257210178,0.0,1.0,yahoo,2023-12-13 16:42:26
2019-05-03,XLK,78.37999725341797,78.91000366210938,78.2699966430664,78.83999633789062,13288300,74.05011223997067,0.0,1.0,yahoo,2023-12-13 16:42:26
2019-05-06,XLK,76.95999908447266,78.36000061035156,76.66000366210938,78.2300033569336,13022500,73.47717907401929,0.0,1.0,yahoo,2023-12-13 16:42:26
2019-05-07,XLK,77.3499984741211,77.6500015258789,75.8499984741211,76.55000305175781,20625600,71.89924633759091,0.0,1.0,yahoo,2023-12-13 16:42:26
2019-05-08,XLK,76.30000305175781,77.12000274658203,76.16999816894531,76.45999908447266,13667300,71.81471051581151,0.0,1.0,yahoo,2023-12-13 16:42:26
2019-05-09,XLK,75.51000213623047,76.19000244140625,74.66000366210938,75.94000244140625,19300900,71.326306005765,0.0,1.0,yahoo,2023-12-13 16:42:26
2019-05-10,XLK,75.44999694824219,76.5199966430664,74.36000061035156,76.18000030517578,19596200,71.5517229207192,0.0,1.0,yahoo,2023-12-13 16:42:26
2019-05-13,XLK,74.02999877929688,74.47000122070312,73.0999984741211,73.30999755859375,25461200,68.85608573927398,0.0,1.0,yahoo,2023-12-13 16:42:26
2019-05-14,XLK,73.68000030517578,74.94999694824219,73.62000274658203,74.48999786376953,18404300,69.96439572278766,0.0,1.0,yahoo,2023-12-13 16:42:26
2019-05-15,XLK,73.97000122070312,75.52999877929688,73.8499984741211,75.30000305175781,15048600,70.72518945530415,0.0,1.0,yahoo,2023-12-13 16:42:26
2019-05-16,XLK,75.3499984741211,76.54000091552734,75.25,75.98999786376953,15444700,71.37326398153176,0.0,1.0,yahoo,2023-12-13 16:42:26
2019-05-17,XLK,75.20999908447266,76.4000015258789,75.19999694824219,75.37999725341797,13543900,70.80032364970586,0.0,1.0,yahoo,2023-12-13 16:42:26
2019-05-20,XLK,74.11000061035156,74.69000244140625,73.70999908447266,74.06999969482422,14674600,69.56991433014919,0.0,1.0,yahoo,2023-12-13 16:42:26
2019-05-21,XLK,74.8499984741211,75.22000122070312,74.68000030517578,74.9800033569336,14841100,70.42463118007372,0.0,1.0,yahoo,2023-12-13 16:42:26
2019-05-22,XLK,74.48999786376953,75.04000091552734,74.44999694824219,74.58999633789062,11521100,70.0583188401957,0.0,1.0,yahoo,2023-12-13 16:42:26
2019-05-23,XLK,73.58000183105469,73.62000274658203,72.73999786376953,73.27999877929688,16085700,68.82790952063901,0.0,1.0,yahoo,2023-12-13 16:42:26
2019-05-24,XLK,73.68000030517578,74.05999755859375,73.22000122070312,73.30000305175781,11750000,68.84669844364534,0.0,1.0,yahoo,2023-12-13 16:42:26
2019-05-28,XLK,73.52999877929688,74.0,73.05000305175781,73.08999633789062,25772800,68.64945058145157,0.0,1.0,yahoo,2023-12-13 16:42:26
2019-05-29,XLK,72.55000305175781,73.01000213623047,72.16999816894531,72.66000366210938,14754800,68.24558189318448,0.0,1.0,yahoo,2023-12-13 16:42:26
2019-05-30,XLK,72.83000183105469,73.26000213623047,72.61000061035156,73.11000061035156,11420500,68.6682395044579,0.0,1.0,yahoo,2023-12-13 16:42:26
2019-05-31,XLK,72.2300033569336,72.56999969482422,71.86000061035156,71.88999938964844,12039800,67.5223588408061,0.0,1.0,yahoo,2023-12-13 16:42:26
2019-06-03,XLK,72.0,72.4000015258789,70.1500015258789,70.62999725341797,19703700,66.33890749701618,0.0,1.0,yahoo,2023-12-13 16:42:26
2019-06-04,XLK,71.52999877929688,72.98999786376953,71.16999816894531,72.98999786376953,15096200,68.55552746404355,0.0,1.0,yahoo,2023-12-13 16:42:26
2019-06-05,XLK,73.95999908447266,74.11000061035156,73.0999984741211,73.94000244140625,14395800,69.4478149941062,0.0,1.0,yahoo,2023-12-13 16:42:26
2019-06-06,XLK,74.13999938964844,74.94999694824219,73.80000305175781,74.80000305175781,11922500,70.25556670238944,0.0,1.0,yahoo,2023-12-13 16:42:26
2019-06-07,XLK,75.19000244140625,76.63999938964844,75.04000091552734,76.19000244140625,11992100,71.56111738222236,0.0,1.0,yahoo,2023-12-13 16:42:26
2019-06-10,XLK,76.73999786376953,77.69000244140625,76.73999786376953,76.97000122070312,13463800,72.29372773022938,0.0,1.0,yahoo,2023-12-13 16:42:26
2019-06-11,XLK,77.75,77.83000183105469,76.52999877929688,76.97000122070312,11550100,72.29372773022938,0.0,1.0,yahoo,2023-12-13 16:42:26
2019-06-12,XLK,76.5999984741211,76.80999755859375,76.36000061035156,76.54000091552734,7596900,71.88985187608775,0.0,1.0,yahoo,2023-12-13 16:42:26
2019-06-13,XLK,76.80999755859375,77.04000091552734,76.48999786376953,76.7699966430664,9867400,72.10587432953878,0.0,1.0,yahoo,2023-12-13 16:42:26
2019-06-14,XLK,76.06999969482422,76.3499984741211,75.7699966430664,76.0999984741211,8441700,71.47658156044297,0.0,1.0,yahoo,2023-12-13 16:42:26
2019-06-17,XLK,76.1500015258789,76.54000091552734,75.98999786376953,76.16000366210938,9351100,71.53294116358741,0.0,1.0,yahoo,2023-12-13 16:42:26
2019-06-18,XLK,76.97000122070312,77.91999816894531,76.7300033569336,77.54000091552734,16181200,72.82909738191715,0.0,1.0,yahoo,2023-12-13 16:42:26
2019-06-19,XLK,77.73999786376953,78.0199966430664,77.20999908447266,77.81999969482422,12371200,73.09208497700946,0.0,1.0,yahoo,2023-12-13 16:42:26
2019-06-20,XLK,78.95999908447266,79.22000122070312,78.30000305175781,78.95999908447266,13891900,74.16282428038502,0.0,1.0,yahoo,2023-12-13 16:42:26
2019-06-21,XLK,78.38999938964844,78.98999786376953,78.27999877929688,78.30999755859375,20715200,73.81218901289299,0.278,1.0,yahoo,2023-12-13 16:42:26
2019-06-24,XLK,78.44999694824219,78.72000122070312,78.33999633789062,78.45999908447266,8215900,73.95357505970154,0.0,1.0,yahoo,2023-12-13 16:42:26
2019-06-25,XLK,78.41999816894531,78.48999786376953,76.93000030517578,77.0199966430664,13122700,72.59628051624843,0.0,1.0,yahoo,2023-12-13 16:42:26
2019-06-26,XLK,77.7699966430664,78.4000015258789,77.75,77.8499984741211,9069200,73.37861040955504,0.0,1.0,yahoo,2023-12-13 16:42:26
2019-06-27,XLK,78.11000061035156,78.31999969482422,77.87999725341797,78.05000305175781,6837500,73.56712753569745,0.0,1.0,yahoo,2023-12-13 16:42:26
2019-06-28,XLK,78.29000091552734,78.37999725341797,77.80000305175781,78.04000091552734,17783400,73.55769988159206,0.0,1.0,yahoo,2023-12-13 16:42:26
2019-07-01,XLK,79.83000183105469,79.93000030517578,78.94999694824219,79.27999877929688,14276600,74.72647729890276,0.0,1.0,yahoo,2023-12-13 16:42:26
2019-07-02,XLK,79.23999786376953,79.54000091552734,79.05999755859375,79.48999786376953,7784200,74.9244148879575,0.0,1.0,yahoo,2023-12-13 16:42:26
2019-07-03,XLK,79.69000244140625,80.0999984741211,79.52999877929688,80.0999984741211,5341800,75.49937953810398,0.0,1.0,yahoo,2023-12-13 16:42:26
2019-07-05,XLK,79.44999694824219,80.08999633789062,79.16000366210938,79.94999694824219,5923900,75.35799349129545,0.0,1.0,yahoo,2023-12-13 16:42:26
2019-07-08,XLK,79.33000183105469,79.44000244140625,78.97000122070312,79.33999633789062,7459900,74.78302884114895,0.0,1.0,yahoo,2023-12-13 16:42:26
2019-07-09,XLK,78.93000030517578,79.68000030517578,78.80999755859375,79.62000274658203,9249800,75.04695281774832,0.0,1.0,yahoo,2023-12-13 16:42:26
2019-07-10,XLK,80.05999755859375,80.7300033569336,80.0,80.25,10108600,75.64076558491253,0.0,1.0,yahoo,2023-12-13 16:42:26
2019-07-11,XLK,80.44999694824219,80.86000061035156,80.27999877929688,80.55000305175781,11352200,75.92353767852961,0.0,1.0,yahoo,2023-12-13 16:42:26
2019-07-12,XLK,80.80000305175781,81.19000244140625,80.66000366210938,81.13999938964844,7753400,76.47964702046534,0.0,1.0,yahoo,2023-12-13 16:42:26
2019-07-15,XLK,81.36000061035156,81.51000213623047,81.18000030517578,81.41000366210938,6286000,76.73414334295933,0.0,1.0,yahoo,2023-12-13 16:42:26
2019-07-16,XLK,81.30999755859375,81.31999969482422,80.51000213623047,80.6500015258789,8005700,76.01779264600428,0.0,1.0,yahoo,2023-12-13 16:42:26
2019-07-17,XLK,80.80000305175781,80.9800033569336,80.43000030517578,80.44000244140625,6708000,75.81985505694955,0.0,1.0,yahoo,2023-12-13 16:42:26
2019-07-18,XLK,80.26000213623047,81.16000366210938,80.19999694824219,81.04000091552734,8022000,76.38539205299065,0.0,1.0,yahoo,2023-12-13 16:42:26
2019-07-19,XLK,81.8499984741211,81.87999725341797,80.58999633789062,80.69000244140625,11679700,76.05549607123277,0.0,1.0,yahoo,2023-12-13 16:42:26
2019-07-22,XLK,81.0,81.81999969482422,80.98999786376953,81.62000274658203,6924700,76.93208093201406,0.0,1.0,yahoo,2023-12-13 16:42:26
2019-07-23,XLK,82.08999633789062,82.1500015258789,81.45999908447266,82.06999969482422,5505400,77.35623188124663,0.0,1.0,yahoo,2023-12-13 16:42:26
2019-07-24,XLK,81.95999908447266,82.77999877929688,81.95999908447266,82.75,9257100,77.99717572774469,0.0,1.0,yahoo,2023-12-13 16:42:26
2019-07-25,XLK,82.56999969482422,82.56999969482422,81.97000122070312,82.41000366210938,9923400,77.67670740009218,0.0,1.0,yahoo,2023-12-13 16:42:26
2019-07-26,XLK,82.44999694824219,82.75,82.37000274658203,82.58999633789062,11120200,77.84636202683076,0.0,1.0,yahoo,2023-12-13 16:42:26
2019-07-29,XLK,82.62999725341797,82.68000030517578,81.9000015258789,82.54000091552734,8473200,77.79923813868996,0.0,1.0,yahoo,2023-12-13 16:42:26
2019-07-30,XLK,81.97000122070312,82.36000061035156,81.79000091552734,82.01000213623047,7364000,77.29968033900043,0.0,1.0,yahoo,2023-12-13 16:42:26
2019-07-31,XLK,82.44999694824219,82.54000091552734,79.91999816894531,80.7699966430664,16869300,76.13089573049668,0.0,1.0,yahoo,2023-12-13 16:42:26
2019-08-01,XLK,80.91000366210938,82.62000274658203,79.95999908447266,80.36000061035156,28833000,75.74444820649259,0.0,1.0,yahoo,2023-12-13 16:42:26
2019-08-02,XLK,79.70999908447266,79.73999786376953,78.33000183105469,79.05000305175781,22371900,74.50969159283031,0.0,1.0,yahoo,2023-12-13 16:42:26
2019-08-05,XLK,76.94000244140625,77.05000305175781,75.13999938964844,75.75,27826600,71.39922732781463,0.0,1.0,yahoo,2023-12-13 16:42:26
2019-08-06,XLK,76.7699966430664,77.29000091552734,76.12999725341797,77.01000213623047,19150800,72.5868600533361,0.0,1.0,yahoo,2023-12-13 16:42:26
2019-08-07,XLK,76.12999725341797,77.69999694824219,75.70999908447266,77.48999786376953,20582400,73.03928677369176,0.0,1.0,yahoo,2023-12-13 16:42:26
2019-08-08,XLK,78.11000061035156,79.41000366210938,77.91000366210938,79.38999938964844,15991600,74.83015992048281,0.0,1.0,yahoo,2023-12-13 16:42:26
2019-08-09,XLK,78.91999816894531,79.13999938964844,77.88999938964844,78.48999786376953,15572600,73.98185083082463,0.0,1.0,yahoo,2023-12-13 16:42:26
2019-08-12,XLK,77.94999694824219,78.23999786376953,77.0999984741211,77.45999908447266,10893400,73.01101100256867,0.0,1.0,yahoo,2023-12-13 16:42:26
2019-08-13,XLK,77.38999938964844,79.69999694824219,77.22000122070312,79.4000015258789,26042800,74.83958757458821,0.0,1.0,yahoo,2023-12-13 16:42:26
2019-08-14,XLK,77.94000244140625,78.29000091552734,76.76000213623047,76.95999908447266,23569300,72.53972897400223,0.0,1.0,yahoo,2023-12-13 16:42:26
2019-08-15,XLK,77.02999877929688,77.22000122070312,76.16999816894531,76.81999969482422,15662300,72.40777058129908,0.0,1.0,yahoo,2023-12-13 16:42:26
2019-08-16,XLK,77.61000061035156,78.44000244140625,77.5,78.27999877929688,10847000,73.7839132417699,0.0,1.0,yahoo,2023-12-13 16:42:26
2019-08-19,XLK,79.51000213623047,79.70999908447266,79.05999755859375,79.47000122070312,7878100,74.90556677093979,0.0,1.0,yahoo,2023-12-13 16:42:26
2019-08-20,XLK,79.37000274658203,79.7699966430664,79.02999877929688,79.06999969482422,8337700,74.52853970984802,0.0,1.0,yahoo,2023-12-13 16:42:26
2019-08-21,XLK,79.83000183105469,80.19999694824219,79.63999938964844,80.0,8401300,75.40512457062931,0.0,1.0,yahoo,2023-12-13 16:42:26
2019-08-22,XLK,80.20999908447266,80.38999938964844,79.0999984741211,79.80999755859375,7594100,75.22603509859229,0.0,1.0,yahoo,2023-12-13 16:42:26
2019-08-23,XLK,79.37000274658203,80.0999984741211,76.8499984741211,77.16999816894531,20398900,72.73766656305696,0.0,1.0,yahoo,2023-12-13 16:42:26
2019-08-26,XLK,78.12000274658203,78.2699966430664,77.58999633789062,78.23999786376953,10358500,73.74620981654141,0.0,1.0,yahoo,2023-12-13 16:42:26
2019-08-27,XLK,78.75,78.88999938964844,77.66999816894531,78.12000274658203,10033000,73.63310673204903,0.0,1.0,yahoo,2023-12-13 16:42:26
2019-08-28,XLK,77.69999694824219,78.31999969482422,77.13999938964844,78.19000244140625,7139500,73.6990859284006,0.0,1.0,yahoo,2023-12-13 16:42:26
2019-08-29,XLK,79.25,79.79000091552734,78.97000122070312,79.55000305175781,8120600,74.98097362139674,0.0,1.0,yahoo,2023-12-13 16:42:26
2019-08-30,XLK,80.06999969482422,80.16999816894531,78.95999908447266,79.52999877929688,10075400,74.96211831318597,0.0,1.0,yahoo,2023-12-13 16:42:26
2019-09-03,XLK,78.87000274658203,79.56999969482422,78.27999877929688,78.55999755859375,11837500,74.0478300271762,0.0,1.0,yahoo,2023-12-13 16:42:26
2019-09-04,XLK,79.41000366210938,79.94000244140625,79.33000183105469,79.9000015258789,7729400,75.31086960315464,0.0,1.0,yahoo,2023-12-13 16:42:26
2019-09-05,XLK,80.94999694824219,81.9000015258789,80.91000366210938,81.56999969482422,10043300,76.8849498526802,0.0,1.0,yahoo,2023-12-13 16:42:26
2019-09-06,XLK,81.75,81.79000091552734,81.27999877929688,81.5,9150100,76.81897065632862,0.0,1.0,yahoo,2023-12-13 16:42:26
2019-09-09,XLK,81.87999725341797,81.91999816894531,80.45999908447266,80.88999938964844,12610700,76.24400600618212,0.0,1.0,yahoo,2023-12-13 16:42:26
2019-09-10,XLK,80.5199966430664,80.5199966430664,79.56999969482422,80.4800033569336,9858500,75.85755848217804,0.0,1.0,yahoo,2023-12-13 16:42:26
2019-09-11,XLK,80.7300033569336,81.33999633789062,80.55999755859375,81.31999969482422,9409300,76.64930883839698,0.0,1.0,yahoo,2023-12-13 16:42:26
2019-09-12,XLK,81.81999969482422,82.41999816894531,81.41999816894531,81.76000213623047,12771000,77.06403932471721,0.0,1.0,yahoo,2023-12-13 16:42:26
2019-09-13,XLK,81.62999725341797,81.62999725341797,81.06999969482422,81.16000366210938,16533600,76.49850232867611,0.0,1.0,yahoo,2023-12-13 16:42:26
2019-09-16,XLK,80.48999786376953,81.13999938964844,80.41000366210938,80.95999908447266,7725900,76.3099852025337,0.0,1.0,yahoo,2023-12-13 16:42:26
2019-09-17,XLK,81.0199966430664,81.29000091552734,80.83000183105469,81.29000091552734,7701300,76.62103306727387,0.0,1.0,yahoo,2023-12-13 16:42:26
2019-09-18,XLK,81.16000366210938,81.33999633789062,80.18000030517578,81.27999877929688,8630700,76.61160541316849,0.0,1.0,yahoo,2023-12-13 16:42:26
2019-09-19,XLK,81.52999877929688,82.18000030517578,81.3499984741211,81.45999908447266,8193500,76.78126723110013,0.0,1.0,yahoo,2023-12-13 16:42:26
2019-09-20,XLK,81.47000122070312,81.51000213623047,80.05000305175781,80.26000213623047,15013600,75.88588103816393,0.253,1.0,yahoo,2023-12-13 16:42:26
2019-09-23,XLK,80.2699966430664,80.75,80.0999984741211,80.51000213623047,7824200,76.12225619085007,0.0,1.0,yahoo,2023-12-13 16:42:26
2019-09-24,XLK,81.04000091552734,81.3499984741211,79.38999938964844,79.7300033569336,17724100,75.38476686864487,0.0,1.0,yahoo,2023-12-13 16:42:26
2019-09-25,XLK,79.62000274658203,80.9000015258789,78.88999938964844,80.68000030517578,11956600,76.28298956341331,0.0,1.0,yahoo,2023-12-13 16:42:26
2019-09-26,XLK,80.6500015258789,81.05000305175781,80.13999938964844,80.7699966430664,9089300,76.36808115585366,0.0,1.0,yahoo,2023-12-13 16:42:26
2019-09-27,XLK,80.7699966430664,80.94000244140625,79.08999633789062,79.69000244140625,12782100,75.34694597858342,0.0,1.0,yahoo,2023-12-13 16:42:26
2019-09-30,XLK,80.02999877929688,80.72000122070312,79.91999816894531,80.52999877929688,11001400,76.1411630290822,0.0,1.0,yahoo,2023-12-13 16:42:26
2019-10-01,XLK,80.88999938964844,81.43000030517578,79.75,79.77999877929688,11022300,75.43203757102378,0.0,1.0,yahoo,2023-12-13 16:42:26
2019-10-02,XLK,79.25,79.2699966430664,77.69000244140625,78.27999877929688,19754800,74.01378665490698,0.0,1.0,yahoo,2023-12-13 16:42:26
2019-10-03,XLK,78.25,79.2699966430664,77.27999877929688,79.23999786376953,17472200,74.92146637559007,0.0,1.0,yahoo,2023-12-13 16:42:26
2019-10-04,XLK,79.80000305175781,80.6500015258789,79.72000122070312,80.55000305175781,10938400,76.1600770809115,0.0,1.0,yahoo,2023-12-13 16:42:26
2019-10-07,XLK,80.27999877929688,80.87999725341797,80.1500015258789,80.20999908447266,10619400,75.83860312218782,0.0,1.0,yahoo,2023-12-13 16:42:26
2019-10-08,XLK,79.69000244140625,79.93000030517578,78.7300033569336,78.73999786376953,14366800,74.4487160702178,0.0,1.0,yahoo,2023-12-13 16:42:26
2019-10-09,XLK,79.55999755859375,80.20999908447266,79.44000244140625,79.91000366210938,10251500,75.55495726712277,0.0,1.0,yahoo,2023-12-13 16:42:26
2019-10-10,XLK,79.83000183105469,80.77999877929688,79.7699966430664,80.45999908447266,9398100,76.07497827487396,0.0,1.0,yahoo,2023-12-13 16:42:26
2019-10-11,XLK,81.44999694824219,82.29000091552734,81.31999969482422,81.56999969482422,15970600,77.12448452988818,0.0,1.0,yahoo,2023-12-13 16:42:26
2019-10-14,XLK,81.48999786376953,81.86000061035156,81.4800033569336,81.5199966430664,5662800,77.07720661391207,0.0,1.0,yahoo,2023-12-13 16:42:26
2019-10-15,XLK,81.8499984741211,82.62000274658203,81.7699966430664,82.41999816894531,8102900,77.9281586063016,0.0,1.0,yahoo,2023-12-13 16:42:26
2019-10-16,XLK,81.97000122070312,82.01000213623047,81.55000305175781,81.8499984741211,10033000,77.3892235467211,0.0,1.0,yahoo,2023-12-13 16:42:26
2019-10-17,XLK,82.12999725341797,82.36000061035156,81.26000213623047,81.69000244140625,6865900,77.23794720007251,0.0,1.0,yahoo,2023-12-13 16:42:26
2019-10-18,XLK,81.56999969482422,81.69000244140625,80.4000015258789,80.91000366210938,8726300,76.50045787786732,0.0,1.0,yahoo,2023-12-13 16:42:26
2019-10-21,XLK,81.38999938964844,81.81999969482422,81.0999984741211,81.77999877929688,6339300,77.32303879251286,0.0,1.0,yahoo,2023-12-13 16:42:26
2019-10-22,XLK,81.94000244140625,82.2300033569336,80.62000274658203,80.68000030517578,9458000,76.28298956341331,0.0,1.0,yahoo,2023-12-13 16:42:26
2019-10-23,XLK,80.43000030517578,80.76000213623047,80.26000213623047,80.75,8808500,76.34917431762153,0.0,1.0,yahoo,2023-12-13 16:42:26
2019-10-24,XLK,81.61000061035156,82.0,81.30999755859375,81.93000030517578,7254100,77.46486532684398,0.0,1.0,yahoo,2023-12-13 16:42:26
2019-10-25,XLK,81.93000030517578,83.0199966430664,81.87999725341797,82.91999816894531,8152700,78.40090891167387,0.0,1.0,yahoo,2023-12-13 16:42:26
2019-10-28,XLK,83.6500015258789,84.01000213623047,83.61000061035156,83.97000122070312,7229900,79.39368743839451,0.0,1.0,yahoo,2023-12-13 16:42:26
2019-10-29,XLK,83.9000015258789,84.05000305175781,83.18000030517578,83.20999908447266,7760400,78.67510495442144,0.0,1.0,yahoo,2023-12-13 16:42:26
2019-10-30,XLK,83.45999908447266,83.81999969482422,82.9000015258789,83.72000122070312,12779300,79.15731228570837,0.0,1.0,yahoo,2023-12-13 16:42:26
2019-10-31,XLK,83.8499984741211,83.94000244140625,83.12999725341797,83.66999816894531,11230900,79.11003436973226,0.0,1.0,yahoo,2023-12-13 16:42:26
2019-11-01,XLK,83.94999694824219,84.66999816894531,83.81999969482422,84.66999816894531,9920600,80.0555349804768,0.0,1.0,yahoo,2023-12-13 16:42:26
2019-11-04,XLK,85.31999969482422,85.37000274658203,84.93000030517578,85.11000061035156,10181600,80.4715575575555,0.0,1.0,yahoo,2023-12-13 16:42:26
2019-11-05,XLK,85.3499984741211,85.37999725341797,84.72000122070312,85.01000213623047,7899800,80.3770089392005,0.0,1.0,yahoo,2023-12-13 16:42:26
2019-11-06,XLK,85.0,85.05000305175781,84.54000091552734,84.97000122070312,8538600,80.33918804913904,0.0,1.0,yahoo,2023-12-13 16:42:26
2019-11-07,XLK,85.54000091552734,86.12000274658203,85.4000015258789,85.63999938964844,14042500,80.97267172707456,0.0,1.0,yahoo,2023-12-13 16:42:26
2019-11-08,XLK,85.41999816894531,86.12000274658203,85.08000183105469,86.12000274658203,6286500,81.4265151942147,0.0,1.0,yahoo,2023-12-13 16:42:26
2019-11-11,XLK,85.62999725341797,86.27999877929688,85.5199966430664,86.16000366210938,4244000,81.46433608427614,0.0,1.0,yahoo,2023-12-13 16:42:26
2019-11-12,XLK,86.27999877929688,86.7699966430664,86.06999969482422,86.44999694824219,8281200,81.73852491342653,0.0,1.0,yahoo,2023-12-13 16:42:26
2019-11-13,XLK,86.11000061035156,86.72000122070312,86.08999633789062,86.63999938964844,7686100,81.9181723378191,0.0,1.0,yahoo,2023-12-13 16:42:26
2019-11-14,XLK,86.30000305175781,86.61000061035156,86.05999755859375,86.54000091552734,6091300,81.82362371946408,0.0,1.0,yahoo,2023-12-13 16:42:26
2019-11-15,XLK,87.1500015258789,87.23999786376953,86.87999725341797,87.23999786376953,7062400,82.48547126154638,0.0,1.0,yahoo,2023-12-13 16:42:26
2019-11-18,XLK,87.20999908447266,87.62999725341797,86.87999725341797,87.5,6511100,82.73130344014717,0.0,1.0,yahoo,2023-12-13 16:42:26
2019-11-19,XLK,87.8499984741211,87.93000030517578,87.3499984741211,87.66999816894531,7043700,82.89203681271043,0.0,1.0,yahoo,2023-12-13 16:42:26
2019-11-20,XLK,87.47000122070312,87.7300033569336,86.4800033569336,87.13999938964844,12379900,82.39092264319137,0.0,1.0,yahoo,2023-12-13 16:42:26
2019-11-21,XLK,86.97000122070312,87.06999969482422,86.5199966430664,86.69999694824219,9377700,81.97490006611267,0.0,1.0,yahoo,2023-12-13 16:42:26
2019-11-22,XLK,86.94999694824219,87.08999633789062,86.25,86.58999633789062,5890000,81.87089442184299,0.0,1.0,yahoo,2023-12-13 16:42:26
2019-11-25,XLK,86.9800033569336,87.8499984741211,86.94999694824219,87.8499984741211,7369900,83.06222721118833,0.0,1.0,yahoo,2023-12-13 16:42:26
2019-11-26,XLK,87.9000015258789,88.1500015258789,87.76000213623047,87.93000030517578,9727200,83.13786899131122,0.0,1.0,yahoo,2023-12-13 16:42:26
2019-11-27,XLK,88.19999694824219,88.41999816894531,87.94000244140625,88.41999816894531,9348500,83.60116227076882,0.0,1.0,yahoo,2023-12-13 16:42:26
2019-11-29,XLK,88.19000244140625,88.33000183105469,88.01000213623047,88.16000366210938,5680100,83.35533730576522,0.0,1.0,yahoo,2023-12-13 16:42:26
2019-12-02,XLK,88.19999694824219,88.19999694824219,86.5199966430664,86.9000015258789,11583800,82.1640045164199,0.0,1.0,yahoo,2023-12-13 16:42:26
2019-12-03,XLK,85.52999877929688,86.19000244140625,85.16000366210938,86.12999725341797,11247200,81.43596500653217,0.0,1.0,yahoo,2023-12-13 16:42:26
2019-12-04,XLK,86.69000244140625,86.76000213623047,86.3499984741211,86.4800033569336,6914500,81.76689599117051,0.0,1.0,yahoo,2023-12-13 16:42:26
2019-12-05,XLK,86.79000091552734,86.87000274658203,86.38999938964844,86.80000305175781,7810300,82.06945589806487,0.0,1.0,yahoo,2023-12-13 16:42:26
2019-12-06,XLK,87.45999908447266,87.83999633789062,87.38999938964844,87.76000213623047,9203500,82.97713561874797,0.0,1.0,yahoo,2023-12-13 16:42:26
2019-12-09,XLK,87.61000061035156,87.88999938964844,87.30000305175781,87.30000305175781,5685100,82.54220620343715,0.0,1.0,yahoo,2023-12-13 16:42:26
2019-12-10,XLK,87.44000244140625,87.83000183105469,87.1500015258789,87.37000274658203,6175400,82.60839095764537,0.0,1.0,yahoo,2023-12-13 16:42:26
2019-12-11,XLK,87.5999984741211,88.04000091552734,87.41999816894531,87.95999908447266,4939500,83.166232855458,0.0,1.0,yahoo,2023-12-13 16:42:26
2019-12-12,XLK,87.70999908447266,89.02999877929688,87.5,88.9000015258789,12094700,84.05500573790897,0.0,1.0,yahoo,2023-12-13 16:42:26
2019-12-13,XLK,88.80999755859375,89.69000244140625,88.63999938964844,89.48999786376953,13128100,84.6128476357216,0.0,1.0,yahoo,2023-12-13 16:42:26
2019-12-16,XLK,90.16999816894533,90.5999984741211,90.1500015258789,90.29000091552734,9872300,85.3692510097561,0.0,1.0,yahoo,2023-12-13 16:42:26
2019-12-17,XLK,90.4499969482422,90.48999786376952,89.95999908447266,90.08000183105467,7459700,85.1706967471314,0.0,1.0,yahoo,2023-12-13 16:42:26
2019-12-18,XLK,90.19000244140624,90.41999816894533,90.04000091552734,90.06999969482422,6485100,85.16123972121676,0.0,1.0,yahoo,2023-12-13 16:42:26
2019-12-19,XLK,90.12999725341795,90.7300033569336,90.0999984741211,90.72000122070312,6862000,85.77581656092015,0.0,1.0,yahoo,2023-12-13 16:42:26
2019-12-20,XLK,90.95999908447266,91.05999755859376,90.72000122070312,90.9499969482422,11700400,86.27381973053855,0.295,1.0,yahoo,2023-12-13 16:42:26
2019-12-23,XLK,91.2300033569336,91.44000244140624,91.0999984741211,91.20999908447266,7765200,86.52045390517702,0.0,1.0,yahoo,2023-12-13 16:42:26
2019-12-24,XLK,91.37000274658205,91.37000274658205,91.02999877929688,91.23999786376952,2445400,86.54891030280248,0.0,1.0,yahoo,2023-12-13 16:42:26
2019-12-26,XLK,91.43000030517578,91.94000244140624,91.37000274658205,91.91999816894533,4134600,87.19394851845888,0.0,1.0,yahoo,2023-12-13 16:42:26
2019-12-27,XLK,92.29000091552734,92.29000091552734,91.68000030517578,91.91000366210938,9666100,87.18446787733745,0.0,1.0,yahoo,2023-12-13 16:42:26
2019-12-30,XLK,91.88999938964844,91.9000015258789,90.68000030517578,91.37999725341795,8245600,86.68171164980845,0.0,1.0,yahoo,2023-12-13 16:42:26
2019-12-31,XLK,91.06999969482422,91.7699966430664,90.9499969482422,91.66999816894533,5800900,86.95680222207243,0.0,1.0,yahoo,2023-12-13 16:42:26
2020-01-02,XLK,92.5,93.38999938964844,92.31999969482422,93.38999938964844,13283500,88.5883698991521,0.0,1.0,yahoo,2023-12-13 16:42:26
2020-01-03,XLK,92.02999877929688,92.9800033569336,92.0199966430664,92.33999633789062,15011800,87.59235255947675,0.0,1.0,yahoo,2023-12-13 16:42:26
2020-01-06,XLK,91.41999816894533,92.66000366210938,91.25,92.55999755859376,7815000,87.80104245823775,0.0,1.0,yahoo,2023-12-13 16:42:26
2020-01-07,XLK,92.72000122070312,92.9800033569336,92.37999725341795,92.5199966430664,7681800,87.76309818236022,0.0,1.0,yahoo,2023-12-13 16:42:26
2020-01-08,XLK,92.62000274658205,93.91999816894533,92.4499969482422,93.51000213623048,11627200,88.70220272678463,0.0,1.0,yahoo,2023-12-13 16:42:26
2020-01-09,XLK,94.37000274658205,94.62999725341795,93.88999938964844,94.56999969482422,7777400,89.70770070758137,0.0,1.0,yahoo,2023-12-13 16:42:26
2020-01-10,XLK,94.9800033569336,95.11000061035156,94.19000244140624,94.3499984741211,7665300,89.4990108088204,0.0,1.0,yahoo,2023-12-13 16:42:26
2020-01-13,XLK,94.77999877929688,95.63999938964844,94.7300033569336,95.52999877929688,7762200,90.61834161724967,0.0,1.0,yahoo,2023-12-13 16:42:26
2020-01-14,XLK,95.6500015258789,95.73999786376952,94.93000030517578,95.08000183105467,8067300,90.1914811786063,0.0,1.0,yahoo,2023-12-13 16:42:26
2020-01-15,XLK,95.13999938964844,95.6500015258789,94.87000274658205,95.19000244140624,7208500,90.29582612798679,0.0,1.0,yahoo,2023-12-13 16:42:26
2020-01-16,XLK,95.8000030517578,96.48999786376952,95.66999816894533,96.47000122070312,5771600,91.51001400754453,0.0,1.0,yahoo,2023-12-13 16:42:26
2020-01-17,XLK,96.91999816894533,97.20999908447266,96.4000015258789,97.12000274658205,10830500,92.12659582557544,0.0,1.0,yahoo,2023-12-13 16:42:26
2020-01-21,XLK,96.81999969482422,97.63999938964844,96.8000030517578,97.08000183105467,8987500,92.0886515496979,0.0,1.0,yahoo,2023-12-13 16:42:26
2020-01-22,XLK,97.69000244140624,98.11000061035156,97.3499984741211,97.43000030517578,7745800,92.42065491721281,0.0,1.0,yahoo,2023-12-13 16:42:26
2020-01-23,XLK,97.52999877929688,97.97000122070312,97.11000061035156,97.88999938964844,7478200,92.8570032341082,0.0,1.0,yahoo,2023-12-13 16:42:26
2020-01-24,XLK,98.61000061035156,98.83000183105467,97.08999633789062,97.43000030517578,11808700,92.42065491721281,0.0,1.0,yahoo,2023-12-13 16:42:26
2020-01-27,XLK,95.16000366210938,95.86000061035156,94.70999908447266,95.11000061035156,17787300,90.21993757623179,0.0,1.0,yahoo,2023-12-13 16:42:26
2020-01-28,XLK,95.94000244140624,97.19000244140624,95.73999786376952,96.93000030517578,15592200,91.94636232443992,0.0,1.0,yahoo,2023-12-13 16:42:26
2020-01-29,XLK,97.7300033569336,97.87000274658205,96.79000091552734,97.18000030517578,10563300,92.18350862082637,0.0,1.0,yahoo,2023-12-13 16:42:26
2020-01-30,XLK,97.13999938964844,98.11000061035156,96.5500030517578,98.0199966430664,9966800,92.98031670286214,0.0,1.0,yahoo,2023-12-13 16:42:26
2020-01-31,XLK,97.4499969482422,97.5,94.98999786376952,95.33000183105467,13482300,90.42862747499274,0.0,1.0,yahoo,2023-12-13 16:42:26
2020-02-03,XLK,95.44000244140624,96.83000183105467,95.33000183105467,96.58999633789062,12537800,91.62383959804642,0.0,1.0,yahoo,2023-12-13 16:42:26
2020-02-04,XLK,98.2699966430664,99.33000183105467,98.02999877929688,99.12000274658205,9548900,94.02376619666704,0.0,1.0,yahoo,2023-12-13 16:42:26
2020-02-05,XLK,100.75,100.8000030517578,98.9800033569336,99.6999969482422,16348500,94.57394010406433,0.0,1.0,yahoo,2023-12-13 16:42:26
2020-02-06,XLK,100.11000061035156,100.63999938964844,99.66000366210938,100.61000061035156,6752800,95.4371560967337,0.0,1.0,yahoo,2023-12-13 16:42:26
2020-02-07,XLK,100.13999938964844,100.52999877929688,99.48999786376952,99.69000244140624,8299000,94.56445946294289,0.0,1.0,yahoo,2023-12-13 16:42:26
2020-02-10,XLK,99.11000061035156,101.05999755859376,99.08999633789062,101.04000091552734,8173800,95.84504801600362,0.0,1.0,yahoo,2023-12-13 16:42:26
2020-02-11,XLK,101.80999755859376,101.9000015258789,100.4000015258789,100.6999969482422,7552900,95.52252528961013,0.0,1.0,yahoo,2023-12-13 16:42:26
2020-02-12,XLK,101.38999938964844,101.83000183105467,100.81999969482422,101.79000091552734,6076400,96.55648690516297,0.0,1.0,yahoo,2023-12-13 16:42:26
2020-02-13,XLK,100.98999786376952,102.0500030517578,100.83999633789062,101.5199966430664,7401400,96.30036485227245,0.0,1.0,yahoo,2023-12-13 16:42:26
2020-02-14,XLK,101.72000122070312,102.12999725341795,101.4000015258789,101.95999908447266,6196200,96.71774464979441,0.0,1.0,yahoo,2023-12-13 16:42:26
2020-02-18,XLK,101.13999938964844,101.8000030517578,101.02999877929688,101.58000183105467,10316600,96.357284884654,0.0,1.0,yahoo,2023-12-13 16:42:26
2020-02-19,XLK,102.23999786376952,102.94000244140624,102.16999816894533,102.79000091552734,8307800,97.50507209070878,0.0,1.0,yahoo,2023-12-13 16:42:26
2020-02-20,XLK,102.56999969482422,102.81999969482422,100.33000183105467,101.72000122070312,13162300,96.49008623165999,0.0,1.0,yahoo,2023-12-13 16:42:26
2020-02-21,XLK,101.1999969482422,101.29000091552734,98.81999969482422,99.44000244140624,14949500,94.32731316655645,0.0,1.0,yahoo,2023-12-13 16:42:26
2020-02-24,XLK,94.66999816894533,96.70999908447266,93.8000030517578,95.33000183105467,21182600,90.42862747499274,0.0,1.0,yahoo,2023-12-13 16:42:26
2020-02-25,XLK,96.19000244140624,96.54000091552734,91.94000244140624,92.27999877929688,31467200,87.53543976422581,0.0,1.0,yahoo,2023-12-13 16:42:26
2020-02-26,XLK,92.62999725341795,94.70999908447266,92.0,92.6999969482422,27879800,87.93384380524371,0.0,1.0,yahoo,2023-12-13 16:42:26
2020-02-27,XLK,89.66000366210938,91.55999755859376,87.63999938964844,87.69999694824219,33912900,83.19091787751468,0.0,1.0,yahoo,2023-12-13 16:42:26
2020-02-28,XLK,84.20999908447266,89.20999908447266,84.05999755859375,88.37000274658203,55927200,83.82647545204965,0.0,1.0,yahoo,2023-12-13 16:42:26
2020-03-02,XLK,89.95999908447266,93.5,88.37999725341797,93.4800033569336,35004300,88.67374632915914,0.0,1.0,yahoo,2023-12-13 16:42:26
2020-03-03,XLK,94.01000213623048,94.66000366210938,88.9800033569336,89.93000030517578,47494600,85.3062660256193,0.0,1.0,yahoo,2023-12-13 16:42:26
2020-03-04,XLK,91.87000274658205,93.81999969482422,90.5999984741211,93.79000091552734,22363800,88.96780542079655,0.0,1.0,yahoo,2023-12-13 16:42:26
2020-03-05,XLK,91.29000091552734,93.02999877929688,90.23999786376952,90.83000183105467,24509500,86.15999414003663,0.0,1.0,yahoo,2023-12-13 16:42:26
2020-03-06,XLK,87.79000091552734,89.44000244140625,86.48999786376953,88.91000366210938,28815900,84.33871232070005,0.0,1.0,yahoo,2023-12-13 16:42:26
2020-03-09,XLK,81.58000183105469,86.0,81.5,82.16000366210938,29559900,77.93576231826589,0.0,1.0,yahoo,2023-12-13 16:42:26
2020-03-10,XLK,85.68000030517578,87.6500015258789,82.62000274658203,87.63999938964844,35582300,83.13400508226373,0.0,1.0,yahoo,2023-12-13 16:42:26
2020-03-11,XLK,85.29000091552734,85.81999969482422,82.30999755859375,83.5,31652100,79.20686299307455,0.0,1.0,yahoo,2023-12-13 16:42:26
2020-03-12,XLK,77.44000244140625,81.9000015258789,75.0,75.3499984741211,32745300,71.47589228345014,0.0,1.0,yahoo,2023-12-13 16:42:26
2020-03-13,XLK,80.08999633789062,84.37999725341797,76.30000305175781,84.19000244140625,32924800,79.86138908698297,0.0,1.0,yahoo,2023-12-13 16:42:26
2020-03-16,XLK,71.72000122070312,79.20999908447266,71.19000244140625,72.55999755859375,40622400,68.82933874732167,0.0,1.0,yahoo,2023-12-13 16:42:26
2020-03-17,XLK,74.2699966430664,78.44000244140625,71.94000244140625,77.5,50407300,73.51535187979974,0.0,1.0,yahoo,2023-12-13 16:42:26
2020-03-18,XLK,72.3499984741211,75.81999969482422,70.2699966430664,74.58000183105469,53706200,70.74548487491734,0.0,1.0,yahoo,2023-12-13 16:42:26
2020-03-19,XLK,73.88999938964844,77.38999938964844,72.12000274658203,74.8499984741211,61727100,71.00159969067724,0.0,1.0,yahoo,2023-12-13 16:42:26
2020-03-20,XLK,76.26000213623047,77.04000091552734,71.18000030517578,71.41999816894531,45222000,67.74795221476991,0.0,1.0,yahoo,2023-12-13 16:42:26
2020-03-23,XLK,70.69000244140625,72.22000122070312,68.0999984741211,70.4000015258789,42479200,67.12910895596056,0.371,1.0,yahoo,2023-12-13 16:42:26
2020-03-24,XLK,74.66000366210938,77.66999816894531,74.36000061035156,77.61000061035156,37664500,74.00412037106717,0.0,1.0,yahoo,2023-12-13 16:42:26
2020-03-25,XLK,78.19999694824219,81.08999633789062,76.0199966430664,77.51000213623047,28740400,73.90876798016933,0.0,1.0,yahoo,2023-12-13 16:42:26
2020-03-26,XLK,78.48999786376953,82.51000213623047,78.30000305175781,82.30999755859375,28212900,78.48574821755597,0.0,1.0,yahoo,2023-12-13 16:42:26
2020-03-27,XLK,79.76000213623047,81.26000213623047,78.25,78.58999633789062,29242700,74.93858398675563,0.0,1.0,yahoo,2023-12-13 16:42:26
2020-03-30,XLK,79.63999938964844,82.08999633789062,79.38999938964844,81.9000015258789,23740100,78.09480123239845,0.0,1.0,yahoo,2023-12-13 16:42:26
2020-03-31,XLK,81.70999908447266,83.18000030517578,79.94999694824219,80.37000274658203,19994400,76.63588855439018,0.0,1.0,yahoo,2023-12-13 16:42:26
2020-04-01,XLK,77.58999633789062,79.25,75.97000122070312,76.54000091552734,27492400,72.98383451112589,0.0,1.0,yahoo,2023-12-13 16:42:26
2020-04-02,XLK,76.2699966430664,78.43000030517578,75.95999908447266,78.33000183105469,22111800,74.69066922540546,0.0,1.0,yahoo,2023-12-13 16:42:26
2020-04-03,XLK,77.98999786376953,78.83000183105469,76.1500015258789,77.12000274658203,15786000,73.53688856322296,0.0,1.0,yahoo,2023-12-13 16:42:26
2020-04-06,XLK,80.51000213623047,84.25,80.0,83.69999694824219,17993600,79.81116609332304,0.0,1.0,yahoo,2023-12-13 16:42:26
2020-04-07,XLK,86.6500015258789,86.68000030517578,82.86000061035156,82.94999694824219,22149400,79.09601224920752,0.0,1.0,yahoo,2023-12-13 16:42:26
2020-04-08,XLK,84.04000091552734,85.52999877929688,83.25,85.18000030517578,13714300,81.22240621334294,0.0,1.0,yahoo,2023-12-13 16:42:26
2020-04-09,XLK,86.19000244140625,86.62999725341797,84.5999984741211,85.19999694824219,19629900,81.24147378155406,0.0,1.0,yahoo,2023-12-13 16:42:26
2020-04-13,XLK,84.86000061035156,85.51000213623047,83.6500015258789,85.38999938964844,12650800,81.42264841670475,0.0,1.0,yahoo,2023-12-13 16:42:26
2020-04-14,XLK,87.29000091552734,89.12999725341797,86.94000244140625,88.97000122070312,15889500,84.83631784526386,0.0,1.0,yahoo,2023-12-13 16:42:26
2020-04-15,XLK,87.19999694824219,87.73999786376953,86.37999725341797,87.02999877929688,12929100,82.98645090717699,0.0,1.0,yahoo,2023-12-13 16:42:26
2020-04-16,XLK,88.16999816894531,88.30999755859375,86.6500015258789,88.08999633789062,11833800,83.99719934555216,0.0,1.0,yahoo,2023-12-13 16:42:26
2020-04-17,XLK,89.6500015258789,89.66999816894531,87.97000122070312,89.26000213623047,14142400,85.1128448713124,0.0,1.0,yahoo,2023-12-13 16:42:26
2020-04-20,XLK,88.05000305175781,89.22000122070312,87.70999908447266,87.83000183105469,10203500,83.74928458420197,0.0,1.0,yahoo,2023-12-13 16:42:26
2020-04-21,XLK,86.58999633789062,86.80000305175781,83.63999938964844,84.1500015258789,16382500,80.240262764745,0.0,1.0,yahoo,2023-12-13 16:42:26
2020-04-22,XLK,86.19000244140625,87.87000274658203,85.87999725341797,87.38999938964844,12016000,83.32972533434612,0.0,1.0,yahoo,2023-12-13 16:42:26
2020-04-23,XLK,87.58999633789062,88.58000183105469,86.72000122070312,86.79000091552734,10584800,82.75760371403793,0.0,1.0,yahoo,2023-12-13 16:42:26
2020-04-24,XLK,87.1500015258789,88.6500015258789,86.58999633789062,88.62999725341797,8442500,84.51211098630586,0.0,1.0,yahoo,2023-12-13 16:42:26
2020-04-27,XLK,89.43000030517578,89.69000244140625,88.8499984741211,89.38999938964844,7799300,85.2368022519875,0.0,1.0,yahoo,2023-12-13 16:42:26
2020-04-28,XLK,90.5,90.55999755859376,88.08000183105469,88.19999694824219,12633800,84.10208915801613,0.0,1.0,yahoo,2023-12-13 16:42:26
2020-04-29,XLK,90.08000183105467,92.13999938964844,89.76000213623047,91.81999969482422,11462900,87.5539009979186,0.0,1.0,yahoo,2023-12-13 16:42:26
2020-04-30,XLK,92.01000213623048,92.01000213623048,90.7300033569336,91.41000366210938,15430600,87.16295401276109,0.0,1.0,yahoo,2023-12-13 16:42:26
2020-05-01,XLK,89.4000015258789,90.6500015258789,88.55999755859375,88.9000015258789,11995100,84.76957044414327,0.0,1.0,yahoo,2023-12-13 16:42:26
2020-05-04,XLK,88.48999786376953,90.16999816894533,88.08000183105469,90.08000183105467,10729000,85.8947461165485,0.0,1.0,yahoo,2023-12-13 16:42:26
2020-05-05,XLK,91.11000061035156,92.4800033569336,90.9499969482422,91.31999969482422,8687300,87.07713176850827,0.0,1.0,yahoo,2023-12-13 16:42:26
2020-05-06,XLK,92.1999969482422,92.91999816894533,91.62000274658205,92.02999877929688,8470500,87.75414320128041,0.0,1.0,yahoo,2023-12-13 16:42:26
2020-05-07,XLK,93.27999877929688,93.94000244140624,93.13999938964844,93.41000366210938,10544400,89.07003093040247,0.0,1.0,yahoo,2023-12-13 16:42:26
2020-05-08,XLK,94.3000030517578,94.91000366210938,93.75,94.77999877929688,7610800,90.37637396303731,0.0,1.0,yahoo,2023-12-13 16:42:26
2020-05-11,XLK,94.12999725341795,95.97000122070312,93.94000244140624,95.41000366210938,10384400,90.97710784804384,0.0,1.0,yahoo,2023-12-13 16:42:26
2020-05-12,XLK,95.8000030517578,96.06999969482422,93.37000274658205,93.44000244140624,13521000,89.0986359201797,0.0,1.0,yahoo,2023-12-13 16:42:26
2020-05-13,XLK,93.48999786376952,94.20999908447266,90.62000274658205,91.83000183105467,16971100,87.56343841948471,0.0,1.0,yahoo,2023-12-13 16:42:26
2020-05-14,XLK,91.19000244140624,93.05999755859376,90.19000244140624,93.0,15237600,88.67907667032387,0.0,1.0,yahoo,2023-12-13 16:42:26
2020-05-15,XLK,91.52999877929688,93.48999786376952,91.2699966430664,93.47000122070312,14016400,89.12724090995695,0.0,1.0,yahoo,2023-12-13 16:42:26
2020-05-18,XLK,95.30999755859376,96.3000030517578,94.9800033569336,95.76000213623048,10016700,91.31084485364688,0.0,1.0,yahoo,2023-12-13 16:42:26
2020-05-19,XLK,95.8000030517578,96.88999938964844,95.37000274658205,95.41000366210938,10046400,90.97710784804384,0.0,1.0,yahoo,2023-12-13 16:42:26
2020-05-20,XLK,96.7300033569336,97.68000030517578,96.68000030517578,97.5,9096000,92.96999973501696,0.0,1.0,yahoo,2023-12-13 16:42:26
2020-05-21,XLK,97.4000015258789,97.69000244140624,96.08999633789062,96.13999938964844,10290800,91.67318684902713,0.0,1.0,yahoo,2023-12-13 16:42:26
2020-05-22,XLK,96.0,96.61000061035156,95.61000061035156,96.48999786376952,9244800,92.00692385463013,0.0,1.0,yahoo,2023-12-13 16:42:26
2020-05-26,XLK,98.41999816894533,98.48999786376952,96.30999755859376,96.38999938964844,13000700,91.9115714637323,0.0,1.0,yahoo,2023-12-13 16:42:26
2020-05-27,XLK,96.37999725341795,96.9800033569336,94.33000183105467,96.94000244140624,19428400,92.4360205260521,0.0,1.0,yahoo,2023-12-13 16:42:26
2020-05-28,XLK,96.58000183105467,98.5199966430664,96.51000213623048,96.75,10573700,92.25484589090144,0.0,1.0,yahoo,2023-12-13 16:42:26
2020-05-29,XLK,97.04000091552734,98.1999969482422,96.2300033569336,97.97000122070312,17777500,93.41816397465004,0.0,1.0,yahoo,2023-12-13 16:42:26
2020-06-01,XLK,97.51000213623048,98.1500015258789,97.08000183105467,97.94000244140624,13359700,93.38955898487279,0.0,1.0,yahoo,2023-12-13 16:42:26
2020-06-02,XLK,98.13999938964844,98.86000061035156,97.20999908447266,98.86000061035156,11207600,94.26681262100678,0.0,1.0,yahoo,2023-12-13 16:42:26
2020-06-03,XLK,99.26000213623048,99.9499969482422,98.83000183105467,99.62999725341795,11017900,95.0010340333334,0.0,1.0,yahoo,2023-12-13 16:42:26
2020-06-04,XLK,99.23999786376952,99.93000030517578,98.26000213623048,98.80999755859376,7569400,94.21913278809731,0.0,1.0,yahoo,2023-12-13 16:42:26
2020-06-05,XLK,99.51000213623048,101.6999969482422,99.33999633789062,101.41000366210938,10378200,96.69833860096796,0.0,1.0,yahoo,2023-12-13 16:42:26
2020-06-08,XLK,101.2300033569336,101.95999908447266,100.3000030517578,101.91999816894533,8065100,97.18463797702333,0.0,1.0,yahoo,2023-12-13 16:42:26
2020-06-09,XLK,101.41000366210938,102.9000015258789,101.31999969482422,102.4000015258789,7353900,97.64233963822254,0.0,1.0,yahoo,2023-12-13 16:42:26
2020-06-10,XLK,103.13999938964844,104.88999938964844,102.9499969482422,104.11000061035156,12194800,99.27288952981537,0.0,1.0,yahoo,2023-12-13 16:42:26
2020-06-11,XLK,102.3000030517578,102.4499969482422,98.11000061035156,98.13999938964844,19871000,93.5802637666685,0.0,1.0,yahoo,2023-12-13 16:42:26
2020-06-12,XLK,100.7699966430664,101.2699966430664,97.68000030517578,99.41000366210938,21643500,94.7912616833266,0.0,1.0,yahoo,2023-12-13 16:42:26
2020-06-15,XLK,97.5999984741211,100.81999969482422,97.27999877929688,100.37000274658205,14962000,95.70665773080393,0.0,1.0,yahoo,2023-12-13 16:42:26
2020-06-16,XLK,102.7699966430664,103.38999938964844,100.91999816894533,102.51000213623048,13967900,97.74722945068652,0.0,1.0,yahoo,2023-12-13 16:42:26
2020-06-17,XLK,103.08999633789062,103.45999908447266,102.31999969482422,102.48999786376952,8662100,97.72815460755426,0.0,1.0,yahoo,2023-12-13 16:42:26
2020-06-18,XLK,102.3000030517578,103.05999755859376,102.08000183105467,102.9499969482422,6858600,98.16678142562127,0.0,1.0,yahoo,2023-12-13 16:42:26
2020-06-19,XLK,104.19000244140624,104.30999755859376,101.75,102.23999786376952,15640000,97.48976999284908,0.0,1.0,yahoo,2023-12-13 16:42:26
2020-06-22,XLK,102.08999633789062,103.97000122070312,101.93000030517578,103.87999725341795,7369000,99.32656510242302,0.281,1.0,yahoo,2023-12-13 16:42:26
2020-06-23,XLK,104.80999755859376,105.83000183105467,104.4800033569336,104.62999725341795,9514000,100.04368991756029,0.0,1.0,yahoo,2023-12-13 16:42:26
2020-06-24,XLK,104.1999969482422,104.77999877929688,101.70999908447266,102.2699966430664,12712800,97.78713658233069,0.0,1.0,yahoo,2023-12-13 16:42:26
2020-06-25,XLK,102.41999816894533,103.69000244140624,101.30999755859376,103.58000183105467,10267200,99.03971955335062,0.0,1.0,yahoo,2023-12-13 16:42:26
2020-06-26,XLK,103.37999725341795,103.52999877929688,101.2300033569336,101.54000091552734,22137800,97.08913918078076,0.0,1.0,yahoo,2023-12-13 16:42:26
2020-06-29,XLK,101.52999877929688,102.66000366210938,100.30999755859376,102.6500015258789,9273600,98.15048449078158,0.0,1.0,yahoo,2023-12-13 16:42:26
2020-06-30,XLK,102.66000366210938,104.91000366210938,102.5199966430664,104.48999786376952,8250000,99.90982720233232,0.0,1.0,yahoo,2023-12-13 16:42:26
2020-07-01,XLK,104.55999755859376,105.2699966430664,104.08000183105467,104.66000366210938,10854600,100.0723810379413,0.0,1.0,yahoo,2023-12-13 16:42:26
2020-07-02,XLK,105.6500015258789,106.22000122070312,105.0500030517578,105.2699966430664,9572300,100.65563584287976,0.0,1.0,yahoo,2023-12-13 16:42:26
2020-07-06,XLK,106.62999725341795,107.61000061035156,106.56999969482422,107.11000061035156,8023100,102.41498584940138,0.0,1.0,yahoo,2023-12-13 16:42:26
2020-07-07,XLK,106.98999786376952,108.06999969482422,105.87999725341795,105.98999786376952,7931800,101.34407683260686,0.0,1.0,yahoo,2023-12-13 16:42:26
2020-07-08,XLK,106.83000183105467,107.7300033569336,106.26000213623048,107.72000122070312,6663500,102.99824794931068,0.0,1.0,yahoo,2023-12-13 16:42:26
2020-07-09,XLK,108.5999984741211,108.62000274658205,106.55999755859376,108.11000061035156,8883900,103.3711522695844,0.0,1.0,yahoo,2023-12-13 16:42:26
2020-07-10,XLK,107.86000061035156,108.12999725341795,106.8000030517578,108.08000183105467,7362300,103.34246844417423,0.0,1.0,yahoo,2023-12-13 16:42:26
2020-07-13,XLK,109.0,109.72000122070312,105.56999969482422,105.83999633789062,14455200,101.20065041058525,0.0,1.0,yahoo,2023-12-13 16:42:26
2020-07-14,XLK,105.0,107.20999908447266,103.87999725341795,107.05999755859376,15026600,102.3671746104039,0.0,1.0,yahoo,2023-12-13 16:42:26
2020-07-15,XLK,108.04000091552734,108.56999969482422,106.37999725341795,107.63999938964844,11889600,102.92175288490303,0.0,1.0,yahoo,2023-12-13 16:42:26
2020-07-16,XLK,106.48999786376952,106.79000091552734,105.48999786376952,106.30999755859376,8590300,101.65004979526663,0.0,1.0,yahoo,2023-12-13 16:42:26
2020-07-17,XLK,106.94000244140624,107.12999725341795,105.8499984741211,106.83000183105467,6355200,102.14726041894545,0.0,1.0,yahoo,2023-12-13 16:42:26
2020-07-20,XLK,107.12999725341795,109.81999969482422,106.52999877929688,109.55999755859376,8509200,104.75759066086145,0.0,1.0,yahoo,2023-12-13 16:42:26
2020-07-21,XLK,110.33999633789062,110.37999725341795,108.05999755859376,108.45999908447266,9397400,103.70580905765428,0.0,1.0,yahoo,2023-12-13 16:42:26
2020-07-22,XLK,108.55999755859376,109.66999816894533,108.47000122070312,109.33000183105467,7514000,104.53767646940301,0.0,1.0,yahoo,2023-12-13 16:42:26
2020-07-23,XLK,108.75,109.47000122070312,106.01000213623048,106.48999786376952,11674800,101.82216004269837,0.0,1.0,yahoo,2023-12-13 16:42:26
2020-07-24,XLK,104.70999908447266,105.88999938964844,103.47000122070312,105.1999969482422,11455800,100.5887044852658,0.0,1.0,yahoo,2023-12-13 16:42:26
2020-07-27,XLK,105.83999633789062,106.97000122070312,105.62999725341795,106.86000061035156,8454000,102.17594424435562,0.0,1.0,yahoo,2023-12-13 16:42:26
2020-07-28,XLK,106.52999877929688,106.86000061035156,105.52999877929688,105.61000061035156,8912700,100.98073621912684,0.0,1.0,yahoo,2023-12-13 16:42:26
2020-07-29,XLK,106.01000213623048,107.43000030517578,106.01000213623048,107.13999938964844,6593500,102.44366967481152,0.0,1.0,yahoo,2023-12-13 16:42:26
2020-07-30,XLK,106.16999816894533,107.80999755859376,105.5999984741211,107.73999786376952,10778400,103.01736806792715,0.0,1.0,yahoo,2023-12-13 16:42:26
2020-07-31,XLK,109.44000244140624,110.47000122070312,107.66000366210938,110.43000030517578,12592900,105.58945807261017,0.0,1.0,yahoo,2023-12-13 16:42:26
2020-08-03,XLK,111.93000030517578,113.51000213623048,111.87999725341795,113.1500015258789,12163500,108.19023190270333,0.0,1.0,yahoo,2023-12-13 16:42:26
2020-08-04,XLK,112.91000366210938,113.4499969482422,112.41999816894533,113.44000244140624,8985800,108.4675210399529,0.0,1.0,yahoo,2023-12-13 16:42:26
2020-08-05,XLK,113.8000030517578,114.12000274658205,113.29000091552734,113.86000061035156,6480100,108.86910918563679,0.0,1.0,yahoo,2023-12-13 16:42:26
2020-08-06,XLK,113.7699966430664,115.56999969482422,113.5199966430664,115.45999908447266,8199700,110.39897399893545,0.0,1.0,yahoo,2023-12-13 16:42:26
2020-08-07,XLK,115.0,115.01000213623048,112.83999633789062,113.73999786376952,13738100,108.7543665890253,0.0,1.0,yahoo,2023-12-13 16:42:26
2020-08-10,XLK,113.95999908447266,114.1500015258789,111.88999938964844,113.41999816894533,8240600,108.44839362636559,0.0,1.0,yahoo,2023-12-13 16:42:26
2020-08-11,XLK,113.0500030517578,113.52999877929688,111.1500015258789,111.37999725341795,9422200,106.4978132537957,0.0,1.0,yahoo,2023-12-13 16:42:26
2020-08-12,XLK,112.27999877929688,114.20999908447266,112.13999938964844,113.91000366210938,7098400,108.91692042463427,0.0,1.0,yahoo,2023-12-13 16:42:26
2020-08-13,XLK,114.06999969482422,114.91000366210938,113.5500030517578,113.95999908447266,5726800,108.96472436866091,0.0,1.0,yahoo,2023-12-13 16:42:26
2020-08-14,XLK,114.01000213623048,114.20999908447266,113.25,113.87999725341795,4167100,108.88822930425326,0.0,1.0,yahoo,2023-12-13 16:42:26
2020-08-17,XLK,114.56999969482422,114.9000015258789,114.43000030517578,114.63999938964844,4087300,109.6149178261842,0.0,1.0,yahoo,2023-12-13 16:42:26
2020-08-18,XLK,114.86000061035156,115.37999725341795,114.0999984741211,115.06999969482422,4465000,110.02606967866174,0.0,1.0,yahoo,2023-12-13 16:42:26
2020-08-19,XLK,115.36000061035156,115.87000274658205,114.73999786376952,114.93000030517578,7119700,109.89220696343378,0.0,1.0,yahoo,2023-12-13 16:42:26
2020-08-20,XLK,114.5,116.69000244140624,114.37999725341795,116.45999908447266,6401500,111.35514041911847,0.0,1.0,yahoo,2023-12-13 16:42:26
2020-08-21,XLK,116.56999969482422,118.06999969482422,116.51000213623048,117.94000244140624,7644300,112.77026993077651,0.0,1.0,yahoo,2023-12-13 16:42:26
2020-08-24,XLK,119.63999938964844,119.68000030517578,117.97000122070312,118.95999908447266,8220300,113.74555646957603,0.0,1.0,yahoo,2023-12-13 16:42:26
2020-08-25,XLK,118.69000244140624,119.61000061035156,118.51000213623048,119.55999755859376,9314100,114.3192548626917,0.0,1.0,yahoo,2023-12-13 16:42:26
2020-08-26,XLK,120.80999755859376,122.30999755859376,120.54000091552734,121.98999786376952,8231500,116.64273955553524,0.0,1.0,yahoo,2023-12-13 16:42:26
2020-08-27,XLK,122.5,123.05999755859376,120.98999786376952,122.08999633789062,9087100,116.7383547385594,0.0,1.0,yahoo,2023-12-13 16:42:26
2020-08-28,XLK,122.56999969482422,123.55999755859376,122.41000366210938,123.16000366210938,6546300,117.76145981132724,0.0,1.0,yahoo,2023-12-13 16:42:26
2020-08-31,XLK,123.6500015258789,124.3499984741211,122.87999725341795,123.5500030517578,9520000,118.13436413160095,0.0,1.0,yahoo,2023-12-13 16:42:26
2020-09-01,XLK,124.66000366210938,126.06999969482422,123.87999725341795,125.91000366210938,12806300,120.39091746683056,0.0,1.0,yahoo,2023-12-13 16:42:26
2020-09-02,XLK,127.70999908447266,127.72000122070312,124.80999755859376,127.02999877929688,20197500,121.4618191886542,0.0,1.0,yahoo,2023-12-13 16:42:26
2020-09-03,XLK,125.0,125.0999984741211,118.8000030517578,119.79000091552734,27081000,114.53917634912095,0.0,1.0,yahoo,2023-12-13 16:42:26
2020-09-04,XLK,119.12000274658205,120.81999969482422,113.0500030517578,118.12000274658205,31272100,112.94238017820831,0.0,1.0,yahoo,2023-12-13 16:42:26
2020-09-08,XLK,113.62999725341795,116.33000183105467,112.58000183105467,112.77999877929688,23930200,107.83644770104611,0.0,1.0,yahoo,2023-12-13 16:42:26
2020-09-09,XLK,115.52999877929688,117.5999984741211,114.2699966430664,116.45999908447266,18391900,111.35514041911847,0.0,1.0,yahoo,2023-12-13 16:42:26
2020-09-10,XLK,118.05999755859376,118.23999786376952,113.13999938964844,113.83000183105467,16054900,108.84042536022662,0.0,1.0,yahoo,2023-12-13 16:42:26
2020-09-11,XLK,114.9000015258789,115.33999633789062,111.5199966430664,112.95999908447266,18583200,108.00855794847789,0.0,1.0,yahoo,2023-12-13 16:42:26
2020-09-14,XLK,114.83999633789062,115.9499969482422,114.3000030517578,115.33000183105467,12365100,110.27467499050115,0.0,1.0,yahoo,2023-12-13 16:42:26
2020-09-15,XLK,117.08999633789062,117.3000030517578,115.69000244140624,116.47000122070312,9130200,111.36470412591214,0.0,1.0,yahoo,2023-12-13 16:42:26
2020-09-16,XLK,116.98999786376952,117.1500015258789,114.55999755859376,114.66999816894533,9818500,109.64360165159437,0.0,1.0,yahoo,2023-12-13 16:42:26
2020-09-17,XLK,111.98999786376952,114.51000213623048,111.80999755859376,113.72000122070312,15201800,108.73524647040882,0.0,1.0,yahoo,2023-12-13 16:42:26
2020-09-18,XLK,113.91000366210938,114.11000061035156,110.37999725341795,111.76000213623048,20918800,106.86116116224662,0.0,1.0,yahoo,2023-12-13 16:42:26
2020-09-21,XLK,109.5,112.48999786376952,109.11000061035156,112.44000244140624,19190900,107.74949101716184,0.247,1.0,yahoo,2023-12-13 16:42:26
2020-09-22,XLK,113.70999908447266,114.51000213623048,111.77999877929688,114.22000122070312,12768700,109.45523593281457,0.0,1.0,yahoo,2023-12-13 16:42:26
2020-09-23,XLK,114.27999877929688,114.38999938964844,110.31999969482422,110.66000366210938,11853900,106.04374610150914,0.0,1.0,yahoo,2023-12-13 16:42:26
2020-09-24,XLK,109.62999725341795,112.66000366210938,109.48999786376952,111.27999877929688,15919300,106.63787769933519,0.0,1.0,yahoo,2023-12-13 16:42:26
2020-09-25,XLK,111.33999633789062,114.27999877929688,110.63999938964844,113.94000244140624,9663300,109.18691749365064,0.0,1.0,yahoo,2023-12-13 16:42:26
2020-09-28,XLK,115.83000183105467,116.12999725341795,114.87000274658205,116.12000274658205,8736600,111.27597759859289,0.0,1.0,yahoo,2023-12-13 16:42:26
2020-09-29,XLK,115.97000122070312,116.45999908447266,115.4800033569336,115.7300033569336,10425500,110.90224729959613,0.0,1.0,yahoo,2023-12-13 16:42:26
2020-09-30,XLK,115.66999816894533,117.88999938964844,115.62000274658205,116.6999969482422,11159200,111.83177694637709,0.0,1.0,yahoo,2023-12-13 16:42:26
2020-10-01,XLK,118.31999969482422,118.4800033569336,117.18000030517578,117.93000030517578,13538200,113.01046987399471,0.0,1.0,yahoo,2023-12-13 16:42:26
2020-10-02,XLK,115.02999877929688,116.94000244140624,114.4800033569336,114.94000244140624,18625800,110.14520181130985,0.0,1.0,yahoo,2023-12-13 16:42:26
2020-10-05,XLK,115.76000213623048,117.52999877929688,115.69000244140624,117.45999908447266,6135300,112.56007507491422,0.0,1.0,yahoo,2023-12-13 16:42:26
2020-10-06,XLK,117.18000030517578,118.29000091552734,115.2300033569336,115.63999938964844,13431100,110.81599790921965,0.0,1.0,yahoo,2023-12-13 16:42:26
2020-10-07,XLK,116.8499984741211,117.98999786376952,116.76000213623048,117.76000213623048,6496200,112.84756329466364,0.0,1.0,yahoo,2023-12-13 16:42:26
2020-10-08,XLK,118.79000091552734,118.79000091552734,117.97000122070312,118.37000274658205,5054800,113.43211731332609,0.0,1.0,yahoo,2023-12-13 16:42:26
2020-10-09,XLK,118.93000030517578,120.20999908447266,118.9000015258789,120.18000030517578,7212700,115.16660958872791,0.0,1.0,yahoo,2023-12-13 16:42:26
2020-10-12,XLK,121.9499969482422,124.2699966430664,121.33999633789062,123.45999908447266,9581900,118.30978098086943,0.0,1.0,yahoo,2023-12-13 16:42:26
2020-10-13,XLK,123.86000061035156,124.08000183105467,122.1999969482422,122.66999816894533,8806900,117.55273549258318,0.0,1.0,yahoo,2023-12-13 16:42:26
2020-10-14,XLK,122.97000122070312,123.62000274658205,121.11000061035156,122.0199966430664,7267000,116.92984922387886,0.0,1.0,yahoo,2023-12-13 16:42:26
2020-10-15,XLK,120.0,121.70999908447266,119.68000030517578,121.47000122070312,6592500,116.40279723584378,0.0,1.0,yahoo,2023-12-13 16:42:26
2020-10-16,XLK,122.13999938964844,122.62999725341795,121.01000213623048,121.12000274658205,5772100,116.06739918688889,0.0,1.0,yahoo,2023-12-13 16:42:26
2020-10-19,XLK,121.7300033569336,122.19000244140624,118.52999877929688,118.9000015258789,8308200,113.9400068319048,0.0,1.0,yahoo,2023-12-13 16:42:26
2020-10-20,XLK,119.3499984741211,120.56999969482422,118.58000183105467,119.30999755859376,7283300,114.33289960035793,0.0,1.0,yahoo,2023-12-13 16:42:26
2020-10-21,XLK,119.0199966430664,120.2699966430664,118.86000061035156,119.12999725341795,6085900,114.16040813073408,0.0,1.0,yahoo,2023-12-13 16:42:26
2020-10-22,XLK,119.18000030517578,119.56999969482422,117.20999908447266,118.56999969482422,6743200,113.62377125240627,0.0,1.0,yahoo,2023-12-13 16:42:26
2020-10-23,XLK,118.73999786376952,118.76000213623048,117.4499969482422,118.44000244140624,5156400,113.49919692311704,0.0,1.0,yahoo,2023-12-13 16:42:26
2020-10-26,XLK,117.12999725341795,118.06999969482422,114.43000030517578,115.87000274658205,9094600,111.03640651917809,0.0,1.0,yahoo,2023-12-13 16:42:26
2020-10-27,XLK,116.43000030517578,116.94000244140624,115.79000091552734,116.4499969482422,9532400,111.59220586696229,0.0,1.0,yahoo,2023-12-13 16:42:26
2020-10-28,XLK,114.23999786376952,114.30999755859376,111.31999969482422,111.51000213623048,16378300,106.85828630929365,0.0,1.0,yahoo,2023-12-13 16:42:26
2020-10-29,XLK,111.94000244140624,114.68000030517578,111.87000274658205,113.37000274658205,9704500,108.64069572503008,0.0,1.0,yahoo,2023-12-13 16:42:26
2020-10-30,XLK,111.77999877929688,112.4800033569336,109.56999969482422,110.86000061035156,12924300,106.23540004058933,0.0,1.0,yahoo,2023-12-13 16:42:26
2020-11-02,XLK,111.70999908447266,112.62000274658205,110.08000183105467,111.13999938964844,12019900,106.50371847975325,0.0,1.0,yahoo,2023-12-13 16:42:26
2020-11-03,XLK,112.01000213623048,114.0999984741211,111.5500030517578,113.0999984741211,10485100,108.38195486502978,0.0,1.0,yahoo,2023-12-13 16:42:26
2020-11-04,XLK,116.54000091552734,118.37999725341795,115.37000274658205,117.5,15381900,112.59840732495609,0.0,1.0,yahoo,2023-12-13 16:42:26
2020-11-05,XLK,120.58999633789062,121.5,120.08999633789062,121.1500015258789,11094900,116.096146546638,0.0,1.0,yahoo,2023-12-13 16:42:26
2020-11-06,XLK,120.86000061035156,121.97000122070312,119.20999908447266,121.58000183105467,9727600,116.5082090956766,0.0,1.0,yahoo,2023-12-13 16:42:26
2020-11-09,XLK,124.16000366210938,125.36000061035156,120.58999633789062,120.6999969482422,19884100,115.66491421701389,0.0,1.0,yahoo,2023-12-13 16:42:26
2020-11-10,XLK,119.6500015258789,120.48999786376952,117.48999786376952,118.4499969482422,11769200,113.50877450228069,0.0,1.0,yahoo,2023-12-13 16:42:26
2020-11-11,XLK,119.6500015258789,121.58999633789062,119.41000366210938,121.26000213623048,7244300,116.20155840647085,0.0,1.0,yahoo,2023-12-13 16:42:26
2020-11-12,XLK,121.26000213623048,121.86000061035156,119.62000274658205,120.18000030517578,7176400,115.16660958872791,0.0,1.0,yahoo,2023-12-13 16:42:26
2020-11-13,XLK,121.08999633789062,121.4499969482422,119.9499969482422,121.1999969482422,5925800,116.14405637584349,0.0,1.0,yahoo,2023-12-13 16:42:26
2020-11-16,XLK,121.20999908447266,122.58999633789062,120.95999908447266,122.37000274658205,7432100,117.2652545839629,0.0,1.0,yahoo,2023-12-13 16:42:26
2020-11-17,XLK,121.76000213623048,122.3499984741211,121.16999816894533,121.69000244140624,4969700,116.61362095550945,0.0,1.0,yahoo,2023-12-13 16:42:26
2020-11-18,XLK,121.4800033569336,122.05999755859376,120.33999633789062,120.38999938964844,4771400,115.36784841810085,0.0,1.0,yahoo,2023-12-13 16:42:26
2020-11-19,XLK,120.1500015258789,121.58000183105467,119.62000274658205,121.36000061035156,6077600,116.29738537601094,0.0,1.0,yahoo,2023-12-13 16:42:26
2020-11-20,XLK,121.47000122070312,121.5,120.06999969482422,120.11000061035156,4957900,115.09952997893693,0.0,1.0,yahoo,2023-12-13 16:42:26
2020-11-23,XLK,120.4800033569336,121.2699966430664,119.04000091552734,120.08000183105467,4903500,115.07078261918781,0.0,1.0,yahoo,2023-12-13 16:42:26
2020-11-24,XLK,120.54000091552734,121.98999786376952,119.66999816894533,121.75,6817000,116.67111567500768,0.0,1.0,yahoo,2023-12-13 16:42:26
2020-11-25,XLK,122.16999816894533,122.5199966430664,121.5500030517578,122.01000213623048,6093200,116.92027164471526,0.0,1.0,yahoo,2023-12-13 16:42:26
2020-11-27,XLK,122.66000366210938,123.18000030517578,122.43000030517578,122.66000366210938,3512900,117.54315791341955,0.0,1.0,yahoo,2023-12-13 16:42:26
2020-11-30,XLK,122.62000274658205,123.66000366210938,121.2300033569336,123.4800033569336,16114600,118.32895076145492,0.0,1.0,yahoo,2023-12-13 16:42:26
2020-12-01,XLK,124.5,125.75,123.9800033569336,125.05999755859376,11340600,119.84303442689834,0.0,1.0,yahoo,2023-12-13 16:42:26
2020-12-02,XLK,124.52999877929688,125.01000213623048,123.58999633789062,124.87000274658205,8019400,119.6609653781109,0.0,1.0,yahoo,2023-12-13 16:42:26
2020-12-03,XLK,125.01000213623048,125.62999725341795,124.45999908447266,124.79000091552734,6887700,119.58430087802715,0.0,1.0,yahoo,2023-12-13 16:42:26
2020-12-04,XLK,124.97000122070312,126.05999755859376,124.6999969482422,126.04000091552734,5179400,120.78215627510116,0.0,1.0,yahoo,2023-12-13 16:42:26
2020-12-07,XLK,126.11000061035156,126.7699966430664,125.88999938964844,126.4000015258789,4452700,121.1271392143488,0.0,1.0,yahoo,2023-12-13 16:42:26
2020-12-08,XLK,126.27999877929688,127.20999908447266,125.73999786376952,126.80999755859376,3943400,121.52003198280194,0.0,1.0,yahoo,2023-12-13 16:42:26
2020-12-09,XLK,126.7300033569336,127.11000061035156,123.9499969482422,124.37999725341795,8635900,119.19140079844489,0.0,1.0,yahoo,2023-12-13 16:42:26
2020-12-10,XLK,123.62000274658205,125.1500015258789,123.33000183105467,124.55999755859376,4998700,119.36389226806874,0.0,1.0,yahoo,2023-12-13 16:42:26
2020-12-11,XLK,123.80999755859376,124.3000030517578,122.9000015258789,124.3000030517578,6511600,119.11474360949029,0.0,1.0,yahoo,2023-12-13 16:42:26
2020-12-14,XLK,124.68000030517578,125.87000274658205,124.5999984741211,124.75,5527900,119.54596862798529,0.0,1.0,yahoo,2023-12-13 16:42:26
2020-12-15,XLK,126.0999984741211,126.83000183105467,125.29000091552734,126.83000183105467,4549600,121.53920176338741,0.0,1.0,yahoo,2023-12-13 16:42:26
2020-12-16,XLK,127.0,128.13999938964844,126.58000183105467,127.69000244140624,5154600,122.36332686146466,0.0,1.0,yahoo,2023-12-13 16:42:26
2020-12-17,XLK,128.6199951171875,128.97999572753906,128.08999633789062,128.6999969482422,5752500,123.33118875828748,0.0,1.0,yahoo,2023-12-13 16:42:26
2020-12-18,XLK,128.88999938964844,128.91000366210938,127.43000030517578,128.25,8846700,122.8999637397925,0.0,1.0,yahoo,2023-12-13 16:42:26
2020-12-21,XLK,126.33000183105467,128.13999938964844,125.1999969482422,128.0800018310547,7616100,123.0229115670656,0.298,1.0,yahoo,2023-12-13 16:42:26
2020-12-22,XLK,128.7899932861328,129.77000427246094,128.1999969482422,129.19000244140625,7167100,124.08908509122587,0.0,1.0,yahoo,2023-12-13 16:42:26
2020-12-23,XLK,129.33999633789062,129.42999267578125,128.02000427246094,128.2100067138672,5650400,123.14778335792195,0.0,1.0,yahoo,2023-12-13 16:42:26
2020-12-24,XLK,128.42999267578125,129.3800048828125,128.33999633789062,129.05999755859375,2192300,123.96421330036952,0.0,1.0,yahoo,2023-12-13 16:42:26
2020-12-28,XLK,130.33999633789062,130.77999877929688,129.72999572753906,130.52000427246094,4085500,125.36657334315221,0.0,1.0,yahoo,2023-12-13 16:42:26
2020-12-29,XLK,131.22999572753906,131.39999389648438,129.6699981689453,129.89999389648438,4420700,124.77104335748716,0.0,1.0,yahoo,2023-12-13 16:42:26
2020-12-30,XLK,130.35000610351562,130.6199951171875,129.63999938964844,129.8300018310547,4070700,124.70381484755076,0.0,1.0,yahoo,2023-12-13 16:42:26
2020-12-31,XLK,129.88999938964844,130.38999938964844,128.97000122070312,130.02000427246094,5529200,124.88631526301359,0.0,1.0,yahoo,2023-12-13 16:42:26
2021-01-04,XLK,130.67999267578125,130.7100067138672,126.23999786376952,127.9000015258789,10508600,122.85001836508943,0.0,1.0,yahoo,2023-12-13 16:42:26
2021-01-05,XLK,127.61000061035156,128.94000244140625,127.52999877929688,128.72999572753906,6180700,123.64724120872042,0.0,1.0,yahoo,2023-12-13 16:42:26
2021-01-06,XLK,126.88999938964844,128.97999572753906,126.12000274658205,126.51000213623048,13629000,121.51490148855663,0.0,1.0,yahoo,2023-12-13 16:42:26
2021-01-07,XLK,127.7300033569336,130.1699981689453,127.68000030517578,129.9199981689453,9826000,124.79025778446048,0.0,1.0,yahoo,2023-12-13 16:42:26
2021-01-08,XLK,130.55999755859375,131.11000061035156,129.27999877929688,130.75999450683594,6193800,125.59708784157812,0.0,1.0,yahoo,2023-12-13 16:42:26
2021-01-11,XLK,129.49000549316406,130.60000610351562,129.13999938964844,129.67999267578125,8926600,124.55972862972109,0.0,1.0,yahoo,2023-12-13 16:42:26
2021-01-12,XLK,129.52000427246094,129.69000244140625,127.83000183105467,129.05999755859375,8544600,123.96421330036952,0.0,1.0,yahoo,2023-12-13 16:42:26
2021-01-13,XLK,129.22999572753906,130.27999877929688,128.97999572753906,129.8800048828125,6802600,124.75184358682732,0.0,1.0,yahoo,2023-12-13 16:42:26
2021-01-14,XLK,130.1999969482422,130.47000122070312,128.5500030517578,128.74000549316406,7812400,123.65685575036382,0.0,1.0,yahoo,2023-12-13 16:42:26
2021-01-15,XLK,128.5500030517578,129.1199951171875,127.16000366210938,127.41999816894533,6320600,122.38896738376741,0.0,1.0,yahoo,2023-12-13 16:42:26
2021-01-19,XLK,128.3000030517578,129.3000030517578,127.8499984741211,129.0800018310547,5784800,123.98342772734283,0.0,1.0,yahoo,2023-12-13 16:42:26
2021-01-20,XLK,130.07000732421875,132.10000610351562,129.88999938964844,131.63999938964844,5885000,126.4423467526424,0.0,1.0,yahoo,2023-12-13 16:42:26
2021-01-21,XLK,132.35000610351562,133.77999877929688,131.63999938964844,133.33999633789062,4472600,128.075221293851,0.0,1.0,yahoo,2023-12-13 16:42:26
2021-01-22,XLK,132.77999877929688,133.5,132.50999450683594,132.8300018310547,5621800,127.58536332838246,0.0,1.0,yahoo,2023-12-13 16:42:26
2021-01-25,XLK,134.3300018310547,134.7899932861328,130.6999969482422,133.94000244140625,9102600,128.65153685254273,0.0,1.0,yahoo,2023-12-13 16:42:26
2021-01-26,XLK,134.41000366210938,134.6199951171875,133.52000427246094,134.02999877929688,4296700,128.73797978945245,0.0,1.0,yahoo,2023-12-13 16:42:26
2021-01-27,XLK,133.38999938964844,133.82000732421875,130.30999755859375,131.5,12242300,126.30787507645611,0.0,1.0,yahoo,2023-12-13 16:42:26
2021-01-28,XLK,132.1699981689453,134.24000549316406,131.72000122070312,132.0399932861328,8090800,126.8265473542279,0.0,1.0,yahoo,2023-12-13 16:42:26
2021-01-29,XLK,131.3800048828125,131.89999389648438,128.22999572753906,128.92999267578125,9511600,123.83934150951316,0.0,1.0,yahoo,2023-12-13 16:42:26
2021-02-01,XLK,130.4600067138672,132.8000030517578,129.5,132.16000366210938,5616300,126.94181925975433,0.0,1.0,yahoo,2023-12-13 16:42:26
2021-02-02,XLK,133.44000244140625,134.33999633789062,133.25,133.9499969482422,4297500,128.66113673787265,0.0,1.0,yahoo,2023-12-13 16:42:26
2021-02-03,XLK,134.22000122070312,134.5,133.08999633789062,133.49000549316406,5787400,128.21930751168065,0.0,1.0,yahoo,2023-12-13 16:42:26
2021-02-04,XLK,134.2100067138672,135.6199951171875,133.82000732421875,135.6199951171875,4067100,130.265196966778,0.0,1.0,yahoo,2023-12-13 16:42:26
2021-02-05,XLK,136.02999877929688,136.0500030517578,134.92999267578125,135.32000732421875,4706900,129.9770538437456,0.0,1.0,yahoo,2023-12-13 16:42:26
2021-02-08,XLK,135.8699951171875,136.8000030517578,135.67999267578125,136.74000549316406,5856600,131.34098503258167,0.0,1.0,yahoo,2023-12-13 16:42:26
2021-02-09,XLK,136.3800048828125,137.22999572753906,136.33999633789062,136.5800018310547,5276100,131.18729892942207,0.0,1.0,yahoo,2023-12-13 16:42:26
2021-02-10,XLK,137.1300048828125,137.3000030517578,135.22000122070312,136.3800048828125,4732200,130.99519862862934,0.0,1.0,yahoo,2023-12-13 16:42:26
2021-02-11,XLK,137.3000030517578,137.97000122070312,136.77000427246094,137.8800048828125,3782900,132.43597286904517,0.0,1.0,yahoo,2023-12-13 16:42:26
2021-02-12,XLK,137.52000427246094,138.67999267578125,137.13999938964844,138.58999633789062,3377800,133.11793113530646,0.0,1.0,yahoo,2023-12-13 16:42:26
2021-02-16,XLK,139.13999938964844,139.24000549316406,137.77999877929688,138.13999938964844,4861100,132.6857017944444,0.0,1.0,yahoo,2023-12-13 16:42:26
2021-02-17,XLK,136.8699951171875,137.22000122070312,135.5399932861328,136.9199981689453,7637400,131.5138709064011,0.0,1.0,yahoo,2023-12-13 16:42:26
2021-02-18,XLK,135.5,136.47999572753906,134.52999877929688,136.25,5477400,130.87032683777298,0.0,1.0,yahoo,2023-12-13 16:42:26
2021-02-19,XLK,136.9499969482422,137.07000732421875,135.44000244140625,136.0500030517578,5842800,130.67822653698022,0.0,1.0,yahoo,2023-12-13 16:42:26
2021-02-22,XLK,134.3800048828125,134.82000732421875,132.97000122070312,133.0500030517578,7131300,127.79667805614852,0.0,1.0,yahoo,2023-12-13 16:42:26
2021-02-23,XLK,130.83999633789062,133.5,128.61000061035156,132.67999267578125,12099200,127.44127711055279,0.0,1.0,yahoo,2023-12-13 16:42:26
2021-02-24,XLK,131.69000244140625,134.8300018310547,130.67999267578125,134.7100067138672,8236100,129.39113839972396,0.0,1.0,yahoo,2023-12-13 16:42:26
2021-02-25,XLK,133.50999450683594,134.39999389648438,129.4199981689453,130.0,17156900,124.86710083604027,0.0,1.0,yahoo,2023-12-13 16:42:26
2021-02-26,XLK,131.2899932861328,132.6999969482422,129.52999877929688,130.69000244140625,17755800,125.52985933164172,0.0,1.0,yahoo,2023-12-13 16:42:26
2021-03-01,XLK,132.91000366210938,134.97999572753906,132.07000732421875,134.89999389648438,12386900,129.57362415887332,0.0,1.0,yahoo,2023-12-13 16:42:26
2021-03-02,XLK,135.08999633789062,135.17999267578125,132.57000732421875,132.75999450683594,12401400,127.51812016213258,0.0,1.0,yahoo,2023-12-13 16:42:26
2021-03-03,XLK,132.1199951171875,132.5,129.27999877929688,129.4199981689453,14944800,124.30999970432185,0.0,1.0,yahoo,2023-12-13 16:42:26
2021-03-04,XLK,129.02000427246094,129.9600067138672,124.95999908447266,126.55999755859376,38477800,121.56292289967645,0.0,1.0,yahoo,2023-12-13 16:42:26
2021-03-05,XLK,128.13999938964844,129.30999755859375,124.70999908447266,128.9499969482422,23042900,123.85855593648648,0.0,1.0,yahoo,2023-12-13 16:42:26
2021-03-08,XLK,128.8300018310547,129.4499969482422,125.6999969482422,125.83000183105467,17621200,120.86175020644181,0.0,1.0,yahoo,2023-12-13 16:42:26
2021-03-09,XLK,128.77000427246094,130.91000366210938,128.60000610351562,130.11000061035156,11493600,124.9727581999233,0.0,1.0,yahoo,2023-12-13 16:42:26
2021-03-10,XLK,131.50999450683594,131.52999877929688,129.49000549316406,129.58999633789062,9229500,124.47328569281137,0.0,1.0,yahoo,2023-12-13 16:42:26
2021-03-11,XLK,131.5399932861328,133.17999267578125,131.25999450683594,132.36000061035156,6681400,127.13391956054708,0.0,1.0,yahoo,2023-12-13 16:42:26
2021-03-12,XLK,130.77999877929688,131.4499969482422,129.94000244140625,131.41000366210938,6221100,126.22143213954641,0.0,1.0,yahoo,2023-12-13 16:42:26
2021-03-15,XLK,131.50999450683594,132.88999938964844,130.99000549316406,132.80999755859375,8292500,127.56614890140914,0.0,1.0,yahoo,2023-12-13 16:42:26
2021-03-16,XLK,133.8300018310547,135.08999633789062,133.24000549316406,133.80999755859375,6553400,128.52666506168637,0.0,1.0,yahoo,2023-12-13 16:42:26
2021-03-17,XLK,132.72999572753906,134.5,131.72000122070312,133.6999969482422,9683200,128.42100769780333,0.0,1.0,yahoo,2023-12-13 16:42:26
2021-03-18,XLK,131.8699951171875,132.10000610351562,129.8300018310547,129.99000549316406,8792400,124.85750095071035,0.0,1.0,yahoo,2023-12-13 16:42:26
2021-03-19,XLK,130.02000427246094,130.58999633789062,128.97999572753906,129.60000610351562,13612400,124.48290023445477,0.0,1.0,yahoo,2023-12-13 16:42:26
2021-03-22,XLK,130.02000427246094,132.50999450683594,129.80999755859375,131.8699951171875,7992100,126.93063839235236,0.273,1.0,yahoo,2023-12-13 16:42:26
2021-03-23,XLK,132.22999572753906,132.80999755859375,130.6999969482422,131.0500030517578,6464600,126.14136016231102,0.0,1.0,yahoo,2023-12-13 16:42:26
2021-03-24,XLK,131.83999633789062,131.86000061035156,129.44000244140625,129.4600067138672,7104700,124.61091913946416,0.0,1.0,yahoo,2023-12-13 16:42:26
2021-03-25,XLK,128.69000244140625,129.9600067138672,127.72000122070312,129.3800048828125,11286500,124.5339138777342,0.0,1.0,yahoo,2023-12-13 16:42:26
2021-03-26,XLK,129.30999755859375,132.80999755859375,129.25999450683594,132.6699981689453,7441600,127.70067632240013,0.0,1.0,yahoo,2023-12-13 16:42:26
2021-03-29,XLK,132.27000427246094,132.63999938964844,130.97999572753906,131.97999572753906,8658900,127.03651879132458,0.0,1.0,yahoo,2023-12-13 16:42:26
2021-03-30,XLK,131.0500030517578,131.19000244140625,129.94000244140625,130.72999572753906,6617700,125.83333911539115,0.0,1.0,yahoo,2023-12-13 16:42:26
2021-03-31,XLK,131.72999572753906,133.6199951171875,131.6199951171875,132.80999755859375,7715200,127.8354318586146,0.0,1.0,yahoo,2023-12-13 16:42:26
2021-04-01,XLK,134.25999450683594,135.49000549316406,134.1300048828125,135.47999572753906,7175800,130.40542188393817,0.0,1.0,yahoo,2023-12-13 16:42:26
2021-04-05,XLK,136.27000427246094,138.52000427246094,136.08999633789062,138.27999877929688,6433400,133.10054729547943,0.0,1.0,yahoo,2023-12-13 16:42:26
2021-04-06,XLK,138.05999755859375,138.50999450683594,137.22999572753906,137.69000244140625,5657800,132.5326500133793,0.0,1.0,yahoo,2023-12-13 16:42:26
2021-04-07,XLK,137.5800018310547,138.6699981689453,137.0800018310547,138.4199981689453,5042600,133.2353028316939,0.0,1.0,yahoo,2023-12-13 16:42:26
2021-04-08,XLK,139.72000122070312,140.4499969482422,139.47999572753906,140.4199981689453,7072300,135.16039031318738,0.0,1.0,yahoo,2023-12-13 16:42:26
2021-04-09,XLK,139.91000366210938,141.80999755859375,139.66000366210938,141.77000427246094,4700500,136.45983023809626,0.0,1.0,yahoo,2023-12-13 16:42:26
2021-04-12,XLK,141.19000244140625,141.5399932861328,140.39999389648438,141.08999633789062,7953500,135.8052928570175,0.0,1.0,yahoo,2023-12-13 16:42:26
2021-04-13,XLK,141.6300048828125,142.52999877929688,141.3699951171875,142.4199981689453,5657900,137.08547779468088,0.0,1.0,yahoo,2023-12-13 16:42:26
2021-04-14,XLK,142.39999389648438,142.47000122070312,140.63999938964844,140.91000366210938,5608100,135.63204203356398,0.0,1.0,yahoo,2023-12-13 16:42:26
2021-04-15,XLK,142.1999969482422,143.44000244140625,142.17999267578125,143.3300018310547,5514400,137.96139612370087,0.0,1.0,yahoo,2023-12-13 16:42:26
2021-04-16,XLK,143.44000244140625,143.57000732421875,142.6999969482422,143.3000030517578,5847800,137.93252098645863,0.0,1.0,yahoo,2023-12-13 16:42:26
2021-04-19,XLK,142.66000366210938,143.32000732421875,141.25999450683594,142.11000061035156,5127000,136.78709158500968,0.0,1.0,yahoo,2023-12-13 16:42:26
2021-04-20,XLK,141.80999755859375,142.42999267578125,140.05999755859375,140.85000610351562,4936700,135.57429175907947,0.0,1.0,yahoo,2023-12-13 16:42:26
2021-04-21,XLK,140.60000610351562,142.32000732421875,140.2100067138672,142.27000427246094,4627100,136.94110210846964,0.0,1.0,yahoo,2023-12-13 16:42:26
2021-04-22,XLK,142.02000427246094,142.6300048828125,139.97999572753906,140.60000610351562,5826100,135.3336558238928,0.0,1.0,yahoo,2023-12-13 16:42:26
2021-04-23,XLK,140.86000061035156,143.14999389648438,140.8300018310547,142.6999969482422,4443000,137.35498886710982,0.0,1.0,yahoo,2023-12-13 16:42:26
2021-04-26,XLK,142.75,143.5800018310547,142.64999389648438,143.42999267578125,3867500,138.05764168542441,0.0,1.0,yahoo,2023-12-13 16:42:26
2021-04-27,XLK,143.66000366210938,143.77000427246094,142.57000732421875,143.0800018310547,5411000,137.7207601885142,0.0,1.0,yahoo,2023-12-13 16:42:26
2021-04-28,XLK,142.25,142.44000244140625,141.41000366210938,141.75,5345600,136.4405752508508,0.0,1.0,yahoo,2023-12-13 16:42:26
2021-04-29,XLK,142.91000366210938,143.08999633789062,140.19000244140625,141.6300048828125,6708300,136.3250747018818,0.0,1.0,yahoo,2023-12-13 16:42:26
2021-04-30,XLK,140.19000244140625,140.9499969482422,139.3699951171875,139.6999969482422,5291700,134.4673576448696,0.0,1.0,yahoo,2023-12-13 16:42:26
2021-05-03,XLK,140.4499969482422,140.72999572753906,138.9600067138672,139.30999755859375,5402900,134.09196617346842,0.0,1.0,yahoo,2023-12-13 16:42:26
2021-05-04,XLK,138.27000427246094,138.30999755859375,135.2899932861328,136.80999755859375,9959800,131.68560682160157,0.0,1.0,yahoo,2023-12-13 16:42:26
2021-05-05,XLK,137.92999267578125,137.99000549316406,136.22000122070312,136.47999572753906,5622900,131.36796562468493,0.0,1.0,yahoo,2023-12-13 16:42:26
2021-05-06,XLK,136.4199981689453,137.92999267578125,135.44000244140625,137.85000610351562,7169300,132.68666053683924,0.0,1.0,yahoo,2023-12-13 16:42:26
2021-05-07,XLK,139.22999572753906,139.85000610351562,138.42999267578125,139.02999877929688,9598300,133.82245510103948,0.0,1.0,yahoo,2023-12-13 16:42:26
2021-05-10,XLK,138.36000061035156,138.42999267578125,135.47000122070312,135.52000427246094,10140500,130.44393185842912,0.0,1.0,yahoo,2023-12-13 16:42:26
2021-05-11,XLK,132.92999267578125,135.38999938964844,132.61000061035156,135.11000061035156,13523400,130.0492853997825,0.0,1.0,yahoo,2023-12-13 16:42:26
2021-05-12,XLK,133.1199951171875,133.85000610351562,130.9600067138672,131.30999755859375,14707300,126.39161624749448,0.0,1.0,yahoo,2023-12-13 16:42:26
2021-05-13,XLK,132.75,134.25,132.16000366210938,133.0500030517578,11305200,128.0664476438045,0.0,1.0,yahoo,2023-12-13 16:42:26
2021-05-14,XLK,134.5399932861328,136.4499969482422,134.27999877929688,135.97999572753906,8411500,130.88669375431155,0.0,1.0,yahoo,2023-12-13 16:42:26
2021-05-17,XLK,135.17999267578125,135.22000122070312,133.75,134.97999572753906,8133600,129.9241500135648,0.0,1.0,yahoo,2023-12-13 16:42:26
2021-05-18,XLK,135.3699951171875,135.64999389648438,133.80999755859375,133.89999389648438,5868600,128.8846010110881,0.0,1.0,yahoo,2023-12-13 16:42:26
2021-05-19,XLK,131.82000732421875,134.47000122070312,131.5,134.3699951171875,15290600,129.33699774421922,0.0,1.0,yahoo,2023-12-13 16:42:26
2021-05-20,XLK,134.91000366210938,137.39999389648438,134.88999938964844,136.94000244140625,8414100,131.81074220781926,0.0,1.0,yahoo,2023-12-13 16:42:26
2021-05-21,XLK,137.63999938964844,137.77000427246094,136.07000732421875,136.19000244140625,7074200,131.0888344022592,0.0,1.0,yahoo,2023-12-13 16:42:26
2021-05-24,XLK,137.32000732421875,139.08999633789062,137.25,138.61000061035156,6614500,133.4181884923961,0.0,1.0,yahoo,2023-12-13 16:42:26
2021-05-25,XLK,139.1699981689453,139.49000549316406,138.33999633789062,138.64999389648438,5622900,133.4566837796351,0.0,1.0,yahoo,2023-12-13 16:42:26
2021-05-26,XLK,138.85000610351562,139.25,138.19000244140625,138.63999938964844,6655700,133.44706362963834,0.0,1.0,yahoo,2023-12-13 16:42:26
2021-05-27,XLK,138.52000427246094,139.08999633789062,137.8800048828125,137.91000366210938,5677300,132.74441081132375,0.0,1.0,yahoo,2023-12-13 16:42:26
2021-05-28,XLK,138.61000061035156,139.1999969482422,138.3300018310547,138.39999389648438,4611300,133.21604784444844,0.0,1.0,yahoo,2023-12-13 16:42:26
2021-06-01,XLK,139.02000427246094,139.1699981689453,137.47000122070312,137.72000122070312,6453700,132.56152515062158,0.0,1.0,yahoo,2023-12-13 16:42:26
2021-06-02,XLK,138.0,139.22999572753906,137.74000549316406,138.6699981689453,5049100,133.4759387668806,0.0,1.0,yahoo,2023-12-13 16:42:26
2021-06-03,XLK,137.5500030517578,138.10000610351562,136.5399932861328,137.3800048828125,6360600,132.23426380370813,0.0,1.0,yahoo,2023-12-13 16:42:26
2021-06-04,XLK,138.22000122070312,140.17999267578125,138.22000122070312,140.02000427246094,5591300,134.77537869178946,0.0,1.0,yahoo,2023-12-13 16:42:26
2021-06-07,XLK,139.89999389648438,140.14999389648438,139.30999755859375,139.99000549316406,5892000,134.74650355454722,0.0,1.0,yahoo,2023-12-13 16:42:26
2021-06-08,XLK,140.66000366210938,141.25,139.61000061035156,140.0,4451300,134.756123704544,0.0,1.0,yahoo,2023-12-13 16:42:26
2021-06-09,XLK,140.67999267578125,140.9199981689453,140.02000427246094,140.10000610351562,4881700,134.85238395351942,0.0,1.0,yahoo,2023-12-13 16:42:26
2021-06-10,XLK,140.38999938964844,141.47999572753906,139.88999938964844,141.1300048828125,5637700,135.8438028315084,0.0,1.0,yahoo,2023-12-13 16:42:26
2021-06-11,XLK,141.30999755859375,141.97000122070312,141.17999267578125,141.97000122070312,6050300,136.65233604879523,0.0,1.0,yahoo,2023-12-13 16:42:26
2021-06-14,XLK,142.11000061035156,143.4199981689453,141.52999877929688,143.41000366210938,5713300,138.03840138543083,0.0,1.0,yahoo,2023-12-13 16:42:26
2021-06-15,XLK,143.3000030517578,143.3000030517578,142.27000427246094,142.52999877929688,7539800,137.1913581936531,0.0,1.0,yahoo,2023-12-13 16:42:26
2021-06-16,XLK,142.8000030517578,143.07000732421875,140.3699951171875,141.75999450683594,9601400,136.45019540084758,0.0,1.0,yahoo,2023-12-13 16:42:26
2021-06-17,XLK,141.35000610351562,143.99000549316406,141.35000610351562,143.39999389648438,7932100,138.02876654818215,0.0,1.0,yahoo,2023-12-13 16:42:26
2021-06-18,XLK,142.7100067138672,143.27000427246094,141.9199981689453,142.08999633789062,10408300,136.76783659776422,0.0,1.0,yahoo,2023-12-13 16:42:26
2021-06-21,XLK,141.88999938964844,143.42999267578125,140.97000122070312,143.35000610351562,6138000,138.23359456589347,0.26,1.0,yahoo,2023-12-13 16:42:26
2021-06-22,XLK,143.25999450683594,144.72999572753906,143.10000610351562,144.64999389648438,4626600,139.4871835290086,0.0,1.0,yahoo,2023-12-13 16:42:26
2021-06-23,XLK,144.6699981689453,145.0,144.1699981689453,144.49000549316406,4135500,139.33290539061875,0.0,1.0,yahoo,2023-12-13 16:42:26
2021-06-24,XLK,145.4199981689453,145.83999633789062,145.11000061035156,145.39999389648438,6139500,140.21041472196407,0.0,1.0,yahoo,2023-12-13 16:42:26
2021-06-25,XLK,145.52999877929688,145.63999938964844,144.99000549316406,145.22999572753906,7192900,140.04648408392865,0.0,1.0,yahoo,2023-12-13 16:42:26
2021-06-28,XLK,145.8300018310547,146.9199981689453,145.8000030517578,146.75,6278700,141.51223675495444,0.0,1.0,yahoo,2023-12-13 16:42:26
2021-06-29,XLK,146.8300018310547,147.88999938964844,146.49000549316406,147.82000732421875,4914600,142.5440536530422,0.0,1.0,yahoo,2023-12-13 16:42:26
2021-06-30,XLK,147.58999633789062,148.02000427246094,147.1999969482422,147.66000366210938,5506800,142.38976080047607,0.0,1.0,yahoo,2023-12-13 16:42:26
2021-07-01,XLK,147.4600067138672,147.91000366210938,146.91000366210938,147.91000366210938,5818300,142.63083786479456,0.0,1.0,yahoo,2023-12-13 16:42:26
2021-07-02,XLK,148.6199951171875,150.00999450683594,148.5800018310547,149.86000061035156,6390000,144.51123602364353,0.0,1.0,yahoo,2023-12-13 16:42:26
2021-07-06,XLK,150.17999267578125,151.13999938964844,148.99000549316406,150.42999267578125,5935300,145.060884078918,0.0,1.0,yahoo,2023-12-13 16:42:26
2021-07-07,XLK,151.38999938964844,151.55999755859375,150.0399932861328,151.25,7441900,145.85162391268727,0.0,1.0,yahoo,2023-12-13 16:42:26
2021-07-08,XLK,148.8699951171875,150.24000549316406,148.1999969482422,149.82000732421875,8543100,144.47267016759014,0.0,1.0,yahoo,2023-12-13 16:42:26
2021-07-09,XLK,149.63999938964844,151.33999633789062,149.4199981689453,151.1999969482422,4887900,145.80340555698834,0.0,1.0,yahoo,2023-12-13 16:42:26
2021-07-12,XLK,151.8000030517578,151.8699951171875,150.8300018310547,151.32000732421875,4809800,145.91913255350107,0.0,1.0,yahoo,2023-12-13 16:42:26
2021-07-13,XLK,151.05999755859375,153.0399932861328,150.92999267578125,151.94000244140625,7601400,146.51699896447454,0.0,1.0,yahoo,2023-12-13 16:42:26
2021-07-14,XLK,153.16000366210938,153.83999633789062,152.38999938964844,153.05999755859375,6443400,147.59701950408495,0.0,1.0,yahoo,2023-12-13 16:42:26
2021-07-15,XLK,152.8800048828125,153.0,150.99000549316406,151.8000030517578,6253100,146.38199639702322,0.0,1.0,yahoo,2023-12-13 16:42:26
2021-07-16,XLK,152.10000610351562,152.82000732421875,150.14999389648438,150.3000030517578,7540200,144.93553401111228,0.0,1.0,yahoo,2023-12-13 16:42:26
2021-07-19,XLK,148.50999450683594,148.9199981689453,147.3699951171875,148.22999572753906,12127000,142.93940885575054,0.0,1.0,yahoo,2023-12-13 16:42:26
2021-07-20,XLK,148.97000122070312,151.25999450683594,148.11000061035156,150.42999267578125,7357800,145.060884078918,0.0,1.0,yahoo,2023-12-13 16:42:26
2021-07-21,XLK,150.3699951171875,151.91000366210938,150.08999633789062,151.8800048828125,6117000,146.4591428233063,0.0,1.0,yahoo,2023-12-13 16:42:26
2021-07-22,XLK,152.1999969482422,153.1199951171875,152.1999969482422,153.0,4788900,147.53916336291672,0.0,1.0,yahoo,2023-12-13 16:42:26
2021-07-23,XLK,153.67999267578125,154.60000610351562,153.1300048828125,154.52000427246094,6288100,149.00491603394252,0.0,1.0,yahoo,2023-12-13 16:42:26
2021-07-26,XLK,154.1300048828125,154.72000122070312,153.5500030517578,154.44000244140625,4496700,148.92776960765943,0.0,1.0,yahoo,2023-12-13 16:42:26
2021-07-27,XLK,154.25,154.3000030517578,151.0500030517578,152.97999572753906,9044900,147.5198730778019,0.0,1.0,yahoo,2023-12-13 16:42:26
2021-07-28,XLK,153.02999877929688,153.60000610351562,151.3300018310547,152.7899932861328,6970600,147.33665215465163,0.0,1.0,yahoo,2023-12-13 16:47:43
2021-07-29,XLK,152.6300048828125,154.02000427246094,152.61000061035156,153.5,6015300,148.0213174915537,0.0,1.0,yahoo,2023-12-13 16:47:43
2021-07-30,XLK,152.52000427246094,153.55999755859375,152.47999572753906,153.39999389648438,5074400,147.9248807801558,0.0,1.0,yahoo,2023-12-13 16:47:43
2021-08-02,XLK,154.08999633789062,154.3000030517578,152.63999938964844,152.85000610351562,6102600,147.39452300999613,0.0,1.0,yahoo,2023-12-13 16:47:43
2021-08-03,XLK,153.1300048828125,153.91000366210938,151.88999938964844,153.8300018310547,5412400,148.33954098215528,0.0,1.0,yahoo,2023-12-13 16:47:43
2021-08-04,XLK,153.7100067138672,154.52000427246094,153.22000122070312,154.13999938964844,5661400,148.638474187642,0.0,1.0,yahoo,2023-12-13 16:47:43
2021-08-05,XLK,154.4199981689453,155.0399932861328,153.9600067138672,154.99000549316406,3337300,149.45814209199537,0.0,1.0,yahoo,2023-12-13 16:47:43
2021-08-06,XLK,154.4499969482422,155.0399932861328,154.41000366210938,154.86000061035156,3801400,149.33277731001334,0.0,1.0,yahoo,2023-12-13 16:47:43
2021-08-09,XLK,155.0399932861328,155.32000732421875,154.2100067138672,154.36000061035156,3599100,148.85062318137636,0.0,1.0,yahoo,2023-12-13 16:47:43
2021-08-10,XLK,154.63999938964844,154.77999877929688,152.80999755859375,153.25,5210700,147.7802404272352,0.0,1.0,yahoo,2023-12-13 16:47:43
2021-08-11,XLK,153.77999877929688,154.05999755859375,152.49000549316406,153.27000427246094,5415800,147.79953071235005,0.0,1.0,yahoo,2023-12-13 16:47:43
2021-08-12,XLK,153.11000061035156,154.24000549316406,152.47999572753906,154.14999389648438,3473900,148.64811197311127,0.0,1.0,yahoo,2023-12-13 16:47:43
2021-08-13,XLK,154.25,155.02999877929688,154.0800018310547,154.99000549316406,2815400,149.45814209199537,0.0,1.0,yahoo,2023-12-13 16:47:43
2021-08-16,XLK,154.6199951171875,155.7100067138672,153.30999755859375,155.69000244140625,4746900,150.1331549292519,0.0,1.0,yahoo,2023-12-13 16:47:43
2021-08-17,XLK,154.74000549316406,154.99000549316406,153.44000244140625,154.39999389648438,9526300,148.88918903742976,0.0,1.0,yahoo,2023-12-13 16:47:43
2021-08-18,XLK,154.0399932861328,154.72999572753906,152.10000610351562,152.27000427246094,6740600,146.8352224550761,0.0,1.0,yahoo,2023-12-13 16:47:43
2021-08-19,XLK,151.42999267578125,154.3300018310547,151.2100067138672,153.75999450683594,9645500,148.2720323413415,0.0,1.0,yahoo,2023-12-13 16:47:43
2021-08-20,XLK,154.33999633789062,155.8800048828125,153.97000122070312,155.74000549316406,7384700,150.18137328495087,0.0,1.0,yahoo,2023-12-13 16:47:43
2021-08-23,XLK,156.14999389648438,157.97000122070312,156.13999938964844,157.75,5401200,152.11962758496807,0.0,1.0,yahoo,2023-12-13 16:47:43
2021-08-24,XLK,157.9499969482422,158.1300048828125,157.42999267578125,157.57000732421875,4768500,151.94605916146335,0.0,1.0,yahoo,2023-12-13 16:47:43
2021-08-25,XLK,157.94000244140625,158.36000061035156,157.22000122070312,157.47999572753906,4715200,151.85926023553472,0.0,1.0,yahoo,2023-12-13 16:47:43
2021-08-26,XLK,157.2899932861328,157.61000061035156,156.36000061035156,156.49000549316406,6028300,150.90460447790633,0.0,1.0,yahoo,2023-12-13 16:47:43
2021-08-27,XLK,156.6300048828125,158.11000061035156,156.36000061035156,158.0,7044400,152.36070464928656,0.0,1.0,yahoo,2023-12-13 16:47:43
2021-08-30,XLK,158.47000122070312,159.88999938964844,158.47000122070312,159.6999969482422,5013400,154.00002574381705,0.0,1.0,yahoo,2023-12-13 16:47:43
2021-08-31,XLK,159.8000030517578,159.85000610351562,158.55999755859375,158.86000061035156,10985500,153.19001033910922,0.0,1.0,yahoo,2023-12-13 16:47:43
2021-09-01,XLK,159.41000366210938,160.1300048828125,158.77000427246094,158.89999389648438,10144900,153.22857619516262,0.0,1.0,yahoo,2023-12-13 16:47:43
2021-09-02,XLK,159.49000549316406,159.6999969482422,158.08999633789062,158.72999572753906,10884800,153.0646455571272,0.0,1.0,yahoo,2023-12-13 16:47:43
2021-09-03,XLK,158.5399932861328,159.77999877929688,158.49000549316406,159.36000061035156,10602400,153.6721644677462,0.0,1.0,yahoo,2023-12-13 16:47:43
2021-09-07,XLK,159.5500030517578,159.74000549316406,158.64999389648438,159.39999389648438,9860900,153.7107303237996,0.0,1.0,yahoo,2023-12-13 16:47:43
2021-09-08,XLK,159.3800048828125,159.42999267578125,157.66000366210938,158.7899932861328,5733200,153.12250169829542,0.0,1.0,yahoo,2023-12-13 16:47:43
2021-09-09,XLK,158.89999389648438,159.4499969482422,158.05999755859375,158.19000244140625,5580500,152.54392557243682,0.0,1.0,yahoo,2023-12-13 16:47:43
2021-09-10,XLK,159.07000732421875,159.4600067138672,156.47000122070312,156.6300048828125,8540100,151.03960704535763,0.0,1.0,yahoo,2023-12-13 16:47:43
2021-09-13,XLK,157.82000732421875,158.22999572753906,155.64999389648438,156.67999267578125,11318900,151.0878106868803,0.0,1.0,yahoo,2023-12-13 16:47:43
2021-09-14,XLK,157.35000610351562,157.6699981689453,156.05999755859375,156.47999572753906,9215800,150.89495197826076,0.0,1.0,yahoo,2023-12-13 16:47:43
2021-09-15,XLK,157.00999450683594,157.97999572753906,156.1300048828125,157.85000610351562,8169600,152.21606429636597,0.0,1.0,yahoo,2023-12-13 16:47:43
2021-09-16,XLK,157.2899932861328,158.10000610351562,156.32000732421875,157.94000244140625,8074300,152.30284850811833,0.0,1.0,yahoo,2023-12-13 16:47:43
2021-09-17,XLK,157.52999877929688,157.5399932861328,155.25,155.47999572753906,11331500,149.9306437209868,0.0,1.0,yahoo,2023-12-13 16:47:43
2021-09-20,XLK,152.92999267578125,153.7100067138672,150.35000610351562,152.3800048828125,17834700,147.1997580727184,0.273,1.0,yahoo,2023-12-13 16:47:43
2021-09-21,XLK,153.30999755859375,153.69000244140625,151.85000610351562,152.44000244140625,9227500,147.25771597944473,0.0,1.0,yahoo,2023-12-13 16:47:43
2021-09-22,XLK,153.27000427246094,155.1300048828125,152.58999633789062,154.52999877929688,13995300,149.27666167738562,0.0,1.0,yahoo,2023-12-13 16:47:43
2021-09-23,XLK,155.3300018310547,156.97000122070312,154.85000610351562,156.60000610351562,9767000,151.27629789978954,0.0,1.0,yahoo,2023-12-13 16:47:43
2021-09-24,XLK,155.64999389648438,156.97000122070312,155.5800018310547,156.7100067138672,5826200,151.38255897547367,0.0,1.0,yahoo,2023-12-13 16:47:43
2021-09-27,XLK,155.38999938964844,155.75,154.1999969482422,155.19000244140625,7507500,149.91422813149043,0.0,1.0,yahoo,2023-12-13 16:47:43
2021-09-28,XLK,153.1999969482422,153.5500030517578,150.47000122070312,150.58999633789062,19095300,145.4706019084091,0.0,1.0,yahoo,2023-12-13 16:47:43
2021-09-29,XLK,151.2100067138672,152.0,150.13999938964844,150.39999389648438,12506000,145.28705871040398,0.0,1.0,yahoo,2023-12-13 16:47:43
2021-09-30,XLK,151.27999877929688,151.92999267578125,149.24000549316406,149.32000732421875,16707800,144.24378690921495,0.0,1.0,yahoo,2023-12-13 16:47:43
2021-10-01,XLK,149.86000061035156,151.89999389648438,148.33999633789062,151.57000732421875,22741900,146.4172968517978,0.0,1.0,yahoo,2023-12-13 16:47:43
2021-10-04,XLK,150.6999969482422,150.8800048828125,146.8800048828125,148.05999755859375,25386500,143.02661190773165,0.0,1.0,yahoo,2023-12-13 16:47:43
2021-10-05,XLK,148.36000061035156,151.02999877929688,148.22000122070312,150.1699981689453,16483500,145.06488182126722,0.0,1.0,yahoo,2023-12-13 16:47:43
2021-10-06,XLK,148.44000244140625,151.25999450683594,147.9499969482422,151.14999389648438,20002400,146.01156202459828,0.0,1.0,yahoo,2023-12-13 16:47:43
2021-10-07,XLK,152.4600067138672,153.7100067138672,152.25,152.52999877929688,9947800,147.3446528395342,0.0,1.0,yahoo,2023-12-13 16:47:43
2021-10-08,XLK,153.1199951171875,153.22999572753906,151.7100067138672,151.9600067138672,9213200,146.79403798557652,0.0,1.0,yahoo,2023-12-13 16:47:43
2021-10-11,XLK,151.27999877929688,153.14999389648438,151.00999450683594,151.1199951171875,7485300,145.9825830712351,0.0,1.0,yahoo,2023-12-13 16:47:43
2021-10-12,XLK,151.7100067138672,151.89999389648438,150.08999633789062,150.33999633789062,8926700,145.22910080367765,0.0,1.0,yahoo,2023-12-13 16:47:43
2021-10-13,XLK,150.99000549316406,151.58999633789062,150.00999450683594,151.25999450683594,9760800,146.1178231002824,0.0,1.0,yahoo,2023-12-13 16:47:43
2021-10-14,XLK,152.8000030517578,154.74000549316406,152.5800018310547,154.6699981689453,7598600,149.41190170643293,0.0,1.0,yahoo,2023-12-13 16:47:43
2021-10-15,XLK,155.2100067138672,155.94000244140625,154.74000549316406,155.91000366210938,6389600,150.60975249232155,0.0,1.0,yahoo,2023-12-13 16:47:43
2021-10-18,XLK,155.0399932861328,157.30999755859375,154.61000061035156,157.22999572753906,5815100,151.88487066047352,0.0,1.0,yahoo,2023-12-13 16:47:43
2021-10-19,XLK,157.64999389648438,158.7899932861328,157.3300018310547,158.7899932861328,6600700,153.3918351955884,0.0,1.0,yahoo,2023-12-13 16:47:43
2021-10-20,XLK,158.94000244140625,159.1699981689453,157.66000366210938,158.35000610351562,6012700,152.9668056329095,0.0,1.0,yahoo,2023-12-13 16:47:43
2021-10-21,XLK,157.8699951171875,159.0399932861328,157.5399932861328,158.9600067138672,5011600,153.55606891805652,0.0,1.0,yahoo,2023-12-13 16:47:43
2021-10-22,XLK,158.89999389648438,159.55999755859375,157.75,158.41000366210938,6245000,153.02476353963584,0.0,1.0,yahoo,2023-12-13 16:47:43
2021-10-25,XLK,159.00999450683594,159.5,158.30999755859375,158.92999267578125,5168400,153.5270752246357,0.0,1.0,yahoo,2023-12-13 16:47:43
2021-10-26,XLK,160.0,160.6699981689453,159.3000030517578,159.3800048828125,6594800,153.9617890051984,0.0,1.0,yahoo,2023-12-13 16:47:43
2021-10-27,XLK,159.64999389648438,160.4600067138672,159.0800018310547,159.24000549316406,8724000,153.8265489761511,0.0,1.0,yahoo,2023-12-13 16:47:43
2021-10-28,XLK,160.2100067138672,160.9600067138672,159.91000366210938,160.83999633789062,6378400,155.37214720239763,0.0,1.0,yahoo,2023-12-13 16:47:43
2021-10-29,XLK,159.25999450683594,161.6300048828125,159.07000732421875,161.52999877929688,10065900,156.03869260986562,0.0,1.0,yahoo,2023-12-13 16:47:43
2021-11-01,XLK,161.52999877929688,161.61000061035156,160.47000122070312,161.2899932861328,12210600,155.80684624290268,0.0,1.0,yahoo,2023-12-13 16:47:43
2021-11-02,XLK,161.50999450683594,163.11000061035156,161.50999450683594,162.7100067138672,13407300,157.17858548902794,0.0,1.0,yahoo,2023-12-13 16:47:43
2021-11-03,XLK,162.99000549316406,164.0,162.0399932861328,163.66000366210938,12989300,158.09628673899581,0.0,1.0,yahoo,2023-12-13 16:47:43
2021-11-04,XLK,164.27999877929688,166.6199951171875,163.99000549316406,166.22000122070312,14345700,160.5692556930364,0.0,1.0,yahoo,2023-12-13 16:47:43
2021-11-05,XLK,167.44000244140625,168.02000427246094,166.0399932861328,167.0800018310547,12111800,161.40002008291484,0.0,1.0,yahoo,2023-12-13 16:47:43
2021-11-08,XLK,167.6199951171875,168.27000427246094,167.22999572753906,167.97999572753906,6390500,162.2694181639249,0.0,1.0,yahoo,2023-12-13 16:47:43
2021-11-09,XLK,168.22999572753906,168.41000366210938,166.44000244140625,167.2899932861328,8411500,161.60287275645695,0.0,1.0,yahoo,2023-12-13 16:47:43
2021-11-10,XLK,166.0,166.8300018310547,164.02999877929688,164.52999877929688,12894400,158.93670586664274,0.0,1.0,yahoo,2023-12-13 16:47:43
2021-11-11,XLK,165.7100067138672,165.77999877929688,165.02999877929688,165.3000030517578,5051900,159.68053339643168,0.0,1.0,yahoo,2023-12-13 16:47:43
2021-11-12,XLK,165.85000610351562,167.58999633789062,165.57000732421875,167.30999755859375,6122100,161.6221969720516,0.0,1.0,yahoo,2023-12-13 16:47:43
2021-11-15,XLK,167.97999572753906,168.22000122070312,166.19000244140625,167.13999938964844,6245100,161.45797798964117,0.0,1.0,yahoo,2023-12-13 16:47:43
2021-11-16,XLK,166.94000244140625,169.1300048828125,166.83999633789062,168.89999389648438,6769400,163.15814046052967,0.0,1.0,yahoo,2023-12-13 16:47:43
2021-11-17,XLK,168.57000732421875,169.4499969482422,167.86000061035156,168.38999938964844,7708900,162.66548351329828,0.0,1.0,yahoo,2023-12-13 16:47:43
2021-11-18,XLK,169.36000061035156,170.30999755859375,168.13999938964844,170.07000732421875,9982000,164.28837860192348,0.0,1.0,yahoo,2023-12-13 16:47:43
2021-11-19,XLK,170.67999267578125,171.9600067138672,170.11000061035156,171.30999755859375,8857300,165.48621464775445,0.0,1.0,yahoo,2023-12-13 16:47:43
2021-11-22,XLK,171.97999572753906,174.25,169.3000030517578,169.39999389648438,14225800,163.64114266999252,0.0,1.0,yahoo,2023-12-13 16:47:43
2021-11-23,XLK,168.75,169.5500030517578,166.8699951171875,169.00999450683594,14619900,163.2644015362138,0.0,1.0,yahoo,2023-12-13 16:47:43
2021-11-24,XLK,168.0,170.27999877929688,167.17999267578125,170.24000549316406,9120500,164.45259758433392,0.0,1.0,yahoo,2023-12-13 16:47:43
2021-11-26,XLK,167.80999755859375,169.11000061035156,165.3300018310547,165.99000549316406,12383900,160.34707880389965,0.0,1.0,yahoo,2023-12-13 16:47:43
2021-11-29,XLK,168.4600067138672,170.60000610351562,167.92999267578125,170.13999938964844,12489900,164.35599124641828,0.0,1.0,yahoo,2023-12-13 16:47:43
2021-11-30,XLK,169.5,171.0500030517578,167.27999877929688,168.72000122070312,27033400,162.9842667403507,0.0,1.0,yahoo,2023-12-13 16:47:43
2021-12-01,XLK,170.5,171.7899932861328,166.25999450683594,166.41000366210938,19542100,160.75279889104152,0.0,1.0,yahoo,2023-12-13 16:47:43
2021-12-02,XLK,164.8699951171875,168.7100067138672,164.50999450683594,167.94000244140625,23436200,162.23078447279326,0.0,1.0,yahoo,2023-12-13 16:47:43
2021-12-03,XLK,168.4199981689453,168.94000244140625,163.0500030517578,165.1300048828125,24235000,159.51631441402122,0.0,1.0,yahoo,2023-12-13 16:47:43
2021-12-06,XLK,165.61000061035156,167.1999969482422,163.88999938964844,166.6999969482422,18900200,161.0329336869046,0.0,1.0,yahoo,2023-12-13 16:47:43
2021-12-07,XLK,170.02000427246094,172.72999572753906,170.0,172.52000427246094,14345500,166.65508648027995,0.0,1.0,yahoo,2023-12-13 16:47:43
2021-12-08,XLK,172.5800018310547,173.42999267578125,171.38999938964844,173.30999755859375,11630800,167.4182234856059,0.0,1.0,yahoo,2023-12-13 16:47:43
2021-12-09,XLK,172.8800048828125,174.00999450683594,171.3000030517578,171.44000244140625,8600500,165.61179993903326,0.0,1.0,yahoo,2023-12-13 16:47:43
2021-12-10,XLK,173.24000549316406,175.10000610351562,172.72999572753906,174.8800048828125,12388300,168.93485749854693,0.0,1.0,yahoo,2023-12-13 16:47:43
2021-12-13,XLK,175.24000549316406,175.5800018310547,172.02999877929688,172.27999877929688,10487000,166.423240113317,0.0,1.0,yahoo,2023-12-13 16:47:43
2021-12-14,XLK,170.1999969482422,171.2899932861328,167.41000366210938,169.4499969482422,13547400,163.68944583895032,0.0,1.0,yahoo,2023-12-13 16:47:43
2021-12-15,XLK,169.58999633789062,174.11000061035156,167.97999572753906,173.94000244140625,14135400,168.02681098634753,0.0,1.0,yahoo,2023-12-13 16:47:43
2021-12-16,XLK,174.58999633789062,174.8699951171875,168.00999450683594,169.00999450683594,15637800,163.2644015362138,0.0,1.0,yahoo,2023-12-13 16:47:43
2021-12-17,XLK,167.14999389648438,169.52000427246094,166.27999877929688,167.8800048828125,22410800,162.17282656606693,0.0,1.0,yahoo,2023-12-13 16:47:43
2021-12-20,XLK,165.0,166.08999633789062,164.36000061035156,165.57000732421875,16324800,160.24393989061932,0.317,1.0,yahoo,2023-12-13 16:47:43
2021-12-21,XLK,167.33999633789062,169.89999389648438,165.7899932861328,169.75999450683594,8405400,164.2991432760912,0.0,1.0,yahoo,2023-12-13 16:47:43
2021-12-22,XLK,169.52999877929688,172.10000610351562,169.0800018310547,171.97999572753906,6688100,166.44773134416346,0.0,1.0,yahoo,2023-12-13 16:47:43
2021-12-23,XLK,172.2100067138672,173.6300048828125,172.19000244140625,172.94000244140625,4896300,167.37685649573928,0.0,1.0,yahoo,2023-12-13 16:47:43
2021-12-27,XLK,173.6300048828125,176.69000244140625,173.58999633789062,176.64999389648438,6633300,170.96750468939487,0.0,1.0,yahoo,2023-12-13 16:47:43
2021-12-28,XLK,176.97999572753906,177.0399932861328,175.2899932861328,175.72999572753906,5711100,170.077101085104,0.0,1.0,yahoo,2023-12-13 16:47:43
2021-12-29,XLK,175.7899932861328,176.58999633789062,174.97000122070312,175.8800048828125,4843900,170.2222847355076,0.0,1.0,yahoo,2023-12-13 16:47:43
2021-12-30,XLK,175.9499969482422,176.5399932861328,174.50999450683594,174.72000122070312,5263200,169.09959615133693,0.0,1.0,yahoo,2023-12-13 16:47:43
2021-12-31,XLK,174.5500030517578,174.97000122070312,173.7899932861328,173.8699951171875,5121500,168.27693310287975,0.0,1.0,yahoo,2023-12-13 16:47:43
2022-01-03,XLK,174.10000610351562,175.67999267578125,173.33999633789062,175.52000427246094,10151400,169.87386464965957,0.0,1.0,yahoo,2023-12-13 16:47:43
2022-01-04,XLK,175.82000732421875,176.0,172.35000610351562,173.66000366210938,8324000,168.0736966674353,0.0,1.0,yahoo,2023-12-13 16:47:43
2022-01-05,XLK,172.64999389648438,172.77999877929688,168.25999450683594,168.32000732421875,11814200,162.9054777006424,0.0,1.0,yahoo,2023-12-13 16:47:43
2022-01-06,XLK,166.97999572753906,169.1999969482422,166.47000122070312,167.47000122070312,11883600,162.08281465218522,0.0,1.0,yahoo,2023-12-13 16:47:43
2022-01-07,XLK,167.36000061035156,168.16000366210938,164.83999633789062,165.92999267578125,15244300,160.59234520852408,0.0,1.0,yahoo,2023-12-13 16:47:43
2022-01-10,XLK,163.4600067138672,166.1699981689453,161.2899932861328,165.9600067138672,16250700,160.62139375295942,0.0,1.0,yahoo,2023-12-13 16:47:43
2022-01-11,XLK,165.52999877929688,168.19000244140625,164.3000030517578,167.9499969482422,9603800,162.54736984400148,0.0,1.0,yahoo,2023-12-13 16:47:43
2022-01-12,XLK,169.1999969482422,170.36000061035156,167.89999389648438,168.74000549316406,9072000,163.31196533947454,0.0,1.0,yahoo,2023-12-13 16:47:43
2022-01-13,XLK,169.61000061035156,170.10000610351562,163.9499969482422,164.3699951171875,10471300,159.08252975916372,0.0,1.0,yahoo,2023-12-13 16:47:43
2022-01-14,XLK,163.25,165.86000061035156,163.25,165.75999450683594,11175700,160.4278155524213,0.0,1.0,yahoo,2023-12-13 16:47:43
2022-01-18,XLK,163.35000610351562,164.32000732421875,161.3300018310547,161.77999877929688,12347100,156.57584860239385,0.0,1.0,yahoo,2023-12-13 16:47:43
2022-01-19,XLK,162.2899932861328,164.2899932861328,159.36000061035156,159.52000427246094,12480700,154.38855375497994,0.0,1.0,yahoo,2023-12-13 16:47:43
2022-01-20,XLK,160.94000244140625,162.75,157.25,157.4600067138672,18804500,152.39482234016086,0.0,1.0,yahoo,2023-12-13 16:47:43
2022-01-21,XLK,157.0800018310547,158.88999938964844,154.2899932861328,154.3300018310547,24008300,149.3655036706473,0.0,1.0,yahoo,2023-12-13 16:47:43
2022-01-24,XLK,151.75999450683594,155.24000549316406,146.24000549316406,155.1300048828125,33706700,150.13977216896996,0.0,1.0,yahoo,2023-12-13 16:47:43
2022-01-25,XLK,152.08999633789062,154.4199981689453,149.8000030517578,151.5399932861328,24443100,146.66524431333931,0.0,1.0,yahoo,2023-12-13 16:47:43
2022-01-26,XLK,155.66000366210938,157.47999572753906,150.6199951171875,152.42999267578125,26798100,147.52661414113814,0.0,1.0,yahoo,2023-12-13 16:47:43
2022-01-27,XLK,154.89999389648438,155.72000122070312,150.8300018310547,151.3800048828125,19723400,146.5104024280294,0.0,1.0,yahoo,2023-12-13 16:47:43
2022-01-28,XLK,153.25999450683594,158.0399932861328,150.97999572753906,158.0,22118000,152.91744508496126,0.0,1.0,yahoo,2023-12-13 16:47:43
2022-01-31,XLK,158.0399932861328,162.17999267578125,157.27000427246094,161.97000122070312,14560500,156.7597390321391,0.0,1.0,yahoo,2023-12-13 16:47:43
2022-02-01,XLK,162.19000244140625,162.66000366210938,160.0399932861328,162.38999938964844,11694900,157.16622667097124,0.0,1.0,yahoo,2023-12-13 16:47:43
2022-02-02,XLK,162.74000549316406,163.97999572753906,161.63999938964844,163.7100067138672,12752400,158.4437719083951,0.0,1.0,yahoo,2023-12-13 16:47:43
2022-02-03,XLK,161.38999938964844,162.49000549316406,158.3699951171875,158.9600067138672,13932700,153.84657023653708,0.0,1.0,yahoo,2023-12-13 16:47:43
2022-02-04,XLK,158.11000061035156,161.0,157.44000244140625,159.60000610351562,14860700,154.46598208160654,0.0,1.0,yahoo,2023-12-13 16:47:43
2022-02-07,XLK,159.72000122070312,160.6699981689453,157.92999267578125,158.5399932861328,7311300,153.44006782976166,0.0,1.0,yahoo,2023-12-13 16:47:43
2022-02-08,XLK,158.0399932861328,160.92999267578125,157.6699981689453,160.5,10569900,155.33702491225495,0.0,1.0,yahoo,2023-12-13 16:47:43
2022-02-09,XLK,162.57000732421875,164.11000061035156,161.89999389648438,164.05999755859375,8897800,158.78250422345025,0.0,1.0,yahoo,2023-12-13 16:47:43
2022-02-10,XLK,160.8000030517578,163.52999877929688,158.92999267578125,159.77000427246094,15846100,154.6305117377093,0.0,1.0,yahoo,2023-12-13 16:47:43
2022-02-11,XLK,159.92999267578125,160.6300048828125,154.3000030517578,154.88999938964844,17439400,149.90748718909018,0.0,1.0,yahoo,2023-12-13 16:47:43
2022-02-14,XLK,154.47999572753906,156.08999633789062,153.0399932861328,154.83999633789062,20515200,149.85909263895564,0.0,1.0,yahoo,2023-12-13 16:47:43
2022-02-15,XLK,157.1699981689453,159.02000427246094,156.6199951171875,158.91000366210938,12218700,153.79817568640254,0.0,1.0,yahoo,2023-12-13 16:47:43
2022-02-16,XLK,157.8300018310547,159.3000030517578,156.11000061035156,158.75,10159100,153.64331903314937,0.0,1.0,yahoo,2023-12-13 16:47:43
2022-02-17,XLK,157.27000427246094,157.42999267578125,153.7100067138672,154.0,12453200,149.04611736129135,0.0,1.0,yahoo,2023-12-13 16:47:43
2022-02-18,XLK,154.52999877929688,154.75,151.27000427246094,152.44000244140625,12655400,147.53630191193102,0.0,1.0,yahoo,2023-12-13 16:47:43
2022-02-22,XLK,150.83999633789062,153.4499969482422,149.3800048828125,151.02999877929688,13446800,146.17165534503098,0.0,1.0,yahoo,2023-12-13 16:47:43
2022-02-23,XLK,152.60000610351562,153.00999450683594,147.08999633789062,147.25,18939700,142.5132518275984,0.0,1.0,yahoo,2023-12-13 16:47:43
2022-02-24,XLK,142.19000244140625,152.38999938964844,141.72000122070312,152.27999877929688,25483900,147.38144525867784,0.0,1.0,yahoo,2023-12-13 16:47:43
2022-02-25,XLK,152.50999450683594,154.39999389648438,150.63999938964844,154.35000610351562,14150800,149.38486444428978,0.0,1.0,yahoo,2023-12-13 16:47:43
2022-02-28,XLK,152.7100067138672,154.72000122070312,151.42999267578125,154.07000732421875,17411100,149.11387268506834,0.0,1.0,yahoo,2023-12-13 16:47:43
2022-03-01,XLK,153.49000549316406,154.27999877929688,149.80999755859375,150.99000549316406,14962500,146.13294856568933,0.0,1.0,yahoo,2023-12-13 16:47:43
2022-03-02,XLK,152.10000610351562,154.89999389648438,150.9199981689453,154.25999450683594,12796200,149.29774834687032,0.0,1.0,yahoo,2023-12-13 16:47:43
2022-03-03,XLK,155.55999755859375,155.57000732421875,151.63999938964844,152.4199981689453,11725300,147.51694113828856,0.0,1.0,yahoo,2023-12-13 16:47:43
2022-03-04,XLK,151.22999572753906,151.86000061035156,148.55999755859375,149.75,13365600,144.93283165489208,0.0,1.0,yahoo,2023-12-13 16:47:43
2022-03-07,XLK,149.6199951171875,150.30999755859375,144.19000244140625,144.27000427246094,16432100,139.62911680848842,0.0,1.0,yahoo,2023-12-13 16:47:43
2022-03-08,XLK,143.8800048828125,148.02999877929688,141.4499969482422,143.57000732421875,18449200,138.95163741043484,0.0,1.0,yahoo,2023-12-13 16:47:43
2022-03-09,XLK,147.47000122070312,149.92999267578125,146.2899932861328,149.25,17663700,144.44891568943333,0.0,1.0,yahoo,2023-12-13 16:47:43
2022-03-10,XLK,146.61000061035156,147.0500030517578,144.4199981689453,146.63999938964844,13724200,141.922873759021,0.0,1.0,yahoo,2023-12-13 16:47:43
2022-03-11,XLK,147.94000244140625,148.30999755859375,143.83999633789062,144.05999755859375,10728900,139.4258656051007,0.0,1.0,yahoo,2023-12-13 16:47:43
2022-03-14,XLK,143.39999389648438,145.02999877929688,140.97999572753906,141.38999938964844,13926200,136.84175612170424,0.0,1.0,yahoo,2023-12-13 16:47:43
2022-03-15,XLK,142.50999450683594,146.42999267578125,142.0399932861328,146.13999938964844,11496900,141.43895779356225,0.0,1.0,yahoo,2023-12-13 16:47:43
2022-03-16,XLK,147.99000549316406,150.9499969482422,145.63999938964844,150.88999938964844,13588000,146.03615946542027,0.0,1.0,yahoo,2023-12-13 16:47:43
2022-03-17,XLK,150.0800018310547,152.05999755859375,149.27000427246094,151.9600067138672,9259400,147.07174672011476,0.0,1.0,yahoo,2023-12-13 16:47:43
2022-03-18,XLK,151.4199981689453,155.35000610351562,150.67999267578125,155.07000732421875,13948900,150.08170461598584,0.0,1.0,yahoo,2023-12-13 16:47:43
2022-03-21,XLK,153.9499969482422,155.30999755859375,152.4600067138672,154.49000549316406,11170700,149.79663449325355,0.286,1.0,yahoo,2023-12-13 16:47:43
2022-03-22,XLK,154.60000610351562,157.52000427246094,154.38999938964844,156.7100067138672,8742900,151.9491925850905,0.0,1.0,yahoo,2023-12-13 16:47:43
2022-03-23,XLK,155.25,156.67999267578125,154.14999389648438,154.3000030517578,6180300,149.6124042825205,0.0,1.0,yahoo,2023-12-13 16:47:43
2022-03-24,XLK,155.16000366210938,158.35000610351562,154.63999938964844,158.30999755859375,7131700,153.50057607423577,0.0,1.0,yahoo,2023-12-13 16:47:43
2022-03-25,XLK,158.55999755859375,158.77999877929688,156.24000549316406,158.22000122070312,7437300,153.41331380448764,0.0,1.0,yahoo,2023-12-13 16:47:43
2022-03-28,XLK,157.49000549316406,160.1699981689453,157.08999633789062,160.10000610351562,9296500,155.23620456934464,0.0,1.0,yahoo,2023-12-13 16:47:43
2022-03-29,XLK,161.97000122070312,163.64999389648438,160.80999755859375,163.5,9414900,158.53290742960507,0.0,1.0,yahoo,2023-12-13 16:47:43
2022-03-30,XLK,162.66000366210938,163.1199951171875,160.47000122070312,161.32000732421875,9340100,156.41914243225432,0.0,1.0,yahoo,2023-12-13 16:47:43
2022-03-31,XLK,161.3000030517578,161.60000610351562,158.69000244140625,158.92999267578125,9712000,154.10173588169687,0.0,1.0,yahoo,2023-12-13 16:47:43
2022-04-01,XLK,159.08999633789062,159.4600067138672,156.69000244140625,158.4600067138672,14104800,153.64602798571318,0.0,1.0,yahoo,2023-12-13 16:47:43
2022-04-04,XLK,158.8699951171875,161.5500030517578,158.80999755859375,161.47000122070312,11524100,156.5645795485012,0.0,1.0,yahoo,2023-12-13 16:47:43
2022-04-05,XLK,160.77000427246094,161.13999938964844,157.52000427246094,158.07000732421875,11794100,153.26787668824076,0.0,1.0,yahoo,2023-12-13 16:47:43
2022-04-06,XLK,155.44000244140625,155.8000030517578,152.9600067138672,154.3300018310547,17112700,149.64149170576985,0.0,1.0,yahoo,2023-12-13 16:47:43
2022-04-07,XLK,153.50999450683594,155.61000061035156,152.4600067138672,154.57000732421875,11600100,149.87420588699538,0.0,1.0,yahoo,2023-12-13 16:47:43
2022-04-08,XLK,153.8800048828125,154.24000549316406,152.0800018310547,152.41000366210938,13177300,147.7798226416572,0.0,1.0,yahoo,2023-12-13 16:47:43
2022-04-11,XLK,150.5,150.69000244140625,148.3699951171875,148.57000732421875,10797700,144.0564845134319,0.0,1.0,yahoo,2023-12-13 16:47:43
2022-04-12,XLK,150.41000366210938,151.5500030517578,147.35000610351562,147.91000366210938,11086100,143.4165316114846,0.0,1.0,yahoo,2023-12-13 16:47:43
2022-04-13,XLK,148.0,150.75,147.4499969482422,150.2899932861328,7223400,145.72421769557468,0.0,1.0,yahoo,2023-12-13 16:47:43
2022-04-14,XLK,150.4499969482422,150.72000122070312,146.57000732421875,146.63999938964844,8703500,142.18510977808245,0.0,1.0,yahoo,2023-12-13 16:47:43
2022-04-18,XLK,145.9199981689453,148.07000732421875,145.8800048828125,147.1199951171875,7030300,142.65052334530296,0.0,1.0,yahoo,2023-12-13 16:47:43
2022-04-19,XLK,146.75,150.13999938964844,146.2100067138672,149.8800048828125,6781100,145.32668464608972,0.0,1.0,yahoo,2023-12-13 16:47:43
2022-04-20,XLK,151.3300018310547,151.72999572753906,149.3000030517578,149.74000549316406,7826300,145.19093840584912,0.0,1.0,yahoo,2023-12-13 16:47:43
2022-04-21,XLK,151.1999969482422,152.6199951171875,146.75,147.1999969482422,9254600,142.72809473904482,0.0,1.0,yahoo,2023-12-13 16:47:43
2022-04-22,XLK,147.0399932861328,147.89999389648438,142.8800048828125,143.0800018310547,11047400,138.7332641303383,0.0,1.0,yahoo,2023-12-13 16:47:43
2022-04-25,XLK,142.4499969482422,145.3300018310547,141.55999755859375,145.22999572753906,14353800,140.81794170443968,0.0,1.0,yahoo,2023-12-13 16:47:43
2022-04-26,XLK,143.91000366210938,144.1300048828125,139.75,139.82000732421875,12976600,135.5723075103185,0.0,1.0,yahoo,2023-12-13 16:47:43
2022-04-27,XLK,141.3800048828125,144.6199951171875,141.07000732421875,141.88999938964844,20024300,137.579413690678,0.0,1.0,yahoo,2023-12-13 16:47:43
2022-04-28,XLK,144.1199951171875,148.41000366210938,143.35000610351562,147.57000732421875,13881200,143.08686428450466,0.0,1.0,yahoo,2023-12-13 16:47:43
2022-04-29,XLK,145.9600067138672,147.66000366210938,141.14999389648438,141.4199981689453,14794900,137.12369099946375,0.0,1.0,yahoo,2023-12-13 16:47:43
2022-05-02,XLK,141.25999450683594,143.75999450683594,139.66000366210938,143.57000732421875,18502200,139.20838336879567,0.0,1.0,yahoo,2023-12-13 16:47:43
2022-05-03,XLK,143.5500030517578,144.6999969482422,142.49000549316406,143.82000732421875,13734900,139.4507884260275,0.0,1.0,yahoo,2023-12-13 16:47:43
2022-05-04,XLK,144.3800048828125,149.13999938964844,141.99000549316406,148.8699951171875,14325200,144.34735874592565,0.0,1.0,yahoo,2023-12-13 16:47:43
2022-05-05,XLK,146.67999267578125,146.86000061035156,140.02000427246094,141.7100067138672,18221100,137.40488915118178,0.0,1.0,yahoo,2023-12-13 16:47:43
2022-05-06,XLK,140.4199981689453,142.82000732421875,138.4600067138672,140.57000732421875,17431100,136.29952268201393,0.0,1.0,yahoo,2023-12-13 16:47:43
2022-05-09,XLK,138.02999877929688,138.9199981689453,134.50999450683594,135.1300048828125,20562300,131.0247862694128,0.0,1.0,yahoo,2023-12-13 16:47:43
2022-05-10,XLK,138.35000610351562,139.1300048828125,135.14999389648438,137.19000244140625,18185200,133.02220157376604,0.0,1.0,yahoo,2023-12-13 16:47:43
2022-05-11,XLK,135.9499969482422,138.52999877929688,132.4499969482422,132.86000061035156,17390900,128.8237442070834,0.0,1.0,yahoo,2023-12-13 16:47:43
2022-05-12,XLK,130.88999938964844,133.39999389648438,128.42999267578125,131.49000549316406,18253300,127.49536922792684,0.0,1.0,yahoo,2023-12-13 16:47:43
2022-05-13,XLK,133.27999877929688,136.52999877929688,132.4199981689453,135.86000061035156,12247700,131.73260489386516,0.0,1.0,yahoo,2023-12-13 16:47:43
2022-05-16,XLK,134.72999572753906,136.47000122070312,133.50999450683594,134.66000366210938,8711700,130.56906357819855,0.0,1.0,yahoo,2023-12-13 16:47:43
2022-05-17,XLK,137.55999755859375,138.77000427246094,136.0,138.55999755859375,9301100,134.3505765529226,0.0,1.0,yahoo,2023-12-13 16:47:43
2022-05-18,XLK,136.72999572753906,137.1300048828125,131.72000122070312,132.22000122070312,11835100,128.2031878523792,0.0,1.0,yahoo,2023-12-13 16:47:43
2022-05-19,XLK,131.22999572753906,133.02000427246094,130.14999389648438,130.77000427246094,10437400,126.79724147948079,0.0,1.0,yahoo,2023-12-13 16:47:43
2022-05-20,XLK,132.58999633789062,132.9499969482422,127.04000091552734,131.05999755859375,10126300,127.07842483596825,0.0,1.0,yahoo,2023-12-13 16:47:43
2022-05-23,XLK,131.47000122070312,134.24000549316406,131.05999755859375,134.07000732421875,8609800,129.99699119398682,0.0,1.0,yahoo,2023-12-13 16:47:43
2022-05-24,XLK,132.1999969482422,132.8699951171875,129.77000427246094,132.0800018310547,8561000,128.0674416121386,0.0,1.0,yahoo,2023-12-13 16:47:43
2022-05-25,XLK,131.2100067138672,134.61000061035156,131.11000061035156,133.6199951171875,6828300,129.56065025478512,0.0,1.0,yahoo,2023-12-13 16:47:43
2022-05-26,XLK,132.83999633789062,137.4199981689453,132.55999755859375,136.8300018310547,7778300,132.67313769954302,0.0,1.0,yahoo,2023-12-13 16:47:43
2022-05-27,XLK,138.36000061035156,141.49000549316406,138.10000610351562,141.4600067138672,8140900,137.16248409394996,0.0,1.0,yahoo,2023-12-13 16:47:43
2022-05-31,XLK,140.91000366210938,141.8300018310547,139.0800018310547,140.4499969482422,9710400,136.18315819378589,0.0,1.0,yahoo,2023-12-13 16:47:43
2022-06-01,XLK,141.9600067138672,142.9199981689453,138.99000549316406,140.02999877929688,6652400,135.7759194730641,0.0,1.0,yahoo,2023-12-13 16:47:43
2022-06-02,XLK,139.0399932861328,143.42999267578125,138.38999938964844,143.4199981689453,6934200,139.06293145731826,0.0,1.0,yahoo,2023-12-13 16:47:43
2022-06-03,XLK,140.6999969482422,141.6699981689453,139.33999633789062,139.99000549316406,5631900,135.73714117380845,0.0,1.0,yahoo,2023-12-13 16:47:43
2022-06-06,XLK,141.75,142.6300048828125,139.30999755859375,140.0,6294800,135.74683204981474,0.0,1.0,yahoo,2023-12-13 16:47:43
2022-06-07,XLK,138.50999450683594,141.94000244140625,138.22999572753906,141.6699981689453,5508300,137.36609605669557,0.0,1.0,yahoo,2023-12-13 16:47:43
2022-06-08,XLK,141.25,141.92999267578125,139.67999267578125,140.07000732421875,4407100,135.8147125675503,0.0,1.0,yahoo,2023-12-13 16:47:43
2022-06-09,XLK,139.0500030517578,140.41000366210938,136.3000030517578,136.3300018310547,4882600,132.1883275850794,0.0,1.0,yahoo,2023-12-13 16:47:43
2022-06-10,XLK,133.97999572753906,134.39999389648438,131.0500030517578,131.08999633789062,10443200,127.10751225921761,0.0,1.0,yahoo,2023-12-13 16:47:43
2022-06-13,XLK,126.95999908447266,128.1699981689453,124.81999969482422,125.27999877929688,18166300,121.47402109638719,0.0,1.0,yahoo,2023-12-13 16:47:43
2022-06-14,XLK,126.22000122070312,126.91000366210938,124.9000015258789,126.06999969482422,9125200,122.24002196495356,0.0,1.0,yahoo,2023-12-13 16:47:43
2022-06-15,XLK,127.63999938964844,130.6300048828125,125.91000366210938,128.72999572753906,12534800,124.8192079271401,0.0,1.0,yahoo,2023-12-13 16:47:43
2022-06-16,XLK,125.45999908447266,125.56999969482422,122.47000122070312,123.48999786376952,16345400,119.73839999889357,0.0,1.0,yahoo,2023-12-13 16:47:43
2022-06-17,XLK,123.47000122070312,125.8000030517578,122.5999984741211,124.62000274658205,13842100,120.83407559205517,0.0,1.0,yahoo,2023-12-13 16:47:43
2022-06-21,XLK,126.11000061035156,128.36000061035156,126.11000061035156,127.45999908447266,8622500,123.90895052986276,0.323,1.0,yahoo,2023-12-13 16:47:43
2022-06-22,XLK,126.06999969482422,128.67999267578125,125.72000122070312,126.91999816894533,7581700,123.38399409483398,0.0,1.0,yahoo,2023-12-13 16:47:43
2022-06-23,XLK,128.00999450683594,129.07000732421875,126.83999633789062,128.82000732421875,8021100,125.23106880155066,0.0,1.0,yahoo,2023-12-13 16:47:43
2022-06-24,XLK,130.3000030517578,133.47999572753906,130.3000030517578,133.4499969482422,12746100,129.73206644314556,0.0,1.0,yahoo,2023-12-13 16:47:43
2022-06-27,XLK,133.8800048828125,134.27999877929688,131.9499969482422,132.5500030517578,6958600,128.85714646826972,0.0,1.0,yahoo,2023-12-13 16:47:43
2022-06-28,XLK,132.6699981689453,133.99000549316406,128.52000427246094,128.5800018310547,7630400,124.99774988586755,0.0,1.0,yahoo,2023-12-13 16:47:43
2022-06-29,XLK,128.4199981689453,129.61000061035156,127.37999725341795,128.83999633789062,6803600,125.25050091926603,0.0,1.0,yahoo,2023-12-13 16:47:43
2022-06-30,XLK,127.12999725341795,128.72000122070312,125.11000061035156,127.12000274658205,7860200,123.57842652456992,0.0,1.0,yahoo,2023-12-13 16:47:43
2022-07-01,XLK,126.31999969482422,127.7300033569336,125.2300033569336,127.41000366210938,6965300,123.8603479850579,0.0,1.0,yahoo,2023-12-13 16:47:43
2022-07-05,XLK,125.68000030517578,129.0399932861328,124.95999908447266,129.00999450683594,7170500,125.41576292191246,0.0,1.0,yahoo,2023-12-13 16:47:43
2022-07-06,XLK,129.2899932861328,131.16000366210938,128.64999389648438,130.1199951171875,8083500,126.49483880222073,0.0,1.0,yahoo,2023-12-13 16:47:43
2022-07-07,XLK,130.69000244140625,133.11000061035156,130.69000244140625,132.80999755859375,6541100,129.1098975016682,0.0,1.0,yahoo,2023-12-13 16:47:43
2022-07-08,XLK,131.38999938964844,133.3000030517578,130.97999572753906,132.8699951171875,6313500,129.16822352216957,0.0,1.0,yahoo,2023-12-13 16:47:43
2022-07-11,XLK,131.7100067138672,132.27999877929688,130.13999938964844,131.0399932861328,5708300,127.38920572848957,0.0,1.0,yahoo,2023-12-13 16:47:43
2022-07-12,XLK,131.52000427246094,132.25999450683594,128.49000549316406,129.25,8276700,125.64908183759559,0.0,1.0,yahoo,2023-12-13 16:47:43
2022-07-13,XLK,126.81999969482422,129.74000549316406,126.26000213623048,128.91000366210938,7581300,125.31855783230273,0.0,1.0,yahoo,2023-12-13 16:47:43
2022-07-14,XLK,127.87999725341795,130.5500030517578,126.2300033569336,130.08999633789062,6864400,126.46567579197004,0.0,1.0,yahoo,2023-12-13 16:47:43
2022-07-15,XLK,131.33999633789062,132.44000244140625,130.7899932861328,132.3800048828125,6764600,128.6918844656233,0.0,1.0,yahoo,2023-12-13 16:47:43
2022-07-18,XLK,133.67999267578125,134.16000366210938,130.60000610351562,131.10000610351562,4948800,127.4475465826686,0.0,1.0,yahoo,2023-12-13 16:47:43
2022-07-19,XLK,132.55999755859375,135.24000549316406,131.75999450683594,135.10000610351562,6165300,131.33610617532145,0.0,1.0,yahoo,2023-12-13 16:47:43
2022-07-20,XLK,135.1199951171875,137.77999877929688,134.75999450683594,137.2100067138672,6268600,133.38732195379293,0.0,1.0,yahoo,2023-12-13 16:47:43
2022-07-21,XLK,137.3800048828125,139.1699981689453,135.9499969482422,139.13999938964844,6478800,135.26354483708266,0.0,1.0,yahoo,2023-12-13 16:47:43
2022-07-22,XLK,139.0800018310547,139.64999389648438,136.42999267578125,137.22000122070312,5291800,133.39703801265063,0.0,1.0,yahoo,2023-12-13 16:47:43
2022-07-25,XLK,137.16000366210938,137.30999755859375,135.32000732421875,136.35000610351562,6975600,132.55128104802546,0.0,1.0,yahoo,2023-12-13 16:47:43
2022-07-26,XLK,136.24000549316406,136.27999877929688,133.63999938964844,134.13999938964844,5083900,130.4028453462666,0.0,1.0,yahoo,2023-12-13 16:47:43
2022-07-27,XLK,136.35000610351562,140.63999938964844,136.14999389648438,139.91000366210938,8538100,136.0120967120981,0.0,1.0,yahoo,2023-12-13 16:47:43
2022-07-28,XLK,140.07000732421875,142.36000061035156,138.82000732421875,142.0399932861328,6204000,138.08274460828494,0.0,1.0,yahoo,2023-12-13 16:47:43
2022-07-29,XLK,142.47999572753906,144.6699981689453,141.8800048828125,144.22000122070312,5088700,140.2020172997931,0.0,1.0,yahoo,2023-12-13 16:47:43
2022-08-01,XLK,142.9199981689453,145.35000610351562,142.57000732421875,143.91000366210938,6257900,139.90065630475095,0.0,1.0,yahoo,2023-12-13 16:47:43
2022-08-02,XLK,142.6699981689453,144.5399932861328,141.66000366210938,142.88999938964844,7960900,138.90906945519473,0.0,1.0,yahoo,2023-12-13 16:47:43
2022-08-03,XLK,143.58999633789062,147.10000610351562,143.55999755859375,146.69000244140625,7121600,142.6032040349505,0.0,1.0,yahoo,2023-12-13 16:47:43
2022-08-04,XLK,146.63999938964844,147.42999267578125,145.6999969482422,147.36000061035156,5839900,143.25453598667852,0.0,1.0,yahoo,2023-12-13 16:47:43
2022-08-05,XLK,145.0,147.42999267578125,144.8800048828125,147.02000427246094,3960500,142.92401198138566,0.0,1.0,yahoo,2023-12-13 16:47:43
2022-08-08,XLK,146.88999938964844,148.02999877929688,144.97999572753906,145.77000427246094,5551100,141.70883710868165,0.0,1.0,yahoo,2023-12-13 16:47:43
2022-08-09,XLK,144.58999633789062,144.8800048828125,143.52999877929688,144.30999755859375,4282800,140.28950633054518,0.0,1.0,yahoo,2023-12-13 16:47:43
2022-08-10,XLK,147.74000549316406,148.3699951171875,146.55999755859375,148.25,9636600,144.11973990269667,0.0,1.0,yahoo,2023-12-13 16:47:43
2022-08-11,XLK,149.17999267578125,150.0500030517578,147.39999389648438,147.6699981689453,5512900,143.55589698172068,0.0,1.0,yahoo,2023-12-13 16:47:43
2022-08-12,XLK,148.63999938964844,150.6199951171875,148.17999267578125,150.61000061035156,4046800,146.41399065570897,0.0,1.0,yahoo,2023-12-13 16:47:43
2022-08-15,XLK,150.00999450683594,151.77999877929688,149.83999633789062,151.55999755859375,3581300,147.3375205922285,0.0,1.0,yahoo,2023-12-13 16:47:43
2022-08-16,XLK,150.8699951171875,151.86000061035156,149.74000549316406,151.14999389648438,5495300,146.93893967389894,0.0,1.0,yahoo,2023-12-13 16:47:43
2022-08-17,XLK,149.77000427246094,151.22000122070312,148.99000549316406,150.07000732421875,6316400,145.889041637519,0.0,1.0,yahoo,2023-12-13 16:47:43
2022-08-18,XLK,150.22000122070312,151.4499969482422,149.63999938964844,150.85000610351562,4988400,146.6473095713921,0.0,1.0,yahoo,2023-12-13 16:47:43
2022-08-19,XLK,149.61000061035156,149.7899932861328,147.77999877929688,148.11000061035156,5073100,143.98364091030092,0.0,1.0,yahoo,2023-12-13 16:47:43
2022-08-22,XLK,146.08999633789062,146.13999938964844,143.6199951171875,143.97999572753906,5372100,139.96869838411,0.0,1.0,yahoo,2023-12-13 16:47:43
2022-08-23,XLK,143.6999969482422,145.1199951171875,143.41000366210938,143.60000610351562,7388600,139.5992953097088,0.0,1.0,yahoo,2023-12-13 16:47:43
2022-08-24,XLK,143.5,144.3000030517578,142.89999389648438,143.69000244140625,4491600,139.68678434046083,0.0,1.0,yahoo,2023-12-13 16:47:43
2022-08-25,XLK,144.05999755859375,146.1300048828125,143.8699951171875,146.1199951171875,3563300,142.04907717283217,0.0,1.0,yahoo,2023-12-13 16:47:43
2022-08-26,XLK,146.05999755859375,146.41000366210938,139.77999877929688,139.8800048828125,7160900,135.9829337018474,0.0,1.0,yahoo,2023-12-13 16:47:43
2022-08-29,XLK,138.3699951171875,139.3800048828125,137.5,138.02999877929688,6615800,134.1844689567744,0.0,1.0,yahoo,2023-12-13 16:47:43
2022-08-30,XLK,138.80999755859375,139.0500030517578,135.35000610351562,136.58999633789062,6634400,132.78458513003093,0.0,1.0,yahoo,2023-12-13 16:47:43
2022-08-31,XLK,137.41000366210938,137.85000610351562,135.19000244140625,135.25999450683594,7085700,131.49163728543255,0.0,1.0,yahoo,2023-12-13 16:47:43
2022-09-01,XLK,133.94000244140625,134.77000427246094,131.77999877929688,134.60000610351562,7994300,130.85003622623984,0.0,1.0,yahoo,2023-12-13 16:47:43
2022-09-02,XLK,135.99000549316406,136.75999450683594,132.14999389648438,132.85000610351562,8303300,129.14879140445422,0.0,1.0,yahoo,2023-12-13 16:47:43
2022-09-06,XLK,133.02999877929688,133.60000610351562,131.10000610351562,131.97000122070312,7495000,128.29330354729373,0.0,1.0,yahoo,2023-12-13 16:47:43
2022-09-07,XLK,132.22999572753906,134.6199951171875,131.77999877929688,134.0800018310547,5828500,130.34451932576522,0.0,1.0,yahoo,2023-12-13 16:47:43
2022-09-08,XLK,133.08999633789062,135.24000549316406,132.49000549316406,134.5399932861328,5605300,130.79169537206081,0.0,1.0,yahoo,2023-12-13 16:47:43
2022-09-09,XLK,135.66000366210938,137.57000732421875,135.39999389648438,137.1999969482422,5709300,133.37759106125762,0.0,1.0,yahoo,2023-12-13 16:47:43
2022-09-12,XLK,138.0500030517578,139.4600067138672,138.02999877929688,139.39999389648438,5090500,135.51629587048117,0.0,1.0,yahoo,2023-12-13 16:47:43
2022-09-13,XLK,135.4199981689453,136.17999267578125,131.63999938964844,132.0,10074400,128.32246655754443,0.0,1.0,yahoo,2023-12-13 16:47:43
2022-09-14,XLK,132.6199951171875,133.4499969482422,131.2100067138672,132.47999572753906,6614600,128.78908955523303,0.0,1.0,yahoo,2023-12-13 16:47:43
2022-09-15,XLK,131.4199981689453,132.22000122070312,128.64999389648438,129.42999267578125,7442600,125.8240598990997,0.0,1.0,yahoo,2023-12-13 16:47:43
2022-09-16,XLK,128.3000030517578,128.97999572753906,126.87999725341795,128.7100067138672,10381100,125.1241328194056,0.0,1.0,yahoo,2023-12-13 16:47:43
2022-09-19,XLK,127.11000061035156,129.55999755859375,127.02999877929688,129.44000244140625,7841500,126.14447213403744,0.317,1.0,yahoo,2023-12-13 16:47:43
2022-09-20,XLK,128.22999572753906,129.49000549316406,127.55999755859376,128.67999267578125,6054700,125.40381214567816,0.0,1.0,yahoo,2023-12-13 16:47:43
2022-09-21,XLK,129.35000610351562,131.25,126.6500015258789,126.66999816894533,8404400,123.444991910242,0.0,1.0,yahoo,2023-12-13 16:47:43
2022-09-22,XLK,125.95999908447266,126.76000213623048,124.66999816894533,125.37999725341795,8016900,122.18783429688915,0.0,1.0,yahoo,2023-12-13 16:47:43
2022-09-23,XLK,124.23999786376952,124.43000030517578,122.11000061035156,123.73999786376952,9698100,120.58958913770049,0.0,1.0,yahoo,2023-12-13 16:47:43
2022-09-26,XLK,123.36000061035156,125.43000030517578,122.52999877929688,122.87999725341795,8596800,119.75148406213194,0.0,1.0,yahoo,2023-12-13 16:47:43
2022-09-27,XLK,124.51000213623048,125.68000030517578,121.9000015258789,123.04000091552734,9357400,119.90741404602882,0.0,1.0,yahoo,2023-12-13 16:47:43
2022-09-28,XLK,122.22000122070312,124.94000244140624,121.27999877929688,124.33999633789062,9466700,121.17431170701205,0.0,1.0,yahoo,2023-12-13 16:47:43
2022-09-29,XLK,122.55999755859376,122.83999633789062,119.66999816894533,121.0999984741211,15548300,118.01680388460896,0.0,1.0,yahoo,2023-12-13 16:47:43
2022-09-30,XLK,120.61000061035156,122.4000015258789,118.55999755859376,118.77999877929688,9756500,115.7558711641603,0.0,1.0,yahoo,2023-12-13 16:47:43
2022-10-03,XLK,119.72000122070312,123.19000244140624,119.26000213623048,122.45999908447266,8666100,119.34217900712895,0.0,1.0,yahoo,2023-12-13 16:47:43
2022-10-04,XLK,124.94000244140624,126.70999908447266,124.8499984741211,126.56999969482422,8889500,123.34753938788187,0.0,1.0,yahoo,2023-12-13 16:47:43
2022-10-05,XLK,124.86000061035156,127.91000366210938,124.12999725341795,126.98999786376952,7300200,123.75684444288486,0.0,1.0,yahoo,2023-12-13 16:47:43
2022-10-06,XLK,126.66000366210938,128.0500030517578,125.8000030517578,125.9499969482422,7174100,122.74332185300779,0.0,1.0,yahoo,2023-12-13 16:47:43
2022-10-07,XLK,123.37999725341795,123.38999938964844,120.12000274658205,120.7699966430664,7874500,117.6952038691848,0.0,1.0,yahoo,2023-12-13 16:47:43
2022-10-10,XLK,120.7699966430664,120.94000244140624,117.5500030517578,118.73999786376952,8353100,115.71688866818607,0.0,1.0,yahoo,2023-12-13 16:47:43
2022-10-11,XLK,118.05999755859376,118.87999725341795,116.0500030517578,116.91999816894533,10522400,113.94322599468889,0.0,1.0,yahoo,2023-12-13 16:47:43
2022-10-12,XLK,117.01000213623048,117.80999755859376,116.36000061035156,116.55999755859376,7055800,113.59239096607178,0.0,1.0,yahoo,2023-12-13 16:47:43
2022-10-13,XLK,113.41000366210938,120.80999755859376,112.97000122070312,120.18000030517578,19057300,117.12022878265451,0.0,1.0,yahoo,2023-12-13 16:47:43
2022-10-14,XLK,121.16000366210938,121.41999816894533,116.61000061035156,116.8000030517578,11242000,113.82628594191706,0.0,1.0,yahoo,2023-12-13 16:47:43
2022-10-17,XLK,119.66000366210938,120.95999908447266,119.33999633789062,120.36000061035156,7299800,117.29564629696307,0.0,1.0,yahoo,2023-12-13 16:47:43
2022-10-18,XLK,123.4800033569336,123.91999816894533,119.8499984741211,121.37999725341795,6999000,118.28967392127761,0.0,1.0,yahoo,2023-12-13 16:47:43
2022-10-19,XLK,120.31999969482422,122.2300033569336,119.80999755859376,121.02999877929688,5492000,117.94858637544179,0.0,1.0,yahoo,2023-12-13 16:47:43
2022-10-20,XLK,121.06999969482422,123.7300033569336,120.5,121.0999984741211,6214800,118.01680388460896,0.0,1.0,yahoo,2023-12-13 16:47:43
2022-10-21,XLK,120.8000030517578,124.5999984741211,120.38999938964844,124.33999633789062,8563000,121.17431170701205,0.0,1.0,yahoo,2023-12-13 16:47:43
2022-10-24,XLK,124.87000274658205,126.5199966430664,123.3499984741211,126.05999755859376,6692600,122.85052185814916,0.0,1.0,yahoo,2023-12-13 16:47:43
2022-10-25,XLK,126.37000274658205,128.55999755859375,126.37000274658205,128.47000122070312,5132500,125.19916705332751,0.0,1.0,yahoo,2023-12-13 16:47:43
2022-10-26,XLK,125.2300033569336,128.25999450683594,125.02999877929688,125.61000061035156,7584700,122.4119817899532,0.0,1.0,yahoo,2023-12-13 16:47:43
2022-10-27,XLK,126.08000183105467,126.8499984741211,123.88999938964844,124.18000030517578,5847400,121.01838915826605,0.0,1.0,yahoo,2023-12-13 16:47:43
2022-10-28,XLK,124.87000274658205,129.85000610351562,124.87000274658205,129.5800018310547,7467700,126.28090715237178,0.0,1.0,yahoo,2023-12-13 16:47:43
2022-10-31,XLK,128.2899932861328,128.63999938964844,127.11000061035156,127.87000274658205,6646100,124.61444448401598,0.0,1.0,yahoo,2023-12-13 16:47:43
2022-11-01,XLK,129.4600067138672,129.69000244140625,126.25,126.8000030517578,4706600,123.57168688094589,0.0,1.0,yahoo,2023-12-13 16:47:43
2022-11-02,XLK,126.70999908447266,128.33999633789062,122.37999725341795,122.41999816894533,9046200,119.30319651115474,0.0,1.0,yahoo,2023-12-13 16:47:43
2022-11-03,XLK,120.70999908447266,120.93000030517578,118.7300033569336,118.81999969482422,8005300,115.79485366013452,0.0,1.0,yahoo,2023-12-13 16:47:43
2022-11-04,XLK,121.29000091552734,121.62000274658205,118.22000122070312,120.98999786376952,8948100,117.90960387946755,0.0,1.0,yahoo,2023-12-13 16:47:43
2022-11-07,XLK,121.1999969482422,123.20999908447266,120.33999633789062,123.01000213623048,5213800,119.87817903283589,0.0,1.0,yahoo,2023-12-13 16:47:43
2022-11-08,XLK,124.02999877929688,125.69000244140624,122.36000061035156,124.19000244140624,6361000,121.0281366410473,0.0,1.0,yahoo,2023-12-13 16:47:43
2022-11-09,XLK,123.04000091552734,123.08999633789062,120.77999877929688,120.95999908447266,5981300,117.88036886627462,0.0,1.0,yahoo,2023-12-13 16:47:43
2022-11-10,XLK,126.93000030517578,131.0399932861328,126.29000091552734,130.89999389648438,13966100,127.5672923437667,0.0,1.0,yahoo,2023-12-13 16:47:43
2022-11-11,XLK,130.77999877929688,133.5800018310547,130.13999938964844,133.13999938964844,7988900,129.75026750741776,0.0,1.0,yahoo,2023-12-13 16:47:43
2022-11-14,XLK,132.08999633789062,133.64999389648438,131.3699951171875,132.0,7263300,128.63929239518055,0.0,1.0,yahoo,2023-12-13 16:47:43
2022-11-15,XLK,135.0,135.5500030517578,132.25999450683594,133.60000610351562,6358100,130.19856249354586,0.0,1.0,yahoo,2023-12-13 16:47:43
2022-11-16,XLK,132.57000732421875,132.9600067138672,131.22000122070312,131.77000427246094,5047900,128.4151523372674,0.0,1.0,yahoo,2023-12-13 16:47:43
2022-11-17,XLK,129.6699981689453,132.5500030517578,129.6199951171875,131.94000244140625,4074800,128.58082236879466,0.0,1.0,yahoo,2023-12-13 16:47:43
2022-11-18,XLK,133.42999267578125,133.47000122070312,130.97999572753906,132.08999633789062,5956200,128.7269974347594,0.0,1.0,yahoo,2023-12-13 16:47:43
2022-11-21,XLK,131.33999633789062,131.8800048828125,130.41000366210938,130.6699981689453,4181900,127.3431522858535,0.0,1.0,yahoo,2023-12-13 16:47:43
2022-11-22,XLK,131.24000549316406,133.27000427246094,130.3000030517578,133.1999969482422,4509600,129.80873753380368,0.0,1.0,yahoo,2023-12-13 16:47:43
2022-11-23,XLK,132.91000366210938,134.77999877929688,132.82000732421875,134.3800048828125,4740300,130.95870257716598,0.0,1.0,yahoo,2023-12-13 16:47:43
2022-11-25,XLK,133.47000122070312,134.00999450683594,133.2100067138672,133.60000610351562,1631500,130.19856249354586,0.0,1.0,yahoo,2023-12-13 16:47:43
2022-11-28,XLK,132.08999633789062,132.94000244140625,130.2100067138672,130.74000549316406,6515100,127.41137723017154,0.0,1.0,yahoo,2023-12-13 16:47:43
2022-11-29,XLK,130.57000732421875,130.9600067138672,128.92999267578125,129.4600067138672,5785100,126.16396709959999,0.0,1.0,yahoo,2023-12-13 16:47:43
2022-11-30,XLK,129.39999389648438,135.97999572753906,129.27000427246094,135.9600067138672,11667200,132.49847770996874,0.0,1.0,yahoo,2023-12-13 16:47:43
2022-12-01,XLK,136.08999633789062,136.8000030517578,134.47000122070312,136.14999389648438,7582900,132.68362783675684,0.0,1.0,yahoo,2023-12-13 16:47:43
2022-12-02,XLK,133.8699951171875,135.80999755859375,133.35000610351562,135.36000061035156,4467200,131.9137477055063,0.0,1.0,yahoo,2023-12-13 16:47:43
2022-12-05,XLK,134.32000732421875,135.07000732421875,132.22999572753906,133.11000061035156,5763100,129.72103249422483,0.0,1.0,yahoo,2023-12-13 16:47:43
2022-12-06,XLK,132.97000122070312,133.1699981689453,129.4199981689453,130.25999450683594,5899600,126.94358727848092,0.0,1.0,yahoo,2023-12-13 16:47:43
2022-12-07,XLK,129.7899932861328,130.60000610351562,128.6699981689453,129.60000610351562,5206900,126.30040211793433,0.0,1.0,yahoo,2023-12-13 16:47:43
2022-12-08,XLK,130.32000732421875,132.10000610351562,129.5399932861328,131.72000122070312,4482900,128.3664223585119,0.0,1.0,yahoo,2023-12-13 16:47:43
2022-12-09,XLK,131.1300048828125,132.75,130.4199981689453,130.91000366210938,5201400,127.57704726169882,0.0,1.0,yahoo,2023-12-13 16:47:43
2022-12-12,XLK,131.1199951171875,133.77000427246094,131.0800018310547,133.77000427246094,7403100,130.36423252507313,0.0,1.0,yahoo,2023-12-13 16:47:43
2022-12-13,XLK,138.63999938964844,139.3300018310547,133.97999572753906,135.35000610351562,9303800,131.9040076578759,0.0,1.0,yahoo,2023-12-13 16:47:43
2022-12-14,XLK,135.22000122070312,136.8000030517578,132.63999938964844,134.2100067138672,9770500,130.79303254563868,0.0,1.0,yahoo,2023-12-13 16:47:43
2022-12-15,XLK,132.00999450683594,132.5,128.6999969482422,129.19000244140625,9611900,125.90083711056172,0.0,1.0,yahoo,2023-12-13 16:47:43
2022-12-16,XLK,128.75,129.50999450683594,126.83000183105467,127.4800033569336,11999600,124.2343744422059,0.0,1.0,yahoo,2023-12-13 16:47:43
2022-12-19,XLK,127.12999725341795,127.33000183105467,124.58999633789062,125.41999816894533,7138300,122.57778077784731,0.365,1.0,yahoo,2023-12-13 16:47:43
2022-12-20,XLK,124.76000213623048,126.25,124.16000366210938,125.61000061035156,6311000,122.76347746059305,0.0,1.0,yahoo,2023-12-13 16:47:43
2022-12-21,XLK,126.19000244140624,128.2899932861328,125.87999725341795,127.69000244140624,7335300,124.79634312944036,0.0,1.0,yahoo,2023-12-13 16:47:43
2022-12-22,XLK,126.08999633789062,126.2300033569336,122.36000061035156,124.47000122070312,7661800,121.6493122771191,0.0,1.0,yahoo,2023-12-13 16:47:43
2022-12-23,XLK,123.58000183105467,124.72000122070312,122.66999816894533,124.5999984741211,4115800,121.77636358523445,0.0,1.0,yahoo,2023-12-13 16:47:43
2022-12-27,XLK,124.16999816894533,124.38999938964844,122.69000244140624,123.41999816894533,4765100,120.62310397084035,0.0,1.0,yahoo,2023-12-13 16:47:43
2022-12-28,XLK,123.12000274658205,124.2699966430664,121.29000091552734,121.43000030517578,5181300,118.67820263568846,0.0,1.0,yahoo,2023-12-13 16:47:43
2022-12-29,XLK,122.62000274658205,125.02999877929688,122.61000061035156,124.61000061035156,5477100,121.78613905708957,0.0,1.0,yahoo,2023-12-13 16:47:43
2022-12-30,XLK,123.31999969482422,124.51000213623048,122.5500030517578,124.44000244140624,4452900,121.61999331805403,0.0,1.0,yahoo,2023-12-13 16:47:43
2023-01-03,XLK,125.7699966430664,126.5999984741211,122.37999725341795,123.26000213623048,7598100,120.46673370365993,0.0,1.0,yahoo,2023-12-13 16:47:43
2023-01-04,XLK,123.9000015258789,124.37000274658205,122.22000122070312,123.58000183105467,5906500,120.779481694521,0.0,1.0,yahoo,2023-12-13 16:47:43
2023-01-05,XLK,122.95999908447266,123.27999877929688,120.97000122070312,121.18000030517578,5670500,118.43386803481259,0.0,1.0,yahoo,2023-12-13 16:47:43
2023-01-06,XLK,122.25,125.29000091552734,120.80999755859376,124.7300033569336,6912700,121.90342234985008,0.0,1.0,yahoo,2023-12-13 16:47:43
2023-01-09,XLK,125.8499984741211,128.47999572753906,125.80999755859376,126.18000030517578,10713600,123.32056005233002,0.0,1.0,yahoo,2023-12-13 16:47:43
2023-01-10,XLK,125.87000274658205,127.16000366210938,125.1999969482422,126.95999908447266,8604500,124.08288281402271,0.0,1.0,yahoo,2023-12-13 16:47:43
2023-01-11,XLK,127.36000061035156,129.16000366210938,126.97000122070312,129.16000366210938,6879000,126.23303177563054,0.0,1.0,yahoo,2023-12-13 16:47:43
2023-01-12,XLK,129.36000061035156,130.7100067138672,127.77999877929688,130.1199951171875,7679300,127.17126829171359,0.0,1.0,yahoo,2023-12-13 16:47:43
2023-01-13,XLK,128.88999938964844,130.67999267578125,128.58999633789062,130.49000549316406,5076600,127.53289364185024,0.0,1.0,yahoo,2023-12-13 16:47:43
2023-01-17,XLK,130.30999755859375,131.85000610351562,130.14999389648438,131.0800018310547,5212900,128.10951972079718,0.0,1.0,yahoo,2023-12-13 16:47:43
2023-01-18,XLK,131.82000732421875,132.52000427246094,129.30999755859375,129.38999938964844,6968000,126.4578154327962,0.0,1.0,yahoo,2023-12-13 16:47:43
2023-01-19,XLK,128.3800048828125,129.10000610351562,127.41000366210938,127.87999725341795,7322500,124.98203235568583,0.0,1.0,yahoo,2023-12-13 16:47:43
2023-01-20,XLK,128.52000427246094,131.44000244140625,128.05999755859375,131.33999633789062,7063900,128.3636223370279,0.0,1.0,yahoo,2023-12-13 16:47:43
2023-01-23,XLK,131.8699951171875,135.10000610351562,131.57000732421875,134.3300018310547,11736300,131.2858695321835,0.0,1.0,yahoo,2023-12-13 16:47:43
2023-01-24,XLK,133.57000732421875,134.77999877929688,133.3699951171875,134.27000427246094,6287800,131.22723161405338,0.0,1.0,yahoo,2023-12-13 16:47:43
2023-01-25,XLK,132.0,134.3300018310547,130.77000427246094,133.99000549316406,7171100,130.95357805411246,0.0,1.0,yahoo,2023-12-13 16:47:43
2023-01-26,XLK,135.3000030517578,136.19000244140625,133.89999389648438,136.1300048828125,5580900,133.0450816410899,0.0,1.0,yahoo,2023-12-13 16:47:43
2023-01-27,XLK,135.27000427246094,137.66000366210938,135.2100067138672,136.6999969482422,6774700,133.60215677632658,0.0,1.0,yahoo,2023-12-13 16:47:43
2023-01-30,XLK,135.1300048828125,135.72000122070312,133.97999572753906,134.08999633789062,4852800,131.05130294666247,0.0,1.0,yahoo,2023-12-13 16:47:43
2023-01-31,XLK,134.08999633789062,136.02000427246094,134.0,135.9600067138672,4435800,132.87893590205437,0.0,1.0,yahoo,2023-12-13 16:47:43
2023-02-01,XLK,135.86000061035156,140.27000427246094,135.2100067138672,139.16000366210938,9426400,136.0064158106654,0.0,1.0,yahoo,2023-12-13 16:47:43
2023-02-02,XLK,141.5399932861328,143.75999450683594,140.88999938964844,142.9600067138672,9412000,139.72030472657877,0.0,1.0,yahoo,2023-12-13 16:47:43
2023-02-03,XLK,140.5,144.08999633789062,140.2899932861328,141.77000427246094,8072700,138.55726964032954,0.0,1.0,yahoo,2023-12-13 16:47:43
2023-02-06,XLK,140.1999969482422,141.3000030517578,139.50999450683594,140.0399932861328,6488700,136.86646346490812,0.0,1.0,yahoo,2023-12-13 16:47:43
2023-02-07,XLK,140.25,144.0800018310547,140.19000244140625,143.5399932861328,7854100,140.28714787717033,0.0,1.0,yahoo,2023-12-13 16:47:43
2023-02-08,XLK,143.82000732421875,144.58999633789062,141.52000427246094,141.80999755859375,6288500,138.59635661474942,0.0,1.0,yahoo,2023-12-13 16:47:43
2023-02-09,XLK,144.0,144.24000549316406,140.47000122070312,141.02999877929688,6312000,137.83403385305675,0.0,1.0,yahoo,2023-12-13 16:47:43
2023-02-10,XLK,139.97999572753906,140.86000061035156,139.0500030517578,140.3800048828125,4930800,137.19876985597972,0.0,1.0,yahoo,2023-12-13 16:47:43
2023-02-13,XLK,140.92999267578125,143.1199951171875,140.83999633789062,142.80999755859375,4205900,139.57369501825292,0.0,1.0,yahoo,2023-12-13 16:47:43
2023-02-14,XLK,142.13999938964844,144.22999572753906,141.25,143.4199981689453,6311000,140.16987204091006,0.0,1.0,yahoo,2023-12-13 16:47:43
2023-02-15,XLK,142.5500030517578,144.10000610351562,142.2100067138672,144.08999633789062,5245500,140.82468698169734,0.0,1.0,yahoo,2023-12-13 16:47:43
2023-02-16,XLK,142.0,143.61000061035156,141.47999572753906,141.58999633789062,6500600,138.38134097293863,0.0,1.0,yahoo,2023-12-13 16:47:43
2023-02-17,XLK,140.5800018310547,140.74000549316406,138.60000610351562,139.82000732421875,5303300,136.65146273609784,0.0,1.0,yahoo,2023-12-13 16:47:43
2023-02-21,XLK,137.9499969482422,138.77999877929688,136.3800048828125,136.5,6138900,133.406692078226,0.0,1.0,yahoo,2023-12-13 16:47:43
2023-02-22,XLK,136.77999877929688,137.39999389648438,135.64999389648438,136.3000030517578,7169200,133.21122738012542,0.0,1.0,yahoo,2023-12-13 16:47:43
2023-02-23,XLK,138.83999633789062,139.0800018310547,136.61000061035156,138.55999755859375,6560000,135.4200068033631,0.0,1.0,yahoo,2023-12-13 16:47:43
2023-02-24,XLK,136.10000610351562,136.67999267578125,135.3000030517578,136.08999633789062,7173700,133.00597975366944,0.0,1.0,yahoo,2023-12-13 16:47:43
2023-02-27,XLK,137.4600067138672,138.16000366210938,136.57000732421875,136.82000732421875,4694500,133.71944752558738,0.0,1.0,yahoo,2023-12-13 16:47:43
2023-02-28,XLK,136.3800048828125,137.83999633789062,136.13999938964844,136.52000427246094,5242900,133.42624302193622,0.0,1.0,yahoo,2023-12-13 16:47:43
2023-03-01,XLK,136.5800018310547,136.8000030517578,135.10000610351562,135.52000427246094,7534700,132.44890461843275,0.0,1.0,yahoo,2023-12-13 16:47:43
2023-03-02,XLK,135.14999389648438,137.6199951171875,134.9199981689453,137.19000244140625,5484700,134.0810579627235,0.0,1.0,yahoo,2023-12-13 16:47:43
2023-03-03,XLK,138.07000732421875,140.14999389648438,137.94000244140625,140.13999938964844,7219800,136.96420327045868,0.0,1.0,yahoo,2023-12-13 16:47:43
2023-03-06,XLK,141.0399932861328,142.72000122070312,140.6999969482422,140.80999755859375,7999600,137.61901821124596,0.0,1.0,yahoo,2023-12-13 16:47:43
2023-03-07,XLK,140.6999969482422,141.24000549316406,138.7100067138672,139.05999755859375,7060000,135.90867600511484,0.0,1.0,yahoo,2023-12-13 16:47:43
2023-03-08,XLK,139.5500030517578,140.3800048828125,138.72999572753906,140.2100067138672,6623500,137.0326241169442,0.0,1.0,yahoo,2023-12-13 16:47:43
2023-03-09,XLK,140.42999267578125,142.00999450683594,137.92999267578125,138.1999969482422,7812300,135.06816438158182,0.0,1.0,yahoo,2023-12-13 16:47:43
2023-03-10,XLK,138.0,138.35000610351562,135.22999572753906,135.77000427246094,15278400,132.69323921930862,0.0,1.0,yahoo,2023-12-13 16:47:43
2023-03-13,XLK,134.9199981689453,138.39999389648438,134.0800018310547,136.50999450683594,17219700,133.41646009358084,0.0,1.0,yahoo,2023-12-13 16:47:43
2023-03-14,XLK,138.27000427246094,140.14999389648438,137.6999969482422,139.66000366210938,10601100,136.49508501241715,0.0,1.0,yahoo,2023-12-13 16:47:43
2023-03-15,XLK,138.1300048828125,139.91000366210938,137.4600067138672,139.74000549316406,11530000,136.5732738742575,0.0,1.0,yahoo,2023-12-13 16:47:43
2023-03-16,XLK,139.25,143.86000061035156,138.7899932861328,143.66000366210938,13043400,140.4044386264311,0.0,1.0,yahoo,2023-12-13 16:47:43
2023-03-17,XLK,143.94000244140625,145.17999267578125,142.6199951171875,143.4600067138672,11539300,140.20897392833052,0.0,1.0,yahoo,2023-12-13 16:47:43
2023-03-20,XLK,142.88999938964844,143.7100067138672,141.82000732421875,143.52999877929688,5990800,140.58705159068458,0.316,1.0,yahoo,2023-12-13 16:47:43
2023-03-21,XLK,144.30999755859375,144.9499969482422,142.80999755859375,144.69000244140625,6533200,141.7232704722936,0.0,1.0,yahoo,2023-12-13 16:47:43
2023-03-22,XLK,144.69000244140625,147.57000732421875,143.1699981689453,143.25,7112200,140.3127939221475,0.0,1.0,yahoo,2023-12-13 16:47:43
2023-03-23,XLK,145.0800018310547,147.5500030517578,144.2100067138672,145.5800018310547,8797900,142.5950212642697,0.0,1.0,yahoo,2023-12-13 16:47:43
2023-03-24,XLK,145.1199951171875,146.02999877929688,144.16000366210938,145.9600067138672,5936300,142.96723450553657,0.0,1.0,yahoo,2023-12-13 16:47:43
2023-03-27,XLK,146.17999267578125,146.67999267578125,144.49000549316406,144.8300018310547,5405300,141.86039930656213,0.0,1.0,yahoo,2023-12-13 16:47:43
2023-03-28,XLK,144.5800018310547,144.6300048828125,142.85000610351562,144.14999389648438,4984000,141.19433429302782,0.0,1.0,yahoo,2023-12-13 16:47:43
2023-03-29,XLK,145.9600067138672,147.5,145.75,147.1699981689453,7128300,144.1524162275885,0.0,1.0,yahoo,2023-12-13 16:47:43
2023-03-30,XLK,148.52999877929688,149.08999633789062,147.8800048828125,148.8800048828125,5601200,145.82736086736745,0.0,1.0,yahoo,2023-12-13 16:47:43
2023-03-31,XLK,148.6999969482422,151.14999389648438,148.50999450683594,151.00999450683594,7534900,147.91367706403003,0.0,1.0,yahoo,2023-12-13 16:47:43
2023-04-03,XLK,150.08999633789062,150.97999572753906,149.3699951171875,150.77000427246094,10571100,147.67860760295366,0.0,1.0,yahoo,2023-12-13 16:47:43
2023-04-04,XLK,150.99000549316406,151.50999450683594,149.3800048828125,149.94000244140625,7912400,146.86562417624663,0.0,1.0,yahoo,2023-12-13 16:47:43
2023-04-05,XLK,149.22999572753906,149.3699951171875,147.16000366210938,148.22999572753906,7868800,145.19067953646768,0.0,1.0,yahoo,2023-12-13 16:47:43
2023-04-06,XLK,147.14999389648438,149.25999450683594,146.50999450683594,149.07000732421875,7848000,146.01346748800088,0.0,1.0,yahoo,2023-12-13 16:47:43
2023-04-10,XLK,147.58999633789062,149.02000427246094,146.77999877929688,148.99000549316406,4758600,145.93510601900144,0.0,1.0,yahoo,2023-12-13 16:47:43
2023-04-11,XLK,148.72999572753906,148.75,147.33999633789062,147.58999633789062,6395800,144.5638027303941,0.0,1.0,yahoo,2023-12-13 16:47:43
2023-04-12,XLK,148.58999633789062,148.99000549316406,146.50999450683594,146.75,6617900,143.7410297247829,0.0,1.0,yahoo,2023-12-13 16:47:43
2023-04-13,XLK,147.32000732421875,149.7100067138672,147.0800018310547,149.47999572753906,6820900,146.4150494659803,0.0,1.0,yahoo,2023-12-13 16:47:43
2023-04-14,XLK,148.63999938964844,149.8699951171875,147.35000610351562,148.64999389648438,6501800,145.6020660392733,0.0,1.0,yahoo,2023-12-13 16:47:43
2023-04-17,XLK,148.83999633789062,149.52000427246094,148.02999877929688,149.19000244140625,4153000,146.13100221853907,0.0,1.0,yahoo,2023-12-13 16:47:43
2023-04-18,XLK,150.3300018310547,150.72999572753906,149.0,149.64999389648438,4606400,146.5815619828834,0.0,1.0,yahoo,2023-12-13 16:47:43
2023-04-19,XLK,148.3000030517578,149.5,148.10000610351562,149.22000122070312,4311600,146.1603859011736,0.0,1.0,yahoo,2023-12-13 16:47:43
2023-04-20,XLK,147.85000610351562,149.7100067138672,147.5800018310547,148.24000549316406,5708100,145.20048406129385,0.0,1.0,yahoo,2023-12-13 16:47:43
2023-04-21,XLK,147.58999633789062,148.02999877929688,146.8000030517578,147.75999450683594,6118800,144.73031524729717,0.0,1.0,yahoo,2023-12-13 16:47:43
2023-04-24,XLK,147.1699981689453,147.88999938964844,146.00999450683594,147.11000061035156,4539900,144.0936488623194,0.0,1.0,yahoo,2023-12-13 16:47:43
2023-04-25,XLK,146.38999938964844,146.6699981689453,143.9199981689453,143.97000122070312,5511300,141.01803219722055,0.0,1.0,yahoo,2023-12-13 16:47:43
2023-04-26,XLK,146.5,147.6199951171875,145.75999450683594,146.11000061035156,6801700,143.1141529187093,0.0,1.0,yahoo,2023-12-13 16:47:43
2023-04-27,XLK,146.8000030517578,149.32000732421875,146.44000244140625,149.2100067138672,6042400,146.15059632226942,0.0,1.0,yahoo,2023-12-13 16:47:43
2023-04-28,XLK,149.2100067138672,150.86000061035156,149.0500030517578,150.8300018310547,5893000,147.73737496822275,0.0,1.0,yahoo,2023-12-13 16:47:43
2023-05-01,XLK,150.7100067138672,151.64999389648438,150.47000122070312,150.9199981689453,4097200,147.8255260161264,0.0,1.0,yahoo,2023-12-13 16:47:43
2023-05-02,XLK,151.10000610351562,151.27000427246094,148.72999572753906,149.50999450683594,6029400,146.44443314861485,0.0,1.0,yahoo,2023-12-13 16:47:43
2023-05-03,XLK,149.69000244140625,150.66000366210938,148.17999267578125,148.25,5815100,145.21027364019804,0.0,1.0,yahoo,2023-12-13 16:47:43
2023-05-04,XLK,147.66000366210938,148.5399932861328,146.92999267578125,147.5399932861328,5430500,144.5148249440292,0.0,1.0,yahoo,2023-12-13 16:47:43
2023-05-05,XLK,148.97000122070312,151.75,148.75999450683594,151.24000549316406,6114200,148.13897189212418,0.0,1.0,yahoo,2023-12-13 16:47:43
2023-05-08,XLK,150.9499969482422,151.2899932861328,150.22999572753906,151.16000366210938,3397800,148.06061042312473,0.0,1.0,yahoo,2023-12-13 16:47:43
2023-05-09,XLK,150.3300018310547,150.61000061035156,149.83999633789062,150.0,6236600,146.92439154151572,0.0,1.0,yahoo,2023-12-13 16:47:43
2023-05-10,XLK,151.30999755859375,152.17999267578125,150.36000061035156,151.8300018310547,5275900,148.71687091183284,0.0,1.0,yahoo,2023-12-13 16:47:43
2023-05-11,XLK,151.5800018310547,151.5800018310547,150.10000610351562,151.14999389648438,4478400,148.05080589829856,0.0,1.0,yahoo,2023-12-13 16:47:43
2023-05-12,XLK,151.41000366210938,151.6300048828125,149.77999877929688,150.9499969482422,3953300,147.85490969876093,0.0,1.0,yahoo,2023-12-13 16:47:43
2023-05-15,XLK,151.10000610351562,152.22999572753906,150.55999755859375,152.1999969482422,3398300,149.07927962827355,0.0,1.0,yahoo,2023-12-13 16:47:43
2023-05-16,XLK,151.99000549316406,153.19000244140625,151.94000244140625,152.36000061035156,4699100,149.23600256627245,0.0,1.0,yahoo,2023-12-13 16:47:43
2023-05-17,XLK,153.0,154.64999389648438,152.2899932861328,154.38999938964844,5958300,151.2243781361272,0.0,1.0,yahoo,2023-12-13 16:47:43
2023-05-18,XLK,154.5800018310547,157.77999877929688,154.5800018310547,157.5500030517578,7745600,154.31958890495642,0.0,1.0,yahoo,2023-12-13 16:47:43
2023-05-19,XLK,157.58999633789062,157.86000061035156,156.94000244140625,157.47999572753906,4902500,154.25101701486116,0.0,1.0,yahoo,2023-12-13 16:47:43
2023-05-22,XLK,157.00999450683594,158.19000244140625,156.75,157.77999877929688,5397100,154.5448687871286,0.0,1.0,yahoo,2023-12-13 16:47:43
2023-05-23,XLK,156.99000549316406,157.63999938964844,155.38999938964844,155.4499969482422,5845500,152.2626414450064,0.0,1.0,yahoo,2023-12-13 16:47:43
2023-05-24,XLK,154.22000122070312,154.92999267578125,153.47000122070312,154.30999755859375,5462800,151.14601666712775,0.0,1.0,yahoo,2023-12-13 16:47:43
2023-05-25,XLK,158.41000366210938,160.86000061035156,157.5800018310547,160.22999572753906,9039000,156.94463085978893,0.0,1.0,yahoo,2023-12-13 16:47:43
2023-05-26,XLK,160.63999938964844,165.07000732421875,160.6199951171875,164.77999877929688,7580000,161.4013403923993,0.0,1.0,yahoo,2023-12-13 16:47:43
2023-05-30,XLK,167.1999969482422,168.0399932861328,165.30999755859375,165.66000366210938,9061800,162.26330160547124,0.0,1.0,yahoo,2023-12-13 16:47:43
2023-05-31,XLK,164.7100067138672,166.25999450683594,164.19000244140625,164.27999877929688,9650500,160.91159242059427,0.0,1.0,yahoo,2023-12-13 16:47:43
2023-06-01,XLK,163.75999450683594,166.64999389648438,163.22999572753906,165.9499969482422,8709700,162.5473488529125,0.0,1.0,yahoo,2023-12-13 16:47:43
2023-06-02,XLK,166.92999267578125,167.6699981689453,165.72000122070312,166.89999389648438,7134100,163.4778670101577,0.0,1.0,yahoo,2023-12-13 16:47:43
2023-06-05,XLK,166.8000030517578,167.91000366210938,165.64999389648438,165.94000244140625,5454500,162.53755927400832,0.0,1.0,yahoo,2023-12-13 16:47:43
2023-06-06,XLK,165.5399932861328,166.25999450683594,164.7100067138672,165.89999389648438,4987800,162.4983710665476,0.0,1.0,yahoo,2023-12-13 16:47:43
2023-06-07,XLK,165.5800018310547,166.8699951171875,163.0800018310547,163.4199981689453,6851900,160.0692253112527,0.0,1.0,yahoo,2023-12-13 16:47:43
2023-06-08,XLK,163.66000366210938,165.4499969482422,163.5399932861328,165.19000244140625,5332600,161.80293731630073,0.0,1.0,yahoo,2023-12-13 16:47:43
2023-06-09,XLK,165.99000549316406,167.7100067138672,165.4499969482422,166.00999450683594,7206800,162.6061162181816,0.0,1.0,yahoo,2023-12-13 16:47:43
2023-06-12,XLK,167.14999389648438,169.69000244140625,166.80999755859375,169.6199951171875,6893600,166.14209717245095,0.0,1.0,yahoo,2023-12-13 16:47:43
2023-06-13,XLK,171.1300048828125,171.4600067138672,169.27000427246094,170.64999389648438,8297900,167.15097679869558,0.0,1.0,yahoo,2023-12-13 16:47:43
2023-06-14,XLK,170.4499969482422,172.47000122070312,169.86000061035156,172.41000366210938,8384500,168.87489922483945,0.0,1.0,yahoo,2023-12-13 16:47:43
2023-06-15,XLK,171.7100067138672,175.41000366210938,171.6699981689453,174.6300048828125,8866300,171.04938141532764,0.0,1.0,yahoo,2023-12-13 16:47:43
2023-06-16,XLK,176.2899932861328,176.3000030517578,173.02000427246094,173.19000244140625,8682900,169.6389048651816,0.0,1.0,yahoo,2023-12-13 16:47:43
2023-06-20,XLK,171.83999633789062,172.89999389648438,170.74000549316406,171.66000366210938,7068900,168.49245850808174,0.362,1.0,yahoo,2023-12-13 16:47:43
2023-06-21,XLK,171.0,171.3300018310547,168.6199951171875,169.1199951171875,6029000,165.9993193071306,0.0,1.0,yahoo,2023-12-13 16:47:43
2023-06-22,XLK,168.36000061035156,170.57000732421875,168.3300018310547,170.5,7612100,167.3538597387848,0.0,1.0,yahoo,2023-12-13 16:47:43
2023-06-23,XLK,168.39999389648438,169.64999389648438,167.94000244140625,168.64999389648438,7364500,165.53799075366075,0.0,1.0,yahoo,2023-12-13 16:47:43
2023-06-26,XLK,168.8000030517578,170.27999877929688,167.32000732421875,167.44000244140625,5445100,164.3503265879231,0.0,1.0,yahoo,2023-12-13 16:47:43
2023-06-27,XLK,168.11000061035156,171.1300048828125,167.9499969482422,170.74000549316406,6916500,167.58943654605469,0.0,1.0,yahoo,2023-12-13 16:47:43
2023-06-28,XLK,169.7899932861328,171.75999450683594,169.66000366210938,170.83999633789062,5685800,167.68758231616337,0.0,1.0,yahoo,2023-12-13 16:47:43
2023-06-29,XLK,171.02000427246094,171.4499969482422,170.11000061035156,171.13999938964844,4564100,167.98204958094394,0.0,1.0,yahoo,2023-12-13 16:47:43
2023-06-30,XLK,172.83999633789062,174.3000030517578,172.7100067138672,173.86000061035156,5697800,170.65186015442706,0.0,1.0,yahoo,2023-12-13 16:47:43
2023-07-03,XLK,173.8300018310547,173.91000366210938,172.61000061035156,173.49000549316406,3091100,170.28869234829315,0.0,1.0,yahoo,2023-12-13 16:47:43
2023-07-05,XLK,172.27999877929688,173.7100067138672,172.1300048828125,172.4199981689453,4697800,169.2384292652622,0.0,1.0,yahoo,2023-12-13 16:47:43
2023-07-06,XLK,170.72000122070312,172.1199951171875,170.1999969482422,171.9600067138672,6058200,168.7869257728623,0.0,1.0,yahoo,2023-12-13 16:47:43
2023-07-07,XLK,171.67999267578125,173.27999877929688,171.11000061035156,171.2100067138672,5811100,168.05076509952454,0.0,1.0,yahoo,2023-12-13 16:47:43
2023-07-10,XLK,170.58999633789062,171.6699981689453,169.94000244140625,171.66000366210938,8438600,168.49245850808174,0.0,1.0,yahoo,2023-12-13 16:47:43
2023-07-11,XLK,172.02000427246094,172.22000122070312,170.35000610351562,172.02999877929688,4998700,168.85562631421567,0.0,1.0,yahoo,2023-12-13 16:47:43
2023-07-12,XLK,173.75,174.8000030517578,172.8000030517578,173.97999572753906,8052200,170.7696410694484,0.0,1.0,yahoo,2023-12-13 16:47:43
2023-07-13,XLK,175.1699981689453,176.6300048828125,174.82000732421875,176.25,4674600,172.99775823437432,0.0,1.0,yahoo,2023-12-13 16:47:43
2023-07-14,XLK,176.69000244140625,178.07000732421875,175.47999572753906,175.99000549316406,5762800,172.74256125941903,0.0,1.0,yahoo,2023-12-13 16:47:43
2023-07-17,XLK,176.32000732421875,178.75999450683594,176.1199951171875,178.24000549316406,5929400,174.95104327943233,0.0,1.0,yahoo,2023-12-13 16:47:43
2023-07-18,XLK,177.8300018310547,181.1300048828125,176.89999389648438,180.259994506836,8203400,176.93375857601848,0.0,1.0,yahoo,2023-12-13 16:47:43
2023-07-19,XLK,180.7100067138672,181.4600067138672,179.1199951171875,179.80999755859375,10495000,176.49206516746122,0.0,1.0,yahoo,2023-12-13 16:47:43
2023-07-20,XLK,178.66000366210938,179.4199981689453,175.6699981689453,176.22000122070312,12178000,172.968313005619,0.0,1.0,yahoo,2023-12-13 16:47:43
2023-07-21,XLK,177.33999633789062,178.22999572753906,175.9199981689453,176.1300048828125,7434600,172.879977319353,0.0,1.0,yahoo,2023-12-13 16:47:43
2023-07-24,XLK,176.91000366210938,177.33999633789062,175.75999450683594,176.44000244140625,5654100,173.18425466797623,0.0,1.0,yahoo,2023-12-13 16:47:43
2023-07-25,XLK,177.00999450683594,179.0500030517578,176.97999572753906,178.4600067138672,5401100,175.1669849417896,0.0,1.0,yahoo,2023-12-13 16:47:43
2023-07-26,XLK,176.58999633789062,177.02000427246094,174.82000732421875,176.05999755859375,7750800,172.8112618007724,0.0,1.0,yahoo,2023-12-13 16:47:43
2023-07-27,XLK,178.44000244140625,178.97999572753906,174.75,175.5500030517578,6928500,172.31067793470453,0.0,1.0,yahoo,2023-12-13 16:47:43
2023-07-28,XLK,177.17999267578125,178.47000122070312,176.80999755859375,177.94000244140625,5643700,174.65657601465176,0.0,1.0,yahoo,2023-12-13 16:47:43
2023-07-31,XLK,178.10000610351562,178.57000732421875,177.3300018310547,178.35000610351562,5069200,175.05901411061095,0.0,1.0,yahoo,2023-12-13 16:47:43
2023-08-01,XLK,177.77000427246094,179.02999877929688,177.3000030517578,178.64999389648438,4422900,175.35346639816427,0.0,1.0,yahoo,2023-12-13 16:47:43
2023-08-02,XLK,177.0800018310547,177.19000244140625,173.60000610351562,174.22999572753906,7909300,171.01502796056099,0.0,1.0,yahoo,2023-12-13 16:47:43
2023-08-03,XLK,172.80999755859375,174.5399932861328,172.6999969482422,173.52000427246094,5660500,170.31813757704847,0.0,1.0,yahoo,2023-12-13 16:47:43
2023-08-04,XLK,172.92999267578125,173.97000122070312,170.88999938964844,171.16000366210938,7215200,168.00168472585656,0.0,1.0,yahoo,2023-12-13 16:47:43
2023-08-07,XLK,171.8800048828125,172.47000122070312,170.39999389648438,171.63999938964844,4768000,168.4728233631691,0.0,1.0,yahoo,2023-12-13 16:47:43
2023-08-08,XLK,170.44000244140625,170.5399932861328,168.61000061035156,170.32000732421875,5730900,167.1771883662528,0.0,1.0,yahoo,2023-12-13 16:47:43
2023-08-09,XLK,170.5500030517578,170.5500030517578,167.5399932861328,168.1199951171875,7150900,165.01777174268025,0.0,1.0,yahoo,2023-12-13 16:47:43
2023-08-10,XLK,169.39999389648438,170.8699951171875,167.30999755859375,168.13999938964844,6365700,165.03740688759288,0.0,1.0,yahoo,2023-12-13 16:47:43
2023-08-11,XLK,166.8000030517578,167.8800048828125,166.32000732421875,166.89999389648438,5384800,163.82028251587263,0.0,1.0,yahoo,2023-12-13 16:47:43
2023-08-14,XLK,166.72999572753906,169.5800018310547,166.3300018310547,169.55999755859375,5164000,166.4312026318451,0.0,1.0,yahoo,2023-12-13 16:47:43
2023-08-15,XLK,169.05999755859375,169.66000366210938,167.5,167.88999938964844,4683200,164.7920199964803,0.0,1.0,yahoo,2023-12-13 16:47:43
2023-08-16,XLK,167.52999877929688,168.49000549316406,166.27999877929688,166.2899932861328,4889700,163.22153790246884,0.0,1.0,yahoo,2023-12-13 16:47:43
2023-08-17,XLK,167.02999877929688,167.33999633789062,164.4600067138672,164.7100067138672,6307400,161.67070593059725,0.0,1.0,yahoo,2023-12-13 16:47:43
2023-08-18,XLK,163.0399932861328,165.6300048828125,162.94000244140625,164.9600067138672,6828500,161.91609282170984,0.0,1.0,yahoo,2023-12-13 16:47:43
2023-08-21,XLK,165.80999755859375,168.4499969482422,165.64999389648438,168.11000061035156,6566400,165.00796165883756,0.0,1.0,yahoo,2023-12-13 16:47:43
2023-08-22,XLK,169.6199951171875,169.72000122070312,167.5500030517578,167.9199981689453,5682800,164.82146522523564,0.0,1.0,yahoo,2023-12-13 16:47:43
2023-08-23,XLK,168.3300018310547,171.4499969482422,168.32000732421875,170.9499969482422,5056600,167.79555314734202,0.0,1.0,yahoo,2023-12-13 16:47:43
2023-08-24,XLK,173.10000610351562,173.11000061035156,166.8800048828125,167.00999450683594,6964500,163.92825334705128,0.0,1.0,yahoo,2023-12-13 16:47:43
2023-08-25,XLK,167.67999267578125,169.63999938964844,166.19000244140625,168.7100067138672,7843300,165.59689618839866,0.0,1.0,yahoo,2023-12-13 16:47:43
2023-08-28,XLK,169.99000549316406,170.4499969482422,168.77999877929688,170.08999633789062,4481900,166.9514216428256,0.0,1.0,yahoo,2023-12-13 16:47:43
2023-08-29,XLK,169.60000610351562,173.6699981689453,169.4199981689453,173.5,6856900,170.29850243213585,0.0,1.0,yahoo,2023-12-13 16:47:43
2023-08-30,XLK,173.52999877929688,174.99000549316406,172.92999267578125,174.80999755859375,6133300,171.58432734520946,0.0,1.0,yahoo,2023-12-13 16:47:43
2023-08-31,XLK,175.2100067138672,176.3300018310547,175.02000427246094,175.66000366210938,5981700,172.41864876588315,0.0,1.0,yahoo,2023-12-13 16:47:43
2023-09-01,XLK,176.75999450683594,176.99000549316406,175.3000030517578,176.1999969482422,4622300,172.94867786070634,0.0,1.0,yahoo,2023-12-13 16:47:43
2023-09-05,XLK,175.75999450683594,177.3800048828125,175.19000244140625,176.8300018310547,5030200,173.5670576190228,0.0,1.0,yahoo,2023-12-13 16:47:43
2023-09-06,XLK,176.13999938964844,176.5800018310547,173.8800048828125,174.9600067138672,9071600,171.73156846621336,0.0,1.0,yahoo,2023-12-13 16:47:43
2023-09-07,XLK,171.7100067138672,172.80999755859375,171.0800018310547,172.42999267578125,6256800,169.2482393491049,0.0,1.0,yahoo,2023-12-13 16:47:43
2023-09-08,XLK,172.4199981689453,173.89999389648438,172.33999633789062,172.7899932861328,4292400,169.60159707139613,0.0,1.0,yahoo,2023-12-13 16:47:43
2023-09-11,XLK,174.30999755859375,174.47000122070312,172.1699981689453,173.69000244140625,4136400,170.48499886573777,0.0,1.0,yahoo,2023-12-13 16:47:43
2023-09-12,XLK,172.24000549316406,172.85000610351562,170.22999572753906,170.5399932861328,6121500,167.39311505138284,0.0,1.0,yahoo,2023-12-13 16:47:43
2023-09-13,XLK,170.47000122070312,171.88999938964844,169.99000549316406,170.97000122070312,5004400,167.81518829225465,0.0,1.0,yahoo,2023-12-13 16:47:43
2023-09-14,XLK,172.02000427246094,172.63999938964844,170.94000244140625,172.2100067138672,4736600,169.0323126639749,0.0,1.0,yahoo,2023-12-13 16:47:43
2023-09-15,XLK,171.58999633789062,171.63999938964844,168.4499969482422,168.89999389648438,6553800,165.78337764477334,0.0,1.0,yahoo,2023-12-13 16:47:43
2023-09-18,XLK,168.0500030517578,169.91000366210938,168.0,169.35000610351562,4971900,166.5801414069556,0.36,1.0,yahoo,2023-12-13 16:47:43
2023-09-19,XLK,168.6300048828125,169.69000244140625,167.7100067138672,169.25999450683594,4118300,166.49160202719318,0.0,1.0,yahoo,2023-12-13 16:47:43
2023-09-20,XLK,169.72000122070312,169.94000244140625,166.52999877929688,166.60000610351562,5380200,163.8751200171771,0.0,1.0,yahoo,2023-12-13 16:47:43
2023-09-21,XLK,164.85000610351562,166.02000427246094,163.97999572753906,164.05999755859375,7370600,161.37665549200116,0.0,1.0,yahoo,2023-12-13 16:47:43
2023-09-22,XLK,164.77999877929688,165.9199981689453,164.0399932861328,164.41000366210938,6268900,161.72093694529673,0.0,1.0,yahoo,2023-12-13 16:47:43
2023-09-25,XLK,163.99000549316406,165.19000244140625,163.57000732421875,164.94000244140625,5288700,162.2422671396802,0.0,1.0,yahoo,2023-12-13 16:47:43
2023-09-26,XLK,163.86000061035156,163.9499969482422,161.41000366210938,161.97000122070312,7463000,159.32084283798196,0.0,1.0,yahoo,2023-12-13 16:47:43
2023-09-27,XLK,162.75,163.07000732421875,160.61000061035156,162.22000122070312,5832600,159.56675387341636,0.0,1.0,yahoo,2023-12-13 16:47:43
2023-09-28,XLK,161.4499969482422,164.41000366210938,160.69000244140625,163.3699951171875,6414700,160.69793863272724,0.0,1.0,yahoo,2023-12-13 16:47:43
2023-09-29,XLK,164.97999572753906,166.50999450683594,163.3699951171875,163.92999267578125,7941400,161.24877695062537,0.0,1.0,yahoo,2023-12-13 16:47:43
2023-10-02,XLK,164.00999450683594,166.1699981689453,163.75999450683594,165.69000244140625,6828100,162.98000024598343,0.0,1.0,yahoo,2023-12-13 16:47:43
2023-10-03,XLK,164.75,165.8800048828125,162.0399932861328,162.8800048828125,7419400,160.21596260917565,0.0,1.0,yahoo,2023-12-13 16:47:43
2023-10-04,XLK,163.00999450683594,165.35000610351562,163.00999450683594,164.91000366210938,7597100,162.21275901616556,0.0,1.0,yahoo,2023-12-13 16:47:43
2023-10-05,XLK,164.89999389648438,165.39999389648438,163.14999389648438,165.1300048828125,6011500,162.4291619280853,0.0,1.0,yahoo,2023-12-13 16:47:43
2023-10-06,XLK,164.0,168.94000244140625,163.52000427246094,168.22000122070312,8310400,165.46861872384216,0.0,1.0,yahoo,2023-12-13 16:47:43
2023-10-09,XLK,167.19000244140625,169.35000610351562,166.4199981689453,169.08999633789062,6569600,166.324384324204,0.0,1.0,yahoo,2023-12-13 16:47:43
2023-10-10,XLK,169.2100067138672,170.7100067138672,168.74000549316406,169.35000610351562,10201400,166.5801414069556,0.0,1.0,yahoo,2023-12-13 16:47:43
2023-10-11,XLK,169.8699951171875,171.0,169.3300018310547,170.9199981689453,5194600,168.12445490469008,0.0,1.0,yahoo,2023-12-13 16:47:43
2023-10-12,XLK,171.07000732421875,172.8300018310547,169.77999877929688,171.0800018310547,7702900,168.28184156958054,0.0,1.0,yahoo,2023-12-13 16:47:43
2023-10-13,XLK,171.4199981689453,171.7100067138672,168.0399932861328,168.6300048828125,7591600,165.87191642416704,0.0,1.0,yahoo,2023-12-13 16:47:43
2023-10-16,XLK,168.91000366210938,171.02000427246094,168.8800048828125,170.25,7272100,167.46541513083207,0.0,1.0,yahoo,2023-12-13 16:47:43
2023-10-17,XLK,168.11000061035156,170.33999633789062,166.89999389648438,169.4600067138672,7658900,166.68834286291548,0.0,1.0,yahoo,2023-12-13 16:47:43
2023-10-18,XLK,168.27000427246094,169.63999938964844,167.02999877929688,167.72000122070312,6431400,164.97679665297335,0.0,1.0,yahoo,2023-12-13 16:47:43
2023-10-19,XLK,168.38999938964844,169.52000427246094,166.47000122070312,166.75999450683594,9995900,164.0324916728491,0.0,1.0,yahoo,2023-12-13 16:47:43
2023-10-20,XLK,166.67999267578125,166.8000030517578,163.77000427246094,163.94000244140625,7667700,161.25862299794258,0.0,1.0,yahoo,2023-12-13 16:47:43
2023-10-23,XLK,162.9199981689453,165.8000030517578,162.00999450683594,164.1300048828125,7579500,161.44551778634766,0.0,1.0,yahoo,2023-12-13 16:47:43
2023-10-24,XLK,164.77999877929688,165.50999450683594,163.47999572753906,165.25999450683594,5590200,162.55702546024264,0.0,1.0,yahoo,2023-12-13 16:47:43
2023-10-25,XLK,166.0500030517578,166.25,162.82000732421875,163.30999755859375,7764800,160.63892238569795,0.0,1.0,yahoo,2023-12-13 16:47:43
2023-10-26,XLK,163.60000610351562,164.32000732421875,159.5,160.19000244140625,10323200,157.56995746642644,0.0,1.0,yahoo,2023-12-13 16:47:43
2023-10-27,XLK,161.1699981689453,162.75,160.41000366210938,161.1199951171875,8115800,158.48473931381758,0.0,1.0,yahoo,2023-12-13 16:47:43
2023-10-30,XLK,161.97000122070312,163.42999267578125,161.47999572753906,162.85000610351562,7090400,160.186454485661,0.0,1.0,yahoo,2023-12-13 16:47:43
2023-10-31,XLK,162.92999267578125,164.14999389648438,161.66000366210938,164.00999450683594,5446800,161.3274702830706,0.0,1.0,yahoo,2023-12-13 16:47:43
2023-11-01,XLK,164.3000030517578,167.39999389648438,164.3000030517578,167.17999267578125,10472900,164.44562041127267,0.0,1.0,yahoo,2023-12-13 16:47:43
2023-11-02,XLK,168.69000244140625,170.16000366210938,168.4600067138672,170.00999450683594,8096300,167.2293351334964,0.0,1.0,yahoo,2023-12-13 16:47:43
2023-11-03,XLK,169.83999633789062,172.4499969482422,169.47000122070312,171.75999450683594,7830200,168.95071238153727,0.0,1.0,yahoo,2023-12-13 16:47:43
2023-11-06,XLK,171.99000549316406,172.9499969482422,171.4499969482422,172.88999938964844,5549600,170.0622350646507,0.0,1.0,yahoo,2023-12-13 16:47:43
2023-11-07,XLK,173.35000610351562,175.2899932861328,173.08999633789062,174.77999877929688,6514900,171.92132189216608,0.0,1.0,yahoo,2023-12-13 16:47:43
2023-11-08,XLK,175.3800048828125,176.05999755859375,174.5800018310547,175.77000427246094,5361200,172.895134995805,0.0,1.0,yahoo,2023-12-13 16:47:43
2023-11-09,XLK,176.02999877929688,177.32000732421875,174.72000122070312,174.9499969482422,7187300,172.08853959515525,0.0,1.0,yahoo,2023-12-13 16:47:43
2023-11-10,XLK,176.00999450683594,179.63999938964844,175.80999755859375,179.52000427246094,6673200,176.5838005273211,0.0,1.0,yahoo,2023-12-13 16:47:43
2023-11-13,XLK,178.77000427246094,178.9199981689453,177.72000122070312,178.47000122070312,5862500,175.5509711766529,0.0,1.0,yahoo,2023-12-13 16:47:43
2023-11-14,XLK,181.1999969482422,182.5,180.63999938964844,182.0399932861328,8254200,179.06257295786264,0.0,1.0,yahoo,2023-12-13 16:47:43
2023-11-15,XLK,182.8500061035156,183.1300048828125,181.57000732421875,182.2700042724609,6573900,179.28882191709957,0.0,1.0,yahoo,2023-12-13 16:47:43
2023-11-16,XLK,181.9100036621093,183.3800048828125,181.5800018310547,183.17999267578125,5776800,180.1839266790748,0.0,1.0,yahoo,2023-12-13 16:47:43
2023-11-17,XLK,182.7700042724609,183.5,182.009994506836,182.8000030517578,6638900,179.81015211148306,0.0,1.0,yahoo,2023-12-13 16:47:43
2023-11-20,XLK,183.02999877929688,185.92999267578125,183.009994506836,185.4499969482422,5558100,182.41680308340042,0.0,1.0,yahoo,2023-12-13 16:47:43
2023-11-21,XLK,184.6100006103516,184.8999938964844,183.27999877929688,183.9499969482422,6675400,180.94133687079398,0.0,1.0,yahoo,2023-12-13 16:47:43
2023-11-22,XLK,185.1100006103516,186.3500061035156,184.2700042724609,184.7700042724609,5606700,181.74793227144366,0.0,1.0,yahoo,2023-12-13 16:47:43
2023-11-24,XLK,184.4600067138672,184.6199951171875,183.7100067138672,184.4100036621093,2096900,181.3938197800493,0.0,1.0,yahoo,2023-12-13 16:47:43
2023-11-27,XLK,184.1499938964844,185.47000122070312,183.82000732421875,184.3999938964844,4210000,181.38397373273224,0.0,1.0,yahoo,2023-12-13 16:47:43
2023-11-28,XLK,183.77999877929688,185.2400054931641,183.77999877929688,184.75,5506200,181.72825518602775,0.0,1.0,yahoo,2023-12-13 16:47:43
2023-11-29,XLK,186.1000061035156,186.8999938964844,184.77999877929688,184.88999938964844,5382700,181.8659647655023,0.0,1.0,yahoo,2023-12-13 16:47:43
2023-11-30,XLK,185.6600036621093,185.9100036621093,183.6100006103516,185.1600036621093,6872000,182.13155288635255,0.0,1.0,yahoo,2023-12-13 16:47:43
2023-12-01,XLK,184.67999267578125,185.9100036621093,183.7899932861328,185.5800018310547,6994300,182.54468162477622,0.0,1.0,yahoo,2023-12-13 16:47:43
2023-12-04,XLK,183.72999572753903,183.72999572753903,181.32000732421875,183.32000732421875,9110900,180.3216512677678,0.0,1.0,yahoo,2023-12-13 16:47:43
2023-12-05,XLK,182.33999633789065,184.6300048828125,182.33999633789065,184.4199981689453,5420700,181.40365081814812,0.0,1.0,yahoo,2023-12-13 16:47:43
2023-12-06,XLK,185.57000732421875,185.83999633789065,182.72000122070312,182.8600006103516,7365700,179.8691683585124,0.0,1.0,yahoo,2023-12-13 16:47:43
2023-12-07,XLK,183.72999572753903,185.38999938964844,183.33999633789065,185.0800018310547,6964400,182.0528595539074,0.0,1.0,yahoo,2023-12-13 16:47:43
2023-12-08,XLK,184.67999267578125,186.8099975585937,184.4499969482422,186.6600036621093,6404000,183.607019098959,0.0,1.0,yahoo,2023-12-13 16:47:43
2023-12-11,XLK,186.1100006103516,188.3300018310547,185.67999267578125,188.2899932861328,18897700,185.21034884372287,0.0,1.0,yahoo,2023-12-13 16:47:43
2023-12-12,XLK,187.6000061035156,189.6000061035156,187.44000244140625,189.5399932861328,7527700,186.43990402089491,0.0,1.0,yahoo,2023-12-13 16:47:43
2023-12-13,XLK,189.9900054931641,191.6699981689453,189.5498962402344,191.2100067138672,14540094,188.082602945709,0.0,1.0,yahoo,2023-12-13 16:47:43
2023-12-14,XLK,191.3600006103516,192.0800018310547,189.3309936523437,190.7400054931641,7693567,187.62028899835488,0.0,1.0,yahoo,2023-12-14 14:44:06
2023-12-15,XLK,190.5399932861328,192.8000030517578,190.5399932861328,191.6999969482422,9065600,188.56457896926062,0.0,1.0,yahoo,2023-12-16 13:04:44
2023-12-18,XLK,191.2400054931641,192.27999877929688,190.42999267578125,191.8500061035156,5069000,189.1284737572214,0.422,1.0,yahoo,2024-03-13 00:00:19
2023-12-19,XLK,191.8099975585937,192.6000061035156,191.6999969482422,192.5800018310547,4501800,189.84811396262367,0.0,1.0,yahoo,2024-03-13 00:00:19
2023-12-20,XLK,192.3600006103516,193.0399932861328,189.63999938964844,189.6699981689453,6867400,186.9793908261453,0.0,1.0,yahoo,2024-03-13 00:00:19
2023-12-21,XLK,191.6000061035156,192.22999572753903,190.19000244140625,191.8000030517578,5668000,189.0791800352444,0.0,1.0,yahoo,2024-03-13 00:00:19
2023-12-22,XLK,192.3500061035156,192.6100006103516,191.1000061035156,192.0500030517578,5107500,189.32563360279755,0.0,1.0,yahoo,2024-03-13 00:00:19
2023-12-26,XLK,192.1699981689453,193.25,192.1699981689453,192.8500061035156,3103800,190.11428802743401,0.0,1.0,yahoo,2024-03-13 00:00:19
2023-12-27,XLK,192.9499969482422,193.2400054931641,192.0200042724609,192.83999633789065,5882300,190.10442025763948,0.0,1.0,yahoo,2024-03-13 00:00:19
2023-12-28,XLK,193.5200042724609,193.72000122070312,192.97999572753903,193.07000732421875,4807700,190.3311683702674,0.0,1.0,yahoo,2024-03-13 00:00:19
2023-12-29,XLK,193.1699981689453,193.5599975585937,191.5200042724609,192.47999572753903,6094900,189.7495265186696,0.0,1.0,yahoo,2024-03-13 00:00:19
2024-01-02,XLK,189.8600006103516,190.1600036621093,186.25,187.44000244140625,11772700,184.78102921542416,0.0,1.0,yahoo,2024-03-13 00:00:19
2024-01-03,XLK,185.72999572753903,186.75,185.1999969482422,185.52999877929688,9095000,182.8981203491584,0.0,1.0,yahoo,2024-03-13 00:00:19
2024-01-04,XLK,184.38999938964844,185.6699981689453,183.9900054931641,184.1699981689453,6063600,181.55741233997597,0.0,1.0,yahoo,2024-03-13 00:00:19
2024-01-05,XLK,184.3800048828125,185.7100067138672,183.4199981689453,184.1199951171875,8173600,181.50811861799895,0.0,1.0,yahoo,2024-03-13 00:00:19
2024-01-08,XLK,185.0500030517578,188.8699951171875,184.8600006103516,188.7400054931641,8217300,186.06259077516697,0.0,1.0,yahoo,2024-03-13 00:00:19
2024-01-09,XLK,187.2899932861328,189.5800018310547,186.88999938964844,189.0399932861328,5316900,186.35832302236514,0.0,1.0,yahoo,2024-03-13 00:00:19
2024-01-10,XLK,189.1300048828125,191.0599975585937,188.72999572753903,190.6499938964844,4892700,187.94548459910072,0.0,1.0,yahoo,2024-03-13 00:00:19
2024-01-11,XLK,191.58999633789065,192.5500030517578,188.92999267578125,191.6199951171875,6648300,188.9017256445935,0.0,1.0,yahoo,2024-03-13 00:00:19
2024-01-12,XLK,191.92999267578125,192.67999267578125,191.27999877929688,192.2400054931641,4417000,189.5129407209111,0.0,1.0,yahoo,2024-03-13 00:00:19
2024-01-16,XLK,192.0,193.52999877929688,190.88999938964844,192.72000122070312,5887800,189.98612735876017,0.0,1.0,yahoo,2024-03-13 00:00:19
2024-01-17,XLK,191.2899932861328,192.0,189.69000244140625,191.7700042724609,7054500,189.04960681052455,0.0,1.0,yahoo,2024-03-13 00:00:19
2024-01-18,XLK,194.3300018310547,195.83999633789065,193.6000061035156,195.6600036621093,9459400,192.88442371995828,0.0,1.0,yahoo,2024-03-13 00:00:19
2024-01-19,XLK,196.94000244140625,200.2100067138672,196.509994506836,200.1699981689453,9164600,197.3304406633777,0.0,1.0,yahoo,2024-03-13 00:00:19
2024-01-22,XLK,201.1499938964844,202.27999877929688,200.2899932861328,201.0500030517578,7484500,198.19796203471103,0.0,1.0,yahoo,2024-03-13 00:00:19
2024-01-23,XLK,201.2400054931641,201.9900054931641,200.07000732421875,201.8600006103516,6631900,198.99646918681015,0.0,1.0,yahoo,2024-03-13 00:00:19
2024-01-24,XLK,203.25,205.2899932861328,202.6699981689453,203.25,8825600,200.36675042071235,0.0,1.0,yahoo,2024-03-13 00:00:19
2024-01-25,XLK,205.1199951171875,206.1499938964844,203.1600036621093,204.1000061035156,8535700,201.20469856732583,0.0,1.0,yahoo,2024-03-13 00:00:19
2024-01-26,XLK,202.6699981689453,203.57000732421875,201.2899932861328,201.75,5276500,198.88802901539344,0.0,1.0,yahoo,2024-03-13 00:00:19
2024-01-29,XLK,202.0,203.63999938964844,201.6000061035156,203.6000061035156,3819800,200.71179143221954,0.0,1.0,yahoo,2024-03-13 00:00:19
2024-01-30,XLK,203.52999877929688,203.83999633789065,201.3000030517578,201.9199981689453,6125800,199.05561563624974,0.0,1.0,yahoo,2024-03-13 00:00:19
2024-01-31,XLK,200.0,200.82000732421875,197.5800018310547,197.67999267578125,8147600,194.87575771530877,0.0,1.0,yahoo,2024-03-13 00:00:19
2024-02-01,XLK,198.47000122070312,200.4499969482422,198.33999633789065,200.1699981689453,7151700,197.3304406633777,0.0,1.0,yahoo,2024-03-13 00:00:19
2024-02-02,XLK,198.8099975585937,202.8800048828125,198.75,202.2400054931641,6436100,199.37108342303716,0.0,1.0,yahoo,2024-03-13 00:00:19
2024-02-05,XLK,203.0599975585937,203.27999877929688,200.8000030517578,202.6999969482422,5043100,199.82454956362903,0.0,1.0,yahoo,2024-03-13 00:00:19
2024-02-06,XLK,202.9199981689453,203.2700042724609,200.47000122070312,201.7700042724609,6338600,198.90774951265064,0.0,1.0,yahoo,2024-03-13 00:00:19
2024-02-07,XLK,203.19000244140625,204.4900054931641,202.3800048828125,204.44000244140625,5682900,201.5398718090385,0.0,1.0,yahoo,2024-03-13 00:00:19
2024-02-08,XLK,204.7899932861328,205.6300048828125,204.5399932861328,205.0800018310547,4974100,202.17079234028128,0.0,1.0,yahoo,2024-03-13 00:00:19
2024-02-09,XLK,205.94000244140625,208.1100006103516,205.6999969482422,207.83999633789065,5806100,204.89163431082858,0.0,1.0,yahoo,2024-03-13 00:00:19
2024-02-12,XLK,207.8300018310547,208.47000122070312,205.9600067138672,206.259994506836,5376600,203.33404595881285,0.0,1.0,yahoo,2024-03-13 00:00:19
2024-02-13,XLK,201.7899932861328,204.1199951171875,201.17999267578125,202.759994506836,9729700,199.88369601306871,0.0,1.0,yahoo,2024-03-13 00:00:19
2024-02-14,XLK,204.2700042724609,205.0399932861328,202.8300018310547,204.8800048828125,5895800,201.97363249470516,0.0,1.0,yahoo,2024-03-13 00:00:19
2024-02-15,XLK,205.1499938964844,205.3500061035156,203.3099975585937,204.4499969482422,5398200,201.5497245365011,0.0,1.0,yahoo,2024-03-13 00:00:19
2024-02-16,XLK,205.0,205.4100036621093,202.3000030517578,202.57000732421875,5544100,199.69640393728716,0.0,1.0,yahoo,2024-03-13 00:00:19
2024-02-20,XLK,201.3800048828125,202.1000061035156,198.5,200.509994506836,8723800,197.66561390509034,0.0,1.0,yahoo,2024-03-13 00:00:19
2024-02-21,XLK,198.57000732421875,199.25,197.07000732421875,199.25,7983200,196.42349333986192,0.0,1.0,yahoo,2024-03-13 00:00:19
2024-02-22,XLK,204.3999938964844,206.3300018310547,203.92999267578125,205.7700042724609,9275800,202.85100659350107,0.0,1.0,yahoo,2024-03-13 00:00:19
2024-02-23,XLK,207.3999938964844,207.6600036621093,204.63999938964844,205.2899932861328,6162000,202.37780491332,0.0,1.0,yahoo,2024-03-13 00:00:19
2024-02-26,XLK,206.19000244140625,206.6999969482422,205.27999877929688,205.4900054931641,9124400,202.57497980122815,0.0,1.0,yahoo,2024-03-13 00:00:19
2024-02-27,XLK,206.0500030517578,206.0500030517578,204.13999938964844,205.6699981689453,4992200,202.75241914954702,0.0,1.0,yahoo,2024-03-13 00:00:19
2024-02-28,XLK,204.9900054931641,205.259994506836,203.9600067138672,204.6999969482422,4164500,201.79617810405423,0.0,1.0,yahoo,2024-03-13 00:00:19
2024-02-29,XLK,205.7899932861328,207.47000122070312,204.63999938964844,206.97999572753903,5993400,204.04383343675238,0.0,1.0,yahoo,2024-03-13 00:00:19
2024-03-01,XLK,207.509994506836,211.0599975585937,207.4100036621093,210.759994506836,6567900,207.77021017476957,0.0,1.0,yahoo,2024-03-13 00:00:19
2024-03-04,XLK,210.4600067138672,211.97000122070312,209.9900054931641,210.759994506836,10221900,207.77021017476957,0.0,1.0,yahoo,2024-03-13 00:00:19
2024-03-05,XLK,208.67999267578125,208.77999877929688,204.25,205.5800018310547,9021400,202.66369947538757,0.0,1.0,yahoo,2024-03-13 00:00:19
2024-03-06,XLK,207.72999572753903,208.7700042724609,205.82000732421875,207.2100067138672,7151600,204.27058154938035,0.0,1.0,yahoo,2024-03-13 00:00:19
2024-03-07,XLK,208.97999572753903,211.1199951171875,207.94000244140625,210.47999572753903,6060400,207.49418338249652,0.0,1.0,yahoo,2024-03-13 00:00:19
2024-03-08,XLK,210.8600006103516,212.3500061035156,207.22000122070312,207.3500061035156,7453900,204.40859494551682,0.0,1.0,yahoo,2024-03-13 00:00:19
2024-03-11,XLK,206.3999938964844,207.2400054931641,205.2899932861328,206.77999877929688,7824200,203.8466735911763,0.0,1.0,yahoo,2024-03-13 00:00:19
2024-03-12,XLK,208.7700042724609,211.0399932861328,206.7899932861328,211.0200042724609,8688100,208.02653151211726,0.0,1.0,yahoo,2024-03-13 00:00:19
2024-03-13,XLK,210.3800048828125,210.5,207.8699951171875,208.7400054931641,6407700,205.77887617941911,0.0,1.0,yahoo,2024-03-30 19:38:20
2024-03-14,XLK,209.6199951171875,210.3600006103516,207.509994506836,208.77999877929688,8011600,205.8183021316015,0.0,1.0,yahoo,2024-03-30 19:38:20
2024-03-15,XLK,205.77999877929688,206.72000122070312,204.7899932861328,205.6300048828125,9814100,202.7129931973646,0.0,1.0,yahoo,2024-03-30 19:38:20
2024-03-18,XLK,207.08999633789065,208.4199981689453,206.13999938964844,206.3000030517578,7088300,203.70932052828843,0.339,1.0,yahoo,2024-03-30 19:38:20
2024-03-19,XLK,205.2899932861328,207.3999938964844,204.259994506836,207.3699951171875,6695100,204.76587580407607,0.0,1.0,yahoo,2024-03-30 19:38:20
2024-03-20,XLK,207.52999877929688,209.759994506836,206.8000030517578,209.69000244140625,6678700,207.05674884647095,0.0,1.0,yahoo,2024-03-30 19:38:20
2024-03-21,XLK,211.92999267578125,211.92999267578125,209.6600036621093,209.83999633789065,6156000,207.2048591435346,0.0,1.0,yahoo,2024-03-30 19:38:20
2024-03-22,XLK,209.8500061035156,210.67999267578125,209.1000061035156,209.9100036621093,5752900,207.27398732694527,0.0,1.0,yahoo,2024-03-30 19:38:20
2024-03-25,XLK,207.9199981689453,209.4100036621093,207.32000732421875,208.5200042724609,4388900,205.9014433278598,0.0,1.0,yahoo,2024-03-30 19:38:20
2024-03-26,XLK,209.2700042724609,209.6100006103516,207.4900054931641,207.6600036621093,4269200,205.05224246796118,0.0,1.0,yahoo,2024-03-30 19:38:20
2024-03-27,XLK,208.97000122070312,209.0800018310547,207.1199951171875,208.72000122070312,6247500,206.0989287463352,0.0,1.0,yahoo,2024-03-30 19:38:20
2024-03-28,XLK,208.22999572753903,208.8699951171875,207.8500061035156,208.2700042724609,4427200,205.65458278797266,0.0,1.0,yahoo,2024-03-30 19:38:20
2024-04-01,XLK,208.7100067138672,210.07000732421875,208.08999633789065,208.8500061035156,5827400,206.22730104857138,0.0,1.0,yahoo,2024-07-04 14:28:46
2024-04-02,XLK,206.52999877929688,207.13999938964844,205.16000366210932,206.83999633789065,5709100,204.24253266488913,0.0,1.0,yahoo,2024-07-04 14:28:46
2024-04-03,XLK,205.8000030517578,208.4600067138672,205.75,207.38999938964844,5335000,204.78562886607511,0.0,1.0,yahoo,2024-07-04 14:28:46
2024-04-04,XLK,209.3699951171875,210.1000061035156,204.0,204.1100006103516,8232400,201.5468197881298,0.0,1.0,yahoo,2024-07-04 14:28:46
2024-04-05,XLK,205.0,207.5,204.42999267578125,206.4499969482422,6403200,203.85743082535205,0.0,1.0,yahoo,2024-07-04 14:28:46
2024-04-08,XLK,206.5800018310547,207.259994506836,205.4499969482422,206.2100067138672,4062900,203.62045435005027,0.0,1.0,yahoo,2024-07-04 14:28:46
2024-04-09,XLK,207.2700042724609,207.6999969482422,204.66000366210932,207.25,4700400,204.64738756642518,0.0,1.0,yahoo,2024-07-04 14:28:46
2024-04-10,XLK,204.88999938964844,205.47000122070312,203.8300018310547,204.7100067138672,6918400,202.13929111072753,0.0,1.0,yahoo,2024-07-04 14:28:46
2024-04-11,XLK,205.6199951171875,209.13999938964844,204.6300048828125,208.8000030517578,5281800,206.17792592715966,0.0,1.0,yahoo,2024-07-04 14:28:46
2024-04-12,XLK,206.3099975585937,207.27999877929688,204.66000366210932,205.4199981689453,8093100,202.84036660639083,0.0,1.0,yahoo,2024-07-04 14:28:46
2024-04-15,XLK,206.67999267578125,206.8099975585937,201.2100067138672,201.5200042724609,8594500,198.98934821102034,0.0,1.0,yahoo,2024-07-04 14:28:46
2024-04-16,XLK,201.9600067138672,203.009994506836,200.9600067138672,201.759994506836,7457000,199.22632468632222,0.0,1.0,yahoo,2024-07-04 14:28:46
2024-04-17,XLK,202.5,202.83999633789065,198.6999969482422,198.8500061035156,6545200,196.35287945308644,0.0,1.0,yahoo,2024-07-04 14:28:46
2024-04-18,XLK,198.7899932861328,199.3000030517578,196.3699951171875,196.5800018310547,7640300,194.11138153210337,0.0,1.0,yahoo,2024-07-04 14:28:46
2024-04-19,XLK,195.8300018310547,196.47000122070312,192.0399932861328,192.52999877929688,10938800,190.11223777249762,0.0,1.0,yahoo,2024-07-04 14:28:46
2024-04-22,XLK,194.009994506836,195.4199981689453,192.0800018310547,194.25,6646700,191.81063949229477,0.0,1.0,yahoo,2024-07-04 14:28:46
2024-04-23,XLK,195.0599975585937,197.4199981689453,194.7700042724609,197.1300048828125,6075800,194.65447773328935,0.0,1.0,yahoo,2024-07-04 14:28:46
2024-04-24,XLK,198.58999633789065,199.41000366210932,196.94000244140625,198.02999877929688,4580100,195.54316965001433,0.0,1.0,yahoo,2024-07-04 14:28:46
2024-04-25,XLK,195.5599975585937,197.97000122070312,194.69000244140625,197.6000061035156,5784000,195.11857675365084,0.0,1.0,yahoo,2024-07-04 14:28:46
2024-04-26,XLK,199.16000366210932,201.2899932861328,198.3800048828125,199.8300018310547,5052100,197.32056855063595,0.0,1.0,yahoo,2024-07-04 14:28:46
2024-04-29,XLK,200.8600006103516,201.16000366210932,199.5200042724609,200.69000244140625,3747400,198.1697694105345,0.0,1.0,yahoo,2024-07-04 14:28:46
2024-04-30,XLK,200.0,200.8099975585937,196.2100067138672,196.2700042724609,7464500,193.80527687339074,0.0,1.0,yahoo,2024-07-04 14:28:46
2024-05-01,XLK,195.22000122070312,198.5,194.22000122070312,194.259994506836,10226800,191.82050848970852,0.0,1.0,yahoo,2024-07-04 14:28:46
2024-05-02,XLK,196.7400054931641,197.3300018310547,194.259994506836,197.0599975585937,6670000,194.58534954987852,0.0,1.0,yahoo,2024-07-04 14:28:46
2024-05-03,XLK,202.38999938964844,203.22999572753903,201.6699981689453,202.5500030517578,6658200,200.0064124299816,0.0,1.0,yahoo,2024-07-04 14:28:46
2024-05-06,XLK,203.32000732421875,204.92999267578125,203.009994506836,204.92999267578125,4010500,202.3565145240303,0.0,1.0,yahoo,2024-07-04 14:28:46
2024-05-07,XLK,205.52999877929688,205.6300048828125,204.2400054931641,204.259994506836,5010400,201.69493008519345,0.0,1.0,yahoo,2024-07-04 14:28:46
2024-05-08,XLK,203.52999877929688,205.0599975585937,203.47999572753903,204.83999633789065,3588000,202.26764834579214,0.0,1.0,yahoo,2024-07-04 14:28:46
2024-05-09,XLK,204.509994506836,204.94000244140625,203.759994506836,204.77999877929688,4794800,202.20840422696668,0.0,1.0,yahoo,2024-07-04 14:28:46
2024-05-10,XLK,205.8500061035156,206.7700042724609,204.88999938964844,205.5399932861328,4376900,202.95885484404175,0.0,1.0,yahoo,2024-07-04 14:28:46
2024-05-13,XLK,207.0500030517578,207.22000122070312,205.8600006103516,206.509994506836,3291000,203.91667494417757,0.0,1.0,yahoo,2024-07-04 14:28:46
2024-05-14,XLK,206.44000244140625,208.6300048828125,206.32000732421875,208.33999633789065,4912600,205.72369590421187,0.0,1.0,yahoo,2024-07-04 14:28:46
2024-05-15,XLK,209.6499938964844,213.1000061035156,209.5,213.02999877929688,7154300,210.35480204324173,0.0,1.0,yahoo,2024-07-04 14:28:46
2024-05-16,XLK,213.16000366210932,213.82000732421875,212.1999969482422,212.2899932861328,6033300,209.62408942099407,0.0,1.0,yahoo,2024-07-04 14:28:46
2024-05-17,XLK,212.77999877929688,212.91000366210932,210.66000366210932,211.82000732421875,3808000,209.16000546780418,0.0,1.0,yahoo,2024-07-04 14:28:46
2024-05-20,XLK,212.02999877929688,214.7100067138672,211.83999633789065,214.3099975585937,3138400,211.61872680209,0.0,1.0,yahoo,2024-07-04 14:28:46
2024-05-21,XLK,213.4900054931641,215.009994506836,213.1100006103516,214.66000366210932,3070200,211.96433758480063,0.0,1.0,yahoo,2024-07-04 14:28:46
2024-05-22,XLK,215.2700042724609,215.92999267578125,213.8699951171875,215.13999938964844,5891500,212.43830560257592,0.0,1.0,yahoo,2024-07-04 14:28:46
2024-05-23,XLK,217.6000061035156,217.6199951171875,212.7100067138672,213.38999938964844,4700200,210.71028182336605,0.0,1.0,yahoo,2024-07-04 14:28:46
2024-05-24,XLK,213.92999267578125,215.6499938964844,213.22000122070312,215.19000244140625,2952600,212.48768072398767,0.0,1.0,yahoo,2024-07-04 14:28:46
2024-05-28,XLK,216.41000366210932,216.5800018310547,214.75,216.1000061035156,4393200,213.38625670529797,0.0,1.0,yahoo,2024-07-04 14:28:46
2024-05-29,XLK,213.82000732421875,215.759994506836,213.82000732421875,214.72999572753903,4284500,212.0334507010398,0.0,1.0,yahoo,2024-07-04 14:28:46
2024-05-30,XLK,212.33999633789065,212.66000366210932,209.17999267578125,209.8300018310547,5229900,207.1949901461209,0.0,1.0,yahoo,2024-07-04 14:28:46
2024-05-31,XLK,210.4499969482422,210.4900054931641,205.52999877929688,210.16000366210932,6040500,207.5208478668324,0.0,1.0,yahoo,2024-07-04 14:28:46
2024-06-03,XLK,211.7700042724609,211.9600067138672,208.1699981689453,210.69000244140625,4814000,208.04419100601945,0.0,1.0,yahoo,2024-07-04 14:28:46
2024-06-04,XLK,210.5800018310547,211.47000122070312,209.5,211.1300048828125,3202700,208.47866796696826,0.0,1.0,yahoo,2024-07-04 14:28:46
2024-06-05,XLK,212.8000030517578,215.82000732421875,212.4600067138672,215.82000732421875,4394400,213.10977410599816,0.0,1.0,yahoo,2024-07-04 14:28:46
2024-06-06,XLK,215.94000244140625,216.08999633789065,214.52999877929688,215.1000061035156,3528800,212.39881454574947,0.0,1.0,yahoo,2024-07-04 14:28:46
2024-06-07,XLK,215.3300018310547,216.5200042724609,214.5399932861328,215.6000061035156,3199300,212.89253562552372,0.0,1.0,yahoo,2024-07-04 14:28:46
2024-06-10,XLK,214.8699951171875,216.72999572753903,214.72999572753903,216.1499938964844,3367700,213.43561675953814,0.0,1.0,yahoo,2024-07-04 14:28:46
2024-06-11,XLK,215.6000061035156,220.22999572753903,215.5,220.1699981689453,6359600,217.40513845973112,0.0,1.0,yahoo,2024-07-04 14:28:46
2024-06-12,XLK,222.3600006103516,227.3099975585937,221.9499969482422,225.0399932861328,8910600,222.21397695523734,0.0,1.0,yahoo,2024-07-04 14:28:46
2024-06-13,XLK,227.1300048828125,227.759994506836,225.44000244140625,226.82000732421875,6346800,223.97163786103155,0.0,1.0,yahoo,2024-07-04 14:28:46
2024-06-14,XLK,226.5,227.8000030517578,226.3500061035156,227.6699981689453,3932300,224.81095465634482,0.0,1.0,yahoo,2024-07-04 14:28:46
2024-06-17,XLK,228.22999572753903,231.92999267578125,227.4499969482422,231.1199951171875,5801300,228.21762709335277,0.0,1.0,yahoo,2024-07-04 14:28:46
2024-06-18,XLK,231.3500061035156,232.1699981689453,230.4900054931641,231.41000366210932,4338900,228.5039937572379,0.0,1.0,yahoo,2024-07-04 14:28:46
2024-06-20,XLK,232.4499969482422,232.58999633789065,228.0399932861328,228.8099975585937,6621500,225.93663811554316,0.0,1.0,yahoo,2024-07-04 14:28:46
2024-06-21,XLK,228.8600006103516,229.759994506836,227.3699951171875,228.41000366210932,6780400,225.54166727859243,0.0,1.0,yahoo,2024-07-04 14:28:46
2024-06-24,XLK,225.63999938964844,226.66000366210932,222.3600006103516,222.4199981689453,6874300,220.0121767353044,0.4,1.0,yahoo,2024-07-04 14:28:46
2024-06-25,XLK,224.0500030517578,226.6199951171875,222.7899932861328,226.5,4564500,224.0480102544313,0.0,1.0,yahoo,2024-07-04 14:28:46
2024-06-26,XLK,226.16000366210932,227.3099975585937,224.47999572753903,226.2400054931641,4729800,223.79083033419434,0.0,1.0,yahoo,2024-07-04 14:28:46
2024-06-27,XLK,225.8000030517578,227.47000122070312,225.52999877929688,226.3500061035156,3961800,223.8996401261415,0.0,1.0,yahoo,2024-07-04 14:28:46
2024-06-28,XLK,227.13999938964844,230.38999938964844,225.9199981689453,226.22999572753903,6244100,223.78092892990557,0.0,1.0,yahoo,2024-07-04 14:28:46
2024-07-01,XLK,226.57000732421875,228.32000732421875,223.27999877929688,227.94000244140625,4640800,225.4724238604295,0.0,1.0,yahoo,2024-07-04 14:28:46
2024-07-02,XLK,225.9600067138672,229.1000061035156,225.9600067138672,229.0800018310547,3538300,226.60008211624407,0.0,1.0,yahoo,2024-07-04 14:28:46
2024-07-03,XLK,228.75,232.27999877929688,228.5599975585937,232.1699981689453,3124600,229.65662750784614,0.0,1.0,yahoo,2024-07-04 14:28:46
2024-07-05,XLK,116.21499633789062,116.95500183105467,115.73500061035156,116.44000244140624,6671800,115.1794740000803,0.0,1.0,yahoo,2026-05-04 22:49:45
2024-07-08,XLK,116.81500244140624,117.5749969482422,116.61499786376952,117.23500061035156,7671000,115.96586586722431,0.0,1.0,yahoo,2026-05-04 22:49:45
2024-07-09,XLK,117.83499908447266,118.11499786376952,116.47000122070312,117.13999938964844,8678600,115.87189308810608,0.0,1.0,yahoo,2026-05-04 22:49:45
2024-07-10,XLK,117.94499969482422,118.9250030517578,117.28500366210938,118.83999633789062,8749400,117.55348661434125,0.0,1.0,yahoo,2026-05-04 22:49:45
2024-07-11,XLK,119.0199966430664,119.06999969482422,115.52999877929688,115.86499786376952,14106000,114.61069417002867,0.0,1.0,yahoo,2026-05-04 22:49:45
2024-07-12,XLK,116.18499755859376,118.13999938964844,115.77999877929688,116.9000015258789,9767600,115.63449333604039,0.0,1.0,yahoo,2026-05-04 22:49:45
2024-07-15,XLK,117.49500274658205,118.26499938964844,116.44499969482422,117.11000061035156,8628000,115.84221906244812,0.0,1.0,yahoo,2026-05-04 22:49:45
2024-07-16,XLK,117.38500213623048,117.44499969482422,115.88500213623048,116.72000122070312,7652200,115.45644163529062,0.0,1.0,yahoo,2026-05-04 22:49:45
2024-07-17,XLK,114.0500030517578,114.16500091552734,112.125,112.18000030517578,12440400,110.96558878020366,0.0,1.0,yahoo,2026-05-04 22:49:45
2024-07-18,XLK,113.41000366210938,113.43000030517578,110.7750015258789,112.19000244140624,10837200,110.9754826376903,0.0,1.0,yahoo,2026-05-04 22:49:45
2024-07-19,XLK,111.59500122070312,112.27999877929688,110.19000244140624,110.43499755859376,8472800,109.23947666867952,0.0,1.0,yahoo,2026-05-04 22:49:45
2024-07-22,XLK,111.8949966430664,113.18000030517578,111.41999816894533,113.0500030517578,10601600,111.82617325829456,0.0,1.0,yahoo,2026-05-04 22:49:45
2024-07-23,XLK,112.58000183105467,113.61499786376952,112.4499969482422,112.5999984741211,5530800,111.38104023301912,0.0,1.0,yahoo,2026-05-04 22:49:45
2024-07-24,XLK,111.12999725341795,111.4800033569336,107.68000030517578,107.94000244140624,14300800,106.77149127530032,0.0,1.0,yahoo,2026-05-04 22:49:45
2024-07-25,XLK,107.8249969482422,109.43499755859376,105.2300033569336,106.78500366210938,21158000,105.62899600665679,0.0,1.0,yahoo,2026-05-04 22:49:45
2024-07-26,XLK,108.2249984741211,109.0,107.2249984741211,108.13999938964844,11697800,106.96932314422139,0.0,1.0,yahoo,2026-05-04 22:49:45
2024-07-29,XLK,109.0,109.47000122070312,107.34500122070312,107.66000366210938,7343800,106.49452364009002,0.0,1.0,yahoo,2026-05-04 22:49:45
2024-07-30,XLK,108.05999755859376,108.16500091552734,104.1500015258789,104.95500183105467,10694600,103.81880497350107,0.0,1.0,yahoo,2026-05-04 22:49:45
2024-07-31,XLK,108.19499969482422,109.79499816894533,107.43499755859376,109.4000015258789,14614000,108.21568504946983,0.0,1.0,yahoo,2026-05-04 22:49:45
2024-08-01,XLK,109.0999984741211,110.36499786376952,104.1999969482422,105.31999969482422,16991400,104.17985153034294,0.0,1.0,yahoo,2026-05-04 22:49:45
2024-08-02,XLK,102.5199966430664,103.36499786376952,100.625,102.36000061035156,18621600,101.25189609885933,0.0,1.0,yahoo,2026-05-04 22:49:45
2024-08-05,XLK,95.95500183105467,100.86000061035156,95.375,98.9499969482422,31430000,97.87880764210028,0.0,1.0,yahoo,2026-05-04 22:49:45
2024-08-06,XLK,100.21499633789062,102.3249969482422,99.1500015258789,100.29499816894533,24575800,99.20924846898026,0.0,1.0,yahoo,2026-05-04 22:49:45
2024-08-07,XLK,102.7249984741211,103.2249984741211,98.53500366210938,98.66999816894533,17653600,97.60184000688997,0.0,1.0,yahoo,2026-05-04 22:49:45
2024-08-08,XLK,100.45500183105467,102.61000061035156,99.0,102.3550033569336,14477200,101.24695294351703,0.0,1.0,yahoo,2026-05-04 22:49:45
2024-08-09,XLK,102.29499816894533,103.40499877929688,101.6750030517578,102.81500244140624,9535600,101.70197227947709,0.0,1.0,yahoo,2026-05-04 22:49:45
2024-08-12,XLK,103.13500213623048,104.45500183105467,102.65499877929688,103.65499877929688,8580200,102.53287518510803,0.0,1.0,yahoo,2026-05-04 22:49:45
2024-08-13,XLK,104.94000244140624,106.875,104.80999755859376,106.83999633789062,9999600,105.68339335582834,0.0,1.0,yahoo,2026-05-04 22:49:45
2024-08-14,XLK,107.5,107.97000122070312,105.9800033569336,107.4250030517578,8922400,106.26206704336664,0.0,1.0,yahoo,2026-05-04 22:49:45
2024-08-15,XLK,108.81500244140624,110.625,108.58000183105467,110.51499938964844,9518800,109.31861243496874,0.0,1.0,yahoo,2026-05-04 22:49:45
2024-08-16,XLK,109.93000030517578,110.91500091552734,109.62999725341795,110.6999969482422,6706400,109.50160729106084,0.0,1.0,yahoo,2026-05-04 22:49:45
2024-08-19,XLK,110.44000244140624,112.52999877929688,109.98999786376952,112.5250015258789,13004200,111.30685516887424,0.0,1.0,yahoo,2026-05-04 22:49:45
2024-08-20,XLK,112.2300033569336,112.90499877929688,111.47000122070312,112.12999725341795,7221600,110.91612703957234,0.0,1.0,yahoo,2026-05-04 22:49:45
2024-08-21,XLK,112.1999969482422,113.18000030517578,111.84500122070312,112.79000091552734,7538800,111.56898579125556,0.0,1.0,yahoo,2026-05-04 22:49:45
2024-08-22,XLK,113.41999816894533,113.68499755859376,109.96499633789062,110.19499969482422,9083600,109.00207691661382,0.0,1.0,yahoo,2026-05-04 22:49:45
2024-08-23,XLK,111.29000091552734,112.47000122070312,110.5500030517578,111.9800033569336,10681000,110.76775691128259,0.0,1.0,yahoo,2026-05-04 22:49:45
2024-08-26,XLK,111.87999725341795,112.3000030517578,110.01000213623048,110.5749969482422,6268800,109.37796048628466,0.0,1.0,yahoo,2026-05-04 22:49:45
2024-08-27,XLK,109.88999938964844,111.4800033569336,109.3499984741211,111.24500274658205,7656000,110.04071309545452,0.0,1.0,yahoo,2026-05-04 22:49:45
2024-08-28,XLK,111.0999984741211,111.31500244140624,108.79000091552734,109.70999908447266,9002200,108.52232671033809,0.0,1.0,yahoo,2026-05-04 22:49:45
2024-08-29,XLK,109.73999786376952,111.28500366210938,108.44000244140624,108.72000122070312,13314800,107.54304612961535,0.0,1.0,yahoo,2026-05-04 22:49:45
2024-08-30,XLK,109.90499877929688,110.58999633789062,108.72000122070312,110.16500091552734,10048400,108.97240289095586,0.0,1.0,yahoo,2026-05-04 22:49:45
2024-09-03,XLK,109.0,109.08000183105467,104.50499725341795,105.1050033569336,14765800,103.9671826485929,0.0,1.0,yahoo,2026-05-04 22:49:45
2024-09-04,XLK,104.04000091552734,106.02999877929688,103.70999908447266,104.83499908447266,12330000,103.70010132406722,0.0,1.0,yahoo,2026-05-04 22:49:45
2024-09-05,XLK,104.08000183105467,105.9749984741211,103.98500061035156,104.6750030517578,8874800,103.54183733829076,0.0,1.0,yahoo,2026-05-04 22:49:45
2024-09-06,XLK,104.58999633789062,104.83999633789062,101.48999786376952,101.95999908447266,12441000,100.85622481421517,0.0,1.0,yahoo,2026-05-04 22:49:45
2024-09-09,XLK,103.2249984741211,103.74500274658205,102.2699966430664,103.62999725341795,10922000,102.50814431479237,0.0,1.0,yahoo,2026-05-04 22:49:45
2024-09-10,XLK,104.34500122070312,105.40499877929688,103.3499984741211,105.18000030517578,10123000,104.0413677127378,0.0,1.0,yahoo,2026-05-04 22:49:45
2024-09-11,XLK,105.54000091552734,108.93499755859376,103.87000274658205,108.7699966430664,12768800,107.59250032344458,0.0,1.0,yahoo,2026-05-04 22:49:45
2024-09-12,XLK,108.69000244140624,110.13500213623048,107.9250030517578,109.66999816894533,10604200,108.48275882719348,0.0,1.0,yahoo,2026-05-04 22:49:45
2024-09-13,XLK,109.80500030517578,110.49500274658205,109.36000061035156,110.22000122070312,8047400,109.02680778692945,0.0,1.0,yahoo,2026-05-04 22:49:45
2024-09-16,XLK,109.4250030517578,110.1500015258789,108.78500366210938,109.8000030517578,6897800,108.61135633411398,0.0,1.0,yahoo,2026-05-04 22:49:45
2024-09-17,XLK,110.9000015258789,111.06999969482422,109.02999877929688,109.58499908447266,6990000,108.3986799055619,0.0,1.0,yahoo,2026-05-04 22:49:45
2024-09-18,XLK,109.86000061035156,110.62999725341795,108.4800033569336,108.58499908447266,12741600,107.4095054673525,0.0,1.0,yahoo,2026-05-04 22:49:45
2024-09-19,XLK,111.63500213623048,112.50499725341795,111.0250015258789,111.80999755859376,13934000,110.59959152121745,0.0,1.0,yahoo,2026-05-04 22:49:45
2024-09-20,XLK,111.37000274658205,111.76499938964844,110.2699966430664,111.26499938964844,14492800,110.0604932636258,0.0,1.0,yahoo,2026-05-04 22:49:45
2024-09-23,XLK,111.16500091552734,111.30999755859376,110.70500183105467,111.04499816894533,7490600,110.04017755374748,0.1995,1.0,yahoo,2026-05-04 22:49:45
2024-09-24,XLK,111.51000213623048,112.02999877929688,110.30999755859376,111.80500030517578,7025800,110.79330260567274,0.0,1.0,yahoo,2026-05-04 22:49:45
2024-09-25,XLK,111.58499908447266,112.61499786376952,111.53500366210938,112.125,6111600,111.11040669695318,0.0,1.0,yahoo,2026-05-04 22:49:45
2024-09-26,XLK,114.31500244140624,114.44000244140624,112.41500091552734,113.61000061035156,9244800,112.58196987877156,0.0,1.0,yahoo,2026-05-04 22:49:45
2024-09-27,XLK,113.7699966430664,113.80500030517578,112.12999725341795,112.5500030517578,6093800,111.53156399397217,0.0,1.0,yahoo,2026-05-04 22:49:45
2024-09-30,XLK,112.05999755859376,112.9499969482422,111.5,112.87999725341795,5500400,111.8585721540979,0.0,1.0,yahoo,2026-05-04 22:49:45
2024-10-01,XLK,112.54499816894533,112.61000061035156,109.4749984741211,110.12999725341795,11295400,109.13345627078354,0.0,1.0,yahoo,2026-05-04 22:49:45
2024-10-02,XLK,110.15499877929688,111.4499969482422,109.52999877929688,110.94499969482422,4532400,109.94108394278943,0.0,1.0,yahoo,2026-05-04 22:49:45
2024-10-03,XLK,110.62000274658205,112.22000122070312,110.6050033569336,111.40499877929688,5784800,110.3969206014827,0.0,1.0,yahoo,2026-05-04 22:49:45
2024-10-04,XLK,112.84500122070312,112.9250030517578,111.45999908447266,112.6449966430664,5009200,111.62569801014969,0.0,1.0,yahoo,2026-05-04 22:49:45
2024-10-07,XLK,112.13999938964844,112.88500213623048,111.58999633789062,111.87000274658205,4430400,110.85771685495652,0.0,1.0,yahoo,2026-05-04 22:49:45
2024-10-08,XLK,112.6750030517578,114.1500015258789,112.41999816894533,113.95999908447266,7864800,112.92880129730362,0.0,1.0,yahoo,2026-05-04 22:49:45
2024-10-09,XLK,114.0500030517578,115.3949966430664,113.69499969482422,115.23500061035156,7579800,114.19226562800276,0.0,1.0,yahoo,2026-05-04 22:49:45
2024-10-10,XLK,114.46499633789062,115.50499725341795,114.1449966430664,115.20500183105467,5692200,114.16253830075112,0.0,1.0,yahoo,2026-05-04 22:49:45
2024-10-11,XLK,114.93000030517578,115.66500091552734,114.76000213623048,115.40499877929688,8849000,114.36072552266721,0.0,1.0,yahoo,2026-05-04 22:49:45
2024-10-14,XLK,116.13999938964844,117.1500015258789,116.08499908447266,116.91000366210938,9810200,115.85211196289193,0.0,1.0,yahoo,2026-05-04 22:49:45
2024-10-15,XLK,117.0,117.28500366210938,113.91500091552734,114.33999633789062,14179400,113.3053600430873,0.0,1.0,yahoo,2026-05-04 22:49:45
2024-10-16,XLK,114.6999969482422,114.87000274658205,113.45999908447266,114.69499969482422,5758800,113.6571510563999,0.0,1.0,yahoo,2026-05-04 22:49:45
2024-10-17,XLK,116.29499816894533,116.36000061035156,115.04499816894533,115.04499816894533,6051200,114.00398247493199,0.0,1.0,yahoo,2026-05-04 22:49:45
2024-10-18,XLK,115.6449966430664,115.87999725341795,115.20999908447266,115.45500183105467,4537000,114.41027610832516,0.0,1.0,yahoo,2026-05-04 22:49:45
2024-10-21,XLK,115.09500122070312,116.01000213623048,114.88500213623048,115.99500274658205,6322400,114.94539067992804,0.0,1.0,yahoo,2026-05-04 22:49:45
2024-10-22,XLK,115.37999725341795,116.2699966430664,115.0500030517578,115.875,6169200,114.82647381056366,0.0,1.0,yahoo,2026-05-04 22:49:45
2024-10-23,XLK,115.44499969482422,115.62000274658205,113.23999786376952,114.21499633789062,6083600,113.18149113930029,0.0,1.0,yahoo,2026-05-04 22:49:45
2024-10-24,XLK,114.68000030517578,114.83499908447266,113.87000274658205,114.5500030517578,4832800,113.51346645456442,0.0,1.0,yahoo,2026-05-04 22:49:45
2024-10-25,XLK,115.1999969482422,116.44000244140624,114.9800033569336,115.1449966430664,8314800,114.10307608589,0.0,1.0,yahoo,2026-05-04 22:49:45
2024-10-28,XLK,115.97000122070312,115.97000122070312,115.08499908447266,115.11000061035156,5899200,114.06839672421575,0.0,1.0,yahoo,2026-05-04 22:49:45
2024-10-29,XLK,115.33000183105467,116.99500274658205,114.9000015258789,116.66000366210938,7451600,115.6043741553179,0.0,1.0,yahoo,2026-05-04 22:49:45
2024-10-30,XLK,115.59500122070312,115.90499877929688,114.7300033569336,114.80500030517578,8341200,113.7661562965611,0.0,1.0,yahoo,2026-05-04 22:49:45
2024-10-31,XLK,113.54499816894533,113.54499816894533,111.08000183105467,111.12000274658205,12110200,110.11450343223443,0.0,1.0,yahoo,2026-05-04 22:49:45
2024-11-01,XLK,111.23999786376952,112.79000091552734,111.08999633789062,111.95500183105467,11565800,110.94194680228871,0.0,1.0,yahoo,2026-05-04 22:49:45
2024-11-04,XLK,112.05999755859376,112.6750030517578,111.3949966430664,111.87000274658205,6311800,110.85771685495652,0.0,1.0,yahoo,2026-05-04 22:49:45
2024-11-05,XLK,112.21499633789062,113.53500366210938,112.21499633789062,113.44499969482422,7273000,112.41846201852975,0.0,1.0,yahoo,2026-05-04 22:49:45
2024-11-06,XLK,115.63500213623048,116.88999938964844,115.29000091552734,116.6750030517578,10967800,115.61923781894369,0.0,1.0,yahoo,2026-05-04 22:49:45
2024-11-07,XLK,117.48500061035156,118.84500122070312,117.43000030517578,118.70999908447266,10463000,117.63581964121022,0.0,1.0,yahoo,2026-05-04 22:49:45
2024-11-08,XLK,118.55999755859376,118.97000122070312,118.1500015258789,118.58000183105467,7236400,117.50699870300055,0.0,1.0,yahoo,2026-05-04 22:49:45
2024-11-11,XLK,118.56500244140624,118.63999938964844,117.22000122070312,117.9250030517578,7267200,116.85792685681385,0.0,1.0,yahoo,2026-05-04 22:49:45
2024-11-12,XLK,117.84500122070312,118.2249984741211,117.1449966430664,118.0749969482422,7530800,117.00656349307198,0.0,1.0,yahoo,2026-05-04 22:49:45
2024-11-13,XLK,117.8249969482422,118.53500366210938,117.3000030517578,117.66500091552734,6329600,116.60027742003666,0.0,1.0,yahoo,2026-05-04 22:49:45
2024-11-14,XLK,117.8550033569336,118.05999755859376,117.0749969482422,117.26499938964844,6602000,116.20389541584663,0.0,1.0,yahoo,2026-05-04 22:49:45
2024-11-15,XLK,115.81500244140624,115.96499633789062,113.9749984741211,114.3550033569336,11229800,113.32023126707101,0.0,1.0,yahoo,2026-05-04 22:49:45
2024-11-18,XLK,114.3550033569336,115.20999908447266,113.86000061035156,114.7249984741211,6166800,113.68687838365152,0.0,1.0,yahoo,2026-05-04 22:49:45
2024-11-19,XLK,114.00499725341795,115.76000213623048,114.00499725341795,115.66500091552734,6906800,114.61837495944441,0.0,1.0,yahoo,2026-05-04 22:49:45
2024-11-20,XLK,115.76499938964844,115.80500030517578,114.0250015258789,115.56500244140624,8874400,114.51928134848636,0.0,1.0,yahoo,2026-05-04 22:49:45
2024-11-21,XLK,116.68499755859376,117.28500366210938,114.9000015258789,116.73999786376952,10591800,115.68364450786957,0.0,1.0,yahoo,2026-05-04 22:49:45
2024-11-22,XLK,116.52999877929688,117.06999969482422,116.11000061035156,116.8000030517578,7090800,115.74310672273072,0.0,1.0,yahoo,2026-05-04 22:49:45
2024-11-25,XLK,117.68000030517578,117.88500213623048,116.26499938964844,116.79499816894533,11137200,115.7381471279502,0.0,1.0,yahoo,2026-05-04 22:49:45
2024-11-26,XLK,117.3249969482422,117.74500274658205,116.87999725341795,117.37999725341795,6229400,116.31785269043046,0.0,1.0,yahoo,2026-05-04 22:49:45
2024-11-27,XLK,116.58499908447266,116.65499877929688,114.76499938964844,115.79000091552734,6369400,114.74224386323142,0.0,1.0,yahoo,2026-05-04 22:49:45
2024-11-29,XLK,116.05999755859376,117.11000061035156,115.94499969482422,116.86499786376952,4168400,115.80751341165659,0.0,1.0,yahoo,2026-05-04 22:49:45
2024-12-02,XLK,116.9499969482422,118.41500091552734,116.91999816894533,117.9749984741211,9398200,116.90746988211393,0.0,1.0,yahoo,2026-05-04 22:49:45
2024-12-03,XLK,117.4749984741211,118.43000030517578,117.24500274658205,118.4000015258789,5576000,117.32862717913295,0.0,1.0,yahoo,2026-05-04 22:49:45
2024-12-04,XLK,119.87999725341795,120.625,119.52999877929688,120.56500244140624,10840000,119.474037499967,0.0,1.0,yahoo,2026-05-04 22:49:45
2024-12-05,XLK,120.375,120.51499938964844,119.79000091552734,119.95500183105467,5638000,118.86955664465772,0.0,1.0,yahoo,2026-05-04 22:49:45
2024-12-06,XLK,120.16500091552734,120.94000244140624,120.03500366210938,120.41999816894533,6654200,119.33034533777366,0.0,1.0,yahoo,2026-05-04 22:49:45
2024-12-09,XLK,119.97000122070312,120.4000015258789,119.33000183105467,119.63500213623048,8032400,118.55245255337731,0.0,1.0,yahoo,2026-05-04 22:49:45
2024-12-10,XLK,119.2300033569336,119.55500030517578,117.5999984741211,117.9749984741211,11234400,116.90746988211393,0.0,1.0,yahoo,2026-05-04 22:49:45
2024-12-11,XLK,118.91000366210938,120.06500244140624,118.5,119.68499755859376,8689600,118.60199557867737,0.0,1.0,yahoo,2026-05-04 22:49:45
2024-12-12,XLK,118.91999816894533,119.45500183105467,118.62999725341795,119.01499938964844,7218200,117.93806006886486,0.0,1.0,yahoo,2026-05-04 22:49:45
2024-12-13,XLK,120.08999633789062,120.55999755859376,118.5749969482422,119.5250015258789,8677000,118.44344731321608,0.0,1.0,yahoo,2026-05-04 22:49:45
2024-12-16,XLK,119.68000030517578,120.8249969482422,119.4250030517578,120.72000122070312,9442600,119.62763373100564,0.0,1.0,yahoo,2026-05-04 22:49:45
2024-12-17,XLK,119.86499786376952,120.45999908447266,119.40499877929688,119.98999786376952,8145000,118.90423600633198,0.0,1.0,yahoo,2026-05-04 22:49:45
2024-12-18,XLK,120.3949966430664,120.7249984741211,115.8499984741211,116.12000274658205,16927200,115.06925958371505,0.0,1.0,yahoo,2026-05-04 22:49:45
2024-12-19,XLK,117.3000030517578,117.68000030517578,116.09500122070312,116.24500274658205,13383400,115.19312848750208,0.0,1.0,yahoo,2026-05-04 22:49:45
2024-12-20,XLK,115.45500183105467,118.93000030517578,115.09500122070312,117.9800033569336,14924800,116.91242947689447,0.0,1.0,yahoo,2026-05-04 22:49:45
2024-12-23,XLK,118.125,119.08499908447266,117.49500274658205,119.03500366210938,7973400,118.15116332279987,0.193,1.0,yahoo,2026-05-04 22:49:45
2024-12-24,XLK,119.45999908447266,120.2699966430664,119.27999877929688,120.26499938964844,4653400,119.37202627587989,0.0,1.0,yahoo,2026-05-04 22:49:45
2024-12-26,XLK,119.87999725341795,120.78500366210938,119.49500274658205,120.34500122070312,7150800,119.45143408968478,0.0,1.0,yahoo,2026-05-04 22:49:45
2024-12-27,XLK,119.53500366210938,119.69000244140624,117.5749969482422,118.74500274658205,8726400,117.86331567731659,0.0,1.0,yahoo,2026-05-04 22:49:45
2024-12-30,XLK,117.01499938964844,118.16999816894533,116.29000091552734,117.23500061035156,7950400,116.36452537591944,0.0,1.0,yahoo,2026-05-04 22:49:45
2024-12-31,XLK,117.55500030517578,117.63500213623048,115.87999725341795,116.26000213623048,9381200,115.39676631000336,0.0,1.0,yahoo,2026-05-04 22:49:45
2025-01-02,XLK,117.18000030517578,117.51000213623048,114.88999938964844,115.98500061035156,12766600,115.12380668301523,0.0,1.0,yahoo,2026-05-04 22:49:45
2025-01-03,XLK,116.69499969482422,118.0,116.46499633789062,117.875,9117600,116.99977274086672,0.0,1.0,yahoo,2026-05-04 22:49:45
2025-01-06,XLK,119.22000122070312,120.52999877929688,118.90499877929688,119.375,8975400,118.48863517235178,0.0,1.0,yahoo,2026-05-04 22:49:45
2025-01-07,XLK,120.0,120.0,116.56999969482422,116.9800033569336,10006800,116.11142148875552,0.0,1.0,yahoo,2026-05-04 22:49:45
2025-01-08,XLK,117.25,117.2699966430664,115.81500244140624,116.94000244140624,10023800,116.07171758185306,0.0,1.0,yahoo,2026-05-04 22:49:45
2025-01-10,XLK,115.70999908447266,115.7300033569336,113.71499633789062,114.38999938964844,11665800,113.54064841923012,0.0,1.0,yahoo,2026-05-04 22:49:45
2025-01-13,XLK,112.5500030517578,113.66000366210938,112.2249984741211,113.58000183105467,10656000,112.73666512950687,0.0,1.0,yahoo,2026-05-04 22:49:45
2025-01-14,XLK,114.45999908447266,114.7750015258789,112.9749984741211,113.87999725341795,7220200,113.03443307215633,0.0,1.0,yahoo,2026-05-04 22:49:45
2025-01-15,XLK,115.43499755859376,116.48500061035156,115.05500030517578,116.1449966430664,10465400,115.28261473787909,0.0,1.0,yahoo,2026-05-04 22:49:45
2025-01-16,XLK,117.08999633789062,117.16500091552734,115.2249984741211,115.25,5368400,114.3942634857679,0.0,1.0,yahoo,2026-05-04 22:49:45
2025-01-17,XLK,117.33000183105467,117.47000122070312,116.54000091552734,117.05500030517578,6742600,116.18586158123139,0.0,1.0,yahoo,2026-05-04 22:49:45
2025-01-21,XLK,117.44499969482422,118.31999969482422,116.62999725341795,118.02999877929688,6744200,117.15362064714749,0.0,1.0,yahoo,2026-05-04 22:49:45
2025-01-22,XLK,119.625,120.9749984741211,119.45500183105467,120.69499969482422,10243800,119.79883380914877,0.0,1.0,yahoo,2026-05-04 22:49:45
2025-01-23,XLK,119.76499938964844,120.93499755859376,119.6500015258789,120.91000366210938,7604400,120.01224136215619,0.0,1.0,yahoo,2026-05-04 22:49:45
2025-01-24,XLK,121.29000091552734,121.29000091552734,119.26499938964844,119.6500015258789,6607600,118.76159479933989,0.0,1.0,yahoo,2026-05-04 22:49:45
2025-01-27,XLK,114.29000091552734,115.48999786376952,112.73500061035156,113.78500366210938,20705600,112.9401448126022,0.0,1.0,yahoo,2026-05-04 22:49:45
2025-01-28,XLK,114.55500030517578,117.08000183105467,113.34500122070312,116.81999969482422,11260600,115.95260586114574,0.0,1.0,yahoo,2026-05-04 22:49:45
2025-01-29,XLK,116.58999633789062,116.6449966430664,114.74500274658205,115.87000274658205,9050000,115.00966268363692,0.0,1.0,yahoo,2026-05-04 22:49:45
2025-01-30,XLK,115.66500091552734,116.48500061035156,114.87000274658205,116.08499908447266,8840200,115.22306266389839,0.0,1.0,yahoo,2026-05-04 22:49:45
2025-01-31,XLK,117.16500091552734,117.86499786376952,115.09500122070312,115.40499877929688,10741800,114.54811139204867,0.0,1.0,yahoo,2026-05-04 22:49:45
2025-02-03,XLK,112.8499984741211,114.54499816894533,112.25,113.8499984741211,13752800,113.00465703516599,0.0,1.0,yahoo,2026-05-04 22:49:45
2025-02-04,XLK,114.23999786376952,115.66999816894533,114.1999969482422,115.48999786376952,8371200,114.63247935443663,0.0,1.0,yahoo,2026-05-04 22:49:45
2025-02-05,XLK,115.59500122070312,117.12000274658205,115.2300033569336,117.09500122070312,5398000,116.22556548813385,0.0,1.0,yahoo,2026-05-04 22:49:45
2025-02-06,XLK,117.09500122070312,117.65499877929688,116.5749969482422,117.41500091552734,6808000,116.54318917060749,0.0,1.0,yahoo,2026-05-04 22:49:45
2025-02-07,XLK,117.88999938964844,118.45500183105467,116.0199966430664,116.41000366210938,8552800,115.54565406770104,0.0,1.0,yahoo,2026-05-04 22:49:45
2025-02-10,XLK,117.33000183105467,118.40499877929688,117.29499816894533,118.11000061035156,6054200,117.23302846095238,0.0,1.0,yahoo,2026-05-04 22:49:45
2025-02-11,XLK,117.45500183105467,118.63999938964844,117.375,118.16500091552734,6456200,117.28762038635001,0.0,1.0,yahoo,2026-05-04 22:49:45
2025-02-12,XLK,116.5,118.0500030517578,116.37000274658205,117.91000366210938,8555600,117.03451649918608,0.0,1.0,yahoo,2026-05-04 22:49:45
2025-02-13,XLK,118.12000274658205,119.65499877929688,117.95500183105467,119.58000183105467,7829600,118.69211485544707,0.0,1.0,yahoo,2026-05-04 22:49:45
2025-02-14,XLK,119.4800033569336,120.08499908447266,119.26000213623048,119.98500061035156,4557000,119.0941065003087,0.0,1.0,yahoo,2026-05-04 22:49:45
2025-02-18,XLK,120.6050033569336,121.09500122070312,120.04499816894533,121.08000183105467,6024000,120.18097728693212,0.0,1.0,yahoo,2026-05-04 22:49:45
2025-02-19,XLK,120.94499969482422,121.56999969482422,120.0999984741211,121.08999633789062,5604200,120.1908975840983,0.0,1.0,yahoo,2026-05-04 22:49:45
2025-02-20,XLK,120.9749984741211,121.13500213623048,119.43000030517578,120.70500183105467,5987400,119.80876167906085,0.0,1.0,yahoo,2026-05-04 22:49:45
2025-02-21,XLK,120.73999786376952,120.79000091552734,117.375,117.43499755859376,9057600,116.56303733768576,0.0,1.0,yahoo,2026-05-04 22:49:45
2025-02-24,XLK,117.88999938964844,118.22000122070312,115.61000061035156,115.75499725341795,7447600,114.89551111151263,0.0,1.0,yahoo,2026-05-04 22:49:45
2025-02-25,XLK,115.51000213623048,115.61499786376952,113.4749984741211,114.25499725341795,10433600,113.40664868002759,0.0,1.0,yahoo,2026-05-04 22:49:45
2025-02-26,XLK,115.375,116.58999633789062,114.61499786376952,115.5,7630600,114.64240722434873,0.0,1.0,yahoo,2026-05-04 22:49:45
2025-02-27,XLK,116.12999725341795,116.25,111.24500274658205,111.29499816894533,10100000,110.46862772395997,0.0,1.0,yahoo,2026-05-04 22:49:45
2025-02-28,XLK,110.79499816894533,112.87999725341795,109.8499984741211,112.76499938964844,14172200,111.92771411845465,0.0,1.0,yahoo,2026-05-04 22:49:45
2025-03-03,XLK,113.34500122070312,113.5749969482422,108.5250015258789,109.33499908447266,12516200,108.52318172221567,0.0,1.0,yahoo,2026-05-04 22:49:45
2025-03-04,XLK,108.5250015258789,111.18000030517578,107.12999725341795,109.25,17721000,108.4388137598277,0.0,1.0,yahoo,2026-05-04 22:49:45
2025-03-05,XLK,109.58999633789062,111.1449966430664,108.12000274658205,110.78500366210938,11931000,109.9624199496321,0.0,1.0,yahoo,2026-05-04 22:49:45
2025-03-06,XLK,108.51000213623048,110.2249984741211,107.19000244140624,107.70999908447266,16432000,106.9102474214402,0.0,1.0,yahoo,2026-05-04 22:49:45
2025-03-07,XLK,107.58499908447266,109.54499816894533,106.31500244140624,109.2699966430664,11263400,108.45866192690595,0.0,1.0,yahoo,2026-05-04 22:49:45
2025-03-10,XLK,107.11000061035156,107.30999755859376,103.54000091552734,104.625,21561800,103.84815459608213,0.0,1.0,yahoo,2026-05-04 22:49:45
2025-03-11,XLK,104.30500030517578,105.95500183105467,103.1449966430664,104.1999969482422,14832800,103.42630721139633,0.0,1.0,yahoo,2026-05-04 22:49:45
2025-03-12,XLK,106.05999755859376,106.76000213623048,104.5749969482422,105.83999633789062,10981600,105.05412953066697,0.0,1.0,yahoo,2026-05-04 22:49:45
2025-03-13,XLK,105.53500366210938,105.7699966430664,103.4250030517578,103.83000183105467,12383000,103.05905932485406,0.0,1.0,yahoo,2026-05-04 22:49:45
2025-03-14,XLK,105.19000244140624,107.08000183105467,105.15499877929688,106.97000122070312,10040800,106.17574407560977,0.0,1.0,yahoo,2026-05-04 22:49:45
2025-03-17,XLK,106.88500213623048,108.4800033569336,106.5749969482422,107.71499633789062,10148800,106.91520757002328,0.0,1.0,yahoo,2026-05-04 22:49:45
2025-03-18,XLK,106.9499969482422,107.05999755859376,105.68499755859376,106.0749969482422,11486600,105.28738525075265,0.0,1.0,yahoo,2026-05-04 22:49:45
2025-03-19,XLK,106.62000274658205,108.71499633789062,106.1750030517578,107.45500183105467,8838600,106.65714353427626,0.0,1.0,yahoo,2026-05-04 22:49:45
2025-03-20,XLK,106.23500061035156,107.86499786376952,106.0749969482422,106.69000244140624,7145200,105.89782430003856,0.0,1.0,yahoo,2026-05-04 22:49:45
2025-03-21,XLK,105.36000061035156,107.125,104.97000122070312,106.9800033569336,10425400,106.18567194552186,0.0,1.0,yahoo,2026-05-04 22:49:45
2025-03-24,XLK,108.56999969482422,109.0749969482422,108.28500366210938,108.81500244140624,8200200,108.19667850069301,0.1875,1.0,yahoo,2026-05-04 22:49:45
2025-03-25,XLK,108.74500274658205,109.31999969482422,108.69000244140624,109.1750030517578,7481800,108.55463346484636,0.0,1.0,yahoo,2026-05-04 22:49:45
2025-03-26,XLK,108.83999633789062,109.0999984741211,106.31999969482422,106.73999786376952,7873000,106.13346480646993,0.0,1.0,yahoo,2026-05-04 22:49:45
2025-03-27,XLK,106.01000213623048,106.61000061035156,105.19499969482422,105.75499725341795,6577800,105.15406130538945,0.0,1.0,yahoo,2026-05-04 22:49:45
2025-03-28,XLK,105.20500183105467,105.62999725341795,102.83999633789062,103.19000244140624,10667600,102.60364166834891,0.0,1.0,yahoo,2026-05-04 22:49:45
2025-03-31,XLK,101.38999938964844,103.4749984741211,100.36499786376952,103.23999786376952,14219000,102.65335299967805,0.0,1.0,yahoo,2026-05-04 22:49:45
2025-04-01,XLK,102.83000183105467,104.08499908447266,101.98999786376952,103.99500274658205,9480200,103.40406768735274,0.0,1.0,yahoo,2026-05-04 22:49:45
2025-04-02,XLK,102.51000213623048,105.62999725341795,102.43000030517578,104.76499938964844,9292000,104.16968894698859,0.0,1.0,yahoo,2026-05-04 22:49:45
2025-04-03,XLK,99.74500274658205,100.3499984741211,97.53500366210938,97.61499786376952,19451400,97.06031616733395,0.0,1.0,yahoo,2026-05-04 22:49:45
2025-04-04,XLK,94.56999969482422,95.31999969482422,91.1500015258789,91.18499755859376,33804600,90.66685331598607,0.0,1.0,yahoo,2026-05-04 22:49:45
2025-04-07,XLK,87.46499633789062,95.90499877929688,86.2249984741211,91.7300033569336,44557800,91.20876220557821,0.0,1.0,yahoo,2026-05-04 22:49:45
2025-04-08,XLK,95.1449966430664,96.41999816894533,88.22000122070312,89.86499786376953,25811400,89.35435430943765,0.0,1.0,yahoo,2026-05-04 22:49:45
2025-04-09,XLK,90.05000305175781,102.48999786376952,89.93499755859375,101.93000030517578,36988800,101.35079929381216,0.0,1.0,yahoo,2026-05-04 22:49:45
2025-04-10,XLK,98.4250030517578,99.0999984741211,93.86499786376952,97.18499755859376,19747600,96.63275927048645,0.0,1.0,yahoo,2026-05-04 22:49:45
2025-04-11,XLK,96.6999969482422,99.5999984741211,95.9749984741211,99.1750030517578,14423200,98.6114568740124,0.0,1.0,yahoo,2026-05-04 22:49:45
2025-04-14,XLK,102.25,102.31500244140624,99.0,100.08000183105467,11904400,99.51131314171622,0.0,1.0,yahoo,2026-05-04 22:49:45
2025-04-15,XLK,100.23500061035156,101.20500183105467,99.9749984741211,100.44499969482422,7200000,99.87423696318999,0.0,1.0,yahoo,2026-05-04 22:49:45
2025-04-16,XLK,97.75,98.79000091552734,95.2699966430664,96.95500183105467,13222400,96.40407045708059,0.0,1.0,yahoo,2026-05-04 22:49:45
2025-04-17,XLK,97.6500015258789,97.6500015258789,96.0199966430664,96.43000030517578,7480800,95.88205216885349,0.0,1.0,yahoo,2026-05-04 22:49:45
2025-04-21,XLK,94.90499877929688,95.1449966430664,92.59500122070312,93.94000244140624,8973400,93.4062033218275,0.0,1.0,yahoo,2026-05-04 22:49:45
2025-04-22,XLK,95.19000244140624,96.78500366210938,94.63500213623048,96.2300033569336,9312800,95.6831916714535,0.0,1.0,yahoo,2026-05-04 22:49:45
2025-04-23,XLK,99.91999816894533,100.9749984741211,98.61499786376952,99.0199966430664,13413800,98.45733126457947,0.0,1.0,yahoo,2026-05-04 22:49:45
2025-04-24,XLK,99.99500274658205,102.8550033569336,99.83499908447266,102.71499633789062,9317000,102.13133471145093,0.0,1.0,yahoo,2026-05-04 22:49:45
2025-04-25,XLK,102.40499877929688,104.43000030517578,102.30500030517578,104.23500061035156,6518400,103.64270180144106,0.0,1.0,yahoo,2026-05-04 22:49:45
2025-04-28,XLK,104.0999984741211,104.61499786376952,102.51000213623048,104.06500244140624,5574400,103.47366962004688,0.0,1.0,yahoo,2026-05-04 22:49:45
2025-04-29,XLK,103.56500244140624,104.98500061035156,103.56500244140624,104.5500030517578,9144400,103.95591429158566,0.0,1.0,yahoo,2026-05-04 22:49:45
2025-04-30,XLK,102.49500274658205,105.375,101.9000015258789,104.98500061035156,10203800,104.38844004575361,0.0,1.0,yahoo,2026-05-04 22:49:45
2025-05-01,XLK,107.27999877929688,108.2750015258789,106.43000030517578,106.5250015258789,11532800,105.91969015106704,0.0,1.0,yahoo,2026-05-04 22:49:45
2025-05-02,XLK,107.74500274658205,108.80999755859376,107.45500183105467,108.30500030517578,8125400,107.6895743704688,0.0,1.0,yahoo,2026-05-04 22:49:45
2025-05-05,XLK,107.375,108.5,107.31999969482422,107.7300033569336,6757000,107.11784475091254,0.0,1.0,yahoo,2026-05-04 22:49:45
2025-05-06,XLK,106.12999725341795,107.62000274658205,105.80500030517578,106.83499908447266,7958200,106.22792619784954,0.0,1.0,yahoo,2026-05-04 22:49:45
2025-05-07,XLK,106.83499908447266,108.375,106.0999984741211,107.90499877929688,8169400,107.2918457896271,0.0,1.0,yahoo,2026-05-04 22:49:45
2025-05-08,XLK,108.9749984741211,109.97000122070312,108.00499725341795,108.93499755859376,8704400,108.31599176471634,0.0,1.0,yahoo,2026-05-04 22:49:45
2025-05-09,XLK,109.41999816894533,109.62000274658205,108.23999786376952,108.8000030517578,7330000,108.18176434269009,0.0,1.0,yahoo,2026-05-04 22:49:45
2025-05-12,XLK,113.41500091552734,113.88999938964844,112.2699966430664,113.8499984741211,13478200,113.20306396943623,0.0,1.0,yahoo,2026-05-04 22:49:45
2025-05-13,XLK,114.26000213623048,116.69000244140624,114.12999725341795,116.30999755859376,12757200,115.64908450045638,0.0,1.0,yahoo,2026-05-04 22:49:45
2025-05-14,XLK,116.8550033569336,117.5250015258789,116.37999725341795,117.06500244140624,10248000,116.39979918813101,0.0,1.0,yahoo,2026-05-04 22:49:45
2025-05-15,XLK,116.43000030517578,117.88500213623048,116.29000091552734,117.2249984741211,9536400,116.55888606884268,0.0,1.0,yahoo,2026-05-04 22:49:45
2025-05-16,XLK,117.6050033569336,117.6050033569336,116.43000030517578,117.44499969482422,8111600,116.77763716760771,0.0,1.0,yahoo,2026-05-04 22:49:45
2025-05-19,XLK,115.70999908447266,117.54000091552734,115.66999816894533,117.2750015258789,11863000,116.60860498621354,0.0,1.0,yahoo,2026-05-04 22:49:45
2025-05-20,XLK,116.54499816894533,116.8550033569336,115.9499969482422,116.83499908447266,10273200,116.1711027886835,0.0,1.0,yahoo,2026-05-04 22:49:45
2025-05-21,XLK,115.73999786376952,117.3550033569336,114.1750030517578,114.63999938964844,18643600,113.98857583043711,0.0,1.0,yahoo,2026-05-04 22:49:45
2025-05-22,XLK,114.69499969482422,115.6999969482422,114.41500091552734,114.66999816894533,11372000,114.01840414644296,0.0,1.0,yahoo,2026-05-04 22:49:45
2025-05-23,XLK,112.6750030517578,114.1449966430664,112.5500030517578,113.40499877929688,12004000,112.76059291458579,0.0,1.0,yahoo,2026-05-04 22:49:45
2025-05-27,XLK,115.16999816894533,116.26000213623048,114.78500366210938,116.0999984741211,14208400,115.44027870237386,0.0,1.0,yahoo,2026-05-04 22:49:45
2025-05-28,XLK,116.23999786376952,116.70500183105467,115.4499969482422,115.62000274658205,10789200,114.9630104741972,0.0,1.0,yahoo,2026-05-04 22:49:45
2025-05-29,XLK,117.37000274658205,117.48999786376952,115.22000122070312,115.81500244140624,14011800,115.15690211427678,0.0,1.0,yahoo,2026-05-04 22:49:45
2025-05-30,XLK,115.76000213623048,115.81500244140624,113.70999908447266,115.45500183105467,13494000,114.79894715012341,0.0,1.0,yahoo,2026-05-04 22:49:45
2025-06-02,XLK,115.1500015258789,116.54499816894533,115.01000213623048,116.4749984741211,12878800,115.81314782453013,0.0,1.0,yahoo,2026-05-04 22:49:45
2025-06-03,XLK,116.62999725341795,118.31500244140624,116.54499816894533,118.2249984741211,14312400,117.55320372792607,0.0,1.0,yahoo,2026-05-04 22:49:45
2025-06-04,XLK,118.375,118.7699966430664,117.81500244140624,118.4000015258789,10899200,117.72721235268236,0.0,1.0,yahoo,2026-05-04 22:49:45
2025-06-05,XLK,118.75,119.78500366210938,117.55500030517578,118.06500244140624,15885200,117.39411684721442,0.0,1.0,yahoo,2026-05-04 22:49:45
2025-06-06,XLK,119.20500183105467,119.7300033569336,118.83999633789062,119.18000030517578,9026000,118.50277891300074,0.0,1.0,yahoo,2026-05-04 22:49:45
2025-06-09,XLK,119.6449966430664,120.50499725341795,119.55500030517578,119.76499938964844,11100600,119.08445383323952,0.0,1.0,yahoo,2026-05-04 22:49:45
2025-06-10,XLK,119.74500274658205,120.61499786376952,119.29499816894533,120.43499755859376,9831600,119.7506448441754,0.0,1.0,yahoo,2026-05-04 22:49:45
2025-06-11,XLK,120.7249984741211,121.21499633789062,119.5500030517578,120.16999816894533,9599600,119.48715127140163,0.0,1.0,yahoo,2026-05-04 22:49:45
2025-06-12,XLK,120.1449966430664,121.56500244140624,120.125,121.28500366210938,11210400,120.59582092322964,0.0,1.0,yahoo,2026-05-04 22:49:45
2025-06-13,XLK,119.87999725341795,120.79499816894533,119.1449966430664,119.58499908447266,13193800,118.90547635116283,0.0,1.0,yahoo,2026-05-04 22:49:45
2025-06-16,XLK,120.30500030517578,121.87999725341795,120.30500030517578,121.5199966430664,13866200,120.82947859395586,0.0,1.0,yahoo,2026-05-04 22:49:45
2025-06-17,XLK,121.01000213623048,121.86499786376952,120.375,120.66000366210938,10525400,119.97437238630252,0.0,1.0,yahoo,2026-05-04 22:49:45
2025-06-18,XLK,120.95500183105467,121.56500244140624,120.19000244140624,120.80500030517578,11066000,120.11854510901125,0.0,1.0,yahoo,2026-05-04 22:49:45
2025-06-20,XLK,121.23500061035156,121.6449966430664,119.70500183105467,120.2699966430664,11490600,119.58658152010162,0.0,1.0,yahoo,2026-05-04 22:49:45
2025-06-23,XLK,120.19000244140624,121.54499816894533,119.375,121.44000244140624,12277000,120.95006419353466,0.199,1.0,yahoo,2026-05-04 22:49:45
2025-06-24,XLK,122.6750030517578,123.7699966430664,122.52999877929688,123.62000274658205,11329400,123.12126949287709,0.0,1.0,yahoo,2026-05-04 22:49:45
2025-06-25,XLK,124.26000213623048,124.86000061035156,124.1500015258789,124.6750030517578,9228600,124.17201349872289,0.0,1.0,yahoo,2026-05-04 22:49:45
2025-06-26,XLK,125.23500061035156,125.73500061035156,124.73999786376952,125.53500366210938,11288400,125.02854451764055,0.0,1.0,yahoo,2026-05-04 22:49:45
2025-06-27,XLK,125.875,126.3550033569336,124.81500244140624,125.38500213623048,12196600,124.8791481587848,0.0,1.0,yahoo,2026-05-04 22:49:45
2025-06-30,XLK,126.48500061035156,126.95999908447266,125.875,126.61499786376952,13365200,126.10418158445027,0.0,1.0,yahoo,2026-05-04 22:49:45
2025-07-01,XLK,126.20999908447266,126.4749984741211,124.625,125.48500061035156,15144800,124.97874319848381,0.0,1.0,yahoo,2026-05-04 22:49:45
2025-07-02,XLK,125.16999816894533,126.8949966430664,125.08000183105467,126.80999755859376,11950200,126.29839457137847,0.0,1.0,yahoo,2026-05-04 22:49:45
2025-07-03,XLK,127.5,128.86500549316406,127.4499969482422,128.47999572753906,7112800,127.96165529005702,0.0,1.0,yahoo,2026-05-04 22:49:45
2025-07-07,XLK,127.98500061035156,128.32000732421875,126.88999938964844,127.45999908447266,11560800,126.94577372734382,0.0,1.0,yahoo,2026-05-04 22:49:45
2025-07-08,XLK,128.1300048828125,128.38999938964844,127.61499786376952,128.14500427246094,15715200,127.6280153264418,0.0,1.0,yahoo,2026-05-04 22:49:45
2025-07-09,XLK,128.60000610351562,129.39999389648438,127.95999908447266,128.9149932861328,12933600,128.39489789198575,0.0,1.0,yahoo,2026-05-04 22:49:45
2025-07-10,XLK,129.23500061035156,129.35000610351562,127.81500244140624,128.49000549316406,9988600,127.97162467222573,0.0,1.0,yahoo,2026-05-04 22:49:45
2025-07-11,XLK,127.87999725341795,128.6750030517578,127.72000122070312,127.9250030517578,9239000,127.40890167993524,0.0,1.0,yahoo,2026-05-04 22:49:45
2025-07-14,XLK,127.61000061035156,128.13499450683594,126.5999984741211,127.81999969482422,8125200,127.30432194915188,0.0,1.0,yahoo,2026-05-04 22:49:45
2025-07-15,XLK,129.30999755859375,129.61500549316406,128.91000366210938,128.9550018310547,15657000,128.4347450262027,0.0,1.0,yahoo,2026-05-04 22:49:45
2025-07-16,XLK,129.0,129.42999267578125,127.40499877929688,129.35499572753906,17782600,128.8331251849988,0.0,1.0,yahoo,2026-05-04 22:49:45
2025-07-17,XLK,129.50999450683594,130.73500061035156,129.2550048828125,130.52999877929688,11955000,130.00338779765215,0.0,1.0,yahoo,2026-05-04 22:49:45
2025-07-18,XLK,131.02999877929688,131.0749969482422,130.09500122070312,130.44500732421875,10281000,129.91873923259172,0.0,1.0,yahoo,2026-05-04 22:49:45
2025-07-21,XLK,130.58999633789062,131.5050048828125,130.44000244140625,130.61500549316406,9246600,130.0880515599415,0.0,1.0,yahoo,2026-05-04 22:49:45
2025-07-22,XLK,130.51499938964844,130.60499572753906,128.47500610351562,129.40499877929688,13448800,128.88292650415556,0.0,1.0,yahoo,2026-05-04 22:49:45
2025-07-23,XLK,129.74000549316406,130.31500244140625,128.97000122070312,130.14500427246094,10091800,129.61994651488016,0.0,1.0,yahoo,2026-05-04 22:49:45
2025-07-24,XLK,130.46499633789062,130.9499969482422,129.9600067138672,130.69500732421875,12159600,130.1677306311465,0.0,1.0,yahoo,2026-05-04 22:49:45
2025-07-25,XLK,130.65499877929688,131.3249969482422,130.38499450683594,130.9949951171875,8002000,130.4665081516291,0.0,1.0,yahoo,2026-05-04 22:49:45
2025-07-28,XLK,131.4949951171875,132.0749969482422,131.22500610351562,132.0399932861328,11517600,131.5072903739207,0.0,1.0,yahoo,2026-05-04 22:49:45
2025-07-29,XLK,132.89999389648438,133.63499450683594,131.82000732421875,132.0449981689453,13739000,131.51227506500507,0.0,1.0,yahoo,2026-05-04 22:49:45
2025-07-30,XLK,132.18499755859375,132.7899932861328,131.3000030517578,132.33999633789062,13934600,131.80608309163225,0.0,1.0,yahoo,2026-05-04 22:49:45
2025-07-31,XLK,134.0050048828125,134.0050048828125,130.72999572753906,131.3699951171875,16414400,130.8399952494613,0.0,1.0,yahoo,2026-05-04 22:49:45
2025-08-01,XLK,129.94000244140625,129.98500061035156,127.88999938964844,128.53500366210938,19438000,128.0164413002981,0.0,1.0,yahoo,2026-05-04 22:49:45
2025-08-04,XLK,129.7449951171875,131.1699981689453,129.7449951171875,131.14500427246094,12377000,130.61591210909936,0.0,1.0,yahoo,2026-05-04 22:49:45
2025-08-05,XLK,131.6300048828125,131.7449951171875,129.75999450683594,130.05999755859375,11176000,129.5352827525908,0.0,1.0,yahoo,2026-05-04 22:49:45
2025-08-06,XLK,130.18499755859375,131.69500732421875,130.10000610351562,131.52499389648438,10167000,130.994368700787,0.0,1.0,yahoo,2026-05-04 22:49:45
2025-08-07,XLK,132.99000549316406,133.2050018310547,130.5500030517578,131.64500427246094,10318000,131.11389490620894,0.0,1.0,yahoo,2026-05-04 22:49:45
2025-08-08,XLK,132.13999938964844,133.11000061035156,131.7949981689453,132.9600067138672,11015800,132.4235920941638,0.0,1.0,yahoo,2026-05-04 22:49:45
2025-08-11,XLK,132.875,133.47500610351562,131.7550048828125,132.05999755859375,9425400,131.52721394102917,0.0,1.0,yahoo,2026-05-04 22:49:45
2025-08-12,XLK,132.72000122070312,134.13999938964844,131.98500061035156,134.10499572753906,11153800,133.56396175753994,0.0,1.0,yahoo,2026-05-04 22:49:45
2025-08-13,XLK,134.8800048828125,135.02499389648438,133.6649932861328,134.15499877929688,13990200,133.6137630766967,0.0,1.0,yahoo,2026-05-04 22:49:45
2025-08-14,XLK,133.47500610351562,134.3249969482422,133.1649932861328,133.86500549316406,15484400,133.32493974115386,0.0,1.0,yahoo,2026-05-04 22:49:45
2025-08-15,XLK,133.68499755859375,133.68499755859375,132.32000732421875,132.85000610351562,13373200,132.31403527091055,0.0,1.0,yahoo,2026-05-04 22:49:45
2025-08-18,XLK,132.68499755859375,133.2550048828125,132.55499267578125,133.13499450683594,12233800,132.59787391536904,0.0,1.0,yahoo,2026-05-04 22:49:45
2025-08-19,XLK,133.0850067138672,133.11500549316406,130.56500244140625,130.80999755859375,17367000,130.2822569482552,0.0,1.0,yahoo,2026-05-04 22:49:45
2025-08-20,XLK,130.47999572753906,130.47999572753906,127.91999816894533,129.9250030517578,23064200,129.40083286837364,0.0,1.0,yahoo,2026-05-04 22:49:45
2025-08-21,XLK,129.61000061035156,130.1300048828125,128.89500427246094,129.4550018310547,15148600,128.9327278233123,0.0,1.0,yahoo,2026-05-04 22:49:45
2025-08-22,XLK,129.31500244140625,132.06500244140625,128.9550018310547,131.2100067138672,13756000,130.68065230428022,0.0,1.0,yahoo,2026-05-04 22:49:45
2025-08-25,XLK,131.2050018310547,131.73500061035156,130.55499267578125,130.9149932861328,10691800,130.38682908042412,0.0,1.0,yahoo,2026-05-04 22:49:45
2025-08-26,XLK,131.02499389648438,131.69000244140625,130.8350067138672,131.51499938964844,11081000,130.9844145158472,0.0,1.0,yahoo,2026-05-04 22:49:45
2025-08-27,XLK,131.64500427246094,132.375,131.0399932861328,132.22500610351562,11538600,131.69155677452355,0.0,1.0,yahoo,2026-05-04 22:49:45
2025-08-28,XLK,132.38499450683594,133.55499267578125,131.72500610351562,133.27000427246094,12380600,132.73233899681512,0.0,1.0,yahoo,2026-05-04 22:49:45
2025-08-29,XLK,132.68499755859375,132.7100067138672,130.7449951171875,131.22500610351562,17481200,130.69559118030435,0.0,1.0,yahoo,2026-05-04 22:49:45
2025-09-02,XLK,128.90499877929688,130.02000427246094,128.13999938964844,129.89999389648438,18226000,129.37592461018082,0.0,1.0,yahoo,2026-05-04 22:49:45
2025-09-03,XLK,130.56500244140625,130.93499755859375,129.6999969482422,130.6750030517578,15636600,130.14780706403803,0.0,1.0,yahoo,2026-05-04 22:49:45
2025-09-04,XLK,130.13999938964844,131.375,129.61000061035156,131.32000732421875,24397400,130.7902091275335,0.0,1.0,yahoo,2026-05-04 22:49:45
2025-09-05,XLK,132.56500244140625,132.61500549316406,130.09500122070312,131.42999267578125,38561800,130.89975075355784,0.0,1.0,yahoo,2026-05-04 22:49:45
2025-09-08,XLK,132.1199951171875,132.89500427246094,132.08999633789062,132.4149932861328,20556000,131.8807774717529,0.0,1.0,yahoo,2026-05-04 22:49:45
2025-09-09,XLK,132.7100067138672,132.80999755859375,131.72999572753906,132.6699981689453,19355000,132.13475356139205,0.0,1.0,yahoo,2026-05-04 22:49:45
2025-09-10,XLK,135.35499572753906,135.98500061035156,134.42999267578125,135.0749969482422,25957200,134.53004959971088,0.0,1.0,yahoo,2026-05-04 22:49:45
2025-09-11,XLK,135.9250030517578,136.11500549316406,135.30999755859375,135.52999877929688,23429200,134.98321576874807,0.0,1.0,yahoo,2026-05-04 22:49:45
2025-09-12,XLK,135.8000030517578,135.92999267578125,135.14999389648438,135.44000244140625,15612200,134.8935825126033,0.0,1.0,yahoo,2026-05-04 22:49:45
2025-09-15,XLK,135.65499877929688,136.69000244140625,135.49000549316406,136.66000366210938,16268000,136.10866175332902,0.0,1.0,yahoo,2026-05-04 22:49:45
2025-09-16,XLK,136.97500610351562,137.07000732421875,136.02000427246094,136.18499755859375,16081400,135.63557201718334,0.0,1.0,yahoo,2026-05-04 22:49:45
2025-09-17,XLK,136.09500122070312,136.25999450683594,134.30999755859375,135.71499633789062,18948600,135.167466972122,0.0,1.0,yahoo,2026-05-04 22:49:45
2025-09-18,XLK,137.47500610351562,138.46499633789062,136.80999755859375,138.05999755859375,20882600,137.50300750634432,0.0,1.0,yahoo,2026-05-04 22:49:45
2025-09-19,XLK,138.61500549316406,139.58999633789062,138.1649932861328,139.4600067138672,15670800,138.8973684565885,0.0,1.0,yahoo,2026-05-04 22:49:45
2025-09-22,XLK,139.0749969482422,141.44500732421875,139.02000427246094,141.3300018310547,15771200,140.94071978260538,0.179,1.0,yahoo,2026-05-04 22:49:45
2025-09-23,XLK,141.13499450683594,141.36500549316406,139.49000549316406,140.11000061035156,16456400,139.72407895649755,0.0,1.0,yahoo,2026-05-04 22:49:45
2025-09-24,XLK,140.48500061035156,140.48500061035156,138.31500244140625,139.2449951171875,13471000,138.8614560509365,0.0,1.0,yahoo,2026-05-04 22:49:45
2025-09-25,XLK,137.97999572753906,139.34500122070312,137.125,139.0,21349600,138.61713575296534,0.0,1.0,yahoo,2026-05-04 22:49:45
2025-09-26,XLK,139.14999389648438,139.5449981689453,138.19000244140625,139.4199981689453,16534000,139.0359770709559,0.0,1.0,yahoo,2026-05-04 22:49:45
2025-09-29,XLK,140.22000122070312,140.9600067138672,139.83999633789062,140.1649932861328,16107400,139.77892015940537,0.0,1.0,yahoo,2026-05-04 22:49:45
2025-09-30,XLK,140.1649932861328,141.07000732421875,139.8699951171875,140.92999267578125,18215200,140.54181242016676,0.0,1.0,yahoo,2026-05-04 22:49:45
2025-10-01,XLK,140.2100067138672,142.41000366210938,140.1699981689453,142.30999755859375,17411200,141.91801619125005,0.0,1.0,yahoo,2026-05-04 22:49:45
2025-10-02,XLK,143.63499450683594,143.6649932861328,142.43499755859375,143.0800018310547,17607800,142.6858995492794,0.0,1.0,yahoo,2026-05-04 22:49:45
2025-10-03,XLK,143.2100067138672,143.94000244140625,141.8699951171875,142.36000061035156,17458000,141.96788151364987,0.0,1.0,yahoo,2026-05-04 22:49:45
2025-10-06,XLK,144.27999877929688,144.72000122070312,143.72500610351562,143.8000030517578,17945600,143.40391758490895,0.0,1.0,yahoo,2026-05-04 22:49:45
2025-10-07,XLK,144.5399932861328,144.75,142.0850067138672,142.83999633789062,15588400,142.44655513181624,0.0,1.0,yahoo,2026-05-04 22:49:45
2025-10-08,XLK,143.1699981689453,145.35000610351562,143.09500122070312,145.34500122070312,14037800,144.94466018147568,0.0,1.0,yahoo,2026-05-04 22:49:45
2025-10-09,XLK,145.27999877929688,145.41000366210938,144.34500122070312,145.10000610351562,11989400,144.7003398835045,0.0,1.0,yahoo,2026-05-04 22:49:45
2025-10-10,XLK,145.40499877929688,145.6699981689453,139.13999938964844,139.19500732421875,44574600,138.81160594529666,0.0,1.0,yahoo,2026-05-04 22:49:45
2025-10-13,XLK,142.36500549316406,143.05999755859375,141.55499267578125,142.5850067138672,22030400,142.1922678560691,0.0,1.0,yahoo,2026-05-04 22:49:45
2025-10-14,XLK,140.71499633789062,142.19000244140625,139.1199951171875,140.7550048828125,26956800,140.36730661690734,0.0,1.0,yahoo,2026-05-04 22:49:45
2025-10-15,XLK,142.72999572753906,143.2899932861328,140.39999389648438,142.14999389648438,20937600,141.7584532462746,0.0,1.0,yahoo,2026-05-04 22:49:45
2025-10-16,XLK,143.1750030517578,143.80999755859375,141.28500366210938,142.2550048828125,23166200,141.86317498834222,0.0,1.0,yahoo,2026-05-04 22:49:45
2025-10-17,XLK,141.41000366210938,142.92999267578125,140.50999450683594,142.5050048828125,25511600,142.11248638358137,0.0,1.0,yahoo,2026-05-04 22:49:45
2025-10-20,XLK,143.32000732421875,144.7100067138672,143.23500061035156,144.09500122070312,13805200,143.69810320527995,0.0,1.0,yahoo,2026-05-04 22:49:45
2025-10-21,XLK,144.0050048828125,144.68499755859375,143.47500610351562,144.1699981689453,12503800,143.7728935804997,0.0,1.0,yahoo,2026-05-04 22:49:45
2025-10-22,XLK,144.10499572753906,144.4199981689453,140.9499969482422,142.7449951171875,20723200,142.35181558428457,0.0,1.0,yahoo,2026-05-04 22:49:45
2025-10-23,XLK,142.18499755859375,144.77499389648438,142.18499755859375,144.5449981689453,11923400,144.14686067335842,0.0,1.0,yahoo,2026-05-04 22:49:45
2025-10-24,XLK,146.25,147.28500366210938,146.03500366210938,146.7899932861328,14359600,146.38567213324276,0.0,1.0,yahoo,2026-05-04 22:49:45
2025-10-27,XLK,148.85000610351562,149.6300048828125,148.61000061035156,149.5,15167000,149.08821435300948,0.0,1.0,yahoo,2026-05-04 22:49:45
2025-10-28,XLK,150.22500610351562,151.57000732421875,149.7100067138672,150.97999572753906,15055200,150.56413355213246,0.0,1.0,yahoo,2026-05-04 22:49:45
2025-10-29,XLK,152.35000610351562,152.9949951171875,150.93499755859375,152.06500244140625,21506200,151.64615170284472,0.0,1.0,yahoo,2026-05-04 22:49:45
2025-10-30,XLK,151.1999969482422,151.97999572753906,150.14500427246094,150.19500732421875,19218600,149.7813073358191,0.0,1.0,yahoo,2026-05-04 22:49:45
2025-10-31,XLK,151.7100067138672,151.82000732421875,149.47000122070312,150.33999633789062,16303800,149.92589698899064,0.0,1.0,yahoo,2026-05-04 22:49:45
2025-11-03,XLK,151.77999877929688,152.11000061035156,150.1300048828125,150.9550018310547,13983600,150.5392084993125,0.0,1.0,yahoo,2026-05-04 22:49:45
2025-11-04,XLK,148.22500610351562,149.1999969482422,146.72500610351562,146.97000122070312,16722600,146.56518425053014,0.0,1.0,yahoo,2026-05-04 22:49:45
2025-11-05,XLK,146.7100067138672,148.74000549316406,146.48500061035156,147.5449981689453,14447000,147.13859741622818,0.0,1.0,yahoo,2026-05-04 22:49:45
2025-11-06,XLK,147.30999755859375,147.47000122070312,143.8350067138672,144.5800018310547,24797400,144.1817679207143,0.0,1.0,yahoo,2026-05-04 22:49:45
2025-11-07,XLK,143.34500122070312,144.11500549316406,140.8000030517578,144.0800018310547,25547000,143.683145130236,0.0,1.0,yahoo,2026-05-04 22:49:45
2025-11-10,XLK,146.65499877929688,148.0449981689453,145.89500427246094,147.76499938964844,18286400,147.35799266137943,0.0,1.0,yahoo,2026-05-04 22:49:45
2025-11-11,XLK,146.7899932861328,147.05499267578125,145.52999877929688,146.5050048828125,14871600,146.10146870740772,0.0,1.0,yahoo,2026-05-04 22:49:45
2025-11-12,XLK,147.72999572753906,147.72999572753906,146.0749969482422,146.9600067138672,13179200,146.55521727275413,0.0,1.0,yahoo,2026-05-04 22:49:45
2025-11-13,XLK,146.13999938964844,146.33999633789062,142.51499938964844,143.2949981689453,22385800,142.90030369716268,0.0,1.0,yahoo,2026-05-04 22:49:45
2025-11-14,XLK,140.64999389648438,145.3800048828125,140.14500427246094,144.0749969482422,27429600,143.67815403296802,0.0,1.0,yahoo,2026-05-04 22:49:45
2025-11-17,XLK,142.72500610351562,144.28500366210938,140.6750030517578,141.82000732421875,24675400,141.4293755953077,0.0,1.0,yahoo,2026-05-04 22:49:45
2025-11-18,XLK,140.59500122070312,141.32000732421875,138.23500061035156,139.51499938964844,36747600,139.13071661848758,0.0,1.0,yahoo,2026-05-04 22:49:45
2025-11-19,XLK,139.52499389648438,142.05999755859375,139.1649932861328,140.48500061035156,27668800,140.09804604935627,0.0,1.0,yahoo,2026-05-04 22:49:45
2025-11-20,XLK,143.72000122070312,144.2550048828125,135.75999450683594,136.0749969482422,56551800,135.70018938531535,0.0,1.0,yahoo,2026-05-04 22:49:45
2025-11-21,XLK,136.3000030517578,138.4199981689453,133.74000549316406,136.60000610351562,44959000,136.22375244537352,0.0,1.0,yahoo,2026-05-04 22:49:45
2025-11-24,XLK,137.52000427246094,140.35000610351562,137.43499755859375,139.85499572753906,20124800,139.46977646399043,0.0,1.0,yahoo,2026-05-04 22:49:45
2025-11-25,XLK,138.625,140.58999633789062,136.65499877929688,140.22999572753906,21303400,139.84374355684915,0.0,1.0,yahoo,2026-05-04 22:49:45
2025-11-26,XLK,141.88499450683594,142.4949951171875,140.7899932861328,141.88999938964844,13358800,141.49917487325948,0.0,1.0,yahoo,2026-05-04 22:49:45
2025-11-28,XLK,142.19000244140625,143.13499450683594,141.80499267578125,143.11000061035156,6792200,142.7158156993673,0.0,1.0,yahoo,2026-05-04 22:49:45
2025-12-01,XLK,141.72000122070312,143.60499572753906,141.28500366210938,143.1750030517578,12846600,142.7806390968111,0.0,1.0,yahoo,2026-05-04 22:49:45
2025-12-02,XLK,144.06500244140625,145.51499938964844,143.64500427246094,144.64999389648438,15719000,144.25156719866607,0.0,1.0,yahoo,2026-05-04 22:49:45
2025-12-03,XLK,143.9499969482422,145.09500122070312,143.22999572753906,144.9949951171875,11623200,144.5956181414369,0.0,1.0,yahoo,2026-05-04 22:49:45
2025-12-04,XLK,145.19000244140625,145.7949981689453,144.4949951171875,145.53500366210938,9995200,145.13413927653903,0.0,1.0,yahoo,2026-05-04 22:49:45
2025-12-05,XLK,146.2100067138672,147.30999755859375,145.69000244140625,146.60000610351562,6628000,146.1962082549394,0.0,2.0,yahoo,2026-05-04 22:49:45
2025-12-08,XLK,147.42999267578125,148.3800048828125,146.9199981689453,147.6300048828125,8272800,147.22336998598385,0.0,1.0,yahoo,2026-05-04 22:49:45
2025-12-09,XLK,147.33999633789062,148.25,146.9600067138672,148.02000427246094,6978200,147.61229515388652,0.0,1.0,yahoo,2026-05-04 22:49:45
2025-12-10,XLK,147.69000244140625,149.22000122070312,146.82000732421875,148.72999572753906,8961100,148.32033099498014,0.0,1.0,yahoo,2026-05-04 22:49:45
2025-12-11,XLK,147.05999755859375,148.1300048828125,145.11000061035156,147.97000122070312,9769300,147.56242983148672,0.0,1.0,yahoo,2026-05-04 22:49:45
2025-12-12,XLK,146.94000244140625,147.0800018310547,143.25999450683594,143.69000244140625,14873200,143.29421996233333,0.0,1.0,yahoo,2026-05-04 22:49:45
2025-12-15,XLK,144.4199981689453,144.6300048828125,142.02000427246094,142.3000030517578,10790300,141.90804921347407,0.0,1.0,yahoo,2026-05-04 22:49:45
2025-12-16,XLK,141.91000366210938,142.97000122070312,141.3000030517578,142.55999755859375,10790900,142.1673275864892,0.0,1.0,yahoo,2026-05-04 22:49:45
2025-12-17,XLK,142.72000122070312,142.83999633789062,139.32000732421875,139.38999938964844,18178700,139.006060920868,0.0,1.0,yahoo,2026-05-04 22:49:45
2025-12-18,XLK,141.86000061035156,142.4199981689453,140.7899932861328,141.5399932861328,12319500,141.15013283322068,0.0,1.0,yahoo,2026-05-04 22:49:45
2025-12-19,XLK,142.58999633789062,144.6199951171875,142.57000732421875,144.60000610351562,14265900,144.20171709302622,0.0,1.0,yahoo,2026-05-04 22:49:45
2025-12-22,XLK,146.00999450683594,146.00999450683594,144.64999389648438,145.16000366210938,8864500,144.9797473103801,0.219,1.0,yahoo,2026-05-04 22:49:45
2025-12-23,XLK,144.74000549316406,145.97999572753906,144.36000061035156,145.9499969482422,7546100,145.7687596010317,0.0,1.0,yahoo,2026-05-04 22:49:45
2025-12-24,XLK,145.7899932861328,146.5,145.67999267578125,146.3000030517578,3676300,146.11833107502326,0.0,1.0,yahoo,2026-05-04 22:49:45
2025-12-26,XLK,146.61000061035156,146.97999572753906,146.24000549316406,146.52999877929688,5052900,146.34804119916117,0.0,1.0,yahoo,2026-05-04 22:49:45
2025-12-29,XLK,145.35000610351562,146.3800048828125,145.0399932861328,145.8699951171875,9822300,145.6888571144096,0.0,1.0,yahoo,2026-05-04 22:49:45
2025-12-30,XLK,145.85000610351562,146.25999450683594,145.3800048828125,145.41000366210938,6387400,145.2294368661338,0.0,1.0,yahoo,2026-05-04 22:49:45
2025-12-31,XLK,145.7100067138672,145.8000030517578,143.89999389648438,143.97000122070312,9528400,143.791222586618,0.0,1.0,yahoo,2026-05-04 22:49:45
2026-01-02,XLK,145.6300048828125,146.52000427246094,143.41000366210938,144.3000030517578,15299500,144.1208146289938,0.0,1.0,yahoo,2026-05-04 22:49:45
2026-01-05,XLK,146.00999450683594,146.38999938964844,144.25,144.6199951171875,17476300,144.44040933564116,0.0,1.0,yahoo,2026-05-04 22:49:45
2026-01-06,XLK,145.2100067138672,146.77000427246094,144.6300048828125,146.64999389648438,14985700,146.4678873091738,0.0,1.0,yahoo,2026-05-04 22:49:45
2026-01-07,XLK,146.52999877929688,147.3800048828125,146.0399932861328,146.52999877929688,13957100,146.34804119916117,0.0,1.0,yahoo,2026-05-04 22:49:45
2026-01-08,XLK,145.92999267578125,145.92999267578125,143.5,144.24000549316406,16870100,144.06089157398748,0.0,1.0,yahoo,2026-05-04 22:49:45
2026-01-09,XLK,144.57000732421875,146.5800018310547,144.02999877929688,146.14999389648438,15652600,145.96850819766644,0.0,1.0,yahoo,2026-05-04 22:49:45
2026-01-12,XLK,145.19000244140625,147.2899932861328,145.0500030517578,146.7899932861328,12867200,146.60771285080222,0.0,1.0,yahoo,2026-05-04 22:49:45
2026-01-13,XLK,146.85000610351562,147.52000427246094,145.85000610351562,146.47999572753906,16552200,146.2981002400422,0.0,1.0,yahoo,2026-05-04 22:49:45
2026-01-14,XLK,145.5,145.92999267578125,143.32000732421875,144.6999969482422,22104200,144.52031182226327,0.0,1.0,yahoo,2026-05-04 22:49:45
2026-01-15,XLK,146.92999267578125,147.57000732421875,145.30999755859375,145.4600067138672,17370900,145.27937782525274,0.0,1.0,yahoo,2026-05-04 22:49:45
2026-01-16,XLK,146.72000122070312,146.9499969482422,145.02000427246094,145.6199951171875,14156700,145.4391675586559,0.0,1.0,yahoo,2026-05-04 22:49:45
2026-01-20,XLK,143.08999633789062,144.10000610351562,141.61000061035156,141.83999633789062,20029200,141.6638626948475,0.0,1.0,yahoo,2026-05-04 22:49:45
2026-01-21,XLK,142.77999877929688,145.0399932861328,141.9600067138672,143.80999755859375,27892800,143.6314176133738,0.0,1.0,yahoo,2026-05-04 22:49:45
2026-01-22,XLK,145.61000061035156,145.6999969482422,144.16000366210938,144.8800048828125,12971600,144.70009622712328,0.0,1.0,yahoo,2026-05-04 22:49:45
2026-01-23,XLK,144.52999877929688,145.8300018310547,143.75,145.08999633789062,14654500,144.90982691964538,0.0,1.0,yahoo,2026-05-04 22:49:45
2026-01-26,XLK,145.27000427246094,146.7100067138672,144.88999938964844,146.0800018310547,10195600,145.89860304677273,0.0,1.0,yahoo,2026-05-04 22:49:45
2026-01-27,XLK,147.4199981689453,148.6199951171875,147.02999877929688,148.0500030517578,12436200,147.86615796529904,0.0,1.0,yahoo,2026-05-04 22:49:45
2026-01-28,XLK,149.0,149.89999389648438,148.61000061035156,149.22999572753906,19497400,149.0446853533327,0.0,1.0,yahoo,2026-05-04 22:49:45
2026-01-29,XLK,147.83999633789062,147.92999267578125,143.27000427246094,146.8699951171875,25581000,146.68761533742432,0.0,1.0,yahoo,2026-05-04 22:49:45
2026-01-30,XLK,146.0399932861328,146.75,142.99000549316406,143.8800048828125,18342600,143.70133800410855,0.0,1.0,yahoo,2026-05-04 22:49:45
2026-02-02,XLK,143.52999877929688,146.14999389648438,143.38999938964844,145.25999450683594,16337600,145.07961398877697,0.0,1.0,yahoo,2026-05-04 22:49:45
2026-02-03,XLK,145.8800048828125,145.97000122070312,140.1699981689453,142.0800018310547,30464500,141.90357015471383,0.0,1.0,yahoo,2026-05-04 22:49:45
2026-02-04,XLK,140.8300018310547,141.00999450683594,136.11000061035156,138.1199951171875,45649500,137.94848088604542,0.0,1.0,yahoo,2026-05-04 22:49:45
2026-02-05,XLK,137.22000122070312,138.47999572753906,135.0800018310547,135.6300048828125,42950900,135.46158266423703,0.0,1.0,yahoo,2026-05-04 22:49:45
2026-02-06,XLK,138.00999450683594,141.47000122070312,137.4199981689453,141.1300048828125,37131900,140.95475289081804,0.0,1.0,yahoo,2026-05-04 22:49:45
2026-02-09,XLK,140.60000610351562,144.02999877929688,139.91000366210938,143.35000610351562,24629500,143.171997365098,0.0,1.0,yahoo,2026-05-04 22:49:45
2026-02-10,XLK,143.82000732421875,144.14999389648438,142.38999938964844,142.5500030517578,22564300,142.37298773871802,0.0,1.0,yahoo,2026-05-04 22:49:45
2026-02-11,XLK,144.50999450683594,144.75999450683594,141.32000732421875,142.97000122070312,18905700,142.7924643636033,0.0,1.0,yahoo,2026-05-04 22:49:45
2026-02-12,XLK,143.30999755859375,143.77000427246094,138.9199981689453,139.2100067138672,32154700,139.03713893141068,0.0,1.0,yahoo,2026-05-04 22:49:45
2026-02-13,XLK,139.55999755859375,140.91000366210938,137.92999267578125,139.55999755859375,26637100,139.3866951655612,0.0,1.0,yahoo,2026-05-04 22:49:45
2026-02-17,XLK,138.63999938964844,140.4499969482422,137.02000427246094,139.47999572753906,25743800,139.3067926789391,0.0,1.0,yahoo,2026-05-04 22:49:45
2026-02-18,XLK,140.05999755859375,142.1199951171875,139.27000427246094,140.91000366210938,13705800,140.7350248625675,0.0,1.0,yahoo,2026-05-04 22:49:45
2026-02-19,XLK,140.08999633789062,140.7100067138672,139.27999877929688,140.2100067138672,13484000,140.0358971544254,0.0,1.0,yahoo,2026-05-04 22:49:45
2026-02-20,XLK,139.1999969482422,141.75,138.97000122070312,140.8800048828125,14942400,140.70506333506435,0.0,1.0,yahoo,2026-05-04 22:49:45
2026-02-23,XLK,140.17999267578125,140.64999389648438,137.88999938964844,138.52000427246094,22021900,138.34799331915593,0.0,1.0,yahoo,2026-05-04 22:49:45
2026-02-24,XLK,139.24000549316406,140.94000244140625,138.19000244140625,140.32000732421875,13030600,140.14576116855068,0.0,1.0,yahoo,2026-05-04 22:49:45
2026-02-25,XLK,141.36000061035156,143.33999633789062,141.2100067138672,143.00999450683594,13296000,142.83240798699381,0.0,1.0,yahoo,2026-05-04 22:49:45
2026-02-26,XLK,142.94000244140625,143.00999450683594,139.25999450683594,141.00999450683594,19364900,140.83489154096435,0.0,1.0,yahoo,2026-05-04 22:49:45
2026-02-27,XLK,138.30999755859375,139.77000427246094,137.94000244140625,138.75999450683594,15328600,138.58768553918122,0.0,1.0,yahoo,2026-05-04 22:49:45
2026-03-02,XLK,137.02999877929688,139.9600067138672,136.55999755859375,139.5399932861328,20156700,139.36671573394543,0.0,1.0,yahoo,2026-05-04 22:49:45
2026-03-03,XLK,136.36000061035156,138.3300018310547,134.99000549316406,137.5,34153000,137.32925566452542,0.0,1.0,yahoo,2026-05-04 22:49:45
2026-03-04,XLK,138.52999877929688,140.6300048828125,138.0399932861328,139.83999633789062,15201400,139.66634624881806,0.0,1.0,yahoo,2026-05-04 22:49:45
2026-03-05,XLK,139.16000366210938,141.25999450683594,138.08999633789062,140.17999267578125,19422500,140.0059203870812,0.0,1.0,yahoo,2026-05-04 22:49:45
2026-03-06,XLK,137.82000732421875,139.8300018310547,136.7899932861328,137.2899932861328,19677200,137.11950973216227,0.0,1.0,yahoo,2026-05-04 22:49:45
2026-03-09,XLK,135.97000122070312,140.2100067138672,135.4600067138672,139.75999450683594,22760900,139.58644376219593,0.0,1.0,yahoo,2026-05-04 22:49:45
2026-03-10,XLK,139.83999633789062,141.38999938964844,139.02000427246094,139.75999450683594,24338500,139.58644376219593,0.0,1.0,yahoo,2026-05-04 22:49:45
2026-03-11,XLK,140.5800018310547,141.58999633789062,139.52000427246094,140.42999267578125,14009200,140.2556099428349,0.0,1.0,yahoo,2026-05-04 22:49:45
2026-03-12,XLK,139.27000427246094,139.75,137.64999389648438,137.83999633789062,32372800,137.6688298027886,0.0,1.0,yahoo,2026-05-04 22:49:45
2026-03-13,XLK,138.4499969482422,139.7100067138672,136.52000427246094,136.8000030517578,15701800,136.63012795638332,0.0,1.0,yahoo,2026-05-04 22:49:45
2026-03-16,XLK,138.72000122070312,140.0800018310547,138.52000427246094,138.77999877929688,16626400,138.607664970797,0.0,1.0,yahoo,2026-05-04 22:49:45
2026-03-17,XLK,139.38999938964844,140.27000427246094,138.92999267578125,139.5399932861328,12034600,139.36671573394543,0.0,1.0,yahoo,2026-05-04 22:49:45
2026-03-18,XLK,139.30999755859375,140.07000732421875,137.92999267578125,137.9600067138672,12634500,137.78869115264226,0.0,1.0,yahoo,2026-05-04 22:49:45
2026-03-19,XLK,136.0,139.1699981689453,135.44000244140625,138.42999267578125,18087900,138.25809349680543,0.0,1.0,yahoo,2026-05-04 22:49:45
2026-03-20,XLK,137.97999572753906,137.97999572753906,134.32000732421875,135.2899932861328,27251800,135.1219932861328,0.0,1.0,yahoo,2026-05-04 22:49:45
2026-03-23,XLK,137.5,139.1999969482422,136.22000122070312,136.9499969482422,21818500,136.9499969482422,0.168,1.0,yahoo,2026-05-04 22:49:45
2026-03-24,XLK,136.0500030517578,136.9199981689453,134.8699951171875,136.14999389648438,16843900,136.14999389648438,0.0,1.0,yahoo,2026-05-04 22:49:45
2026-03-25,XLK,137.2899932861328,138.0,136.27999877929688,136.75999450683594,13872400,136.75999450683594,0.0,1.0,yahoo,2026-05-04 22:49:45
2026-03-26,XLK,135.17999267578125,135.52000427246094,132.4199981689453,132.5,15434600,132.5,0.0,1.0,yahoo,2026-05-04 22:49:45
2026-03-27,XLK,131.52999877929688,132.0500030517578,129.5800018310547,129.9199981689453,15895200,129.9199981689453,0.0,1.0,yahoo,2026-05-04 22:49:45
2026-03-30,XLK,131.27000427246094,131.5500030517578,126.68000030517578,127.5,18830000,127.5,0.0,1.0,yahoo,2026-05-04 22:49:45
2026-03-31,XLK,129.14999389648438,133.22000122070312,128.97999572753906,132.89999389648438,19405300,132.89999389648438,0.0,1.0,yahoo,2026-05-04 22:49:45
2026-04-01,XLK,134.1199951171875,136.0500030517578,133.75999450683594,134.91000366210938,17050100,134.91000366210938,0.0,1.0,yahoo,2026-05-04 22:49:45
2026-04-02,XLK,131.91000366210938,136.0399932861328,131.35000610351562,135.99000549316406,12266200,135.99000549316406,0.0,1.0,yahoo,2026-05-04 22:49:45
2026-04-06,XLK,136.47999572753906,137.25,135.7100067138672,136.77999877929688,10147600,136.77999877929688,0.0,1.0,yahoo,2026-05-04 22:49:45
2026-04-07,XLK,136.1699981689453,137.49000549316406,134.11000061035156,137.42999267578125,8585500,137.42999267578125,0.0,1.0,yahoo,2026-05-04 22:49:45
2026-04-08,XLK,143.1300048828125,143.55999755859375,140.74000549316406,141.69000244140625,13359000,141.69000244140625,0.0,1.0,yahoo,2026-05-04 22:49:45
2026-04-09,XLK,141.75999450683594,142.19000244140625,140.35000610351562,142.07000732421875,8235100,142.07000732421875,0.0,1.0,yahoo,2026-05-04 22:49:45
2026-04-10,XLK,142.5,143.55999755859375,141.9199981689453,142.6199951171875,9310100,142.6199951171875,0.0,1.0,yahoo,2026-05-04 22:49:45
2026-04-13,XLK,142.3300018310547,145.6699981689453,142.1300048828125,145.61000061035156,10407700,145.61000061035156,0.0,1.0,yahoo,2026-05-04 22:49:45
2026-04-14,XLK,146.89999389648438,147.94000244140625,146.0800018310547,147.94000244140625,10183300,147.94000244140625,0.0,1.0,yahoo,2026-05-04 22:49:45
2026-04-15,XLK,148.27000427246094,150.3699951171875,147.9600067138672,150.3000030517578,10622500,150.3000030517578,0.0,1.0,yahoo,2026-05-04 22:49:45
2026-04-16,XLK,150.99000549316406,152.17999267578125,149.75,152.02000427246094,11778000,152.02000427246094,0.0,1.0,yahoo,2026-05-04 22:49:45
2026-04-17,XLK,154.05999755859375,154.80999755859375,153.50999450683594,154.35000610351562,10630400,154.35000610351562,0.0,1.0,yahoo,2026-05-04 22:49:45
2026-04-20,XLK,154.3000030517578,154.75,153.0399932861328,154.55999755859375,8131600,154.55999755859375,0.0,1.0,yahoo,2026-05-04 22:49:45
2026-04-21,XLK,155.0,156.07000732421875,154.14999389648438,154.69000244140625,12657300,154.69000244140625,0.0,1.0,yahoo,2026-05-04 22:49:45
2026-04-22,XLK,156.22000122070312,158.16000366210938,155.52000427246094,158.08999633789062,13830400,158.08999633789062,0.0,1.0,yahoo,2026-05-04 22:49:45
2026-04-23,XLK,156.77000427246094,157.8000030517578,153.9499969482422,155.83999633789062,12151400,155.83999633789062,0.0,1.0,yahoo,2026-05-04 22:49:45
2026-04-24,XLK,158.42999267578125,160.39999389648438,157.60000610351562,160.22000122070312,11059800,160.22000122070312,0.0,1.0,yahoo,2026-05-04 22:49:45
2026-04-27,XLK,160.02000427246094,160.6199951171875,158.80999755859375,160.57000732421875,8963900,160.57000732421875,0.0,1.0,yahoo,2026-05-04 22:49:45
2026-04-28,XLK,157.11000061035156,158.63999938964844,156.16000366210938,157.85000610351562,9253000,157.85000610351562,0.0,1.0,yahoo,2026-05-04 22:49:45
2026-04-29,XLK,158.8300018310547,159.14999389648438,157.75,159.11000061035156,7506900,159.11000061035156,0.0,1.0,yahoo,2026-05-04 22:49:45
2026-04-30,XLK,159.64999389648438,159.8000030517578,156.8800048828125,159.5,9276400,159.5,0.0,1.0,yahoo,2026-05-04 22:49:45
2026-05-01,XLK,160.38999938964844,162.2899932861328,160.13999938964844,161.8699951171875,10161800,161.8699951171875,0.0,1.0,yahoo,2026-05-04 22:49:45
2026-05-04,XLK,162.7100067138672,163.24000549316406,160.8800048828125,162.0500030517578,10736300,162.0500030517578,0.0,1.0,yahoo,2026-05-04 22:49:45
2026-05-05,XLK,163.8699951171875,166.02000427246094,163.52000427246094,165.6300048828125,9789100,165.6300048828125,0.0,1.0,yahoo,2026-05-06 07:22:12
