date,symbol,open,high,low,close,volume,adjusted,divd,split,source,recordDate
2006-06-22,XRT,18.530000686645508,18.56999969482422,18.459999084472656,18.559999465942383,10200,14.59740241464078,0.0,1.0,yahoo,2023-12-13 16:42:28
2006-06-23,XRT,18.645000457763672,18.645000457763672,18.645000457763672,18.645000457763672,50000,14.664255524498666,0.0,1.0,yahoo,2023-12-13 16:42:28
2006-06-26,XRT,18.645000457763672,18.645000457763672,18.645000457763672,18.645000457763672,0,14.664255524498666,0.0,1.0,yahoo,2023-12-13 16:42:28
2006-06-27,XRT,18.350000381469727,18.38999938964844,18.290000915527344,18.295000076293945,142000,14.388980925328198,0.0,1.0,yahoo,2023-12-13 16:42:28
2006-06-28,XRT,18.350000381469727,18.350000381469727,18.18000030517578,18.290000915527344,83000,14.385049095395795,0.0,1.0,yahoo,2023-12-13 16:42:28
2006-06-29,XRT,18.459999084472656,18.7549991607666,18.34000015258789,18.7549991607666,278000,14.750769284144445,0.0,1.0,yahoo,2023-12-13 16:42:28
2006-06-30,XRT,18.854999542236328,18.854999542236328,18.77499961853028,18.809999465942383,758200,14.794026914030274,0.0,1.0,yahoo,2023-12-13 16:42:28
2006-07-03,XRT,18.809999465942383,18.809999465942383,18.809999465942383,18.809999465942383,0,14.794026914030274,0.0,1.0,yahoo,2023-12-13 16:42:28
2006-07-05,XRT,18.655000686645508,18.655000686645508,18.420000076293945,18.56999969482422,234000,14.605267574631466,0.0,1.0,yahoo,2023-12-13 16:42:28
2006-07-06,XRT,18.59000015258789,18.674999237060547,18.55500030517578,18.674999237060547,170400,14.687849504344841,0.0,1.0,yahoo,2023-12-13 16:42:28
2006-07-07,XRT,18.530000686645508,18.64999961853028,18.489999771118164,18.530000686645508,254000,14.573808434794604,0.0,1.0,yahoo,2023-12-13 16:42:28
2006-07-10,XRT,18.655000686645508,18.780000686645508,18.584999084472656,18.64999961853028,697200,14.668187354431074,0.0,1.0,yahoo,2023-12-13 16:42:28
2006-07-11,XRT,18.5,18.655000686645508,18.3799991607666,18.64999961853028,193000,14.668187354431074,0.0,1.0,yahoo,2023-12-13 16:42:28
2006-07-12,XRT,18.57999992370605,18.57999992370605,18.200000762939453,18.21500015258789,250000,14.326061145528595,0.0,1.0,yahoo,2023-12-13 16:42:28
2006-07-13,XRT,18.03499984741211,18.11000061035156,17.895000457763672,17.950000762939453,562200,14.117639656216014,0.0,1.0,yahoo,2023-12-13 16:42:28
2006-07-14,XRT,17.875,17.875,17.604999542236328,17.69499969482422,264800,13.917081826768237,0.0,1.0,yahoo,2023-12-13 16:42:28
2006-07-17,XRT,17.729999542236328,17.8799991607666,17.700000762939453,17.760000228881836,112600,13.968204616644751,0.0,1.0,yahoo,2023-12-13 16:42:28
2006-07-18,XRT,17.739999771118164,17.739999771118164,17.290000915527344,17.5049991607666,399200,13.767646787196975,0.0,1.0,yahoo,2023-12-13 16:42:28
2006-07-19,XRT,17.639999389648438,17.975000381469727,17.639999389648438,17.924999237060547,294800,14.09797600617636,0.0,1.0,yahoo,2023-12-13 16:42:28
2006-07-20,XRT,17.989999771118164,17.9950008392334,17.700000762939453,17.700000762939453,509200,13.92101515682652,0.0,1.0,yahoo,2023-12-13 16:42:28
2006-07-21,XRT,17.565000534057617,17.575000762939453,17.424999237060547,17.475000381469727,330600,13.7440528073508,0.0,1.0,yahoo,2023-12-13 16:42:28
2006-07-24,XRT,17.704999923706055,17.889999389648438,17.674999237060547,17.864999771118164,261800,14.050786546358127,0.0,1.0,yahoo,2023-12-13 16:42:28
2006-07-25,XRT,18.0049991607666,18.09499931335449,17.80500030517578,18.03499984741211,1268200,14.184491265948019,0.0,1.0,yahoo,2023-12-13 16:42:28
2006-07-26,XRT,17.84000015258789,17.844999313354492,17.674999237060547,17.674999237060547,479800,13.901351506786867,0.0,1.0,yahoo,2023-12-13 16:42:28
2006-07-27,XRT,17.655000686645508,17.725000381469727,17.434999465942383,17.440000534057617,72600,13.71652549744634,0.0,1.0,yahoo,2023-12-13 16:42:28
2006-07-28,XRT,17.5049991607666,17.690000534057617,17.4950008392334,17.645000457763672,928600,13.87775752694069,0.0,1.0,yahoo,2023-12-13 16:42:28
2006-07-31,XRT,17.780000686645508,17.905000686645508,17.71500015258789,17.809999465942383,1606600,14.007528916472298,0.0,1.0,yahoo,2023-12-13 16:42:28
2006-08-01,XRT,17.584999084472656,17.594999313354492,17.360000610351562,17.454999923706055,315600,13.728322487369429,0.0,1.0,yahoo,2023-12-13 16:42:28
2006-08-02,XRT,17.55500030517578,17.604999542236328,17.440000534057617,17.520000457763672,1385200,13.779445277245943,0.0,1.0,yahoo,2023-12-13 16:42:28
2006-08-03,XRT,17.415000915527344,18.030000686645508,17.415000915527344,17.920000076293945,1920400,14.094044176243957,0.0,1.0,yahoo,2023-12-13 16:42:28
2006-08-04,XRT,18.184999465942383,18.26000022888184,17.834999084472656,17.94499969482422,956400,14.11370632615773,0.0,1.0,yahoo,2023-12-13 16:42:28
2006-08-07,XRT,17.78499984741211,17.924999237060547,17.7549991607666,17.8799991607666,931000,14.062583536281215,0.0,1.0,yahoo,2023-12-13 16:42:28
2006-08-08,XRT,17.81999969482422,17.895000457763672,17.594999313354492,17.594999313354492,689200,13.838431726987263,0.0,1.0,yahoo,2023-12-13 16:42:28
2006-08-09,XRT,17.799999237060547,17.80500030517578,17.40999984741211,17.40999984741211,1684800,13.692930017474284,0.0,1.0,yahoo,2023-12-13 16:42:28
2006-08-10,XRT,17.44499969482422,17.829999923706055,17.43000030517578,17.809999465942383,1283200,14.007528916472298,0.0,1.0,yahoo,2023-12-13 16:42:28
2006-08-11,XRT,17.809999465942383,17.81999969482422,17.704999923706055,17.704999923706055,292000,13.924946986758922,0.0,1.0,yahoo,2023-12-13 16:42:28
2006-08-14,XRT,17.889999389648438,18.0,17.81999969482422,17.84000015258789,192800,14.031124396444355,0.0,1.0,yahoo,2023-12-13 16:42:28
2006-08-15,XRT,18.020000457763672,18.20499992370605,17.9950008392334,18.20499992370605,562000,14.318195985537907,0.0,1.0,yahoo,2023-12-13 16:42:28
2006-08-16,XRT,18.30500030517578,18.6200008392334,18.225000381469727,18.55500030517578,1124800,14.593470584708378,0.0,1.0,yahoo,2023-12-13 16:42:28
2006-08-17,XRT,18.56999969482422,18.82999992370605,18.559999465942383,18.65999984741211,844200,14.676052514421754,0.0,1.0,yahoo,2023-12-13 16:42:28
2006-08-18,XRT,18.75,18.75,18.520000457763672,18.670000076293945,855000,14.68391767441244,0.0,1.0,yahoo,2023-12-13 16:42:28
2006-08-21,XRT,18.395000457763672,18.420000076293945,18.34499931335449,18.39999961853028,423000,14.47156285504158,0.0,1.0,yahoo,2023-12-13 16:42:28
2006-08-22,XRT,18.38500022888184,18.38500022888184,18.26000022888184,18.30500030517578,406200,14.396846085318883,0.0,1.0,yahoo,2023-12-13 16:42:28
2006-08-23,XRT,18.225000381469727,18.26000022888184,18.0,18.059999465942383,1045400,14.204153415861793,0.0,1.0,yahoo,2023-12-13 16:42:28
2006-08-24,XRT,17.875,17.875,17.7450008392334,17.809999465942383,642400,14.007528916472298,0.0,1.0,yahoo,2023-12-13 16:42:28
2006-08-25,XRT,17.764999389648438,17.78499984741211,17.65999984741211,17.7549991607666,1491800,13.964271286586468,0.0,1.0,yahoo,2023-12-13 16:42:28
2006-08-28,XRT,17.924999237060547,18.06999969482422,17.924999237060547,17.93000030517578,623200,14.101909336234643,0.0,1.0,yahoo,2023-12-13 16:42:28
2006-08-29,XRT,18.049999237060547,18.09000015258789,17.889999389648438,18.07999992370605,1020000,14.21988373584316,0.0,1.0,yahoo,2023-12-13 16:42:28
2006-08-30,XRT,18.07999992370605,18.145000457763672,18.03499984741211,18.13999938964844,527800,14.267073195661398,0.0,1.0,yahoo,2023-12-13 16:42:28
2006-08-31,XRT,18.225000381469727,18.23500061035156,18.14999961853028,18.170000076293945,1001000,14.290668675633452,0.0,1.0,yahoo,2023-12-13 16:42:28
2006-09-01,XRT,18.209999084472656,18.299999237060547,18.11000061035156,18.26499938964844,430800,14.365385445356145,0.0,1.0,yahoo,2023-12-13 16:42:28
2006-09-05,XRT,18.290000915527344,18.40999984741211,18.290000915527344,18.405000686645508,532200,14.475496185099857,0.0,1.0,yahoo,2023-12-13 16:42:28
2006-09-06,XRT,18.309999465942383,18.325000762939453,18.165000915527344,18.170000076293945,1118800,14.290668675633452,0.0,1.0,yahoo,2023-12-13 16:42:28
2006-09-07,XRT,18.184999465942383,18.34000015258789,18.049999237060547,18.20499992370605,991400,14.318195985537907,0.0,1.0,yahoo,2023-12-13 16:42:28
2006-09-08,XRT,18.21999931335449,18.5,18.20499992370605,18.5,1854400,14.550212954822548,0.0,1.0,yahoo,2023-12-13 16:42:28
2006-09-11,XRT,18.405000686645508,18.76000022888184,18.350000381469727,18.69499969482422,273200,14.703579824326212,0.0,1.0,yahoo,2023-12-13 16:42:28
2006-09-12,XRT,18.770000457763672,19.225000381469727,18.76499938964844,19.184999465942383,782800,15.088963663114514,0.0,1.0,yahoo,2023-12-13 16:42:28
2006-09-13,XRT,19.170000076293945,19.30500030517578,19.1200008392334,19.26000022888184,1550800,15.147951612981718,0.0,1.0,yahoo,2023-12-13 16:42:28
2006-09-14,XRT,19.270000457763672,19.309999465942383,19.1200008392334,19.27499961853028,1101000,15.15974860290481,0.0,1.0,yahoo,2023-12-13 16:42:28
2006-09-15,XRT,19.46500015258789,19.46500015258789,19.225000381469727,19.354999542236328,741600,15.2285939057422,0.0075,1.0,yahoo,2023-12-13 16:42:28
2006-09-18,XRT,19.280000686645508,19.434999465942383,19.20499992370605,19.350000381469727,810400,15.224660545319331,0.0,1.0,yahoo,2023-12-13 16:42:28
2006-09-19,XRT,19.459999084472656,19.48500061035156,19.209999084472656,19.48500061035156,1659800,15.33087928525458,0.0,1.0,yahoo,2023-12-13 16:42:28
2006-09-20,XRT,19.69499969482422,19.8700008392334,19.684999465942383,19.799999237060547,458200,15.578721511060357,0.0,1.0,yahoo,2023-12-13 16:42:28
2006-09-21,XRT,19.924999237060547,19.924999237060547,19.489999771118164,19.565000534057617,467800,15.393823556989197,0.0,1.0,yahoo,2023-12-13 16:42:28
2006-09-22,XRT,19.424999237060547,19.540000915527344,19.30500030517578,19.530000686645508,1441600,15.366285531899667,0.0,1.0,yahoo,2023-12-13 16:42:28
2006-09-25,XRT,19.6299991607666,19.864999771118164,19.5049991607666,19.864999771118164,1005400,15.629864200816549,0.0,1.0,yahoo,2023-12-13 16:42:28
2006-09-26,XRT,19.864999771118164,19.934999465942383,19.7450008392334,19.895000457763672,368400,15.653468865483209,0.0,1.0,yahoo,2023-12-13 16:42:28
2006-09-27,XRT,19.920000076293945,19.9950008392334,19.7450008392334,19.81999969482422,518200,15.594457954171464,0.0,1.0,yahoo,2023-12-13 16:42:28
2006-09-28,XRT,19.89999961853028,19.915000915527344,19.64999961853028,19.915000915527344,824600,15.669205308594316,0.0,1.0,yahoo,2023-12-13 16:42:28
2006-09-29,XRT,19.940000534057617,19.940000534057617,19.625,19.645000457763672,983000,15.456767828723812,0.0,1.0,yahoo,2023-12-13 16:42:28
2006-10-02,XRT,19.645000457763672,19.8799991607666,19.584999084472656,19.700000762939453,197000,15.50004229692445,0.0,1.0,yahoo,2023-12-13 16:42:28
2006-10-03,XRT,19.604999542236328,20.01499938964844,19.59000015258789,19.979999542236328,658000,15.720346497640694,0.0,1.0,yahoo,2023-12-13 16:42:28
2006-10-04,XRT,19.90999984741211,20.354999542236328,19.850000381469727,20.34499931335449,994000,16.007529831224232,0.0,1.0,yahoo,2023-12-13 16:42:28
2006-10-05,XRT,20.21500015258789,20.334999084472656,20.075000762939453,20.325000762939453,2120600,15.991794888822943,0.0,1.0,yahoo,2023-12-13 16:42:28
2006-10-06,XRT,20.125,20.184999465942383,20.01000022888184,20.11000061035156,827800,15.822631877153073,0.0,1.0,yahoo,2023-12-13 16:42:28
2006-10-09,XRT,20.01499938964844,20.309999465942383,19.989999771118164,20.2450008392334,299200,15.92885061708833,0.0,1.0,yahoo,2023-12-13 16:42:28
2006-10-10,XRT,20.2549991607666,20.34499931335449,20.19499969482422,20.225000381469727,1599400,15.913114173977222,0.0,1.0,yahoo,2023-12-13 16:42:28
2006-10-11,XRT,20.229999542236328,20.299999237060547,20.170000076293945,20.209999084472656,89400,15.901311091288985,0.0,1.0,yahoo,2023-12-13 16:42:28
2006-10-12,XRT,20.299999237060547,20.670000076293945,20.299999237060547,20.665000915527344,241400,16.25930841887251,0.0,1.0,yahoo,2023-12-13 16:42:28
2006-10-13,XRT,20.63500022888184,20.709999084472656,20.614999771118164,20.690000534057617,131400,16.278978222406487,0.0,1.0,yahoo,2023-12-13 16:42:28
2006-10-16,XRT,20.674999237060547,20.76499938964844,20.614999771118164,20.729999542236328,266000,16.310449607918887,0.0,1.0,yahoo,2023-12-13 16:42:28
2006-10-17,XRT,20.709999084472656,20.709999084472656,20.334999084472656,20.52499961853028,270200,16.14915481780458,0.0,1.0,yahoo,2023-12-13 16:42:28
2006-10-18,XRT,20.790000915527344,20.790000915527344,20.459999084472656,20.530000686645508,725000,16.153089678937256,0.0,1.0,yahoo,2023-12-13 16:42:28
2006-10-19,XRT,20.549999237060547,20.63500022888184,20.395000457763672,20.434999465942383,269400,16.078342324514406,0.0,1.0,yahoo,2023-12-13 16:42:28
2006-10-20,XRT,20.530000686645508,20.530000686645508,20.350000381469727,20.434999465942383,177000,16.078342324514406,0.0,1.0,yahoo,2023-12-13 16:42:28
2006-10-23,XRT,20.459999084472656,20.86000061035156,20.415000915527344,20.799999237060547,814200,16.365525658097948,0.0,1.0,yahoo,2023-12-13 16:42:28
2006-10-24,XRT,20.825000762939453,20.850000381469727,20.6200008392334,20.75,633000,16.326186051029993,0.0,1.0,yahoo,2023-12-13 16:42:28
2006-10-25,XRT,20.799999237060547,20.82999992370605,20.48500061035156,20.57999992370605,500600,16.192429286005208,0.0,1.0,yahoo,2023-12-13 16:42:28
2006-10-26,XRT,20.684999465942383,20.94499969482422,20.549999237060547,20.94499969482422,89800,16.479612619588753,0.0,1.0,yahoo,2023-12-13 16:42:28
2006-10-27,XRT,20.76499938964844,20.88500022888184,20.645000457763672,20.645000457763672,639600,16.2435719757614,0.0,1.0,yahoo,2023-12-13 16:42:28
2006-10-30,XRT,20.51000022888184,20.88999938964844,20.51000022888184,20.854999542236328,519600,16.408800126298583,0.0,1.0,yahoo,2023-12-13 16:42:28
2006-10-31,XRT,20.950000762939453,20.950000762939453,20.600000381469727,20.69499969482422,434200,16.282911582829357,0.0,1.0,yahoo,2023-12-13 16:42:28
2006-11-01,XRT,20.674999237060547,20.674999237060547,20.229999542236328,20.23500061035156,543000,15.920982395532773,0.0,1.0,yahoo,2023-12-13 16:42:28
2006-11-02,XRT,19.905000686645508,20.229999542236328,19.89999961853028,20.104999542236328,1506000,15.818697016020392,0.0,1.0,yahoo,2023-12-13 16:42:28
2006-11-03,XRT,20.21999931335449,20.21999931335449,19.73500061035156,19.924999237060547,307800,15.677072029440057,0.0,1.0,yahoo,2023-12-13 16:42:28
2006-11-06,XRT,19.979999542236328,20.21999931335449,19.979999542236328,20.14999961853028,198400,15.854103262665483,0.0,1.0,yahoo,2023-12-13 16:42:28
2006-11-07,XRT,20.25,20.45499992370605,20.25,20.30500030517578,115400,15.976058445711836,0.0,1.0,yahoo,2023-12-13 16:42:28
2006-11-08,XRT,20.19499969482422,20.48500061035156,20.19499969482422,20.43000030517578,294200,16.074408964091536,0.0,1.0,yahoo,2023-12-13 16:42:28
2006-11-09,XRT,20.520000457763672,20.520000457763672,20.239999771118164,20.290000915527344,657400,15.964256863733413,0.0,1.0,yahoo,2023-12-13 16:42:28
2006-11-10,XRT,20.395000457763672,20.64999961853028,20.36000061035156,20.645000457763672,573200,16.2435719757614,0.0,1.0,yahoo,2023-12-13 16:42:28
2006-11-13,XRT,20.665000915527344,20.84000015258789,20.51499938964844,20.51499938964844,177400,16.14128659624902,0.0,1.0,yahoo,2023-12-13 16:42:28
2006-11-14,XRT,20.725000381469727,20.940000534057617,20.56999969482422,20.940000534057617,306800,16.475679259165883,0.0,1.0,yahoo,2023-12-13 16:42:28
2006-11-15,XRT,20.950000762939453,21.06999969482422,20.84499931335449,20.850000381469727,598200,16.404866765875717,0.0,1.0,yahoo,2023-12-13 16:42:28
2006-11-16,XRT,20.790000915527344,20.875,20.674999237060547,20.84000015258789,2735800,16.396998544320162,0.0,1.0,yahoo,2023-12-13 16:42:28
2006-11-17,XRT,20.850000381469727,20.850000381469727,20.559999465942383,20.645000457763672,766200,16.2435719757614,0.0,1.0,yahoo,2023-12-13 16:42:28
2006-11-20,XRT,20.655000686645508,20.700000762939453,20.5049991607666,20.549999237060547,247800,16.16882462133855,0.0,1.0,yahoo,2023-12-13 16:42:28
2006-11-21,XRT,20.549999237060547,20.674999237060547,20.549999237060547,20.655000686645508,37400,16.251440197316956,0.0,1.0,yahoo,2023-12-13 16:42:28
2006-11-22,XRT,20.674999237060547,20.795000076293945,20.674999237060547,20.795000076293945,214600,16.361592297675077,0.0,1.0,yahoo,2023-12-13 16:42:28
2006-11-24,XRT,20.665000915527344,20.73500061035156,20.61000061035156,20.71500015258789,11200,16.298648025940462,0.0,1.0,yahoo,2023-12-13 16:42:28
2006-11-27,XRT,20.65999984741211,20.71500015258789,20.315000534057617,20.315000534057617,546400,15.98392666726739,0.0,1.0,yahoo,2023-12-13 16:42:28
2006-11-28,XRT,20.225000381469727,20.30500030517578,20.170000076293945,20.239999771118164,274200,15.924915755955645,0.0,1.0,yahoo,2023-12-13 16:42:28
2006-11-29,XRT,20.5,20.6299991607666,20.44499969482422,20.59499931335449,897600,16.204230867983632,0.0,1.0,yahoo,2023-12-13 16:42:28
2006-11-30,XRT,20.325000762939453,20.46999931335449,20.23500061035156,20.38999938964844,1010200,16.042936077869324,0.0,1.0,yahoo,2023-12-13 16:42:28
2006-12-01,XRT,20.52499961853028,20.52499961853028,20.049999237060547,20.26499938964844,3178400,15.944585559489624,0.0,1.0,yahoo,2023-12-13 16:42:28
2006-12-04,XRT,20.38999938964844,20.7549991607666,20.38999938964844,20.729999542236328,712800,16.310449607918887,0.0,1.0,yahoo,2023-12-13 16:42:28
2006-12-05,XRT,20.73500061035156,20.89999961853028,20.690000534057617,20.790000915527344,986200,16.357658937252207,0.0,1.0,yahoo,2023-12-13 16:42:28
2006-12-06,XRT,20.77499961853028,20.84000015258789,20.70499992370605,20.709999084472656,1011800,16.294713164807778,0.0,1.0,yahoo,2023-12-13 16:42:28
2006-12-07,XRT,20.854999542236328,20.88999938964844,20.700000762939453,20.700000762939453,320800,16.28684644396204,0.0,1.0,yahoo,2023-12-13 16:42:28
2006-12-08,XRT,20.665000915527344,20.739999771118164,20.6200008392334,20.645000457763672,257000,16.2435719757614,0.0,1.0,yahoo,2023-12-13 16:42:28
2006-12-11,XRT,20.6299991607666,20.729999542236328,20.6299991607666,20.70499992370605,563400,16.290779804384908,0.0,1.0,yahoo,2023-12-13 16:42:28
2006-12-12,XRT,20.729999542236328,20.729999542236328,20.43000030517578,20.51499938964844,1268400,16.14128659624902,0.0,1.0,yahoo,2023-12-13 16:42:28
2006-12-13,XRT,20.68000030517578,20.700000762939453,20.520000457763672,20.59499931335449,355200,16.204230867983632,0.0,1.0,yahoo,2023-12-13 16:42:28
2006-12-14,XRT,20.725000381469727,20.93000030517578,20.725000381469727,20.88999938964844,250800,16.436338151388117,0.0,1.0,yahoo,2023-12-13 16:42:28
2006-12-15,XRT,21.0,21.020000457763672,20.77499961853028,20.790000915527344,712200,16.38354006880161,0.033,1.0,yahoo,2023-12-13 16:42:28
2006-12-18,XRT,20.825000762939453,20.82999992370605,20.46500015258789,20.46500015258789,173600,16.127423532604983,0.0,1.0,yahoo,2023-12-13 16:42:28
2006-12-19,XRT,20.200000762939453,20.43000030517578,20.165000915527344,20.354999542236328,534200,16.040737658245956,0.0,1.0,yahoo,2023-12-13 16:42:28
2006-12-20,XRT,20.364999771118164,20.6200008392334,20.364999771118164,20.489999771118164,774800,16.14712445775451,0.0,1.0,yahoo,2023-12-13 16:42:28
2006-12-21,XRT,20.55500030517578,20.565000534057617,20.325000762939453,20.34499931335449,186000,16.03285698756929,0.0,1.0,yahoo,2023-12-13 16:42:28
2006-12-22,XRT,20.364999771118164,20.46999931335449,20.31999969482422,20.350000381469727,938200,16.036798074449745,0.0,1.0,yahoo,2023-12-13 16:42:28
2006-12-26,XRT,20.325000762939453,20.36000061035156,20.21999931335449,20.295000076293945,1442800,15.993455137270232,0.0,1.0,yahoo,2023-12-13 16:42:28
2006-12-27,XRT,20.3799991607666,20.540000915527344,20.350000381469727,20.52499961853028,591000,16.17470605358071,0.0,1.0,yahoo,2023-12-13 16:42:28
2006-12-28,XRT,20.520000457763672,20.530000686645508,20.39999961853028,20.44499969482422,913200,16.11166219125166,0.0,1.0,yahoo,2023-12-13 16:42:28
2006-12-29,XRT,20.434999465942383,20.540000915527344,20.30500030517578,20.30500030517578,667400,16.00133580794689,0.0,1.0,yahoo,2023-12-13 16:42:28
2007-01-03,XRT,20.63500022888184,20.76499938964844,20.299999237060547,20.36000061035156,2508800,16.0446787451264,0.0,1.0,yahoo,2023-12-13 16:42:28
2007-01-04,XRT,20.450000762939453,20.729999542236328,20.415000915527344,20.71500015258789,3252000,16.324435790268776,0.0,1.0,yahoo,2023-12-13 16:42:28
2007-01-05,XRT,20.64999961853028,20.674999237060547,20.375,20.43000030517578,669600,16.099841936778787,0.0,1.0,yahoo,2023-12-13 16:42:28
2007-01-08,XRT,20.34499931335449,20.55500030517578,20.315000534057617,20.459999084472656,2671800,16.12348244572453,0.0,1.0,yahoo,2023-12-13 16:42:28
2007-01-09,XRT,20.540000915527344,20.69499969482422,20.46500015258789,20.670000076293945,1012800,16.28897352376592,0.0,1.0,yahoo,2023-12-13 16:42:28
2007-01-10,XRT,20.565000534057617,20.76000022888184,20.565000534057617,20.729999542236328,1188000,16.336256044741646,0.0,1.0,yahoo,2023-12-13 16:42:28
2007-01-11,XRT,20.770000457763672,21.13500022888184,20.770000457763672,21.104999542236328,496000,16.63177443123734,0.0,1.0,yahoo,2023-12-13 16:42:28
2007-01-12,XRT,21.170000076293945,21.27499961853028,21.045000076293945,21.229999542236328,491200,16.730280560069236,0.0,1.0,yahoo,2023-12-13 16:42:28
2007-01-16,XRT,21.350000381469727,21.3799991607666,21.145000457763672,21.209999084472656,1025600,16.714519218715914,0.0,1.0,yahoo,2023-12-13 16:42:28
2007-01-17,XRT,21.13500022888184,21.225000381469727,21.07999992370605,21.100000381469727,1224600,16.62783484744113,0.0,1.0,yahoo,2023-12-13 16:42:28
2007-01-18,XRT,21.100000381469727,21.190000534057617,21.03499984741211,21.100000381469727,1074000,16.62783484744113,0.0,1.0,yahoo,2023-12-13 16:42:28
2007-01-19,XRT,21.049999237060547,21.049999237060547,20.864999771118164,20.9950008392334,1212400,16.545090059962554,0.0,1.0,yahoo,2023-12-13 16:42:28
2007-01-22,XRT,20.88999938964844,20.88999938964844,20.674999237060547,20.81999969482422,2547800,16.40718057774735,0.0,1.0,yahoo,2023-12-13 16:42:28
2007-01-23,XRT,20.790000915527344,20.920000076293945,20.729999542236328,20.815000534057617,976400,16.40324099395114,0.0,1.0,yahoo,2023-12-13 16:42:28
2007-01-24,XRT,20.95499992370605,21.05500030517578,20.920000076293945,21.01000022888184,114400,16.556910314435427,0.0,1.0,yahoo,2023-12-13 16:42:28
2007-01-25,XRT,20.905000686645508,20.905000686645508,20.625,20.684999465942383,739200,16.300793778238795,0.0,1.0,yahoo,2023-12-13 16:42:28
2007-01-26,XRT,20.645000457763672,20.71999931335449,20.545000076293945,20.69499969482422,1116800,16.308674448915454,0.0,1.0,yahoo,2023-12-13 16:42:28
2007-01-29,XRT,20.68000030517578,20.84499931335449,20.68000030517578,20.799999237060547,558600,16.39141923639403,0.0,1.0,yahoo,2023-12-13 16:42:28
2007-01-30,XRT,20.82999992370605,20.82999992370605,20.71500015258789,20.77499961853028,1808600,16.371718311244503,0.0,1.0,yahoo,2023-12-13 16:42:28
2007-01-31,XRT,20.739999771118164,21.049999237060547,20.700000762939453,20.979999542236328,1344800,16.533268302405443,0.0,1.0,yahoo,2023-12-13 16:42:28
2007-02-01,XRT,21.14999961853028,21.46999931335449,21.14999961853028,21.270000457763672,650600,16.76180324277588,0.0,1.0,yahoo,2023-12-13 16:42:28
2007-02-02,XRT,21.38500022888184,21.38500022888184,21.27499961853028,21.30500030517578,1384600,16.78938483860207,0.0,1.0,yahoo,2023-12-13 16:42:28
2007-02-05,XRT,21.350000381469727,21.350000381469727,21.209999084472656,21.25,218800,16.746041901422558,0.0,1.0,yahoo,2023-12-13 16:42:28
2007-02-06,XRT,21.295000076293945,21.415000915527344,21.23500061035156,21.40999984741211,940200,16.872129626080646,0.0,1.0,yahoo,2023-12-13 16:42:28
2007-02-07,XRT,21.40999984741211,21.59000015258789,21.350000381469727,21.479999542236328,955400,16.92729281773303,0.0,1.0,yahoo,2023-12-13 16:42:28
2007-02-08,XRT,21.475000381469727,21.614999771118164,21.45499992370605,21.5,1439800,16.94305415908635,0.0,1.0,yahoo,2023-12-13 16:42:28
2007-02-09,XRT,21.540000915527344,21.540000915527344,21.2450008392334,21.364999771118164,799400,16.836667359577795,0.0,1.0,yahoo,2023-12-13 16:42:28
2007-02-12,XRT,21.09499931335449,21.375,21.09499931335449,21.309999465942383,1797200,16.793324422398282,0.0,1.0,yahoo,2023-12-13 16:42:28
2007-02-13,XRT,21.36000061035156,21.4950008392334,21.354999542236328,21.40999984741211,391000,16.872129626080646,0.0,1.0,yahoo,2023-12-13 16:42:28
2007-02-14,XRT,21.434999465942383,21.64999961853028,21.434999465942383,21.600000381469727,895000,17.02185936276872,0.0,1.0,yahoo,2023-12-13 16:42:28
2007-02-15,XRT,21.56999969482422,21.75,21.545000076293945,21.70499992370605,308800,17.10460415024729,0.0,1.0,yahoo,2023-12-13 16:42:28
2007-02-16,XRT,21.655000686645508,21.77499961853028,21.6200008392334,21.7450008392334,821400,17.136126832953938,0.0,1.0,yahoo,2023-12-13 16:42:28
2007-02-20,XRT,21.729999542236328,22.09000015258789,21.64999961853028,21.950000762939453,1037800,17.29767682411488,0.0,1.0,yahoo,2023-12-13 16:42:28
2007-02-21,XRT,21.94499969482422,22.01000022888184,21.88999938964844,21.920000076293945,1245800,17.274034812084896,0.0,1.0,yahoo,2023-12-13 16:42:28
2007-02-22,XRT,21.895000457763672,21.96999931335449,21.700000762939453,21.82999992370605,623600,17.20311027907919,0.0,1.0,yahoo,2023-12-13 16:42:28
2007-02-23,XRT,21.76499938964844,21.76499938964844,21.59000015258789,21.71999931335449,1688400,17.116424404720163,0.0,1.0,yahoo,2023-12-13 16:42:28
2007-02-26,XRT,21.7450008392334,21.7450008392334,21.51000022888184,21.59499931335449,528600,17.017918275888263,0.0,1.0,yahoo,2023-12-13 16:42:28
2007-02-27,XRT,21.21500015258789,21.30500030517578,20.645000457763672,20.70499992370605,1533600,16.316555119592113,0.0,1.0,yahoo,2023-12-13 16:42:28
2007-02-28,XRT,20.674999237060547,21.06999969482422,20.670000076293945,21.0,759600,16.54902964375876,0.0,1.0,yahoo,2023-12-13 16:42:28
2007-03-01,XRT,20.34499931335449,20.94499969482422,20.299999237060547,20.799999237060547,2154600,16.39141923639403,0.0,1.0,yahoo,2023-12-13 16:42:28
2007-03-02,XRT,20.71500015258789,20.850000381469727,20.52499961853028,20.52499961853028,2203600,16.17470605358071,0.0,1.0,yahoo,2023-12-13 16:42:28
2007-03-05,XRT,20.28499984741211,20.459999084472656,20.07999992370605,20.09499931335449,992000,15.835844729905496,0.0,1.0,yahoo,2023-12-13 16:42:28
2007-03-06,XRT,20.364999771118164,20.51000022888184,20.15999984741211,20.39999961853028,1627000,16.076199924748813,0.0,1.0,yahoo,2023-12-13 16:42:28
2007-03-07,XRT,20.39999961853028,20.55500030517578,20.350000381469727,20.459999084472656,1742600,16.12348244572453,0.0,1.0,yahoo,2023-12-13 16:42:28
2007-03-08,XRT,20.854999542236328,21.20499992370605,20.700000762939453,20.815000534057617,1010400,16.40324099395114,0.0,1.0,yahoo,2023-12-13 16:42:28
2007-03-09,XRT,20.959999084472656,20.959999084472656,20.559999465942383,20.795000076293945,377200,16.387479652597822,0.0,1.0,yahoo,2023-12-13 16:42:28
2007-03-12,XRT,20.98500061035156,21.100000381469727,20.93000030517578,21.05500030517578,1325600,16.592372580938274,0.0,1.0,yahoo,2023-12-13 16:42:28
2007-03-13,XRT,20.89999961853028,20.9950008392334,20.604999542236328,20.604999542236328,1250400,16.23774991590975,0.0,1.0,yahoo,2023-12-13 16:42:28
2007-03-14,XRT,20.65999984741211,20.674999237060547,20.209999084472656,20.600000381469727,3716800,16.23381033211354,0.0,1.0,yahoo,2023-12-13 16:42:28
2007-03-15,XRT,20.690000534057617,20.82999992370605,20.674999237060547,20.790000915527344,1300000,16.38354006880161,0.0,1.0,yahoo,2023-12-13 16:42:28
2007-03-16,XRT,20.70499992370605,20.86000061035156,20.670000076293945,20.73500061035156,1042200,16.34766720529267,0.0095,1.0,yahoo,2023-12-13 16:42:28
2007-03-19,XRT,20.96999931335449,21.3700008392334,20.89999961853028,20.96999931335449,830800,16.53294236696541,0.0,1.0,yahoo,2023-12-13 16:42:28
2007-03-20,XRT,20.959999084472656,21.13999938964844,20.915000915527344,21.13999938964844,611400,16.666972007202823,0.0,1.0,yahoo,2023-12-13 16:42:28
2007-03-21,XRT,21.11000061035156,21.45499992370605,21.100000381469727,21.375,482400,16.85224867264695,0.0,1.0,yahoo,2023-12-13 16:42:28
2007-03-22,XRT,21.39999961853028,21.450000762939453,21.290000915527344,21.420000076293945,409600,16.887727151056012,0.0,1.0,yahoo,2023-12-13 16:42:28
2007-03-23,XRT,21.424999237060547,21.71999931335449,21.424999237060547,21.700000762939453,663200,17.108482294909205,0.0,1.0,yahoo,2023-12-13 16:42:28
2007-03-26,XRT,21.600000381469727,21.71999931335449,21.5,21.71500015258789,481600,17.120307953121763,0.0,1.0,yahoo,2023-12-13 16:42:28
2007-03-27,XRT,21.670000076293945,21.670000076293945,21.549999237060547,21.614999771118164,591600,17.041466722904808,0.0,1.0,yahoo,2023-12-13 16:42:28
2007-03-28,XRT,21.46500015258789,21.5,21.30500030517578,21.45499992370605,875000,16.915321356066237,0.0,1.0,yahoo,2023-12-13 16:42:28
2007-03-29,XRT,21.565000534057617,21.565000534057617,21.25,21.39999961853028,3168800,16.87195860425835,0.0,1.0,yahoo,2023-12-13 16:42:28
2007-03-30,XRT,21.415000915527344,21.6299991607666,21.350000381469727,21.530000686645508,997400,16.9744526546718,0.0,1.0,yahoo,2023-12-13 16:42:28
2007-04-02,XRT,21.614999771118164,21.700000762939453,21.545000076293945,21.700000762939453,1342600,17.108482294909205,0.0,1.0,yahoo,2023-12-13 16:42:28
2007-04-03,XRT,21.73500061035156,22.01000022888184,21.73500061035156,21.88999938964844,623800,17.258278978172893,0.0,1.0,yahoo,2023-12-13 16:42:28
2007-04-04,XRT,21.89999961853028,21.89999961853028,21.78499984741211,21.809999465942383,657200,17.195206294753604,0.0,1.0,yahoo,2023-12-13 16:42:28
2007-04-05,XRT,21.875,21.940000534057617,21.84499931335449,21.895000457763672,667000,17.262221866758,0.0,1.0,yahoo,2023-12-13 16:42:28
2007-04-09,XRT,21.940000534057617,22.040000915527344,21.84000015258789,22.0,666400,17.345004481788678,0.0,1.0,yahoo,2023-12-13 16:42:28
2007-04-10,XRT,22.02499961853028,22.09000015258789,21.950000762939453,21.979999542236328,1391000,17.329235934991008,0.0,1.0,yahoo,2023-12-13 16:42:28
2007-04-11,XRT,22.02499961853028,22.049999237060547,21.86000061035156,21.934999465942383,2046800,17.293757456581947,0.0,1.0,yahoo,2023-12-13 16:42:28
2007-04-12,XRT,21.77499961853028,22.104999542236328,21.6299991607666,21.96500015258789,2888000,17.31741027677845,0.0,1.0,yahoo,2023-12-13 16:42:28
2007-04-13,XRT,21.875,21.895000457763672,21.81999969482422,21.81999969482422,2096400,17.203090568152437,0.0,1.0,yahoo,2023-12-13 16:42:28
2007-04-16,XRT,22.0,22.06999969482422,21.905000686645508,22.01000022888184,914200,17.352888755187514,0.0,1.0,yahoo,2023-12-13 16:42:28
2007-04-17,XRT,22.030000686645508,22.09000015258789,21.924999237060547,22.01000022888184,726400,17.352888755187514,0.0,1.0,yahoo,2023-12-13 16:42:28
2007-04-18,XRT,21.875,21.959999084472656,21.809999465942383,21.89999961853028,148400,17.26616325157173,0.0,1.0,yahoo,2023-12-13 16:42:28
2007-04-19,XRT,21.82999992370605,21.915000915527344,21.799999237060547,21.825000762939453,368800,17.20703345673755,0.0,1.0,yahoo,2023-12-13 16:42:28
2007-04-20,XRT,22.114999771118164,22.18000030517578,21.98500061035156,22.18000030517578,574800,17.486918395424915,0.0,1.0,yahoo,2023-12-13 16:42:28
2007-04-23,XRT,22.225000381469727,22.2450008392334,22.049999237060547,22.114999771118164,974600,17.435671370218188,0.0,1.0,yahoo,2023-12-13 16:42:28
2007-04-24,XRT,22.0049991607666,22.02499961853028,21.809999465942383,21.975000381469727,958400,17.325294550177286,0.0,1.0,yahoo,2023-12-13 16:42:28
2007-04-25,XRT,22.06999969482422,22.14999961853028,21.989999771118164,22.045000076293945,467200,17.380482960197735,0.0,1.0,yahoo,2023-12-13 16:42:28
2007-04-26,XRT,22.059999465942383,22.13999938964844,21.940000534057617,22.09000015258789,1002000,17.415961438606796,0.0,1.0,yahoo,2023-12-13 16:42:28
2007-04-27,XRT,22.01000022888184,22.040000915527344,21.88999938964844,21.940000534057617,575200,17.297700345167062,0.0,1.0,yahoo,2023-12-13 16:42:28
2007-04-30,XRT,21.98500061035156,22.0049991607666,21.545000076293945,21.545000076293945,701600,16.98627831288436,0.0,1.0,yahoo,2023-12-13 16:42:28
2007-05-01,XRT,21.420000076293945,21.600000381469727,21.270000457763672,21.5,1631600,16.950799834475298,0.0,1.0,yahoo,2023-12-13 16:42:28
2007-05-02,XRT,21.63999938964844,21.84000015258789,21.59499931335449,21.71999931335449,1554400,17.12424933793548,0.0,1.0,yahoo,2023-12-13 16:42:28
2007-05-03,XRT,21.59000015258789,21.7549991607666,21.475000381469727,21.5,2827800,16.950799834475298,0.0,1.0,yahoo,2023-12-13 16:42:28
2007-05-04,XRT,21.559999465942383,21.559999465942383,21.440000534057617,21.5049991607666,2431000,16.95474121928902,0.0,1.0,yahoo,2023-12-13 16:42:28
2007-05-07,XRT,21.520000457763672,21.575000762939453,21.46999931335449,21.479999542236328,1520200,16.935031287677628,0.0,1.0,yahoo,2023-12-13 16:42:28
2007-05-08,XRT,21.43000030517578,21.450000762939453,21.28499984741211,21.354999542236328,3383000,16.836480125849285,0.0,1.0,yahoo,2023-12-13 16:42:28
2007-05-09,XRT,21.48500061035156,21.75,21.479999542236328,21.709999084472656,2887600,17.116365064536648,0.0,1.0,yahoo,2023-12-13 16:42:28
2007-05-10,XRT,21.565000534057617,21.76499938964844,21.38500022888184,21.38500022888184,4616200,16.86013294604579,0.0,1.0,yahoo,2023-12-13 16:42:28
2007-05-11,XRT,21.39999961853028,21.405000686645508,21.299999237060547,21.34499931335449,857400,16.828595852450448,0.0,1.0,yahoo,2023-12-13 16:42:28
2007-05-14,XRT,21.36000061035156,21.405000686645508,21.200000762939453,21.200000762939453,2095800,16.714277647595825,0.0,1.0,yahoo,2023-12-13 16:42:28
2007-05-15,XRT,21.190000534057617,21.34000015258789,21.030000686645508,21.065000534057617,1753000,16.60784221236865,0.0,1.0,yahoo,2023-12-13 16:42:28
2007-05-16,XRT,21.170000076293945,21.20499992370605,20.98500061035156,21.11000061035156,3283400,16.643320690777703,0.0,1.0,yahoo,2023-12-13 16:42:28
2007-05-17,XRT,21.229999542236328,21.405000686645508,21.200000762939453,21.31999969482422,1806600,16.80888592083906,0.0,1.0,yahoo,2023-12-13 16:42:28
2007-05-18,XRT,21.375,21.625,21.34499931335449,21.440000534057617,4339600,16.903495697853682,0.0,1.0,yahoo,2023-12-13 16:42:28
2007-05-21,XRT,21.6299991607666,21.7549991607666,21.53499984741211,21.600000381469727,5143200,17.02964106469225,0.0,1.0,yahoo,2023-12-13 16:42:28
2007-05-22,XRT,21.64999961853028,21.709999084472656,21.540000915527344,21.64999961853028,1750200,17.06906092791504,0.0,1.0,yahoo,2023-12-13 16:42:28
2007-05-23,XRT,21.770000457763672,22.02499961853028,21.655000686645508,21.82999992370605,2611200,17.21097484155127,0.0,1.0,yahoo,2023-12-13 16:42:28
2007-05-24,XRT,21.84499931335449,22.09000015258789,21.625,21.6299991607666,2356600,17.053292381117362,0.0,1.0,yahoo,2023-12-13 16:42:28
2007-05-25,XRT,21.795000076293945,21.795000076293945,21.670000076293945,21.690000534057617,2459600,17.100598021510372,0.0,1.0,yahoo,2023-12-13 16:42:28
2007-05-29,XRT,21.88999938964844,21.959999084472656,21.780000686645508,21.854999542236328,714000,17.23068477316266,0.0,1.0,yahoo,2023-12-13 16:42:28
2007-05-30,XRT,21.809999465942383,22.20499992370605,21.80500030517578,22.184999465942383,1441000,17.490859780238637,0.0,1.0,yahoo,2023-12-13 16:42:28
2007-05-31,XRT,22.34000015258789,22.540000915527344,22.34000015258789,22.38999938964844,2667600,17.65248362548627,0.0,1.0,yahoo,2023-12-13 16:42:28
2007-06-01,XRT,22.545000076293945,22.729999542236328,22.53499984741211,22.655000686645508,2996800,17.861413111126904,0.0,1.0,yahoo,2023-12-13 16:42:28
2007-06-04,XRT,22.729999542236328,22.7549991607666,22.6200008392334,22.655000686645508,1942200,17.861413111126904,0.0,1.0,yahoo,2023-12-13 16:42:28
2007-06-05,XRT,22.5,22.51000022888184,22.325000762939453,22.43000030517578,2800600,17.684020719081605,0.0,1.0,yahoo,2023-12-13 16:42:28
2007-06-06,XRT,22.209999084472656,22.270000457763672,22.075000762939453,22.11000061035156,5563800,17.431729985404463,0.0,1.0,yahoo,2023-12-13 16:42:28
2007-06-07,XRT,22.059999465942383,22.170000076293945,21.670000076293945,21.700000762939453,3017200,17.108482294909205,0.0,1.0,yahoo,2023-12-13 16:42:28
2007-06-08,XRT,21.75,22.01000022888184,21.71999931335449,21.98500061035156,1943600,17.333178823576116,0.0,1.0,yahoo,2023-12-13 16:42:28
2007-06-11,XRT,21.864999771118164,21.975000381469727,21.790000915527344,21.89999961853028,472600,17.26616325157173,0.0,1.0,yahoo,2023-12-13 16:42:28
2007-06-12,XRT,21.799999237060547,21.799999237060547,21.575000762939453,21.59000015258789,2668400,17.021756791293416,0.0,1.0,yahoo,2023-12-13 16:42:28
2007-06-13,XRT,21.809999465942383,21.94499969482422,21.71500015258789,21.920000076293945,1142000,17.281931798369392,0.0,1.0,yahoo,2023-12-13 16:42:28
2007-06-14,XRT,21.975000381469727,22.084999084472656,21.905000686645508,22.0,1709200,17.345004481788678,0.0,1.0,yahoo,2023-12-13 16:42:28
2007-06-15,XRT,22.1299991607666,22.229999542236328,21.96500015258789,22.01000022888184,1960000,17.364333429493314,0.0145,1.0,yahoo,2023-12-13 16:42:28
2007-06-18,XRT,22.209999084472656,22.229999542236328,22.11000061035156,22.15999984741211,1781200,17.482672519151233,0.0,1.0,yahoo,2023-12-13 16:42:28
2007-06-19,XRT,22.01499938964844,22.174999237060547,21.950000762939453,22.170000076293945,1538800,17.49056199243018,0.0,1.0,yahoo,2023-12-13 16:42:28
2007-06-20,XRT,22.21500015258789,22.225000381469727,21.88500022888184,21.88500022888184,953600,17.265717270651187,0.0,1.0,yahoo,2023-12-13 16:42:28
2007-06-21,XRT,21.86000061035156,21.98500061035156,21.604999542236328,21.93000030517578,2199000,17.301219148024877,0.0,1.0,yahoo,2023-12-13 16:42:28
2007-06-22,XRT,21.84000015258789,21.924999237060547,21.68000030517578,21.73500061035156,3261600,17.147378180993265,0.0,1.0,yahoo,2023-12-13 16:42:28
2007-06-25,XRT,21.71999931335449,21.84499931335449,21.540000915527344,21.549999237060547,3926400,17.001425182477437,0.0,1.0,yahoo,2023-12-13 16:42:28
2007-06-26,XRT,21.600000381469727,21.729999542236328,21.38999938964844,21.38999938964844,2825400,16.87519661954057,0.0,1.0,yahoo,2023-12-13 16:42:28
2007-06-27,XRT,21.40999984741211,21.96500015258789,21.38999938964844,21.94499969482422,4453400,17.31305260556172,0.0,1.0,yahoo,2023-12-13 16:42:28
2007-06-28,XRT,21.89999961853028,22.059999465942383,21.86000061035156,21.979999542236328,2479800,17.340665009656462,0.0,1.0,yahoo,2023-12-13 16:42:28
2007-06-29,XRT,21.934999465942383,22.01499938964844,21.63999938964844,21.64999961853028,1507800,17.08031841050378,0.0,1.0,yahoo,2023-12-13 16:42:28
2007-07-02,XRT,21.854999542236328,21.94499969482422,21.815000534057617,21.875,523200,17.257827797372236,0.0,1.0,yahoo,2023-12-13 16:42:28
2007-07-03,XRT,21.934999465942383,21.940000534057617,21.854999542236328,21.915000915527344,571400,17.289385690488036,0.0,1.0,yahoo,2023-12-13 16:42:28
2007-07-05,XRT,21.8799991607666,21.9950008392334,21.82999992370605,21.9950008392334,493000,17.35249997195647,0.0,1.0,yahoo,2023-12-13 16:42:28
2007-07-06,XRT,21.94499969482422,22.23500061035156,21.94499969482422,22.19499969482422,1049000,17.510284923245973,0.0,1.0,yahoo,2023-12-13 16:42:28
2007-07-09,XRT,22.125,22.125,21.905000686645508,22.01000022888184,3465600,17.364333429493314,0.0,1.0,yahoo,2023-12-13 16:42:28
2007-07-10,XRT,21.84000015258789,21.84000015258789,21.459999084472656,21.459999084472656,3634400,16.930421427730053,0.0,1.0,yahoo,2023-12-13 16:42:28
2007-07-11,XRT,21.520000457763672,21.59499931335449,21.34000015258789,21.565000534057617,3776400,17.013260144777448,0.0,1.0,yahoo,2023-12-13 16:42:28
2007-07-12,XRT,22.0,22.125,21.75,22.01000022888184,2870600,17.364333429493314,0.0,1.0,yahoo,2023-12-13 16:42:28
2007-07-13,XRT,21.905000686645508,22.01499938964844,21.799999237060547,21.989999771118164,906000,17.348554482935413,0.0,1.0,yahoo,2023-12-13 16:42:28
2007-07-16,XRT,21.94499969482422,22.02499961853028,21.75,21.809999465942383,2723200,17.20654697344064,0.0,1.0,yahoo,2023-12-13 16:42:28
2007-07-17,XRT,21.8700008392334,21.88500022888184,21.725000381469727,21.77499961853028,2626000,17.178934569345905,0.0,1.0,yahoo,2023-12-13 16:42:28
2007-07-18,XRT,21.75,21.864999771118164,21.46500015258789,21.645000457763672,4565600,17.07637442624588,0.0,1.0,yahoo,2023-12-13 16:42:28
2007-07-19,XRT,21.795000076293945,21.86000061035156,21.70499992370605,21.725000381469727,1326000,17.139488707714317,0.0,1.0,yahoo,2023-12-13 16:42:28
2007-07-20,XRT,21.65999984741211,21.684999465942383,21.34000015258789,21.450000762939453,2349600,16.922533459214268,0.0,1.0,yahoo,2023-12-13 16:42:28
2007-07-23,XRT,21.48500061035156,21.530000686645508,21.27499961853028,21.27499961853028,1108200,16.784469933977398,0.0,1.0,yahoo,2023-12-13 16:42:28
2007-07-24,XRT,21.15999984741211,21.174999237060547,20.75,20.84499931335449,2302200,16.445230106798366,0.0,1.0,yahoo,2023-12-13 16:42:28
2007-07-25,XRT,21.02499961853028,21.02499961853028,20.520000457763672,20.665000915527344,1853800,16.303224102066764,0.0,1.0,yahoo,2023-12-13 16:42:28
2007-07-26,XRT,20.19499969482422,20.34499931335449,19.729999542236328,20.0,6363000,15.778585414740329,0.0,1.0,yahoo,2023-12-13 16:42:28
2007-07-27,XRT,20.01000022888184,20.18000030517578,19.655000686645508,19.655000686645508,5348400,15.506405358050799,0.0,1.0,yahoo,2023-12-13 16:42:28
2007-07-30,XRT,19.77499961853028,20.100000381469727,19.684999465942383,20.06999969482422,5433000,15.833810222929813,0.0,1.0,yahoo,2023-12-13 16:42:28
2007-07-31,XRT,20.38500022888184,20.440000534057617,19.76499938964844,19.77499961853028,7779000,15.601076027871873,0.0,1.0,yahoo,2023-12-13 16:42:28
2007-08-01,XRT,19.934999465942383,20.100000381469727,19.59000015258789,19.94499969482422,4430400,15.735194064087686,0.0,1.0,yahoo,2023-12-13 16:42:28
2007-08-02,XRT,20.02499961853028,20.14999961853028,19.864999771118164,20.11000061035156,1779800,15.86536811604561,0.0,1.0,yahoo,2023-12-13 16:42:28
2007-08-03,XRT,20.01499938964844,20.02499961853028,19.239999771118164,19.440000534057617,6984600,15.336785444461286,0.0,1.0,yahoo,2023-12-13 16:42:28
2007-08-06,XRT,19.280000686645508,19.604999542236328,18.924999237060547,19.44499969482422,6146000,15.340729428719179,0.0,1.0,yahoo,2023-12-13 16:42:28
2007-08-07,XRT,19.51000022888184,20.020000457763672,19.51000022888184,19.815000534057617,6768200,15.632633920987669,0.0,1.0,yahoo,2023-12-13 16:42:28
2007-08-08,XRT,19.989999771118164,20.290000915527344,19.895000457763672,20.1200008392334,8537000,15.873257589324565,0.0,1.0,yahoo,2023-12-13 16:42:28
2007-08-09,XRT,19.6200008392334,20.045000076293945,19.4950008392334,19.655000686645508,5257600,15.506405358050799,0.0,1.0,yahoo,2023-12-13 16:42:28
2007-08-10,XRT,19.34000015258789,19.815000534057617,18.96500015258789,19.48500061035156,6012200,15.372287321834976,0.0,1.0,yahoo,2023-12-13 16:42:28
2007-08-13,XRT,19.57999992370605,20.049999237060547,19.440000534057617,19.520000457763672,2758800,15.399899725929721,0.0,1.0,yahoo,2023-12-13 16:42:28
2007-08-14,XRT,19.395000457763672,19.395000457763672,18.8700008392334,18.8700008392334,3303400,14.887096000903293,0.0,1.0,yahoo,2023-12-13 16:42:28
2007-08-15,XRT,18.895000457763672,19.15999984741211,18.59499931335449,18.61000061035156,5500000,14.681974209940087,0.0,1.0,yahoo,2023-12-13 16:42:28
2007-08-16,XRT,18.520000457763672,18.834999084472656,18.19499969482422,18.690000534057617,2972800,14.745088491408524,0.0,1.0,yahoo,2023-12-13 16:42:28
2007-08-17,XRT,19.4950008392334,19.70499992370605,18.895000457763672,19.14999961853028,5891400,15.107995233661237,0.0,1.0,yahoo,2023-12-13 16:42:28
2007-08-20,XRT,19.334999084472656,19.5,19.200000762939453,19.40999984741211,2105400,15.313117024624436,0.0,1.0,yahoo,2023-12-13 16:42:28
2007-08-21,XRT,19.405000686645508,19.549999237060547,19.309999465942383,19.52499961853028,1297000,15.403843710187619,0.0,1.0,yahoo,2023-12-13 16:42:28
2007-08-22,XRT,19.674999237060547,19.7549991607666,19.55500030517578,19.71500015258789,2335000,15.553740692961332,0.0,1.0,yahoo,2023-12-13 16:42:28
2007-08-23,XRT,19.81999969482422,19.81999969482422,19.51499938964844,19.559999465942383,1916200,15.431456114282355,0.0,1.0,yahoo,2023-12-13 16:42:28
2007-08-24,XRT,19.59499931335449,20.0049991607666,19.59499931335449,20.0049991607666,3188600,15.782529398998221,0.0,1.0,yahoo,2023-12-13 16:42:28
2007-08-27,XRT,20.02499961853028,20.05500030517578,19.76000022888184,19.77499961853028,1478200,15.601076027871873,0.0,1.0,yahoo,2023-12-13 16:42:28
2007-08-28,XRT,19.64999961853028,19.64999961853028,19.21500015258789,19.25,1586600,15.186888461687566,0.0,1.0,yahoo,2023-12-13 16:42:28
2007-08-29,XRT,19.420000076293945,19.84000015258789,19.325000762939453,19.84000015258789,2081200,15.652356851803459,0.0,1.0,yahoo,2023-12-13 16:42:28
2007-08-30,XRT,19.5,19.71500015258789,19.354999542236328,19.545000076293945,2275000,15.419622656745513,0.0,1.0,yahoo,2023-12-13 16:42:28
2007-08-31,XRT,19.915000915527344,19.95499992370605,19.64999961853028,19.709999084472656,1083600,15.549795203940274,0.0,1.0,yahoo,2023-12-13 16:42:28
2007-09-04,XRT,19.815000534057617,19.924999237060547,19.799999237060547,19.809999465942383,1920000,15.62868843196661,0.0,1.0,yahoo,2023-12-13 16:42:28
2007-09-05,XRT,19.530000686645508,19.559999465942383,19.290000915527344,19.43000030517578,2300600,15.328895971182336,0.0,1.0,yahoo,2023-12-13 16:42:28
2007-09-06,XRT,19.75,19.75,19.32999992370605,19.52499961853028,855600,15.403843710187619,0.0,1.0,yahoo,2023-12-13 16:42:28
2007-09-07,XRT,19.059999465942383,19.200000762939453,18.825000762939453,18.934999465942383,9476800,14.93837532007172,0.0,1.0,yahoo,2023-12-13 16:42:28
2007-09-10,XRT,19.0,19.03499984741211,18.51000022888184,18.665000915527344,2401600,14.725365560592731,0.0,1.0,yahoo,2023-12-13 16:42:28
2007-09-11,XRT,18.77499961853028,19.100000381469727,18.76499938964844,19.075000762939453,3890400,15.048826441213855,0.0,1.0,yahoo,2023-12-13 16:42:28
2007-09-12,XRT,19.09499931335449,19.11000061035156,18.950000762939453,18.95499992370605,2084600,14.954154266629617,0.0,1.0,yahoo,2023-12-13 16:42:28
2007-09-13,XRT,19.125,19.450000762939453,18.94499969482422,19.13999938964844,3625200,15.100105760382284,0.0,1.0,yahoo,2023-12-13 16:42:28
2007-09-14,XRT,19.040000915527344,19.434999465942383,18.9950008392334,19.415000915527344,1545000,15.317062513645494,0.0,1.0,yahoo,2023-12-13 16:42:28
2007-09-17,XRT,19.309999465942383,19.34000015258789,19.190000534057617,19.209999084472656,2202200,15.155330568571767,0.0,1.0,yahoo,2023-12-13 16:42:28
2007-09-18,XRT,19.395000457763672,21.690000534057617,19.354999542236328,20.174999237060547,4892400,15.91664743521404,0.0,1.0,yahoo,2023-12-13 16:42:28
2007-09-19,XRT,20.405000686645508,20.57999992370605,20.200000762939453,20.34000015258789,5111800,16.046821487171968,0.0,1.0,yahoo,2023-12-13 16:42:28
2007-09-20,XRT,20.165000915527344,20.165000915527344,19.725000381469727,19.959999084472656,3613200,15.74702752162453,0.0,1.0,yahoo,2023-12-13 16:42:28
2007-09-21,XRT,19.94499969482422,19.959999084472656,19.7549991607666,19.82999992370605,3965200,15.655448154286692,0.014,1.0,yahoo,2023-12-13 16:42:28
2007-09-24,XRT,19.88999938964844,19.915000915527344,19.6299991607666,19.63999938964844,4673600,15.505445959547913,0.0,1.0,yahoo,2023-12-13 16:42:28
2007-09-25,XRT,19.39999961853028,19.39999961853028,19.100000381469727,19.30500030517578,7425000,15.2409698718589,0.0,1.0,yahoo,2023-12-13 16:42:28
2007-09-26,XRT,19.354999542236328,19.57999992370605,19.34499931335449,19.475000381469727,2574000,15.375182044873737,0.0,1.0,yahoo,2023-12-13 16:42:28
2007-09-27,XRT,19.600000381469727,19.68000030517578,19.51499938964844,19.565000534057617,3609800,15.446235636812142,0.0,1.0,yahoo,2023-12-13 16:42:28
2007-09-28,XRT,19.670000076293945,19.709999084472656,19.459999084472656,19.459999084472656,3415200,15.363338775671101,0.0,1.0,yahoo,2023-12-13 16:42:28
2007-10-01,XRT,19.53499984741211,19.790000915527344,19.420000076293945,19.75,2572200,15.592289573210262,0.0,1.0,yahoo,2023-12-13 16:42:28
2007-10-02,XRT,19.834999084472656,20.07999992370605,19.825000762939453,20.075000762939453,1024200,15.848872155856652,0.0,1.0,yahoo,2023-12-13 16:42:28
2007-10-03,XRT,20.07999992370605,20.3799991607666,20.040000915527344,20.209999084472656,3810600,15.955451037944908,0.0,1.0,yahoo,2023-12-13 16:42:28
2007-10-04,XRT,20.21999931335449,20.21999931335449,19.934999465942383,19.959999084472656,1351800,15.758080283853639,0.0,1.0,yahoo,2023-12-13 16:42:28
2007-10-05,XRT,20.75,20.75,20.165000915527344,20.61000061035156,5210400,16.271245449146416,0.0,1.0,yahoo,2023-12-13 16:42:28
2007-10-08,XRT,20.5,20.5,20.25,20.325000762939453,1612600,16.04624290994792,0.0,1.0,yahoo,2023-12-13 16:42:28
2007-10-09,XRT,20.27499961853028,20.299999237060547,19.950000762939453,20.200000762939453,5166400,15.947557532902287,0.0,1.0,yahoo,2023-12-13 16:42:28
2007-10-10,XRT,20.200000762939453,20.299999237060547,20.11000061035156,20.170000076293945,2681200,15.923872500316369,0.0,1.0,yahoo,2023-12-13 16:42:28
2007-10-11,XRT,20.645000457763672,20.825000762939453,20.14999961853028,20.28499984741211,9570000,16.01466286650003,0.0,1.0,yahoo,2023-12-13 16:42:28
2007-10-12,XRT,20.27499961853028,20.27499961853028,20.049999237060547,20.27499961853028,2343000,16.006767855638063,0.0,1.0,yahoo,2023-12-13 16:42:28
2007-10-15,XRT,20.09000015258789,20.104999542236328,19.625,19.770000457763672,4510800,15.608079594934209,0.0,1.0,yahoo,2023-12-13 16:42:28
2007-10-16,XRT,19.725000381469727,19.725000381469727,19.46999931335449,19.489999771118164,2935200,15.38702380825702,0.0,1.0,yahoo,2023-12-13 16:42:28
2007-10-17,XRT,19.75,19.76000022888184,19.25,19.4950008392334,2023000,15.390972066597682,0.0,1.0,yahoo,2023-12-13 16:42:28
2007-10-18,XRT,19.309999465942383,19.3700008392334,19.14999961853028,19.280000686645508,3462200,15.221233097613643,0.0,1.0,yahoo,2023-12-13 16:42:28
2007-10-19,XRT,19.13999938964844,19.2549991607666,18.55500030517578,18.690000534057617,4889600,14.755437997492699,0.0,1.0,yahoo,2023-12-13 16:42:28
2007-10-22,XRT,18.5,19.155000686645508,18.5,19.125,3370800,15.09886268798209,0.0,1.0,yahoo,2023-12-13 16:42:28
2007-10-23,XRT,19.21500015258789,19.225000381469727,18.76499938964844,19.03499984741211,4734400,15.027809096043685,0.0,1.0,yahoo,2023-12-13 16:42:28
2007-10-24,XRT,18.90999984741211,19.030000686645508,18.540000915527344,18.924999237060547,5964400,14.940965482381333,0.0,1.0,yahoo,2023-12-13 16:42:28
2007-10-25,XRT,19.020000457763672,19.270000457763672,18.795000076293945,19.01499938964844,6541000,15.01201907431974,0.0,1.0,yahoo,2023-12-13 16:42:28
2007-10-26,XRT,19.190000534057617,19.28499984741211,18.950000762939453,19.229999542236328,2958800,15.181758043303779,0.0,1.0,yahoo,2023-12-13 16:42:28
2007-10-29,XRT,19.375,19.46500015258789,19.209999084472656,19.280000686645508,5284800,15.221233097613643,0.0,1.0,yahoo,2023-12-13 16:42:28
2007-10-30,XRT,19.225000381469727,19.309999465942383,19.104999542236328,19.184999465942383,1789600,15.146231247334576,0.0,1.0,yahoo,2023-12-13 16:42:28
2007-10-31,XRT,19.30500030517578,19.350000381469727,18.940000534057617,19.2549991607666,4393000,15.201494817549035,0.0,1.0,yahoo,2023-12-13 16:42:28
2007-11-01,XRT,18.809999465942383,19.0,18.405000686645508,18.43000030517578,8304000,14.550172232539458,0.0,1.0,yahoo,2023-12-13 16:42:28
2007-11-02,XRT,18.56999969482422,18.56999969482422,18.040000915527344,18.25,3644800,14.408065048662648,0.0,1.0,yahoo,2023-12-13 16:42:28
2007-11-05,XRT,18.09499931335449,18.09499931335449,17.34000015258789,17.885000228881836,6860600,14.119903928387716,0.0,1.0,yahoo,2023-12-13 16:42:28
2007-11-06,XRT,18.104999542236328,18.25,17.790000915527344,18.239999771118164,5290600,14.400170037800674,0.0,1.0,yahoo,2023-12-13 16:42:28
2007-11-07,XRT,18.174999237060547,18.174999237060547,17.795000076293945,17.854999542236328,15886400,14.096218895801798,0.0,1.0,yahoo,2023-12-13 16:42:28
2007-11-08,XRT,18.049999237060547,18.6200008392334,17.2549991607666,17.809999465942383,9223400,14.060692099832595,0.0,1.0,yahoo,2023-12-13 16:42:28
2007-11-09,XRT,17.6299991607666,17.674999237060547,17.239999771118164,17.375,17583600,13.717267409343206,0.0,1.0,yahoo,2023-12-13 16:42:28
2007-11-12,XRT,17.545000076293945,18.0049991607666,17.434999465942383,17.524999618530273,19087200,13.835689560634096,0.0,1.0,yahoo,2023-12-13 16:42:28
2007-11-13,XRT,17.825000762939453,18.40999984741211,17.825000762939453,18.3700008392334,11355600,14.502803673186971,0.0,1.0,yahoo,2023-12-13 16:42:28
2007-11-14,XRT,18.475000381469727,18.575000762939453,17.924999237060547,17.959999084472656,9197400,14.179114251123487,0.0,1.0,yahoo,2023-12-13 16:42:28
2007-11-15,XRT,17.864999771118164,17.924999237060547,17.524999618530273,17.6299991607666,9392800,13.918584915955785,0.0,1.0,yahoo,2023-12-13 16:42:28
2007-11-16,XRT,17.700000762939453,17.764999389648438,17.329999923706055,17.579999923706055,5984600,13.879111367465272,0.0,1.0,yahoo,2023-12-13 16:42:28
2007-11-19,XRT,17.389999389648438,17.475000381469727,16.94499969482422,17.059999465942383,9159000,13.468579837558787,0.0,1.0,yahoo,2023-12-13 16:42:28
2007-11-20,XRT,17.135000228881836,17.5,16.81999969482422,17.125,11229200,13.519896655251936,0.0,1.0,yahoo,2023-12-13 16:42:28
2007-11-21,XRT,16.850000381469727,17.28499984741211,16.829999923706055,17.079999923706055,7799000,13.484369859282733,0.0,1.0,yahoo,2023-12-13 16:42:28
2007-11-23,XRT,17.229999542236328,17.5049991607666,17.125,17.354999542236328,3537800,13.70147738761926,0.0,1.0,yahoo,2023-12-13 16:42:28
2007-11-26,XRT,17.584999084472656,17.584999084472656,16.93000030517578,16.94499969482422,8125200,13.377789471375126,0.0,1.0,yahoo,2023-12-13 16:42:28
2007-11-27,XRT,16.920000076293945,17.25,16.920000076293945,17.09000015258789,4141200,13.492264870144707,0.0,1.0,yahoo,2023-12-13 16:42:28
2007-11-28,XRT,17.334999084472656,17.934999465942383,17.329999923706055,17.700000762939453,10518600,13.973849991989596,0.0,1.0,yahoo,2023-12-13 16:42:28
2007-11-29,XRT,17.770000457763672,17.770000457763672,17.19499969482422,17.700000762939453,6662400,13.973849991989596,0.0,1.0,yahoo,2023-12-13 16:42:28
2007-11-30,XRT,17.975000381469727,18.114999771118164,17.69499969482422,17.69499969482422,5073600,13.969901733648934,0.0,1.0,yahoo,2023-12-13 16:42:28
2007-12-03,XRT,17.790000915527344,17.93000030517578,17.6299991607666,17.639999389648438,4177200,13.926479926817757,0.0,1.0,yahoo,2023-12-13 16:42:28
2007-12-04,XRT,17.565000534057617,17.75,17.440000534057617,17.700000762939453,6543000,13.973849991989596,0.0,1.0,yahoo,2023-12-13 16:42:28
2007-12-05,XRT,17.825000762939453,18.084999084472656,17.639999389648438,17.725000381469727,5860400,13.993586766234852,0.0,1.0,yahoo,2023-12-13 16:42:28
2007-12-06,XRT,17.655000686645508,17.950000762939453,17.510000228881836,17.75,13203400,14.013323540480108,0.0,1.0,yahoo,2023-12-13 16:42:28
2007-12-07,XRT,17.924999237060547,18.200000762939453,17.899999618530273,18.114999771118164,4855400,14.30148466075504,0.0,1.0,yahoo,2023-12-13 16:42:28
2007-12-10,XRT,18.13500022888184,18.225000381469727,18.02499961853028,18.11000061035156,2366000,14.297537908233727,0.0,1.0,yahoo,2023-12-13 16:42:28
2007-12-11,XRT,18.309999465942383,18.309999465942383,17.34000015258789,17.75,6340000,14.013323540480108,0.0,1.0,yahoo,2023-12-13 16:42:28
2007-12-12,XRT,18.049999237060547,18.1299991607666,17.170000076293945,17.4950008392334,11904400,13.81200603386753,0.0,1.0,yahoo,2023-12-13 16:42:28
2007-12-13,XRT,17.354999542236328,17.399999618530273,17.059999465942383,17.235000610351562,3434200,13.606740268914287,0.0,1.0,yahoo,2023-12-13 16:42:28
2007-12-14,XRT,17.114999771118164,17.190000534057617,16.895000457763672,16.985000610351562,5249400,13.409369514823018,0.0,1.0,yahoo,2023-12-13 16:42:28
2007-12-17,XRT,16.934999465942383,17.084999084472656,16.834999084472656,16.854999542236328,4868200,13.30673587943672,0.0,1.0,yahoo,2023-12-13 16:42:28
2007-12-18,XRT,17.0,17.204999923706055,16.75,17.114999771118164,8610200,13.512001644389963,0.0,1.0,yahoo,2023-12-13 16:42:28
2007-12-19,XRT,17.059999465942383,17.110000610351562,16.815000534057617,16.924999237060547,3042400,13.36199944965118,0.0,1.0,yahoo,2023-12-13 16:42:28
2007-12-20,XRT,17.030000686645508,17.075000762939453,16.729999542236328,17.040000915527344,7017200,13.452791321654194,0.0,1.0,yahoo,2023-12-13 16:42:28
2007-12-21,XRT,17.225000381469727,17.399999618530273,17.149999618530273,17.200000762939453,5908400,13.608257625629161,0.0365,1.0,yahoo,2023-12-13 16:42:28
2007-12-24,XRT,17.40999984741211,17.565000534057617,17.40999984741211,17.549999237060547,2095200,13.885168625230941,0.0,1.0,yahoo,2023-12-13 16:42:28
2007-12-26,XRT,17.399999618530273,17.399999618530273,17.065000534057617,17.299999237060547,6922200,13.687374191771514,0.0,1.0,yahoo,2023-12-13 16:42:28
2007-12-27,XRT,17.274999618530273,17.274999618530273,16.920000076293945,16.920000076293945,2920400,13.386727316895968,0.0,1.0,yahoo,2023-12-13 16:42:28
2007-12-28,XRT,17.174999237060547,17.204999923706055,16.934999465942383,16.985000610351562,2114600,13.438154292129912,0.0,1.0,yahoo,2023-12-13 16:42:28
2007-12-31,XRT,16.934999465942383,17.114999771118164,16.780000686645508,16.780000686645508,3175000,13.275962917055255,0.0,1.0,yahoo,2023-12-13 16:42:28
2008-01-02,XRT,16.94499969482422,17.010000228881836,16.524999618530273,16.575000762939453,4478200,13.113771541980597,0.0,1.0,yahoo,2023-12-13 16:42:28
2008-01-03,XRT,16.575000762939453,16.575000762939453,16.084999084472656,16.19499969482422,4083000,12.81312315805328,0.0,1.0,yahoo,2023-12-13 16:42:28
2008-01-04,XRT,15.9350004196167,15.94499969482422,15.350000381469728,15.404999732971191,10692800,12.188092778502533,0.0,1.0,yahoo,2023-12-13 16:42:28
2008-01-07,XRT,15.550000190734863,15.654999732971191,15.199999809265137,15.510000228881836,9558600,12.27116683290895,0.0,1.0,yahoo,2023-12-13 16:42:28
2008-01-08,XRT,15.6899995803833,15.800000190734863,15.149999618530272,15.18000030517578,7126400,12.010078241104578,0.0,1.0,yahoo,2023-12-13 16:42:28
2008-01-09,XRT,15.300000190734863,15.414999961853027,14.68000030517578,15.34000015258789,12865800,12.13666655779447,0.0,1.0,yahoo,2023-12-13 16:42:28
2008-01-10,XRT,15.050000190734863,15.6850004196167,14.765000343322754,15.46500015258789,11121200,12.235563774524183,0.0,1.0,yahoo,2023-12-13 16:42:28
2008-01-11,XRT,15.390000343322754,15.390000343322754,14.770000457763672,14.9350004196167,10244000,11.81623978685745,0.0,1.0,yahoo,2023-12-13 16:42:28
2008-01-14,XRT,15.03499984741211,15.03499984741211,14.744999885559082,14.904999732971191,5610000,11.792503911583681,0.0,1.0,yahoo,2023-12-13 16:42:28
2008-01-15,XRT,14.640000343322754,14.65999984741211,14.359999656677246,14.550000190734863,8925600,11.511636178243723,0.0,1.0,yahoo,2023-12-13 16:42:28
2008-01-16,XRT,14.494999885559082,15.18000030517578,14.494999885559082,14.9350004196167,13624200,11.81623978685745,0.0,1.0,yahoo,2023-12-13 16:42:28
2008-01-17,XRT,15.095000267028809,15.210000038146973,14.845000267028809,14.845000267028809,11925800,11.745033670087915,0.0,1.0,yahoo,2023-12-13 16:42:28
2008-01-18,XRT,15.100000381469728,15.40999984741211,14.734999656677246,14.80500030517578,23595200,11.71338659091544,0.0,1.0,yahoo,2023-12-13 16:42:28
2008-01-22,XRT,14.289999961853027,15.600000381469728,14.289999961853027,15.359999656677246,17883800,12.152489720117766,0.0,1.0,yahoo,2023-12-13 16:42:28
2008-01-23,XRT,15.09000015258789,16.5,15.0,16.46500015258789,22551800,13.026741508361884,0.0,1.0,yahoo,2023-12-13 16:42:28
2008-01-24,XRT,16.565000534057617,16.625,15.904999732971191,16.100000381469727,20705400,12.737961816597336,0.0,1.0,yahoo,2023-12-13 16:42:28
2008-01-25,XRT,16.3700008392334,16.3700008392334,15.399999618530272,15.529999732971191,17647000,12.286989995232245,0.0,1.0,yahoo,2023-12-13 16:42:28
2008-01-28,XRT,15.654999732971191,16.31999969482422,15.359999656677246,16.274999618530273,12181400,12.876417316398225,0.0,1.0,yahoo,2023-12-13 16:42:28
2008-01-29,XRT,16.4950008392334,16.610000610351562,16.03499984741211,16.600000381469727,15804400,13.133550683516185,0.0,1.0,yahoo,2023-12-13 16:42:28
2008-01-30,XRT,16.5049991607666,16.969999313354492,16.270000457763672,16.270000457763672,15536600,12.872462091711816,0.0,1.0,yahoo,2023-12-13 16:42:28
2008-01-31,XRT,16.114999771118164,17.44499969482422,16.049999237060547,17.0,14631600,13.450021475240913,0.0,1.0,yahoo,2023-12-13 16:42:28
2008-02-01,XRT,17.15999984741211,17.434999465942383,16.959999084472656,17.3700008392334,11329400,13.74275790074364,0.0,1.0,yahoo,2023-12-13 16:42:28
2008-02-04,XRT,17.440000534057617,17.440000534057617,16.565000534057617,16.690000534057617,11893600,13.20475680028572,0.0,1.0,yahoo,2023-12-13 16:42:28
2008-02-05,XRT,16.299999237060547,16.700000762939453,16.184999465942383,16.270000457763672,11891800,12.872462091711816,0.0,1.0,yahoo,2023-12-13 16:42:28
2008-02-06,XRT,16.299999237060547,16.655000686645508,15.904999732971191,16.0,12921400,12.658843741403212,0.0,1.0,yahoo,2023-12-13 16:42:28
2008-02-07,XRT,16.014999389648438,16.96500015258789,16.014999389648438,16.795000076293945,15544800,13.287830100166255,0.0,1.0,yahoo,2023-12-13 16:42:28
2008-02-08,XRT,16.559999465942383,17.09000015258789,16.524999618530273,16.704999923706055,6962200,13.21662398339672,0.0,1.0,yahoo,2023-12-13 16:42:28
2008-02-11,XRT,16.584999084472656,17.059999465942383,16.43000030517578,16.950000762939453,5753400,13.410463192169734,0.0,1.0,yahoo,2023-12-13 16:42:28
2008-02-12,XRT,17.065000534057617,17.309999465942383,16.799999237060547,16.96500015258789,8998000,13.422330375280735,0.0,1.0,yahoo,2023-12-13 16:42:28
2008-02-13,XRT,17.184999465942383,17.184999465942383,16.80500030517578,17.09000015258789,13947800,13.521227592010447,0.0,1.0,yahoo,2023-12-13 16:42:28
2008-02-14,XRT,17.094999313354492,17.110000610351562,16.424999237060547,16.46500015258789,12893800,13.026741508361884,0.0,1.0,yahoo,2023-12-13 16:42:28
2008-02-15,XRT,16.34000015258789,16.454999923706055,16.135000228881836,16.450000762939453,6814400,13.014874325250885,0.0,1.0,yahoo,2023-12-13 16:42:28
2008-02-19,XRT,16.625,16.625,16.125,16.200000762939453,8391000,12.81707989179146,0.0,1.0,yahoo,2023-12-13 16:42:28
2008-02-20,XRT,16.174999237060547,16.704999923706055,16.149999618530273,16.475000381469727,13935400,13.034653466786473,0.0,1.0,yahoo,2023-12-13 16:42:28
2008-02-21,XRT,16.670000076293945,16.96500015258789,16.209999084472656,16.315000534057617,9064600,12.908065150096583,0.0,1.0,yahoo,2023-12-13 16:42:28
2008-02-22,XRT,16.28499984741211,16.489999771118164,16.06999969482422,16.395000457763672,6237400,12.971359308441528,0.0,1.0,yahoo,2023-12-13 16:42:28
2008-02-25,XRT,16.514999389648438,16.780000686645508,16.21500015258789,16.7549991607666,14112200,13.256182266467897,0.0,1.0,yahoo,2023-12-13 16:42:28
2008-02-26,XRT,16.719999313354492,17.21500015258789,16.719999313354492,17.100000381469727,14042600,13.529139550435037,0.0,1.0,yahoo,2023-12-13 16:42:28
2008-02-27,XRT,16.94499969482422,17.239999771118164,16.844999313354492,17.0,6324800,13.450021475240913,0.0,1.0,yahoo,2023-12-13 16:42:28
2008-02-28,XRT,16.864999771118164,16.864999771118164,16.514999389648438,16.559999465942383,3396800,13.10190284981783,0.0,1.0,yahoo,2023-12-13 16:42:28
2008-02-29,XRT,16.395000457763672,16.479999542236328,15.885000228881836,15.890000343322754,7539200,12.571814462310384,0.0,1.0,yahoo,2023-12-13 16:42:28
2008-03-03,XRT,15.880000114440918,16.09000015258789,15.6899995803833,15.994999885559082,7216400,12.654887762190917,0.0,1.0,yahoo,2023-12-13 16:42:28
2008-03-04,XRT,15.725000381469728,16.18000030517578,15.725000381469728,16.075000762939453,10034200,12.718182675061747,0.0,1.0,yahoo,2023-12-13 16:42:28
2008-03-05,XRT,16.139999389648438,16.4950008392334,15.895000457763672,16.135000228881836,8209600,12.765652916557514,0.0,1.0,yahoo,2023-12-13 16:42:28
2008-03-06,XRT,16.155000686645508,16.155000686645508,15.234999656677246,15.274999618530272,11427600,12.085239582560524,0.0,1.0,yahoo,2023-12-13 16:42:28
2008-03-07,XRT,15.114999771118164,15.524999618530272,14.979999542236328,15.130000114440918,9045800,11.970519203507518,0.0,1.0,yahoo,2023-12-13 16:42:28
2008-03-10,XRT,15.03499984741211,15.229999542236328,14.770000457763672,14.779999732971191,5067200,11.693606694853969,0.0,1.0,yahoo,2023-12-13 16:42:28
2008-03-11,XRT,15.15999984741211,15.5,14.989999771118164,15.479999542236328,11582800,12.247430957635183,0.0,1.0,yahoo,2023-12-13 16:42:28
2008-03-12,XRT,15.5600004196167,15.81999969482422,15.25,15.289999961853027,8178600,12.097107520197408,0.0,1.0,yahoo,2023-12-13 16:42:28
2008-03-13,XRT,15.095000267028809,15.925000190734863,14.854999542236328,15.75,7248600,12.461049307943787,0.0,1.0,yahoo,2023-12-13 16:42:28
2008-03-14,XRT,15.654999732971191,15.654999732971191,14.899999618530272,15.375,9098000,12.164357657754648,0.0,1.0,yahoo,2023-12-13 16:42:28
2008-03-17,XRT,14.994999885559082,15.175000190734863,14.630000114440918,14.90999984741211,8941400,11.796459890795976,0.0,1.0,yahoo,2023-12-13 16:42:28
2008-03-18,XRT,15.300000190734863,15.675000190734863,15.079999923706056,15.675000190734863,9740200,12.401711128811137,0.0,1.0,yahoo,2023-12-13 16:42:28
2008-03-19,XRT,15.755000114440918,15.755000114440918,15.239999771118164,15.274999618530272,10440000,12.085239582560524,0.0,1.0,yahoo,2023-12-13 16:42:28
2008-03-20,XRT,15.274999618530272,16.479999542236328,15.274999618530272,16.479999542236328,11325800,13.061696469770173,0.027,1.0,yahoo,2023-12-13 16:42:28
2008-03-24,XRT,16.469999313354492,17.100000381469727,16.354999542236328,16.700000762939453,13684600,13.236064749358922,0.0,1.0,yahoo,2023-12-13 16:42:28
2008-03-25,XRT,16.954999923706055,16.954999923706055,16.5,16.584999084472656,9035000,13.144916869542683,0.0,1.0,yahoo,2023-12-13 16:42:28
2008-03-26,XRT,16.639999389648438,16.80500030517578,16.3799991607666,16.575000762939453,7828400,13.136992412946725,0.0,1.0,yahoo,2023-12-13 16:42:28
2008-03-27,XRT,16.565000534057617,16.56999969482422,16.225000381469727,16.350000381469727,5613400,12.958661905059996,0.0,1.0,yahoo,2023-12-13 16:42:28
2008-03-28,XRT,16.0,16.0,15.675000190734863,15.71500015258789,9579800,12.455374254679176,0.0,1.0,yahoo,2023-12-13 16:42:28
2008-03-31,XRT,15.664999961853027,16.06999969482422,15.635000228881836,15.854999542236328,3352200,12.566334787709192,0.0,1.0,yahoo,2023-12-13 16:42:28
2008-04-01,XRT,16.065000534057617,16.729999542236328,16.065000534057617,16.69499969482422,14370400,13.23210100933706,0.0,1.0,yahoo,2023-12-13 16:42:28
2008-04-02,XRT,16.799999237060547,17.014999389648438,16.575000762939453,16.700000762939453,10324200,13.236064749358922,0.0,1.0,yahoo,2023-12-13 16:42:28
2008-04-03,XRT,16.5049991607666,16.65999984741211,16.389999389648438,16.604999542236328,7220200,13.160768806182368,0.0,1.0,yahoo,2023-12-13 16:42:28
2008-04-04,XRT,16.709999084472656,16.709999084472656,16.350000381469727,16.540000915527344,7114800,13.109252279689223,0.0,1.0,yahoo,2023-12-13 16:42:28
2008-04-07,XRT,16.760000228881836,16.760000228881836,16.28499984741211,16.334999084472656,6906400,12.946772196718292,0.0,1.0,yahoo,2023-12-13 16:42:28
2008-04-08,XRT,16.260000228881836,16.274999618530273,16.06999969482422,16.200000762939453,8591400,12.839775403710139,0.0,1.0,yahoo,2023-12-13 16:42:28
2008-04-09,XRT,16.225000381469727,16.28499984741211,15.65999984741211,15.80500030517578,12521000,12.526706457833866,0.0,1.0,yahoo,2023-12-13 16:42:28
2008-04-10,XRT,15.619999885559082,16.18000030517578,15.5,15.96500015258789,8605000,12.653518927503567,0.0,1.0,yahoo,2023-12-13 16:42:28
2008-04-11,XRT,15.75,15.885000228881836,15.489999771118164,15.53499984741211,8229400,12.312709848369792,0.0,1.0,yahoo,2023-12-13 16:42:28
2008-04-14,XRT,15.524999618530272,15.625,15.460000038146973,15.5,1489400,12.284969715112288,0.0,1.0,yahoo,2023-12-13 16:42:28
2008-04-15,XRT,15.574999809265137,15.734999656677246,15.395000457763672,15.654999732971191,2792200,12.407819200622066,0.0,1.0,yahoo,2023-12-13 16:42:28
2008-04-16,XRT,15.739999771118164,15.875,15.614999771118164,15.850000381469728,7588400,12.562372559411214,0.0,1.0,yahoo,2023-12-13 16:42:28
2008-04-17,XRT,15.81999969482422,15.885000228881836,15.6899995803833,15.824999809265137,3341800,12.542557638611608,0.0,1.0,yahoo,2023-12-13 16:42:28
2008-04-18,XRT,16.229999542236328,16.360000610351562,16.045000076293945,16.280000686645508,8942800,12.903181638544988,0.0,1.0,yahoo,2023-12-13 16:42:28
2008-04-21,XRT,16.104999542236328,16.200000762939453,15.949999809265137,16.15999984741211,2175800,12.808071530430771,0.0,1.0,yahoo,2023-12-13 16:42:28
2008-04-22,XRT,16.014999389648438,16.049999237060547,15.5,15.585000038146973,6574800,12.35233893410706,0.0,1.0,yahoo,2023-12-13 16:42:28
2008-04-23,XRT,15.6899995803833,16.049999237060547,15.574999809265137,15.699999809265137,6527000,12.443485302199413,0.0,1.0,yahoo,2023-12-13 16:42:28
2008-04-24,XRT,15.880000114440918,16.46500015258789,15.880000114440918,16.174999237060547,8954000,12.819959727048593,0.0,1.0,yahoo,2023-12-13 16:42:28
2008-04-25,XRT,16.395000457763672,16.65999984741211,16.18000030517578,16.639999389648438,8142400,13.188508939439872,0.0,1.0,yahoo,2023-12-13 16:42:28
2008-04-28,XRT,16.6299991607666,16.790000915527344,16.325000762939453,16.639999389648438,3779400,13.188508939439872,0.0,1.0,yahoo,2023-12-13 16:42:28
2008-04-29,XRT,16.68000030517578,16.899999618530273,16.584999084472656,16.8799991607666,9111600,13.378727643944423,0.0,1.0,yahoo,2023-12-13 16:42:28
2008-04-30,XRT,16.875,17.040000915527344,16.43000030517578,16.5,14575800,13.077548406409855,0.0,1.0,yahoo,2023-12-13 16:42:28
2008-05-01,XRT,16.575000762939453,17.174999237060547,16.375,16.895000457763672,18096400,13.390617352286126,0.0,1.0,yahoo,2023-12-13 16:42:28
2008-05-02,XRT,17.18000030517578,17.2549991607666,16.75,16.80500030517578,16474000,13.319285149131435,0.0,1.0,yahoo,2023-12-13 16:42:28
2008-05-05,XRT,16.81999969482422,16.81999969482422,16.459999084472656,16.479999542236328,4659800,13.061696469770173,0.0,1.0,yahoo,2023-12-13 16:42:28
2008-05-06,XRT,16.299999237060547,16.55500030517578,16.19499969482422,16.46500015258789,5511800,13.049808273152351,0.0,1.0,yahoo,2023-12-13 16:42:28
2008-05-07,XRT,16.514999389648438,16.825000762939453,16.315000534057617,16.3799991607666,11844400,12.982438298295639,0.0,1.0,yahoo,2023-12-13 16:42:28
2008-05-08,XRT,16.489999771118164,16.56999969482422,16.084999084472656,16.190000534057617,11570600,12.831849435390296,0.0,1.0,yahoo,2023-12-13 16:42:28
2008-05-09,XRT,16.024999618530273,16.34000015258789,16.0,16.219999313354492,5041400,12.855625828625938,0.0,1.0,yahoo,2023-12-13 16:42:28
2008-05-12,XRT,16.354999542236328,16.795000076293945,16.354999542236328,16.739999771118164,4292200,13.267767110914406,0.0,1.0,yahoo,2023-12-13 16:42:28
2008-05-13,XRT,16.920000076293945,16.934999465942383,16.6200008392334,16.795000076293945,7917200,13.311359180811593,0.0,1.0,yahoo,2023-12-13 16:42:28
2008-05-14,XRT,16.850000381469727,17.174999237060547,16.850000381469727,16.9950008392334,7208400,13.46987552376066,0.0,1.0,yahoo,2023-12-13 16:42:28
2008-05-15,XRT,16.954999923706055,17.30500030517578,16.825000762939453,17.2450008392334,7220800,13.66802019658505,0.0,1.0,yahoo,2023-12-13 16:42:28
2008-05-16,XRT,17.225000381469727,17.225000381469727,16.739999771118164,16.979999542236328,9722200,13.457985815418954,0.0,1.0,yahoo,2023-12-13 16:42:28
2008-05-19,XRT,16.975000381469727,17.03499984741211,16.725000381469727,16.8700008392334,9344600,13.370803187348464,0.0,1.0,yahoo,2023-12-13 16:42:28
2008-05-20,XRT,16.700000762939453,16.700000762939453,16.43000030517578,16.540000915527344,12927200,13.109252279689223,0.0,1.0,yahoo,2023-12-13 16:42:28
2008-05-21,XRT,16.53499984741211,16.674999237060547,16.010000228881836,16.065000534057617,19406200,12.7327770989781,0.0,1.0,yahoo,2023-12-13 16:42:28
2008-05-22,XRT,16.21500015258789,16.315000534057617,15.880000114440918,16.225000381469727,14355600,12.8595895686478,0.0,1.0,yahoo,2023-12-13 16:42:28
2008-05-23,XRT,16.075000762939453,16.075000762939453,15.800000190734863,15.984999656677246,6334600,12.66937010828131,0.0,1.0,yahoo,2023-12-13 16:42:28
2008-05-27,XRT,15.954999923706056,16.405000686645508,15.954999923706056,16.25,5150600,12.879403733585463,0.0,1.0,yahoo,2023-12-13 16:42:28
2008-05-28,XRT,16.44499969482422,16.6299991607666,16.325000762939453,16.545000076293945,7665800,13.113214507987202,0.0,1.0,yahoo,2023-12-13 16:42:28
2008-05-29,XRT,16.5,16.875,16.475000381469727,16.760000228881836,13815000,13.283619047554089,0.0,1.0,yahoo,2023-12-13 16:42:28
2008-05-30,XRT,16.93000030517578,16.93000030517578,16.450000762939453,16.565000534057617,5540200,13.129066444626885,0.0,1.0,yahoo,2023-12-13 16:42:28
2008-06-02,XRT,16.5049991607666,16.545000076293945,15.984999656677246,16.19499969482422,6016200,12.835811663688276,0.0,1.0,yahoo,2023-12-13 16:42:28
2008-06-03,XRT,16.434999465942383,16.459999084472656,16.094999313354492,16.325000762939453,12619800,12.938847740122334,0.0,1.0,yahoo,2023-12-13 16:42:28
2008-06-04,XRT,16.260000228881836,16.59000015258789,16.209999084472656,16.385000228881836,11667400,12.9864020383175,0.0,1.0,yahoo,2023-12-13 16:42:28
2008-06-05,XRT,16.389999389648438,16.84000015258789,16.389999389648438,16.815000534057617,22746800,13.327211117451276,0.0,1.0,yahoo,2023-12-13 16:42:28
2008-06-06,XRT,16.5,16.5,15.875,15.890000343322754,19407800,12.594075676828638,0.0,1.0,yahoo,2023-12-13 16:42:28
2008-06-09,XRT,16.024999618530273,16.1299991607666,15.725000381469728,15.800000190734863,8031600,12.522743473673946,0.0,1.0,yahoo,2023-12-13 16:42:28
2008-06-10,XRT,15.625,16.094999313354492,15.609999656677246,16.0,15172000,12.681259060761072,0.0,1.0,yahoo,2023-12-13 16:42:28
2008-06-11,XRT,15.989999771118164,15.989999771118164,15.399999618530272,15.399999618530272,11860600,12.205711543637753,0.0,1.0,yahoo,2023-12-13 16:42:28
2008-06-12,XRT,15.720000267028809,16.170000076293945,15.59000015258789,15.725000381469728,20305600,12.463300222999019,0.0,1.0,yahoo,2023-12-13 16:42:28
2008-06-13,XRT,15.824999809265137,16.21500015258789,15.739999771118164,16.21500015258789,10041000,12.851663600327958,0.0,1.0,yahoo,2023-12-13 16:42:28
2008-06-16,XRT,16.25,16.399999618530273,15.96500015258789,16.165000915527344,9922400,12.812035270452634,0.0,1.0,yahoo,2023-12-13 16:42:28
2008-06-17,XRT,16.40999984741211,16.40999984741211,15.925000190734863,15.925000190734863,4430200,12.621815810086142,0.0,1.0,yahoo,2023-12-13 16:42:28
2008-06-18,XRT,15.925000190734863,15.954999923706056,15.505000114440918,15.635000228881836,9480000,12.391968019844326,0.0,1.0,yahoo,2023-12-13 16:42:28
2008-06-19,XRT,15.574999809265137,16.084999084472656,15.574999809265137,16.049999237060547,12771000,12.720887390636397,0.0,1.0,yahoo,2023-12-13 16:42:28
2008-06-20,XRT,15.779999732971191,15.779999732971191,15.335000038146973,15.420000076293944,11654400,12.282401546906398,0.0795,1.0,yahoo,2023-12-13 16:42:28
2008-06-23,XRT,15.44499969482422,15.579999923706056,15.024999618530272,15.125,19549200,12.047426879235639,0.0,1.0,yahoo,2023-12-13 16:42:28
2008-06-24,XRT,15.100000381469728,15.364999771118164,14.765000343322754,15.0649995803833,17106000,11.999635099529481,0.0,1.0,yahoo,2023-12-13 16:42:28
2008-06-25,XRT,15.225000381469728,15.795000076293944,15.135000228881836,15.359999656677246,23457600,12.23460976720024,0.0,1.0,yahoo,2023-12-13 16:42:28
2008-06-26,XRT,15.029999732971191,15.170000076293944,14.824999809265137,14.859999656677246,14346200,11.836347721605675,0.0,1.0,yahoo,2023-12-13 16:42:28
2008-06-27,XRT,14.9399995803833,15.020000457763672,14.529999732971191,14.649999618530272,16903800,11.669077632070971,0.0,1.0,yahoo,2023-12-13 16:42:28
2008-06-30,XRT,14.755000114440918,15.079999923706056,14.539999961853027,14.619999885559082,16847800,11.645182122030178,0.0,1.0,yahoo,2023-12-13 16:42:28
2008-07-01,XRT,14.5,14.829999923706056,14.31999969482422,14.75,18114400,11.748730345039714,0.0,1.0,yahoo,2023-12-13 16:42:28
2008-07-02,XRT,14.899999618530272,15.074999809265137,14.5,14.5,11916000,11.54959932224243,0.0,1.0,yahoo,2023-12-13 16:42:28
2008-07-03,XRT,14.71500015258789,14.755000114440918,14.31999969482422,14.494999885559082,6529800,11.545616610631537,0.0,1.0,yahoo,2023-12-13 16:42:28
2008-07-07,XRT,14.524999618530272,14.859999656677246,14.354999542236328,14.600000381469728,13774200,11.629252035211172,0.0,1.0,yahoo,2023-12-13 16:42:28
2008-07-08,XRT,14.625,14.925000190734863,14.369999885559082,14.78499984741211,22331800,11.776608566691403,0.0,1.0,yahoo,2023-12-13 16:42:28
2008-07-09,XRT,14.954999923706056,14.954999923706056,14.354999542236328,14.354999542236328,15632800,11.434102964400214,0.0,1.0,yahoo,2023-12-13 16:42:28
2008-07-10,XRT,14.399999618530272,14.470000267028809,13.850000381469728,13.880000114440918,18377400,11.055754476860116,0.0,1.0,yahoo,2023-12-13 16:42:28
2008-07-11,XRT,13.734999656677246,14.010000228881836,13.404999732971191,13.765000343322754,24278800,10.964154388683262,0.0,1.0,yahoo,2023-12-13 16:42:28
2008-07-14,XRT,13.984999656677246,14.074999809265137,13.600000381469728,13.600000381469728,9519400,10.83272794402204,0.0,1.0,yahoo,2023-12-13 16:42:28
2008-07-15,XRT,13.5,13.9399995803833,13.15999984741211,13.65999984741211,19503400,10.880518964103628,0.0,1.0,yahoo,2023-12-13 16:42:28
2008-07-16,XRT,13.640000343322754,14.529999732971191,13.640000343322754,14.515000343322754,14679800,11.561547457075113,0.0,1.0,yahoo,2023-12-13 16:42:28
2008-07-17,XRT,14.640000343322754,15.15999984741211,14.234999656677246,14.68000030517578,31155600,11.692973901736336,0.0,1.0,yahoo,2023-12-13 16:42:28
2008-07-18,XRT,14.885000228881836,15.015000343322754,14.4350004196167,14.75,15838200,11.748730345039714,0.0,1.0,yahoo,2023-12-13 16:42:28
2008-07-21,XRT,14.90999984741211,14.970000267028809,14.454999923706056,14.505000114440918,4943400,11.553582033853324,0.0,1.0,yahoo,2023-12-13 16:42:28
2008-07-22,XRT,14.399999618530272,15.199999809265137,14.279999732971191,15.164999961853027,15171200,12.07928781249822,0.0,1.0,yahoo,2023-12-13 16:42:28
2008-07-23,XRT,14.975000381469728,15.960000038146973,14.850000381469728,15.494999885559082,30452600,12.34214070182067,0.0,1.0,yahoo,2023-12-13 16:42:28
2008-07-24,XRT,15.34000015258789,15.5,14.800000190734863,14.800000190734863,14778200,11.788556701524085,0.0,1.0,yahoo,2023-12-13 16:42:28
2008-07-25,XRT,14.800000190734863,15.149999618530272,14.675000190734863,14.850000381469728,16335400,11.828383058008455,0.0,1.0,yahoo,2023-12-13 16:42:28
2008-07-28,XRT,14.664999961853027,14.949999809265137,14.369999885559082,14.369999885559082,9100000,11.446051099232895,0.0,1.0,yahoo,2023-12-13 16:42:28
2008-07-29,XRT,14.449999809265137,15.239999771118164,14.385000228881836,15.239999771118164,11067600,12.139026967412493,0.0,1.0,yahoo,2023-12-13 16:42:28
2008-07-30,XRT,15.25,15.545000076293944,14.795000076293944,15.09000015258789,13837400,12.01954865758395,0.0,1.0,yahoo,2023-12-13 16:42:28
2008-07-31,XRT,15.154999732971191,15.354999542236328,14.78499984741211,15.19499969482422,14902600,12.103183322539017,0.0,1.0,yahoo,2023-12-13 16:42:28
2008-08-01,XRT,15.204999923706056,15.204999923706056,14.729999542236328,15.114999771118164,15724400,12.039461456013852,0.0,1.0,yahoo,2023-12-13 16:42:28
2008-08-04,XRT,14.96500015258789,15.074999809265137,14.625,14.8100004196167,12203200,11.796522124745872,0.0,1.0,yahoo,2023-12-13 16:42:28
2008-08-05,XRT,15.024999618530272,15.789999961853027,15.024999618530272,15.710000038146973,22999800,12.513393502966265,0.0,1.0,yahoo,2023-12-13 16:42:28
2008-08-06,XRT,15.640000343322754,15.640000343322754,15.170000076293944,15.505000114440918,13944600,12.350106125042458,0.0,1.0,yahoo,2023-12-13 16:42:28
2008-08-07,XRT,15.324999809265137,15.354999542236328,15.050000190734863,15.104999542236328,14245600,12.031496032792063,0.0,1.0,yahoo,2023-12-13 16:42:28
2008-08-08,XRT,15.234999656677246,15.94499969482422,15.104999542236328,15.75,16903600,12.545254436228847,0.0,1.0,yahoo,2023-12-13 16:42:28
2008-08-11,XRT,15.904999732971191,16.81999969482422,15.755000114440918,16.024999618530273,34495000,12.764298257456032,0.0,1.0,yahoo,2023-12-13 16:42:28
2008-08-12,XRT,16.149999618530273,16.295000076293945,15.779999732971191,15.84000015258789,24793200,12.6169417259758,0.0,1.0,yahoo,2023-12-13 16:42:28
2008-08-13,XRT,15.75,15.800000190734863,15.255000114440918,15.395000457763672,24934000,12.262488748476498,0.0,1.0,yahoo,2023-12-13 16:42:28
2008-08-14,XRT,15.404999732971191,16.184999465942383,15.390000343322754,15.979999542236328,21759200,12.728454612582555,0.0,1.0,yahoo,2023-12-13 16:42:28
2008-08-15,XRT,15.920000076293944,16.34000015258789,15.899999618530272,16.1200008392334,15437600,12.839969018438445,0.0,1.0,yahoo,2023-12-13 16:42:28
2008-08-18,XRT,16.329999923706055,16.329999923706055,15.8100004196167,15.925000190734863,7898800,12.684646304111858,0.0,1.0,yahoo,2023-12-13 16:42:28
2008-08-19,XRT,15.739999771118164,15.81999969482422,15.350000381469728,15.46500015258789,13722200,12.318245191779875,0.0,1.0,yahoo,2023-12-13 16:42:28
2008-08-20,XRT,15.449999809265137,15.699999809265137,15.289999961853027,15.414999961853027,7745800,12.278418835295504,0.0,1.0,yahoo,2023-12-13 16:42:28
2008-08-21,XRT,15.28499984741211,15.53499984741211,15.1899995803833,15.454999923706056,7079000,12.310279768558088,0.0,1.0,yahoo,2023-12-13 16:42:28
2008-08-22,XRT,15.649999618530272,15.84000015258789,15.55500030517578,15.829999923706056,5680000,12.608976302754014,0.0,1.0,yahoo,2023-12-13 16:42:28
2008-08-25,XRT,15.899999618530272,15.899999618530272,15.34000015258789,15.359999656677246,6644400,12.23460976720024,0.0,1.0,yahoo,2023-12-13 16:42:28
2008-08-26,XRT,15.359999656677246,15.574999809265137,15.25,15.515000343322754,6619200,12.358071548264245,0.0,1.0,yahoo,2023-12-13 16:42:28
2008-08-27,XRT,15.399999618530272,15.720000267028809,15.369999885559082,15.649999618530272,6119000,12.465601723260106,0.0,1.0,yahoo,2023-12-13 16:42:28
2008-08-28,XRT,15.75,16.110000610351562,15.654999732971191,16.110000610351562,8516600,12.832003595216658,0.0,1.0,yahoo,2023-12-13 16:42:28
2008-08-29,XRT,16.040000915527344,16.235000610351562,15.9399995803833,16.104999542236328,5586200,12.828020123981197,0.0,1.0,yahoo,2023-12-13 16:42:28
2008-09-02,XRT,16.360000610351562,16.81999969482422,16.209999084472656,16.3700008392334,22466000,13.039100041235729,0.0,1.0,yahoo,2023-12-13 16:42:28
2008-09-03,XRT,16.395000457763672,16.780000686645508,16.325000762939453,16.700000762939453,20628200,13.301952930558178,0.0,1.0,yahoo,2023-12-13 16:42:28
2008-09-04,XRT,16.5049991607666,16.704999923706055,16.325000762939453,16.325000762939453,26372200,13.003256396362254,0.0,1.0,yahoo,2023-12-13 16:42:28
2008-09-05,XRT,16.200000762939453,16.545000076293945,15.93000030517578,16.545000076293945,22163600,13.178491149494173,0.0,1.0,yahoo,2023-12-13 16:42:28
2008-09-08,XRT,17.155000686645508,17.219999313354492,16.545000076293945,16.975000381469727,34135600,13.520996751785363,0.0,1.0,yahoo,2023-12-13 16:42:28
2008-09-09,XRT,17.125,17.360000610351562,16.670000076293945,16.844999313354492,30596800,13.41744776915126,0.0,1.0,yahoo,2023-12-13 16:42:28
2008-09-10,XRT,16.825000762939453,16.959999084472656,16.395000457763672,16.760000228881836,22498000,13.349743950639768,0.0,1.0,yahoo,2023-12-13 16:42:28
2008-09-11,XRT,16.5,17.0,16.325000762939453,16.954999923706055,21870400,13.505065905341787,0.0,1.0,yahoo,2023-12-13 16:42:28
2008-09-12,XRT,16.75,16.799999237060547,16.40999984741211,16.610000610351562,23569800,13.230265640811226,0.0,1.0,yahoo,2023-12-13 16:42:28
2008-09-15,XRT,16.260000228881836,16.665000915527344,15.859999656677246,16.315000534057617,26940400,12.995290973140465,0.0,1.0,yahoo,2023-12-13 16:42:28
2008-09-16,XRT,15.895000457763672,16.479999542236328,15.649999618530272,16.299999237060547,40595200,12.983342078683215,0.0,1.0,yahoo,2023-12-13 16:42:28
2008-09-17,XRT,16.0049991607666,16.34000015258789,15.425000190734863,15.43000030517578,50549200,12.290366970128185,0.0,1.0,yahoo,2023-12-13 16:42:28
2008-09-18,XRT,15.760000228881836,16.9950008392334,15.265000343322754,16.9950008392334,40763000,13.536927598228937,0.0,1.0,yahoo,2023-12-13 16:42:28
2008-09-19,XRT,16.75,16.75,16.229999542236328,16.75,23241000,13.36852343912643,0.034,1.0,yahoo,2023-12-13 16:42:28
2008-09-22,XRT,16.260000228881836,16.7450008392334,15.6850004196167,15.6850004196167,13225400,12.518525119543506,0.0,1.0,yahoo,2023-12-13 16:42:28
2008-09-23,XRT,15.574999809265137,16.030000686645508,15.524999618530272,15.78499984741211,10757000,12.59833674308871,0.0,1.0,yahoo,2023-12-13 16:42:28
2008-09-24,XRT,15.81999969482422,15.890000343322754,15.460000038146973,15.604999542236328,9239000,12.454674755101108,0.0,1.0,yahoo,2023-12-13 16:42:28
2008-09-25,XRT,15.614999771118164,16.05500030517578,15.614999771118164,15.899999618530272,9536800,12.690120452681983,0.0,1.0,yahoo,2023-12-13 16:42:28
2008-09-26,XRT,15.71500015258789,16.135000228881836,15.479999542236328,16.135000228881836,9025200,12.8776793283652,0.0,1.0,yahoo,2023-12-13 16:42:28
2008-09-29,XRT,15.755000114440918,15.755000114440918,14.770000457763672,15.09000015258789,17596400,12.043643029032394,0.0,1.0,yahoo,2023-12-13 16:42:28
2008-09-30,XRT,14.94499969482422,15.425000190734863,14.824999809265137,15.375,8350600,12.271107335914557,0.0,1.0,yahoo,2023-12-13 16:42:28
2008-10-01,XRT,15.3149995803833,15.3149995803833,14.885000228881836,15.239999771118164,8613400,12.163360844923856,0.0,1.0,yahoo,2023-12-13 16:42:28
2008-10-02,XRT,15.125,15.135000228881836,14.3149995803833,14.670000076293944,13926800,11.708432231159527,0.0,1.0,yahoo,2023-12-13 16:42:28
2008-10-03,XRT,14.90999984741211,14.90999984741211,13.81999969482422,14.100000381469728,19002200,11.253503617395204,0.0,1.0,yahoo,2023-12-13 16:42:28
2008-10-06,XRT,13.550000190734863,13.850000381469728,12.984999656677246,13.539999961853027,25822600,10.806555633182278,0.0,1.0,yahoo,2023-12-13 16:42:28
2008-10-07,XRT,13.94499969482422,14.100000381469728,12.954999923706056,12.989999771118164,20777400,10.367589039668067,0.0,1.0,yahoo,2023-12-13 16:42:28
2008-10-08,XRT,12.34000015258789,13.5,12.34000015258789,12.850000381469728,28204400,10.255852614475321,0.0,1.0,yahoo,2023-12-13 16:42:28
2008-10-09,XRT,12.9350004196167,13.21500015258789,11.649999618530272,11.649999618530272,24068200,9.298107042754381,0.0,1.0,yahoo,2023-12-13 16:42:28
2008-10-10,XRT,11.020000457763672,12.3149995803833,10.829999923706056,11.979999542236328,33128600,9.561486846633448,0.0,1.0,yahoo,2023-12-13 16:42:28
2008-10-13,XRT,12.255000114440918,12.640000343322754,12.170000076293944,12.604999542236328,12405800,10.060312348093388,0.0,1.0,yahoo,2023-12-13 16:42:28
2008-10-14,XRT,13.229999542236328,13.479999542236328,11.744999885559082,12.225000381469728,16747600,9.75702711301538,0.0,1.0,yahoo,2023-12-13 16:42:28
2008-10-15,XRT,11.699999809265137,11.984999656677246,10.739999771118164,10.739999771118164,16828400,8.571817234412277,0.0,1.0,yahoo,2023-12-13 16:42:28
2008-10-16,XRT,11.19499969482422,11.385000228881836,10.425000190734863,11.350000381469728,21632200,9.058671410971462,0.0,1.0,yahoo,2023-12-13 16:42:28
2008-10-17,XRT,11.015000343322754,11.68000030517578,10.949999809265137,11.375,18744800,9.078624126570933,0.0,1.0,yahoo,2023-12-13 16:42:28
2008-10-20,XRT,11.5,11.579999923706056,11.135000228881836,11.420000076293944,8651200,9.114539623567833,0.0,1.0,yahoo,2023-12-13 16:42:28
2008-10-21,XRT,11.449999809265137,11.640000343322754,11.130000114440918,11.154999732971191,6744400,8.903037336935787,0.0,1.0,yahoo,2023-12-13 16:42:28
2008-10-22,XRT,11.0,11.104999542236328,10.204999923706056,10.550000190734863,14052600,8.420174616873272,0.0,1.0,yahoo,2023-12-13 16:42:28
2008-10-23,XRT,10.75,10.75,9.739999771118164,10.1899995803833,12591400,8.132850640898068,0.0,1.0,yahoo,2023-12-13 16:42:28
2008-10-24,XRT,9.4350004196167,10.149999618530272,9.404999732971191,9.885000228881836,10970800,7.889424313765788,0.0,1.0,yahoo,2023-12-13 16:42:28
2008-10-27,XRT,9.574999809265137,10.354999542236328,9.574999809265137,9.744999885559082,8416800,7.777687127425729,0.0,1.0,yahoo,2023-12-13 16:42:28
2008-10-28,XRT,9.770000457763672,10.774999618530272,9.5649995803833,10.59000015258789,12040200,8.452099418520817,0.0,1.0,yahoo,2023-12-13 16:42:28
2008-10-29,XRT,10.765000343322754,11.505000114440918,10.470000267028809,10.984999656677246,14947800,8.767356739646898,0.0,1.0,yahoo,2023-12-13 16:42:28
2008-10-30,XRT,11.09000015258789,11.585000038146973,10.954999923706056,11.229999542236328,10879800,8.962896244881518,0.0,1.0,yahoo,2023-12-13 16:42:28
2008-10-31,XRT,11.154999732971191,11.8149995803833,11.095000267028809,11.55500030517578,12010000,9.222286114558534,0.0,1.0,yahoo,2023-12-13 16:42:28
2008-11-03,XRT,11.460000038146973,11.675000190734863,11.109999656677246,11.175000190734863,10318800,8.919000118333214,0.0,1.0,yahoo,2023-12-13 16:42:28
2008-11-04,XRT,11.5600004196167,11.579999923706056,11.015000343322754,11.350000381469728,6257000,9.058671410971462,0.0,1.0,yahoo,2023-12-13 16:42:28
2008-11-05,XRT,11.05500030517578,11.289999961853027,10.529999732971191,10.529999732971191,10912800,8.404211835475845,0.0,1.0,yahoo,2023-12-13 16:42:28
2008-11-06,XRT,10.529999732971191,10.970000267028809,10.380000114440918,10.43000030517578,12793600,8.324400211930639,0.0,1.0,yahoo,2023-12-13 16:42:28
2008-11-07,XRT,10.44499969482422,10.649999618530272,10.234999656677246,10.460000038146973,7203200,8.34834362287947,0.0,1.0,yahoo,2023-12-13 16:42:28
2008-11-10,XRT,10.4350004196167,10.729999542236328,10.005000114440918,10.149999618530272,5739600,8.100925839250522,0.0,1.0,yahoo,2023-12-13 16:42:28
2008-11-11,XRT,9.914999961853027,10.130000114440918,9.630000114440918,9.800000190734863,7893400,7.821584015121343,0.0,1.0,yahoo,2023-12-13 16:42:28
2008-11-12,XRT,9.5600004196167,9.619999885559082,9.204999923706056,9.210000038146973,7701600,7.350692619959589,0.0,1.0,yahoo,2023-12-13 16:42:28
2008-11-13,XRT,9.385000228881836,9.899999618530272,8.600000381469727,9.899999618530272,20157800,7.901395638666546,0.0,1.0,yahoo,2023-12-13 16:42:28
2008-11-14,XRT,9.8100004196167,9.890000343322754,9.220000267028809,9.225000381469728,7015200,7.362664706007661,0.0,1.0,yahoo,2023-12-13 16:42:28
2008-11-17,XRT,8.979999542236328,9.204999923706056,8.789999961853027,8.800000190734863,10641400,7.023463212785437,0.0,1.0,yahoo,2023-12-13 16:42:28
2008-11-18,XRT,8.720000267028809,8.984999656677246,8.364999771118164,8.515000343322754,6693600,6.795998905903273,0.0,1.0,yahoo,2023-12-13 16:42:28
2008-11-19,XRT,8.699999809265137,8.699999809265137,7.875,8.0,11692800,6.38496641868725,0.0,1.0,yahoo,2023-12-13 16:42:28
2008-11-20,XRT,7.769999980926514,8.364999771118164,7.610000133514404,7.650000095367432,13254200,6.105624213984414,0.0,1.0,yahoo,2023-12-13 16:42:28
2008-11-21,XRT,8.0,8.0,7.40500020980835,7.934999942779541,11316600,6.3330885208665775,0.0,1.0,yahoo,2023-12-13 16:42:28
2008-11-24,XRT,8.114999771118164,8.845000267028809,7.90500020980835,8.680000305175781,10402600,6.927688807842805,0.0,1.0,yahoo,2023-12-13 16:42:28
2008-11-25,XRT,8.850000381469727,9.0600004196167,8.414999961853027,8.835000038146973,20126000,7.051397319083624,0.0,1.0,yahoo,2023-12-13 16:42:28
2008-11-26,XRT,8.654999732971191,9.46500015258789,8.569999694824219,9.350000381469728,11615400,7.462429806299649,0.0,1.0,yahoo,2023-12-13 16:42:28
2008-11-28,XRT,9.3149995803833,9.350000381469728,9.130000114440918,9.21500015258789,7301200,7.354683315308946,0.0,1.0,yahoo,2023-12-13 16:42:28
2008-12-01,XRT,8.994999885559082,9.010000228881836,8.270000457763672,8.279999732971191,10775200,6.6084400302200565,0.0,1.0,yahoo,2023-12-13 16:42:28
2008-12-02,XRT,8.425000190734863,8.635000228881836,8.234999656677246,8.515000343322754,18383200,6.795998905903273,0.0,1.0,yahoo,2023-12-13 16:42:28
2008-12-03,XRT,8.274999618530273,8.875,8.265000343322754,8.869999885559082,29604600,7.0793314253818105,0.0,1.0,yahoo,2023-12-13 16:42:28
2008-12-04,XRT,8.699999809265137,9.510000228881836,8.694999694824219,9.154999732971191,24078400,7.306795732263974,0.0,1.0,yahoo,2023-12-13 16:42:28
2008-12-05,XRT,8.994999885559082,9.845000267028809,8.859999656677246,9.80500030517578,23736200,7.825574710470699,0.0,1.0,yahoo,2023-12-13 16:42:28
2008-12-08,XRT,10.079999923706056,10.279999732971191,9.869999885559082,10.050000190734863,18282200,8.02111421570532,0.0,1.0,yahoo,2023-12-13 16:42:28
2008-12-09,XRT,9.979999542236328,10.239999771118164,9.545000076293944,9.640000343322754,12160800,7.693884808531168,0.0,1.0,yahoo,2023-12-13 16:42:28
2008-12-10,XRT,9.65999984741211,10.06999969482422,9.625,9.920000076293944,11299800,7.917358420063973,0.0,1.0,yahoo,2023-12-13 16:42:28
2008-12-11,XRT,9.779999732971191,9.84000015258789,9.30500030517578,9.4350004196167,9139000,7.530270104944091,0.0,1.0,yahoo,2023-12-13 16:42:28
2008-12-12,XRT,9.125,9.65999984741211,9.104999542236328,9.609999656677246,9630600,7.669940636435027,0.0,1.0,yahoo,2023-12-13 16:42:28
2008-12-15,XRT,9.664999961853027,9.670000076293944,9.135000228881836,9.30500030517578,8142000,7.426514309302745,0.0,1.0,yahoo,2023-12-13 16:42:28
2008-12-16,XRT,9.869999885559082,9.899999618530272,9.395000457763672,9.869999885559082,14243400,7.877452227717717,0.0,1.0,yahoo,2023-12-13 16:42:28
2008-12-17,XRT,9.8100004196167,10.30500030517578,9.6899995803833,10.170000076293944,10640800,8.11688862064795,0.0,1.0,yahoo,2023-12-13 16:42:28
2008-12-18,XRT,10.220000267028809,10.28499984741211,9.899999618530272,10.079999923706056,11485600,8.04505762665415,0.0,1.0,yahoo,2023-12-13 16:42:28
2008-12-19,XRT,10.079999923706056,10.125,9.670000076293944,10.050000190734863,15802600,8.12183137137054,0.125,1.0,yahoo,2023-12-13 16:42:28
2008-12-22,XRT,10.045000076293944,10.104999542236328,9.550000190734863,9.664999961853027,6525400,7.810696358676705,0.0,1.0,yahoo,2023-12-13 16:42:28
2008-12-23,XRT,9.8100004196167,9.829999923706056,9.53499984741211,9.600000381469728,4452000,7.758167441157909,0.0,1.0,yahoo,2023-12-13 16:42:28
2008-12-24,XRT,9.574999809265137,9.6899995803833,9.475000381469728,9.604999542236328,1976400,7.762207474986179,0.0,1.0,yahoo,2023-12-13 16:42:28
2008-12-26,XRT,9.710000038146973,9.774999618530272,9.640000343322754,9.6850004196167,4137400,7.826859576808434,0.0,1.0,yahoo,2023-12-13 16:42:28
2008-12-29,XRT,9.699999809265137,9.739999771118164,9.399999618530272,9.550000190734863,4243200,7.717760166533246,0.0,1.0,yahoo,2023-12-13 16:42:28
2008-12-30,XRT,9.600000381469728,9.864999771118164,9.5649995803833,9.829999923706056,6239800,7.944039825444827,0.0,1.0,yahoo,2023-12-13 16:42:28
2008-12-31,XRT,9.850000381469728,10.265000343322754,9.835000038146973,10.1850004196167,8767200,8.230930781645728,0.0,1.0,yahoo,2023-12-13 16:42:28
2009-01-02,XRT,10.1899995803833,10.699999809265137,10.154999732971191,10.604999542236328,9262200,8.570349884660768,0.0,1.0,yahoo,2023-12-13 16:42:28
2009-01-05,XRT,10.614999771118164,10.800000190734863,10.494999885559082,10.725000381469728,8193200,8.66732765204182,0.0,1.0,yahoo,2023-12-13 16:42:28
2009-01-06,XRT,10.78499984741211,10.96500015258789,10.645000457763672,10.835000038146973,11648800,8.756223039652346,0.0,1.0,yahoo,2023-12-13 16:42:28
2009-01-07,XRT,10.670000076293944,10.755000114440918,10.470000267028809,10.600000381469728,8937800,8.566309850832496,0.0,1.0,yahoo,2023-12-13 16:42:28
2009-01-08,XRT,10.550000190734863,10.81999969482422,10.335000038146973,10.795000076293944,11605000,8.723897374093546,0.0,1.0,yahoo,2023-12-13 16:42:28
2009-01-09,XRT,10.800000190734863,10.800000190734863,10.369999885559082,10.399999618530272,12394800,8.404680752333848,0.0,1.0,yahoo,2023-12-13 16:42:28
2009-01-12,XRT,10.414999961853027,10.4350004196167,10.06999969482422,10.149999618530272,9819000,8.2026451499152,0.0,1.0,yahoo,2023-12-13 16:42:28
2009-01-13,XRT,10.119999885559082,10.364999771118164,10.005000114440918,10.15999984741211,7177800,8.210726758981068,0.0,1.0,yahoo,2023-12-13 16:42:28
2009-01-14,XRT,9.975000381469728,9.975000381469728,9.760000228881836,9.795000076293944,15134400,7.9157549644189595,0.0,1.0,yahoo,2023-12-13 16:42:28
2009-01-15,XRT,9.795000076293944,10.34000015258789,9.640000343322754,10.100000381469728,25608800,8.162238645995203,0.0,1.0,yahoo,2023-12-13 16:42:28
2009-01-16,XRT,10.279999732971191,10.369999885559082,9.960000038146973,10.289999961853027,14787400,8.315785364723322,0.0,1.0,yahoo,2023-12-13 16:42:28
2009-01-20,XRT,10.244999885559082,10.270000457763672,9.609999656677246,9.699999809265137,14785600,7.83898121970257,0.0,1.0,yahoo,2023-12-13 16:42:28
2009-01-21,XRT,9.8149995803833,10.0,9.5600004196167,9.970000267028809,12477600,8.057180040252945,0.0,1.0,yahoo,2023-12-13 16:42:28
2009-01-22,XRT,9.859999656677246,10.170000076293944,9.65999984741211,9.954999923706056,17141800,8.04505762665415,0.0,1.0,yahoo,2023-12-13 16:42:28
2009-01-23,XRT,9.75,10.170000076293944,9.664999961853027,10.0,13236000,8.081424096745879,0.0,1.0,yahoo,2023-12-13 16:42:28
2009-01-26,XRT,10.029999732971191,10.345000267028809,9.975000381469728,10.145000457763672,13602800,8.19860511608693,0.0,1.0,yahoo,2023-12-13 16:42:28
2009-01-27,XRT,10.1850004196167,10.34000015258789,10.039999961853027,10.140000343322754,7484200,8.194564311553998,0.0,1.0,yahoo,2023-12-13 16:42:28
2009-01-28,XRT,10.3100004196167,10.725000381469728,10.3100004196167,10.585000038146973,11146600,8.554187437233699,0.0,1.0,yahoo,2023-12-13 16:42:28
2009-01-29,XRT,10.449999809265137,10.520000457763672,10.149999618530272,10.164999961853027,14007600,8.214767563513998,0.0,1.0,yahoo,2023-12-13 16:42:28
2009-01-30,XRT,10.225000381469728,10.28499984741211,9.760000228881836,9.835000038146973,22114000,7.948080629977758,0.0,1.0,yahoo,2023-12-13 16:42:28
2009-02-02,XRT,9.699999809265137,9.9350004196167,9.625,9.774999618530272,19567800,7.89959174628723,0.0,1.0,yahoo,2023-12-13 16:42:28
2009-02-03,XRT,9.84000015258789,10.09000015258789,9.609999656677246,9.979999542236328,12841800,8.065260878614149,0.0,1.0,yahoo,2023-12-13 16:42:28
2009-02-04,XRT,10.0,10.045000076293944,9.760000228881836,9.760000228881836,23689600,7.887470103393095,0.0,1.0,yahoo,2023-12-13 16:42:28
2009-02-05,XRT,9.78499984741211,10.1899995803833,9.739999771118164,10.09000015258789,16939800,8.154157036929337,0.0,1.0,yahoo,2023-12-13 16:42:28
2009-02-06,XRT,10.19499969482422,10.654999732971191,10.109999656677246,10.524999618530272,26582800,8.505698553543171,0.0,1.0,yahoo,2023-12-13 16:42:28
2009-02-09,XRT,10.484999656677246,10.579999923706056,10.324999809265137,10.494999885559082,8618600,8.48145449705024,0.0,1.0,yahoo,2023-12-13 16:42:28
2009-02-10,XRT,10.364999771118164,10.529999732971191,9.975000381469728,10.045000076293944,21962600,8.117790566837606,0.0,1.0,yahoo,2023-12-13 16:42:28
2009-02-11,XRT,10.109999656677246,10.170000076293944,9.920000076293944,10.0600004196167,10127600,8.129912980436403,0.0,1.0,yahoo,2023-12-13 16:42:28
2009-02-12,XRT,9.885000228881836,10.15999984741211,9.755000114440918,10.125,17455200,8.182441897955202,0.0,1.0,yahoo,2023-12-13 16:42:28
2009-02-13,XRT,10.119999885559082,10.270000457763672,9.994999885559082,10.029999732971191,8405800,8.105668153238812,0.0,1.0,yahoo,2023-12-13 16:42:28
2009-02-17,XRT,9.69499969482422,9.890000343322754,9.640000343322754,9.729999542236328,17031000,7.863225276195503,0.0,1.0,yahoo,2023-12-13 16:42:28
2009-02-18,XRT,9.8149995803833,9.890000343322754,9.595000267028809,9.734999656677246,17868600,7.867266080728435,0.0,1.0,yahoo,2023-12-13 16:42:28
2009-02-19,XRT,9.949999809265137,10.149999618530272,9.875,9.904999732971191,13614200,8.004650352029488,0.0,1.0,yahoo,2023-12-13 16:42:28
2009-02-20,XRT,9.704999923706056,10.05500030517578,9.675000190734863,9.94499969482422,20918600,8.036976017588286,0.0,1.0,yahoo,2023-12-13 16:42:28
2009-02-23,XRT,10.039999961853027,10.119999885559082,9.645000457763672,9.6850004196167,12321600,7.826859576808434,0.0,1.0,yahoo,2023-12-13 16:42:28
2009-02-24,XRT,9.734999656677246,10.130000114440918,9.69499969482422,10.050000190734863,14144800,8.12183137137054,0.0,1.0,yahoo,2023-12-13 16:42:28
2009-02-25,XRT,10.020000457763672,10.25,9.8149995803833,10.03499984741211,13022600,8.109708957771744,0.0,1.0,yahoo,2023-12-13 16:42:28
2009-02-26,XRT,10.145000457763672,10.149999618530272,9.734999656677246,9.770000457763672,16185200,7.89555171245896,0.0,1.0,yahoo,2023-12-13 16:42:28
2009-02-27,XRT,9.630000114440918,10.074999809265137,9.585000038146973,9.904999732971191,19947200,8.004650352029488,0.0,1.0,yahoo,2023-12-13 16:42:28
2009-03-02,XRT,9.734999656677246,9.895000457763672,9.489999771118164,9.53499984741211,14400200,7.705637752934449,0.0,1.0,yahoo,2023-12-13 16:42:28
2009-03-03,XRT,9.699999809265137,9.710000038146973,9.324999809265137,9.399999618530272,14778400,7.59653834265926,0.0,1.0,yahoo,2023-12-13 16:42:28
2009-03-04,XRT,9.539999961853027,9.755000114440918,9.364999771118164,9.630000114440918,11286800,7.78241149765084,0.0,1.0,yahoo,2023-12-13 16:42:28
2009-03-05,XRT,9.375,9.59000015258789,9.1899995803833,9.279999732971191,21622400,7.499561345982871,0.0,1.0,yahoo,2023-12-13 16:42:28
2009-03-06,XRT,9.385000228881836,9.420000076293944,8.925000190734863,9.149999618530272,19420400,7.394502740240613,0.0,1.0,yahoo,2023-12-13 16:42:28
2009-03-09,XRT,9.204999923706056,9.390000343322754,8.960000038146973,9.135000228881836,11274200,7.382381097346478,0.0,1.0,yahoo,2023-12-13 16:42:28
2009-03-10,XRT,9.404999732971191,9.875,9.295000076293944,9.829999923706056,26486600,7.944039825444827,0.0,1.0,yahoo,2023-12-13 16:42:28
2009-03-11,XRT,9.975000381469728,10.149999618530272,9.824999809265137,9.9350004196167,13657400,8.02889517922708,0.0,1.0,yahoo,2023-12-13 16:42:28
2009-03-12,XRT,9.914999961853027,10.359999656677246,9.800000190734863,10.30500030517578,15947200,8.327907778322118,0.0,1.0,yahoo,2023-12-13 16:42:28
2009-03-13,XRT,10.369999885559082,10.489999771118164,10.234999656677246,10.414999961853027,12387800,8.416803165932645,0.0,1.0,yahoo,2023-12-13 16:42:28
2009-03-16,XRT,10.515000343322754,10.5649995803833,10.234999656677246,10.255000114440918,6581800,8.287500503697457,0.0,1.0,yahoo,2023-12-13 16:42:28
2009-03-17,XRT,10.28499984741211,10.6850004196167,10.225000381469728,10.675000190734863,16665600,8.626920377417157,0.0,1.0,yahoo,2023-12-13 16:42:28
2009-03-18,XRT,10.579999923706056,11.15999984741211,10.579999923706056,11.0,15521200,8.889566506420467,0.0,1.0,yahoo,2023-12-13 16:42:28
2009-03-19,XRT,11.1850004196167,11.19499969482422,10.885000228881836,10.954999923706056,13537000,8.853200036328738,0.0,1.0,yahoo,2023-12-13 16:42:28
2009-03-20,XRT,11.0,11.0,10.470000267028809,10.664999961853027,25945000,8.631050661202075,0.0155,1.0,yahoo,2023-12-13 16:42:28
2009-03-23,XRT,10.770000457763672,11.364999771118164,10.71500015258789,11.354999542236328,26398200,9.189458664558664,0.0,1.0,yahoo,2023-12-13 16:42:28
2009-03-24,XRT,11.095000267028809,11.585000038146973,11.095000267028809,11.289999961853027,20370000,9.136855319668667,0.0,1.0,yahoo,2023-12-13 16:42:28
2009-03-25,XRT,11.44499969482422,11.729999542236328,10.970000267028809,11.364999771118164,17568600,9.197551724325328,0.0,1.0,yahoo,2023-12-13 16:42:28
2009-03-26,XRT,11.475000381469728,11.970000267028809,11.425000190734863,11.920000076293944,20745400,9.64670650801859,0.0,1.0,yahoo,2023-12-13 16:42:28
2009-03-27,XRT,11.795000076293944,11.890000343322754,11.649999618530272,11.739999771118164,17168000,9.501034519405282,0.0,1.0,yahoo,2023-12-13 16:42:28
2009-03-30,XRT,11.545000076293944,11.550000190734863,11.25,11.484999656677246,11166400,9.294666126135313,0.0,1.0,yahoo,2023-12-13 16:42:28
2009-03-31,XRT,11.59000015258789,11.675000190734863,11.244999885559082,11.454999923706056,17190000,9.270387718631984,0.0,1.0,yahoo,2023-12-13 16:42:28
2009-04-01,XRT,11.34000015258789,11.704999923706056,11.204999923706056,11.704999923706056,21011200,9.47270958201862,0.0,1.0,yahoo,2023-12-13 16:42:28
2009-04-02,XRT,11.93000030517578,12.399999618530272,11.869999885559082,12.19499969482422,18096000,9.869260249025231,0.0,1.0,yahoo,2023-12-13 16:42:28
2009-04-03,XRT,12.18000030517578,12.40999984741211,12.050000190734863,12.380000114440918,15129200,10.01897876752187,0.0,1.0,yahoo,2023-12-13 16:42:28
2009-04-06,XRT,12.289999961853027,12.345000267028809,11.9350004196167,12.1899995803833,23830600,9.865213719141897,0.0,1.0,yahoo,2023-12-13 16:42:28
2009-04-07,XRT,11.994999885559082,12.045000076293944,11.69499969482422,11.729999542236328,18543200,9.492941459638619,0.0,1.0,yahoo,2023-12-13 16:42:28
2009-04-08,XRT,11.800000190734863,12.135000228881836,11.800000190734863,12.130000114440918,15081400,9.816656904135234,0.0,1.0,yahoo,2023-12-13 16:42:28
2009-04-09,XRT,12.4350004196167,12.854999542236328,12.324999809265137,12.850000381469728,21516400,10.399344086791816,0.0,1.0,yahoo,2023-12-13 16:42:28
2009-04-13,XRT,12.829999923706056,12.885000228881836,12.574999809265137,12.81999969482422,18175800,10.375064907491824,0.0,1.0,yahoo,2023-12-13 16:42:28
2009-04-14,XRT,12.53499984741211,12.710000038146973,12.395000457763672,12.494999885559082,25856000,10.112046639448526,0.0,1.0,yahoo,2023-12-13 16:42:28
2009-04-15,XRT,12.395000457763672,12.520000457763672,12.210000038146973,12.4350004196167,20340800,10.063489824441863,0.0,1.0,yahoo,2023-12-13 16:42:28
2009-04-16,XRT,12.550000190734863,13.039999961853027,12.475000381469728,12.960000038146973,19056200,10.488365428835136,0.0,1.0,yahoo,2023-12-13 16:42:28
2009-04-17,XRT,13.05500030517578,13.229999542236328,12.765000343322754,13.154999732971191,17050000,10.646176235301782,0.0,1.0,yahoo,2023-12-13 16:42:28
2009-04-20,XRT,12.880000114440918,12.979999542236328,12.529999732971191,12.614999771118164,25681000,10.209161041258513,0.0,1.0,yahoo,2023-12-13 16:42:28
2009-04-21,XRT,12.43000030517578,13.06999969482422,12.380000114440918,12.984999656677246,32629800,10.508597306455137,0.0,1.0,yahoo,2023-12-13 16:42:28
2009-04-22,XRT,12.65999984741211,13.654999732971191,12.65999984741211,13.25,36543200,10.723058759491769,0.0,1.0,yahoo,2023-12-13 16:42:28
2009-04-23,XRT,13.390000343322754,13.484999656677246,12.904999732971191,13.1899995803833,43364000,10.674501172688446,0.0,1.0,yahoo,2023-12-13 16:42:28
2009-04-24,XRT,13.3149995803833,13.630000114440918,13.154999732971191,13.420000076293944,23303200,10.860637688338414,0.0,1.0,yahoo,2023-12-13 16:42:28
2009-04-27,XRT,13.274999618530272,13.524999618530272,13.100000381469728,13.225000381469728,23146000,10.70282688187177,0.0,1.0,yahoo,2023-12-13 16:42:28
2009-04-28,XRT,13.05500030517578,13.53499984741211,13.039999961853027,13.255000114440918,27885400,10.727105289375102,0.0,1.0,yahoo,2023-12-13 16:42:28
2009-04-29,XRT,13.414999961853027,13.755000114440918,13.335000038146973,13.399999618530272,26430400,10.844451568805086,0.0,1.0,yahoo,2023-12-13 16:42:28
2009-04-30,XRT,13.59000015258789,14.05500030517578,13.494999885559082,13.850000381469728,29959000,11.208631540338363,0.0,1.0,yahoo,2023-12-13 16:42:28
2009-05-01,XRT,13.824999809265137,13.869999885559082,13.56999969482422,13.619999885559082,32675200,11.022495024688393,0.0,1.0,yahoo,2023-12-13 16:42:28
2009-05-04,XRT,13.84000015258789,14.274999618530272,13.725000381469728,14.25,31001000,11.532346213038318,0.0,1.0,yahoo,2023-12-13 16:42:28
2009-05-05,XRT,14.204999923706056,14.34000015258789,14.104999542236328,14.274999618530272,17197400,11.552578090658317,0.0,1.0,yahoo,2023-12-13 16:42:28
2009-05-06,XRT,14.494999885559082,14.59000015258789,13.829999923706056,14.100000381469728,50979800,11.410953403725001,0.0,1.0,yahoo,2023-12-13 16:42:28
2009-05-07,XRT,14.324999809265137,14.385000228881836,13.579999923706056,13.675000190734863,61869600,11.067006081608385,0.0,1.0,yahoo,2023-12-13 16:42:28
2009-05-08,XRT,13.6899995803833,14.020000457763672,13.385000228881836,13.65999984741211,38346200,11.05486649195839,0.0,1.0,yahoo,2023-12-13 16:42:28
2009-05-11,XRT,13.399999618530272,13.734999656677246,13.1850004196167,13.520000457763672,31423800,10.941566742411734,0.0,1.0,yahoo,2023-12-13 16:42:28
2009-05-12,XRT,13.600000381469728,13.744999885559082,13.0649995803833,13.25,37200000,10.723058759491769,0.0,1.0,yahoo,2023-12-13 16:42:28
2009-05-13,XRT,12.989999771118164,13.03499984741211,12.675000190734863,12.760000228881836,55407200,10.32650809248516,0.0,1.0,yahoo,2023-12-13 16:42:28
2009-05-14,XRT,12.68000030517578,13.100000381469728,12.604999542236328,12.854999542236328,35045600,10.403389844878486,0.0,1.0,yahoo,2023-12-13 16:42:28
2009-05-15,XRT,12.789999961853027,13.220000267028809,12.725000381469728,12.78499984741211,36193200,10.346739970105158,0.0,1.0,yahoo,2023-12-13 16:42:28
2009-05-18,XRT,12.984999656677246,13.324999809265137,12.904999732971191,13.28499984741211,38264200,10.751383696878433,0.0,1.0,yahoo,2023-12-13 16:42:28
2009-05-19,XRT,13.270000457763672,13.595000267028809,13.170000076293944,13.43000030517578,36697400,10.868730748105078,0.0,1.0,yahoo,2023-12-13 16:42:28
2009-05-20,XRT,13.635000228881836,13.984999656677246,13.210000038146973,13.270000457763672,44807600,10.739244879025097,0.0,1.0,yahoo,2023-12-13 16:42:28
2009-05-21,XRT,13.170000076293944,13.329999923706056,12.84000015258789,13.005000114440918,42433400,10.524783425988463,0.0,1.0,yahoo,2023-12-13 16:42:28
2009-05-22,XRT,13.145000457763672,13.289999961853027,12.864999771118164,13.079999923706056,23877600,10.585479830645125,0.0,1.0,yahoo,2023-12-13 16:42:28
2009-05-26,XRT,12.920000076293944,13.71500015258789,12.890000343322754,13.635000228881836,46546200,11.034634614338389,0.0,1.0,yahoo,2023-12-13 16:42:28
2009-05-27,XRT,13.609999656677246,13.94499969482422,13.404999732971191,13.4399995803833,34810800,10.876823036075084,0.0,1.0,yahoo,2023-12-13 16:42:28
2009-05-28,XRT,13.585000038146973,13.675000190734863,13.125,13.354999542236328,42974800,10.80803357165176,0.0,1.0,yahoo,2023-12-13 16:42:28
2009-05-29,XRT,13.460000038146973,13.75,13.390000343322754,13.744999885559082,25393400,11.123655956381711,0.0,1.0,yahoo,2023-12-13 16:42:28
2009-06-01,XRT,14.020000457763672,14.670000076293944,13.93000030517578,14.545000076293944,56536800,11.771086073578282,0.0,1.0,yahoo,2023-12-13 16:42:28
2009-06-02,XRT,14.40999984741211,14.8100004196167,14.385000228881836,14.670000076293944,24698000,11.8722470052716,0.0,1.0,yahoo,2023-12-13 16:42:28
2009-06-03,XRT,14.5,14.585000038146973,14.3100004196167,14.545000076293944,35986800,11.771086073578282,0.0,1.0,yahoo,2023-12-13 16:42:28
2009-06-04,XRT,14.454999923706056,14.454999923706056,14.0600004196167,14.3100004196167,48241800,11.580903799841641,0.0,1.0,yahoo,2023-12-13 16:42:28
2009-06-05,XRT,14.380000114440918,14.5600004196167,14.010000228881836,14.25,23746400,11.532346213038318,0.0,1.0,yahoo,2023-12-13 16:42:28
2009-06-08,XRT,14.1899995803833,14.380000114440918,13.93000030517578,14.255000114440918,20382800,11.53639274292165,0.0,1.0,yahoo,2023-12-13 16:42:28
2009-06-09,XRT,14.350000381469728,14.5,14.274999618530272,14.420000076293944,19716400,11.669925141884962,0.0,1.0,yahoo,2023-12-13 16:42:28
2009-06-10,XRT,14.529999732971191,14.574999809265137,14.005000114440918,14.225000381469728,31158800,11.51211433541832,0.0,1.0,yahoo,2023-12-13 16:42:28
2009-06-11,XRT,14.149999618530272,14.3100004196167,13.890000343322754,13.920000076293944,45758200,11.265281415111689,0.0,1.0,yahoo,2023-12-13 16:42:28
2009-06-12,XRT,13.890000343322754,14.085000038146973,13.600000381469728,14.050000190734863,51099400,11.37048887668834,0.0,1.0,yahoo,2023-12-13 16:42:28
2009-06-15,XRT,13.739999771118164,13.904999732971191,13.53499984741211,13.78499984741211,32470800,11.156027423651707,0.0,1.0,yahoo,2023-12-13 16:42:28
2009-06-16,XRT,13.81999969482422,13.824999809265137,13.244999885559082,13.25,36516400,10.723058759491769,0.0,1.0,yahoo,2023-12-13 16:42:28
2009-06-17,XRT,13.244999885559082,13.625,13.0649995803833,13.425000190734863,65777200,10.864684218221747,0.0,1.0,yahoo,2023-12-13 16:42:28
2009-06-18,XRT,13.510000228881836,13.604999542236328,13.270000457763672,13.505000114440918,26029200,10.929427152761738,0.0,1.0,yahoo,2023-12-13 16:42:28
2009-06-19,XRT,13.494999885559082,13.725000381469728,13.494999885559082,13.600000381469728,34976400,11.039415662181618,0.0405,1.0,yahoo,2023-12-13 16:42:28
2009-06-22,XRT,13.510000228881836,13.614999771118164,13.34000015258789,13.404999732971191,36777400,10.88112940094714,0.0,1.0,yahoo,2023-12-13 16:42:28
2009-06-23,XRT,13.524999618530272,13.524999618530272,13.109999656677246,13.15999984741211,34748800,10.68225767315228,0.0,1.0,yahoo,2023-12-13 16:42:28
2009-06-24,XRT,13.255000114440918,13.489999771118164,13.154999732971191,13.274999618530272,32846600,10.775605484830205,0.0,1.0,yahoo,2023-12-13 16:42:28
2009-06-25,XRT,13.255000114440918,13.824999809265137,13.244999885559082,13.75,37122200,11.161173610099073,0.0,1.0,yahoo,2023-12-13 16:42:28
2009-06-26,XRT,13.664999961853027,13.949999809265137,13.640000343322754,13.789999961853027,26022400,11.19364244781827,0.0,1.0,yahoo,2023-12-13 16:42:28
2009-06-29,XRT,13.850000381469728,14.05500030517578,13.670000076293944,13.885000228881836,31522800,11.270756227695674,0.0,1.0,yahoo,2023-12-13 16:42:28
2009-06-30,XRT,13.994999885559082,14.109999656677246,13.71500015258789,13.854999542236328,34725800,11.24640401881766,0.0,1.0,yahoo,2023-12-13 16:42:28
2009-07-01,XRT,13.895000457763672,14.199999809265137,13.845000267028809,13.9350004196167,45536600,11.311342468374212,0.0,1.0,yahoo,2023-12-13 16:42:28
2009-07-02,XRT,13.78499984741211,13.9350004196167,13.295000076293944,13.329999923706056,48648000,10.820250426988414,0.0,1.0,yahoo,2023-12-13 16:42:28
2009-07-06,XRT,13.204999923706056,13.5,13.029999732971191,13.324999809265137,40592600,10.816191725508743,0.0,1.0,yahoo,2023-12-13 16:42:28
2009-07-07,XRT,13.295000076293944,13.329999923706056,12.989999771118164,13.03499984741211,27421800,10.580792458515017,0.0,1.0,yahoo,2023-12-13 16:42:28
2009-07-08,XRT,13.029999732971191,13.359999656677246,12.949999809265137,13.30500030517578,59957600,10.799957693708219,0.0,1.0,yahoo,2023-12-13 16:42:28
2009-07-09,XRT,13.46500015258789,13.494999885559082,13.154999732971191,13.335000038146973,31862400,10.824309128468082,0.0,1.0,yahoo,2023-12-13 16:42:28
2009-07-10,XRT,13.19499969482422,13.470000267028809,13.114999771118164,13.295000076293944,23989400,10.791840290748882,0.0,1.0,yahoo,2023-12-13 16:42:28
2009-07-13,XRT,13.44499969482422,13.710000038146973,13.0600004196167,13.65999984741211,42401200,11.088118531701337,0.0,1.0,yahoo,2023-12-13 16:42:28
2009-07-14,XRT,13.765000343322754,13.9350004196167,13.529999732971191,13.899999618530272,30793000,11.282931558016527,0.0,1.0,yahoo,2023-12-13 16:42:28
2009-07-15,XRT,14.0,14.354999542236328,13.970000267028809,14.3100004196167,38450200,11.615738112286005,0.0,1.0,yahoo,2023-12-13 16:42:28
2009-07-16,XRT,14.229999542236328,14.475000381469728,14.09000015258789,14.404999732971191,27794200,11.692851118045255,0.0,1.0,yahoo,2023-12-13 16:42:28
2009-07-17,XRT,14.354999542236328,14.46500015258789,14.239999771118164,14.395000457763672,19262200,11.68473448920407,0.0,1.0,yahoo,2023-12-13 16:42:28
2009-07-20,XRT,14.494999885559082,14.78499984741211,14.414999961853027,14.725000381469728,67789000,11.952602593916996,0.0,1.0,yahoo,2023-12-13 16:42:28
2009-07-21,XRT,14.835000038146973,14.835000038146973,14.34000015258789,14.635000228881836,38367400,11.87954751551926,0.0,1.0,yahoo,2023-12-13 16:42:28
2009-07-22,XRT,14.585000038146973,14.925000190734863,14.5649995803833,14.765000343322754,30151600,11.985071431636193,0.0,1.0,yahoo,2023-12-13 16:42:28
2009-07-23,XRT,14.720000267028809,15.31999969482422,14.600000381469728,15.154999732971191,52565600,12.30164240586884,0.0,1.0,yahoo,2023-12-13 16:42:28
2009-07-24,XRT,15.050000190734863,15.270000457763672,14.885000228881836,15.19499969482422,25745400,12.33411124358804,0.0,1.0,yahoo,2023-12-13 16:42:28
2009-07-27,XRT,15.149999618530272,15.18000030517578,14.795000076293944,15.074999809265137,25700800,12.236704730430443,0.0,1.0,yahoo,2023-12-13 16:42:28
2009-07-28,XRT,14.875,15.0,14.720000267028809,14.975000381469728,30515000,12.155533023191525,0.0,1.0,yahoo,2023-12-13 16:42:28
2009-07-29,XRT,14.84000015258789,15.19499969482422,14.78499984741211,14.914999961853027,34088200,12.10682937955365,0.0,1.0,yahoo,2023-12-13 16:42:28
2009-07-30,XRT,15.130000114440918,15.574999809265137,15.100000381469728,15.229999542236328,39370400,12.362521379827568,0.0,1.0,yahoo,2023-12-13 16:42:28
2009-07-31,XRT,15.220000267028809,15.40999984741211,15.154999732971191,15.25,12315400,12.378756185746244,0.0,1.0,yahoo,2023-12-13 16:42:28
2009-08-03,XRT,15.420000076293944,15.604999542236328,15.225000381469728,15.604999542236328,28693800,12.66691702373936,0.0,1.0,yahoo,2023-12-13 16:42:28
2009-08-04,XRT,15.475000381469728,15.609999656677246,15.350000381469728,15.399999618530272,51504000,12.500514133663698,0.0,1.0,yahoo,2023-12-13 16:42:28
2009-08-05,XRT,15.425000190734863,15.5,15.1899995803833,15.449999809265137,20441800,12.541100374342236,0.0,1.0,yahoo,2023-12-13 16:42:28
2009-08-06,XRT,15.600000381469728,15.795000076293944,15.354999542236328,15.579999923706056,28311600,12.64662429045917,0.0,1.0,yahoo,2023-12-13 16:42:28
2009-08-07,XRT,15.755000114440918,16.270000457763672,15.670000076293944,16.219999313354492,47525200,13.166125693966345,0.0,1.0,yahoo,2023-12-13 16:42:28
2009-08-10,XRT,16.104999542236328,16.18000030517578,15.75,15.904999732971191,34477400,12.910433693692426,0.0,1.0,yahoo,2023-12-13 16:42:28
2009-08-11,XRT,15.80500030517578,15.875,15.635000228881836,15.729999542236328,26093200,12.768382238376626,0.0,1.0,yahoo,2023-12-13 16:42:28
2009-08-12,XRT,15.704999923706056,16.045000076293945,15.6850004196167,15.895000457763672,21570600,12.90231706485124,0.0,1.0,yahoo,2023-12-13 16:42:28
2009-08-13,XRT,15.96500015258789,15.970000267028809,15.524999618530272,15.904999732971191,41608200,12.910433693692426,0.0,1.0,yahoo,2023-12-13 16:42:28
2009-08-14,XRT,15.869999885559082,15.9399995803833,15.44499969482422,15.545000076293944,33586000,12.618214154219638,0.0,1.0,yahoo,2023-12-13 16:42:28
2009-08-17,XRT,15.170000076293944,15.239999771118164,15.050000190734863,15.09000015258789,43600200,12.24888083486945,0.0,1.0,yahoo,2023-12-13 16:42:28
2009-08-18,XRT,15.25,15.404999732971191,15.074999809265137,15.30500030517578,32137800,12.423401127904448,0.0,1.0,yahoo,2023-12-13 16:42:28
2009-08-19,XRT,15.140000343322754,15.609999656677246,15.06999969482422,15.604999542236328,33700200,12.66691702373936,0.0,1.0,yahoo,2023-12-13 16:42:28
2009-08-20,XRT,15.475000381469728,15.645000457763672,15.375,15.59000015258789,40321000,12.654741693418508,0.0,1.0,yahoo,2023-12-13 16:42:28
2009-08-21,XRT,15.69499969482422,15.904999732971191,15.630000114440918,15.864999771118164,37284400,12.877964855973227,0.0,1.0,yahoo,2023-12-13 16:42:28
2009-08-24,XRT,15.9399995803833,15.949999809265137,15.614999771118164,15.619999885559082,21484000,12.679093128178367,0.0,1.0,yahoo,2023-12-13 16:42:28
2009-08-25,XRT,15.755000114440918,16.21500015258789,15.6850004196167,15.970000267028809,34826200,12.963196038809969,0.0,1.0,yahoo,2023-12-13 16:42:28
2009-08-26,XRT,16.045000076293945,16.325000762939453,15.920000076293944,16.110000610351562,30646800,13.076837357886241,0.0,1.0,yahoo,2023-12-13 16:42:28
2009-08-27,XRT,16.15999984741211,16.270000457763672,15.880000114440918,16.19499969482422,19465600,13.145832960686153,0.0,1.0,yahoo,2023-12-13 16:42:28
2009-08-28,XRT,16.3700008392334,16.40999984741211,16.114999771118164,16.290000915527344,21347400,13.22294751468171,0.0,1.0,yahoo,2023-12-13 16:42:28
2009-08-31,XRT,16.125,16.174999237060547,15.93000030517578,16.024999618530273,14710000,13.007840206850021,0.0,1.0,yahoo,2023-12-13 16:42:28
2009-09-01,XRT,15.975000381469728,16.28499984741211,15.65999984741211,15.720000267028809,49239800,12.760265609535441,0.0,1.0,yahoo,2023-12-13 16:42:28
2009-09-02,XRT,15.609999656677246,15.774999618530272,15.5649995803833,15.600000381469728,15940600,12.662859096377847,0.0,1.0,yahoo,2023-12-13 16:42:28
2009-09-03,XRT,15.845000267028809,16.03499984741211,15.630000114440918,15.975000381469728,36000800,12.96725474028964,0.0,1.0,yahoo,2023-12-13 16:42:28
2009-09-04,XRT,15.975000381469728,16.325000762939453,15.845000267028809,16.325000762939453,14542600,13.25135765092124,0.0,1.0,yahoo,2023-12-13 16:42:28
2009-09-08,XRT,16.344999313354492,16.40999984741211,16.1200008392334,16.315000534057617,30882600,13.243240247961902,0.0,1.0,yahoo,2023-12-13 16:42:28
2009-09-09,XRT,16.3700008392334,16.639999389648438,16.264999389648438,16.55500030517578,21603000,13.438053274277092,0.0,1.0,yahoo,2023-12-13 16:42:28
2009-09-10,XRT,16.600000381469727,16.700000762939453,16.395000457763672,16.700000762939453,22666200,13.555753294833032,0.0,1.0,yahoo,2023-12-13 16:42:28
2009-09-11,XRT,16.75,16.7549991607666,16.434999465942383,16.5,28468800,13.393408332118886,0.0,1.0,yahoo,2023-12-13 16:42:28
2009-09-14,XRT,16.375,16.739999771118164,16.274999618530273,16.739999771118164,33556200,13.588221358434078,0.0,1.0,yahoo,2023-12-13 16:42:28
2009-09-15,XRT,16.81999969482422,16.850000381469727,16.46500015258789,16.809999465942383,40960000,13.645041630913136,0.0,1.0,yahoo,2023-12-13 16:42:28
2009-09-16,XRT,16.899999618530273,17.084999084472656,16.7549991607666,17.03499984741211,26933800,13.827679326907473,0.0,1.0,yahoo,2023-12-13 16:42:28
2009-09-17,XRT,16.975000381469727,17.174999237060547,16.875,16.975000381469727,22741400,13.778976457387753,0.0,1.0,yahoo,2023-12-13 16:42:28
2009-09-18,XRT,17.030000686645508,17.200000762939453,16.860000610351562,17.184999465942383,15416400,13.97702079093533,0.0335,1.0,yahoo,2023-12-13 16:42:28
2009-09-21,XRT,17.010000228881836,17.264999389648438,16.90999984741211,17.139999389648438,45754800,13.940421022445337,0.0,1.0,yahoo,2023-12-13 16:42:28
2009-09-22,XRT,17.264999389648438,17.3700008392334,17.15999984741211,17.25,27444400,14.029887467931493,0.0,1.0,yahoo,2023-12-13 16:42:28
2009-09-23,XRT,17.325000762939453,17.364999771118164,17.014999389648438,17.014999389648438,21887400,13.838755171228442,0.0,1.0,yahoo,2023-12-13 16:42:28
2009-09-24,XRT,17.075000762939453,17.094999313354492,16.700000762939453,16.834999084472656,25641200,13.692356097268469,0.0,1.0,yahoo,2023-12-13 16:42:28
2009-09-25,XRT,16.7549991607666,16.940000534057617,16.649999618530273,16.735000610351562,23585200,13.611024657333175,0.0,1.0,yahoo,2023-12-13 16:42:28
2009-09-28,XRT,16.78499984741211,17.104999542236328,16.739999771118164,17.020000457763672,15221000,13.842822674003873,0.0,1.0,yahoo,2023-12-13 16:42:28
2009-09-29,XRT,17.100000381469727,17.28499984741211,17.024999618530273,17.18000030517578,19487000,13.972954839457676,0.0,1.0,yahoo,2023-12-13 16:42:28
2009-09-30,XRT,17.184999465942383,17.2450008392334,16.84000015258789,17.065000534057617,27452000,13.879422442493867,0.0,1.0,yahoo,2023-12-13 16:42:28
2009-10-01,XRT,16.96500015258789,17.020000457763672,16.53499984741211,16.59000015258789,44819800,13.49309189761011,0.0,1.0,yahoo,2023-12-13 16:42:28
2009-10-02,XRT,16.395000457763672,16.610000610351562,16.395000457763672,16.405000686645508,25355400,13.342626872172485,0.0,1.0,yahoo,2023-12-13 16:42:28
2009-10-05,XRT,16.40999984741211,16.93000030517578,16.40999984741211,16.889999389648438,37983000,13.737089320011547,0.0,1.0,yahoo,2023-12-13 16:42:28
2009-10-06,XRT,17.03499984741211,17.354999542236328,17.014999389648438,17.31999969482422,29851800,14.08682009640531,0.0,1.0,yahoo,2023-12-13 16:42:28
2009-10-07,XRT,17.385000228881836,17.450000762939453,17.235000610351562,17.325000762939453,16169200,14.090887599180741,0.0,1.0,yahoo,2023-12-13 16:42:28
2009-10-08,XRT,17.450000762939453,17.7450008392334,17.354999542236328,17.6200008392334,35309800,14.330819070104525,0.0,1.0,yahoo,2023-12-13 16:42:28
2009-10-09,XRT,17.610000610351562,17.665000915527344,17.434999465942383,17.6299991607666,21662400,14.33895097305983,0.0,1.0,yahoo,2023-12-13 16:42:28
2009-10-12,XRT,17.75,17.875,17.645000457763672,17.75,16208200,14.436550872799073,0.0,1.0,yahoo,2023-12-13 16:42:28
2009-10-13,XRT,17.625,17.790000915527344,17.6200008392334,17.69499969482422,14626600,14.391817650055994,0.0,1.0,yahoo,2023-12-13 16:42:28
2009-10-14,XRT,17.924999237060547,18.15999984741211,17.860000610351562,18.100000381469727,34872400,14.721215566465935,0.0,1.0,yahoo,2023-12-13 16:42:28
2009-10-15,XRT,18.049999237060547,18.30500030517578,17.985000610351562,18.21500015258789,18379400,14.814747963429744,0.0,1.0,yahoo,2023-12-13 16:42:28
2009-10-16,XRT,18.075000762939453,18.26499938964844,17.899999618530273,18.125,17607000,14.741548426449757,0.0,1.0,yahoo,2023-12-13 16:42:28
2009-10-19,XRT,18.239999771118164,18.51499938964844,18.14999961853028,18.3700008392334,16717600,14.940814177405894,0.0,1.0,yahoo,2023-12-13 16:42:28
2009-10-20,XRT,18.40999984741211,18.40999984741211,18.03499984741211,18.14999961853028,24875200,14.761881286433587,0.0,1.0,yahoo,2023-12-13 16:42:28
2009-10-21,XRT,18.1299991607666,18.44499969482422,17.75,17.75,55000800,14.436550872799073,0.0,1.0,yahoo,2023-12-13 16:42:28
2009-10-22,XRT,17.795000076293945,18.315000534057617,17.770000457763672,18.2549991607666,42992400,14.847280229144305,0.0,1.0,yahoo,2023-12-13 16:42:28
2009-10-23,XRT,18.39999961853028,18.434999465942383,17.979999542236328,18.05500030517578,26048200,14.68461579797594,0.0,1.0,yahoo,2023-12-13 16:42:28
2009-10-26,XRT,18.100000381469727,18.40999984741211,17.93000030517578,18.07999992370605,22972000,14.704948657959761,0.0,1.0,yahoo,2023-12-13 16:42:28
2009-10-27,XRT,18.0,18.03499984741211,17.395000457763672,17.510000228881836,57541200,14.241352624618369,0.0,1.0,yahoo,2023-12-13 16:42:28
2009-10-28,XRT,17.5,17.600000381469727,16.8799991607666,16.940000534057617,40991600,13.777756591276972,0.0,1.0,yahoo,2023-12-13 16:42:28
2009-10-29,XRT,17.114999771118164,17.479999542236328,17.0,17.360000610351562,24991200,14.11935391341765,0.0,1.0,yahoo,2023-12-13 16:42:28
2009-10-30,XRT,17.315000534057617,17.405000686645508,16.799999237060547,16.8799991607666,29651400,13.728955865758461,0.0,1.0,yahoo,2023-12-13 16:42:28
2009-11-02,XRT,17.0,17.19499969482422,16.655000686645508,17.010000228881836,40742200,13.83468921975079,0.0,1.0,yahoo,2023-12-13 16:42:28
2009-11-03,XRT,16.875,17.190000534057617,16.729999542236328,17.184999465942383,32496600,13.97702079093533,0.0,1.0,yahoo,2023-12-13 16:42:28
2009-11-04,XRT,17.260000228881836,17.399999618530273,17.065000534057617,17.110000610351562,30820800,13.91602221098386,0.0,1.0,yahoo,2023-12-13 16:42:28
2009-11-05,XRT,16.950000762939453,17.219999313354492,16.7549991607666,17.155000686645508,34130400,13.952621979473854,0.0,1.0,yahoo,2023-12-13 16:42:28
2009-11-06,XRT,17.024999618530273,17.395000457763672,16.96500015258789,17.350000381469727,22879000,14.111220459164565,0.0,1.0,yahoo,2023-12-13 16:42:28
2009-11-09,XRT,17.56999969482422,17.81999969482422,17.475000381469727,17.809999465942383,22402200,14.485350047019804,0.0,1.0,yahoo,2023-12-13 16:42:28
2009-11-10,XRT,17.719999313354492,18.010000228881836,17.719999313354492,17.885000228881836,18359000,14.546350178269053,0.0,1.0,yahoo,2023-12-13 16:42:28
2009-11-11,XRT,17.885000228881836,18.13999938964844,17.684999465942383,17.799999237060547,27437400,14.47721659276672,0.0,1.0,yahoo,2023-12-13 16:42:28
2009-11-12,XRT,17.735000610351562,17.889999389648438,17.43000030517578,17.4950008392334,25973600,14.22915321888763,0.0,1.0,yahoo,2023-12-13 16:42:28
2009-11-13,XRT,17.524999618530273,17.7549991607666,17.360000610351562,17.704999923706055,22882600,14.39995110430908,0.0,1.0,yahoo,2023-12-13 16:42:28
2009-11-16,XRT,17.795000076293945,18.125,17.770000457763672,18.05500030517578,23031400,14.68461579797594,0.0,1.0,yahoo,2023-12-13 16:42:28
2009-11-17,XRT,18.05500030517578,18.05500030517578,17.614999771118164,17.875,27769400,14.538216724015967,0.0,1.0,yahoo,2023-12-13 16:42:28
2009-11-18,XRT,17.829999923706055,17.950000762939453,17.700000762939453,17.864999771118164,14285800,14.530083269762883,0.0,1.0,yahoo,2023-12-13 16:42:28
2009-11-19,XRT,17.69499969482422,17.704999923706055,17.389999389648438,17.549999237060547,28463000,14.27388489033293,0.0,1.0,yahoo,2023-12-13 16:42:28
2009-11-20,XRT,17.424999237060547,17.795000076293945,17.325000762939453,17.514999389648438,22703600,14.245418576096021,0.0,1.0,yahoo,2023-12-13 16:42:28
2009-11-23,XRT,17.809999465942383,17.829999923706055,17.520000457763672,17.584999084472656,38340600,14.302351204569838,0.0,1.0,yahoo,2023-12-13 16:42:28
2009-11-24,XRT,17.635000228881836,17.645000457763672,17.399999618530273,17.440000534057617,43689400,14.184419996144552,0.0,1.0,yahoo,2023-12-13 16:42:28
2009-11-25,XRT,17.55500030517578,17.850000381469727,17.545000076293945,17.825000762939453,26638000,14.49755100404832,0.0,1.0,yahoo,2023-12-13 16:42:28
2009-11-27,XRT,17.485000610351562,17.739999771118164,17.264999389648438,17.485000610351562,17118800,14.221019764634544,0.0,1.0,yahoo,2023-12-13 16:42:28
2009-11-30,XRT,17.454999923706055,17.514999389648438,17.045000076293945,17.280000686645508,40612400,14.054287830690749,0.0,1.0,yahoo,2023-12-13 16:42:28
2009-12-01,XRT,17.395000457763672,17.729999542236328,17.28499984741211,17.594999313354492,24177400,14.310484658822922,0.0,1.0,yahoo,2023-12-13 16:42:28
2009-12-02,XRT,17.59000015258789,17.8700008392334,17.559999465942383,17.625,19965800,14.334885021582178,0.0,1.0,yahoo,2023-12-13 16:42:28
2009-12-03,XRT,17.46500015258789,17.68000030517578,17.28499984741211,17.325000762939453,38710800,14.090887599180741,0.0,1.0,yahoo,2023-12-13 16:42:28
2009-12-04,XRT,17.635000228881836,17.84000015258789,17.2549991607666,17.510000228881836,37883200,14.241352624618369,0.0,1.0,yahoo,2023-12-13 16:42:28
2009-12-07,XRT,17.565000534057617,17.690000534057617,17.485000610351562,17.520000457763672,18769400,14.249486078871453,0.0,1.0,yahoo,2023-12-13 16:42:28
2009-12-08,XRT,17.344999313354492,17.510000228881836,17.165000915527344,17.375,34739200,14.131553319148388,0.0,1.0,yahoo,2023-12-13 16:42:28
2009-12-09,XRT,17.415000915527344,17.415000915527344,17.075000762939453,17.225000381469727,20109400,14.00955460794767,0.0,1.0,yahoo,2023-12-13 16:42:28
2009-12-10,XRT,17.290000915527344,17.559999465942383,17.290000915527344,17.4950008392334,18422400,14.22915321888763,0.0,1.0,yahoo,2023-12-13 16:42:28
2009-12-11,XRT,17.639999389648438,17.7549991607666,17.540000915527344,17.7450008392334,17446200,14.43248492132142,0.0,1.0,yahoo,2023-12-13 16:42:28
2009-12-14,XRT,17.829999923706055,17.975000381469727,17.65999984741211,17.864999771118164,14910200,14.530083269762883,0.0,1.0,yahoo,2023-12-13 16:42:28
2009-12-15,XRT,17.799999237060547,17.84000015258789,17.649999618530273,17.670000076293945,16507200,14.371484790072172,0.0,1.0,yahoo,2023-12-13 16:42:28
2009-12-16,XRT,17.7549991607666,17.924999237060547,17.7549991607666,17.825000762939453,23749000,14.49755100404832,0.0,1.0,yahoo,2023-12-13 16:42:28
2009-12-17,XRT,17.674999237060547,17.760000228881836,17.610000610351562,17.665000915527344,16881600,14.367418838594517,0.0,1.0,yahoo,2023-12-13 16:42:28
2009-12-18,XRT,17.625,17.649999618530273,17.219999313354492,17.56999969482422,28990000,14.412533908903711,0.15,1.0,yahoo,2023-12-13 16:42:28
2009-12-21,XRT,17.600000381469727,17.93000030517578,17.545000076293945,17.93000030517578,19963000,14.707839605775543,0.0,1.0,yahoo,2023-12-13 16:42:28
2009-12-22,XRT,17.950000762939453,18.02499961853028,17.854999542236328,17.950000762939453,11922000,14.72424582550914,0.0,1.0,yahoo,2023-12-13 16:42:28
2009-12-23,XRT,18.02499961853028,18.145000457763672,17.895000457763672,18.125,21732800,14.867796336720042,0.0,1.0,yahoo,2023-12-13 16:42:28
2009-12-24,XRT,18.145000457763672,18.225000381469727,18.084999084472656,18.145000457763672,11862200,14.884202556453639,0.0,1.0,yahoo,2023-12-13 16:42:28
2009-12-28,XRT,18.23500061035156,18.295000076293945,18.09499931335449,18.165000915527344,30343800,14.900608776187235,0.0,1.0,yahoo,2023-12-13 16:42:28
2009-12-29,XRT,18.239999771118164,18.2450008392334,18.11000061035156,18.165000915527344,6389200,14.900608776187235,0.0,1.0,yahoo,2023-12-13 16:42:28
2009-12-30,XRT,18.1200008392334,18.15999984741211,17.96500015258789,18.010000228881836,9962800,14.773462920126702,0.0,1.0,yahoo,2023-12-13 16:42:28
2009-12-31,XRT,18.06999969482422,18.1200008392334,17.799999237060547,17.799999237060547,7988000,14.601200742090391,0.0,1.0,yahoo,2023-12-13 16:42:28
2010-01-04,XRT,17.924999237060547,18.114999771118164,17.924999237060547,17.969999313354492,17829800,14.74065048065951,0.0,1.0,yahoo,2023-12-13 16:42:28
2010-01-05,XRT,17.975000381469727,18.09499931335449,17.844999313354492,18.084999084472656,17842800,14.83498389725285,0.0,1.0,yahoo,2023-12-13 16:42:28
2010-01-06,XRT,18.045000076293945,18.25,18.045000076293945,18.25,23093400,14.97033286318018,0.0,1.0,yahoo,2023-12-13 16:42:28
2010-01-07,XRT,18.38500022888184,18.40999984741211,18.11000061035156,18.299999237060547,32682200,15.011346847930945,0.0,1.0,yahoo,2023-12-13 16:42:28
2010-01-08,XRT,18.174999237060547,18.30500030517578,18.114999771118164,18.26000022888184,22503000,14.978535973046982,0.0,1.0,yahoo,2023-12-13 16:42:28
2010-01-11,XRT,18.30500030517578,18.350000381469727,18.100000381469727,18.20499992370605,17027400,14.9334196510712,0.0,1.0,yahoo,2023-12-13 16:42:28
2010-01-12,XRT,18.1200008392334,18.20499992370605,17.969999313354492,18.07999992370605,30935400,14.830883124611061,0.0,1.0,yahoo,2023-12-13 16:42:28
2010-01-13,XRT,18.1200008392334,18.334999084472656,18.020000457763672,18.280000686645508,18023400,14.994942192780575,0.0,1.0,yahoo,2023-12-13 16:42:28
2010-01-14,XRT,18.200000762939453,18.26499938964844,18.02499961853028,18.1299991607666,27496600,14.871897109361827,0.0,1.0,yahoo,2023-12-13 16:42:28
2010-01-15,XRT,18.09499931335449,18.229999542236328,17.885000228881836,17.915000915527344,22677600,14.695535723266959,0.0,1.0,yahoo,2023-12-13 16:42:28
2010-01-19,XRT,17.96500015258789,18.1200008392334,17.924999237060547,18.06999969482422,19220400,14.822680014744265,0.0,1.0,yahoo,2023-12-13 16:42:28
2010-01-20,XRT,17.954999923706055,18.030000686645508,17.764999389648438,17.920000076293945,18666000,14.699636495908745,0.0,1.0,yahoo,2023-12-13 16:42:28
2010-01-21,XRT,17.899999618530273,18.040000915527344,17.56999969482422,17.6299991607666,34946400,14.461751003521274,0.0,1.0,yahoo,2023-12-13 16:42:28
2010-01-22,XRT,17.600000381469727,17.7450008392334,17.354999542236328,17.360000610351562,37940600,14.24027329545063,0.0,1.0,yahoo,2023-12-13 16:42:28
2010-01-25,XRT,17.5,17.549999237060547,17.325000762939453,17.5049991607666,21575200,14.359214477061137,0.0,1.0,yahoo,2023-12-13 16:42:28
2010-01-26,XRT,17.395000457763672,17.684999465942383,17.31999969482422,17.475000381469727,24014800,14.33460671204397,0.0,1.0,yahoo,2023-12-13 16:42:28
2010-01-27,XRT,17.43000030517578,17.575000762939453,17.280000686645508,17.56999969482422,25268600,14.412533908903711,0.0,1.0,yahoo,2023-12-13 16:42:28
2010-01-28,XRT,17.600000381469727,17.665000915527344,17.270000457763672,17.34000015258789,29636400,14.223867075717033,0.0,1.0,yahoo,2023-12-13 16:42:28
2010-01-29,XRT,17.424999237060547,17.71500015258789,17.299999237060547,17.309999465942383,22598800,14.199257746116636,0.0,1.0,yahoo,2023-12-13 16:42:28
2010-02-01,XRT,17.40999984741211,17.639999389648438,17.315000534057617,17.614999771118164,27560200,14.44944712101269,0.0,1.0,yahoo,2023-12-13 16:42:28
2010-02-02,XRT,17.725000381469727,18.0049991607666,17.674999237060547,17.969999313354492,23837800,14.74065048065951,0.0,1.0,yahoo,2023-12-13 16:42:28
2010-02-03,XRT,17.915000915527344,17.93000030517578,17.700000762939453,17.815000534057617,23748800,14.613506189182203,0.0,1.0,yahoo,2023-12-13 16:42:28
2010-02-04,XRT,17.75,17.829999923706055,17.334999084472656,17.344999313354492,42555800,14.227967848358817,0.0,1.0,yahoo,2023-12-13 16:42:28
2010-02-05,XRT,17.31999969482422,17.434999465942383,17.05500030517578,17.375,33526600,14.252577177959212,0.0,1.0,yahoo,2023-12-13 16:42:28
2010-02-08,XRT,17.350000381469727,17.5,17.25,17.2549991607666,25073800,14.15414142414086,0.0,1.0,yahoo,2023-12-13 16:42:28
2010-02-09,XRT,17.530000686645508,17.645000457763672,17.325000762939453,17.614999771118164,26778200,14.44944712101269,0.0,1.0,yahoo,2023-12-13 16:42:28
2010-02-10,XRT,17.540000915527344,17.665000915527344,17.389999389648438,17.53499984741211,14652200,14.383823806661532,0.0,1.0,yahoo,2023-12-13 16:42:28
2010-02-11,XRT,17.5049991607666,17.735000610351562,17.350000381469727,17.719999313354492,21374800,14.535577427739232,0.0,1.0,yahoo,2023-12-13 16:42:28
2010-02-12,XRT,17.53499984741211,17.735000610351562,17.4950008392334,17.725000381469727,21644200,14.539679764964246,0.0,1.0,yahoo,2023-12-13 16:42:28
2010-02-16,XRT,17.889999389648438,17.9950008392334,17.739999771118164,17.9950008392334,14230600,14.76115903761812,0.0,1.0,yahoo,2023-12-13 16:42:28
2010-02-17,XRT,18.07999992370605,18.23500061035156,18.03499984741211,18.23500061035156,17929200,14.958028980671594,0.0,1.0,yahoo,2023-12-13 16:42:28
2010-02-18,XRT,18.174999237060547,18.34000015258789,18.07999992370605,18.34000015258789,17812600,15.044159287398138,0.0,1.0,yahoo,2023-12-13 16:42:28
2010-02-19,XRT,18.299999237060547,18.48500061035156,18.23500061035156,18.38500022888184,19440800,15.08107249950712,0.0,1.0,yahoo,2023-12-13 16:42:28
2010-02-22,XRT,18.475000381469727,18.5,18.334999084472656,18.395000457763672,14206400,15.089275609373916,0.0,1.0,yahoo,2023-12-13 16:42:28
2010-02-23,XRT,18.315000534057617,18.424999237060547,18.084999084472656,18.200000762939453,31715400,14.929318878429417,0.0,1.0,yahoo,2023-12-13 16:42:28
2010-02-24,XRT,18.239999771118164,18.5,18.19499969482422,18.5,18488600,15.175405916100457,0.0,1.0,yahoo,2023-12-13 16:42:28
2010-02-25,XRT,18.280000686645508,18.665000915527344,18.165000915527344,18.655000686645508,21259000,15.30255177216099,0.0,1.0,yahoo,2023-12-13 16:42:28
2010-02-26,XRT,18.65999984741211,18.71500015258789,18.51000022888184,18.64999961853028,13228400,15.298449434935982,0.0,1.0,yahoo,2023-12-13 16:42:28
2010-03-01,XRT,18.7549991607666,19.07999992370605,18.61000061035156,19.07999992370605,23429600,15.651175336292166,0.0,1.0,yahoo,2023-12-13 16:42:28
2010-03-02,XRT,19.14999961853028,19.14999961853028,18.959999084472656,18.959999084472656,29456800,15.552739582473816,0.0,1.0,yahoo,2023-12-13 16:42:28
2010-03-03,XRT,18.979999542236328,19.23500061035156,18.959999084472656,19.02499961853028,24848600,15.606059014316397,0.0,1.0,yahoo,2023-12-13 16:42:28
2010-03-04,XRT,19.190000534057617,19.450000762939453,19.190000534057617,19.395000457763672,29605600,15.909567821055022,0.0,1.0,yahoo,2023-12-13 16:42:28
2010-03-05,XRT,19.520000457763672,19.739999771118164,19.45499992370605,19.670000076293945,27762000,16.135147866350678,0.0,1.0,yahoo,2023-12-13 16:42:28
2010-03-08,XRT,19.73500061035156,19.84000015258789,19.709999084472656,19.80500030517578,16252800,16.245887502677615,0.0,1.0,yahoo,2023-12-13 16:42:28
2010-03-09,XRT,19.70499992370605,19.895000457763672,19.625,19.739999771118164,22230200,16.19256807083504,0.0,1.0,yahoo,2023-12-13 16:42:28
2010-03-10,XRT,19.75,19.940000534057617,19.700000762939453,19.84499931335449,19260400,16.27869837756158,0.0,1.0,yahoo,2023-12-13 16:42:28
2010-03-11,XRT,19.770000457763672,19.979999542236328,19.725000381469727,19.934999465942383,31676400,16.35252480177954,0.0,1.0,yahoo,2023-12-13 16:42:28
2010-03-12,XRT,20.030000686645508,20.11000061035156,19.88999938964844,20.09499931335449,26610000,16.483771430481855,0.0,1.0,yahoo,2023-12-13 16:42:28
2010-03-15,XRT,20.075000762939453,20.15999984741211,19.905000686645508,20.15999984741211,26481200,16.537090862324433,0.0,1.0,yahoo,2023-12-13 16:42:28
2010-03-16,XRT,20.20499992370605,20.34000015258789,20.1200008392334,20.34000015258789,21569600,16.68474371076035,0.0,1.0,yahoo,2023-12-13 16:42:28
2010-03-17,XRT,20.375,20.46999931335449,20.27499961853028,20.395000457763672,29948800,16.729860032736127,0.0,1.0,yahoo,2023-12-13 16:42:28
2010-03-18,XRT,20.420000076293945,20.46999931335449,20.299999237060547,20.415000915527344,21666200,16.746266252469724,0.0,1.0,yahoo,2023-12-13 16:42:28
2010-03-19,XRT,20.2450008392334,20.45499992370605,20.155000686645508,20.2450008392334,21411400,16.625139591247056,0.0225,1.0,yahoo,2023-12-13 16:42:28
2010-03-22,XRT,20.09499931335449,20.70499992370605,20.09000015258789,20.65999984741211,27452800,16.965935647319803,0.0,1.0,yahoo,2023-12-13 16:42:28
2010-03-23,XRT,20.63999938964844,20.8799991607666,20.530000686645508,20.850000381469727,31634000,17.121963568790562,0.0,1.0,yahoo,2023-12-13 16:42:28
2010-03-24,XRT,20.770000457763672,20.795000076293945,20.53499984741211,20.559999465942383,22411400,16.883815606213638,0.0,1.0,yahoo,2023-12-13 16:42:28
2010-03-25,XRT,20.75,20.924999237060547,20.6299991607666,20.6299991607666,36549400,16.9412991650951,0.0,1.0,yahoo,2023-12-13 16:42:28
2010-03-26,XRT,20.69499969482422,20.950000762939453,20.63500022888184,20.809999465942383,21410200,17.089114925824294,0.0,1.0,yahoo,2023-12-13 16:42:28
2010-03-29,XRT,20.895000457763672,20.895000457763672,20.670000076293945,20.795000076293945,19814800,17.076797467866697,0.0,1.0,yahoo,2023-12-13 16:42:28
2010-03-30,XRT,20.825000762939453,20.989999771118164,20.690000534057617,20.795000076293945,18781600,17.076797467866697,0.0,1.0,yahoo,2023-12-13 16:42:28
2010-03-31,XRT,20.739999771118164,20.825000762939453,20.63999938964844,20.64999961853028,23596000,16.95772348657824,0.0,1.0,yahoo,2023-12-13 16:42:28
2010-04-01,XRT,20.7450008392334,20.920000076293945,20.69499969482422,20.89999961853028,24145800,17.163022806188895,0.0,1.0,yahoo,2023-12-13 16:42:28
2010-04-05,XRT,20.98500061035156,21.18000030517578,20.850000381469727,21.155000686645508,18779200,17.372428989325083,0.0,1.0,yahoo,2023-12-13 16:42:28
2010-04-06,XRT,21.100000381469727,21.26000022888184,21.045000076293945,21.239999771118164,11902400,17.44223000616414,0.0,1.0,yahoo,2023-12-13 16:42:28
2010-04-07,XRT,21.239999771118164,21.31999969482422,21.02499961853028,21.1200008392334,30889200,17.34368720988435,0.0,1.0,yahoo,2023-12-13 16:42:28
2010-04-08,XRT,21.02499961853028,21.2450008392334,20.864999771118164,21.170000076293945,36185800,17.38474644728268,0.0,1.0,yahoo,2023-12-13 16:42:28
2010-04-09,XRT,21.21500015258789,21.39999961853028,21.075000762939453,21.39999961853028,26060000,17.573621445410208,0.0,1.0,yahoo,2023-12-13 16:42:28
2010-04-12,XRT,21.415000915527344,21.420000076293945,21.299999237060547,21.34000015258789,16368400,17.524350047270303,0.0,1.0,yahoo,2023-12-13 16:42:28
2010-04-13,XRT,21.295000076293945,21.489999771118164,21.239999771118164,21.434999465942383,19449400,17.602363224850933,0.0,1.0,yahoo,2023-12-13 16:42:28
2010-04-14,XRT,21.549999237060547,21.94499969482422,21.51499938964844,21.905000686645508,27385600,17.98832694815705,0.0,1.0,yahoo,2023-12-13 16:42:28
2010-04-15,XRT,21.8700008392334,22.01499938964844,21.825000762939453,21.96999931335449,19020600,18.04170364351297,0.0,1.0,yahoo,2023-12-13 16:42:28
2010-04-16,XRT,21.875,21.975000381469727,21.530000686645508,21.684999465942383,35597200,17.807662544461586,0.0,1.0,yahoo,2023-12-13 16:42:28
2010-04-19,XRT,21.575000762939453,21.7450008392334,21.145000457763672,21.51499938964844,39682800,17.668058944473966,0.0,1.0,yahoo,2023-12-13 16:42:28
2010-04-20,XRT,21.59000015258789,21.739999771118164,21.46999931335449,21.6299991607666,24286200,17.76249644353772,0.0,1.0,yahoo,2023-12-13 16:42:28
2010-04-21,XRT,21.65999984741211,21.950000762939453,21.434999465942383,21.88500022888184,31688200,17.971902626673916,0.0,1.0,yahoo,2023-12-13 16:42:28
2010-04-22,XRT,21.795000076293945,22.489999771118164,21.69499969482422,22.38999938964844,25070200,18.386606563111258,0.0,1.0,yahoo,2023-12-13 16:42:28
2010-04-23,XRT,22.3700008392334,22.604999542236328,22.26499938964844,22.559999465942383,43244600,18.52621016309888,0.0,1.0,yahoo,2023-12-13 16:42:28
2010-04-26,XRT,22.625,22.81999969482422,22.59000015258789,22.700000762939453,23224400,18.64117884717131,0.0,1.0,yahoo,2023-12-13 16:42:28
2010-04-27,XRT,22.59499931335449,22.645000457763672,21.875,21.915000915527344,51930400,17.996539108898617,0.0,1.0,yahoo,2023-12-13 16:42:28
2010-04-28,XRT,21.98500061035156,22.25,21.63500022888184,21.709999084472656,39686200,17.82819216316075,0.0,1.0,yahoo,2023-12-13 16:42:28
2010-04-29,XRT,21.920000076293945,22.200000762939453,21.82999992370605,22.114999771118164,26400200,18.160777624801437,0.0,1.0,yahoo,2023-12-13 16:42:28
2010-04-30,XRT,22.184999465942383,22.200000762939453,21.354999542236328,21.3799991607666,56033200,17.557197123927068,0.0,1.0,yahoo,2023-12-13 16:42:28
2010-05-03,XRT,21.46500015258789,21.93000030517578,21.43000030517578,21.78499984741211,40156000,17.88978258556775,0.0,1.0,yahoo,2023-12-13 16:42:28
2010-05-04,XRT,21.52499961853028,21.600000381469727,21.1200008392334,21.2549991607666,42165800,17.454547464121738,0.0,1.0,yahoo,2023-12-13 16:42:28
2010-05-05,XRT,20.98500061035156,21.73500061035156,20.96999931335449,21.25,49969200,17.45044216690571,0.0,1.0,yahoo,2023-12-13 16:42:28
2010-05-06,XRT,20.934999465942383,21.7549991607666,19.20499992370605,20.420000076293945,77268600,16.76884848845071,0.0,1.0,yahoo,2023-12-13 16:42:28
2010-05-07,XRT,20.3700008392334,20.71999931335449,19.559999465942383,19.895000457763672,65452400,16.337720230530238,0.0,1.0,yahoo,2023-12-13 16:42:28
2010-05-10,XRT,20.8799991607666,21.06999969482422,20.674999237060547,21.05500030517578,36834600,17.290308948218918,0.0,1.0,yahoo,2023-12-13 16:42:28
2010-05-11,XRT,20.80500030517578,21.3700008392334,20.700000762939453,21.13500022888184,37601000,17.35600466784195,0.0,1.0,yahoo,2023-12-13 16:42:28
2010-05-12,XRT,21.11000061035156,21.55500030517578,21.040000915527344,21.53499984741211,29383800,17.684483265957095,0.0,1.0,yahoo,2023-12-13 16:42:28
2010-05-13,XRT,21.420000076293945,21.53499984741211,20.75,20.790000915527344,46223000,17.072692170650665,0.0,1.0,yahoo,2023-12-13 16:42:28
2010-05-14,XRT,20.61000061035156,20.690000534057617,20.21999931335449,20.405000686645508,46965600,16.756531030493115,0.0,1.0,yahoo,2023-12-13 16:42:28
2010-05-17,XRT,20.52499961853028,20.655000686645508,19.96999931335449,20.56999969482422,34144600,16.892027766955206,0.0,1.0,yahoo,2023-12-13 16:42:28
2010-05-18,XRT,20.825000762939453,20.95499992370605,20.05500030517578,20.104999542236328,60585600,16.510170907174626,0.0,1.0,yahoo,2023-12-13 16:42:28
2010-05-19,XRT,20.030000686645508,20.26499938964844,19.65999984741211,19.98500061035156,58180000,16.41162811089483,0.0,1.0,yahoo,2023-12-13 16:42:28
2010-05-20,XRT,19.5,19.959999084472656,19.34499931335449,19.459999084472656,75102800,15.980498286664853,0.0,1.0,yahoo,2023-12-13 16:42:28
2010-05-21,XRT,19.48500061035156,20.075000762939453,19.145000457763672,19.875,67083200,16.321295909047105,0.0,1.0,yahoo,2023-12-13 16:42:28
2010-05-24,XRT,19.95499992370605,20.065000534057617,19.709999084472656,19.780000686645508,39025000,16.243282731466476,0.0,1.0,yahoo,2023-12-13 16:42:28
2010-05-25,XRT,19.25,20.045000076293945,19.114999771118164,19.9950008392334,53460800,16.419840271636403,0.0,1.0,yahoo,2023-12-13 16:42:28
2010-05-26,XRT,20.25,20.299999237060547,19.55500030517578,19.6299991607666,38454400,16.120101886652478,0.0,1.0,yahoo,2023-12-13 16:42:28
2010-05-27,XRT,20.0,20.415000915527344,19.940000534057617,20.38999938964844,31798600,16.744212006226014,0.0,1.0,yahoo,2023-12-13 16:42:28
2010-05-28,XRT,20.415000915527344,20.57999992370605,20.09000015258789,20.31999969482422,37889600,16.68672844734455,0.0,1.0,yahoo,2023-12-13 16:42:28
2010-06-01,XRT,19.959999084472656,20.405000686645508,19.834999084472656,19.834999084472656,29737600,16.288447266080837,0.0,1.0,yahoo,2023-12-13 16:42:28
2010-06-02,XRT,19.905000686645508,20.19499969482422,19.73500061035156,20.19499969482422,31140000,16.584078787539223,0.0,1.0,yahoo,2023-12-13 16:42:28
2010-06-03,XRT,20.299999237060547,20.545000076293945,20.065000534057617,20.32999992370605,39432000,16.694940608086114,0.0,1.0,yahoo,2023-12-13 16:42:28
2010-06-04,XRT,19.924999237060547,19.96500015258789,19.28499984741211,19.36000061035156,47594400,15.898379811868192,0.0,1.0,yahoo,2023-12-13 16:42:28
2010-06-07,XRT,19.46500015258789,19.61000061035156,18.875,18.8799991607666,30954600,15.504203927820512,0.0,1.0,yahoo,2023-12-13 16:42:28
2010-06-08,XRT,19.045000076293945,19.13999938964844,18.59000015258789,19.1200008392334,42399400,15.701292652999108,0.0,1.0,yahoo,2023-12-13 16:42:28
2010-06-09,XRT,19.21500015258789,19.64999961853028,19.084999084472656,19.21500015258789,28970000,15.779305830579734,0.0,1.0,yahoo,2023-12-13 16:42:28
2010-06-10,XRT,19.52499961853028,19.780000686645508,19.44499969482422,19.7450008392334,26765000,16.214540952025747,0.0,1.0,yahoo,2023-12-13 16:42:28
2010-06-11,XRT,19.5,19.98500061035156,19.354999542236328,19.875,29001400,16.321295909047105,0.0,1.0,yahoo,2023-12-13 16:42:28
2010-06-14,XRT,20.14999961853028,20.375,20.01499938964844,20.084999084472656,29617000,16.49374658569149,0.0,1.0,yahoo,2023-12-13 16:42:28
2010-06-15,XRT,20.065000534057617,20.3799991607666,19.934999465942383,20.36000061035156,38223400,16.719577090310814,0.0,1.0,yahoo,2023-12-13 16:42:28
2010-06-16,XRT,20.280000686645508,20.295000076293945,19.94499969482422,20.114999771118164,32470400,16.518383067916194,0.0,1.0,yahoo,2023-12-13 16:42:28
2010-06-17,XRT,20.184999465942383,20.229999542236328,19.73500061035156,19.93000030517578,29304200,16.36646200997097,0.0,1.0,yahoo,2023-12-13 16:42:28
2010-06-18,XRT,19.88500022888184,20.049999237060547,19.670000076293945,19.70499992370605,33036200,16.238727477449626,0.07,1.0,yahoo,2023-12-13 16:42:28
2010-06-21,XRT,19.89999961853028,20.02499961853028,19.14999961853028,19.28499984741211,53695800,15.89260888796208,0.0,1.0,yahoo,2023-12-13 16:42:28
2010-06-22,XRT,19.32999992370605,19.614999771118164,18.8700008392334,18.90999984741211,44947800,15.583574489199275,0.0,1.0,yahoo,2023-12-13 16:42:28
2010-06-23,XRT,19.07999992370605,19.25,18.674999237060547,19.045000076293945,41570600,15.694827061373513,0.0,1.0,yahoo,2023-12-13 16:42:28
2010-06-24,XRT,18.905000686645508,18.989999771118164,18.46999931335449,18.59000015258789,35682200,15.319865387081185,0.0,1.0,yahoo,2023-12-13 16:42:28
2010-06-25,XRT,18.52499961853028,18.86000061035156,18.375,18.71999931335449,24397600,15.426996620380319,0.0,1.0,yahoo,2023-12-13 16:42:28
2010-06-28,XRT,18.790000915527344,18.84499931335449,18.459999084472656,18.559999465942383,31726800,15.295142069321276,0.0,1.0,yahoo,2023-12-13 16:42:28
2010-06-29,XRT,18.25,18.280000686645508,17.80500030517578,17.90999984741211,57724000,14.75948275916513,0.0,1.0,yahoo,2023-12-13 16:42:28
2010-06-30,XRT,17.854999542236328,18.25,17.764999389648438,17.825000762939453,28752400,14.689435716590738,0.0,1.0,yahoo,2023-12-13 16:42:28
2010-07-01,XRT,17.75,18.21999931335449,17.459999084472656,18.165000915527344,47823000,14.969627030548768,0.0,1.0,yahoo,2023-12-13 16:42:28
2010-07-02,XRT,18.229999542236328,18.28499984741211,17.854999542236328,17.899999618530273,25132000,14.75124165324516,0.0,1.0,yahoo,2023-12-13 16:42:28
2010-07-06,XRT,18.325000762939453,18.39999961853028,17.524999618530273,17.655000686645508,38731800,14.549340059611724,0.0,1.0,yahoo,2023-12-13 16:42:28
2010-07-07,XRT,17.600000381469727,18.25,17.600000381469727,18.209999084472656,40516800,15.006709649443279,0.0,1.0,yahoo,2023-12-13 16:42:28
2010-07-08,XRT,18.475000381469727,18.489999771118164,17.985000610351562,18.209999084472656,35902600,15.006709649443279,0.0,1.0,yahoo,2023-12-13 16:42:28
2010-07-09,XRT,18.155000686645508,18.475000381469727,18.09499931335449,18.475000381469727,19472200,15.225095026746887,0.0,1.0,yahoo,2023-12-13 16:42:28
2010-07-12,XRT,18.39999961853028,18.545000076293945,18.114999771118164,18.28499984741211,17827000,15.068517157927934,0.0,1.0,yahoo,2023-12-13 16:42:28
2010-07-13,XRT,18.4950008392334,18.82999992370605,18.375,18.78499984741211,26974800,15.480563022945006,0.0,1.0,yahoo,2023-12-13 16:42:28
2010-07-14,XRT,18.700000762939453,18.795000076293945,18.440000534057617,18.700000762939453,26715600,15.410515980370617,0.0,1.0,yahoo,2023-12-13 16:42:28
2010-07-15,XRT,18.69499969482422,18.854999542236328,18.39999961853028,18.809999465942383,28201600,15.501165001829813,0.0,1.0,yahoo,2023-12-13 16:42:28
2010-07-16,XRT,18.700000762939453,18.700000762939453,18.09000015258789,18.13999938964844,27842200,14.949023479833729,0.0,1.0,yahoo,2023-12-13 16:42:28
2010-07-19,XRT,18.100000381469727,18.27499961853028,17.959999084472656,18.209999084472656,18137400,15.006709649443279,0.0,1.0,yahoo,2023-12-13 16:42:28
2010-07-20,XRT,17.950000762939453,18.665000915527344,17.885000228881836,18.64999961853028,28364600,15.369310450770774,0.0,1.0,yahoo,2023-12-13 16:42:28
2010-07-21,XRT,18.73500061035156,18.7549991607666,18.225000381469727,18.299999237060547,17608400,15.080878030892771,0.0,1.0,yahoo,2023-12-13 16:42:28
2010-07-22,XRT,18.4950008392334,18.89999961853028,18.4950008392334,18.81999969482422,21353800,15.509406107749783,0.0,1.0,yahoo,2023-12-13 16:42:28
2010-07-23,XRT,18.780000686645508,19.229999542236328,18.604999542236328,19.225000381469727,23053600,15.843163824272496,0.0,1.0,yahoo,2023-12-13 16:42:28
2010-07-26,XRT,19.18000030517578,19.565000534057617,19.01499938964844,19.55500030517578,22644600,16.115114032310554,0.0,1.0,yahoo,2023-12-13 16:42:28
2010-07-27,XRT,19.674999237060547,20.19499969482422,19.19499969482422,19.229999542236328,23460200,15.847283591317364,0.0,1.0,yahoo,2023-12-13 16:42:28
2010-07-28,XRT,19.170000076293945,19.395000457763672,18.905000686645508,18.96999931335449,22926000,15.633019552888854,0.0,1.0,yahoo,2023-12-13 16:42:28
2010-07-29,XRT,19.21999931335449,19.27499961853028,18.57999992370605,18.920000076293945,26111200,15.591815595119245,0.0,1.0,yahoo,2023-12-13 16:42:28
2010-07-30,XRT,18.709999084472656,19.114999771118164,18.565000534057617,19.059999465942383,21052000,15.70718793433835,0.0,1.0,yahoo,2023-12-13 16:42:28
2010-08-02,XRT,19.375,19.52499961853028,19.155000686645508,19.48500061035156,24245400,16.057427862700997,0.0,1.0,yahoo,2023-12-13 16:42:28
2010-08-03,XRT,19.3799991607666,19.39999961853028,18.790000915527344,18.89999961853028,30107000,15.575333383279311,0.0,1.0,yahoo,2023-12-13 16:42:28
2010-08-04,XRT,19.07999992370605,19.32999992370605,19.030000686645508,19.26000022888184,24545800,15.872006909077275,0.0,1.0,yahoo,2023-12-13 16:42:28
2010-08-05,XRT,19.13999938964844,19.26000022888184,18.80500030517578,19.21500015258789,29013600,15.834922718352527,0.0,1.0,yahoo,2023-12-13 16:42:28
2010-08-06,XRT,18.96500015258789,19.170000076293945,18.77499961853028,19.09000015258789,31838800,15.731911252098259,0.0,1.0,yahoo,2023-12-13 16:42:28
2010-08-09,XRT,19.21500015258789,19.45499992370605,19.21500015258789,19.375,17862800,15.96677726941157,0.0,1.0,yahoo,2023-12-13 16:42:28
2010-08-10,XRT,19.0049991607666,19.239999771118164,18.950000762939453,19.05500030517578,20621400,15.703068167293482,0.0,1.0,yahoo,2023-12-13 16:42:28
2010-08-11,XRT,18.7549991607666,18.799999237060547,18.559999465942383,18.63999938964844,30978400,15.361069344850803,0.0,1.0,yahoo,2023-12-13 16:42:28
2010-08-12,XRT,18.40999984741211,18.77499961853028,18.239999771118164,18.7549991607666,25958400,15.455839705185097,0.0,1.0,yahoo,2023-12-13 16:42:28
2010-08-13,XRT,18.63999938964844,18.68000030517578,18.43000030517578,18.440000534057617,17657000,15.19625194194211,0.0,1.0,yahoo,2023-12-13 16:42:28
2010-08-16,XRT,18.315000534057617,18.69499969482422,18.26499938964844,18.48500061035156,17199000,15.233336132666853,0.0,1.0,yahoo,2023-12-13 16:42:28
2010-08-17,XRT,18.76000022888184,18.905000686645508,18.57999992370605,18.71999931335449,23511200,15.426996620380319,0.0,1.0,yahoo,2023-12-13 16:42:28
2010-08-18,XRT,18.70499992370605,19.06999969482422,18.604999542236328,18.95499992370605,16712800,15.620658679924018,0.0,1.0,yahoo,2023-12-13 16:42:28
2010-08-19,XRT,18.895000457763672,19.075000762939453,18.55500030517578,18.670000076293945,27077800,15.385792662610708,0.0,1.0,yahoo,2023-12-13 16:42:28
2010-08-20,XRT,18.645000457763672,18.73500061035156,18.40999984741211,18.71500015258789,14561400,15.422876853335454,0.0,1.0,yahoo,2023-12-13 16:42:28
2010-08-23,XRT,18.790000915527344,19.0,18.52499961853028,18.52499961853028,17418400,15.266298984516506,0.0,1.0,yahoo,2023-12-13 16:42:28
2010-08-24,XRT,18.364999771118164,18.415000915527344,17.969999313354492,18.184999465942383,24033000,14.986107670558471,0.0,1.0,yahoo,2023-12-13 16:42:28
2010-08-25,XRT,18.065000534057617,18.56999969482422,18.0,18.489999771118164,23524800,15.237455899711724,0.0,1.0,yahoo,2023-12-13 16:42:28
2010-08-26,XRT,18.56999969482422,18.56999969482422,18.239999771118164,18.26000022888184,18854800,15.04791517904313,0.0,1.0,yahoo,2023-12-13 16:42:28
2010-08-27,XRT,18.354999542236328,18.489999771118164,18.0,18.48500061035156,33721800,15.233336132666853,0.0,1.0,yahoo,2023-12-13 16:42:28
2010-08-30,XRT,18.38999938964844,18.479999542236328,18.020000457763672,18.020000457763672,40968400,14.85013335245456,0.0,1.0,yahoo,2023-12-13 16:42:28
2010-08-31,XRT,18.0,18.290000915527344,17.895000457763672,17.959999084472656,24939000,14.800686716934742,0.0,1.0,yahoo,2023-12-13 16:42:28
2010-09-01,XRT,18.21999931335449,18.69499969482422,18.21999931335449,18.68000030517578,24708200,15.394033768530678,0.0,1.0,yahoo,2023-12-13 16:42:28
2010-09-02,XRT,18.7549991607666,19.114999771118164,18.7450008392334,19.09000015258789,25176000,15.731911252098259,0.0,1.0,yahoo,2023-12-13 16:42:28
2010-09-03,XRT,19.39999961853028,19.655000686645508,19.229999542236328,19.38500022888184,25821800,15.975018375331544,0.0,1.0,yahoo,2023-12-13 16:42:28
2010-09-07,XRT,19.38500022888184,19.38500022888184,19.075000762939453,19.09499931335449,18656200,15.736031019143123,0.0,1.0,yahoo,2023-12-13 16:42:28
2010-09-08,XRT,19.14999961853028,19.354999542236328,19.09000015258789,19.295000076293945,23568200,15.90084999388205,0.0,1.0,yahoo,2023-12-13 16:42:28
2010-09-09,XRT,19.5049991607666,19.559999465942383,19.145000457763672,19.190000534057617,11928800,15.81432073946772,0.0,1.0,yahoo,2023-12-13 16:42:28
2010-09-10,XRT,19.25,19.489999771118164,19.18000030517578,19.350000381469727,15909600,15.946175290526764,0.0,1.0,yahoo,2023-12-13 16:42:28
2010-09-13,XRT,19.575000762939453,19.795000076293945,19.52499961853028,19.770000457763672,17918200,16.292293880014316,0.0,1.0,yahoo,2023-12-13 16:42:28
2010-09-14,XRT,19.854999542236328,20.295000076293945,19.815000534057617,20.15999984741211,30363000,16.613689151741955,0.0,1.0,yahoo,2023-12-13 16:42:28
2010-09-15,XRT,20.059999465942383,20.165000915527344,19.940000534057617,20.14999961853028,17414000,16.605448045821994,0.0,1.0,yahoo,2023-12-13 16:42:28
2010-09-16,XRT,20.07999992370605,20.20499992370605,20.0,20.145000457763672,15967800,16.60132827877712,0.0,1.0,yahoo,2023-12-13 16:42:28
2010-09-17,XRT,20.200000762939453,20.225000381469727,19.88500022888184,20.165000915527344,20280800,16.647974355107177,0.0365,1.0,yahoo,2023-12-13 16:42:28
2010-09-20,XRT,20.225000381469727,20.584999084472656,20.155000686645508,20.55500030517578,13981200,16.969953008347662,0.0,1.0,yahoo,2023-12-13 16:42:28
2010-09-21,XRT,20.56999969482422,20.57999992370605,20.225000381469727,20.34499931335449,24693600,16.79657879720662,0.0,1.0,yahoo,2023-12-13 16:42:28
2010-09-22,XRT,20.34499931335449,20.5,20.1299991607666,20.299999237060547,22542400,16.759427293010926,0.0,1.0,yahoo,2023-12-13 16:42:28
2010-09-23,XRT,20.1200008392334,20.57999992370605,20.045000076293945,20.325000762939453,22647600,16.780068242317807,0.0,1.0,yahoo,2023-12-13 16:42:28
2010-09-24,XRT,20.670000076293945,20.93000030517578,20.540000915527344,20.920000076293945,23616600,17.271292286964616,0.0,1.0,yahoo,2023-12-13 16:42:28
2010-09-27,XRT,20.940000534057617,21.030000686645508,20.725000381469727,20.825000762939453,6894000,17.192862033521852,0.0,1.0,yahoo,2023-12-13 16:42:28
2010-09-28,XRT,20.86000061035156,21.1299991607666,20.545000076293945,21.100000381469727,16195800,17.419898303747406,0.0,1.0,yahoo,2023-12-13 16:42:28
2010-09-29,XRT,21.0,21.13999938964844,20.90999984741211,21.01000022888184,13733000,17.345595295356013,0.0,1.0,yahoo,2023-12-13 16:42:28
2010-09-30,XRT,21.18000030517578,21.229999542236328,20.690000534057617,20.90999984741211,17694000,17.26303622217853,0.0,1.0,yahoo,2023-12-13 16:42:28
2010-10-01,XRT,21.0049991607666,21.25,20.834999084472656,20.98500061035156,17103200,17.324955920732474,0.0,1.0,yahoo,2023-12-13 16:42:28
2010-10-04,XRT,20.96500015258789,21.0049991607666,20.600000381469727,20.78499984741211,15599000,17.15983777437752,0.0,1.0,yahoo,2023-12-13 16:42:28
2010-10-05,XRT,20.875,21.27499961853028,20.8700008392334,21.11000061035156,23833000,17.428154368533487,0.0,1.0,yahoo,2023-12-13 16:42:28
2010-10-06,XRT,21.06999969482422,21.15999984741211,20.864999771118164,21.01000022888184,22505000,17.345595295356013,0.0,1.0,yahoo,2023-12-13 16:42:28
2010-10-07,XRT,21.174999237060547,21.229999542236328,20.905000686645508,21.200000762939453,17626600,17.502457376924884,0.0,1.0,yahoo,2023-12-13 16:42:28
2010-10-08,XRT,21.174999237060547,21.52499961853028,21.1299991607666,21.415000915527344,21087800,17.679958833117293,0.0,1.0,yahoo,2023-12-13 16:42:28
2010-10-11,XRT,21.575000762939453,21.809999465942383,21.489999771118164,21.665000915527344,18351600,17.886355728719316,0.0,1.0,yahoo,2023-12-13 16:42:28
2010-10-12,XRT,21.7450008392334,21.95499992370605,21.530000686645508,21.89999961853028,26655200,18.080367739800547,0.0,1.0,yahoo,2023-12-13 16:42:28
2010-10-13,XRT,22.030000686645508,22.13500022888184,21.790000915527344,21.854999542236328,32571800,18.043216235604845,0.0,1.0,yahoo,2023-12-13 16:42:28
2010-10-14,XRT,21.81999969482422,21.950000762939453,21.604999542236328,21.77499961853028,25506800,17.977169291999537,0.0,1.0,yahoo,2023-12-13 16:42:28
2010-10-15,XRT,21.875,22.045000076293945,21.670000076293945,22.01499938964844,29249600,18.175310122815475,0.0,1.0,yahoo,2023-12-13 16:42:28
2010-10-18,XRT,21.989999771118164,22.084999084472656,21.799999237060547,22.059999465942383,9497200,18.21246162701117,0.0,1.0,yahoo,2023-12-13 16:42:28
2010-10-19,XRT,21.7549991607666,21.850000381469727,21.30500030517578,21.415000915527344,30164000,17.679958833117293,0.0,1.0,yahoo,2023-12-13 16:42:28
2010-10-20,XRT,21.46500015258789,21.7450008392334,21.46500015258789,21.614999771118164,18072800,17.845075404788904,0.0,1.0,yahoo,2023-12-13 16:42:28
2010-10-21,XRT,21.665000915527344,21.86000061035156,21.299999237060547,21.489999771118164,28820800,17.74187695698789,0.0,1.0,yahoo,2023-12-13 16:42:28
2010-10-22,XRT,21.52499961853028,21.69499969482422,21.45499992370605,21.670000076293945,21031200,17.890482973770684,0.0,1.0,yahoo,2023-12-13 16:42:28
2010-10-25,XRT,21.799999237060547,22.075000762939453,21.78499984741211,21.815000534057617,19085800,18.01019355114386,0.0,1.0,yahoo,2023-12-13 16:42:28
2010-10-26,XRT,21.700000762939453,22.155000686645508,21.56999969482422,22.02499961853028,22728000,18.18356618760156,0.0,1.0,yahoo,2023-12-13 16:42:28
2010-10-27,XRT,21.875,21.89999961853028,21.5,21.7450008392334,24723200,17.95240267232463,0.0,1.0,yahoo,2023-12-13 16:42:28
2010-10-28,XRT,21.940000534057617,21.9950008392334,21.56999969482422,21.725000381469727,19125200,17.935890542752464,0.0,1.0,yahoo,2023-12-13 16:42:28
2010-10-29,XRT,21.670000076293945,21.80500030517578,21.61000061035156,21.80500030517578,14389200,18.00193748635778,0.0,1.0,yahoo,2023-12-13 16:42:28
2010-11-01,XRT,21.96500015258789,21.96999931335449,21.5,21.600000381469727,19521200,17.832692094951454,0.0,1.0,yahoo,2023-12-13 16:42:28
2010-11-02,XRT,21.77499961853028,21.96999931335449,21.600000381469727,21.875,16611000,18.05972836517701,0.0,1.0,yahoo,2023-12-13 16:42:28
2010-11-03,XRT,21.850000381469727,21.934999465942383,21.604999542236328,21.895000457763672,26209000,18.076240494749175,0.0,1.0,yahoo,2023-12-13 16:42:28
2010-11-04,XRT,22.184999465942383,22.46500015258789,22.125,22.46500015258789,21547400,18.54682516477245,0.0,1.0,yahoo,2023-12-13 16:42:28
2010-11-05,XRT,22.51000022888184,22.82999992370605,22.424999237060547,22.64999961853028,21075000,18.699558426606615,0.0,1.0,yahoo,2023-12-13 16:42:28
2010-11-08,XRT,22.565000534057617,22.76000022888184,22.364999771118164,22.725000381469727,12251600,18.761478125160558,0.0,1.0,yahoo,2023-12-13 16:42:28
2010-11-09,XRT,22.795000076293945,22.81999969482422,22.3799991607666,22.479999542236328,18023400,18.5592084746099,0.0,1.0,yahoo,2023-12-13 16:42:28
2010-11-10,XRT,22.5049991607666,22.68000030517578,22.290000915527344,22.65999984741211,15868400,18.707814491392693,0.0,1.0,yahoo,2023-12-13 16:42:28
2010-11-11,XRT,22.43000030517578,22.795000076293945,22.2450008392334,22.670000076293945,19348200,18.716070556178774,0.0,1.0,yahoo,2023-12-13 16:42:28
2010-11-12,XRT,22.51000022888184,22.674999237060547,22.25,22.299999237060547,22798800,18.41060245782711,0.0,1.0,yahoo,2023-12-13 16:42:28
2010-11-15,XRT,22.40999984741211,22.545000076293945,22.21999931335449,22.25,14306400,18.369323708580044,0.0,1.0,yahoo,2023-12-13 16:42:28
2010-11-16,XRT,22.190000534057617,22.540000915527344,22.020000457763672,22.13500022888184,30217600,18.274381325565116,0.0,1.0,yahoo,2023-12-13 16:42:28
2010-11-17,XRT,22.21999931335449,22.604999542236328,22.21999931335449,22.559999465942383,33640400,18.625255418215215,0.0,1.0,yahoo,2023-12-13 16:42:28
2010-11-18,XRT,22.850000381469727,23.049999237060547,22.665000915527344,22.690000534057617,20825400,18.73258268575094,0.0,1.0,yahoo,2023-12-13 16:42:28
2010-11-19,XRT,22.73500061035156,23.0,22.65999984741211,23.0,17663200,18.98851439538611,0.0,1.0,yahoo,2023-12-13 16:42:28
2010-11-22,XRT,22.98500061035156,23.325000762939453,22.84499931335449,23.21500015258789,23017600,19.166015851578518,0.0,1.0,yahoo,2023-12-13 16:42:28
2010-11-23,XRT,23.100000381469727,23.34499931335449,23.03499984741211,23.290000915527344,20956000,19.227935550132464,0.0,1.0,yahoo,2023-12-13 16:42:28
2010-11-24,XRT,23.489999771118164,23.69499969482422,23.420000076293945,23.665000915527344,23634400,19.5375308935355,0.0,1.0,yahoo,2023-12-13 16:42:28
2010-11-26,XRT,23.6200008392334,23.729999542236328,23.520000457763672,23.684999465942383,7176000,19.554041448424318,0.0,1.0,yahoo,2023-12-13 16:42:28
2010-11-29,XRT,23.59000015258789,23.59000015258789,23.239999771118164,23.479999542236328,22539800,19.384796057017994,0.0,1.0,yahoo,2023-12-13 16:42:28
2010-11-30,XRT,23.280000686645508,23.73500061035156,23.23500061035156,23.55500030517578,22339800,19.446715755571937,0.0,1.0,yahoo,2023-12-13 16:42:28
2010-12-01,XRT,23.809999465942383,24.020000457763672,23.64999961853028,23.84000015258789,26802800,19.682008090583576,0.0,1.0,yahoo,2023-12-13 16:42:28
2010-12-02,XRT,23.875,23.959999084472656,23.674999237060547,23.924999237060547,21745600,19.75218227924026,0.0,1.0,yahoo,2023-12-13 16:42:28
2010-12-03,XRT,23.69499969482422,24.09000015258789,23.674999237060547,24.040000915527344,41115800,19.847126236938532,0.0,1.0,yahoo,2023-12-13 16:42:28
2010-12-06,XRT,24.03499984741211,24.065000534057617,23.905000686645508,24.020000457763672,15320800,19.83061410736637,0.0,1.0,yahoo,2023-12-13 16:42:28
2010-12-07,XRT,24.299999237060547,24.905000686645508,23.88500022888184,23.88999938964844,25254600,19.723286839830646,0.0,1.0,yahoo,2023-12-13 16:42:28
2010-12-08,XRT,23.950000762939453,23.979999542236328,23.68000030517578,23.78499984741211,18244800,19.636600521601796,0.0,1.0,yahoo,2023-12-13 16:42:28
2010-12-09,XRT,23.9950008392334,23.9950008392334,23.729999542236328,23.93000030517578,9641200,19.756311098974972,0.0,1.0,yahoo,2023-12-13 16:42:28
2010-12-10,XRT,23.915000915527344,24.100000381469727,23.81999969482422,24.06999969482422,12218200,19.871892856613435,0.0,1.0,yahoo,2023-12-13 16:42:28
2010-12-13,XRT,24.100000381469727,24.229999542236328,23.709999084472656,23.725000381469727,23304800,19.587065707568648,0.0,1.0,yahoo,2023-12-13 16:42:28
2010-12-14,XRT,23.7450008392334,23.790000915527344,23.549999237060547,23.6299991607666,24555800,19.508633879442538,0.0,1.0,yahoo,2023-12-13 16:42:28
2010-12-15,XRT,23.575000762939453,23.82999992370605,23.575000762939453,23.65999984741211,12661000,19.533402073800787,0.0,1.0,yahoo,2023-12-13 16:42:28
2010-12-16,XRT,23.799999237060547,24.030000686645508,23.61000061035156,24.030000686645508,15599600,19.83887017215245,0.0,1.0,yahoo,2023-12-13 16:42:28
2010-12-17,XRT,23.915000915527344,24.045000076293945,23.80500030517578,23.979999542236328,18027400,19.88780084406307,0.109,1.0,yahoo,2023-12-13 16:42:28
2010-12-20,XRT,24.104999542236328,24.104999542236328,23.8799991607666,23.950000762939453,12892600,19.862921371185248,0.0,1.0,yahoo,2023-12-13 16:42:28
2010-12-21,XRT,23.93000030517578,24.059999465942383,23.895000457763672,24.030000686645508,7314600,19.92926926862386,0.0,1.0,yahoo,2023-12-13 16:42:28
2010-12-22,XRT,24.09499931335449,24.1200008392334,23.93000030517578,24.01499938964844,11493000,19.916827950326297,0.0,1.0,yahoo,2023-12-13 16:42:28
2010-12-23,XRT,24.07999992370605,24.280000686645508,24.059999465942383,24.225000381469727,11037800,20.09099216976431,0.0,1.0,yahoo,2023-12-13 16:42:28
2010-12-27,XRT,24.049999237060547,24.229999542236328,23.875,24.114999771118164,8512000,19.999763217589223,0.0,1.0,yahoo,2023-12-13 16:42:28
2010-12-28,XRT,24.165000915527344,24.19499969482422,24.020000457763672,24.049999237060547,7849600,19.945855056589522,0.0,1.0,yahoo,2023-12-13 16:42:28
2010-12-29,XRT,24.1200008392334,24.28499984741211,24.07999992370605,24.23500061035156,8082200,20.099285854676463,0.0,1.0,yahoo,2023-12-13 16:42:28
2010-12-30,XRT,24.209999084472656,24.415000915527344,24.20499992370605,24.364999771118164,4787800,20.207100594817216,0.0,1.0,yahoo,2023-12-13 16:42:28
2010-12-31,XRT,24.34499931335449,24.364999771118164,24.145000457763672,24.18000030517578,6508200,20.053671378588923,0.0,1.0,yahoo,2023-12-13 16:42:28
2011-01-03,XRT,24.239999771118164,24.51000022888184,24.239999771118164,24.354999542236328,11663600,20.19880690990506,0.0,1.0,yahoo,2023-12-13 16:42:28
2011-01-04,XRT,24.440000534057617,24.53499984741211,23.809999465942383,23.89999961853028,17158400,19.82145294662446,0.0,1.0,yahoo,2023-12-13 16:42:28
2011-01-05,XRT,23.81999969482422,24.02499961853028,23.71999931335449,23.8799991607666,35212600,19.80486557680014,0.0,1.0,yahoo,2023-12-13 16:42:28
2011-01-06,XRT,23.665000915527344,23.825000762939453,23.52499961853028,23.540000915527344,28919200,19.52288819908003,0.0,1.0,yahoo,2023-12-13 16:42:28
2011-01-07,XRT,23.4950008392334,23.684999465942383,23.174999237060547,23.46999931335449,18849200,19.46483240469492,0.0,1.0,yahoo,2023-12-13 16:42:28
2011-01-10,XRT,23.39999961853028,23.690000534057617,23.309999465942383,23.68000030517578,14908800,19.638996624132936,0.0,1.0,yahoo,2023-12-13 16:42:28
2011-01-11,XRT,23.69499969482422,23.770000457763672,23.280000686645508,23.3799991607666,19780400,19.390190822344152,0.0,1.0,yahoo,2023-12-13 16:42:28
2011-01-12,XRT,23.575000762939453,23.71500015258789,23.51000022888184,23.600000381469727,16629600,19.572648726694325,0.0,1.0,yahoo,2023-12-13 16:42:28
2011-01-13,XRT,23.520000457763672,23.604999542236328,23.475000381469727,23.51499938964844,9905800,19.50215319587031,0.0,1.0,yahoo,2023-12-13 16:42:28
2011-01-14,XRT,23.40999984741211,23.530000686645508,23.375,23.51000022888184,18982200,19.498007144343557,0.0,1.0,yahoo,2023-12-13 16:42:28
2011-01-18,XRT,23.5,23.549999237060547,23.30500030517578,23.48500061035156,13819200,19.477273722992482,0.0,1.0,yahoo,2023-12-13 16:42:28
2011-01-19,XRT,23.44499969482422,23.48500061035156,23.19499969482422,23.26000022888184,17717600,19.290669767115563,0.0,1.0,yahoo,2023-12-13 16:42:28
2011-01-20,XRT,23.190000534057617,23.725000381469727,23.190000534057617,23.479999542236328,24162800,19.47312608960708,0.0,1.0,yahoo,2023-12-13 16:42:28
2011-01-21,XRT,23.6299991607666,23.6299991607666,23.30500030517578,23.325000762939453,17513200,19.344577928115264,0.0,1.0,yahoo,2023-12-13 16:42:28
2011-01-24,XRT,23.315000534057617,23.44499969482422,23.229999542236328,23.415000915527344,7482400,19.419219510466032,0.0,1.0,yahoo,2023-12-13 16:42:28
2011-01-25,XRT,23.34000015258789,23.43000030517578,23.065000534057617,23.375,19610400,19.3860447708174,0.0,1.0,yahoo,2023-12-13 16:42:28
2011-01-26,XRT,23.424999237060547,23.540000915527344,23.165000915527344,23.395000457763672,17879000,19.402632140641717,0.0,1.0,yahoo,2023-12-13 16:42:28
2011-01-27,XRT,23.415000915527344,23.690000534057617,23.415000915527344,23.690000534057617,14469000,19.647290309045093,0.0,1.0,yahoo,2023-12-13 16:42:28
2011-01-28,XRT,23.645000457763672,23.69499969482422,23.104999542236328,23.13500022888184,26848200,19.187001078501567,0.0,1.0,yahoo,2023-12-13 16:42:28
2011-01-31,XRT,23.290000915527344,23.325000762939453,23.0,23.21500015258789,11519600,19.253348975940177,0.0,1.0,yahoo,2023-12-13 16:42:28
2011-02-01,XRT,23.354999542236328,23.670000076293945,23.295000076293945,23.530000686645508,23050000,19.51459451416787,0.0,1.0,yahoo,2023-12-13 16:42:28
2011-02-02,XRT,23.46500015258789,23.46999931335449,23.065000534057617,23.065000534057617,33340600,19.12894686597511,0.0,1.0,yahoo,2023-12-13 16:42:28
2011-02-03,XRT,23.424999237060547,23.78499984741211,23.350000381469727,23.725000381469727,35563800,19.676317415308322,0.0,1.0,yahoo,2023-12-13 16:42:28
2011-02-04,XRT,23.76000022888184,24.155000686645508,23.725000381469727,24.05500030517578,28095600,19.950002689974927,0.0,1.0,yahoo,2023-12-13 16:42:28
2011-02-07,XRT,24.1200008392334,24.34499931335449,24.075000762939453,24.190000534057617,17142600,20.06196506350108,0.0,1.0,yahoo,2023-12-13 16:42:28
2011-02-08,XRT,24.18000030517578,24.46999931335449,24.125,24.45499992370605,18940600,20.281742177167985,0.0,1.0,yahoo,2023-12-13 16:42:28
2011-02-09,XRT,24.43000030517578,24.655000686645508,24.38500022888184,24.489999771118164,23358200,20.310769283431213,0.0,1.0,yahoo,2023-12-13 16:42:28
2011-02-10,XRT,24.38500022888184,24.59000015258789,24.295000076293945,24.584999084472656,15578200,20.389556917308735,0.0,1.0,yahoo,2023-12-13 16:42:28
2011-02-11,XRT,24.4950008392334,24.84000015258789,24.395000457763672,24.84000015258789,17885400,20.601041927922136,0.0,1.0,yahoo,2023-12-13 16:42:28
2011-02-14,XRT,24.88999938964844,24.924999237060547,24.6200008392334,24.71500015258789,13698400,20.49737323930814,0.0,1.0,yahoo,2023-12-13 16:42:28
2011-02-15,XRT,24.59499931335449,24.790000915527344,24.55500030517578,24.625,12511200,20.422731656957367,0.0,1.0,yahoo,2023-12-13 16:42:28
2011-02-16,XRT,24.934999465942383,25.30500030517578,24.88500022888184,25.020000457763672,20054600,20.750325092623676,0.0,1.0,yahoo,2023-12-13 16:42:28
2011-02-17,XRT,24.940000534057617,25.170000076293945,24.84499931335449,25.01000022888184,12534000,20.74203140771152,0.0,1.0,yahoo,2023-12-13 16:42:28
2011-02-18,XRT,25.040000915527344,25.145000457763672,24.95499992370605,25.059999465942383,10035800,20.783498250413654,0.0,1.0,yahoo,2023-12-13 16:42:28
2011-02-22,XRT,24.7549991607666,25.1299991607666,24.584999084472656,24.600000381469727,29364200,20.4019982356063,0.0,1.0,yahoo,2023-12-13 16:42:28
2011-02-23,XRT,24.57999992370605,24.674999237060547,23.84499931335449,24.18000030517578,32893000,20.053671378588923,0.0,1.0,yahoo,2023-12-13 16:42:28
2011-02-24,XRT,24.14999961853028,24.56999969482422,23.975000381469727,24.25,26432600,20.111725591115377,0.0,1.0,yahoo,2023-12-13 16:42:28
2011-02-25,XRT,24.38999938964844,24.65999984741211,24.25,24.604999542236328,26431200,20.406144287133053,0.0,1.0,yahoo,2023-12-13 16:42:28
2011-02-28,XRT,24.670000076293945,24.725000381469727,24.415000915527344,24.61000061035156,18620000,20.410291920518453,0.0,1.0,yahoo,2023-12-13 16:42:28
2011-03-01,XRT,24.604999542236328,24.71500015258789,24.06999969482422,24.14999961853028,28283000,20.028790323852455,0.0,1.0,yahoo,2023-12-13 16:42:28
2011-03-02,XRT,24.14999961853028,24.440000534057617,24.104999542236328,24.375,27679000,20.215394279729374,0.0,1.0,yahoo,2023-12-13 16:42:28
2011-03-03,XRT,24.57999992370605,24.71500015258789,24.31999969482422,24.670000076293945,23457000,20.460052448132753,0.0,1.0,yahoo,2023-12-13 16:42:28
2011-03-04,XRT,24.65999984741211,24.76499938964844,24.36000061035156,24.55500030517578,26344000,20.364677444430914,0.0,1.0,yahoo,2023-12-13 16:42:28
2011-03-07,XRT,24.645000457763672,24.670000076293945,24.040000915527344,24.190000534057617,27085600,20.06196506350108,0.0,1.0,yahoo,2023-12-13 16:42:28
2011-03-08,XRT,24.190000534057617,24.450000762939453,23.95499992370605,24.325000762939453,30084000,20.17392743702724,0.0,1.0,yahoo,2023-12-13 16:42:28
2011-03-09,XRT,24.2549991607666,24.6299991607666,24.174999237060547,24.4950008392334,35158200,20.314916916816617,0.0,1.0,yahoo,2023-12-13 16:42:28
2011-03-10,XRT,24.209999084472656,24.479999542236328,24.15999984741211,24.30500030517578,31905800,20.15734006720292,0.0,1.0,yahoo,2023-12-13 16:42:28
2011-03-11,XRT,24.39999961853028,24.700000762939453,24.03499984741211,24.614999771118164,28889600,20.41443797204521,0.0,1.0,yahoo,2023-12-13 16:42:28
2011-03-14,XRT,24.4950008392334,24.625,24.1200008392334,24.38500022888184,27945400,20.223687964641535,0.0,1.0,yahoo,2023-12-13 16:42:28
2011-03-15,XRT,23.864999771118164,24.5049991607666,23.700000762939453,24.354999542236328,33760600,20.19880690990506,0.0,1.0,yahoo,2023-12-13 16:42:28
2011-03-16,XRT,24.28499984741211,24.44499969482422,23.920000076293945,24.084999084472656,32010600,19.97488216285275,0.0,1.0,yahoo,2023-12-13 16:42:28
2011-03-17,XRT,24.27499961853028,24.375,23.9950008392334,23.9950008392334,34562400,19.90024216236063,0.0,1.0,yahoo,2023-12-13 16:42:28
2011-03-18,XRT,24.21999931335449,24.27499961853028,23.80500030517578,23.934999465942383,48763000,19.88072161628066,0.0365,1.0,yahoo,2023-12-13 16:42:28
2011-03-21,XRT,24.28499984741211,24.440000534057617,24.155000686645508,24.38500022888184,29042000,20.25449809819967,0.0,1.0,yahoo,2023-12-13 16:42:28
2011-03-22,XRT,24.3799991607666,24.51499938964844,24.165000915527344,24.165000915527344,24606400,20.071763809410687,0.0,1.0,yahoo,2023-12-13 16:42:28
2011-03-23,XRT,24.125,24.3799991607666,23.84499931335449,24.34000015258789,28853400,20.217120450007766,0.0,1.0,yahoo,2023-12-13 16:42:28
2011-03-24,XRT,24.51000022888184,24.84499931335449,24.43000030517578,24.729999542236328,30157600,20.54105901149186,0.0,1.0,yahoo,2023-12-13 16:42:28
2011-03-25,XRT,24.84499931335449,25.209999084472656,24.76499938964844,24.96500015258789,27544600,20.736253572523847,0.0,1.0,yahoo,2023-12-13 16:42:28
2011-03-28,XRT,25.05500030517578,25.20499992370605,24.709999084472656,24.799999237060547,28595800,20.59920166773069,0.0,1.0,yahoo,2023-12-13 16:42:28
2011-03-29,XRT,24.834999084472656,25.1200008392334,24.655000686645508,25.09499931335449,16357800,20.84423256492902,0.0,1.0,yahoo,2023-12-13 16:42:28
2011-03-30,XRT,25.295000076293945,25.604999542236328,25.184999465942383,25.565000534057617,21659800,21.234621686993,0.0,1.0,yahoo,2023-12-13 16:42:28
2011-03-31,XRT,25.565000534057617,25.565000534057617,25.20499992370605,25.39999961853028,21990200,21.097569782199848,0.0,1.0,yahoo,2023-12-13 16:42:28
2011-04-01,XRT,25.55500030517578,25.674999237060547,25.405000686645508,25.530000686645508,14725000,21.20555035887358,0.0,1.0,yahoo,2023-12-13 16:42:28
2011-04-04,XRT,25.614999771118164,25.64999961853028,25.34000015258789,25.440000534057617,17181600,21.13079506248978,0.0,1.0,yahoo,2023-12-13 16:42:28
2011-04-05,XRT,25.364999771118164,26.1299991607666,25.364999771118164,25.98500061035156,24481400,21.583479208694545,0.0,1.0,yahoo,2023-12-13 16:42:28
2011-04-06,XRT,26.155000686645508,26.26499938964844,25.825000762939453,26.05500030517578,21016200,21.641621864933377,0.0,1.0,yahoo,2023-12-13 16:42:28
2011-04-07,XRT,26.11000061035156,26.559999465942383,26.01000022888184,26.27499961853028,31194800,21.824356153722363,0.0,1.0,yahoo,2023-12-13 16:42:28
2011-04-08,XRT,26.34499931335449,26.395000457763672,25.84000015258789,25.98500061035156,26096600,21.583479208694545,0.0,1.0,yahoo,2023-12-13 16:42:28
2011-04-11,XRT,26.01000022888184,26.190000534057617,25.8700008392334,25.979999542236328,13096800,21.579325256524022,0.0,1.0,yahoo,2023-12-13 16:42:28
2011-04-12,XRT,25.71500015258789,26.170000076293945,25.71500015258789,25.82999992370605,33925600,21.454733623973873,0.0,1.0,yahoo,2023-12-13 16:42:28
2011-04-13,XRT,26.045000076293945,26.045000076293945,25.614999771118164,25.86000061035156,16408800,21.479652584191328,0.0,1.0,yahoo,2023-12-13 16:42:28
2011-04-14,XRT,25.809999465942383,25.934999465942383,25.665000915527344,25.875,11906800,21.492111272165776,0.0,1.0,yahoo,2023-12-13 16:42:28
2011-04-15,XRT,25.8700008392334,26.075000762939453,25.790000915527344,26.075000762939453,13259800,21.658234505078347,0.0,1.0,yahoo,2023-12-13 16:42:28
2011-04-18,XRT,25.795000076293945,25.854999542236328,25.405000686645508,25.84000015258789,15882600,21.46303994404636,0.0,1.0,yahoo,2023-12-13 16:42:28
2011-04-19,XRT,25.8799991607666,25.95499992370605,25.670000076293945,25.84499931335449,7790000,21.467192311948317,0.0,1.0,yahoo,2023-12-13 16:42:28
2011-04-20,XRT,26.209999084472656,26.415000915527344,26.145000457763672,26.395000457763672,13010200,21.92403041032361,0.0,1.0,yahoo,2023-12-13 16:42:28
2011-04-21,XRT,26.5049991607666,26.559999465942383,26.2549991607666,26.39999961853028,10596000,21.928182778225576,0.0,1.0,yahoo,2023-12-13 16:42:28
2011-04-25,XRT,26.375,26.39999961853028,26.20499992370605,26.38999938964844,10913800,21.91987645815309,0.0,1.0,yahoo,2023-12-13 16:42:28
2011-04-26,XRT,26.39999961853028,26.625,26.295000076293945,26.475000381469727,14000000,21.990479386634927,0.0,1.0,yahoo,2023-12-13 16:42:28
2011-04-27,XRT,26.56999969482422,26.895000457763672,26.489999771118164,26.84000015258789,20115000,22.29365294007209,0.0,1.0,yahoo,2023-12-13 16:42:28
2011-04-28,XRT,26.78499984741211,26.90999984741211,26.69499969482422,26.809999465942383,15552400,22.268733979854638,0.0,1.0,yahoo,2023-12-13 16:42:28
2011-04-29,XRT,26.674999237060547,26.86000061035156,26.63500022888184,26.655000686645508,25842400,22.13998997940253,0.0,1.0,yahoo,2023-12-13 16:42:28
2011-05-02,XRT,26.75,26.834999084472656,26.420000076293945,26.46500015258789,12514000,21.982173066562442,0.0,1.0,yahoo,2023-12-13 16:42:28
2011-05-03,XRT,26.434999465942383,26.584999084472656,26.20499992370605,26.34499931335449,16231400,21.882498809961184,0.0,1.0,yahoo,2023-12-13 16:42:28
2011-05-04,XRT,26.39999961853028,26.51499938964844,26.09499931335449,26.309999465942383,21511800,21.85342748184177,0.0,1.0,yahoo,2023-12-13 16:42:28
2011-05-05,XRT,26.114999771118164,26.709999084472656,26.045000076293945,26.299999237060547,36800000,21.845121161769285,0.0,1.0,yahoo,2023-12-13 16:42:28
2011-05-06,XRT,26.604999542236328,26.700000762939453,26.26000022888184,26.36000061035156,16386000,21.894959082204192,0.0,1.0,yahoo,2023-12-13 16:42:28
2011-05-09,XRT,26.3799991607666,26.53499984741211,26.2549991607666,26.48500061035156,14707600,21.99878570670741,0.0,1.0,yahoo,2023-12-13 16:42:28
2011-05-10,XRT,26.540000915527344,26.95499992370605,26.530000686645508,26.88999938964844,13907800,22.335182956165955,0.0,1.0,yahoo,2023-12-13 16:42:28
2011-05-11,XRT,26.8700008392334,27.020000457763672,26.59000015258789,26.770000457763672,17452000,22.23551028383326,0.0,1.0,yahoo,2023-12-13 16:42:28
2011-05-12,XRT,26.739999771118164,27.20499992370605,26.52499961853028,27.200000762939453,18119200,22.592674125607292,0.0,1.0,yahoo,2023-12-13 16:42:28
2011-05-13,XRT,27.290000915527344,27.36000061035156,26.94499969482422,27.049999237060547,13727400,22.468080908788583,0.0,1.0,yahoo,2023-12-13 16:42:28
2011-05-16,XRT,27.040000915527344,27.049999237060547,26.59000015258789,26.604999542236328,24611400,22.098458379040103,0.0,1.0,yahoo,2023-12-13 16:42:28
2011-05-17,XRT,26.415000915527344,26.709999084472656,26.309999465942383,26.52499961853028,17968000,22.032009402728793,0.0,1.0,yahoo,2023-12-13 16:42:28
2011-05-18,XRT,26.4950008392334,26.84499931335449,26.395000457763672,26.799999237060547,15699800,22.260427659782152,0.0,1.0,yahoo,2023-12-13 16:42:28
2011-05-19,XRT,26.799999237060547,26.81999969482422,26.5,26.65999984741211,15655400,22.144142347304488,0.0,1.0,yahoo,2023-12-13 16:42:28
2011-05-20,XRT,26.520000457763672,26.549999237060547,26.11000061035156,26.20499992370605,32822600,21.76621349748352,0.0,1.0,yahoo,2023-12-13 16:42:28
2011-05-23,XRT,26.0,26.31999969482422,25.84499931335449,26.1299991607666,26000000,21.70391688907417,0.0,1.0,yahoo,2023-12-13 16:42:28
2011-05-24,XRT,26.26499938964844,26.459999084472656,26.155000686645508,26.190000534057617,13448200,21.75375480950908,0.0,1.0,yahoo,2023-12-13 16:42:28
2011-05-25,XRT,25.920000076293945,26.309999465942383,25.915000915527344,26.18000030517578,19721200,21.745448489436594,0.0,1.0,yahoo,2023-12-13 16:42:28
2011-05-26,XRT,26.20499992370605,26.690000534057617,26.20499992370605,26.614999771118164,19888400,22.10676469911259,0.0,1.0,yahoo,2023-12-13 16:42:28
2011-05-27,XRT,26.670000076293945,26.88999938964844,26.670000076293945,26.84499931335449,14088400,22.29780530797405,0.0,1.0,yahoo,2023-12-13 16:42:28
2011-05-31,XRT,27.045000076293945,27.11000061035156,26.825000762939453,27.06999969482422,23265000,22.484693548933553,0.0,1.0,yahoo,2023-12-13 16:42:28
2011-06-01,XRT,26.94499969482422,26.979999542236328,26.26499938964844,26.28499984741211,37762000,21.83266247379484,0.0,1.0,yahoo,2023-12-13 16:42:28
2011-06-02,XRT,26.21500015258789,26.334999084472656,25.854999542236328,26.0,37259600,21.595937896668993,0.0,1.0,yahoo,2023-12-13 16:42:28
2011-06-03,XRT,25.63999938964844,25.979999542236328,25.549999237060547,25.614999771118164,31239200,21.276151703086857,0.0,1.0,yahoo,2023-12-13 16:42:28
2011-06-06,XRT,25.53499984741211,25.709999084472656,25.14999961853028,25.170000076293945,29509200,20.906529173338377,0.0,1.0,yahoo,2023-12-13 16:42:28
2011-06-07,XRT,25.21500015258789,25.565000534057617,25.13999938964844,25.14999961853028,25626600,20.889916533193414,0.0,1.0,yahoo,2023-12-13 16:42:28
2011-06-08,XRT,25.049999237060547,25.1200008392334,24.780000686645508,24.834999084472656,29176600,20.628272995850107,0.0,1.0,yahoo,2023-12-13 16:42:28
2011-06-09,XRT,24.90999984741211,25.3700008392334,24.834999084472656,25.174999237060547,21189200,20.91068154124034,0.0,1.0,yahoo,2023-12-13 16:42:28
2011-06-10,XRT,25.030000686645508,25.1299991607666,24.575000762939453,24.739999771118164,29597600,20.549365331564346,0.0,1.0,yahoo,2023-12-13 16:42:28
2011-06-13,XRT,24.850000381469727,25.05500030517578,24.71500015258789,24.81999969482422,16879000,20.61581430787566,0.0,1.0,yahoo,2023-12-13 16:42:28
2011-06-14,XRT,25.165000915527344,25.5049991607666,25.1299991607666,25.450000762939453,22101400,21.139101382562266,0.0,1.0,yahoo,2023-12-13 16:42:28
2011-06-15,XRT,25.190000534057617,25.405000686645508,24.975000381469727,25.065000534057617,22342200,20.81931518898013,0.0,1.0,yahoo,2023-12-13 16:42:28
2011-06-16,XRT,25.125,25.295000076293945,24.795000076293945,25.09000015258789,24952200,20.840080197027063,0.0,1.0,yahoo,2023-12-13 16:42:28
2011-06-17,XRT,25.270000457763672,25.565000534057617,25.200000762939453,25.295000076293945,34512800,21.051889018250762,0.0495,1.0,yahoo,2023-12-13 16:42:28
2011-06-20,XRT,25.21500015258789,25.86000061035156,25.19499969482422,25.854999542236328,24405800,21.517951345657007,0.0,1.0,yahoo,2023-12-13 16:42:28
2011-06-21,XRT,25.979999542236328,26.405000686645508,25.8799991607666,26.3700008392334,26647600,21.946563724227357,0.0,1.0,yahoo,2023-12-13 16:42:28
2011-06-22,XRT,26.28499984741211,26.434999465942383,25.94499969482422,25.96500015258789,21631000,21.60949989810122,0.0,1.0,yahoo,2023-12-13 16:42:28
2011-06-23,XRT,25.81999969482422,26.32999992370605,25.63999938964844,26.325000762939453,37989200,21.90911218799112,0.0,1.0,yahoo,2023-12-13 16:42:28
2011-06-24,XRT,26.21999931335449,26.375,25.93000030517578,25.979999542236328,18924000,21.621983214379853,0.0,1.0,yahoo,2023-12-13 16:42:28
2011-06-27,XRT,26.01000022888184,26.2549991607666,25.809999465942383,26.18000030517578,13135600,21.78843483929654,0.0,1.0,yahoo,2023-12-13 16:42:28
2011-06-28,XRT,26.28499984741211,26.73500061035156,26.2450008392334,26.73500061035156,17306000,22.25033659041002,0.0,1.0,yahoo,2023-12-13 16:42:28
2011-06-29,XRT,26.790000915527344,26.915000915527344,26.51499938964844,26.600000381469727,27875400,22.13798198170131,0.0,1.0,yahoo,2023-12-13 16:42:28
2011-06-30,XRT,26.690000534057617,26.88500022888184,26.604999542236328,26.690000534057617,15110800,22.212885054173782,0.0,1.0,yahoo,2023-12-13 16:42:28
2011-07-01,XRT,26.73500061035156,27.290000915527344,26.65999984741211,27.21999931335449,16726800,22.65397916162242,0.0,1.0,yahoo,2023-12-13 16:42:28
2011-07-05,XRT,27.229999542236328,27.325000762939453,26.94499969482422,27.25,12719600,22.67894738158003,0.0,1.0,yahoo,2023-12-13 16:42:28
2011-07-06,XRT,27.200000762939453,27.3700008392334,27.114999771118164,27.32999992370605,16990400,22.745527714066633,0.0,1.0,yahoo,2023-12-13 16:42:28
2011-07-07,XRT,27.73500061035156,28.21999931335449,27.68000030517578,28.170000076293945,23882600,23.444621998876176,0.0,1.0,yahoo,2023-12-13 16:42:28
2011-07-08,XRT,27.75,27.95499992370605,27.645000457763672,27.95499992370605,12592800,23.265687057680854,0.0,1.0,yahoo,2023-12-13 16:42:28
2011-07-11,XRT,27.549999237060547,27.809999465942383,27.19499969482422,27.31999969482422,14118800,22.73720497408077,0.0,1.0,yahoo,2023-12-13 16:42:28
2011-07-12,XRT,27.23500061035156,27.5,27.14999961853028,27.15999984741211,13376800,22.604044309107554,0.0,1.0,yahoo,2023-12-13 16:42:28
2011-07-13,XRT,27.395000457763672,27.725000381469727,27.30500030517578,27.395000457763672,15356600,22.799624730274612,0.0,1.0,yahoo,2023-12-13 16:42:28
2011-07-14,XRT,27.459999084472656,27.600000381469727,26.8799991607666,27.049999237060547,22551800,22.51249575666334,0.0,1.0,yahoo,2023-12-13 16:42:28
2011-07-15,XRT,27.200000762939453,27.20499992370605,26.850000381469727,27.14999961853028,18160400,22.595721569121693,0.0,1.0,yahoo,2023-12-13 16:42:28
2011-07-18,XRT,27.045000076293945,27.065000534057617,26.6200008392334,26.8700008392334,15652000,22.362691199118732,0.0,1.0,yahoo,2023-12-13 16:42:28
2011-07-19,XRT,27.084999084472656,27.4950008392334,27.084999084472656,27.440000534057617,16656400,22.83707626651085,0.0,1.0,yahoo,2023-12-13 16:42:28
2011-07-20,XRT,27.5,27.540000915527344,27.075000762939453,27.26000022888184,14781400,22.687270121565902,0.0,1.0,yahoo,2023-12-13 16:42:28
2011-07-21,XRT,27.3799991607666,27.655000686645508,27.229999542236328,27.46500015258789,16705200,22.85788232277535,0.0,1.0,yahoo,2023-12-13 16:42:28
2011-07-22,XRT,27.46999931335449,27.55500030517578,27.225000381469727,27.475000381469727,6977600,22.866205062761217,0.0,1.0,yahoo,2023-12-13 16:42:28
2011-07-25,XRT,27.174999237060547,27.434999465942383,27.114999771118164,27.170000076293945,12369000,22.61236704909342,0.0,1.0,yahoo,2023-12-13 16:42:28
2011-07-26,XRT,27.15999984741211,27.55500030517578,27.155000686645508,27.5,14554600,22.88701111902572,0.0,1.0,yahoo,2023-12-13 16:42:28
2011-07-27,XRT,27.375,27.420000076293945,26.6200008392334,26.63999938964844,18884200,22.171271354244443,0.0,1.0,yahoo,2023-12-13 16:42:28
2011-07-28,XRT,26.674999237060547,27.020000457763672,26.575000762939453,26.625,16980600,22.15878803796581,0.0,1.0,yahoo,2023-12-13 16:42:28
2011-07-29,XRT,26.39999961853028,26.834999084472656,26.13500022888184,26.6299991607666,22272200,22.16294861425857,0.0,1.0,yahoo,2023-12-13 16:42:28
2011-08-01,XRT,26.96500015258789,27.0,26.229999542236328,26.51499938964844,19732800,22.0672394855216,0.0,1.0,yahoo,2023-12-13 16:42:28
2011-08-02,XRT,26.325000762939453,26.64999961853028,25.415000915527344,25.420000076293945,31306200,21.155920886973604,0.0,1.0,yahoo,2023-12-13 16:42:28
2011-08-03,XRT,25.434999465942383,25.98500061035156,24.94499969482422,25.96500015258789,38627800,21.60949989810122,0.0,1.0,yahoo,2023-12-13 16:42:28
2011-08-04,XRT,25.5,25.545000076293945,24.229999542236328,24.229999542236328,46306200,20.16553705226003,0.0,1.0,yahoo,2023-12-13 16:42:28
2011-08-05,XRT,24.655000686645508,24.69499969482422,23.709999084472656,24.34499931335449,43760400,20.261246180997006,0.0,1.0,yahoo,2023-12-13 16:42:28
2011-08-08,XRT,23.75,24.0,22.184999465942383,22.34499931335449,47491400,18.5967362814315,0.0,1.0,yahoo,2023-12-13 16:42:28
2011-08-09,XRT,22.940000534057617,23.674999237060547,21.875,23.665000915527344,45353800,19.69531414856102,0.0,1.0,yahoo,2023-12-13 16:42:28
2011-08-10,XRT,23.1200008392334,23.415000915527344,22.48500061035156,22.5,31756600,18.72573637011195,0.0,1.0,yahoo,2023-12-13 16:42:28
2011-08-11,XRT,22.81999969482422,23.924999237060547,22.6299991607666,23.604999542236328,29165200,19.64537770864581,0.0,1.0,yahoo,2023-12-13 16:42:28
2011-08-12,XRT,24.045000076293945,24.104999542236328,23.059999465942383,23.575000762939453,35255400,19.620411076088548,0.0,1.0,yahoo,2023-12-13 16:42:28
2011-08-15,XRT,23.625,23.915000915527344,23.350000381469727,23.88500022888184,24909400,19.87840966604911,0.0,1.0,yahoo,2023-12-13 16:42:28
2011-08-16,XRT,23.600000381469727,23.76000022888184,23.229999542236328,23.614999771118164,22225600,19.65370044863168,0.0,1.0,yahoo,2023-12-13 16:42:28
2011-08-17,XRT,23.7549991607666,24.030000686645508,22.9950008392334,23.34000015258789,27828400,19.42483065492149,0.0,1.0,yahoo,2023-12-13 16:42:28
2011-08-18,XRT,22.600000381469727,22.709999084472656,21.96500015258789,22.165000915527344,28177400,18.44693172388689,0.0,1.0,yahoo,2023-12-13 16:42:28
2011-08-19,XRT,22.0,22.559999465942383,21.75,21.915000915527344,23394200,18.238867986441203,0.0,1.0,yahoo,2023-12-13 16:42:28
2011-08-22,XRT,22.545000076293945,22.545000076293945,21.895000457763672,22.059999465942383,19320400,18.359543747735444,0.0,1.0,yahoo,2023-12-13 16:42:28
2011-08-23,XRT,22.1200008392334,23.155000686645508,21.93000030517578,23.1299991607666,23449600,19.250056290018936,0.0,1.0,yahoo,2023-12-13 16:42:28
2011-08-24,XRT,23.1200008392334,23.59499931335449,22.875,23.3700008392334,16015600,19.449798874879097,0.0,1.0,yahoo,2023-12-13 16:42:28
2011-08-25,XRT,23.45499992370605,23.88500022888184,22.81999969482422,22.864999771118164,15096600,19.029509236294615,0.0,1.0,yahoo,2023-12-13 16:42:28
2011-08-26,XRT,22.7450008392334,23.674999237060547,22.450000762939453,23.559999465942383,26668600,19.607926172409574,0.0,1.0,yahoo,2023-12-13 16:42:28
2011-08-29,XRT,23.809999465942383,24.545000076293945,23.7450008392334,24.520000457763672,12070800,20.406891749649194,0.0,1.0,yahoo,2023-12-13 16:42:28
2011-08-30,XRT,24.32999992370605,24.80500030517578,24.11000061035156,24.625,21223400,20.4942781384003,0.0,1.0,yahoo,2023-12-13 16:42:28
2011-08-31,XRT,24.80500030517578,25.25,24.59000015258789,24.799999237060547,20516800,20.639922119652148,0.0,1.0,yahoo,2023-12-13 16:42:28
2011-09-01,XRT,24.799999237060547,25.084999084472656,24.18000030517578,24.25,22736600,20.18218253223177,0.0,1.0,yahoo,2023-12-13 16:42:28
2011-09-02,XRT,23.934999465942383,23.934999465942383,23.375,23.43000030517578,18175200,19.499733727393966,0.0,1.0,yahoo,2023-12-13 16:42:28
2011-09-06,XRT,22.709999084472656,23.575000762939453,22.665000915527344,23.549999237060547,26182400,19.599603432423706,0.0,1.0,yahoo,2023-12-13 16:42:28
2011-09-07,XRT,23.934999465942383,24.575000762939453,23.799999237060547,24.565000534057617,24567000,20.44434328588543,0.0,1.0,yahoo,2023-12-13 16:42:28
2011-09-08,XRT,24.34000015258789,24.614999771118164,23.915000915527344,24.03499984741211,20891600,20.003247591036452,0.0,1.0,yahoo,2023-12-13 16:42:28
2011-09-09,XRT,23.77499961853028,24.100000381469727,23.395000457763672,23.61000061035156,23460600,19.649539872338913,0.0,1.0,yahoo,2023-12-13 16:42:28
2011-09-12,XRT,23.26000022888184,23.959999084472656,23.23500061035156,23.924999237060547,25438000,19.91169903859224,0.0,1.0,yahoo,2023-12-13 16:42:28
2011-09-13,XRT,24.01499938964844,24.5,23.799999237060547,24.34000015258789,20154400,20.257085604704244,0.0,1.0,yahoo,2023-12-13 16:42:28
2011-09-14,XRT,24.51499938964844,25.045000076293945,24.13500022888184,24.75,22766000,20.598310007123146,0.0,1.0,yahoo,2023-12-13 16:42:28
2011-09-15,XRT,24.96999931335449,25.1200008392334,24.6200008392334,24.924999237060547,20651000,20.74395398837499,0.0,1.0,yahoo,2023-12-13 16:42:28
2011-09-16,XRT,24.80500030517578,25.23500061035156,24.80500030517578,25.030000686645508,25333600,20.872794456290215,0.0495,1.0,yahoo,2023-12-13 16:42:28
2011-09-19,XRT,24.739999771118164,25.13500022888184,24.334999084472656,24.924999237060547,22174400,20.785232585947607,0.0,1.0,yahoo,2023-12-13 16:42:28
2011-09-20,XRT,24.8700008392334,25.21999931335449,24.46999931335449,24.4950008392334,12670200,20.42665216532585,0.0,1.0,yahoo,2023-12-13 16:42:28
2011-09-21,XRT,24.51499938964844,24.71500015258789,23.6299991607666,23.6299991607666,17108200,19.705317696940618,0.0,1.0,yahoo,2023-12-13 16:42:28
2011-09-22,XRT,22.989999771118164,23.545000076293945,22.68000030517578,23.020000457763672,39513200,19.19663303065625,0.0,1.0,yahoo,2023-12-13 16:42:28
2011-09-23,XRT,22.93000030517578,23.59499931335449,22.93000030517578,23.45499992370605,22521000,19.559383897301476,0.0,1.0,yahoo,2023-12-13 16:42:28
2011-09-26,XRT,23.70499992370605,24.28499984741211,23.434999465942383,24.26499938964844,23424600,20.234851412224117,0.0,1.0,yahoo,2023-12-13 16:42:28
2011-09-27,XRT,24.729999542236328,24.989999771118164,24.270000457763672,24.434999465942383,20963200,20.3766163563989,0.0,1.0,yahoo,2023-12-13 16:42:28
2011-09-28,XRT,24.51000022888184,24.68000030517578,23.825000762939453,23.834999084472656,16859800,19.87626940104323,0.0,1.0,yahoo,2023-12-13 16:42:28
2011-09-29,XRT,24.32999992370605,24.38500022888184,23.065000534057617,23.799999237060547,21398600,19.847082641115406,0.0,1.0,yahoo,2023-12-13 16:42:28
2011-09-30,XRT,23.34000015258789,23.78499984741211,23.084999084472656,23.11000061035156,19672400,19.271685153487553,0.0,1.0,yahoo,2023-12-13 16:42:28
2011-10-03,XRT,23.040000915527344,23.2549991607666,22.20499992370605,22.21999931335449,35700400,18.529503226662317,0.0,1.0,yahoo,2023-12-13 16:42:28
2011-10-04,XRT,22.020000457763672,23.44499969482422,21.80500030517578,23.424999237060547,38306800,19.534365992838005,0.0,1.0,yahoo,2023-12-13 16:42:28
2011-10-05,XRT,23.5,23.875,23.155000686645508,23.7450008392334,28052000,19.801218868771052,0.0,1.0,yahoo,2023-12-13 16:42:28
2011-10-06,XRT,23.780000686645508,24.34499931335449,23.690000534057617,24.315000534057617,22336200,20.27654791966324,0.0,1.0,yahoo,2023-12-13 16:42:28
2011-10-07,XRT,24.53499984741211,24.69499969482422,23.88999938964844,24.114999771118164,22395600,20.109765071024977,0.0,1.0,yahoo,2023-12-13 16:42:28
2011-10-10,XRT,24.5049991607666,24.9950008392334,24.5,24.920000076293945,10515400,20.781063730483258,0.0,1.0,yahoo,2023-12-13 16:42:28
2011-10-11,XRT,24.7450008392334,25.13500022888184,24.520000457763672,25.084999084472656,24630800,20.91865822863457,0.0,1.0,yahoo,2023-12-13 16:42:28
2011-10-12,XRT,25.290000915527344,25.559999465942383,24.9950008392334,25.26000022888184,22724200,21.064593618832834,0.0,1.0,yahoo,2023-12-13 16:42:28
2011-10-13,XRT,25.07999992370605,25.39999961853028,24.81999969482422,25.03499984741211,29946200,20.876963311754565,0.0,1.0,yahoo,2023-12-13 16:42:28
2011-10-14,XRT,25.549999237060547,25.549999237060547,25.020000457763672,25.46999931335449,15148000,21.239714178399794,0.0,1.0,yahoo,2023-12-13 16:42:28
2011-10-17,XRT,25.290000915527344,25.545000076293945,24.8799991607666,24.90999984741211,18414800,20.77272442899543,0.0,1.0,yahoo,2023-12-13 16:42:28
2011-10-18,XRT,24.89999961853028,25.674999237060547,24.540000915527344,25.4950008392334,24513000,21.260563227398922,0.0,1.0,yahoo,2023-12-13 16:42:28
2011-10-19,XRT,25.45499992370605,25.815000534057617,25.19499969482422,25.290000915527344,21122600,21.08961152329631,0.0,1.0,yahoo,2023-12-13 16:42:28
2011-10-20,XRT,25.614999771118164,25.614999771118164,24.96500015258789,25.55500030517578,19008400,21.310597445766753,0.0,1.0,yahoo,2023-12-13 16:42:28
2011-10-21,XRT,25.815000534057617,26.20499992370605,25.71999931335449,26.07999992370605,16742800,21.748400435243287,0.0,1.0,yahoo,2023-12-13 16:42:28
2011-10-24,XRT,26.18000030517578,26.975000381469727,26.1299991607666,26.8799991607666,21856600,22.415528648678094,0.0,1.0,yahoo,2023-12-13 16:42:28
2011-10-25,XRT,26.770000457763672,26.770000457763672,26.174999237060547,26.209999084472656,16099200,21.856808173466774,0.0,1.0,yahoo,2023-12-13 16:42:28
2011-10-26,XRT,26.434999465942383,26.53499984741211,25.57999992370605,26.225000381469727,29033600,21.869317920978073,0.0,1.0,yahoo,2023-12-13 16:42:28
2011-10-27,XRT,27.07999992370605,27.459999084472656,26.575000762939453,27.2450008392334,31648200,22.719907586026793,0.0,1.0,yahoo,2023-12-13 16:42:28
2011-10-28,XRT,26.94499969482422,27.36000061035156,26.5049991607666,26.825000762939453,28575000,22.36966487633374,0.0,1.0,yahoo,2023-12-13 16:42:28
2011-10-31,XRT,26.405000686645508,26.78499984741211,26.280000686645508,26.290000915527344,21041200,21.923522585369376,0.0,1.0,yahoo,2023-12-13 16:42:28
2011-11-01,XRT,25.565000534057617,26.34000015258789,25.475000381469727,25.96500015258789,29745000,21.65250085397198,0.0,1.0,yahoo,2023-12-13 16:42:28
2011-11-02,XRT,26.459999084472656,26.600000381469727,26.100000381469727,26.53499984741211,15539000,22.12782990486417,0.0,1.0,yahoo,2023-12-13 16:42:28
2011-11-03,XRT,26.52499961853028,26.68000030517578,25.799999237060547,26.6299991607666,31405000,22.207050883159827,0.0,1.0,yahoo,2023-12-13 16:42:28
2011-11-04,XRT,26.36000061035156,26.59499931335449,26.100000381469727,26.53499984741211,15902200,22.12782990486417,0.0,1.0,yahoo,2023-12-13 16:42:28
2011-11-07,XRT,26.415000915527344,26.665000915527344,26.125,26.530000686645508,11263000,22.123661049399818,0.0,1.0,yahoo,2023-12-13 16:42:28
2011-11-08,XRT,26.850000381469727,26.875,26.170000076293945,26.81999969482422,20249800,22.365494430310264,0.0,1.0,yahoo,2023-12-13 16:42:28
2011-11-09,XRT,26.059999465942383,26.25,25.665000915527344,25.70499992370605,19458800,21.435683786965885,0.0,1.0,yahoo,2023-12-13 16:42:28
2011-11-10,XRT,26.065000534057617,26.209999084472656,25.80500030517578,26.059999465942383,24568400,21.731721832267638,0.0,1.0,yahoo,2023-12-13 16:42:28
2011-11-11,XRT,26.280000686645508,26.84499931335449,26.06999969482422,26.78499984741211,20471400,22.33630767038244,0.0,1.0,yahoo,2023-12-13 16:42:28
2011-11-14,XRT,26.71500015258789,26.790000915527344,26.31999969482422,26.56999969482422,11313800,22.157016664791996,0.0,1.0,yahoo,2023-12-13 16:42:28
2011-11-15,XRT,26.479999542236328,26.809999465942383,26.2450008392334,26.684999465942383,13496000,22.252916246063307,0.0,1.0,yahoo,2023-12-13 16:42:28
2011-11-16,XRT,26.415000915527344,26.709999084472656,26.0,26.059999465942383,21119200,21.731721832267638,0.0,1.0,yahoo,2023-12-13 16:42:28
2011-11-17,XRT,26.145000457763672,26.2450008392334,25.575000762939453,25.71500015258789,26348400,21.44402308845371,0.0,1.0,yahoo,2023-12-13 16:42:28
2011-11-18,XRT,25.850000381469727,25.94499969482422,25.489999771118164,25.670000076293945,17563200,21.40649702703806,0.0,1.0,yahoo,2023-12-13 16:42:28
2011-11-21,XRT,25.434999465942383,25.479999542236328,25.0,25.325000762939453,13859000,21.118798283224134,0.0,1.0,yahoo,2023-12-13 16:42:28
2011-11-22,XRT,25.299999237060547,25.479999542236328,24.9950008392334,25.13999938964844,13647200,20.96452359153805,0.0,1.0,yahoo,2023-12-13 16:42:28
2011-11-23,XRT,24.905000686645508,25.0049991607666,24.475000381469727,24.489999771118164,16292600,20.42248171930238,0.0,1.0,yahoo,2023-12-13 16:42:28
2011-11-25,XRT,24.5049991607666,24.645000457763672,24.21500015258789,24.25,10480000,20.222343255271937,0.0,1.0,yahoo,2023-12-13 16:42:28
2011-11-28,XRT,24.950000762939453,25.375,24.84499931335449,25.084999084472656,18306600,20.91865822863457,0.0,1.0,yahoo,2023-12-13 16:42:28
2011-11-29,XRT,25.09499931335449,25.26000022888184,24.81999969482422,25.059999465942383,21365800,20.897810770194567,0.0,1.0,yahoo,2023-12-13 16:42:28
2011-11-30,XRT,25.76499938964844,25.94499969482422,25.559999465942383,25.940000534057617,18247400,21.631653395531977,0.0,1.0,yahoo,2023-12-13 16:42:28
2011-12-01,XRT,25.84000015258789,26.375,25.61000061035156,26.0,14037400,21.681687613899808,0.0,1.0,yahoo,2023-12-13 16:42:28
2011-12-02,XRT,26.309999465942383,26.5049991607666,26.21500015258789,26.280000686645508,9899800,21.915183283881554,0.0,1.0,yahoo,2023-12-13 16:42:28
2011-12-05,XRT,26.645000457763672,26.850000381469727,26.489999771118164,26.674999237060547,11512000,22.24457694457548,0.0,1.0,yahoo,2023-12-13 16:42:28
2011-12-06,XRT,26.684999465942383,26.729999542236328,26.40999984741211,26.584999084472656,12475800,22.169524821744172,0.0,1.0,yahoo,2023-12-13 16:42:28
2011-12-07,XRT,26.45499992370605,26.78499984741211,26.21999931335449,26.65999984741211,14074400,22.232068787623305,0.0,1.0,yahoo,2023-12-13 16:42:28
2011-12-08,XRT,26.46999931335449,26.61000061035156,26.045000076293945,26.145000457763672,19338600,21.802605099634594,0.0,1.0,yahoo,2023-12-13 16:42:28
2011-12-09,XRT,26.280000686645508,26.834999084472656,26.075000762939453,26.7549991607666,21515400,22.31128976591896,0.0,1.0,yahoo,2023-12-13 16:42:28
2011-12-12,XRT,26.5,26.614999771118164,26.229999542236328,26.614999771118164,12225200,22.19454272620765,0.0,1.0,yahoo,2023-12-13 16:42:28
2011-12-13,XRT,26.63999938964844,26.815000534057617,25.69499969482422,25.81999969482422,20805200,21.531583368237197,0.0,1.0,yahoo,2023-12-13 16:42:28
2011-12-14,XRT,25.64999961853028,25.81999969482422,25.38500022888184,25.5,21051800,21.264732082863272,0.0,1.0,yahoo,2023-12-13 16:42:28
2011-12-15,XRT,25.86000061035156,25.934999465942383,25.604999542236328,25.665000915527344,18990600,21.40232817157371,0.0,1.0,yahoo,2023-12-13 16:42:28
2011-12-16,XRT,25.7549991607666,26.075000762939453,25.59000015258789,25.7450008392334,20720800,21.56440666872433,0.1135,1.0,yahoo,2023-12-13 16:42:28
2011-12-19,XRT,26.075000762939453,26.165000915527344,25.350000381469727,25.420000076293945,14331800,21.292181056325372,0.0,1.0,yahoo,2023-12-13 16:42:28
2011-12-20,XRT,25.8799991607666,26.325000762939453,25.82999992370605,26.270000457763672,13713600,22.004154383071235,0.0,1.0,yahoo,2023-12-13 16:42:28
2011-12-21,XRT,26.174999237060547,26.424999237060547,25.84499931335449,26.3799991607666,12843400,22.09629097997406,0.0,1.0,yahoo,2023-12-13 16:42:28
2011-12-22,XRT,26.46999931335449,26.614999771118164,26.270000457763672,26.295000076293945,13290400,22.025094446111677,0.0,1.0,yahoo,2023-12-13 16:42:28
2011-12-23,XRT,26.405000686645508,26.545000076293945,26.27499961853028,26.52499961853028,4907400,22.2177455822828,0.0,1.0,yahoo,2023-12-13 16:42:28
2011-12-27,XRT,26.475000381469727,26.6200008392334,26.34000015258789,26.56999969482422,3202200,22.255438334805348,0.0,1.0,yahoo,2023-12-13 16:42:28
2011-12-28,XRT,26.5049991607666,26.575000762939453,26.225000381469727,26.2549991607666,6661400,21.991589067147448,0.0,1.0,yahoo,2023-12-13 16:42:28
2011-12-29,XRT,26.3700008392334,26.450000762939453,26.190000534057617,26.40999984741211,11502000,22.121420014197234,0.0,1.0,yahoo,2023-12-13 16:42:28
2011-12-30,XRT,26.34499931335449,26.44499969482422,26.26499938964844,26.27499961853028,3892600,22.00834175662957,0.0,1.0,yahoo,2023-12-13 16:42:28
2012-01-03,XRT,26.69499969482422,26.7450008392334,26.225000381469727,26.26499938964844,12980000,21.999965411888507,0.0,1.0,yahoo,2023-12-13 16:42:28
2012-01-04,XRT,26.13999938964844,26.350000381469727,26.040000915527344,26.190000534057617,11423400,21.937145222767178,0.0,1.0,yahoo,2023-12-13 16:42:28
2012-01-05,XRT,25.975000381469727,26.3799991607666,25.655000686645508,26.334999084472656,25717600,22.058598227451505,0.0,1.0,yahoo,2023-12-13 16:42:28
2012-01-06,XRT,26.225000381469727,26.350000381469727,26.0049991607666,26.03499984741211,12563800,21.80731427571739,0.0,1.0,yahoo,2023-12-13 16:42:28
2012-01-09,XRT,26.065000534057617,26.39999961853028,25.88500022888184,26.334999084472656,11033000,22.058598227451505,0.0,1.0,yahoo,2023-12-13 16:42:28
2012-01-10,XRT,26.5049991607666,26.56999969482422,26.27499961853028,26.405000686645508,11823200,22.117232640638907,0.0,1.0,yahoo,2023-12-13 16:42:28
2012-01-11,XRT,26.21500015258789,26.38999938964844,26.155000686645508,26.38999938964844,9924400,22.104667324715123,0.0,1.0,yahoo,2023-12-13 16:42:28
2012-01-12,XRT,26.32999992370605,26.475000381469727,26.03499984741211,26.420000076293945,11450800,22.129796358938293,0.0,1.0,yahoo,2023-12-13 16:42:28
2012-01-13,XRT,26.209999084472656,26.59000015258789,26.19499969482422,26.3700008392334,9717000,22.087916232857406,0.0,1.0,yahoo,2023-12-13 16:42:28
2012-01-17,XRT,26.63999938964844,26.690000534057617,26.424999237060547,26.4950008392334,6233600,22.192618145684023,0.0,1.0,yahoo,2023-12-13 16:42:28
2012-01-18,XRT,26.489999771118164,27.200000762939453,26.440000534057617,27.18000030517578,20487400,22.766384180639037,0.0,1.0,yahoo,2023-12-13 16:42:28
2012-01-19,XRT,27.18000030517578,27.545000076293945,27.18000030517578,27.545000076293945,10278200,23.072113574377827,0.0,1.0,yahoo,2023-12-13 16:42:28
2012-01-20,XRT,27.45499992370605,27.51000022888184,27.239999771118164,27.38500022888184,11642400,22.938095253769713,0.0,1.0,yahoo,2023-12-13 16:42:28
2012-01-23,XRT,27.420000076293945,27.64999961853028,27.229999542236328,27.440000534057617,8898800,22.984164351033325,0.0,1.0,yahoo,2023-12-13 16:42:28
2012-01-24,XRT,27.299999237060547,27.684999465942383,27.27499961853028,27.68000030517578,7940000,23.1851918319455,0.0,1.0,yahoo,2023-12-13 16:42:28
2012-01-25,XRT,27.65999984741211,27.959999084472656,27.450000762939453,27.924999237060547,16419800,23.390406686415997,0.0,1.0,yahoo,2023-12-13 16:42:28
2012-01-26,XRT,28.02499961853028,28.174999237060547,27.61000061035156,27.725000381469727,12716200,23.222884584468055,0.0,1.0,yahoo,2023-12-13 16:42:28
2012-01-27,XRT,27.545000076293945,27.975000381469727,27.475000381469727,27.905000686645508,6923400,23.373655594558286,0.0,1.0,yahoo,2023-12-13 16:42:28
2012-01-30,XRT,27.75,27.875,27.584999084472656,27.850000381469727,8362600,23.32758649729467,0.0,1.0,yahoo,2023-12-13 16:42:28
2012-01-31,XRT,27.82999992370605,27.875,27.36000061035156,27.575000762939453,14788400,23.097242608600997,0.0,1.0,yahoo,2023-12-13 16:42:28
2012-02-01,XRT,27.700000762939453,27.96500015258789,27.655000686645508,27.850000381469727,11355800,23.32758649729467,0.0,1.0,yahoo,2023-12-13 16:42:28
2012-02-02,XRT,27.924999237060547,28.05500030517578,27.78499984741211,27.88999938964844,9804000,23.3610902786345,0.0,1.0,yahoo,2023-12-13 16:42:28
2012-02-03,XRT,28.18000030517578,28.52499961853028,28.15999984741211,28.450000762939453,13008200,23.8301559983873,0.0,1.0,yahoo,2023-12-13 16:42:28
2012-02-06,XRT,28.34000015258789,28.64999961853028,28.26000022888184,28.545000076293945,13336000,23.909728876990744,0.0,1.0,yahoo,2023-12-13 16:42:28
2012-02-07,XRT,28.440000534057617,28.690000534057617,28.3799991607666,28.665000915527344,8506200,24.01024341625903,0.0,1.0,yahoo,2023-12-13 16:42:28
2012-02-08,XRT,28.71999931335449,28.88500022888184,28.479999542236328,28.684999465942383,9430800,24.026994508116744,0.0,1.0,yahoo,2023-12-13 16:42:28
2012-02-09,XRT,28.645000457763672,28.84499931335449,28.46500015258789,28.780000686645508,7547800,24.106568984344587,0.0,1.0,yahoo,2023-12-13 16:42:28
2012-02-10,XRT,28.559999465942383,28.71999931335449,28.479999542236328,28.63999938964844,7487800,23.98930175559419,0.0,1.0,yahoo,2023-12-13 16:42:28
2012-02-13,XRT,28.895000457763672,28.924999237060547,28.65999984741211,28.80500030517578,7197600,24.127509047385033,0.0,1.0,yahoo,2023-12-13 16:42:28
2012-02-14,XRT,28.670000076293945,29.065000534057617,28.63500022888184,29.045000076293945,16431000,24.328536528297203,0.0,1.0,yahoo,2023-12-13 16:42:28
2012-02-15,XRT,29.125,29.184999465942383,28.700000762939453,28.75,14845200,24.081439950121418,0.0,1.0,yahoo,2023-12-13 16:42:28
2012-02-16,XRT,28.76499938964844,29.184999465942383,28.76499938964844,29.174999237060547,7945800,24.437425814682147,0.0,1.0,yahoo,2023-12-13 16:42:28
2012-02-17,XRT,29.30500030517578,29.459999084472656,29.21500015258789,29.420000076293945,11880400,24.64264226677705,0.0,1.0,yahoo,2023-12-13 16:42:28
2012-02-21,XRT,29.48500061035156,29.59000015258789,28.88500022888184,28.979999542236328,15782800,24.274091086292533,0.0,1.0,yahoo,2023-12-13 16:42:28
2012-02-22,XRT,29.02499961853028,29.18000030517578,28.834999084472656,28.934999465942383,13368000,24.236398333769973,0.0,1.0,yahoo,2023-12-13 16:42:28
2012-02-23,XRT,28.950000762939453,29.415000915527344,28.895000457763672,29.27499961853028,18374000,24.521187664468325,0.0,1.0,yahoo,2023-12-13 16:42:28
2012-02-24,XRT,29.19499969482422,29.440000534057617,29.030000686645508,29.184999465942383,17954200,24.445802159423202,0.0,1.0,yahoo,2023-12-13 16:42:28
2012-02-27,XRT,29.065000534057617,29.405000686645508,28.975000381469727,29.350000381469727,11987800,24.584009451214047,0.0,1.0,yahoo,2023-12-13 16:42:28
2012-02-28,XRT,29.38999938964844,29.88999938964844,29.38999938964844,29.86000061035156,16977200,25.01119344726156,0.0,1.0,yahoo,2023-12-13 16:42:28
2012-02-29,XRT,29.895000457763672,29.934999465942383,29.420000076293945,29.440000534057617,13228600,24.659394956259163,0.0,1.0,yahoo,2023-12-13 16:42:28
2012-03-01,XRT,29.655000686645508,29.95499992370605,29.549999237060547,29.76499938964844,16573200,24.931618971033725,0.0,1.0,yahoo,2023-12-13 16:42:28
2012-03-02,XRT,29.854999542236328,30.059999465942383,29.6299991607666,29.7549991607666,14031600,24.923242626292662,0.0,1.0,yahoo,2023-12-13 16:42:28
2012-03-05,XRT,29.674999237060547,29.905000686645508,29.584999084472656,29.82999992370605,10096000,24.986064413038388,0.0,1.0,yahoo,2023-12-13 16:42:28
2012-03-06,XRT,29.5,29.565000534057617,29.354999542236328,29.45499992370605,12777200,24.671958674558546,0.0,1.0,yahoo,2023-12-13 16:42:28
2012-03-07,XRT,29.520000457763672,29.76000022888184,29.315000534057617,29.69499969482422,10676200,24.87298615547072,0.0,1.0,yahoo,2023-12-13 16:42:28
2012-03-08,XRT,29.93000030517578,30.09000015258789,29.76000022888184,30.05500030517578,9840400,25.17452817565118,0.0,1.0,yahoo,2023-12-13 16:42:28
2012-03-09,XRT,30.114999771118164,30.520000457763672,30.02499961853028,30.40999984741211,11878600,25.47188122464891,0.0,1.0,yahoo,2023-12-13 16:42:28
2012-03-12,XRT,30.43000030517578,30.43000030517578,30.20499992370605,30.334999084472656,6737400,25.40905943790318,0.0,1.0,yahoo,2023-12-13 16:42:28
2012-03-13,XRT,30.51000022888184,30.739999771118164,30.290000915527344,30.725000381469727,12290800,25.73573049230681,0.0,1.0,yahoo,2023-12-13 16:42:28
2012-03-14,XRT,30.780000686645508,30.780000686645508,30.52499961853028,30.65999984741211,6537600,25.68128505030214,0.0,1.0,yahoo,2023-12-13 16:42:28
2012-03-15,XRT,30.674999237060547,30.86000061035156,30.364999771118164,30.86000061035156,14226800,25.848808749874483,0.0,1.0,yahoo,2023-12-13 16:42:28
2012-03-16,XRT,30.825000762939453,30.864999771118164,30.424999237060547,30.5,16110800,25.588726103636898,0.05,1.0,yahoo,2023-12-13 16:42:28
2012-03-19,XRT,30.46500015258789,30.700000762939453,30.239999771118164,30.540000915527344,12871000,25.62228585679506,0.0,1.0,yahoo,2023-12-13 16:42:28
2012-03-20,XRT,30.38999938964844,30.84499931335449,30.299999237060547,30.73500061035156,13149000,25.785885652898326,0.0,1.0,yahoo,2023-12-13 16:42:28
2012-03-21,XRT,30.834999084472656,30.950000762939453,30.780000686645508,30.80500030517578,9979400,25.844613620708003,0.0,1.0,yahoo,2023-12-13 16:42:28
2012-03-22,XRT,30.600000381469727,30.905000686645508,30.540000915527344,30.7450008392334,12116800,25.79427559118787,0.0,1.0,yahoo,2023-12-13 16:42:28
2012-03-23,XRT,30.69499969482422,30.815000534057617,30.229999542236328,30.795000076293945,10044000,25.836223682418463,0.0,1.0,yahoo,2023-12-13 16:42:28
2012-03-26,XRT,30.989999771118164,31.459999084472656,30.96999931335449,31.420000076293945,14324400,26.360582823886432,0.0,1.0,yahoo,2023-12-13 16:42:28
2012-03-27,XRT,31.39999961853028,31.520000457763672,31.25,31.27499961853028,9585800,26.238931119013763,0.0,1.0,yahoo,2023-12-13 16:42:28
2012-03-28,XRT,31.295000076293945,31.295000076293945,30.709999084472656,30.94499969482422,10523200,25.962069556327354,0.0,1.0,yahoo,2023-12-13 16:42:28
2012-03-29,XRT,30.76000022888184,30.934999465942383,30.57999992370605,30.8799991607666,15858200,25.907535757553898,0.0,1.0,yahoo,2023-12-13 16:42:28
2012-03-30,XRT,31.05500030517578,31.06999969482422,30.59499931335449,30.625,5967400,25.69359793193049,0.0,1.0,yahoo,2023-12-13 16:42:28
2012-04-02,XRT,30.57999992370605,30.9950008392334,30.55500030517578,30.88999938964844,9411000,25.91592569584344,0.0,1.0,yahoo,2023-12-13 16:42:28
2012-04-03,XRT,30.895000457763672,31.229999542236328,30.815000534057617,30.934999465942383,10138400,25.953679618037814,0.0,1.0,yahoo,2023-12-13 16:42:28
2012-04-04,XRT,30.63500022888184,30.790000915527344,30.405000686645508,30.63500022888184,12863400,25.701987870220034,0.0,1.0,yahoo,2023-12-13 16:42:28
2012-04-05,XRT,30.530000686645508,30.809999465942383,30.459999084472656,30.479999542236328,15176000,25.57194622705782,0.0,1.0,yahoo,2023-12-13 16:42:28
2012-04-09,XRT,29.98500061035156,30.26000022888184,29.86000061035156,30.209999084472656,13862600,25.34542269389155,0.0,1.0,yahoo,2023-12-13 16:42:28
2012-04-10,XRT,30.190000534057617,30.21500015258789,29.364999771118164,29.38500022888184,19648200,24.653269587284097,0.0,1.0,yahoo,2023-12-13 16:42:28
2012-04-11,XRT,29.71999931335449,29.895000457763672,29.64999961853028,29.88999938964844,10238200,25.07695106949469,0.0,1.0,yahoo,2023-12-13 16:42:28
2012-04-12,XRT,29.924999237060547,30.34499931335449,29.815000534057617,30.27499961853028,11373800,25.399956492665012,0.0,1.0,yahoo,2023-12-13 16:42:28
2012-04-13,XRT,30.1299991607666,30.290000915527344,29.84000015258789,29.934999465942383,14222000,25.114704991689063,0.0,1.0,yahoo,2023-12-13 16:42:28
2012-04-16,XRT,30.100000381469727,30.27499961853028,29.674999237060547,30.075000762939453,14040600,25.23216252752552,0.0,1.0,yahoo,2023-12-13 16:42:28
2012-04-17,XRT,30.375,30.815000534057617,30.26000022888184,30.674999237060547,16848400,25.73554602316109,0.0,1.0,yahoo,2023-12-13 16:42:28
2012-04-18,XRT,30.56999969482422,30.729999542236328,30.405000686645508,30.625,12105400,25.69359793193049,0.0,1.0,yahoo,2023-12-13 16:42:28
2012-04-19,XRT,30.575000762939453,30.82999992370605,30.184999465942383,30.354999542236328,13761400,25.467074398764222,0.0,1.0,yahoo,2023-12-13 16:42:28
2012-04-20,XRT,30.5049991607666,30.64999961853028,30.36000061035156,30.46999931335449,11066600,25.563556288768275,0.0,1.0,yahoo,2023-12-13 16:42:28
2012-04-23,XRT,30.18000030517578,30.184999465942383,29.834999084472656,30.1200008392334,8536000,25.2699164497199,0.0,1.0,yahoo,2023-12-13 16:42:28
2012-04-24,XRT,30.045000076293945,30.049999237060547,29.420000076293945,29.665000915527344,21829200,24.8881830587399,0.0,1.0,yahoo,2023-12-13 16:42:28
2012-04-25,XRT,30.020000457763672,30.30500030517578,29.934999465942383,30.270000457763672,16499000,25.39576232362879,0.0,1.0,yahoo,2023-12-13 16:42:28
2012-04-26,XRT,30.225000381469727,30.76000022888184,30.125,30.700000762939453,13395400,25.75652166899349,0.0,1.0,yahoo,2023-12-13 16:42:28
2012-04-27,XRT,30.81999969482422,31.30500030517578,30.684999465942383,31.21999931335449,14771200,26.192787258529837,0.0,1.0,yahoo,2023-12-13 16:42:28
2012-04-30,XRT,31.405000686645508,31.51499938964844,30.815000534057617,30.8700008392334,13290600,25.899147419481462,0.0,1.0,yahoo,2023-12-13 16:42:28
2012-05-01,XRT,30.76499938964844,31.295000076293945,30.68000030517578,30.71500015258789,10153000,25.769105776319247,0.0,1.0,yahoo,2023-12-13 16:42:28
2012-05-02,XRT,30.81999969482422,31.280000686645508,30.770000457763672,31.21500015258789,9800000,26.188593089493622,0.0,1.0,yahoo,2023-12-13 16:42:28
2012-05-03,XRT,31.065000534057617,31.364999771118164,30.670000076293945,30.86000061035156,19113200,25.89075748119192,0.0,1.0,yahoo,2023-12-13 16:42:28
2012-05-04,XRT,30.64999961853028,30.98500061035156,30.30500030517578,30.31999969482422,25209800,25.437710414859385,0.0,1.0,yahoo,2023-12-13 16:42:28
2012-05-07,XRT,30.26000022888184,30.479999542236328,30.14999961853028,30.184999465942383,14202800,25.324448648276253,0.0,1.0,yahoo,2023-12-13 16:42:28
2012-05-08,XRT,29.924999237060547,30.065000534057617,29.28499984741211,29.84000015258789,35663600,25.035002978264092,0.0,1.0,yahoo,2023-12-13 16:42:28
2012-05-09,XRT,29.59499931335449,30.170000076293945,29.45499992370605,29.940000534057617,19103400,25.118900760942388,0.0,1.0,yahoo,2023-12-13 16:42:28
2012-05-10,XRT,30.11000061035156,30.34000015258789,29.86000061035156,30.104999542236328,12969400,25.257330742177036,0.0,1.0,yahoo,2023-12-13 16:42:28
2012-05-11,XRT,29.8700008392334,30.354999542236328,29.8700008392334,29.959999084472656,11134400,25.13567903730436,0.0,1.0,yahoo,2023-12-13 16:42:28
2012-05-14,XRT,29.700000762939453,29.979999542236328,29.53499984741211,29.600000381469727,14092600,24.833649259966442,0.0,1.0,yahoo,2023-12-13 16:42:28
2012-05-15,XRT,29.51499938964844,30.040000915527344,29.51499938964844,29.670000076293945,12733000,24.89237722777612,0.0,1.0,yahoo,2023-12-13 16:42:28
2012-05-16,XRT,29.71500015258789,29.96999931335449,29.51000022888184,29.52499961853028,20542800,24.77072552290345,0.0,1.0,yahoo,2023-12-13 16:42:28
2012-05-17,XRT,29.71500015258789,29.71500015258789,28.4950008392334,28.5,27297400,23.910776850939396,0.0,1.0,yahoo,2023-12-13 16:42:28
2012-05-18,XRT,28.684999465942383,28.90999984741211,28.38500022888184,28.584999084472656,25410600,23.98208892607483,0.0,1.0,yahoo,2023-12-13 16:42:28
2012-05-21,XRT,28.739999771118164,29.200000762939453,28.434999465942383,29.170000076293945,18362400,24.472889914601744,0.0,1.0,yahoo,2023-12-13 16:42:28
2012-05-22,XRT,29.170000076293945,29.53499984741211,29.01499938964844,29.19499969482422,14327600,24.49386396021704,0.0,1.0,yahoo,2023-12-13 16:42:28
2012-05-23,XRT,29.040000915527344,29.61000061035156,28.979999542236328,29.53499984741211,14539000,24.779115461192983,0.0,1.0,yahoo,2023-12-13 16:42:28
2012-05-24,XRT,29.584999084472656,29.63500022888184,29.309999465942383,29.549999237060547,10051200,24.79169956851874,0.0,1.0,yahoo,2023-12-13 16:42:28
2012-05-25,XRT,29.600000381469727,29.82999992370605,29.530000686645508,29.70499992370605,10388800,24.921741211680953,0.0,1.0,yahoo,2023-12-13 16:42:28
2012-05-29,XRT,29.940000534057617,30.0,29.51499938964844,29.950000762939453,25188200,25.127290699231928,0.0,1.0,yahoo,2023-12-13 16:42:28
2012-05-30,XRT,29.625,29.64999961853028,29.270000457763672,29.3700008392334,12936400,24.640685479958336,0.0,1.0,yahoo,2023-12-13 16:42:28
2012-05-31,XRT,29.354999542236328,29.38500022888184,28.915000915527344,29.20499992370605,13263800,24.502253898506577,0.0,1.0,yahoo,2023-12-13 16:42:28
2012-06-01,XRT,28.65999984741211,28.895000457763672,28.114999771118164,28.26499938964844,26799200,23.713617301677967,0.0,1.0,yahoo,2023-12-13 16:42:28
2012-06-04,XRT,28.26499938964844,28.46999931335449,27.920000076293945,28.334999084472656,17822600,23.77234526948764,0.0,1.0,yahoo,2023-12-13 16:42:28
2012-06-05,XRT,28.229999542236328,28.6299991607666,28.19499969482422,28.565000534057617,14695600,23.965310649712855,0.0,1.0,yahoo,2023-12-13 16:42:28
2012-06-06,XRT,28.700000762939453,29.27499961853028,28.700000762939453,29.239999771118164,13561800,24.531617882411417,0.0,1.0,yahoo,2023-12-13 16:42:28
2012-06-07,XRT,29.530000686645508,29.614999771118164,28.729999542236328,28.780000686645508,17464400,24.145690322395204,0.0,1.0,yahoo,2023-12-13 16:42:28
2012-06-08,XRT,28.77499961853028,29.165000915527344,28.68000030517578,29.13999938964844,10520200,24.447720099733125,0.0,1.0,yahoo,2023-12-13 16:42:28
2012-06-11,XRT,29.420000076293945,29.475000381469727,28.5049991607666,28.545000076293945,14980800,23.948530773133776,0.0,1.0,yahoo,2023-12-13 16:42:28
2012-06-12,XRT,28.690000534057617,29.040000915527344,28.51499938964844,29.020000457763672,24638800,24.347044040692854,0.0,1.0,yahoo,2023-12-13 16:42:28
2012-06-13,XRT,28.825000762939453,28.895000457763672,28.145000457763672,28.25,24763200,23.70103319435221,0.0,1.0,yahoo,2023-12-13 16:42:28
2012-06-14,XRT,28.30500030517578,28.82999992370605,28.23500061035156,28.725000381469727,17042600,24.099546461911288,0.0,1.0,yahoo,2023-12-13 16:42:28
2012-06-15,XRT,28.69499969482422,29.040000915527344,28.59000015258789,28.98500061035156,12275800,24.381764414973713,0.0755,1.0,yahoo,2023-12-13 16:42:28
2012-06-18,XRT,28.80500030517578,29.084999084472656,28.6200008392334,29.045000076293945,12098800,24.432235100253223,0.0,1.0,yahoo,2023-12-13 16:42:28
2012-06-19,XRT,29.184999465942383,29.55500030517578,29.13999938964844,29.424999237060547,14992400,24.751884912935655,0.0,1.0,yahoo,2023-12-13 16:42:28
2012-06-20,XRT,29.46999931335449,29.6200008392334,29.165000915527344,29.459999084472656,7580800,24.781326279718215,0.0,1.0,yahoo,2023-12-13 16:42:28
2012-06-21,XRT,29.44499969482422,29.51499938964844,28.684999465942383,28.780000686645508,19563600,24.209321436204085,0.0,1.0,yahoo,2023-12-13 16:42:28
2012-06-22,XRT,28.93000030517578,29.02499961853028,28.71999931335449,28.915000915527344,10959400,24.322881681408596,0.0,1.0,yahoo,2023-12-13 16:42:28
2012-06-25,XRT,28.52499961853028,28.71500015258789,28.32999992370605,28.43000030517578,9554800,23.91490616394433,0.0,1.0,yahoo,2023-12-13 16:42:28
2012-06-26,XRT,28.489999771118164,28.80500030517578,28.18000030517578,28.71500015258789,14199600,24.15464392456469,0.0,1.0,yahoo,2023-12-13 16:42:28
2012-06-27,XRT,28.600000381469727,28.75,28.395000457763672,28.575000762939453,10555400,24.036878457434455,0.0,1.0,yahoo,2023-12-13 16:42:28
2012-06-28,XRT,28.32999992370605,28.645000457763672,28.11000061035156,28.559999465942383,14717200,24.024259582788957,0.0,1.0,yahoo,2023-12-13 16:42:28
2012-06-29,XRT,29.01000022888184,29.64999961853028,28.45499992370605,29.545000076293945,22323400,24.85282788792883,0.0,1.0,yahoo,2023-12-13 16:42:28
2012-07-02,XRT,29.530000686645508,29.795000076293945,29.434999465942383,29.7450008392334,10199400,25.021065644772733,0.0,1.0,yahoo,2023-12-13 16:42:28
2012-07-03,XRT,29.780000686645508,30.05500030517578,29.59000015258789,29.94499969482422,8676800,25.18930179718248,0.0,1.0,yahoo,2023-12-13 16:42:28
2012-07-05,XRT,29.915000915527344,30.43000030517578,29.8700008392334,30.26000022888184,11528200,25.45427570265968,0.0,1.0,yahoo,2023-12-13 16:42:28
2012-07-06,XRT,29.975000381469727,30.14999961853028,29.82999992370605,30.0049991607666,5474800,25.23977248246199,0.0,1.0,yahoo,2023-12-13 16:42:28
2012-07-09,XRT,30.040000915527344,30.075000762939453,29.729999542236328,29.86000061035156,6114200,25.11780179340602,0.0,1.0,yahoo,2023-12-13 16:42:28
2012-07-10,XRT,30.065000534057617,30.184999465942383,29.674999237060547,29.809999465942383,9284400,25.07574155197797,0.0,1.0,yahoo,2023-12-13 16:42:28
2012-07-11,XRT,29.809999465942383,29.834999084472656,29.325000762939453,29.51499938964844,10429200,24.827591743072,0.0,1.0,yahoo,2023-12-13 16:42:28
2012-07-12,XRT,29.225000381469727,29.36000061035156,28.790000915527344,29.15999984741211,13575200,24.528971248886513,0.0,1.0,yahoo,2023-12-13 16:42:28
2012-07-13,XRT,29.270000457763672,29.71500015258789,29.270000457763672,29.61000061035156,7324000,24.90750539956822,0.0,1.0,yahoo,2023-12-13 16:42:28
2012-07-16,XRT,29.475000381469727,29.600000381469727,29.229999542236328,29.434999465942383,7535600,24.760296961221265,0.0,1.0,yahoo,2023-12-13 16:42:28
2012-07-17,XRT,29.565000534057617,29.76000022888184,29.239999771118164,29.4950008392334,9118200,24.810769250934932,0.0,1.0,yahoo,2023-12-13 16:42:28
2012-07-18,XRT,29.44499969482422,29.98500061035156,29.3799991607666,29.780000686645508,6597800,25.050507011555293,0.0,1.0,yahoo,2023-12-13 16:42:28
2012-07-19,XRT,29.96500015258789,30.09000015258789,29.7549991607666,29.920000076293945,4321800,25.16827247868553,0.0,1.0,yahoo,2023-12-13 16:42:28
2012-07-20,XRT,29.78499984741211,29.78499984741211,29.40999984741211,29.52499961853028,7869800,24.836003791357612,0.0,1.0,yahoo,2023-12-13 16:42:28
2012-07-23,XRT,29.030000686645508,29.350000381469727,28.825000762939453,29.170000076293945,11894800,24.537383297172127,0.0,1.0,yahoo,2023-12-13 16:42:28
2012-07-24,XRT,29.229999542236328,29.280000686645508,28.739999771118164,28.905000686645508,9877400,24.314469633122986,0.0,1.0,yahoo,2023-12-13 16:42:28
2012-07-25,XRT,28.924999237060547,28.96999931335449,28.61000061035156,28.729999542236328,6964400,24.167261194776028,0.0,1.0,yahoo,2023-12-13 16:42:28
2012-07-26,XRT,29.229999542236328,29.36000061035156,28.790000915527344,29.07999992370605,6432000,24.46167646703578,0.0,1.0,yahoo,2023-12-13 16:42:28
2012-07-27,XRT,29.31999969482422,29.95499992370605,29.315000534057617,29.799999237060547,12430200,25.067329503692356,0.0,1.0,yahoo,2023-12-13 16:42:28
2012-07-30,XRT,29.780000686645508,29.940000534057617,29.584999084472656,29.7450008392334,5404000,25.021065644772733,0.0,1.0,yahoo,2023-12-13 16:42:28
2012-07-31,XRT,29.59499931335449,29.82999992370605,29.434999465942383,29.55500030517578,5791000,24.86123993621444,0.0,1.0,yahoo,2023-12-13 16:42:28
2012-08-01,XRT,29.71500015258789,29.77499961853028,29.20499992370605,29.21999931335449,7294800,24.57944193416602,0.0,1.0,yahoo,2023-12-13 16:42:28
2012-08-02,XRT,28.86000061035156,29.375,28.729999542236328,29.01499938964844,11336800,24.406998955396393,0.0,1.0,yahoo,2023-12-13 16:42:28
2012-08-03,XRT,29.51000022888184,29.76000022888184,29.475000381469727,29.69499969482422,6230400,24.97900540334468,0.0,1.0,yahoo,2023-12-13 16:42:28
2012-08-06,XRT,29.895000457763672,30.049999237060547,29.780000686645508,29.8700008392334,5222600,25.126213841691634,0.0,1.0,yahoo,2023-12-13 16:42:28
2012-08-07,XRT,30.02499961853028,30.43000030517578,30.02499961853028,30.270000457763672,11713200,25.462687750945285,0.0,1.0,yahoo,2023-12-13 16:42:28
2012-08-08,XRT,30.14999961853028,30.39999961853028,30.06999969482422,30.280000686645508,4579400,25.4710997992309,0.0,1.0,yahoo,2023-12-13 16:42:28
2012-08-09,XRT,30.270000457763672,30.32999992370605,30.145000457763672,30.19499969482422,3218800,25.39959819102028,0.0,1.0,yahoo,2023-12-13 16:42:28
2012-08-10,XRT,30.21999931335449,30.2549991607666,29.799999237060547,30.049999237060547,6510800,25.27762589753016,0.0,1.0,yahoo,2023-12-13 16:42:28
2012-08-13,XRT,29.989999771118164,30.09000015258789,29.665000915527344,29.979999542236328,4297000,25.21874316396504,0.0,1.0,yahoo,2023-12-13 16:42:28
2012-08-14,XRT,30.155000686645508,30.295000076293945,29.96999931335449,30.040000915527344,9010200,25.269215453678708,0.0,1.0,yahoo,2023-12-13 16:42:28
2012-08-15,XRT,30.045000076293945,30.209999084472656,29.924999237060547,30.170000076293945,4916600,25.378568872523335,0.0,1.0,yahoo,2023-12-13 16:42:28
2012-08-16,XRT,30.200000762939453,30.540000915527344,30.059999465942383,30.52499961853028,9683600,25.67718936670882,0.0,1.0,yahoo,2023-12-13 16:42:28
2012-08-17,XRT,30.700000762939453,30.834999084472656,30.565000534057617,30.729999542236328,11368600,25.849632345478447,0.0,1.0,yahoo,2023-12-13 16:42:28
2012-08-20,XRT,30.645000457763672,30.7549991607666,30.395000457763672,30.545000076293945,8253800,25.694013463280037,0.0,1.0,yahoo,2023-12-13 16:42:28
2012-08-21,XRT,30.64999961853028,30.875,30.520000457763672,30.575000762939453,6326400,25.71924960813687,0.0,1.0,yahoo,2023-12-13 16:42:28
2012-08-22,XRT,30.48500061035156,30.71500015258789,30.48500061035156,30.63500022888184,7413400,25.76972029341638,0.0,1.0,yahoo,2023-12-13 16:42:28
2012-08-23,XRT,30.479999542236328,30.479999542236328,30.11000061035156,30.239999771118164,8277800,25.437451606088455,0.0,1.0,yahoo,2023-12-13 16:42:28
2012-08-24,XRT,30.13500022888184,30.424999237060547,30.114999771118164,30.34499931335449,4517600,25.52577570643613,0.0,1.0,yahoo,2023-12-13 16:42:28
2012-08-27,XRT,30.46500015258789,30.545000076293945,30.30500030517578,30.364999771118164,6282200,25.542599803007356,0.0,1.0,yahoo,2023-12-13 16:42:28
2012-08-28,XRT,30.31999969482422,30.56999969482422,30.31999969482422,30.51000022888184,6096000,25.66457209649748,0.0,1.0,yahoo,2023-12-13 16:42:28
2012-08-29,XRT,30.55500030517578,30.739999771118164,30.55500030517578,30.700000762939453,3609400,25.82439780505577,0.0,1.0,yahoo,2023-12-13 16:42:28
2012-08-30,XRT,30.65999984741211,30.815000534057617,30.51000022888184,30.61000061035156,6034800,25.748690974919427,0.0,1.0,yahoo,2023-12-13 16:42:28
2012-08-31,XRT,30.80500030517578,30.815000534057617,30.43000030517578,30.61000061035156,4822400,25.748690974919427,0.0,1.0,yahoo,2023-12-13 16:42:28
2012-09-04,XRT,30.61000061035156,30.93000030517578,30.43000030517578,30.854999542236328,10242000,25.954780542397348,0.0,1.0,yahoo,2023-12-13 16:42:28
2012-09-05,XRT,30.875,31.020000457763672,30.7549991607666,30.920000076293945,6933200,26.00945805403674,0.0,1.0,yahoo,2023-12-13 16:42:28
2012-09-06,XRT,31.125,31.69499969482422,31.084999084472656,31.684999465942383,8409600,26.652964505761485,0.0,1.0,yahoo,2023-12-13 16:42:28
2012-09-07,XRT,31.73500061035156,31.86000061035156,31.645000457763672,31.76000022888184,8906600,26.716054065686492,0.0,1.0,yahoo,2023-12-13 16:42:28
2012-09-10,XRT,31.709999084472656,31.8799991607666,31.690000534057617,31.71999931335449,4352000,26.68240587254404,0.0,1.0,yahoo,2023-12-13 16:42:28
2012-09-11,XRT,31.670000076293945,31.86000061035156,31.565000534057617,31.600000381469727,5769400,26.581464501985028,0.0,1.0,yahoo,2023-12-13 16:42:28
2012-09-12,XRT,31.7450008392334,31.96500015258789,31.71999931335449,31.895000457763672,5490200,26.829614310891,0.0,1.0,yahoo,2023-12-13 16:42:28
2012-09-13,XRT,31.864999771118164,32.415000915527344,31.73500061035156,32.29999923706055,8417200,27.17029344207038,0.0,1.0,yahoo,2023-12-13 16:42:28
2012-09-14,XRT,32.41999816894531,32.73500061035156,32.3650016784668,32.564998626708984,6962600,27.39320710611952,0.0,1.0,yahoo,2023-12-13 16:42:28
2012-09-17,XRT,32.599998474121094,32.599998474121094,32.27000045776367,32.380001068115234,5845000,27.23758982835527,0.0,1.0,yahoo,2023-12-13 16:42:28
2012-09-18,XRT,32.279998779296875,32.310001373291016,31.924999237060547,32.01499938964844,7294600,26.930555681450016,0.0,1.0,yahoo,2023-12-13 16:42:28
2012-09-19,XRT,32.08000183105469,32.45000076293945,32.0099983215332,32.33000183105469,6873200,27.19553119136137,0.0,1.0,yahoo,2023-12-13 16:42:28
2012-09-20,XRT,32.209999084472656,32.33000183105469,31.975000381469727,32.2400016784668,7920200,27.119824361225028,0.0,1.0,yahoo,2023-12-13 16:42:28
2012-09-21,XRT,32.31999969482422,32.474998474121094,31.98500061035156,32.0099983215332,6941400,27.012228298528516,0.1025,1.0,yahoo,2023-12-13 16:42:28
2012-09-24,XRT,31.84499931335449,31.924999237060547,31.71500015258789,31.780000686645508,6428600,26.818140546342388,0.0,1.0,yahoo,2023-12-13 16:42:28
2012-09-25,XRT,31.82999992370605,31.950000762939453,31.309999465942383,31.32999992370605,8839600,26.438399091159134,0.0,1.0,yahoo,2023-12-13 16:42:28
2012-09-26,XRT,31.155000686645508,31.424999237060547,31.020000457763672,31.23500061035156,5208600,26.35823216597661,0.0,1.0,yahoo,2023-12-13 16:42:28
2012-09-27,XRT,31.325000762939453,31.63999938964844,31.145000457763672,31.520000457763672,6818200,26.59873455107555,0.0,1.0,yahoo,2023-12-13 16:42:28
2012-09-28,XRT,31.38999938964844,31.450000762939453,31.13999938964844,31.375,5538600,26.47637323667746,0.0,1.0,yahoo,2023-12-13 16:42:28
2012-10-01,XRT,31.55500030517578,31.709999084472656,31.239999771118164,31.280000686645508,5213200,26.39620631149494,0.0,1.0,yahoo,2023-12-13 16:42:28
2012-10-02,XRT,31.420000076293945,31.450000762939453,30.98500061035156,31.104999542236328,6988600,26.24852836356751,0.0,1.0,yahoo,2023-12-13 16:42:28
2012-10-03,XRT,31.19499969482422,31.395000457763672,31.07999992370605,31.28499984741211,7207600,26.40042494564081,0.0,1.0,yahoo,2023-12-13 16:42:28
2012-10-04,XRT,31.34000015258789,31.799999237060547,31.34000015258789,31.77499961853028,11955600,26.81392030264515,0.0,1.0,yahoo,2023-12-13 16:42:28
2012-10-05,XRT,31.959999084472656,32.18000030517578,31.729999542236328,31.84000015258789,5513000,26.868772203849698,0.0,1.0,yahoo,2023-12-13 16:42:28
2012-10-08,XRT,31.73500061035156,32.04999923706055,31.71999931335449,32.01499938964844,4641600,27.016448542225756,0.0,1.0,yahoo,2023-12-13 16:42:28
2012-10-09,XRT,31.9950008392334,32.01499938964844,31.43000030517578,31.459999084472656,7270800,26.54810128401687,0.0,1.0,yahoo,2023-12-13 16:42:28
2012-10-10,XRT,31.5,31.614999771118164,31.28499984741211,31.334999084472656,7734800,26.442617725305006,0.0,1.0,yahoo,2023-12-13 16:42:28
2012-10-11,XRT,31.625,31.7549991607666,31.27499961853028,31.30500030517578,8472000,26.41730270132704,0.0,1.0,yahoo,2023-12-13 16:42:28
2012-10-12,XRT,31.295000076293945,31.420000076293945,31.045000076293945,31.114999771118164,5758600,26.25696724141062,0.0,1.0,yahoo,2023-12-13 16:42:28
2012-10-15,XRT,31.165000915527344,31.30500030517578,30.924999237060547,31.28499984741211,6163000,26.40042494564081,0.0,1.0,yahoo,2023-12-13 16:42:28
2012-10-16,XRT,31.440000534057617,31.625,31.34499931335449,31.520000457763672,6578600,26.59873455107555,0.0,1.0,yahoo,2023-12-13 16:42:28
2012-10-17,XRT,31.57999992370605,31.78499984741211,31.395000457763672,31.59000015258789,8780800,26.657805086425974,0.0,1.0,yahoo,2023-12-13 16:42:28
2012-10-18,XRT,31.600000381469727,31.825000762939453,31.5049991607666,31.655000686645508,7971200,26.712656987630528,0.0,1.0,yahoo,2023-12-13 16:42:28
2012-10-19,XRT,31.604999542236328,31.604999542236328,30.96999931335449,31.104999542236328,7895200,26.24852836356751,0.0,1.0,yahoo,2023-12-13 16:42:28
2012-10-22,XRT,31.01000022888184,31.13500022888184,30.834999084472656,31.06999969482422,6460000,26.218993095892298,0.0,1.0,yahoo,2023-12-13 16:42:28
2012-10-23,XRT,30.73500061035156,31.045000076293945,30.489999771118164,30.90999984741211,8472000,26.083974269505223,0.0,1.0,yahoo,2023-12-13 16:42:28
2012-10-24,XRT,31.07999992370605,31.09000015258789,30.7450008392334,30.790000915527344,5253200,25.982710954490603,0.0,1.0,yahoo,2023-12-13 16:42:28
2012-10-25,XRT,31.01000022888184,31.020000457763672,30.434999465942383,30.69499969482422,9008400,25.90254241975671,0.0,1.0,yahoo,2023-12-13 16:42:28
2012-10-26,XRT,30.780000686645508,30.895000457763672,30.415000915527344,30.809999465942383,6354800,25.999587100625458,0.0,1.0,yahoo,2023-12-13 16:42:28
2012-10-31,XRT,30.88999938964844,31.190000534057617,30.75,31.155000686645508,7009000,26.290722752783076,0.0,1.0,yahoo,2023-12-13 16:42:28
2012-11-01,XRT,31.184999465942383,31.809999465942383,31.075000762939453,31.73500061035156,10596000,26.78016640082406,0.0,1.0,yahoo,2023-12-13 16:42:28
2012-11-02,XRT,31.959999084472656,31.96999931335449,31.34499931335449,31.39999961853028,6450600,26.497469626509567,0.0,1.0,yahoo,2023-12-13 16:42:28
2012-11-05,XRT,31.325000762939453,31.565000534057617,31.239999771118164,31.5049991607666,3003600,26.586075429535192,0.0,1.0,yahoo,2023-12-13 16:42:28
2012-11-06,XRT,31.68000030517578,32.0,31.645000457763672,31.88500022888184,5839600,26.906746349368028,0.0,1.0,yahoo,2023-12-13 16:42:28
2012-11-07,XRT,31.51000022888184,31.71500015258789,31.15999984741211,31.299999237060547,8992800,26.413082457629795,0.0,1.0,yahoo,2023-12-13 16:42:28
2012-11-08,XRT,31.225000381469727,31.290000915527344,30.540000915527344,30.6200008392334,12652000,25.839253250260416,0.0,1.0,yahoo,2023-12-13 16:42:28
2012-11-09,XRT,30.45499992370605,30.725000381469727,30.225000381469727,30.459999084472656,8812600,25.70423281432197,0.0,1.0,yahoo,2023-12-13 16:42:28
2012-11-12,XRT,30.575000762939453,30.584999084472656,30.30500030517578,30.354999542236328,4586800,25.615627011296333,0.0,1.0,yahoo,2023-12-13 16:42:28
2012-11-13,XRT,30.270000457763672,30.799999237060547,30.239999771118164,30.45499992370605,7411600,25.700014180176094,0.0,1.0,yahoo,2023-12-13 16:42:28
2012-11-14,XRT,30.73500061035156,30.84499931335449,30.03499984741211,30.07999992370605,11347600,25.38356350404051,0.0,1.0,yahoo,2023-12-13 16:42:28
2012-11-15,XRT,30.020000457763672,30.21500015258789,29.790000915527344,30.100000381469727,8129200,25.40044125972674,0.0,1.0,yahoo,2023-12-13 16:42:28
2012-11-16,XRT,30.125,30.26499938964844,29.875,30.174999237060547,9418800,25.463730429223034,0.0,1.0,yahoo,2023-12-13 16:42:28
2012-11-19,XRT,30.684999465942383,30.940000534057617,30.38999938964844,30.924999237060547,6185600,26.096631781494207,0.0,1.0,yahoo,2023-12-13 16:42:28
2012-11-20,XRT,30.96999931335449,31.040000915527344,30.69499969482422,30.924999237060547,5275000,26.096631781494207,0.0,1.0,yahoo,2023-12-13 16:42:28
2012-11-21,XRT,31.01499938964844,31.200000762939453,30.82999992370605,31.1299991607666,2876600,26.269624753399608,0.0,1.0,yahoo,2023-12-13 16:42:28
2012-11-23,XRT,31.30500030517578,31.6299991607666,31.225000381469727,31.600000381469727,4380000,26.66624396426909,0.0,1.0,yahoo,2023-12-13 16:42:28
2012-11-26,XRT,31.479999542236328,31.55500030517578,31.049999237060547,31.295000076293945,11426400,26.408863823483923,0.0,1.0,yahoo,2023-12-13 16:42:28
2012-11-27,XRT,31.145000457763672,31.64999961853028,31.1200008392334,31.3700008392334,9066400,26.47215460253159,0.0,1.0,yahoo,2023-12-13 16:42:28
2012-11-28,XRT,31.114999771118164,31.90999984741211,31.065000534057617,31.90999984741211,11598800,26.927842739200123,0.0,1.0,yahoo,2023-12-13 16:42:28
2012-11-29,XRT,31.65999984741211,31.8799991607666,31.540000915527344,31.68000030517578,10399600,26.733753377462623,0.0,1.0,yahoo,2023-12-13 16:42:28
2012-11-30,XRT,31.655000686645508,31.7549991607666,31.420000076293945,31.63500022888184,7046600,26.695779231944304,0.0,1.0,yahoo,2023-12-13 16:42:28
2012-12-03,XRT,31.700000762939453,31.875,31.440000534057617,31.520000457763672,7554000,26.59873455107555,0.0,1.0,yahoo,2023-12-13 16:42:28
2012-12-04,XRT,31.530000686645508,31.530000686645508,31.125,31.395000457763672,9752000,26.493250992363688,0.0,1.0,yahoo,2023-12-13 16:42:28
2012-12-05,XRT,31.31999969482422,31.530000686645508,31.065000534057617,31.27499961853028,5477600,26.391986067797703,0.0,1.0,yahoo,2023-12-13 16:42:28
2012-12-06,XRT,31.34499931335449,31.530000686645508,31.170000076293945,31.3700008392334,4874600,26.47215460253159,0.0,1.0,yahoo,2023-12-13 16:42:28
2012-12-07,XRT,31.64999961853028,31.64999961853028,31.209999084472656,31.38500022888184,5481400,26.484812114520576,0.0,1.0,yahoo,2023-12-13 16:42:28
2012-12-10,XRT,31.26499938964844,31.450000762939453,31.1299991607666,31.21500015258789,12591200,26.341354410290386,0.0,1.0,yahoo,2023-12-13 16:42:28
2012-12-11,XRT,31.38500022888184,31.665000915527344,31.229999542236328,31.31999969482422,5590200,26.429960213316022,0.0,1.0,yahoo,2023-12-13 16:42:28
2012-12-12,XRT,31.559999465942383,31.559999465942383,31.100000381469727,31.15999984741211,7185800,26.294941386928947,0.0,1.0,yahoo,2023-12-13 16:42:28
2012-12-13,XRT,31.28499984741211,31.475000381469727,31.05500030517578,31.165000915527344,6829200,26.29916163062619,0.0,1.0,yahoo,2023-12-13 16:42:28
2012-12-14,XRT,30.854999542236328,31.2450008392334,30.854999542236328,31.03499984741211,7455200,26.189457828217087,0.0,1.0,yahoo,2023-12-13 16:42:28
2012-12-17,XRT,31.084999084472656,31.545000076293945,31.045000076293945,31.545000076293945,4903000,26.619830940907647,0.0,1.0,yahoo,2023-12-13 16:42:28
2012-12-18,XRT,31.729999542236328,32.0,31.540000915527344,31.850000381469727,12538000,26.877211081692813,0.0,1.0,yahoo,2023-12-13 16:42:28
2012-12-19,XRT,31.815000534057617,32.09000015258789,31.77499961853028,31.77499961853028,5000200,26.81392030264515,0.0,1.0,yahoo,2023-12-13 16:42:28
2012-12-20,XRT,31.76499938964844,31.84000015258789,31.56999969482422,31.71500015258789,6891600,26.763288645137838,0.0,1.0,yahoo,2023-12-13 16:42:28
2012-12-21,XRT,30.905000686645508,31.209999084472656,30.63999938964844,31.13999938964844,11107000,26.519722141793064,0.289,1.0,yahoo,2023-12-13 16:42:28
2012-12-24,XRT,31.2549991607666,31.2549991607666,31.065000534057617,31.084999084472656,806600,26.472882294665112,0.0,1.0,yahoo,2023-12-13 16:42:28
2012-12-26,XRT,31.09499931335449,31.13999938964844,30.475000381469727,30.545000076293945,13902400,26.01300355560182,0.0,1.0,yahoo,2023-12-13 16:42:28
2012-12-27,XRT,30.575000762939453,30.645000457763672,30.049999237060547,30.61000061035156,12371600,26.068359886239676,0.0,1.0,yahoo,2023-12-13 16:42:28
2012-12-28,XRT,30.364999771118164,30.725000381469727,30.299999237060547,30.45499992370605,6808600,25.936356828365742,0.0,1.0,yahoo,2023-12-13 16:42:28
2012-12-31,XRT,30.3700008392334,31.229999542236328,30.32999992370605,31.190000534057617,8404600,26.56230455934262,0.0,1.0,yahoo,2023-12-13 16:42:28
2013-01-02,XRT,32.0,32.0,31.25,31.424999237060547,16615200,26.762436236589576,0.0,1.0,yahoo,2023-12-13 16:42:28
2013-01-03,XRT,31.71999931335449,31.95499992370605,31.45499992370605,31.709999084472656,15566000,27.00515033138609,0.0,1.0,yahoo,2023-12-13 16:42:28
2013-01-04,XRT,31.78499984741211,32.04999923706055,31.70499992370605,31.959999084472656,7407200,27.218057546074483,0.0,1.0,yahoo,2023-12-13 16:42:28
2013-01-07,XRT,31.90999984741211,31.90999984741211,31.4950008392334,31.614999771118164,7477600,26.924246174571632,0.0,1.0,yahoo,2023-12-13 16:42:28
2013-01-08,XRT,31.559999465942383,31.674999237060547,31.3700008392334,31.489999771118164,6801800,26.817792567227436,0.0,1.0,yahoo,2023-12-13 16:42:28
2013-01-09,XRT,31.530000686645508,31.68000030517578,31.440000534057617,31.51000022888184,9643400,26.834825534247265,0.0,1.0,yahoo,2023-12-13 16:42:28
2013-01-10,XRT,31.440000534057617,31.549999237060547,31.2450008392334,31.52499961853028,14423800,26.847599447335565,0.0,1.0,yahoo,2023-12-13 16:42:28
2013-01-11,XRT,31.489999771118164,31.545000076293945,31.334999084472656,31.520000457763672,11386800,26.843342017757173,0.0,1.0,yahoo,2023-12-13 16:42:28
2013-01-14,XRT,31.549999237060547,31.645000457763672,31.165000915527344,31.61000061035156,18084600,26.919988744993244,0.0,1.0,yahoo,2023-12-13 16:42:28
2013-01-15,XRT,31.475000381469727,32.34000015258789,31.475000381469727,32.27000045776367,28102000,27.482063661822348,0.0,1.0,yahoo,2023-12-13 16:42:28
2013-01-16,XRT,32.125,32.4900016784668,32.125,32.375,8149600,27.57148430214672,0.0,1.0,yahoo,2023-12-13 16:42:28
2013-01-17,XRT,32.4900016784668,32.67499923706055,32.435001373291016,32.59000015258789,16491800,27.75458463672699,0.0,1.0,yahoo,2023-12-13 16:42:28
2013-01-18,XRT,32.4900016784668,32.78499984741211,32.44499969482422,32.755001068115234,12819600,27.895104178110834,0.0,1.0,yahoo,2023-12-13 16:42:28
2013-01-22,XRT,32.7599983215332,32.79499816894531,32.584999084472656,32.790000915527344,9881200,27.924911058218957,0.0,1.0,yahoo,2023-12-13 16:42:28
2013-01-23,XRT,32.630001068115234,32.849998474121094,32.630001068115234,32.814998626708984,5369000,27.94619983046403,0.0,1.0,yahoo,2023-12-13 16:42:28
2013-01-24,XRT,33.11000061035156,33.470001220703125,32.970001220703125,33.095001220703125,15998200,28.184658120035298,0.0,1.0,yahoo,2023-12-13 16:42:28
2013-01-25,XRT,33.185001373291016,33.564998626708984,33.185001373291016,33.564998626708984,15844400,28.584921474529203,0.0,1.0,yahoo,2023-12-13 16:42:28
2013-01-28,XRT,33.4900016784668,33.56999969482422,33.279998779296875,33.494998931884766,10406000,28.525307714312955,0.0,1.0,yahoo,2023-12-13 16:42:28
2013-01-29,XRT,33.48500061035156,33.540000915527344,33.19499969482422,33.540000915527344,10641200,28.56363270228413,0.0,1.0,yahoo,2023-12-13 16:42:28
2013-01-30,XRT,33.560001373291016,33.560001373291016,33.099998474121094,33.224998474121094,10790400,28.29536753260474,0.0,1.0,yahoo,2023-12-13 16:42:28
2013-01-31,XRT,33.11000061035156,33.564998626708984,33.11000061035156,33.525001525878906,13564400,28.550858789195832,0.0,1.0,yahoo,2023-12-13 16:42:28
2013-02-01,XRT,33.76499938964844,33.76499938964844,33.404998779296875,33.56999969482422,16232600,28.58918052846073,0.0,1.0,yahoo,2023-12-13 16:42:28
2013-02-04,XRT,33.31999969482422,33.4900016784668,33.11000061035156,33.185001373291016,12615000,28.26130484727137,0.0,1.0,yahoo,2023-12-13 16:42:28
2013-02-05,XRT,33.29499816894531,33.92499923706055,33.2400016784668,33.78499984741211,23475600,28.772280863040997,0.0,1.0,yahoo,2023-12-13 16:42:28
2013-02-06,XRT,33.71500015258789,33.974998474121094,33.599998474121094,33.88999938964844,7575400,28.861701503365367,0.0,1.0,yahoo,2023-12-13 16:42:28
2013-02-07,XRT,33.95500183105469,34.029998779296875,33.45500183105469,33.73500061035156,14256000,28.729700069844576,0.0,1.0,yahoo,2023-12-13 16:42:28
2013-02-08,XRT,33.88999938964844,34.02000045776367,33.779998779296875,34.0,9041200,28.955381197621264,0.0,1.0,yahoo,2023-12-13 16:42:28
2013-02-11,XRT,34.040000915527344,34.040000915527344,33.82500076293945,33.88999938964844,9125000,28.861701503365367,0.0,1.0,yahoo,2023-12-13 16:42:28
2013-02-12,XRT,34.125,34.125,33.84000015258789,33.90999984741211,7877600,28.878734470385194,0.0,1.0,yahoo,2023-12-13 16:42:28
2013-02-13,XRT,33.96500015258789,34.1349983215332,33.77000045776367,33.8650016784668,14098200,28.840412731120296,0.0,1.0,yahoo,2023-12-13 16:42:28
2013-02-14,XRT,33.7599983215332,33.994998931884766,33.58000183105469,33.8650016784668,12167400,28.840412731120296,0.0,1.0,yahoo,2023-12-13 16:42:28
2013-02-15,XRT,33.7400016784668,34.29999923706055,33.470001220703125,33.73500061035156,32316600,28.729700069844576,0.0,1.0,yahoo,2023-12-13 16:42:28
2013-02-19,XRT,34.06999969482422,34.47999954223633,33.915000915527344,34.345001220703125,22507600,29.249194193477255,0.0,1.0,yahoo,2023-12-13 16:42:28
2013-02-20,XRT,34.3650016784668,34.45500183105469,33.7400016784668,33.779998779296875,23825800,28.768021809109474,0.0,1.0,yahoo,2023-12-13 16:42:28
2013-02-21,XRT,33.724998474121094,34.040000915527344,33.494998931884766,33.654998779296875,17868400,28.661568201765277,0.0,1.0,yahoo,2023-12-13 16:42:28
2013-02-22,XRT,33.650001525878906,33.80500030517578,33.39500045776367,33.654998779296875,11413000,28.661568201765277,0.0,1.0,yahoo,2023-12-13 16:42:28
2013-02-25,XRT,33.81999969482422,33.81999969482422,32.959999084472656,32.959999084472656,16919000,28.06968640482805,0.0,1.0,yahoo,2023-12-13 16:42:28
2013-02-26,XRT,33.130001068115234,33.32500076293945,32.7400016784668,33.095001220703125,18906600,28.184658120035298,0.0,1.0,yahoo,2023-12-13 16:42:28
2013-02-27,XRT,33.130001068115234,33.77000045776367,33.130001068115234,33.630001068115234,11413600,28.640279429520206,0.0,1.0,yahoo,2023-12-13 16:42:28
2013-02-28,XRT,33.560001373291016,33.84000015258789,33.435001373291016,33.54499816894531,7969400,28.56788850750938,0.0,1.0,yahoo,2023-12-13 16:42:28
2013-03-01,XRT,33.39500045776367,33.73500061035156,33.33000183105469,33.71500015258789,9851800,28.71266710282475,0.0,1.0,yahoo,2023-12-13 16:42:28
2013-03-04,XRT,33.54499816894531,34.01499938964844,33.54499816894531,33.959999084472656,11798200,28.921315263581615,0.0,1.0,yahoo,2023-12-13 16:42:28
2013-03-05,XRT,34.03499984741211,34.41999816894531,34.03499984741211,34.34000015258789,11211200,29.24493513954573,0.0,1.0,yahoo,2023-12-13 16:42:28
2013-03-06,XRT,34.40999984741211,34.45500183105469,34.14500045776367,34.220001220703125,5125000,29.14274058613306,0.0,1.0,yahoo,2023-12-13 16:42:28
2013-03-07,XRT,34.29999923706055,34.52000045776367,34.25,34.43000030517578,9543600,29.321581866781802,0.0,1.0,yahoo,2023-12-13 16:42:28
2013-03-08,XRT,34.5,34.775001525878906,34.400001525878906,34.755001068115234,5119600,29.598361895617966,0.0,1.0,yahoo,2023-12-13 16:42:28
2013-03-11,XRT,34.4900016784668,34.779998779296875,34.4900016784668,34.72999954223633,10010400,29.577069874666616,0.0,1.0,yahoo,2023-12-13 16:42:28
2013-03-12,XRT,34.720001220703125,34.80500030517578,34.55500030517578,34.6349983215332,6223800,29.49616409349902,0.0,1.0,yahoo,2023-12-13 16:42:28
2013-03-13,XRT,34.79499816894531,35.1349983215332,34.724998474121094,35.095001220703125,14349200,29.88791583754243,0.0,1.0,yahoo,2023-12-13 16:42:28
2013-03-14,XRT,35.189998626708984,35.404998779296875,35.16999816894531,35.31999969482422,14166800,30.079531031279473,0.0,1.0,yahoo,2023-12-13 16:42:28
2013-03-15,XRT,35.09000015258789,35.334999084472656,35.0,35.16999816894531,5749800,29.97724739136193,0.03,1.0,yahoo,2023-12-13 16:42:28
2013-03-18,XRT,34.90999984741211,35.15999984741211,34.845001220703125,35.025001525878906,4036200,29.853659092629613,0.0,1.0,yahoo,2023-12-13 16:42:28
2013-03-19,XRT,35.18000030517578,35.18000030517578,34.35499954223633,34.67499923706055,12263600,29.555333652035326,0.0,1.0,yahoo,2023-12-13 16:42:28
2013-03-20,XRT,34.849998474121094,35.2599983215332,34.849998474121094,35.189998626708984,6710200,29.994294838093147,0.0,1.0,yahoo,2023-12-13 16:42:28
2013-03-21,XRT,35.1150016784668,35.13999938964844,34.68000030517578,34.869998931884766,7489000,29.721542193329686,0.0,1.0,yahoo,2023-12-13 16:42:28
2013-03-22,XRT,35.1150016784668,35.224998474121094,34.959999084472656,35.130001068115234,3155800,29.9431557493675,0.0,1.0,yahoo,2023-12-13 16:42:28
2013-03-25,XRT,35.28499984741211,35.404998779296875,34.959999084472656,35.1349983215332,9011400,29.947415172449304,0.0,1.0,yahoo,2023-12-13 16:42:28
2013-03-26,XRT,35.150001525878906,35.224998474121094,34.939998626708984,35.14500045776367,4501200,29.95594052154891,0.0,1.0,yahoo,2023-12-13 16:42:28
2013-03-27,XRT,34.959999084472656,35.130001068115234,34.82500076293945,35.08000183105469,3839800,29.90053875827346,0.0,1.0,yahoo,2023-12-13 16:42:28
2013-03-28,XRT,35.150001525878906,35.2400016784668,35.01499938964844,35.165000915527344,10801200,29.97298796828013,0.0,1.0,yahoo,2023-12-13 16:42:28
2013-04-01,XRT,35.209999084472656,35.25,34.76499938964844,34.814998626708984,5547200,29.674662527685843,0.0,1.0,yahoo,2023-12-13 16:42:28
2013-04-02,XRT,35.01499938964844,35.119998931884766,34.845001220703125,34.904998779296875,5601200,29.751374412242317,0.0,1.0,yahoo,2023-12-13 16:42:28
2013-04-03,XRT,35.084999084472656,35.084999084472656,34.380001068115234,34.494998931884766,9311200,29.401909882922382,0.0,1.0,yahoo,2023-12-13 16:42:28
2013-04-04,XRT,34.400001525878906,35.095001220703125,34.400001525878906,35.084999084472656,7956400,29.90479818135526,0.0,1.0,yahoo,2023-12-13 16:42:28
2013-04-05,XRT,34.56999969482422,35.08000183105469,34.470001220703125,35.064998626708984,5052200,29.887750734624046,0.0,1.0,yahoo,2023-12-13 16:42:28
2013-04-08,XRT,35.21500015258789,35.3650016784668,34.94499969482422,35.3650016784668,4365800,30.143459184124293,0.0,1.0,yahoo,2023-12-13 16:42:28
2013-04-09,XRT,35.45500183105469,35.474998474121094,35.060001373291016,35.150001525878906,4164400,29.960203196098718,0.0,1.0,yahoo,2023-12-13 16:42:28
2013-04-10,XRT,35.165000915527344,35.775001525878906,35.09000015258789,35.77000045776367,5334200,30.488661038894424,0.0,1.0,yahoo,2023-12-13 16:42:28
2013-04-11,XRT,36.130001068115234,36.69499969482422,35.904998779296875,36.48500061035156,14043000,31.098093440796408,0.0,1.0,yahoo,2023-12-13 16:42:28
2013-04-12,XRT,36.18000030517578,36.57500076293945,36.18000030517578,36.5099983215332,15176000,31.119400310609425,0.0,1.0,yahoo,2023-12-13 16:42:28
2013-04-15,XRT,36.255001068115234,36.39500045776367,35.22999954223633,35.34000015258789,15471800,30.12214906284327,0.0,1.0,yahoo,2023-12-13 16:42:28
2013-04-16,XRT,35.51499938964844,35.73500061035156,35.415000915527344,35.709999084472656,8362000,30.437518698700774,0.0,1.0,yahoo,2023-12-13 16:42:28
2013-04-17,XRT,35.54999923706055,35.6349983215332,34.880001068115234,35.185001373291016,6554000,29.990035415011345,0.0,1.0,yahoo,2023-12-13 16:42:28
2013-04-18,XRT,35.310001373291016,35.375,34.67499923706055,34.82500076293945,11438800,29.68318787678545,0.0,1.0,yahoo,2023-12-13 16:42:28
2013-04-19,XRT,34.900001525878906,35.29499816894531,34.790000915527344,35.23500061035156,10072800,30.032652406105385,0.0,1.0,yahoo,2023-12-13 16:42:28
2013-04-22,XRT,35.16999816894531,35.45000076293945,34.90999984741211,35.36000061035156,5998200,30.13919650957449,0.0,1.0,yahoo,2023-12-13 16:42:28
2013-04-23,XRT,35.584999084472656,35.845001220703125,35.40999984741211,35.779998779296875,5233000,30.49718313652603,0.0,1.0,yahoo,2023-12-13 16:42:28
2013-04-24,XRT,35.779998779296875,36.07500076293945,35.65999984741211,36.06999969482422,5149800,30.744366236926666,0.0,1.0,yahoo,2023-12-13 16:42:28
2013-04-25,XRT,36.2400016784668,36.869998931884766,36.17499923706055,36.65499877929688,10662600,31.242991860809752,0.0,1.0,yahoo,2023-12-13 16:42:28
2013-04-26,XRT,36.53499984741211,36.625,36.3650016784668,36.5099983215332,6833400,31.119400310609425,0.0,1.0,yahoo,2023-12-13 16:42:28
2013-04-29,XRT,36.44499969482422,36.71500015258789,36.44499969482422,36.5099983215332,12484800,31.119400310609425,0.0,1.0,yahoo,2023-12-13 16:42:28
2013-04-30,XRT,36.5099983215332,36.755001068115234,36.46500015258789,36.73500061035156,5066000,31.31118164773461,0.0,1.0,yahoo,2023-12-13 16:42:28
2013-05-01,XRT,36.59999847412109,36.775001525878906,36.22499847412109,36.2599983215332,6401000,30.906312103671223,0.0,1.0,yahoo,2023-12-13 16:42:28
2013-05-02,XRT,36.10499954223633,36.71500015258789,36.10499954223633,36.685001373291016,4255000,31.26856465664057,0.0,1.0,yahoo,2023-12-13 16:42:28
2013-05-03,XRT,36.75,37.470001220703125,36.75,37.27000045776367,7329800,31.767190280523646,0.0,1.0,yahoo,2023-12-13 16:42:28
2013-05-06,XRT,37.27999877929688,37.39500045776367,37.14500045776367,37.255001068115234,7590200,31.754405508342234,0.0,1.0,yahoo,2023-12-13 16:42:28
2013-05-07,XRT,37.470001220703125,37.625,37.11000061035156,37.625,5627000,32.06977514419974,0.0,1.0,yahoo,2023-12-13 16:42:28
2013-05-08,XRT,37.595001220703125,37.775001525878906,37.494998931884766,37.69499969482422,4390600,32.12943958202499,0.0,1.0,yahoo,2023-12-13 16:42:28
2013-05-09,XRT,37.81999969482422,37.95500183105469,37.59000015258789,37.685001373291016,5916000,32.12091748439339,0.0,1.0,yahoo,2023-12-13 16:42:28
2013-05-10,XRT,37.75,38.22499847412109,37.7400016784668,38.22499847412109,10605000,32.58118554026422,0.0,1.0,yahoo,2023-12-13 16:42:28
2013-05-13,XRT,38.255001068115234,38.27999877929688,37.97999954223633,38.084999084472656,4114200,32.46185666461371,0.0,1.0,yahoo,2023-12-13 16:42:28
2013-05-14,XRT,38.17499923706055,38.69499969482422,38.10499954223633,38.66999816894531,5279400,32.96048228849679,0.0,1.0,yahoo,2023-12-13 16:42:28
2013-05-15,XRT,38.709999084472656,39.03499984741211,38.59999847412109,38.8849983215332,8854800,33.14373827652236,0.0,1.0,yahoo,2023-12-13 16:42:28
2013-05-16,XRT,39.23500061035156,39.23500061035156,38.275001525878906,38.46500015258789,21601400,32.78575164957083,0.0,1.0,yahoo,2023-12-13 16:42:28
2013-05-17,XRT,38.46500015258789,38.9900016784668,38.45500183105469,38.875,35880400,33.13521617889076,0.0,1.0,yahoo,2023-12-13 16:42:28
2013-05-20,XRT,38.75,39.20000076293945,38.75,39.05500030517578,5444000,33.288639948003706,0.0,1.0,yahoo,2023-12-13 16:42:28
2013-05-21,XRT,39.18000030517578,39.47499847412109,39.130001068115234,39.34000015258789,4354600,33.53156037385454,0.0,1.0,yahoo,2023-12-13 16:42:28
2013-05-22,XRT,39.45500183105469,39.77999877929688,38.790000915527344,38.96500015258789,9329000,33.21192806344723,0.0,1.0,yahoo,2023-12-13 16:42:28
2013-05-23,XRT,38.63999938964844,39.21500015258789,38.63999938964844,39.165000915527344,5969400,33.3823992792914,0.0,1.0,yahoo,2023-12-13 16:42:28
2013-05-24,XRT,38.775001525878906,38.84000015258789,38.494998931884766,38.79499816894531,6745600,33.067026391965896,0.0,1.0,yahoo,2023-12-13 16:42:28
2013-05-28,XRT,39.165000915527344,39.43999862670898,38.880001068115234,38.994998931884766,6667600,33.237497607810056,0.0,1.0,yahoo,2023-12-13 16:42:28
2013-05-29,XRT,38.8849983215332,38.97999954223633,38.55500030517578,38.7599983215332,4788800,33.037194173053265,0.0,1.0,yahoo,2023-12-13 16:42:28
2013-05-30,XRT,38.82500076293945,39.15499877929688,38.77999877929688,38.89500045776367,3988600,33.15226362562198,0.0,1.0,yahoo,2023-12-13 16:42:28
2013-05-31,XRT,38.89500045776367,39.310001373291016,38.78499984741211,38.79999923706055,5023600,33.071289066515696,0.0,1.0,yahoo,2023-12-13 16:42:28
2013-06-03,XRT,38.9900016784668,38.9900016784668,38.36000061035156,38.85499954223633,8178600,33.118168732159546,0.0,1.0,yahoo,2023-12-13 16:42:28
2013-06-04,XRT,38.91999816894531,39.060001373291016,38.3849983215332,38.709999084472656,9039000,32.99457718195922,0.0,1.0,yahoo,2023-12-13 16:42:28
2013-06-05,XRT,38.54999923706055,38.86000061035156,38.22999954223633,38.275001525878906,11426400,32.62380578282627,0.0,1.0,yahoo,2023-12-13 16:42:28
2013-06-06,XRT,38.32500076293945,38.54999923706055,37.93999862670898,38.54499816894531,6898200,32.85393818502769,0.0,1.0,yahoo,2023-12-13 16:42:28
2013-06-07,XRT,38.85499954223633,39.22999954223633,38.80500030517578,39.15999984741211,6086400,33.37813660474159,0.0,1.0,yahoo,2023-12-13 16:42:28
2013-06-10,XRT,39.29499816894531,39.40999984741211,39.1150016784668,39.275001525878906,4943200,33.476158610579084,0.0,1.0,yahoo,2023-12-13 16:42:28
2013-06-11,XRT,38.96500015258789,39.21500015258789,38.54499816894531,38.8650016784668,6472200,33.12669408125915,0.0,1.0,yahoo,2023-12-13 16:42:28
2013-06-12,XRT,39.165000915527344,39.20000076293945,38.345001220703125,38.40499877929688,10089000,32.734609309377184,0.0,1.0,yahoo,2023-12-13 16:42:28
2013-06-13,XRT,38.47499847412109,39.08000183105469,38.42499923706055,39.03499984741211,5216800,33.27159250127249,0.0,1.0,yahoo,2023-12-13 16:42:28
2013-06-14,XRT,38.97499847412109,39.27000045776367,38.71500015258789,38.810001373291016,8010200,33.07981441561531,0.0,1.0,yahoo,2023-12-13 16:42:28
2013-06-17,XRT,38.97499847412109,39.22999954223633,38.790000915527344,39.02999877929688,8628000,33.267329826722694,0.0,1.0,yahoo,2023-12-13 16:42:28
2013-06-18,XRT,38.959999084472656,39.39500045776367,38.959999084472656,39.39500045776367,11364400,33.57844003949838,0.0,1.0,yahoo,2023-12-13 16:42:28
2013-06-19,XRT,39.44499969482422,39.44499969482422,38.92499923706055,38.935001373291016,6490000,33.18635851908441,0.0,1.0,yahoo,2023-12-13 16:42:28
2013-06-20,XRT,38.45500183105469,38.57500076293945,37.82500076293945,37.94499969482422,10119400,32.3425277889632,0.0,1.0,yahoo,2023-12-13 16:42:28
2013-06-21,XRT,37.9900016784668,38.1150016784668,37.400001525878906,37.75,16607200,32.27029388207781,0.1105,1.0,yahoo,2023-12-13 16:42:28
2013-06-24,XRT,37.38999938964844,37.625,36.92499923706055,37.29499816894531,10019800,31.881339105785933,0.0,1.0,yahoo,2023-12-13 16:42:28
2013-06-25,XRT,37.55500030517578,37.775001525878906,37.35499954223633,37.63999938964844,3441800,32.17626071589893,0.0,1.0,yahoo,2023-12-13 16:42:28
2013-06-26,XRT,38.040000915527344,38.13999938964844,37.72499847412109,37.89500045776367,5013000,32.39424639558958,0.0,1.0,yahoo,2023-12-13 16:42:28
2013-06-27,XRT,38.16999816894531,38.39500045776367,38.09000015258789,38.28499984741211,3973600,32.7276343404316,0.0,1.0,yahoo,2023-12-13 16:42:28
2013-06-28,XRT,38.255001068115234,38.52000045776367,38.16999816894531,38.30500030517578,5142600,32.74473157618815,0.0,1.0,yahoo,2023-12-13 16:42:28
2013-07-01,XRT,38.52999877929688,38.915000915527344,38.525001525878906,38.66999816894531,3266800,33.056747161093405,0.0,1.0,yahoo,2023-12-13 16:42:28
2013-07-02,XRT,38.61000061035156,39.0099983215332,38.505001068115234,38.72499847412109,2557000,33.10376374418284,0.0,1.0,yahoo,2023-12-13 16:42:28
2013-07-03,XRT,38.625,38.88999938964844,38.400001525878906,38.79499816894531,1761400,33.16360243884863,0.0,1.0,yahoo,2023-12-13 16:42:28
2013-07-05,XRT,39.08000183105469,39.31999969482422,38.619998931884766,39.29499816894531,3132600,33.591023549869526,0.0,1.0,yahoo,2023-12-13 16:42:28
2013-07-08,XRT,39.47499847412109,39.845001220703125,39.34000015258789,39.79499816894531,6703000,34.018444660890424,0.0,1.0,yahoo,2023-12-13 16:42:28
2013-07-09,XRT,40.03499984741211,40.20500183105469,39.88999938964844,40.1150016784668,4810000,34.291997172030946,0.0,1.0,yahoo,2023-12-13 16:42:28
2013-07-10,XRT,40.15999984741211,40.2400016784668,39.970001220703125,40.16999816894531,6311400,34.3390104941561,0.0,1.0,yahoo,2023-12-13 16:42:28
2013-07-11,XRT,40.59999847412109,40.630001068115234,40.34000015258789,40.505001068115234,8974600,34.625385116872955,0.0,1.0,yahoo,2023-12-13 16:42:28
2013-07-12,XRT,40.5,40.54499816894531,40.33000183105469,40.40499877929688,7971600,34.53989893809021,0.0,1.0,yahoo,2023-12-13 16:42:28
2013-07-15,XRT,40.43000030517578,40.630001068115234,40.31499862670898,40.61000061035156,3368600,34.71514315887163,0.0,1.0,yahoo,2023-12-13 16:42:28
2013-07-16,XRT,40.65999984741211,40.67499923706055,40.19499969482422,40.33000183105469,8275400,34.4757883802085,0.0,1.0,yahoo,2023-12-13 16:42:28
2013-07-17,XRT,40.58000183105469,40.58000183105469,40.21500015258789,40.31999969482422,4177600,34.467238131848084,0.0,1.0,yahoo,2023-12-13 16:42:28
2013-07-18,XRT,40.470001220703125,40.775001525878906,40.3650016784668,40.584999084472656,3204600,34.69377079893487,0.0,1.0,yahoo,2023-12-13 16:42:28
2013-07-19,XRT,40.51499938964844,40.584999084472656,40.26499938964844,40.43999862670898,6718800,34.56981828542309,0.0,1.0,yahoo,2023-12-13 16:42:28
2013-07-22,XRT,40.36000061035156,40.57500076293945,40.310001373291016,40.494998931884766,2932600,34.61683486851254,0.0,1.0,yahoo,2023-12-13 16:42:28
2013-07-23,XRT,40.630001068115234,40.71500015258789,40.369998931884766,40.43999862670898,2815000,34.56981828542309,0.0,1.0,yahoo,2023-12-13 16:42:28
2013-07-24,XRT,40.650001525878906,40.650001525878906,40.04499816894531,40.17499923706055,4760200,34.34328561833631,0.0,1.0,yahoo,2023-12-13 16:42:28
2013-07-25,XRT,40.1150016784668,40.650001525878906,40.1150016784668,40.630001068115234,8658400,34.732240394628185,0.0,1.0,yahoo,2023-12-13 16:42:28
2013-07-26,XRT,40.595001220703125,40.65499877929688,40.18999862670898,40.63999938964844,4573600,34.740787382024315,0.0,1.0,yahoo,2023-12-13 16:42:28
2013-07-29,XRT,40.46500015258789,40.68000030517578,40.40499877929688,40.57500076293945,6746200,34.68522381153874,0.0,1.0,yahoo,2023-12-13 16:42:28
2013-07-30,XRT,40.77999877929688,40.78499984741211,40.525001525878906,40.720001220703125,3925200,34.809176325050515,0.0,1.0,yahoo,2023-12-13 16:42:28
2013-07-31,XRT,40.935001373291016,41.185001373291016,40.80500030517578,40.84000015258789,5215600,34.911756478625534,0.0,1.0,yahoo,2023-12-13 16:42:28
2013-08-01,XRT,41.07500076293945,41.52999877929688,41.07500076293945,41.48500061035156,5459200,35.46313010315821,0.0,1.0,yahoo,2023-12-13 16:42:28
2013-08-02,XRT,41.40999984741211,41.595001220703125,41.22999954223633,41.54999923706055,3444800,35.518693673643774,0.0,1.0,yahoo,2023-12-13 16:42:28
2013-08-05,XRT,41.525001525878906,41.619998931884766,41.3849983215332,41.494998931884766,5799600,35.47167709055434,0.0,1.0,yahoo,2023-12-13 16:42:28
2013-08-06,XRT,41.30500030517578,41.345001220703125,40.56999969482422,40.98500061035156,6523000,35.03570899213731,0.0,1.0,yahoo,2023-12-13 16:42:28
2013-08-07,XRT,40.67499923706055,40.79499816894531,40.30500030517578,40.38999938964844,7586400,34.52707682651386,0.0,1.0,yahoo,2023-12-13 16:42:28
2013-08-08,XRT,40.744998931884766,40.91999816894531,40.505001068115234,40.76499938964844,4927200,34.84764265977954,0.0,1.0,yahoo,2023-12-13 16:42:28
2013-08-09,XRT,40.78499984741211,40.8849983215332,40.44499969482422,40.709999084472656,4096400,34.8006260766901,0.0,1.0,yahoo,2023-12-13 16:42:28
2013-08-12,XRT,40.63999938964844,40.95000076293945,40.334999084472656,40.89500045776367,4429400,34.95877306171497,0.0,1.0,yahoo,2023-12-13 16:42:28
2013-08-13,XRT,41.0,41.15499877929688,40.68999862670898,41.1150016784668,6805600,35.14683939407274,0.0,1.0,yahoo,2023-12-13 16:42:28
2013-08-14,XRT,40.85499954223633,41.095001220703125,40.790000915527344,40.82500076293945,5038200,34.89893436704919,0.0,1.0,yahoo,2023-12-13 16:42:28
2013-08-15,XRT,40.435001373291016,40.45000076293945,39.97499847412109,40.01499938964844,10759000,34.206510993248195,0.0,1.0,yahoo,2023-12-13 16:42:28
2013-08-16,XRT,39.935001373291016,40.1150016784668,39.67499923706055,39.70500183105469,7274600,33.94151199143238,0.0,1.0,yahoo,2023-12-13 16:42:28
2013-08-19,XRT,39.595001220703125,39.95500183105469,39.45500183105469,39.46500015258789,5840200,33.73634842331806,0.0,1.0,yahoo,2023-12-13 16:42:28
2013-08-20,XRT,39.790000915527344,40.15999984741211,39.64500045776367,40.06999969482422,6711600,34.25352757633763,0.0,1.0,yahoo,2023-12-13 16:42:28
2013-08-21,XRT,39.755001068115234,39.900001525878906,39.275001525878906,39.5099983215332,13340200,33.774814758047086,0.0,1.0,yahoo,2023-12-13 16:42:28
2013-08-22,XRT,39.59999847412109,39.68999862670898,39.33000183105469,39.56999969482422,8219600,33.826106465316734,0.0,1.0,yahoo,2023-12-13 16:42:28
2013-08-23,XRT,39.57500076293945,39.69499969482422,39.1349983215332,39.44499969482422,8249000,33.71925118756151,0.0,1.0,yahoo,2023-12-13 16:42:28
2013-08-26,XRT,39.46500015258789,39.790000915527344,39.35499954223633,39.41999816894531,10089200,33.69787882762475,0.0,1.0,yahoo,2023-12-13 16:42:28
2013-08-27,XRT,39.08000183105469,39.17499923706055,38.619998931884766,38.68000030517578,13324600,33.06529740945382,0.0,1.0,yahoo,2023-12-13 16:42:28
2013-08-28,XRT,38.650001525878906,39.095001220703125,38.650001525878906,38.89500045776367,6589000,33.24908861763138,0.0,1.0,yahoo,2023-12-13 16:42:28
2013-08-29,XRT,38.89500045776367,39.34000015258789,38.79499816894531,39.23500061035156,7644400,33.53973510356416,0.0,1.0,yahoo,2023-12-13 16:42:28
2013-08-30,XRT,39.34000015258789,39.34000015258789,38.79999923706055,38.93999862670898,4943600,33.287554952360395,0.0,1.0,yahoo,2023-12-13 16:42:28
2013-09-03,XRT,39.45000076293945,39.51499938964844,38.85499954223633,39.04499816894531,6923400,33.37731299435908,0.0,1.0,yahoo,2023-12-13 16:42:28
2013-09-04,XRT,38.935001373291016,39.459999084472656,38.93000030517578,39.345001220703125,4777800,33.633768269743044,0.0,1.0,yahoo,2023-12-13 16:42:28
2013-09-05,XRT,39.52000045776367,39.709999084472656,39.38999938964844,39.57500076293945,6008800,33.830381589496945,0.0,1.0,yahoo,2023-12-13 16:42:28
2013-09-06,XRT,39.67499923706055,39.70500183105469,39.0,39.375,5716800,33.659412492895726,0.0,1.0,yahoo,2023-12-13 16:42:28
2013-09-09,XRT,39.459999084472656,40.084999084472656,39.459999084472656,40.025001525878906,4777200,34.21506124160861,0.0,1.0,yahoo,2023-12-13 16:42:28
2013-09-10,XRT,40.34000015258789,40.470001220703125,40.11000061035156,40.44499969482422,4189600,34.57409340960331,0.0,1.0,yahoo,2023-12-13 16:42:28
2013-09-11,XRT,40.42499923706055,40.595001220703125,40.33000183105469,40.54499816894531,3794400,34.659576327421775,0.0,1.0,yahoo,2023-12-13 16:42:28
2013-09-12,XRT,40.38999938964844,40.56499862670898,40.084999084472656,40.18000030517578,5129600,34.347560742516514,0.0,1.0,yahoo,2023-12-13 16:42:28
2013-09-13,XRT,40.290000915527344,40.43000030517578,40.15499877929688,40.380001068115234,3058600,34.51852983911773,0.0,1.0,yahoo,2023-12-13 16:42:28
2013-09-16,XRT,40.6150016784668,40.80500030517578,40.42499923706055,40.44499969482422,3038800,34.57409340960331,0.0,1.0,yahoo,2023-12-13 16:42:28
2013-09-17,XRT,40.540000915527344,40.90499877929688,40.53499984741211,40.880001068115234,4621000,34.94595095013863,0.0,1.0,yahoo,2023-12-13 16:42:28
2013-09-18,XRT,40.89500045776367,41.43000030517578,40.560001373291016,41.31999969482422,6129600,35.32208035388988,0.0,1.0,yahoo,2023-12-13 16:42:28
2013-09-19,XRT,41.415000915527344,41.59999847412109,41.345001220703125,41.40999984741211,4545200,35.39901628431221,0.0,1.0,yahoo,2023-12-13 16:42:28
2013-09-20,XRT,41.40999984741211,41.45000076293945,41.05500030517578,41.150001525878906,7264800,35.22013538741812,0.051,1.0,yahoo,2023-12-13 16:42:28
2013-09-23,XRT,41.150001525878906,41.18000030517578,40.77999877929688,40.994998931884766,5597800,35.08746923569413,0.0,1.0,yahoo,2023-12-13 16:42:28
2013-09-24,XRT,41.119998931884766,41.36000061035156,40.834999084472656,41.125,3989600,35.19873667311204,0.0,1.0,yahoo,2023-12-13 16:42:28
2013-09-25,XRT,41.25,41.30500030517578,40.79499816894531,40.959999084472656,10647600,35.057512994656854,0.0,1.0,yahoo,2023-12-13 16:42:28
2013-09-26,XRT,41.10499954223633,41.494998931884766,41.040000915527344,41.20000076293945,9183000,35.262929551044884,0.0,1.0,yahoo,2023-12-13 16:42:28
2013-09-27,XRT,41.084999084472656,41.290000915527344,40.959999084472656,41.18999862670898,5847400,35.25436875932829,0.0,1.0,yahoo,2023-12-13 16:42:28
2013-09-30,XRT,40.685001373291016,41.16999816894531,40.650001525878906,41.0099983215332,4807800,35.10030715828362,0.0,1.0,yahoo,2023-12-13 16:42:28
2013-10-01,XRT,41.02999877929688,41.61000061035156,40.95500183105469,41.46500015258789,7874400,35.48974155675359,0.0,1.0,yahoo,2023-12-13 16:42:28
2013-10-02,XRT,41.25,41.54999923706055,40.9900016784668,41.46500015258789,5780400,35.48974155675359,0.0,1.0,yahoo,2023-12-13 16:42:28
2013-10-03,XRT,41.40499877929688,41.560001373291016,40.92499923706055,41.11000061035156,5491400,35.18589875052255,0.0,1.0,yahoo,2023-12-13 16:42:28
2013-10-04,XRT,41.22499847412109,41.435001373291016,40.95000076293945,41.375,4097600,35.41271075623126,0.0,1.0,yahoo,2023-12-13 16:42:28
2013-10-07,XRT,41.04499816894531,41.060001373291016,40.64500045776367,40.65999984741211,6466800,34.80074474791087,0.0,1.0,yahoo,2023-12-13 16:42:28
2013-10-08,XRT,40.65499877929688,40.68999862670898,39.869998931884766,39.875,10808200,34.128866257515924,0.0,1.0,yahoo,2023-12-13 16:42:28
2013-10-09,XRT,40.1349983215332,40.1349983215332,39.54999923706055,39.85499954223633,8007200,34.11174793906814,0.0,1.0,yahoo,2023-12-13 16:42:28
2013-10-10,XRT,40.29499816894531,40.665000915527344,40.27000045776367,40.6349983215332,5804200,34.77934603360479,0.0,1.0,yahoo,2023-12-13 16:42:28
2013-10-11,XRT,40.5,40.900001525878906,40.38999938964844,40.875,6614600,34.98476258999282,0.0,1.0,yahoo,2023-12-13 16:42:28
2013-10-14,XRT,40.42499923706055,41.06999969482422,40.42499923706055,41.025001525878906,4507600,35.113148345858505,0.0,1.0,yahoo,2023-12-13 16:42:28
2013-10-15,XRT,40.869998931884766,41.04499816894531,40.56499862670898,40.66999816894531,7413000,34.809302274642064,0.0,1.0,yahoo,2023-12-13 16:42:28
2013-10-16,XRT,40.85499954223633,41.380001068115234,40.85499954223633,41.36000061035156,9950000,35.39987283364177,0.0,1.0,yahoo,2023-12-13 16:42:28
2013-10-17,XRT,41.290000915527344,41.54999923706055,41.1349983215332,41.53499984741211,6843600,35.549654038828145,0.0,1.0,yahoo,2023-12-13 16:42:28
2013-10-18,XRT,41.75,41.959999084472656,41.584999084472656,41.92499923706055,6334200,35.883453086096466,0.0,1.0,yahoo,2023-12-13 16:42:28
2013-10-21,XRT,41.845001220703125,41.97499847412109,41.720001220703125,41.900001525878906,3397200,35.86205763677579,0.0,1.0,yahoo,2023-12-13 16:42:28
2013-10-22,XRT,42.040000915527344,42.31499862670898,41.69499969482422,41.80500030517578,6081000,35.780746440395156,0.0,1.0,yahoo,2023-12-13 16:42:28
2013-10-23,XRT,41.7400016784668,41.80500030517578,41.39500045776367,41.70500183105469,3328400,35.69515811314162,0.0,1.0,yahoo,2023-12-13 16:42:28
2013-10-24,XRT,41.65499877929688,41.95500183105469,41.43999862670898,41.93999862670898,4862400,35.89629100868595,0.0,1.0,yahoo,2023-12-13 16:42:28
2013-10-25,XRT,41.90499877929688,42.07500076293945,41.76499938964844,41.97999954223633,3930600,35.93052764558153,0.0,1.0,yahoo,2023-12-13 16:42:28
2013-10-28,XRT,42.400001525878906,42.400001525878906,41.85499954223633,42.01499938964844,3991600,35.9604838866188,0.0,1.0,yahoo,2023-12-13 16:42:28
2013-10-29,XRT,42.244998931884766,42.334999084472656,42.0,42.31499862670898,3002200,36.21725213336479,0.0,1.0,yahoo,2023-12-13 16:42:28
2013-10-30,XRT,42.380001068115234,42.52000045776367,41.775001525878906,42.025001525878906,4458200,35.9690446783354,0.0,1.0,yahoo,2023-12-13 16:42:28
2013-10-31,XRT,42.0,42.32500076293945,41.85499954223633,42.084999084472656,4942000,36.020396368693355,0.0,1.0,yahoo,2023-12-13 16:42:28
2013-11-01,XRT,42.185001373291016,42.36000061035156,41.94499969482422,42.275001525878906,3068000,36.18301876145462,0.0,1.0,yahoo,2023-12-13 16:42:28
2013-11-04,XRT,42.47499847412109,42.67499923706055,42.369998931884766,42.63999938964844,4989600,36.49541909441686,0.0,1.0,yahoo,2023-12-13 16:42:28
2013-11-05,XRT,42.685001373291016,42.810001373291016,42.18000030517578,42.69499969482422,4515000,36.54249365390192,0.0,1.0,yahoo,2023-12-13 16:42:28
2013-11-06,XRT,42.77000045776367,42.81499862670898,42.23500061035156,42.34999847412109,5513200,36.247208374402064,0.0,1.0,yahoo,2023-12-13 16:42:28
2013-11-07,XRT,42.43999862670898,42.650001525878906,41.79499816894531,41.84000015258789,11516800,35.81070268143243,0.0,1.0,yahoo,2023-12-13 16:42:28
2013-11-08,XRT,41.970001220703125,42.435001373291016,41.81499862670898,42.435001373291016,6906800,36.31996204405151,0.0,1.0,yahoo,2023-12-13 16:42:28
2013-11-11,XRT,42.32500076293945,42.90499877929688,42.32500076293945,42.86000061035156,3913200,36.683717332357105,0.0,1.0,yahoo,2023-12-13 16:42:28
2013-11-12,XRT,42.82500076293945,43.13999938964844,42.755001068115234,43.09000015258789,8944400,36.88057309702854,0.0,1.0,yahoo,2023-12-13 16:42:28
2013-11-13,XRT,43.0,43.685001373291016,43.0,43.65499877929688,12298800,37.364153349483246,0.0,1.0,yahoo,2023-12-13 16:42:28
2013-11-14,XRT,43.52000045776367,43.79499816894531,43.375,43.744998931884766,7271600,37.441184150005576,0.0,1.0,yahoo,2023-12-13 16:42:28
2013-11-15,XRT,43.94499969482422,44.040000915527344,43.650001525878906,44.01499938964844,5412400,37.67227655157258,0.0,1.0,yahoo,2023-12-13 16:42:28
2013-11-18,XRT,44.20000076293945,44.20000076293945,43.584999084472656,43.744998931884766,11233000,37.441184150005576,0.0,1.0,yahoo,2023-12-13 16:42:28
2013-11-19,XRT,43.7400016784668,44.06999969482422,43.34000015258789,43.41999816894531,11396600,37.1630171889535,0.0,1.0,yahoo,2023-12-13 16:42:28
2013-11-20,XRT,43.54999923706055,43.79999923706055,43.27000045776367,43.435001373291016,9059400,37.175858376528396,0.0,1.0,yahoo,2023-12-13 16:42:28
2013-11-21,XRT,43.36000061035156,43.8849983215332,43.26499938964844,43.775001525878906,5171800,37.46686326016995,0.0,1.0,yahoo,2023-12-13 16:42:28
2013-11-22,XRT,43.790000915527344,43.790000915527344,43.5099983215332,43.73500061035156,4956200,37.43262662327438,0.0,1.0,yahoo,2023-12-13 16:42:28
2013-11-25,XRT,43.88999938964844,43.95500183105469,43.7599983215332,43.82500076293945,4980600,37.50965742379672,0.0,1.0,yahoo,2023-12-13 16:42:28
2013-11-26,XRT,43.875,44.23500061035156,43.875,44.04499816894531,2813000,37.69795239675156,0.0,1.0,yahoo,2023-12-13 16:42:28
2013-11-27,XRT,44.31999969482422,44.41999816894531,44.07500076293945,44.27000045776367,2347000,37.8905310305501,0.0,1.0,yahoo,2023-12-13 16:42:28
2013-11-29,XRT,44.39500045776367,44.47499847412109,44.19499969482422,44.22999954223633,3432600,37.85629439365453,0.0,1.0,yahoo,2023-12-13 16:42:28
2013-12-02,XRT,44.22999954223633,44.32500076293945,43.83000183105469,43.935001373291016,8616000,37.60380654276684,0.0,1.0,yahoo,2023-12-13 16:42:28
2013-12-03,XRT,43.85499954223633,43.97499847412109,43.65499877929688,43.900001525878906,4717600,37.573850301729564,0.0,1.0,yahoo,2023-12-13 16:42:28
2013-12-04,XRT,43.650001525878906,43.900001525878906,43.150001525878906,43.5099983215332,11526600,37.24004798947584,0.0,1.0,yahoo,2023-12-13 16:42:28
2013-12-05,XRT,43.30500030517578,43.65999984741211,43.30500030517578,43.375,12833400,37.12450342118504,0.0,1.0,yahoo,2023-12-13 16:42:28
2013-12-06,XRT,43.65499877929688,43.66999816894531,43.09000015258789,43.125,7874600,36.910529338065814,0.0,1.0,yahoo,2023-12-13 16:42:28
2013-12-09,XRT,43.25,43.40499877929688,43.08000183105469,43.19499969482422,3963600,36.970441820140366,0.0,1.0,yahoo,2023-12-13 16:42:28
2013-12-10,XRT,43.005001068115234,43.27999877929688,42.959999084472656,43.0099983215332,3526800,36.812099823237396,0.0,1.0,yahoo,2023-12-13 16:42:28
2013-12-11,XRT,42.95000076293945,43.209999084472656,42.709999084472656,42.72999954223633,5858400,36.5724498949392,0.0,1.0,yahoo,2023-12-13 16:42:28
2013-12-12,XRT,42.80500030517578,42.869998931884766,42.54999923706055,42.65999984741211,6095200,36.512537412864646,0.0,1.0,yahoo,2023-12-13 16:42:28
2013-12-13,XRT,42.959999084472656,42.959999084472656,42.56999969482422,42.720001220703125,4819400,36.563892368208,0.0,1.0,yahoo,2023-12-13 16:42:28
2013-12-16,XRT,42.81499862670898,43.084999084472656,42.775001525878906,42.90499877929688,4182800,36.722231100125576,0.0,1.0,yahoo,2023-12-13 16:42:28
2013-12-17,XRT,42.8650016784668,43.01499938964844,42.665000915527344,42.720001220703125,4139800,36.563892368208,0.0,1.0,yahoo,2023-12-13 16:42:28
2013-12-18,XRT,42.86000061035156,43.46500015258789,42.459999084472656,43.45000076293945,18286200,37.188696299117886,0.0,1.0,yahoo,2023-12-13 16:42:28
2013-12-19,XRT,43.29999923706055,43.435001373291016,43.11000061035156,43.22499847412109,8966200,36.99611766531934,0.0,1.0,yahoo,2023-12-13 16:42:28
2013-12-20,XRT,43.08000183105469,43.665000915527344,43.0,43.56999969482422,11726400,37.354488607389484,0.073,1.0,yahoo,2023-12-13 16:42:28
2013-12-23,XRT,43.650001525878906,43.90999984741211,43.59000015258789,43.77000045776367,4265600,37.52595811101627,0.0,1.0,yahoo,2023-12-13 16:42:28
2013-12-24,XRT,43.70500183105469,43.97999954223633,43.70500183105469,43.85499954223633,2495600,37.598831587142314,0.0,1.0,yahoo,2023-12-13 16:42:28
2013-12-26,XRT,43.9900016784668,44.18999862670898,43.93999862670898,44.10499954223633,1775600,37.813167649048616,0.0,1.0,yahoo,2023-12-13 16:42:28
2013-12-27,XRT,44.20500183105469,44.21500015258789,43.76499938964844,43.78499984741211,5772200,37.53881775144925,0.0,1.0,yahoo,2023-12-13 16:42:28
2013-12-30,XRT,43.86000061035156,44.125,43.685001373291016,44.005001068115234,3488200,37.727434532489596,0.0,1.0,yahoo,2023-12-13 16:42:28
2013-12-31,XRT,44.04999923706055,44.209999084472656,43.93999862670898,44.04999923706055,3501600,37.76601345378853,0.0,1.0,yahoo,2023-12-13 16:42:28
2014-01-02,XRT,43.959999084472656,44.130001068115234,43.64500045776367,43.720001220703125,3496000,37.48309155273677,0.0,1.0,yahoo,2023-12-13 16:42:28
2014-01-03,XRT,43.68999862670898,43.95500183105469,43.64500045776367,43.79999923706055,4769600,37.55167739188223,0.0,1.0,yahoo,2023-12-13 16:42:28
2014-01-06,XRT,43.75,43.92499923706055,43.334999084472656,43.380001068115234,5658200,37.191594377723845,0.0,1.0,yahoo,2023-12-13 16:42:28
2014-01-07,XRT,43.53499984741211,43.70500183105469,43.2599983215332,43.45000076293945,7025200,37.25160821341691,0.0,1.0,yahoo,2023-12-13 16:42:28
2014-01-08,XRT,43.40499877929688,43.45000076293945,43.084999084472656,43.244998931884766,5277200,37.07585107280954,0.0,1.0,yahoo,2023-12-13 16:42:28
2014-01-09,XRT,43.34000015258789,43.34000015258789,42.65499877929688,42.90499877929688,7345000,36.78435389779663,0.0,1.0,yahoo,2023-12-13 16:42:28
2014-01-10,XRT,42.90999984741211,43.03499984741211,42.64500045776367,42.91999816894531,6073200,36.7972135382296,0.0,1.0,yahoo,2023-12-13 16:42:28
2014-01-13,XRT,42.72499847412109,42.75,41.61000061035156,41.68000030517578,14965600,35.73410850265925,0.0,1.0,yahoo,2023-12-13 16:42:28
2014-01-14,XRT,41.93999862670898,42.2400016784668,41.6349983215332,42.15499877929688,7893800,36.14134571207772,0.0,1.0,yahoo,2023-12-13 16:42:28
2014-01-15,XRT,42.17499923706055,42.29999923706055,41.93000030517578,42.0099983215332,4073600,36.01703040371101,0.0,1.0,yahoo,2023-12-13 16:42:28
2014-01-16,XRT,41.685001373291016,41.82500076293945,41.459999084472656,41.67499923706055,12881600,35.72982086567867,0.0,1.0,yahoo,2023-12-13 16:42:28
2014-01-17,XRT,41.67499923706055,41.7400016784668,41.415000915527344,41.48500061035156,6547200,35.56692663601303,0.0,1.0,yahoo,2023-12-13 16:42:28
2014-01-21,XRT,41.91999816894531,41.91999816894531,41.220001220703125,41.40499877929688,6222200,35.49833752635882,0.0,1.0,yahoo,2023-12-13 16:42:28
2014-01-22,XRT,41.42499923706055,41.525001525878906,41.290000915527344,41.459999084472656,4637200,35.545491721618895,0.0,1.0,yahoo,2023-12-13 16:42:28
2014-01-23,XRT,41.25,41.334999084472656,40.95500183105469,41.19499969482422,4544200,35.31829601927962,0.0,1.0,yahoo,2023-12-13 16:42:28
2014-01-24,XRT,40.875,40.98500061035156,40.47499847412109,40.47499847412109,7971200,34.701007114426666,0.0,1.0,yahoo,2023-12-13 16:42:28
2014-01-27,XRT,40.43000030517578,40.75,39.91999816894531,40.380001068115234,11266600,34.61956163484823,0.0,1.0,yahoo,2023-12-13 16:42:28
2014-01-28,XRT,40.18999862670898,40.709999084472656,40.18999862670898,40.44499969482422,6044600,34.675287833560716,0.0,1.0,yahoo,2023-12-13 16:42:28
2014-01-29,XRT,39.834999084472656,40.345001220703125,39.7599983215332,39.775001525878906,6696400,34.10086875749603,0.0,1.0,yahoo,2023-12-13 16:42:28
2014-01-30,XRT,40.0099983215332,40.31499862670898,39.93999862670898,40.10499954223633,7477400,34.383790658547795,0.0,1.0,yahoo,2023-12-13 16:42:28
2014-01-31,XRT,39.6150016784668,40.165000915527344,39.525001525878906,39.92499923706055,6068000,34.229468432334556,0.0,1.0,yahoo,2023-12-13 16:42:28
2014-02-03,XRT,39.81999969482422,39.92499923706055,38.6349983215332,38.73500061035156,10714600,33.20922995504372,0.0,1.0,yahoo,2023-12-13 16:42:28
2014-02-04,XRT,39.040000915527344,39.2599983215332,38.775001525878906,38.935001373291016,7714200,33.380699458670506,0.0,1.0,yahoo,2023-12-13 16:42:28
2014-02-05,XRT,38.869998931884766,39.13999938964844,38.400001525878906,39.060001373291016,8930000,33.48786748962366,0.0,1.0,yahoo,2023-12-13 16:42:28
2014-02-06,XRT,39.22999954223633,40.005001068115234,39.22999954223633,40.0,14212400,34.2937699050082,0.0,1.0,yahoo,2023-12-13 16:42:28
2014-02-07,XRT,40.16999816894531,40.584999084472656,40.07500076293945,40.369998931884766,8937400,34.610986360887075,0.0,1.0,yahoo,2023-12-13 16:42:28
2014-02-10,XRT,40.275001525878906,40.375,39.97499847412109,40.29499816894531,6866200,34.546684888213434,0.0,1.0,yahoo,2023-12-13 16:42:28
2014-02-11,XRT,40.41999816894531,40.720001220703125,40.290000915527344,40.57500076293945,5959000,34.78674350149444,0.0,1.0,yahoo,2023-12-13 16:42:28
2014-02-12,XRT,40.72499847412109,40.875,40.375,40.52000045776367,6355800,34.73958930623436,0.0,1.0,yahoo,2023-12-13 16:42:28
2014-02-13,XRT,40.150001525878906,40.775001525878906,40.095001220703125,40.720001220703125,5590800,34.91105880986115,0.0,1.0,yahoo,2023-12-13 16:42:28
2014-02-14,XRT,40.52999877929688,40.68999862670898,40.33000183105469,40.61000061035156,5626400,34.81675041934098,0.0,1.0,yahoo,2023-12-13 16:42:28
2014-02-18,XRT,40.685001373291016,40.90499877929688,40.43999862670898,40.8650016784668,6382600,35.03537411822786,0.0,1.0,yahoo,2023-12-13 16:42:28
2014-02-19,XRT,40.959999084472656,41.3650016784668,40.959999084472656,41.02000045776367,7510000,35.16826143004696,0.0,1.0,yahoo,2023-12-13 16:42:28
2014-02-20,XRT,41.1349983215332,41.18999862670898,40.900001525878906,41.005001068115234,7103600,35.15540178961398,0.0,1.0,yahoo,2023-12-13 16:42:28
2014-02-21,XRT,41.084999084472656,41.27000045776367,40.98500061035156,41.13999938964844,7778600,35.27114182401953,0.0,1.0,yahoo,2023-12-13 16:42:28
2014-02-24,XRT,41.04999923706055,41.54999923706055,41.04999923706055,41.290000915527344,4188800,35.39974476936682,0.0,1.0,yahoo,2023-12-13 16:42:28
2014-02-25,XRT,41.20500183105469,41.88999938964844,41.20500183105469,41.81999969482422,7330400,35.85413617404537,0.0,1.0,yahoo,2023-12-13 16:42:28
2014-02-26,XRT,42.02000045776367,42.79499816894531,42.02000045776367,42.60499954223633,12943600,36.527151277610805,0.0,1.0,yahoo,2023-12-13 16:42:28
2014-02-27,XRT,42.54499816894531,42.970001220703125,42.525001525878906,42.869998931884766,8251400,36.754346979950085,0.0,1.0,yahoo,2023-12-13 16:42:28
2014-02-28,XRT,42.84000015258789,43.09000015258789,42.55500030517578,42.81499862670898,10157400,36.707192784689994,0.0,1.0,yahoo,2023-12-13 16:42:28
2014-03-03,XRT,42.43000030517578,42.845001220703125,42.27999877929688,42.65999984741211,7865200,36.5743054728709,0.0,1.0,yahoo,2023-12-13 16:42:28
2014-03-04,XRT,43.040000915527344,43.494998931884766,43.025001525878906,43.41999816894531,7068600,37.225885662042195,0.0,1.0,yahoo,2023-12-13 16:42:28
2014-03-05,XRT,43.32500076293945,43.45000076293945,43.13999938964844,43.26499938964844,4813800,37.09299835022309,0.0,1.0,yahoo,2023-12-13 16:42:28
2014-03-06,XRT,43.10499954223633,43.35499954223633,42.90999984741211,43.19499969482422,7200400,37.03298451453003,0.0,1.0,yahoo,2023-12-13 16:42:28
2014-03-07,XRT,43.44499969482422,43.76499938964844,43.33000183105469,43.54499816894531,4455400,37.33305369299535,0.0,1.0,yahoo,2023-12-13 16:42:28
2014-03-10,XRT,43.69499969482422,43.69499969482422,43.22999954223633,43.57500076293945,3636400,37.35877624437006,0.0,1.0,yahoo,2023-12-13 16:42:28
2014-03-11,XRT,43.5099983215332,43.619998931884766,43.20500183105469,43.310001373291016,5072600,37.13158054203078,0.0,1.0,yahoo,2023-12-13 16:42:28
2014-03-12,XRT,43.33000183105469,43.33000183105469,42.93000030517578,43.29999923706055,5210800,37.123005268069626,0.0,1.0,yahoo,2023-12-13 16:42:28
2014-03-13,XRT,43.345001220703125,43.55500030517578,42.685001373291016,42.790000915527344,5986400,36.68576114080462,0.0,1.0,yahoo,2023-12-13 16:42:28
2014-03-14,XRT,43.02000045776367,43.1349983215332,42.595001220703125,42.86000061035156,6385000,36.745774976497685,0.0,1.0,yahoo,2023-12-13 16:42:28
2014-03-17,XRT,43.209999084472656,43.30500030517578,42.9900016784668,43.130001068115234,3436200,36.977258315817544,0.0,1.0,yahoo,2023-12-13 16:42:28
2014-03-18,XRT,43.18000030517578,43.42499923706055,43.025001525878906,43.334999084472656,3905000,37.153012185916154,0.0,1.0,yahoo,2023-12-13 16:42:28
2014-03-19,XRT,43.33000183105469,43.334999084472656,42.775001525878906,43.060001373291016,3337200,36.91724448012448,0.0,1.0,yahoo,2023-12-13 16:42:28
2014-03-20,XRT,42.93000030517578,43.130001068115234,42.84000015258789,43.02999877929688,3610000,36.891521928749775,0.0,1.0,yahoo,2023-12-13 16:42:28
2014-03-21,XRT,43.29999923706055,43.494998931884766,42.994998931884766,43.01499938964844,7965600,36.93703361895455,0.068,1.0,yahoo,2023-12-13 16:42:28
2014-03-24,XRT,43.220001220703125,43.220001220703125,42.31999969482422,42.59000015258789,3823400,36.57208624408342,0.0,1.0,yahoo,2023-12-13 16:42:28
2014-03-25,XRT,42.625,42.875,42.0,42.150001525878906,9297800,36.19425887461577,0.0,1.0,yahoo,2023-12-13 16:42:28
2014-03-26,XRT,42.3650016784668,42.4900016784668,41.64500045776367,41.66999816894531,12511400,35.78207939341522,0.0,1.0,yahoo,2023-12-13 16:42:28
2014-03-27,XRT,41.619998931884766,41.83000183105469,41.345001220703125,41.55500030517578,11684200,35.683330584385004,0.0,1.0,yahoo,2023-12-13 16:42:28
2014-03-28,XRT,41.59000015258789,42.220001220703125,41.505001068115234,41.91999816894531,6720200,35.99675470518474,0.0,1.0,yahoo,2023-12-13 16:42:28
2014-03-31,XRT,42.06999969482422,42.27000045776367,42.02000045776367,42.125,11003000,36.172790033164695,0.0,1.0,yahoo,2023-12-13 16:42:28
2014-04-01,XRT,42.18999862670898,42.790000915527344,42.165000915527344,42.75,6068400,36.70947831258851,0.0,1.0,yahoo,2023-12-13 16:42:28
2014-04-02,XRT,42.709999084472656,43.42499923706055,42.709999084472656,43.369998931884766,6848200,37.24187216858504,0.0,1.0,yahoo,2023-12-13 16:42:28
2014-04-03,XRT,43.3650016784668,43.584999084472656,42.9900016784668,43.244998931884766,9486200,37.13453451270028,0.0,1.0,yahoo,2023-12-13 16:42:28
2014-04-04,XRT,43.34999847412109,43.560001373291016,42.34000015258789,42.45000076293945,5277800,36.451868593602136,0.0,1.0,yahoo,2023-12-13 16:42:28
2014-04-07,XRT,42.40999984741211,42.47499847412109,41.2599983215332,41.505001068115234,6828000,35.640396177168164,0.0,1.0,yahoo,2023-12-13 16:42:28
2014-04-08,XRT,41.67499923706055,42.01499938964844,41.380001068115234,41.94499969482422,4781200,36.01822354663582,0.0,1.0,yahoo,2023-12-13 16:42:28
2014-04-09,XRT,42.09999847412109,42.310001373291016,41.75,42.310001373291016,3917800,36.33165094312085,0.0,1.0,yahoo,2023-12-13 16:42:28
2014-04-10,XRT,42.209999084472656,42.369998931884766,41.1150016784668,41.1349983215332,7591000,35.322674357255856,0.0,1.0,yahoo,2023-12-13 16:42:28
2014-04-11,XRT,40.70000076293945,41.084999084472656,40.375,40.55500030517578,9262000,34.82462933730692,0.0,1.0,yahoo,2023-12-13 16:42:28
2014-04-14,XRT,40.80500030517578,41.11000061035156,40.43000030517578,40.755001068115234,4704600,34.996370241859594,0.0,1.0,yahoo,2023-12-13 16:42:28
2014-04-15,XRT,40.709999084472656,41.119998931884766,40.09000015258789,40.78499984741211,8080400,35.02213023105264,0.0,1.0,yahoo,2023-12-13 16:42:28
2014-04-16,XRT,41.1150016784668,41.255001068115234,40.76499938964844,41.0,8622800,35.206751130201845,0.0,1.0,yahoo,2023-12-13 16:42:28
2014-04-17,XRT,41.04499816894531,41.11000061035156,40.775001525878906,40.96500015258789,9672600,35.17669671758152,0.0,1.0,yahoo,2023-12-13 16:42:28
2014-04-21,XRT,41.0099983215332,41.18999862670898,40.880001068115234,41.084999084472656,3451000,35.27973995003901,0.0,1.0,yahoo,2023-12-13 16:42:28
2014-04-22,XRT,40.85499954223633,41.77000045776367,40.85499954223633,41.595001220703125,4207400,35.7176794204326,0.0,1.0,yahoo,2023-12-13 16:42:28
2014-04-23,XRT,41.54999923706055,41.869998931884766,41.43000030517578,41.56999969482422,2479600,35.69621057898153,0.0,1.0,yahoo,2023-12-13 16:42:28
2014-04-24,XRT,41.75,41.83000183105469,41.290000915527344,41.650001525878906,3572200,35.764908251076726,0.0,1.0,yahoo,2023-12-13 16:42:28
2014-04-25,XRT,41.3650016784668,41.56499862670898,41.025001525878906,41.1349983215332,3652200,35.322674357255856,0.0,1.0,yahoo,2023-12-13 16:42:28
2014-04-28,XRT,41.2400016784668,41.92499923706055,40.96500015258789,41.53499984741211,7410600,35.66615616636121,0.0,1.0,yahoo,2023-12-13 16:42:28
2014-04-29,XRT,41.51499938964844,41.83000183105469,41.46500015258789,41.709999084472656,6018000,35.816428229462815,0.0,1.0,yahoo,2023-12-13 16:42:28
2014-04-30,XRT,41.64500045776367,41.775001525878906,41.29999923706055,41.7599983215332,4337000,35.85936263667966,0.0,1.0,yahoo,2023-12-13 16:42:28
2014-05-01,XRT,41.720001220703125,42.09000015258789,41.619998931884766,41.77999877929688,5008200,35.87653705470346,0.0,1.0,yahoo,2023-12-13 16:42:28
2014-05-02,XRT,41.94499969482422,42.41999816894531,41.71500015258789,41.9900016784668,3842400,36.05686680611068,0.0,1.0,yahoo,2023-12-13 16:42:28
2014-05-05,XRT,41.935001373291016,41.96500015258789,41.47999954223633,41.80500030517578,3317800,35.89800589615453,0.0,1.0,yahoo,2023-12-13 16:42:28
2014-05-06,XRT,41.709999084472656,41.77000045776367,41.07500076293945,41.095001220703125,6092600,35.28832879689356,0.0,1.0,yahoo,2023-12-13 16:42:28
2014-05-07,XRT,40.98500061035156,41.02999877929688,40.31499862670898,40.665000915527344,5270200,34.919086998595155,0.0,1.0,yahoo,2023-12-13 16:42:28
2014-05-08,XRT,40.7400016784668,41.68000030517578,40.72999954223633,40.900001525878906,8419800,35.12088231576815,0.0,1.0,yahoo,2023-12-13 16:42:28
2014-05-09,XRT,41.11000061035156,41.6349983215332,40.875,41.630001068115234,5340600,35.747733833052926,0.0,1.0,yahoo,2023-12-13 16:42:28
2014-05-12,XRT,41.7400016784668,42.4900016784668,41.57500076293945,42.43999862670898,4840400,36.443279746747585,0.0,1.0,yahoo,2023-12-13 16:42:28
2014-05-13,XRT,42.43999862670898,42.6150016784668,42.185001373291016,42.255001068115234,3081400,36.28442211247673,0.0,1.0,yahoo,2023-12-13 16:42:28
2014-05-14,XRT,42.220001220703125,42.28499984741211,41.6349983215332,41.67499923706055,4680400,35.78637381684249,0.0,1.0,yahoo,2023-12-13 16:42:28
2014-05-15,XRT,41.45500183105469,41.52999877929688,40.790000915527344,41.185001373291016,5508200,35.365612040158,0.0,1.0,yahoo,2023-12-13 16:42:28
2014-05-16,XRT,41.43000030517578,41.790000915527344,41.25,41.78499984741211,4010400,35.88083147813073,0.0,1.0,yahoo,2023-12-13 16:42:28
2014-05-19,XRT,41.685001373291016,41.97999954223633,41.6150016784668,41.95000076293945,1572000,36.02251797006309,0.0,1.0,yahoo,2023-12-13 16:42:28
2014-05-20,XRT,41.584999084472656,41.61000061035156,40.790000915527344,40.915000915527344,5394600,35.13376231036467,0.0,1.0,yahoo,2023-12-13 16:42:28
2014-05-21,XRT,41.03499984741211,41.29999923706055,40.630001068115234,40.994998931884766,5750600,35.20245670677457,0.0,1.0,yahoo,2023-12-13 16:42:28
2014-05-22,XRT,41.06499862670898,41.59000015258789,40.935001373291016,41.435001373291016,4268200,35.58028735192752,0.0,1.0,yahoo,2023-12-13 16:42:28
2014-05-23,XRT,41.29999923706055,41.68999862670898,41.28499984741211,41.6150016784668,1910800,35.7348538384564,0.0,1.0,yahoo,2023-12-13 16:42:28
2014-05-27,XRT,41.78499984741211,42.02999877929688,41.78499984741211,41.84999847412109,5641000,35.936645879944095,0.0,1.0,yahoo,2023-12-13 16:42:28
2014-05-28,XRT,41.6150016784668,41.7400016784668,41.345001220703125,41.46500015258789,3136400,35.606047341120565,0.0,1.0,yahoo,2023-12-13 16:42:28
2014-05-29,XRT,41.51499938964844,41.72999954223633,41.35499954223633,41.720001220703125,1598600,35.825017076317366,0.0,1.0,yahoo,2023-12-13 16:42:28
2014-05-30,XRT,41.70000076293945,41.9900016784668,41.69499969482422,41.88999938964844,6878400,35.970994715991694,0.0,1.0,yahoo,2023-12-13 16:42:28
2014-06-02,XRT,42.01499938964844,42.040000915527344,41.58000183105469,41.77999877929688,2712400,35.87653705470346,0.0,1.0,yahoo,2023-12-13 16:42:28
2014-06-03,XRT,41.625,41.97999954223633,41.540000915527344,41.900001525878906,2189600,35.979583562846244,0.0,1.0,yahoo,2023-12-13 16:42:28
2014-06-04,XRT,41.65499877929688,42.29499816894531,41.65499877929688,42.220001220703125,2139200,36.25436769985641,0.0,1.0,yahoo,2023-12-13 16:42:28
2014-06-05,XRT,42.29999923706055,42.59000015258789,41.81999969482422,42.5,4481600,36.49480300081898,0.0,1.0,yahoo,2023-12-13 16:42:28
2014-06-06,XRT,42.59000015258789,43.0,42.58000183105469,42.75,2431400,36.70947831258851,0.0,1.0,yahoo,2023-12-13 16:42:28
2014-06-09,XRT,42.96500015258789,43.21500015258789,42.78499984741211,42.875,1808800,36.816815968473264,0.0,1.0,yahoo,2023-12-13 16:42:28
2014-06-10,XRT,42.76499938964844,42.96500015258789,42.72999954223633,42.85499954223633,1272000,36.79964155044947,0.0,1.0,yahoo,2023-12-13 16:42:28
2014-06-11,XRT,42.755001068115234,42.84999847412109,42.58000183105469,42.77999877929688,2869600,36.73523830178156,0.0,1.0,yahoo,2023-12-13 16:42:28
2014-06-12,XRT,42.45000076293945,42.665000915527344,42.10499954223633,42.20500183105469,4144800,36.241487705259885,0.0,1.0,yahoo,2023-12-13 16:42:28
2014-06-13,XRT,42.29499816894531,42.5,42.095001220703125,42.435001373291016,7386400,36.43898859900561,0.0,1.0,yahoo,2023-12-13 16:42:28
2014-06-16,XRT,42.435001373291016,42.80500030517578,42.35499954223633,42.77000045776367,3750000,36.7266527306123,0.0,1.0,yahoo,2023-12-13 16:42:28
2014-06-17,XRT,42.775001525878906,43.209999084472656,42.76499938964844,43.13999938964844,6153200,37.044371274839314,0.0,1.0,yahoo,2023-12-13 16:42:28
2014-06-18,XRT,43.15499877929688,43.459999084472656,43.08000183105469,43.42499923706055,2873400,37.289100999229156,0.0,1.0,yahoo,2023-12-13 16:42:28
2014-06-19,XRT,43.380001068115234,43.65999984741211,43.18000030517578,43.22499847412109,2837800,37.11736009467648,0.0,1.0,yahoo,2023-12-13 16:42:28
2014-06-20,XRT,43.45500183105469,43.45500183105469,43.0,43.1150016784668,3053200,37.124251268456284,0.118,1.0,yahoo,2023-12-13 16:42:28
2014-06-23,XRT,43.18000030517578,43.27000045776367,43.060001373291016,43.165000915527344,2980000,37.16730320322622,0.0,1.0,yahoo,2023-12-13 16:42:28
2014-06-24,XRT,43.1349983215332,43.38999938964844,42.83000183105469,42.8650016784668,2938400,36.908988309954545,0.0,1.0,yahoo,2023-12-13 16:42:28
2014-06-25,XRT,42.84999847412109,43.14500045776367,42.80500030517578,43.060001373291016,2254000,37.07689315481374,0.0,1.0,yahoo,2023-12-13 16:42:28
2014-06-26,XRT,43.060001373291016,43.125,42.66999816894531,43.03499984741211,1917600,37.05536554510273,0.0,1.0,yahoo,2023-12-13 16:42:28
2014-06-27,XRT,43.03499984741211,43.290000915527344,42.8650016784668,43.275001525878906,2561400,37.26201943051131,0.0,1.0,yahoo,2023-12-13 16:42:28
2014-06-30,XRT,43.5,43.5,43.084999084472656,43.400001525878906,2588400,37.36965090976218,0.0,1.0,yahoo,2023-12-13 16:42:28
2014-07-01,XRT,43.470001220703125,43.900001525878906,43.44499969482422,43.73500061035156,2783400,37.65810248583801,0.0,1.0,yahoo,2023-12-13 16:42:28
2014-07-02,XRT,43.775001525878906,44.084999084472656,43.72999954223633,43.75,1658000,37.67101773780378,0.0,1.0,yahoo,2023-12-13 16:42:28
2014-07-03,XRT,44.09999847412109,44.3650016784668,43.9900016784668,44.32500076293945,2052800,38.16612319928819,0.0,1.0,yahoo,2023-12-13 16:42:28
2014-07-07,XRT,44.22999954223633,44.31999969482422,43.79499816894531,43.81499862670898,2015400,37.72698492453948,0.0,1.0,yahoo,2023-12-13 16:42:28
2014-07-08,XRT,43.76499938964844,43.81999969482422,43.25,43.3650016784668,6532000,37.339514226958016,0.0,1.0,yahoo,2023-12-13 16:42:28
2014-07-09,XRT,43.459999084472656,43.709999084472656,43.45000076293945,43.67499923706055,3649000,37.606438193322845,0.0,1.0,yahoo,2023-12-13 16:42:28
2014-07-10,XRT,43.15999984741211,43.39500045776367,42.85499954223633,43.13999938964844,6719200,37.14577559351521,0.0,1.0,yahoo,2023-12-13 16:42:28
2014-07-11,XRT,43.09000015258789,43.09000015258789,42.68000030517578,42.90499877929688,4855600,36.94342788697925,0.0,1.0,yahoo,2023-12-13 16:42:28
2014-07-14,XRT,43.09999847412109,43.15499877929688,42.810001373291016,42.88999938964844,3509800,36.93051263501348,0.0,1.0,yahoo,2023-12-13 16:42:28
2014-07-15,XRT,42.90499877929688,43.04999923706055,42.470001220703125,42.619998931884766,6218200,36.69802824567335,0.0,1.0,yahoo,2023-12-13 16:42:28
2014-07-16,XRT,42.79499816894531,42.875,42.31999969482422,42.46500015258789,9197800,36.56456626249094,0.0,1.0,yahoo,2023-12-13 16:42:28
2014-07-17,XRT,42.22999954223633,42.41999816894531,41.89500045776367,41.935001373291016,5812200,36.108209841555926,0.0,1.0,yahoo,2023-12-13 16:42:28
2014-07-18,XRT,42.03499984741211,42.720001220703125,41.8849983215332,42.685001373291016,11606000,36.75399871706113,0.0,1.0,yahoo,2023-12-13 16:42:28
2014-07-21,XRT,42.505001068115234,42.59000015258789,42.23500061035156,42.380001068115234,5977600,36.491377644916845,0.0,1.0,yahoo,2023-12-13 16:42:28
2014-07-22,XRT,42.54999923706055,42.59000015258789,42.275001525878906,42.275001525878906,5211800,36.400967596504366,0.0,1.0,yahoo,2023-12-13 16:42:28
2014-07-23,XRT,42.14500045776367,42.525001525878906,42.14500045776367,42.38999938964844,3950400,36.49998671801001,0.0,1.0,yahoo,2023-12-13 16:42:28
2014-07-24,XRT,42.415000915527344,42.79499816894531,42.415000915527344,42.665000915527344,4913000,36.73677728622275,0.0,1.0,yahoo,2023-12-13 16:42:28
2014-07-25,XRT,42.494998931884766,42.57500076293945,42.14500045776367,42.165000915527344,3478400,36.306251369219275,0.0,1.0,yahoo,2023-12-13 16:42:28
2014-07-28,XRT,42.26499938964844,42.34000015258789,41.95500183105469,42.119998931884766,3560200,36.26750232866988,0.0,1.0,yahoo,2023-12-13 16:42:28
2014-07-29,XRT,42.16999816894531,42.40999984741211,42.09000015258789,42.119998931884766,2472000,36.26750232866988,0.0,1.0,yahoo,2023-12-13 16:42:28
2014-07-30,XRT,42.29999923706055,42.60499954223633,42.18999862670898,42.53499984741211,4797400,36.62483962809926,0.0,1.0,yahoo,2023-12-13 16:42:28
2014-07-31,XRT,42.34000015258789,42.41999816894531,41.84999847412109,41.92499923706055,5409400,36.09959748381069,0.0,1.0,yahoo,2023-12-13 16:42:28
2014-08-01,XRT,41.78499984741211,42.16999816894531,41.52000045776367,41.81999969482422,3648400,36.00918743539821,0.0,1.0,yahoo,2023-12-13 16:42:28
2014-08-04,XRT,41.98500061035156,42.38999938964844,41.8650016784668,42.28499984741211,2601800,36.40957666959752,0.0,1.0,yahoo,2023-12-13 16:42:28
2014-08-05,XRT,42.0,42.525001525878906,41.834999084472656,42.1349983215332,3861000,36.28041758063565,0.0,1.0,yahoo,2023-12-13 16:42:28
2014-08-06,XRT,41.84999847412109,42.47499847412109,41.720001220703125,42.30500030517578,4250800,36.42679810043591,0.0,1.0,yahoo,2023-12-13 16:42:28
2014-08-07,XRT,42.494998931884766,42.59999847412109,41.875,41.970001220703125,3981200,36.13834652436008,0.0,1.0,yahoo,2023-12-13 16:42:28
2014-08-08,XRT,42.21500015258789,42.68000030517578,41.95000076293945,42.619998931884766,3870800,36.69802824567335,0.0,1.0,yahoo,2023-12-13 16:42:28
2014-08-11,XRT,42.81999969482422,43.04999923706055,42.65499877929688,42.875,2637600,36.917597383047706,0.0,1.0,yahoo,2023-12-13 16:42:28
2014-08-12,XRT,42.79499816894531,42.935001373291016,42.380001068115234,42.52999877929688,3511000,36.62053344922665,0.0,1.0,yahoo,2023-12-13 16:42:28
2014-08-13,XRT,42.33000183105469,42.470001220703125,42.05500030517578,42.2599983215332,6695200,36.38804905988652,0.0,1.0,yahoo,2023-12-13 16:42:28
2014-08-14,XRT,42.42499923706055,42.77999877929688,42.29499816894531,42.68000030517578,3880400,36.74969253818851,0.0,1.0,yahoo,2023-12-13 16:42:28
2014-08-15,XRT,42.75,42.8849983215332,42.04999923706055,42.31499862670898,5723000,36.435407173529065,0.0,1.0,yahoo,2023-12-13 16:42:28
2014-08-18,XRT,42.63999938964844,43.01499938964844,42.56999969482422,42.970001220703125,6316600,36.999398358367024,0.0,1.0,yahoo,2023-12-13 16:42:28
2014-08-19,XRT,43.31499862670898,43.68000030517578,43.22499847412109,43.525001525878906,4367800,37.47728238901305,0.0,1.0,yahoo,2023-12-13 16:42:28
2014-08-20,XRT,43.345001220703125,43.90999984741211,43.345001220703125,43.84000015258789,2795200,37.74851253425049,0.0,1.0,yahoo,2023-12-13 16:42:28
2014-08-21,XRT,43.84000015258789,43.90499877929688,43.51499938964844,43.744998931884766,4175200,37.66671155893116,0.0,1.0,yahoo,2023-12-13 16:42:28
2014-08-22,XRT,43.67499923706055,44.09000015258789,43.67499923706055,44.040000915527344,2199200,37.92072355798229,0.0,1.0,yahoo,2023-12-13 16:42:28
2014-08-25,XRT,44.400001525878906,44.400001525878906,44.08000183105469,44.255001068115234,2515400,38.10584983367987,0.0,1.0,yahoo,2023-12-13 16:42:28
2014-08-26,XRT,44.29999923706055,44.65999984741211,44.25,44.584999084472656,1975400,38.38999523088308,0.0,1.0,yahoo,2023-12-13 16:42:28
2014-08-27,XRT,44.584999084472656,44.869998931884766,44.54499816894531,44.73500061035156,4290600,38.51915431984495,0.0,1.0,yahoo,2023-12-13 16:42:28
2014-08-28,XRT,44.25,44.619998931884766,44.10499954223633,44.51499938964844,3684800,38.329721865274756,0.0,1.0,yahoo,2023-12-13 16:42:28
2014-08-29,XRT,44.59000015258789,44.60499954223633,44.31499862670898,44.415000915527344,1818200,38.243617995734894,0.0,1.0,yahoo,2023-12-13 16:42:28
2014-09-02,XRT,44.525001525878906,44.68000030517578,44.345001220703125,44.52999877929688,2060200,38.342637117240535,0.0,1.0,yahoo,2023-12-13 16:42:28
2014-09-03,XRT,44.89500045776367,44.89500045776367,44.40499877929688,44.435001373291016,2345600,38.260839426573284,0.0,1.0,yahoo,2023-12-13 16:42:28
2014-09-04,XRT,44.64500045776367,44.970001220703125,44.55500030517578,44.69499969482422,3470400,38.48471145816817,0.0,1.0,yahoo,2023-12-13 16:42:28
2014-09-05,XRT,44.47499847412109,44.63999938964844,44.125,44.59999847412109,3586000,38.402910482848846,0.0,1.0,yahoo,2023-12-13 16:42:28
2014-09-08,XRT,44.525001525878906,44.68000030517578,44.28499984741211,44.459999084472656,3306000,38.28236375163221,0.0,1.0,yahoo,2023-12-13 16:42:28
2014-09-09,XRT,44.2599983215332,44.53499984741211,44.005001068115234,44.02999877929688,3349400,37.912111200237064,0.0,1.0,yahoo,2023-12-13 16:42:28
2014-09-10,XRT,44.10499954223633,44.26499938964844,43.84000015258789,44.18999862670898,2749200,38.04987936229208,0.0,1.0,yahoo,2023-12-13 16:42:28
2014-09-11,XRT,44.14500045776367,44.59000015258789,44.0,44.57500076293945,2933800,38.381386157789926,0.0,1.0,yahoo,2023-12-13 16:42:28
2014-09-12,XRT,44.57500076293945,44.720001220703125,44.40499877929688,44.560001373291016,1594000,38.368470905824154,0.0,1.0,yahoo,2023-12-13 16:42:28
2014-09-15,XRT,44.79499816894531,44.79499816894531,44.060001373291016,44.130001068115234,1770800,37.998218354429,0.0,1.0,yahoo,2023-12-13 16:42:28
2014-09-16,XRT,44.03499984741211,44.619998931884766,43.900001525878906,44.52999877929688,2242000,38.342637117240535,0.0,1.0,yahoo,2023-12-13 16:42:28
2014-09-17,XRT,44.56499862670898,44.77999877929688,44.41999816894531,44.595001220703125,1911800,38.39860758862831,0.0,1.0,yahoo,2023-12-13 16:42:28
2014-09-18,XRT,44.994998931884766,44.994998931884766,44.52000045776367,44.68000030517578,1394200,38.471796206202406,0.0,1.0,yahoo,2023-12-13 16:42:28
2014-09-19,XRT,44.665000915527344,44.8650016784668,44.15999984741211,44.27000045776367,4353600,38.18671144955576,0.0795,1.0,yahoo,2023-12-13 16:42:28
2014-09-22,XRT,44.025001525878906,44.09999847412109,43.470001220703125,43.56499862670898,2983800,37.578586280919744,0.0,1.0,yahoo,2023-12-13 16:42:28
2014-09-23,XRT,43.400001525878906,43.52000045776367,43.09000015258789,43.09000015258789,3113800,37.16885893773738,0.0,1.0,yahoo,2023-12-13 16:42:28
2014-09-24,XRT,43.09000015258789,43.59000015258789,43.06499862670898,43.59000015258789,3457600,37.60015226340595,0.0,1.0,yahoo,2023-12-13 16:42:28
2014-09-25,XRT,43.47999954223633,43.595001220703125,42.915000915527344,43.04499816894531,2105200,37.13004082736361,0.0,1.0,yahoo,2023-12-13 16:42:28
2014-09-26,XRT,43.275001525878906,43.36000061035156,42.915000915527344,43.19499969482422,3389400,37.259430141266954,0.0,1.0,yahoo,2023-12-13 16:42:28
2014-09-29,XRT,42.70500183105469,43.31999969482422,42.69499969482422,43.220001220703125,2598600,37.280996123753155,0.0,1.0,yahoo,2023-12-13 16:42:28
2014-09-30,XRT,43.334999084472656,43.334999084472656,42.77000045776367,42.790000915527344,3827200,36.91008360043763,0.0,1.0,yahoo,2023-12-13 16:42:28
2014-10-01,XRT,42.70000076293945,42.810001373291016,42.04999923706055,42.165000915527344,3529200,36.370966943351924,0.0,1.0,yahoo,2023-12-13 16:42:28
2014-10-02,XRT,42.1150016784668,42.80500030517578,42.04499816894531,42.71500015258789,4217000,36.84538894348596,0.0,1.0,yahoo,2023-12-13 16:42:28
2014-10-03,XRT,43.125,43.54999923706055,42.82500076293945,43.35499954223633,4744600,37.39744387386062,0.0,1.0,yahoo,2023-12-13 16:42:28
2014-10-06,XRT,43.43999862670898,43.63999938964844,42.900001525878906,42.90999984741211,2458400,37.01359307725615,0.0,1.0,yahoo,2023-12-13 16:42:28
2014-10-07,XRT,42.61000061035156,42.775001525878906,42.13999938964844,42.150001525878906,4892800,36.35802867006298,0.0,1.0,yahoo,2023-12-13 16:42:28
2014-10-08,XRT,42.29499816894531,42.810001373291016,41.84999847412109,42.709999084472656,4145600,36.84107508888733,0.0,1.0,yahoo,2023-12-13 16:42:28
2014-10-09,XRT,42.52999877929688,42.59999847412109,41.78499984741211,41.845001220703125,4511000,36.0949394781646,0.0,1.0,yahoo,2023-12-13 16:42:28
2014-10-10,XRT,41.91999816894531,42.1349983215332,41.584999084472656,41.720001220703125,10758600,35.987116146747454,0.0,1.0,yahoo,2023-12-13 16:42:28
2014-10-13,XRT,41.6150016784668,41.67499923706055,40.880001068115234,40.96500015258789,3972600,35.335862303645975,0.0,1.0,yahoo,2023-12-13 16:42:28
2014-10-14,XRT,41.20500183105469,41.77999877929688,41.08000183105469,41.459999084472656,6175800,35.762841774715916,0.0,1.0,yahoo,2023-12-13 16:42:28
2014-10-15,XRT,40.7400016784668,41.76499938964844,40.290000915527344,41.540000915527344,7520000,35.83185028626622,0.0,1.0,yahoo,2023-12-13 16:42:28
2014-10-16,XRT,40.869998931884766,41.7400016784668,40.69499969482422,41.47999954223633,7980000,35.78009390260349,0.0,1.0,yahoo,2023-12-13 16:42:28
2014-10-17,XRT,41.68999862670898,41.94499969482422,41.125,41.369998931884766,8018400,35.68520884447529,0.0,1.0,yahoo,2023-12-13 16:42:28
2014-10-20,XRT,41.150001525878906,42.165000915527344,41.1349983215332,42.15999984741211,4111800,36.366653088753296,0.0,1.0,yahoo,2023-12-13 16:42:28
2014-10-21,XRT,42.34999847412109,42.83000183105469,42.150001525878906,42.77000045776367,4743600,36.89283147255006,0.0,1.0,yahoo,2023-12-13 16:42:28
2014-10-22,XRT,42.845001220703125,43.130001068115234,42.29499816894531,42.29499816894531,3685800,36.48310083886076,0.0,1.0,yahoo,2023-12-13 16:42:28
2014-10-23,XRT,42.60499954223633,43.29999923706055,42.60499954223633,43.05500030517578,8334400,37.138668536560864,0.0,1.0,yahoo,2023-12-13 16:42:28
2014-10-24,XRT,43.05500030517578,43.05500030517578,42.55500030517578,42.970001220703125,5473000,37.065349460918874,0.0,1.0,yahoo,2023-12-13 16:42:28
2014-10-27,XRT,42.775001525878906,43.095001220703125,42.540000915527344,43.06499862670898,4610200,37.147292955251174,0.0,1.0,yahoo,2023-12-13 16:42:28
2014-10-28,XRT,42.97999954223633,43.73500061035156,42.869998931884766,43.70000076293945,10813400,37.695037321534144,0.0,1.0,yahoo,2023-12-13 16:42:28
2014-10-29,XRT,43.79499816894531,43.92499923706055,43.2599983215332,43.44499969482422,13760200,37.475076804101235,0.0,1.0,yahoo,2023-12-13 16:42:28
2014-10-30,XRT,43.220001220703125,43.915000915527344,43.220001220703125,43.83000183105469,3290800,37.80717450754992,0.0,1.0,yahoo,2023-12-13 16:42:28
2014-10-31,XRT,44.5,44.54499816894531,44.13999938964844,44.22499847412109,4803000,38.14789333918197,0.0,1.0,yahoo,2023-12-13 16:42:28
2014-11-03,XRT,44.29499816894531,44.470001220703125,44.084999084472656,44.150001525878906,2352600,38.08320197273724,0.0,1.0,yahoo,2023-12-13 16:42:28
2014-11-04,XRT,43.97499847412109,44.04499816894531,43.67499923706055,43.994998931884766,5517400,37.94949880423527,0.0,1.0,yahoo,2023-12-13 16:42:28
2014-11-05,XRT,44.380001068115234,44.47999954223633,44.025001525878906,44.165000915527344,4898600,38.096140246026195,0.0,1.0,yahoo,2023-12-13 16:42:28
2014-11-06,XRT,44.17499923706055,44.8650016784668,44.060001373291016,44.86000061035156,5389400,38.69563770546495,0.0,1.0,yahoo,2023-12-13 16:42:28
2014-11-07,XRT,44.744998931884766,45.10499954223633,44.665000915527344,45.025001525878906,7283800,38.83796529265724,0.0,1.0,yahoo,2023-12-13 16:42:28
2014-11-10,XRT,44.95500183105469,45.06499862670898,44.73500061035156,44.875,1728200,38.70857597875389,0.0,1.0,yahoo,2023-12-13 16:42:28
2014-11-11,XRT,44.97499847412109,44.97499847412109,44.755001068115234,44.935001373291016,2453600,38.76033236241662,0.0,1.0,yahoo,2023-12-13 16:42:28
2014-11-12,XRT,44.98500061035156,45.81999969482422,44.875,45.77000045776367,7810000,39.48059142656146,0.0,1.0,yahoo,2023-12-13 16:42:28
2014-11-13,XRT,45.810001373291016,45.95500183105469,45.369998931884766,45.56499862670898,4610000,39.30375958359401,0.0,1.0,yahoo,2023-12-13 16:42:28
2014-11-14,XRT,45.52000045776367,45.70500183105469,45.45500183105469,45.65499877929688,3140200,39.38139251383464,0.0,1.0,yahoo,2023-12-13 16:42:28
2014-11-17,XRT,45.60499954223633,45.67499923706055,45.130001068115234,45.13999938964844,2356600,38.93716091487712,0.0,1.0,yahoo,2023-12-13 16:42:28
2014-11-18,XRT,45.11000061035156,45.400001525878906,45.01499938964844,45.185001373291016,4059600,38.9759790252509,0.0,1.0,yahoo,2023-12-13 16:42:28
2014-11-19,XRT,45.744998931884766,45.744998931884766,45.09000015258789,45.52000045776367,4094800,39.26494476372718,0.0,1.0,yahoo,2023-12-13 16:42:28
2014-11-20,XRT,45.47999954223633,46.334999084472656,45.47499847412109,46.27999877929688,4326800,39.92050917092035,0.0,1.0,yahoo,2023-12-13 16:42:28
2014-11-21,XRT,46.83000183105469,46.88999938964844,46.275001525878906,46.34000015258789,5469200,39.97226555458307,0.0,1.0,yahoo,2023-12-13 16:42:28
2014-11-24,XRT,46.34999847412109,46.96500015258789,46.34999847412109,46.95000076293945,4253200,40.498443938379836,0.0,1.0,yahoo,2023-12-13 16:42:28
2014-11-25,XRT,47.31499862670898,47.380001068115234,46.71500015258789,46.875,5897600,40.43374928142816,0.0,1.0,yahoo,2023-12-13 16:42:28
2014-11-26,XRT,46.92499923706055,46.98500061035156,46.68000030517578,46.73500061035156,3669000,40.312987676722074,0.0,1.0,yahoo,2023-12-13 16:42:28
2014-11-28,XRT,46.994998931884766,47.540000915527344,46.92499923706055,47.15499877929688,5075000,40.67527249084034,0.0,1.0,yahoo,2023-12-13 16:42:28
2014-12-01,XRT,46.845001220703125,46.900001525878906,46.11000061035156,46.125,6988800,39.78680929292531,0.0,1.0,yahoo,2023-12-13 16:42:28
2014-12-02,XRT,46.32500076293945,46.56999969482422,46.10499954223633,46.28499984741211,5702600,39.924823025518975,0.0,1.0,yahoo,2023-12-13 16:42:28
2014-12-03,XRT,46.26499938964844,46.790000915527344,46.16999816894531,46.685001373291016,5512800,40.2698590022566,0.0,1.0,yahoo,2023-12-13 16:42:28
2014-12-04,XRT,46.56999969482422,46.56999969482422,46.05500030517578,46.3650016784668,7029000,39.993831537069276,0.0,1.0,yahoo,2023-12-13 16:42:28
2014-12-05,XRT,46.47499847412109,46.5,46.040000915527344,46.21500015258789,4124200,39.86444222316593,0.0,1.0,yahoo,2023-12-13 16:42:28
2014-12-08,XRT,46.19499969482422,46.41999816894531,45.79499816894531,45.8650016784668,3602800,39.56253821140071,0.0,1.0,yahoo,2023-12-13 16:42:28
2014-12-09,XRT,45.31499862670898,46.040000915527344,45.16999816894531,46.025001525878906,4373800,39.70055194399437,0.0,1.0,yahoo,2023-12-13 16:42:28
2014-12-10,XRT,46.21500015258789,46.21500015258789,45.2400016784668,45.27000045776367,5254800,39.04929810089289,0.0,1.0,yahoo,2023-12-13 16:42:28
2014-12-11,XRT,45.68000030517578,46.540000915527344,45.67499923706055,45.85499954223633,7074400,39.55391050220345,0.0,1.0,yahoo,2023-12-13 16:42:28
2014-12-12,XRT,45.72499847412109,46.470001220703125,45.435001373291016,46.13999938964844,10003400,39.79974756621426,0.0,1.0,yahoo,2023-12-13 16:42:28
2014-12-15,XRT,46.31499862670898,46.78499984741211,45.845001220703125,46.23500061035156,9062800,39.881694351053504,0.0,1.0,yahoo,2023-12-13 16:42:28
2014-12-16,XRT,46.220001220703125,46.505001068115234,45.65999984741211,45.65999984741211,5177600,39.38570636843326,0.0,1.0,yahoo,2023-12-13 16:42:28
2014-12-17,XRT,45.90999984741211,46.81999969482422,45.64500045776367,46.76499938964844,9559400,40.338864223299964,0.0,1.0,yahoo,2023-12-13 16:42:28
2014-12-18,XRT,47.14500045776367,47.81999969482422,46.8650016784668,47.5,7590600,40.97286593851387,0.0,1.0,yahoo,2023-12-13 16:42:28
2014-12-19,XRT,47.40999984741211,47.494998931884766,46.70500183105469,47.06499862670898,6142400,40.67513639942388,0.0905,1.0,yahoo,2023-12-13 16:42:28
2014-12-22,XRT,47.40499877929688,47.45000076293945,47.04999923706055,47.334999084472656,3227800,40.90847977067412,0.0,1.0,yahoo,2023-12-13 16:42:28
2014-12-23,XRT,47.57500076293945,48.060001373291016,47.52999877929688,47.650001525878906,8370200,41.1807153521935,0.0,1.0,yahoo,2023-12-13 16:42:28
2014-12-24,XRT,47.6349983215332,47.92499923706055,47.61000061035156,47.619998931884766,1689200,41.154786113084675,0.0,1.0,yahoo,2023-12-13 16:42:28
2014-12-26,XRT,48.0,48.040000915527344,47.73500061035156,47.775001525878906,2604800,41.288744507580375,0.0,1.0,yahoo,2023-12-13 16:42:28
2014-12-29,XRT,48.060001373291016,48.31999969482422,47.72999954223633,48.244998931884766,4048400,41.69493189001907,0.0,1.0,yahoo,2023-12-13 16:42:28
2014-12-30,XRT,48.1349983215332,48.54999923706055,48.060001373291016,48.14500045776367,1500200,41.60850988442485,0.0,1.0,yahoo,2023-12-13 16:42:28
2014-12-31,XRT,48.18999862670898,48.57500076293945,47.994998931884766,48.005001068115234,2686600,41.487517757877654,0.0,1.0,yahoo,2023-12-13 16:42:28
2015-01-02,XRT,48.22499847412109,48.42499923706055,47.30500030517578,47.66999816894531,3726200,41.19799711588179,0.0,1.0,yahoo,2023-12-13 16:42:28
2015-01-05,XRT,47.60499954223633,47.60499954223633,46.90999984741211,47.130001068115234,4140400,40.7313136701695,0.0,1.0,yahoo,2023-12-13 16:42:28
2015-01-06,XRT,47.0,47.369998931884766,46.23500061035156,46.630001068115234,5128600,40.299197048621984,0.0,1.0,yahoo,2023-12-13 16:42:28
2015-01-07,XRT,47.34000015258789,47.84999847412109,47.09999847412109,47.84999847412109,5042000,41.35355936338195,0.0,1.0,yahoo,2023-12-13 16:42:28
2015-01-08,XRT,48.40499877929688,48.57500076293945,48.165000915527344,48.494998931884766,7850800,41.91099020079283,0.0,1.0,yahoo,2023-12-13 16:42:28
2015-01-09,XRT,48.18000030517578,48.25,47.59000015258789,47.625,5956000,41.159108202400844,0.0,1.0,yahoo,2023-12-13 16:42:28
2015-01-12,XRT,47.744998931884766,47.95500183105469,47.209999084472656,47.72499847412109,5176600,41.24553020799507,0.0,1.0,yahoo,2023-12-13 16:42:28
2015-01-13,XRT,47.970001220703125,48.3849983215332,47.02000045776367,47.31499862670898,5098200,40.89119471019763,0.0,1.0,yahoo,2023-12-13 16:42:28
2015-01-14,XRT,46.7599983215332,47.22999954223633,46.560001373291016,47.13999938964844,7841200,40.73995455201365,0.0,1.0,yahoo,2023-12-13 16:42:28
2015-01-15,XRT,46.81999969482422,47.435001373291016,46.060001373291016,46.060001373291016,5749200,39.80658436380087,0.0,1.0,yahoo,2023-12-13 16:42:28
2015-01-16,XRT,46.02000045776367,46.775001525878906,45.935001373291016,46.720001220703125,6246800,40.37697817237206,0.0,1.0,yahoo,2023-12-13 16:42:28
2015-01-20,XRT,46.790000915527344,47.150001525878906,45.76499938964844,46.1150016784668,3856200,39.85411745591416,0.0,1.0,yahoo,2023-12-13 16:42:28
2015-01-21,XRT,46.15999984741211,46.46500015258789,45.94499969482422,46.415000915527344,3390800,40.113386769485025,0.0,1.0,yahoo,2023-12-13 16:42:28
2015-01-22,XRT,46.875,47.3650016784668,46.22999954223633,47.27999877929688,4197000,40.86094667856085,0.0,1.0,yahoo,2023-12-13 16:42:28
2015-01-23,XRT,47.31999969482422,47.720001220703125,47.16999816894531,47.59000015258789,6390400,41.12886017076405,0.0,1.0,yahoo,2023-12-13 16:42:28
2015-01-26,XRT,47.48500061035156,48.0099983215332,47.39500045776367,47.9900016784668,3493200,41.474554786717334,0.0,1.0,yahoo,2023-12-13 16:42:28
2015-01-27,XRT,47.40499877929688,48.084999084472656,47.40499877929688,47.834999084472656,3863000,41.34059639222164,0.0,1.0,yahoo,2023-12-13 16:42:28
2015-01-28,XRT,48.03499984741211,48.119998931884766,46.95000076293945,47.06499862670898,6507000,40.67513639942388,0.0,1.0,yahoo,2023-12-13 16:42:28
2015-01-29,XRT,47.10499954223633,47.46500015258789,46.7599983215332,47.435001373291016,3912200,40.994905073056536,0.0,1.0,yahoo,2023-12-13 16:42:28
2015-01-30,XRT,47.20000076293945,47.29499816894531,46.415000915527344,46.45000076293945,6814800,40.14363480112183,0.0,1.0,yahoo,2023-12-13 16:42:28
2015-02-02,XRT,46.56499862670898,46.7599983215332,45.52000045776367,46.70000076293945,12014000,40.35969311189558,0.0,1.0,yahoo,2023-12-13 16:42:28
2015-02-03,XRT,47.05500030517578,47.64500045776367,46.76499938964844,47.59000015258789,7380800,41.12886017076405,0.0,1.0,yahoo,2023-12-13 16:42:28
2015-02-04,XRT,47.2599983215332,47.90499877929688,47.08000183105469,47.685001373291016,5043000,41.2109633838303,0.0,1.0,yahoo,2023-12-13 16:42:28
2015-02-05,XRT,47.75,48.25,47.75,48.005001068115234,3705800,41.487517757877654,0.0,1.0,yahoo,2023-12-13 16:42:28
2015-02-06,XRT,48.18000030517578,48.18000030517578,47.77999877929688,47.97499847412109,3803800,41.46158851876883,0.0,1.0,yahoo,2023-12-13 16:42:28
2015-02-09,XRT,47.92499923706055,48.07500076293945,47.70000076293945,47.775001525878906,3912000,41.288744507580375,0.0,1.0,yahoo,2023-12-13 16:42:28
2015-02-10,XRT,48.14500045776367,48.31499862670898,47.755001068115234,48.209999084472656,2806000,41.664683858382276,0.0,1.0,yahoo,2023-12-13 16:42:28
2015-02-11,XRT,48.209999084472656,48.45500183105469,48.15999984741211,48.27000045776367,3426200,41.71653903981173,0.0,1.0,yahoo,2023-12-13 16:42:28
2015-02-12,XRT,48.04499816894531,48.7599983215332,48.04499816894531,48.720001220703125,5199600,42.10544465856213,0.0,1.0,yahoo,2023-12-13 16:42:28
2015-02-13,XRT,48.755001068115234,49.07500076293945,48.64500045776367,49.0099983215332,4017800,42.35606979350066,0.0,1.0,yahoo,2023-12-13 16:42:28
2015-02-17,XRT,48.97499847412109,49.040000915527344,48.70000076293945,48.96500015258789,1646000,42.31718088001971,0.0,1.0,yahoo,2023-12-13 16:42:28
2015-02-18,XRT,48.77000045776367,49.040000915527344,48.75,48.93999862670898,2702000,42.29557373022706,0.0,1.0,yahoo,2023-12-13 16:42:28
2015-02-19,XRT,48.94499969482422,49.1150016784668,48.880001068115234,48.95500183105469,3312200,42.30853999817557,0.0,1.0,yahoo,2023-12-13 16:42:28
2015-02-20,XRT,48.97999954223633,49.29999923706055,48.73500061035156,49.23500061035156,2320800,42.550524251269955,0.0,1.0,yahoo,2023-12-13 16:42:28
2015-02-23,XRT,49.345001220703125,49.435001373291016,48.994998931884766,49.22999954223633,2652800,42.54620216195379,0.0,1.0,yahoo,2023-12-13 16:42:28
2015-02-24,XRT,49.29999923706055,49.40999984741211,48.994998931884766,49.14500045776367,2808400,42.47274312751988,0.0,1.0,yahoo,2023-12-13 16:42:28
2015-02-25,XRT,49.095001220703125,49.43999862670898,49.0,49.2599983215332,3825400,42.57212810427442,0.0,1.0,yahoo,2023-12-13 16:42:28
2015-02-26,XRT,49.19499969482422,49.32500076293945,49.095001220703125,49.21500015258789,2336600,42.53323919079347,0.0,1.0,yahoo,2023-12-13 16:42:28
2015-02-27,XRT,49.31499862670898,49.53499984741211,49.095001220703125,49.34999847412109,2803000,42.64990922802449,0.0,1.0,yahoo,2023-12-13 16:42:28
2015-03-02,XRT,49.310001373291016,49.65499877929688,49.310001373291016,49.56999969482422,2491800,42.840041596477626,0.0,1.0,yahoo,2023-12-13 16:42:28
2015-03-03,XRT,49.60499954223633,49.65999984741211,49.15499877929688,49.29999923706055,2350200,42.60669822522738,0.0,1.0,yahoo,2023-12-13 16:42:28
2015-03-04,XRT,49.220001220703125,49.32500076293945,48.845001220703125,49.125,2856200,42.455458067043395,0.0,1.0,yahoo,2023-12-13 16:42:28
2015-03-05,XRT,49.22999954223633,49.40499877929688,49.0,49.185001373291016,1603200,42.50731324847284,0.0,1.0,yahoo,2023-12-13 16:42:28
2015-03-06,XRT,48.915000915527344,49.33000183105469,48.81999969482422,48.85499954223633,3967000,42.22211469579315,0.0,1.0,yahoo,2023-12-13 16:42:28
2015-03-09,XRT,48.89500045776367,49.14500045776367,48.845001220703125,49.084999084472656,2237600,42.420887946090424,0.0,1.0,yahoo,2023-12-13 16:42:28
2015-03-10,XRT,48.744998931884766,48.90999984741211,48.44499969482422,48.63999938964844,4116200,42.03630441665619,0.0,1.0,yahoo,2023-12-13 16:42:28
2015-03-11,XRT,48.56499862670898,49.07500076293945,48.56499862670898,48.80500030517578,2625600,42.17890369299604,0.0,1.0,yahoo,2023-12-13 16:42:28
2015-03-12,XRT,49.0099983215332,49.68999862670898,48.744998931884766,49.65499877929688,3005400,42.91350063091154,0.0,1.0,yahoo,2023-12-13 16:42:28
2015-03-13,XRT,49.75,49.77000045776367,49.18000030517578,49.459999084472656,2662400,42.744975412251065,0.0,1.0,yahoo,2023-12-13 16:42:28
2015-03-16,XRT,49.68999862670898,49.869998931884766,49.65499877929688,49.79999923706055,4930000,43.038814846774905,0.0,1.0,yahoo,2023-12-13 16:42:28
2015-03-17,XRT,49.67499923706055,49.93999862670898,49.665000915527344,49.89500045776367,1799200,43.12091805984115,0.0,1.0,yahoo,2023-12-13 16:42:28
2015-03-18,XRT,49.685001373291016,50.14500045776367,49.44499969482422,50.04999923706055,3352800,43.25487315754866,0.0,1.0,yahoo,2023-12-13 16:42:28
2015-03-19,XRT,49.994998931884766,50.36000061035156,49.994998931884766,50.34000015258789,2868200,43.50550158927538,0.0,1.0,yahoo,2023-12-13 16:42:28
2015-03-20,XRT,50.35499954223633,50.560001373291016,50.14500045776367,50.47999954223633,2388400,43.77693889671602,0.173,1.0,yahoo,2023-12-13 16:42:28
2015-03-23,XRT,50.43000030517578,50.900001525878906,50.43000030517578,50.58000183105469,3474800,43.86366223520318,0.0,1.0,yahoo,2023-12-13 16:42:28
2015-03-24,XRT,50.39500045776367,50.915000915527344,50.39500045776367,50.68000030517578,4253200,43.950382265533236,0.0,1.0,yahoo,2023-12-13 16:42:28
2015-03-25,XRT,50.70500183105469,50.790000915527344,49.85499954223633,49.86000061035156,5038000,43.23926743072404,0.0,1.0,yahoo,2023-12-13 16:42:28
2015-03-26,XRT,49.70000076293945,49.91999816894531,49.505001068115234,49.709999084472656,4025000,43.10918407707185,0.0,1.0,yahoo,2023-12-13 16:42:28
2015-03-27,XRT,49.51499938964844,50.14500045776367,49.51499938964844,50.119998931884766,2476200,43.46474149447645,0.0,1.0,yahoo,2023-12-13 16:42:28
2015-03-30,XRT,50.59999847412109,50.84000015258789,50.34999847412109,50.790000915527344,2525600,44.04577628379056,0.0,1.0,yahoo,2023-12-13 16:42:28
2015-03-31,XRT,50.51499938964844,51.25,50.505001068115234,50.52000045776367,1680600,43.811628232110884,0.0,1.0,yahoo,2023-12-13 16:42:28
2015-04-01,XRT,50.6349983215332,50.67499923706055,49.97999954223633,50.244998931884766,6962400,43.57314318646757,0.0,1.0,yahoo,2023-12-13 16:42:28
2015-04-02,XRT,50.43000030517578,50.84999847412109,50.29999923706055,50.61000061035156,5006200,43.88967758267077,0.0,1.0,yahoo,2023-12-13 16:42:28
2015-04-06,XRT,50.32500076293945,50.9900016784668,50.22499847412109,50.755001068115234,3538400,44.01542394235933,0.0,1.0,yahoo,2023-12-13 16:42:28
2015-04-07,XRT,50.77999877929688,50.869998931884766,50.310001373291016,50.31499862670898,3149400,43.633847869330026,0.0,1.0,yahoo,2023-12-13 16:42:28
2015-04-08,XRT,50.5,50.81499862670898,50.45500183105469,50.755001068115234,2437200,44.01542394235933,0.0,1.0,yahoo,2023-12-13 16:42:28
2015-04-09,XRT,50.60499954223633,50.970001220703125,50.22499847412109,50.55500030517578,3764400,43.84198057354211,0.0,1.0,yahoo,2023-12-13 16:42:28
2015-04-10,XRT,50.48500061035156,50.7599983215332,50.48500061035156,50.720001220703125,2729600,43.9850716009281,0.0,1.0,yahoo,2023-12-13 16:42:28
2015-04-13,XRT,50.47999954223633,51.11000061035156,50.47999954223633,50.7599983215332,7166000,44.019757628165856,0.0,1.0,yahoo,2023-12-13 16:42:28
2015-04-14,XRT,50.47499847412109,50.76499938964844,50.0,50.33000183105469,5826000,43.646858851220934,0.0,1.0,yahoo,2023-12-13 16:42:28
2015-04-15,XRT,50.959999084472656,50.959999084472656,50.26499938964844,50.29499816894531,4656600,43.6165032016326,0.0,1.0,yahoo,2023-12-13 16:42:28
2015-04-16,XRT,50.08000183105469,50.47499847412109,50.060001373291016,50.33000183105469,3965400,43.646858851220934,0.0,1.0,yahoo,2023-12-13 16:42:28
2015-04-17,XRT,50.025001525878906,50.16999816894531,49.290000915527344,49.38999938964844,8957200,42.83167601022715,0.0,1.0,yahoo,2023-12-13 16:42:28
2015-04-20,XRT,50.07500076293945,50.09000015258789,49.48500061035156,49.845001220703125,3495200,43.226259756990245,0.0,1.0,yahoo,2023-12-13 16:42:28
2015-04-21,XRT,50.0099983215332,50.165000915527344,49.79499816894531,49.95000076293945,2502600,43.317316781283935,0.0,1.0,yahoo,2023-12-13 16:42:28
2015-04-22,XRT,50.04499816894531,50.150001525878906,49.630001068115234,50.06999969482422,3220200,43.42138147931142,0.0,1.0,yahoo,2023-12-13 16:42:28
2015-04-23,XRT,50.06499862670898,50.560001373291016,50.0099983215332,50.400001525878906,2342400,43.70756353408339,0.0,1.0,yahoo,2023-12-13 16:42:28
2015-04-24,XRT,50.3849983215332,50.625,50.3849983215332,50.4900016784668,2236400,43.785612884643285,0.0,1.0,yahoo,2023-12-13 16:42:28
2015-04-27,XRT,50.57500076293945,50.67499923706055,49.880001068115234,49.95000076293945,3399800,43.317316781283935,0.0,1.0,yahoo,2023-12-13 16:42:28
2015-04-28,XRT,49.88999938964844,50.09999847412109,49.45000076293945,49.76499938964844,4109800,43.156881086200514,0.0,1.0,yahoo,2023-12-13 16:42:28
2015-04-29,XRT,49.540000915527344,49.595001220703125,48.709999084472656,48.79999923706055,16069400,42.32001989170276,0.0,1.0,yahoo,2023-12-13 16:42:28
2015-04-30,XRT,48.625,48.935001373291016,48.185001373291016,48.3650016784668,6806800,41.94278412079421,0.0,1.0,yahoo,2023-12-13 16:42:28
2015-05-01,XRT,48.47499847412109,49.130001068115234,48.40999984741211,49.09999847412109,3966800,42.58018329085003,0.0,1.0,yahoo,2023-12-13 16:42:28
2015-05-04,XRT,49.084999084472656,49.505001068115234,49.084999084472656,49.275001525878906,2689200,42.73194830616329,0.0,1.0,yahoo,2023-12-13 16:42:28
2015-05-05,XRT,49.02999877929688,49.3650016784668,48.584999084472656,48.64500045776367,6138600,42.185602852244045,0.0,1.0,yahoo,2023-12-13 16:42:28
2015-05-06,XRT,48.85499954223633,48.94499969482422,48.1150016784668,48.6150016784668,7280400,42.15958750477645,0.0,1.0,yahoo,2023-12-13 16:42:28
2015-05-07,XRT,48.71500015258789,49.275001525878906,48.560001373291016,49.16999816894531,5217200,42.640887973712495,0.0,1.0,yahoo,2023-12-13 16:42:28
2015-05-08,XRT,49.58000183105469,49.93999862670898,49.45500183105469,49.584999084472656,6132400,43.000782385080726,0.0,1.0,yahoo,2023-12-13 16:42:28
2015-05-11,XRT,49.584999084472656,49.86000061035156,49.51499938964844,49.56999969482422,2198400,42.98777471134693,0.0,1.0,yahoo,2023-12-13 16:42:28
2015-05-12,XRT,49.130001068115234,49.5099983215332,48.880001068115234,49.29499816894531,3612200,42.74928966570362,0.0,1.0,yahoo,2023-12-13 16:42:28
2015-05-13,XRT,48.93999862670898,49.5099983215332,48.93999862670898,49.150001525878906,5833800,42.62354661417217,0.0,1.0,yahoo,2023-12-13 16:42:28
2015-05-14,XRT,49.16999816894531,49.47999954223633,48.540000915527344,48.82500076293945,7582200,42.34170155336383,0.0,1.0,yahoo,2023-12-13 16:42:28
2015-05-15,XRT,48.83000183105469,49.31999969482422,48.810001373291016,49.31999969482422,3614600,42.770971327364684,0.0,1.0,yahoo,2023-12-13 16:42:28
2015-05-18,XRT,49.400001525878906,49.86000061035156,49.369998931884766,49.80500030517578,5493200,43.19157042159538,0.0,1.0,yahoo,2023-12-13 16:42:28
2015-05-19,XRT,49.6349983215332,49.845001220703125,49.375,49.46500015258789,6344600,42.89671768705324,0.0,1.0,yahoo,2023-12-13 16:42:28
2015-05-20,XRT,49.56499862670898,49.625,49.2400016784668,49.5,2859200,42.92707002848447,0.0,1.0,yahoo,2023-12-13 16:42:28
2015-05-21,XRT,49.41999816894531,49.970001220703125,49.255001068115234,49.77000045776367,3003600,43.16121808016415,0.0,1.0,yahoo,2023-12-13 16:42:28
2015-05-22,XRT,49.744998931884766,49.880001068115234,49.40999984741211,49.619998931884766,5291000,43.03113472651196,0.0,1.0,yahoo,2023-12-13 16:42:28
2015-05-26,XRT,49.17499923706055,49.775001525878906,48.9900016784668,49.07500076293945,3290200,42.55850493734607,0.0,1.0,yahoo,2023-12-13 16:42:28
2015-05-27,XRT,49.15499877929688,49.45500183105469,49.125,49.31999969482422,3312000,42.770971327364684,0.0,1.0,yahoo,2023-12-13 16:42:28
2015-05-28,XRT,49.44499969482422,49.47999954223633,49.19499969482422,49.369998931884766,3510400,42.81433134252971,0.0,1.0,yahoo,2023-12-13 16:42:28
2015-05-29,XRT,49.334999084472656,49.70500183105469,48.845001220703125,48.89500045776367,5493600,42.40240623622629,0.0,1.0,yahoo,2023-12-13 16:42:28
2015-06-01,XRT,48.91999816894531,49.220001220703125,48.665000915527344,48.89500045776367,7885800,42.40240623622629,0.0,1.0,yahoo,2023-12-13 16:42:28
2015-06-02,XRT,48.77999877929688,49.54999923706055,48.77999877929688,49.244998931884766,3647600,42.70592965053859,0.0,1.0,yahoo,2023-12-13 16:42:28
2015-06-03,XRT,49.435001373291016,50.05500030517578,49.275001525878906,49.970001220703125,5918400,43.334661448981365,0.0,1.0,yahoo,2023-12-13 16:42:28
2015-06-04,XRT,49.93000030517578,50.20000076293945,49.60499954223633,49.92499923706055,5456200,43.295635119622865,0.0,1.0,yahoo,2023-12-13 16:42:28
2015-06-05,XRT,49.9900016784668,49.9900016784668,49.43000030517578,49.72999954223633,4668400,43.12652874476928,0.0,1.0,yahoo,2023-12-13 16:42:28
2015-06-08,XRT,49.8650016784668,49.8650016784668,49.35499954223633,49.35499954223633,2787000,42.801323668795916,0.0,1.0,yahoo,2023-12-13 16:42:28
2015-06-09,XRT,49.22499847412109,49.67499923706055,48.93000030517578,49.1349983215332,5889200,42.61053563228127,0.0,1.0,yahoo,2023-12-13 16:42:28
2015-06-10,XRT,49.470001220703125,49.720001220703125,49.30500030517578,49.584999084472656,5113200,43.000782385080726,0.0,1.0,yahoo,2023-12-13 16:42:28
2015-06-11,XRT,49.88999938964844,50.209999084472656,49.619998931884766,49.72999954223633,6011200,43.12652874476928,0.0,1.0,yahoo,2023-12-13 16:42:28
2015-06-12,XRT,49.650001525878906,49.81499862670898,49.5099983215332,49.77000045776367,4532400,43.16121808016415,0.0,1.0,yahoo,2023-12-13 16:42:28
2015-06-15,XRT,49.595001220703125,49.595001220703125,49.13999938964844,49.4900016784668,3045400,42.91839934871431,0.0,1.0,yahoo,2023-12-13 16:42:28
2015-06-16,XRT,49.30500030517578,49.79499816894531,49.30500030517578,49.73500061035156,1203600,43.130865738732915,0.0,1.0,yahoo,2023-12-13 16:42:28
2015-06-17,XRT,49.7599983215332,50.040000915527344,49.6150016784668,49.90999984741211,2148000,43.28262744588907,0.0,1.0,yahoo,2023-12-13 16:42:28
2015-06-18,XRT,49.810001373291016,50.560001373291016,49.810001373291016,50.400001525878906,3452800,43.70756353408339,0.0,1.0,yahoo,2023-12-13 16:42:28
2015-06-19,XRT,50.45000076293945,50.56999969482422,50.095001220703125,50.17499923706055,3930400,43.63928682356736,0.1465,1.0,yahoo,2023-12-13 16:42:28
2015-06-22,XRT,50.665000915527344,50.665000915527344,50.32500076293945,50.3849983215332,888000,43.82193177462537,0.0,1.0,yahoo,2023-12-13 16:42:28
2015-06-23,XRT,50.60499954223633,50.869998931884766,50.415000915527344,50.845001220703125,2017800,44.222015456972926,0.0,1.0,yahoo,2023-12-13 16:42:28
2015-06-24,XRT,50.75,50.8849983215332,50.435001373291016,50.48500061035156,1863200,43.90890793070141,0.0,1.0,yahoo,2023-12-13 16:42:28
2015-06-25,XRT,50.375,50.76499938964844,50.29999923706055,50.34000015258789,1838200,43.78279499274199,0.0,1.0,yahoo,2023-12-13 16:42:28
2015-06-26,XRT,50.720001220703125,50.81499862670898,50.3849983215332,50.60499954223633,2285200,44.013276000191546,0.0,1.0,yahoo,2023-12-13 16:42:28
2015-06-29,XRT,50.375,50.375,49.19499969482422,49.22499847412109,3095800,42.8130315887511,0.0,1.0,yahoo,2023-12-13 16:42:28
2015-06-30,XRT,49.65999984741211,49.66999816894531,49.15499877929688,49.33000183105469,4580600,42.90435738208122,0.0,1.0,yahoo,2023-12-13 16:42:28
2015-07-01,XRT,49.7400016784668,49.935001373291016,49.380001068115234,49.63999938964844,3206800,43.17397517141416,0.0,1.0,yahoo,2023-12-13 16:42:28
2015-07-02,XRT,50.369998931884766,50.369998931884766,49.040000915527344,49.3849983215332,1696800,42.95219012067166,0.0,1.0,yahoo,2023-12-13 16:42:28
2015-07-06,XRT,49.130001068115234,49.78499984741211,48.7599983215332,49.45500183105469,2246800,43.01307508882544,0.0,1.0,yahoo,2023-12-13 16:42:28
2015-07-07,XRT,49.52000045776367,49.970001220703125,48.900001525878906,49.93999862670898,4933600,43.43489700404005,0.0,1.0,yahoo,2023-12-13 16:42:28
2015-07-08,XRT,49.4900016784668,49.84999847412109,49.11000061035156,49.345001220703125,7656200,42.917402976042354,0.0,1.0,yahoo,2023-12-13 16:42:28
2015-07-09,XRT,49.68000030517578,50.15999984741211,49.334999084472656,49.45500183105469,6446200,43.01307508882544,0.0,1.0,yahoo,2023-12-13 16:42:28
2015-07-10,XRT,49.94499969482422,50.04999923706055,49.720001220703125,49.97999954223633,1787400,43.469687466470475,0.0,1.0,yahoo,2023-12-13 16:42:28
2015-07-13,XRT,50.5,50.619998931884766,50.290000915527344,50.59999847412109,3476000,44.00892636293746,0.0,1.0,yahoo,2023-12-13 16:42:28
2015-07-14,XRT,50.400001525878906,50.584999084472656,50.244998931884766,50.3849983215332,2593800,43.82193177462537,0.0,1.0,yahoo,2023-12-13 16:42:28
2015-07-15,XRT,50.33000183105469,50.5099983215332,50.17499923706055,50.25,2549000,43.70451811117411,0.0,1.0,yahoo,2023-12-13 16:42:28
2015-07-16,XRT,50.22499847412109,50.96500015258789,50.22499847412109,50.90499877929688,4576200,44.27419783281744,0.0,1.0,yahoo,2023-12-13 16:42:28
2015-07-17,XRT,50.96500015258789,50.96500015258789,50.244998931884766,50.32500076293945,2175200,43.76974939878086,0.0,1.0,yahoo,2023-12-13 16:42:28
2015-07-20,XRT,50.540000915527344,50.540000915527344,50.119998931884766,50.15499877929688,3355800,43.621891592352156,0.0,1.0,yahoo,2023-12-13 16:42:28
2015-07-21,XRT,49.915000915527344,50.34000015258789,49.71500015258789,49.82500076293945,1888600,43.334878571804005,0.0,1.0,yahoo,2023-12-13 16:42:28
2015-07-22,XRT,49.53499984741211,50.09000015258789,49.5099983215332,50.03499984741211,2622200,43.517523522862014,0.0,1.0,yahoo,2023-12-13 16:42:28
2015-07-23,XRT,50.04999923706055,50.1150016784668,49.369998931884766,49.39500045776367,3206400,42.96088939517982,0.0,1.0,yahoo,2023-12-13 16:42:28
2015-07-24,XRT,49.58000183105469,49.58000183105469,48.54999923706055,48.56999969482422,2967000,42.24335186710778,0.0,1.0,yahoo,2023-12-13 16:42:28
2015-07-27,XRT,48.38999938964844,48.45000076293945,48.0099983215332,48.165000915527344,3049400,41.89110755895288,0.0,1.0,yahoo,2023-12-13 16:42:28
2015-07-28,XRT,48.20000076293945,48.55500030517578,47.7599983215332,48.33000183105469,7075400,42.03461572812751,0.0,1.0,yahoo,2023-12-13 16:42:28
2015-07-29,XRT,48.25,48.755001068115234,48.25,48.630001068115234,3694000,42.2955375607534,0.0,1.0,yahoo,2023-12-13 16:42:28
2015-07-30,XRT,48.39500045776367,49.06499862670898,48.39500045776367,48.95000076293945,2782400,42.5738546245945,0.0,1.0,yahoo,2023-12-13 16:42:28
2015-07-31,XRT,49.11000061035156,49.31499862670898,48.77999877929688,49.17499923706055,2646400,42.76954516961364,0.0,1.0,yahoo,2023-12-13 16:42:28
2015-08-03,XRT,49.09999847412109,49.2400016784668,48.44499969482422,48.61000061035156,3751200,42.2781423295382,0.0,1.0,yahoo,2023-12-13 16:42:28
2015-08-04,XRT,48.630001068115234,49.220001220703125,48.61000061035156,48.94499969482422,3378200,42.56950498734042,0.0,1.0,yahoo,2023-12-13 16:42:28
2015-08-05,XRT,48.994998931884766,49.71500015258789,48.994998931884766,49.494998931884766,5134000,43.047862233454744,0.0,1.0,yahoo,2023-12-13 16:42:28
2015-08-06,XRT,49.255001068115234,49.4900016784668,48.2599983215332,48.52000045776367,4847800,42.19986544797032,0.0,1.0,yahoo,2023-12-13 16:42:28
2015-08-07,XRT,48.505001068115234,48.505001068115234,47.92499923706055,48.060001373291016,3664800,41.79978508342388,0.0,1.0,yahoo,2023-12-13 16:42:28
2015-08-10,XRT,48.14500045776367,48.80500030517578,48.14500045776367,48.630001068115234,2519000,42.2955375607534,0.0,1.0,yahoo,2023-12-13 16:42:28
2015-08-11,XRT,48.34999847412109,48.630001068115234,47.97499847412109,48.43000030517578,6194200,42.12158856640244,0.0,1.0,yahoo,2023-12-13 16:42:28
2015-08-12,XRT,48.04499816894531,48.244998931884766,47.375,48.17499923706055,5041400,41.89980351565993,0.0,1.0,yahoo,2023-12-13 16:42:28
2015-08-13,XRT,48.0,48.45000076293945,47.89500045776367,48.10499954223633,3304600,41.83892186530726,0.0,1.0,yahoo,2023-12-13 16:42:28
2015-08-14,XRT,48.060001373291016,48.51499938964844,48.060001373291016,48.45000076293945,2320600,42.13898379761765,0.0,1.0,yahoo,2023-12-13 16:42:28
2015-08-17,XRT,48.33000183105469,48.84000015258789,48.095001220703125,48.79999923706055,3677400,42.443392049381,0.0,1.0,yahoo,2023-12-13 16:42:28
2015-08-18,XRT,48.64500045776367,48.97499847412109,48.525001525878906,48.64500045776367,3332400,42.30858315471453,0.0,1.0,yahoo,2023-12-13 16:42:28
2015-08-19,XRT,48.34999847412109,48.630001068115234,47.935001373291016,48.2400016784668,4280800,41.95633884655963,0.0,1.0,yahoo,2023-12-13 16:42:28
2015-08-20,XRT,47.7599983215332,47.869998931884766,47.05500030517578,47.07500076293945,5355400,40.94308902343129,0.0,1.0,yahoo,2023-12-13 16:42:28
2015-08-21,XRT,46.60499954223633,46.75,45.470001220703125,45.540000915527344,9286200,39.608035717324384,0.0,1.0,yahoo,2023-12-13 16:42:28
2015-08-24,XRT,43.095001220703125,45.38999938964844,41.625,44.20000076293945,9801400,38.44258176831436,0.0,1.0,yahoo,2023-12-13 16:42:28
2015-08-25,XRT,45.3650016784668,45.494998931884766,44.04499816894531,44.07500076293945,5910000,38.33386406157015,0.0,1.0,yahoo,2023-12-13 16:42:28
2015-08-26,XRT,44.91999816894531,45.66999816894531,44.21500015258789,45.66999816894531,4545600,39.72109974352157,0.0,1.0,yahoo,2023-12-13 16:42:28
2015-08-27,XRT,46.06999969482422,46.90499877929688,45.8849983215332,46.59000015258789,7265200,40.52126379041556,0.0,1.0,yahoo,2023-12-13 16:42:28
2015-08-28,XRT,46.52999877929688,47.040000915527344,46.46500015258789,46.86000061035156,1999600,40.756094435119195,0.0,1.0,yahoo,2023-12-13 16:42:28
2015-08-31,XRT,46.43000030517578,47.125,46.43000030517578,46.775001525878906,2986000,40.682167190805394,0.0,1.0,yahoo,2023-12-13 16:42:28
2015-09-01,XRT,45.64500045776367,46.46500015258789,45.64500045776367,45.79499816894531,4958400,39.829817450265786,0.0,1.0,yahoo,2023-12-13 16:42:28
2015-09-02,XRT,46.25,46.619998931884766,45.88999938964844,46.44499969482422,1898600,40.39515085245614,0.0,1.0,yahoo,2023-12-13 16:42:28
2015-09-03,XRT,46.7599983215332,47.0,46.34000015258789,46.46500015258789,1758800,40.412546083671344,0.0,1.0,yahoo,2023-12-13 16:42:28
2015-09-04,XRT,46.005001068115234,46.39500045776367,45.93999862670898,46.09999847412109,2323400,40.09508892014575,0.0,1.0,yahoo,2023-12-13 16:42:28
2015-09-08,XRT,46.810001373291016,47.03499984741211,46.4900016784668,47.005001068115234,5249400,40.88220737307862,0.0,1.0,yahoo,2023-12-13 16:42:28
2015-09-09,XRT,47.35499954223633,47.39500045776367,46.244998931884766,46.310001373291016,3285600,40.277737189004874,0.0,1.0,yahoo,2023-12-13 16:42:28
2015-09-10,XRT,46.0099983215332,46.67499923706055,46.0,46.255001068115234,3287400,40.229901132613335,0.0,1.0,yahoo,2023-12-13 16:42:28
2015-09-11,XRT,46.0099983215332,46.209999084472656,45.63999938964844,46.20000076293945,4061700,40.18206507622179,0.0,2.0,yahoo,2023-12-13 16:42:28
2015-09-14,XRT,46.209999084472656,46.290000915527344,45.869998931884766,45.95000076293945,2105000,39.964629662733365,0.0,1.0,yahoo,2023-12-13 16:42:28
2015-09-15,XRT,46.08000183105469,46.38999938964844,45.79999923706055,46.29999923706055,2646900,40.26903791449672,0.0,1.0,yahoo,2023-12-13 16:42:28
2015-09-16,XRT,46.29999923706055,47.060001373291016,46.15999984741211,47.060001373291016,3664000,40.93004342947016,0.0,1.0,yahoo,2023-12-13 16:42:28
2015-09-17,XRT,46.900001525878906,47.68000030517578,46.869998931884766,47.08000183105469,3058100,40.94743866068537,0.0,1.0,yahoo,2023-12-13 16:42:28
2015-09-18,XRT,46.34000015258789,46.75,46.0,46.09999847412109,5929500,40.17273800715661,0.091,1.0,yahoo,2023-12-13 16:42:28
2015-09-21,XRT,46.29999923706055,46.880001068115234,46.18999862670898,46.400001525878906,2469500,40.43416847133287,0.0,1.0,yahoo,2023-12-13 16:42:28
2015-09-22,XRT,45.90999984741211,46.040000915527344,45.45000076293945,45.81999969482422,3474100,39.928739786433646,0.0,1.0,yahoo,2023-12-13 16:42:28
2015-09-23,XRT,45.91999816894531,46.0099983215332,45.5,45.66999816894531,1721700,39.798024554345524,0.0,1.0,yahoo,2023-12-13 16:42:28
2015-09-24,XRT,45.459999084472656,45.709999084472656,45.13999938964844,45.56999969482422,3887100,39.71088328243773,0.0,1.0,yahoo,2023-12-13 16:42:28
2015-09-25,XRT,45.93999862670898,45.93999862670898,45.09999847412109,45.27999877929688,2503900,39.45816893998813,0.0,1.0,yahoo,2023-12-13 16:42:28
2015-09-28,XRT,45.08000183105469,45.25,43.81999969482422,43.84999847412109,4873200,38.212029471193354,0.0,1.0,yahoo,2023-12-13 16:42:28
2015-09-29,XRT,44.09000015258789,44.220001220703125,43.54999923706055,43.79999923706055,5830300,38.16845883523946,0.0,1.0,yahoo,2023-12-13 16:42:28
2015-09-30,XRT,44.13999938964844,44.43000030517578,43.880001068115234,44.41999816894531,2277800,38.70874203436593,0.0,1.0,yahoo,2023-12-13 16:42:28
2015-10-01,XRT,44.5,44.5,43.65999984741211,44.15999984741211,3724500,38.48217273286981,0.0,1.0,yahoo,2023-12-13 16:42:28
2015-10-02,XRT,43.63999938964844,44.93999862670898,43.33000183105469,44.93999862670898,4339100,39.16188396158461,0.0,1.0,yahoo,2023-12-13 16:42:28
2015-10-05,XRT,45.34999847412109,45.72999954223633,45.09000015258789,45.65999984741211,2313600,39.78931175684532,0.0,1.0,yahoo,2023-12-13 16:42:28
2015-10-06,XRT,45.45000076293945,45.86000061035156,44.93999862670898,45.150001525878906,4671900,39.344885951353284,0.0,1.0,yahoo,2023-12-13 16:42:28
2015-10-07,XRT,45.06999969482422,45.650001525878906,45.0099983215332,45.61000061035156,4122400,39.745741120891424,0.0,1.0,yahoo,2023-12-13 16:42:28
2015-10-08,XRT,45.7599983215332,46.380001068115234,45.63999938964844,46.29999923706055,6509300,40.34702387519864,0.0,1.0,yahoo,2023-12-13 16:42:28
2015-10-09,XRT,46.2599983215332,46.31999969482422,45.70000076293945,46.22999954223633,3135500,40.286024320017894,0.0,1.0,yahoo,2023-12-13 16:42:28
2015-10-12,XRT,46.13999938964844,46.34000015258789,45.900001525878906,46.09999847412109,1711200,40.17273800715661,0.0,1.0,yahoo,2023-12-13 16:42:28
2015-10-13,XRT,45.880001068115234,46.25,45.470001220703125,45.52999877929688,3248800,39.676025443984045,0.0,1.0,yahoo,2023-12-13 16:42:28
2015-10-14,XRT,45.709999084472656,46.16999816894531,44.880001068115234,45.09000015258789,8952100,39.29259919367274,0.0,1.0,yahoo,2023-12-13 16:42:28
2015-10-15,XRT,45.209999084472656,45.66999816894531,44.65999984741211,45.66999816894531,4014600,39.798024554345524,0.0,1.0,yahoo,2023-12-13 16:42:28
2015-10-16,XRT,45.84999847412109,45.90999984741211,45.45000076293945,45.90999984741211,2727100,40.00716826084123,0.0,1.0,yahoo,2023-12-13 16:42:28
2015-10-19,XRT,45.77000045776367,46.2400016784668,45.77000045776367,46.209999084472656,3194900,40.26859540079105,0.0,1.0,yahoo,2023-12-13 16:42:28
2015-10-20,XRT,46.150001525878906,46.459999084472656,46.130001068115234,46.34999847412109,1681500,40.39059451115253,0.0,1.0,yahoo,2023-12-13 16:42:28
2015-10-21,XRT,46.41999816894531,46.459999084472656,45.720001220703125,45.7599983215332,3136000,39.87645302875311,0.0,1.0,yahoo,2023-12-13 16:42:28
2015-10-22,XRT,46.0,46.09999847412109,45.52000045776367,45.619998931884766,3130700,39.754453918391626,0.0,1.0,yahoo,2023-12-13 16:42:28
2015-10-23,XRT,45.959999084472656,46.06999969482422,44.56999969482422,44.9900016784668,8695800,39.20545792176495,0.0,1.0,yahoo,2023-12-13 16:42:28
2015-10-26,XRT,45.040000915527344,45.380001068115234,44.90999984741211,45.22999954223633,3165700,39.41459830403423,0.0,1.0,yahoo,2023-12-13 16:42:28
2015-10-27,XRT,45.02000045776367,45.13999938964844,44.310001373291016,44.70000076293945,3389700,38.95274357931534,0.0,1.0,yahoo,2023-12-13 16:42:28
2015-10-28,XRT,44.79999923706055,45.900001525878906,44.66999816894531,45.84000015258789,2924300,39.9461687056605,0.0,1.0,yahoo,2023-12-13 16:42:28
2015-10-29,XRT,45.52000045776367,45.77000045776367,45.290000915527344,45.63999938964844,2612000,39.77188283761847,0.0,1.0,yahoo,2023-12-13 16:42:28
2015-10-30,XRT,45.65999984741211,46.130001068115234,45.380001068115234,45.88999938964844,4306200,39.98973934161439,0.0,1.0,yahoo,2023-12-13 16:42:28
2015-11-02,XRT,45.95000076293945,46.400001525878906,45.40999984741211,46.34999847412109,2809000,40.39059451115253,0.0,1.0,yahoo,2023-12-13 16:42:28
2015-11-03,XRT,46.630001068115234,47.060001373291016,46.5,46.90999984741211,3645500,40.878594276824906,0.0,1.0,yahoo,2023-12-13 16:42:28
2015-11-04,XRT,46.880001068115234,46.88999938964844,46.27000045776367,46.40999984741211,3075900,40.44288126883307,0.0,1.0,yahoo,2023-12-13 16:42:28
2015-11-05,XRT,46.43000030517578,46.7400016784668,46.060001373291016,46.65999984741211,2413200,40.66073777282899,0.0,1.0,yahoo,2023-12-13 16:42:28
2015-11-06,XRT,46.27000045776367,46.459999084472656,45.900001525878906,46.27000045776367,2959400,40.32088215847159,0.0,1.0,yahoo,2023-12-13 16:42:28
2015-11-09,XRT,46.119998931884766,46.15999984741211,44.93000030517578,45.29999923706055,4019900,39.475597859214965,0.0,1.0,yahoo,2023-12-13 16:42:28
2015-11-10,XRT,45.119998931884766,45.7599983215332,45.0099983215332,45.650001525878906,3532900,39.78059895934511,0.0,1.0,yahoo,2023-12-13 16:42:28
2015-11-11,XRT,45.470001220703125,45.650001525878906,44.54999923706055,44.619998931884766,8270200,38.88302790240795,0.0,1.0,yahoo,2023-12-13 16:42:28
2015-11-12,XRT,44.5,44.91999816894531,44.04999923706055,44.04999923706055,6120600,38.38631533923538,0.0,1.0,yahoo,2023-12-13 16:42:28
2015-11-13,XRT,43.470001220703125,43.470001220703125,42.2599983215332,42.369998931884766,11235600,36.9223193664447,0.0,1.0,yahoo,2023-12-13 16:42:28
2015-11-16,XRT,42.08000183105469,43.02000045776367,41.959999084472656,43.02000045776367,8318100,37.48874760652466,0.0,1.0,yahoo,2023-12-13 16:42:28
2015-11-17,XRT,43.43000030517578,43.52000045776367,42.61000061035156,42.86000061035156,8523300,37.34931957693633,0.0,1.0,yahoo,2023-12-13 16:42:28
2015-11-18,XRT,42.83000183105469,43.630001068115234,42.83000183105469,43.61000061035156,5701700,38.002889088924086,0.0,1.0,yahoo,2023-12-13 16:42:28
2015-11-19,XRT,43.56999969482422,43.68000030517578,43.209999084472656,43.27999877929688,6213700,37.71531690802079,0.0,1.0,yahoo,2023-12-13 16:42:28
2015-11-20,XRT,43.709999084472656,44.27999877929688,43.709999084472656,44.15999984741211,6949300,38.48217273286981,0.0,1.0,yahoo,2023-12-13 16:42:28
2015-11-23,XRT,44.11000061035156,44.59999847412109,44.02000045776367,44.58000183105469,5382500,38.848173388180705,0.0,1.0,yahoo,2023-12-13 16:42:28
2015-11-24,XRT,44.20000076293945,45.119998931884766,44.119998931884766,45.0,4452100,39.214170719265155,0.0,1.0,yahoo,2023-12-13 16:42:28
2015-11-25,XRT,45.31999969482422,45.72999954223633,45.0099983215332,45.619998931884766,7589000,39.754453918391626,0.0,1.0,yahoo,2023-12-13 16:42:28
2015-11-27,XRT,45.66999816894531,45.93000030517578,45.220001220703125,45.560001373291016,2099300,39.702170484937525,0.0,1.0,yahoo,2023-12-13 16:42:28
2015-11-30,XRT,45.47999954223633,45.59999847412109,44.45000076293945,44.56999969482422,10217300,38.83945726645406,0.0,1.0,yahoo,2023-12-13 16:42:28
2015-12-01,XRT,44.790000915527344,44.88999938964844,44.45000076293945,44.7400016784668,5158300,38.987601417769035,0.0,1.0,yahoo,2023-12-13 16:42:28
2015-12-02,XRT,44.720001220703125,45.09999847412109,44.58000183105469,44.68999862670898,2912100,38.94402745758869,0.0,1.0,yahoo,2023-12-13 16:42:28
2015-12-03,XRT,45.02000045776367,45.060001373291016,43.68000030517578,43.90999984741211,8350100,38.264316228873895,0.0,1.0,yahoo,2023-12-13 16:42:28
2015-12-04,XRT,43.91999816894531,44.720001220703125,43.84999847412109,44.66999816894531,7331600,38.92659853836185,0.0,1.0,yahoo,2023-12-13 16:42:28
2015-12-07,XRT,44.59000015258789,44.63999938964844,44.06999969482422,44.27000045776367,3471600,38.578030126504245,0.0,1.0,yahoo,2023-12-13 16:42:28
2015-12-08,XRT,43.77000045776367,44.45000076293945,43.68999862670898,44.220001220703125,4971000,38.534459490550354,0.0,1.0,yahoo,2023-12-13 16:42:28
2015-12-09,XRT,43.95000076293945,44.91999816894531,43.7599983215332,44.02000045776367,4761800,38.36017362250833,0.0,1.0,yahoo,2023-12-13 16:42:28
2015-12-10,XRT,44.29999923706055,44.5099983215332,44.02000045776367,44.27000045776367,4120100,38.578030126504245,0.0,1.0,yahoo,2023-12-13 16:42:28
2015-12-11,XRT,43.77999877929688,43.95000076293945,43.38999938964844,43.41999816894531,4002500,37.83731601838226,0.0,1.0,yahoo,2023-12-13 16:42:28
2015-12-14,XRT,43.66999816894531,43.93000030517578,42.869998931884766,43.41999816894531,4386700,37.83731601838226,0.0,1.0,yahoo,2023-12-13 16:42:28
2015-12-15,XRT,43.630001068115234,44.06999969482422,43.5,43.650001525878906,4927800,38.037746927377775,0.0,1.0,yahoo,2023-12-13 16:42:28
2015-12-16,XRT,43.88999938964844,44.43000030517578,43.720001220703125,44.38999938964844,4830500,38.68260031763889,0.0,1.0,yahoo,2023-12-13 16:42:28
2015-12-17,XRT,44.459999084472656,44.59999847412109,43.43000030517578,43.459999084472656,4053800,37.87217385683596,0.0,1.0,yahoo,2023-12-13 16:42:28
2015-12-18,XRT,43.0,43.290000915527344,42.68999862670898,42.7400016784668,4511100,37.37288006336147,0.149,1.0,yahoo,2023-12-13 16:42:28
2015-12-21,XRT,43.060001373291016,43.060001373291016,42.5099983215332,42.709999084472656,2560400,37.346645077332035,0.0,1.0,yahoo,2023-12-13 16:42:28
2015-12-22,XRT,42.959999084472656,43.68999862670898,42.84000015258789,43.540000915527344,3221600,38.07241853699957,0.0,1.0,yahoo,2023-12-13 16:42:28
2015-12-23,XRT,43.70000076293945,44.119998931884766,43.52999877929688,44.02000045776367,3061700,38.492141621182434,0.0,1.0,yahoo,2023-12-13 16:42:28
2015-12-24,XRT,44.02000045776367,44.02000045776367,43.58000183105469,43.650001525878906,561300,38.16860570256154,0.0,1.0,yahoo,2023-12-13 16:42:28
2015-12-28,XRT,43.54999923706055,43.7400016784668,43.220001220703125,43.540000915527344,2873900,38.07241853699957,0.0,1.0,yahoo,2023-12-13 16:42:28
2015-12-29,XRT,43.59999847412109,44.25,43.59999847412109,44.0,1798800,38.47465274238366,0.0,1.0,yahoo,2023-12-13 16:42:28
2015-12-30,XRT,43.84000015258789,44.08000183105469,43.650001525878906,43.68999862670898,2117500,38.20358012449652,0.0,1.0,yahoo,2023-12-13 16:42:28
2015-12-31,XRT,43.5099983215332,43.86000061035156,43.2400016784668,43.2400016784668,2771400,37.810092026343106,0.0,1.0,yahoo,2023-12-13 16:42:28
2016-01-04,XRT,42.59999847412109,43.119998931884766,42.400001525878906,42.970001220703125,4341600,37.573997166053516,0.0,1.0,yahoo,2023-12-13 16:42:28
2016-01-05,XRT,43.119998931884766,43.400001525878906,42.83000183105469,43.31999969482422,4554900,37.880044205875635,0.0,1.0,yahoo,2023-12-13 16:42:28
2016-01-06,XRT,42.560001373291016,42.88999938964844,42.130001068115234,42.40999984741211,4416300,37.08431856667557,0.0,1.0,yahoo,2023-12-13 16:42:28
2016-01-07,XRT,41.90999984741211,42.880001068115234,41.81999969482422,42.2599983215332,5843300,36.95315364351605,0.0,1.0,yahoo,2023-12-13 16:42:28
2016-01-08,XRT,42.09000015258789,42.36000061035156,40.88999938964844,40.97999954223633,6105900,35.83389208569509,0.0,1.0,yahoo,2023-12-13 16:42:28
2016-01-11,XRT,41.13999938964844,41.43000030517578,40.66999816894531,41.11000061035156,3254300,35.947568130055835,0.0,1.0,yahoo,2023-12-13 16:42:28
2016-01-12,XRT,41.560001373291016,41.93999862670898,40.77999877929688,41.45000076293945,5222100,36.244872398309845,0.0,1.0,yahoo,2023-12-13 16:42:28
2016-01-13,XRT,41.4900016784668,41.560001373291016,40.060001373291016,40.08000183105469,3440200,35.04691255372569,0.0,1.0,yahoo,2023-12-13 16:42:28
2016-01-14,XRT,40.209999084472656,40.58000183105469,39.34999847412109,40.16999816894531,4313400,35.12560750482633,0.0,1.0,yahoo,2023-12-13 16:42:28
2016-01-15,XRT,39.29999923706055,39.68000030517578,38.650001525878906,39.40999984741211,6365500,34.46104678878577,0.0,1.0,yahoo,2023-12-13 16:42:28
2016-01-19,XRT,39.79999923706055,39.79999923706055,38.650001525878906,39.09000015258789,5448200,34.181231399330535,0.0,1.0,yahoo,2023-12-13 16:42:28
2016-01-20,XRT,38.59999847412109,39.70000076293945,37.79999923706055,39.290000915527344,7443100,34.3561168516557,0.0,1.0,yahoo,2023-12-13 16:42:28
2016-01-21,XRT,39.470001220703125,40.290000915527344,39.13999938964844,39.66999816894531,4241300,34.68839554184469,0.0,1.0,yahoo,2023-12-13 16:42:28
2016-01-22,XRT,40.31999969482422,40.61000061035156,40.0,40.369998931884766,4311500,35.30049295715149,0.0,1.0,yahoo,2023-12-13 16:42:28
2016-01-25,XRT,40.27000045776367,40.43999862670898,39.54999923706055,39.58000183105469,3780700,34.609700590744055,0.0,1.0,yahoo,2023-12-13 16:42:28
2016-01-26,XRT,39.77999877929688,40.68999862670898,39.68000030517578,40.5099983215332,4396000,35.42291177308034,0.0,1.0,yahoo,2023-12-13 16:42:28
2016-01-27,XRT,40.369998931884766,40.7400016784668,39.75,39.93999862670898,3541000,34.924490402134275,0.0,1.0,yahoo,2023-12-13 16:42:28
2016-01-28,XRT,40.27999877929688,40.40999984741211,39.59999847412109,39.93000030517578,2492200,34.91574763056618,0.0,1.0,yahoo,2023-12-13 16:42:28
2016-01-29,XRT,40.0,41.040000915527344,40.0,41.040000915527344,3331500,35.88635872209141,0.0,1.0,yahoo,2023-12-13 16:42:28
2016-02-01,XRT,41.02000045776367,41.43000030517578,40.43999862670898,41.25,3386800,36.06998694598468,0.0,1.0,yahoo,2023-12-13 16:42:28
2016-02-02,XRT,41.18000030517578,41.31999969482422,40.27999877929688,40.43000030517578,5099200,35.35295959354781,0.0,1.0,yahoo,2023-12-13 16:42:28
2016-02-03,XRT,40.41999816894531,40.68000030517578,39.41999816894531,40.16999816894531,5722400,35.12560750482633,0.0,1.0,yahoo,2023-12-13 16:42:28
2016-02-04,XRT,39.540000915527344,40.400001525878906,39.400001525878906,40.16999816894531,6053300,35.12560750482633,0.0,1.0,yahoo,2023-12-13 16:42:28
2016-02-05,XRT,39.97999954223633,40.09999847412109,39.040000915527344,39.11000061035156,4187600,34.1987202781293,0.0,1.0,yahoo,2023-12-13 16:42:28
2016-02-08,XRT,38.77000045776367,38.880001068115234,38.09999847412109,38.650001525878906,4747300,33.79648607274522,0.0,1.0,yahoo,2023-12-13 16:42:28
2016-02-09,XRT,38.369998931884766,39.20000076293945,38.11000061035156,38.52999877929688,4188100,33.69155279995259,0.0,1.0,yahoo,2023-12-13 16:42:28
2016-02-10,XRT,38.709999084472656,39.20000076293945,38.5099983215332,38.5099983215332,2832000,33.67406392115381,0.0,1.0,yahoo,2023-12-13 16:42:28
2016-02-11,XRT,38.130001068115234,38.650001525878906,37.91999816894531,38.38999938964844,3931100,33.569133984023736,0.0,1.0,yahoo,2023-12-13 16:42:28
2016-02-12,XRT,38.7400016784668,39.34000015258789,38.52000045776367,39.31999969482422,4067000,34.38234850202257,0.0,1.0,yahoo,2023-12-13 16:42:28
2016-02-16,XRT,39.47999954223633,40.9900016784668,39.47999954223633,40.900001525878906,7024700,35.76393990616256,0.0,1.0,yahoo,2023-12-13 16:42:28
2016-02-17,XRT,41.18000030517578,41.90999984741211,41.0099983215332,41.75,4906000,36.507198908966316,0.0,1.0,yahoo,2023-12-13 16:42:28
2016-02-18,XRT,41.650001525878906,41.77999877929688,41.0099983215332,41.66999816894531,3472600,36.437243393771226,0.0,1.0,yahoo,2023-12-13 16:42:28
2016-02-19,XRT,41.150001525878906,41.4900016784668,40.709999084472656,41.34999847412109,5792600,36.15742800431598,0.0,1.0,yahoo,2023-12-13 16:42:28
2016-02-22,XRT,41.650001525878906,42.20000076293945,41.619998931884766,42.060001373291016,3944700,36.778271526853445,0.0,1.0,yahoo,2023-12-13 16:42:28
2016-02-23,XRT,42.150001525878906,42.40999984741211,41.84000015258789,42.150001525878906,5383800,36.856969813616644,0.0,1.0,yahoo,2023-12-13 16:42:28
2016-02-24,XRT,41.75,42.70000076293945,41.43000030517578,42.65999984741211,6606900,37.30292454816638,0.0,1.0,yahoo,2023-12-13 16:42:28
2016-02-25,XRT,42.869998931884766,43.25,42.380001068115234,43.25,3499800,37.818834797911215,0.0,1.0,yahoo,2023-12-13 16:42:28
2016-02-26,XRT,43.459999084472656,43.5,42.970001220703125,43.34999847412109,5052600,37.90627585624251,0.0,1.0,yahoo,2023-12-13 16:42:28
2016-02-29,XRT,43.34999847412109,43.790000915527344,43.209999084472656,43.31999969482422,2576200,37.880044205875635,0.0,1.0,yahoo,2023-12-13 16:42:28
2016-03-01,XRT,43.63999938964844,44.0099983215332,43.22999954223633,44.0099983215332,3602100,38.48339551395177,0.0,1.0,yahoo,2023-12-13 16:42:28
2016-03-02,XRT,43.93999862670898,44.209999084472656,43.66999816894531,44.209999084472656,3883400,38.658280966276934,0.0,1.0,yahoo,2023-12-13 16:42:28
2016-03-03,XRT,44.02000045776367,44.59999847412109,43.77000045776367,44.59999847412109,4950200,38.99930576369659,0.0,1.0,yahoo,2023-12-13 16:42:28
2016-03-04,XRT,44.61000061035156,45.29999923706055,44.47999954223633,44.81999969482422,5798400,39.19168009482053,0.0,1.0,yahoo,2023-12-13 16:42:28
2016-03-07,XRT,44.58000183105469,45.380001068115234,44.58000183105469,45.04999923706055,4032200,39.39279719751258,0.0,1.0,yahoo,2023-12-13 16:42:28
2016-03-08,XRT,45.08000183105469,45.209999084472656,44.70000076293945,44.72999954223633,4522600,39.112981808057334,0.0,1.0,yahoo,2023-12-13 16:42:28
2016-03-09,XRT,44.95000076293945,45.0099983215332,44.52999877929688,44.83000183105469,3200000,39.2004262020512,0.0,1.0,yahoo,2023-12-13 16:42:28
2016-03-10,XRT,45.09999847412109,45.369998931884766,44.36000061035156,44.91999816894531,3976300,39.279121153151834,0.0,1.0,yahoo,2023-12-13 16:42:28
2016-03-11,XRT,45.29999923706055,45.61000061035156,45.130001068115234,45.61000061035156,5056600,39.882475796890525,0.0,1.0,yahoo,2023-12-13 16:42:28
2016-03-14,XRT,45.5099983215332,45.709999084472656,45.34000015258789,45.56999969482422,3246200,39.84749803929298,0.0,1.0,yahoo,2023-12-13 16:42:28
2016-03-15,XRT,45.31999969482422,45.68000030517578,45.0099983215332,45.68000030517578,4608700,39.94368520485495,0.0,1.0,yahoo,2023-12-13 16:42:28
2016-03-16,XRT,44.95000076293945,45.45000076293945,44.79999923706055,45.31999969482422,4534300,39.62889205780217,0.0,1.0,yahoo,2023-12-13 16:42:28
2016-03-17,XRT,45.33000183105469,45.86000061035156,44.900001525878906,45.77000045776367,4771600,40.02238349161815,0.0,1.0,yahoo,2023-12-13 16:42:28
2016-03-18,XRT,45.65999984741211,46.119998931884766,45.59999847412109,45.97999954223633,4032800,40.33997887144619,0.152,1.0,yahoo,2023-12-13 16:42:28
2016-03-21,XRT,45.7400016784668,46.150001525878906,45.630001068115234,45.7400016784668,4869600,40.129419740301316,0.0,1.0,yahoo,2023-12-13 16:42:28
2016-03-22,XRT,45.4900016784668,45.869998931884766,45.33000183105469,45.52000045776367,2235500,39.93640441443764,0.0,1.0,yahoo,2023-12-13 16:42:28
2016-03-23,XRT,45.459999084472656,45.68999862670898,44.90999984741211,44.959999084472656,4974700,39.44509419713785,0.0,1.0,yahoo,2023-12-13 16:42:28
2016-03-24,XRT,44.7400016784668,45.209999084472656,44.650001525878906,45.18999862670898,3897600,39.64688142564212,0.0,1.0,yahoo,2023-12-13 16:42:28
2016-03-28,XRT,45.31999969482422,45.81999969482422,45.209999084472656,45.52999877929688,3027300,39.94517631707825,0.0,1.0,yahoo,2023-12-13 16:42:28
2016-03-29,XRT,45.45000076293945,46.16999816894531,45.36000061035156,46.13999938964844,3027900,40.48035274113513,0.0,1.0,yahoo,2023-12-13 16:42:28
2016-03-30,XRT,46.27999877929688,46.5,46.060001373291016,46.2400016784668,3744500,40.56808850142637,0.0,1.0,yahoo,2023-12-13 16:42:28
2016-03-31,XRT,46.22999954223633,46.40999984741211,45.9900016784668,46.18000030517578,3947300,40.51544704525162,0.0,1.0,yahoo,2023-12-13 16:42:28
2016-04-01,XRT,46.0099983215332,46.18000030517578,45.63999938964844,46.119998931884766,3307600,40.46280558907688,0.0,1.0,yahoo,2023-12-13 16:42:28
2016-04-04,XRT,46.130001068115234,46.16999816894531,45.47999954223633,45.52000045776367,2766900,39.93640441443764,0.0,1.0,yahoo,2023-12-13 16:42:28
2016-04-05,XRT,45.18000030517578,45.38999938964844,44.970001220703125,45.02000045776367,4520800,39.49773565331259,0.0,1.0,yahoo,2023-12-13 16:42:28
2016-04-06,XRT,45.040000915527344,45.470001220703125,44.7400016784668,45.36000061035156,2829400,39.7960305447487,0.0,1.0,yahoo,2023-12-13 16:42:28
2016-04-07,XRT,45.040000915527344,45.18999862670898,43.95000076293945,44.09999847412109,9478600,38.690583392518434,0.0,1.0,yahoo,2023-12-13 16:42:28
2016-04-08,XRT,44.22999954223633,44.630001068115234,43.61000061035156,43.86000061035156,8618200,38.480024261373565,0.0,1.0,yahoo,2023-12-13 16:42:28
2016-04-11,XRT,43.93999862670898,44.22999954223633,43.4900016784668,43.4900016784668,7160200,38.1554103152386,0.0,1.0,yahoo,2023-12-13 16:42:28
2016-04-12,XRT,43.560001373291016,44.16999816894531,43.16999816894531,44.09000015258789,7870000,38.68181148987784,0.0,1.0,yahoo,2023-12-13 16:42:28
2016-04-13,XRT,44.119998931884766,45.33000183105469,44.119998931884766,45.290000915527344,8320500,39.73461718593337,0.0,1.0,yahoo,2023-12-13 16:42:28
2016-04-14,XRT,45.20000076293945,45.36000061035156,44.790000915527344,44.9900016784668,5010300,39.47141659861374,0.0,1.0,yahoo,2023-12-13 16:42:28
2016-04-15,XRT,44.880001068115234,45.36000061035156,44.790000915527344,45.34000015258789,4946100,39.77848339269046,0.0,1.0,yahoo,2023-12-13 16:42:28
2016-04-18,XRT,45.209999084472656,45.56999969482422,45.09000015258789,45.540000915527344,3798700,39.95395156649589,0.0,1.0,yahoo,2023-12-13 16:42:28
2016-04-19,XRT,45.560001373291016,45.7599983215332,45.25,45.369998931884766,3685200,39.80480244738931,0.0,1.0,yahoo,2023-12-13 16:42:28
2016-04-20,XRT,45.34999847412109,45.880001068115234,45.130001068115234,45.54999923706055,3046400,39.962723469136485,0.0,1.0,yahoo,2023-12-13 16:42:28
2016-04-21,XRT,45.70000076293945,45.869998931884766,44.970001220703125,45.0099983215332,3547800,39.48896040389494,0.0,1.0,yahoo,2023-12-13 16:42:28
2016-04-22,XRT,44.93999862670898,45.31999969482422,44.93999862670898,45.22999954223633,3035300,39.68197572975862,0.0,1.0,yahoo,2023-12-13 16:42:28
2016-04-25,XRT,45.09999847412109,45.209999084472656,44.720001220703125,44.83000183105469,2760400,39.33104272892481,0.0,1.0,yahoo,2023-12-13 16:42:28
2016-04-26,XRT,44.93000030517578,45.56999969482422,44.77999877929688,45.540000915527344,2801200,39.95395156649589,0.0,1.0,yahoo,2023-12-13 16:42:28
2016-04-27,XRT,45.470001220703125,45.83000183105469,45.290000915527344,45.790000915527344,3100900,40.17328594705841,0.0,1.0,yahoo,2023-12-13 16:42:28
2016-04-28,XRT,45.29999923706055,45.470001220703125,44.709999084472656,44.77000045776367,5017300,39.27840127275007,0.0,1.0,yahoo,2023-12-13 16:42:28
2016-04-29,XRT,44.810001373291016,45.02999877929688,43.9900016784668,44.20000076293945,9202000,38.77831915280968,0.0,1.0,yahoo,2023-12-13 16:42:28
2016-05-02,XRT,44.560001373291016,44.66999816894531,44.02000045776367,44.59999847412109,3417700,39.12925215364348,0.0,1.0,yahoo,2023-12-13 16:42:28
2016-05-03,XRT,44.29999923706055,44.43000030517578,43.72999954223633,43.959999084472656,5113600,38.567756674887754,0.0,1.0,yahoo,2023-12-13 16:42:28
2016-05-04,XRT,43.720001220703125,44.2400016784668,43.56999969482422,43.810001373291016,3883400,38.43615805461646,0.0,1.0,yahoo,2023-12-13 16:42:28
2016-05-05,XRT,43.52999877929688,43.79999923706055,42.86000061035156,42.90999984741211,10317300,37.64655294588056,0.0,1.0,yahoo,2023-12-13 16:42:28
2016-05-06,XRT,42.7400016784668,43.06999969482422,42.369998931884766,43.02999877929688,4085000,37.751832511453,0.0,1.0,yahoo,2023-12-13 16:42:28
2016-05-09,XRT,43.18000030517578,43.97999954223633,43.04999923706055,43.72999954223633,6346500,38.365969446383474,0.0,1.0,yahoo,2023-12-13 16:42:28
2016-05-10,XRT,43.560001373291016,43.77000045776367,43.31999969482422,43.65999984741211,5025900,38.30455608756813,0.0,1.0,yahoo,2023-12-13 16:42:28
2016-05-11,XRT,42.75,42.84000015258789,41.70000076293945,41.720001220703125,9602400,36.60252249924268,0.0,1.0,yahoo,2023-12-13 16:42:28
2016-05-12,XRT,41.81999969482422,41.95000076293945,41.310001373291016,41.61000061035156,6363700,36.50601483631085,0.0,1.0,yahoo,2023-12-13 16:42:28
2016-05-13,XRT,41.5,41.97999954223633,41.02999877929688,41.040000915527344,13786000,36.00593271637045,0.0,1.0,yahoo,2023-12-13 16:42:28
2016-05-16,XRT,41.08000183105469,41.47999954223633,41.02000045776367,41.380001068115234,8876900,36.30422760780657,0.0,1.0,yahoo,2023-12-13 16:42:28
2016-05-17,XRT,41.27999877929688,41.400001525878906,40.540000915527344,40.720001220703125,7951200,35.72518497699259,0.0,1.0,yahoo,2023-12-13 16:42:28
2016-05-18,XRT,40.040000915527344,40.5099983215332,39.95000076293945,40.15999984741211,6537400,35.233874759692796,0.0,1.0,yahoo,2023-12-13 16:42:28
2016-05-19,XRT,40.290000915527344,40.83000183105469,40.25,40.68000030517578,9975000,35.69009067287609,0.0,1.0,yahoo,2023-12-13 16:42:28
2016-05-20,XRT,40.72999954223633,41.2599983215332,40.56999969482422,41.2599983215332,7448100,36.19894469545708,0.0,1.0,yahoo,2023-12-13 16:42:28
2016-05-23,XRT,41.220001220703125,41.560001373291016,40.869998931884766,40.869998931884766,4643000,35.85678359726387,0.0,1.0,yahoo,2023-12-13 16:42:28
2016-05-24,XRT,40.91999816894531,41.36000061035156,40.810001373291016,41.20000076293945,4754700,36.14630658605939,0.0,1.0,yahoo,2023-12-13 16:42:28
2016-05-25,XRT,41.43999862670898,41.79999923706055,41.08000183105469,41.70000076293945,6880000,36.58497534718443,0.0,1.0,yahoo,2023-12-13 16:42:28
2016-05-26,XRT,42.09999847412109,42.220001220703125,41.66999816894531,41.810001373291016,5969900,36.681483010116274,0.0,1.0,yahoo,2023-12-13 16:42:28
2016-05-27,XRT,41.97999954223633,42.369998931884766,41.93999862670898,42.29999923706055,4244800,37.11137652182367,0.0,1.0,yahoo,2023-12-13 16:42:28
2016-05-31,XRT,42.369998931884766,42.52000045776367,42.130001068115234,42.310001373291016,5313900,37.120151771241325,0.0,1.0,yahoo,2023-12-13 16:42:28
2016-06-01,XRT,42.11000061035156,42.52000045776367,42.0099983215332,42.459999084472656,2186600,37.25175039151261,0.0,1.0,yahoo,2023-12-13 16:42:28
2016-06-02,XRT,42.36000061035156,42.95000076293945,42.29999923706055,42.95000076293945,5536700,37.681647249997056,0.0,1.0,yahoo,2023-12-13 16:42:28
2016-06-03,XRT,42.7400016784668,42.95000076293945,42.34999847412109,42.650001525878906,6966000,37.41844666267744,0.0,1.0,yahoo,2023-12-13 16:42:28
2016-06-06,XRT,42.66999816894531,42.77000045776367,42.40999984741211,42.650001525878906,2570400,37.41844666267744,0.0,1.0,yahoo,2023-12-13 16:42:28
2016-06-07,XRT,42.4900016784668,43.08000183105469,42.43999862670898,42.95000076293945,4109900,37.681647249997056,0.0,1.0,yahoo,2023-12-13 16:42:28
2016-06-08,XRT,43.0,43.15999984741211,42.7599983215332,42.970001220703125,1972000,37.699194402055305,0.0,1.0,yahoo,2023-12-13 16:42:28
2016-06-09,XRT,42.790000915527344,42.84999847412109,42.130001068115234,42.31999969482422,4792000,37.12892367388192,0.0,1.0,yahoo,2023-12-13 16:42:28
2016-06-10,XRT,41.79999923706055,41.9900016784668,41.5099983215332,41.709999084472656,6652300,36.593747249825036,0.0,1.0,yahoo,2023-12-13 16:42:28
2016-06-13,XRT,41.619998931884766,41.81999969482422,41.20000076293945,41.20000076293945,4635600,36.14630658605939,0.0,1.0,yahoo,2023-12-13 16:42:28
2016-06-14,XRT,41.209999084472656,41.40999984741211,40.720001220703125,41.08000183105469,5445900,36.04102702048695,0.0,1.0,yahoo,2023-12-13 16:42:28
2016-06-15,XRT,41.220001220703125,42.09999847412109,41.18999862670898,41.59000015258789,6648900,36.4884676842526,0.0,1.0,yahoo,2023-12-13 16:42:28
2016-06-16,XRT,41.43000030517578,41.4900016784668,40.90999984741211,41.36000061035156,5326000,36.28668045574832,0.0,1.0,yahoo,2023-12-13 16:42:28
2016-06-17,XRT,41.540000915527344,41.810001373291016,41.15999984741211,41.43999862670898,6191800,36.49097180114823,0.152,1.0,yahoo,2023-12-13 16:42:28
2016-06-20,XRT,41.95000076293945,42.380001068115234,41.869998931884766,41.959999084472656,3871500,36.94887051421934,0.0,1.0,yahoo,2023-12-13 16:42:28
2016-06-21,XRT,41.90999984741211,41.959999084472656,41.43000030517578,41.61000061035156,2497200,36.64067107230705,0.0,1.0,yahoo,2023-12-13 16:42:28
2016-06-22,XRT,41.72999954223633,41.9900016784668,41.41999816894531,41.41999816894531,3185500,36.47335992459296,0.0,1.0,yahoo,2023-12-13 16:42:28
2016-06-23,XRT,41.869998931884766,42.13999938964844,41.7599983215332,42.0,2458700,36.98409426732988,0.0,1.0,yahoo,2023-12-13 16:42:28
2016-06-24,XRT,40.880001068115234,41.34000015258789,40.52999877929688,41.09999847412109,7104200,36.191576617952585,0.0,1.0,yahoo,2023-12-13 16:42:28
2016-06-27,XRT,40.869998931884766,41.0099983215332,39.5,40.13999938964844,8504000,35.346226698031465,0.0,1.0,yahoo,2023-12-13 16:42:28
2016-06-28,XRT,40.619998931884766,41.0,40.34000015258789,40.68000030517578,5348100,35.82173728765784,0.0,1.0,yahoo,2023-12-13 16:42:28
2016-06-29,XRT,41.16999816894531,41.70000076293945,40.970001220703125,41.61000061035156,3898700,36.64067107230705,0.0,1.0,yahoo,2023-12-13 16:42:28
2016-06-30,XRT,41.70000076293945,41.970001220703125,41.310001373291016,41.959999084472656,5197600,36.94887051421934,0.0,1.0,yahoo,2023-12-13 16:42:28
2016-07-01,XRT,41.90999984741211,42.59999847412109,41.869998931884766,42.34000015258789,3355400,37.28348945052552,0.0,1.0,yahoo,2023-12-13 16:42:28
2016-07-05,XRT,42.130001068115234,42.220001220703125,41.27999877929688,41.65999984741211,5105000,36.68469908413423,0.0,1.0,yahoo,2023-12-13 16:42:28
2016-07-06,XRT,41.52999877929688,42.31999969482422,41.459999084472656,42.290000915527344,4419100,37.239461438698335,0.0,1.0,yahoo,2023-12-13 16:42:28
2016-07-07,XRT,42.13999938964844,42.61000061035156,41.9900016784668,42.290000915527344,2456500,37.239461438698335,0.0,1.0,yahoo,2023-12-13 16:42:28
2016-07-08,XRT,42.56999969482422,43.45000076293945,42.56999969482422,43.38999938964844,5956900,38.20809113538437,0.0,1.0,yahoo,2023-12-13 16:42:28
2016-07-11,XRT,43.54999923706055,43.90999984741211,43.45000076293945,43.869998931884766,4803500,38.63076609534494,0.0,1.0,yahoo,2023-12-13 16:42:28
2016-07-12,XRT,44.0,44.33000183105469,43.959999084472656,44.209999084472656,3946600,38.93016127854058,0.0,1.0,yahoo,2023-12-13 16:42:28
2016-07-13,XRT,44.38999938964844,44.43000030517578,43.68999862670898,43.86000061035156,5632100,38.62196183662829,0.0,1.0,yahoo,2023-12-13 16:42:28
2016-07-14,XRT,44.119998931884766,44.22999954223633,43.900001525878906,43.93000030517578,2314500,38.683601725010746,0.0,1.0,yahoo,2023-12-13 16:42:28
2016-07-15,XRT,43.9900016784668,44.06999969482422,43.68999862670898,43.7400016784668,4680300,38.51629393641865,0.0,1.0,yahoo,2023-12-13 16:42:28
2016-07-18,XRT,43.790000915527344,44.470001220703125,43.790000915527344,44.43999862670898,3745000,39.13269282024322,0.0,1.0,yahoo,2023-12-13 16:42:28
2016-07-19,XRT,44.29999923706055,44.36000061035156,43.93000030517578,44.060001373291016,2257900,38.79807724305902,0.0,1.0,yahoo,2023-12-13 16:42:28
2016-07-20,XRT,44.09999847412109,44.5099983215332,44.0,44.459999084472656,3032100,39.15030469679849,0.0,1.0,yahoo,2023-12-13 16:42:28
2016-07-21,XRT,44.52999877929688,44.66999816894531,44.150001525878906,44.290000915527344,2292300,39.00060878476167,0.0,1.0,yahoo,2023-12-13 16:42:28
2016-07-22,XRT,44.20000076293945,44.5099983215332,44.02000045776367,44.4900016784668,1925400,39.17672419119239,0.0,1.0,yahoo,2023-12-13 16:42:28
2016-07-25,XRT,44.54999923706055,44.95000076293945,44.40999984741211,44.93999862670898,2672700,39.57297965675905,0.0,1.0,yahoo,2023-12-13 16:42:28
2016-07-26,XRT,45.04999923706055,45.5,45.0099983215332,45.2400016784668,5499800,39.83715444596614,0.0,1.0,yahoo,2023-12-13 16:42:28
2016-07-27,XRT,45.290000915527344,45.41999816894531,44.68999862670898,44.86000061035156,6478500,39.50253550965996,0.0,1.0,yahoo,2023-12-13 16:42:28
2016-07-28,XRT,44.959999084472656,45.0,44.36000061035156,44.869998931884766,2515000,39.5113397683766,0.0,1.0,yahoo,2023-12-13 16:42:28
2016-07-29,XRT,44.58000183105469,45.150001525878906,44.52000045776367,45.09000015258789,3612000,39.7050670513626,0.0,1.0,yahoo,2023-12-13 16:42:28
2016-08-01,XRT,45.02999877929688,45.18000030517578,44.68000030517578,44.93000030517578,4166700,39.564175398042416,0.0,1.0,yahoo,2023-12-13 16:42:28
2016-08-02,XRT,44.79999923706055,45.0,43.7599983215332,43.79999923706055,7964700,38.56912620696248,0.0,1.0,yahoo,2023-12-13 16:42:28
2016-08-03,XRT,43.18999862670898,44.25,43.0099983215332,44.2400016784668,7076000,38.95658077293448,0.0,1.0,yahoo,2023-12-13 16:42:28
2016-08-04,XRT,44.33000183105469,44.540000915527344,43.95000076293945,44.08000183105469,4123200,38.81568911961429,0.0,1.0,yahoo,2023-12-13 16:42:28
2016-08-05,XRT,44.43000030517578,45.0099983215332,44.369998931884766,44.83000183105469,6883200,39.47611937438804,0.0,1.0,yahoo,2023-12-13 16:42:28
2016-08-08,XRT,44.83000183105469,45.13999938964844,44.66999816894531,44.790000915527344,3453200,39.4408956212775,0.0,1.0,yahoo,2023-12-13 16:42:28
2016-08-09,XRT,44.540000915527344,44.63999938964844,44.119998931884766,44.16999816894531,4556500,38.89493752543004,0.0,1.0,yahoo,2023-12-13 16:42:28
2016-08-10,XRT,44.400001525878906,44.61000061035156,44.150001525878906,44.18999862670898,4335400,38.9125494019853,0.0,1.0,yahoo,2023-12-13 16:42:28
2016-08-11,XRT,45.4900016784668,45.619998931884766,44.72999954223633,45.2599983215332,9373500,39.85476296339943,0.0,1.0,yahoo,2023-12-13 16:42:28
2016-08-12,XRT,45.220001220703125,45.540000915527344,45.09000015258789,45.5099983215332,5335900,40.07490638165735,0.0,1.0,yahoo,2023-12-13 16:42:28
2016-08-15,XRT,45.56999969482422,46.0,45.56999969482422,45.959999084472656,4304000,40.471165206345994,0.0,1.0,yahoo,2023-12-13 16:42:28
2016-08-16,XRT,45.959999084472656,46.04999923706055,45.720001220703125,45.81999969482422,3306000,40.347885429581076,0.0,1.0,yahoo,2023-12-13 16:42:28
2016-08-17,XRT,45.540000915527344,45.68999862670898,45.060001373291016,45.34000015258789,5773700,39.92521046962052,0.0,1.0,yahoo,2023-12-13 16:42:28
2016-08-18,XRT,45.470001220703125,45.790000915527344,45.31999969482422,45.75,4886500,40.28624554119862,0.0,1.0,yahoo,2023-12-13 16:42:28
2016-08-19,XRT,45.47999954223633,46.060001373291016,45.47999954223633,45.93999862670898,4356900,40.453553329790715,0.0,1.0,yahoo,2023-12-13 16:42:28
2016-08-22,XRT,45.86000061035156,45.9900016784668,45.4900016784668,45.70000076293945,2608800,40.24221752937143,0.0,1.0,yahoo,2023-12-13 16:42:28
2016-08-23,XRT,46.04999923706055,46.36000061035156,46.0,46.15999984741211,3701800,40.64728061277672,0.0,1.0,yahoo,2023-12-13 16:42:28
2016-08-24,XRT,45.91999816894531,45.959999084472656,45.560001373291016,45.619998931884766,2832600,40.171770023150344,0.0,1.0,yahoo,2023-12-13 16:42:28
2016-08-25,XRT,45.59999847412109,45.70000076293945,45.2400016784668,45.36000061035156,3209300,39.94282234617579,0.0,1.0,yahoo,2023-12-13 16:42:28
2016-08-26,XRT,45.31999969482422,45.560001373291016,44.84000015258789,45.02000045776367,3946300,39.64342716298014,0.0,1.0,yahoo,2023-12-13 16:42:28
2016-08-29,XRT,45.060001373291016,45.310001373291016,44.970001220703125,45.22999954223633,2421500,39.828346828127515,0.0,1.0,yahoo,2023-12-13 16:42:28
2016-08-30,XRT,44.93999862670898,45.04999923706055,44.43000030517578,44.5,3994100,39.185528449909036,0.0,1.0,yahoo,2023-12-13 16:42:28
2016-08-31,XRT,44.4900016784668,44.83000183105469,44.22999954223633,44.470001220703125,3816100,39.15911231463712,0.0,1.0,yahoo,2023-12-13 16:42:28
2016-09-01,XRT,44.36000061035156,44.54999923706055,43.959999084472656,44.209999084472656,3311300,38.93016127854058,0.0,1.0,yahoo,2023-12-13 16:42:28
2016-09-02,XRT,44.470001220703125,44.68999862670898,44.13999938964844,44.5099983215332,3302500,39.19433270862568,0.0,1.0,yahoo,2023-12-13 16:42:28
2016-09-06,XRT,44.5,44.68000030517578,44.11000061035156,44.43999862670898,2542700,39.13269282024322,0.0,1.0,yahoo,2023-12-13 16:42:28
2016-09-07,XRT,44.31999969482422,44.77000045776367,44.150001525878906,44.7599983215332,4700600,39.4144761268836,0.0,1.0,yahoo,2023-12-13 16:42:28
2016-09-08,XRT,44.58000183105469,44.68000030517578,44.43000030517578,44.470001220703125,3243900,39.15911231463712,0.0,1.0,yahoo,2023-12-13 16:42:28
2016-09-09,XRT,44.290000915527344,44.34999847412109,43.52000045776367,43.52000045776367,5910300,38.322566653432645,0.0,1.0,yahoo,2023-12-13 16:42:28
2016-09-12,XRT,43.130001068115234,44.16999816894531,43.06999969482422,44.13999938964844,4489800,38.86852139015812,0.0,1.0,yahoo,2023-12-13 16:42:28
2016-09-13,XRT,43.84999847412109,44.02999877929688,43.2599983215332,43.52000045776367,5121400,38.322566653432645,0.0,1.0,yahoo,2023-12-13 16:42:28
2016-09-14,XRT,43.70000076293945,43.880001068115234,43.290000915527344,43.540000915527344,4537800,38.34017852998792,0.0,1.0,yahoo,2023-12-13 16:42:28
2016-09-15,XRT,43.43000030517578,44.11000061035156,43.34999847412109,44.09999847412109,4808900,38.83329763704757,0.0,1.0,yahoo,2023-12-13 16:42:28
2016-09-16,XRT,43.63999938964844,43.97999954223633,43.59000015258789,43.75,3885700,38.65394468186632,0.147,1.0,yahoo,2023-12-13 16:42:28
2016-09-19,XRT,43.97999954223633,44.06999969482422,43.540000915527344,43.68000030517578,3282400,38.592098640003854,0.0,1.0,yahoo,2023-12-13 16:42:28
2016-09-20,XRT,43.63999938964844,43.709999084472656,43.13999938964844,43.16999816894531,3084800,38.1415021974556,0.0,1.0,yahoo,2023-12-13 16:42:28
2016-09-21,XRT,43.20000076293945,43.52000045776367,43.0099983215332,43.47999954223633,4828400,38.41539421881545,0.0,1.0,yahoo,2023-12-13 16:42:28
2016-09-22,XRT,43.7599983215332,43.90999984741211,43.56999969482422,43.810001373291016,2982300,38.7069570193298,0.0,1.0,yahoo,2023-12-13 16:42:28
2016-09-23,XRT,43.7599983215332,44.060001373291016,43.619998931884766,43.77999877929688,2025800,38.680449165419816,0.0,1.0,yahoo,2023-12-13 16:42:28
2016-09-26,XRT,43.650001525878906,43.880001068115234,43.29999923706055,43.29999923706055,1733800,38.25636057678154,0.0,1.0,yahoo,2023-12-13 16:42:28
2016-09-27,XRT,43.38999938964844,43.7599983215332,43.34000015258789,43.59000015258789,2789500,38.5125818189869,0.0,1.0,yahoo,2023-12-13 16:42:28
2016-09-28,XRT,43.560001373291016,43.66999816894531,43.06999969482422,43.310001373291016,3850700,38.26519765153704,0.0,1.0,yahoo,2023-12-13 16:42:28
2016-09-29,XRT,43.31999969482422,43.47999954223633,42.90999984741211,42.90999984741211,3176500,37.91178880916023,0.0,1.0,yahoo,2023-12-13 16:42:28
2016-09-30,XRT,43.20000076293945,43.66999816894531,43.040000915527344,43.54999923706055,3168400,38.47724026067792,0.0,1.0,yahoo,2023-12-13 16:42:28
2016-10-03,XRT,43.52999877929688,43.59999847412109,43.27999877929688,43.43000030517578,3130000,38.37121895610748,0.0,1.0,yahoo,2023-12-13 16:42:28
2016-10-04,XRT,43.58000183105469,43.79999923706055,43.290000915527344,43.40999984741211,5482700,38.35354817695299,0.0,1.0,yahoo,2023-12-13 16:42:28
2016-10-05,XRT,43.59000015258789,44.09999847412109,43.54999923706055,43.9900016784668,3313300,38.86599066136371,0.0,1.0,yahoo,2023-12-13 16:42:28
2016-10-06,XRT,43.900001525878906,43.95000076293945,43.540000915527344,43.880001068115234,2082700,38.76880306119226,0.0,1.0,yahoo,2023-12-13 16:42:28
2016-10-07,XRT,44.040000915527344,44.34999847412109,43.709999084472656,43.84999847412109,3920800,38.74229520728227,0.0,1.0,yahoo,2023-12-13 16:42:28
2016-10-10,XRT,44.0,44.31999969482422,43.90999984741211,44.02000045776367,1374800,38.89249514491719,0.0,1.0,yahoo,2023-12-13 16:42:28
2016-10-11,XRT,43.77000045776367,43.900001525878906,43.27000045776367,43.34999847412109,3083200,38.30053583948951,0.0,1.0,yahoo,2023-12-13 16:42:28
2016-10-12,XRT,43.63999938964844,43.84000015258789,43.38999938964844,43.68000030517578,1374700,38.592098640003854,0.0,1.0,yahoo,2023-12-13 16:42:28
2016-10-13,XRT,43.310001373291016,43.470001220703125,42.86000061035156,43.209999084472656,3570100,38.17684375576459,0.0,1.0,yahoo,2023-12-13 16:42:28
2016-10-14,XRT,43.25,43.43000030517578,43.040000915527344,43.119998931884766,2404700,38.09732693474763,0.0,1.0,yahoo,2023-12-13 16:42:28
2016-10-17,XRT,43.06999969482422,43.20000076293945,42.70000076293945,42.70000076293945,2219700,37.726250683572836,0.0,1.0,yahoo,2023-12-13 16:42:28
2016-10-18,XRT,43.18000030517578,43.18000030517578,42.72999954223633,42.75,1987500,37.77042594628081,0.0,1.0,yahoo,2023-12-13 16:42:28
2016-10-19,XRT,42.86000061035156,43.20000076293945,42.630001068115234,43.15999984741211,3088600,38.132668493056606,0.0,1.0,yahoo,2023-12-13 16:42:28
2016-10-20,XRT,42.970001220703125,43.119998931884766,42.79999923706055,42.90999984741211,2465200,37.91178880916023,0.0,1.0,yahoo,2023-12-13 16:42:28
2016-10-21,XRT,42.58000183105469,42.9900016784668,42.52000045776367,42.95000076293945,2199000,37.947130367469214,0.0,1.0,yahoo,2023-12-13 16:42:28
2016-10-24,XRT,43.150001525878906,43.43000030517578,43.09000015258789,43.25,2045400,38.212185314073565,0.0,1.0,yahoo,2023-12-13 16:42:28
2016-10-25,XRT,42.81999969482422,43.09000015258789,42.65999984741211,42.880001068115234,2480800,37.88528432560675,0.0,1.0,yahoo,2023-12-13 16:42:28
2016-10-26,XRT,42.68999862670898,43.130001068115234,42.619998931884766,42.72999954223633,2218000,37.75275516712632,0.0,1.0,yahoo,2023-12-13 16:42:28
2016-10-27,XRT,42.75,42.75,41.77999877929688,41.90999984741211,3526600,37.02827007357472,0.0,1.0,yahoo,2023-12-13 16:42:28
2016-10-28,XRT,41.68999862670898,42.43000030517578,41.68999862670898,42.130001068115234,3106700,37.22264527391761,0.0,1.0,yahoo,2023-12-13 16:42:28
2016-10-31,XRT,42.119998931884766,42.25,41.97999954223633,42.22999954223633,1557700,37.31099579933356,0.0,1.0,yahoo,2023-12-13 16:42:28
2016-11-01,XRT,42.04999923706055,42.119998931884766,41.34000015258789,41.52999877929688,2763600,36.6925320103524,0.0,1.0,yahoo,2023-12-13 16:42:28
2016-11-02,XRT,41.59000015258789,41.93999862670898,41.41999816894531,41.52999877929688,4772500,36.6925320103524,0.0,1.0,yahoo,2023-12-13 16:42:28
2016-11-03,XRT,41.52000045776367,41.68000030517578,41.0,41.040000915527344,3015500,36.259609717315136,0.0,1.0,yahoo,2023-12-13 16:42:28
2016-11-04,XRT,41.09999847412109,41.66999816894531,41.02999877929688,41.06999969482422,3356600,36.28611420086862,0.0,1.0,yahoo,2023-12-13 16:42:28
2016-11-07,XRT,41.61000061035156,41.93999862670898,41.41999816894531,41.83000183105469,4037200,36.957590327313255,0.0,1.0,yahoo,2023-12-13 16:42:28
2016-11-08,XRT,41.630001068115234,41.959999084472656,41.27000045776367,41.709999084472656,3271500,36.85156565238631,0.0,1.0,yahoo,2023-12-13 16:42:28
2016-11-09,XRT,40.84999847412109,42.619998931884766,40.84999847412109,42.59000015258789,7058300,37.629063083401384,0.0,1.0,yahoo,2023-12-13 16:42:28
2016-11-10,XRT,43.290000915527344,44.220001220703125,43.22999954223633,43.720001220703125,10940200,38.62744019831284,0.0,1.0,yahoo,2023-12-13 16:42:28
2016-11-11,XRT,43.560001373291016,44.4900016784668,43.22999954223633,44.40999984741211,4818900,39.2370669125385,0.0,1.0,yahoo,2023-12-13 16:42:28
2016-11-14,XRT,44.65999984741211,45.880001068115234,44.65999984741211,45.2599983215332,11743200,39.98805648964359,0.0,1.0,yahoo,2023-12-13 16:42:28
2016-11-15,XRT,45.5,45.52999877929688,44.52999877929688,45.060001373291016,7623000,39.81135543881169,0.0,1.0,yahoo,2023-12-13 16:42:28
2016-11-16,XRT,44.970001220703125,45.540000915527344,44.959999084472656,45.27999877929688,4221600,40.00572726879809,0.0,1.0,yahoo,2023-12-13 16:42:28
2016-11-17,XRT,45.27999877929688,45.7400016784668,45.040000915527344,45.7400016784668,7499500,40.41214844863836,0.0,1.0,yahoo,2023-12-13 16:42:28
2016-11-18,XRT,45.310001373291016,45.66999816894531,44.93999862670898,45.310001373291016,7407600,40.03223512270807,0.0,1.0,yahoo,2023-12-13 16:42:28
2016-11-21,XRT,45.34000015258789,45.68000030517578,45.34000015258789,45.540000915527344,4596100,40.23544402744996,0.0,1.0,yahoo,2023-12-13 16:42:28
2016-11-22,XRT,46.02999877929688,46.70000076293945,45.90999984741211,46.59999847412109,9901400,41.17197173014244,0.0,1.0,yahoo,2023-12-13 16:42:28
2016-11-23,XRT,46.47999954223633,46.880001068115234,46.38999938964844,46.83000183105469,4663500,41.37518400524083,0.0,1.0,yahoo,2023-12-13 16:42:28
2016-11-25,XRT,47.02000045776367,47.13999938964844,46.630001068115234,46.63999938964844,1469400,41.207313288451424,0.0,1.0,yahoo,2023-12-13 16:42:28
2016-11-28,XRT,46.66999816894531,46.66999816894531,45.84000015258789,46.06999969482422,5674500,40.7037078787962,0.0,1.0,yahoo,2023-12-13 16:42:28
2016-11-29,XRT,46.43000030517578,46.45000076293945,45.93999862670898,46.0099983215332,3842200,40.65069554133273,0.0,1.0,yahoo,2023-12-13 16:42:28
2016-11-30,XRT,45.84000015258789,46.119998931884766,45.54999923706055,45.709999084472656,5796200,40.38564059472837,0.0,1.0,yahoo,2023-12-13 16:42:28
2016-12-01,XRT,45.369998931884766,46.02000045776367,45.2599983215332,45.5099983215332,8470700,40.20893617353997,0.0,1.0,yahoo,2023-12-13 16:42:28
2016-12-02,XRT,45.619998931884766,46.0099983215332,45.54999923706055,45.61000061035156,3147500,40.297290069312425,0.0,1.0,yahoo,2023-12-13 16:42:28
2016-12-05,XRT,45.790000915527344,46.34999847412109,45.70000076293945,46.2400016784668,2961200,40.85390781643112,0.0,1.0,yahoo,2023-12-13 16:42:28
2016-12-06,XRT,46.20000076293945,46.68000030517578,45.970001220703125,46.66999816894531,4246900,41.233817772004905,0.0,1.0,yahoo,2023-12-13 16:42:28
2016-12-07,XRT,46.63999938964844,47.540000915527344,46.52000045776367,47.5,5201200,41.96713994031201,0.0,1.0,yahoo,2023-12-13 16:42:28
2016-12-08,XRT,47.52000045776367,48.2599983215332,47.52000045776367,48.15999984741211,3443800,42.55026217098419,0.0,1.0,yahoo,2023-12-13 16:42:28
2016-12-09,XRT,48.13999938964844,48.209999084472656,47.72999954223633,47.93999862670898,4951900,42.355886970641286,0.0,1.0,yahoo,2023-12-13 16:42:28
2016-12-12,XRT,47.68000030517578,47.880001068115234,46.900001525878906,47.09000015258789,10758400,41.604897393536206,0.0,1.0,yahoo,2023-12-13 16:42:28
2016-12-13,XRT,47.220001220703125,47.459999084472656,46.84000015258789,47.09000015258789,4487200,41.604897393536206,0.0,1.0,yahoo,2023-12-13 16:42:28
2016-12-14,XRT,47.11000061035156,47.15999984741211,46.5099983215332,46.540000915527344,8539100,41.118962763035476,0.0,1.0,yahoo,2023-12-13 16:42:28
2016-12-15,XRT,46.59000015258789,46.97999954223633,46.47999954223633,46.54999923706055,4670200,41.127796467434464,0.0,1.0,yahoo,2023-12-13 16:42:28
2016-12-16,XRT,46.20000076293945,46.58000183105469,45.77999877929688,45.90999984741211,5317900,40.69259629297429,0.149,1.0,yahoo,2023-12-13 16:42:28
2016-12-19,XRT,45.970001220703125,46.400001525878906,45.970001220703125,46.119998931884766,2223400,40.87873020703967,0.0,1.0,yahoo,2023-12-13 16:42:28
2016-12-20,XRT,46.209999084472656,46.84999847412109,46.209999084472656,46.75,2910400,41.437135330415,0.0,1.0,yahoo,2023-12-13 16:42:28
2016-12-21,XRT,46.619998931884766,46.77999877929688,46.34999847412109,46.36000061035156,1649600,41.09145709538524,0.0,1.0,yahoo,2023-12-13 16:42:28
2016-12-22,XRT,46.34999847412109,46.34999847412109,44.68000030517578,44.7400016784668,11685600,39.65556158788499,0.0,1.0,yahoo,2023-12-13 16:42:28
2016-12-23,XRT,44.790000915527344,45.04999923706055,44.400001525878906,44.47999954223633,8853100,39.42510717707902,0.0,1.0,yahoo,2023-12-13 16:42:28
2016-12-27,XRT,44.54999923706055,45.16999816894531,44.54999923706055,44.90999984741211,3563100,39.80624045702958,0.0,1.0,yahoo,2023-12-13 16:42:28
2016-12-28,XRT,44.93999862670898,45.2400016784668,44.29999923706055,44.369998931884766,3302100,39.32760749413644,0.0,1.0,yahoo,2023-12-13 16:42:28
2016-12-29,XRT,44.400001525878906,44.83000183105469,44.09000015258789,44.25,6272200,39.22124574055324,0.0,1.0,yahoo,2023-12-13 16:42:28
2016-12-30,XRT,44.45000076293945,44.7599983215332,43.93000030517578,44.06999969482422,5415800,39.06170141958886,0.0,1.0,yahoo,2023-12-13 16:42:28
2017-01-03,XRT,44.34999847412109,44.68999862670898,43.93999862670898,44.29999923706055,8374700,39.26556285611464,0.0,1.0,yahoo,2023-12-13 16:42:28
2017-01-04,XRT,44.4900016784668,45.34000015258789,44.33000183105469,45.16999816894531,8102300,40.03669148665636,0.0,1.0,yahoo,2023-12-13 16:42:28
2017-01-05,XRT,44.209999084472656,44.40999984741211,43.66999816894531,44.02000045776367,9777900,39.01738430402746,0.0,1.0,yahoo,2023-12-13 16:42:28
2017-01-06,XRT,44.09999847412109,44.150001525878906,43.709999084472656,43.709999084472656,5322000,38.7426127776601,0.0,1.0,yahoo,2023-12-13 16:42:28
2017-01-09,XRT,43.7400016784668,44.0,43.630001068115234,43.81999969482422,5008800,38.84011246060268,0.0,1.0,yahoo,2023-12-13 16:42:28
2017-01-10,XRT,43.83000183105469,44.58000183105469,43.7599983215332,44.33000183105469,7495700,39.292155830394826,0.0,1.0,yahoo,2023-12-13 16:42:28
2017-01-11,XRT,44.29999923706055,44.45000076293945,43.709999084472656,44.04999923706055,7174200,39.04397389712846,0.0,1.0,yahoo,2023-12-13 16:42:28
2017-01-12,XRT,43.93999862670898,44.119998931884766,43.5099983215332,43.970001220703125,6807300,38.97306718846606,0.0,1.0,yahoo,2023-12-13 16:42:28
2017-01-13,XRT,44.040000915527344,44.36000061035156,43.93999862670898,44.0099983215332,3541300,39.00851885220767,0.0,1.0,yahoo,2023-12-13 16:42:28
2017-01-17,XRT,44.54999923706055,45.04999923706055,44.150001525878906,44.36000061035156,12340000,39.31874542349583,0.0,1.0,yahoo,2023-12-13 16:42:28
2017-01-18,XRT,44.040000915527344,44.43999862670898,43.75,44.31999969482422,6454400,39.28329037857504,0.0,1.0,yahoo,2023-12-13 16:42:28
2017-01-19,XRT,44.290000915527344,44.29999923706055,43.34999847412109,43.52000045776367,6840800,38.57420638605511,0.0,1.0,yahoo,2023-12-13 16:42:28
2017-01-20,XRT,43.75,43.88999938964844,43.209999084472656,43.43000030517578,3954100,38.49443422557292,0.0,1.0,yahoo,2023-12-13 16:42:28
2017-01-23,XRT,43.209999084472656,43.41999816894531,42.93999862670898,43.06999969482422,3045100,38.17534558364415,0.0,1.0,yahoo,2023-12-13 16:42:28
2017-01-24,XRT,43.09000015258789,43.68999862670898,43.09000015258789,43.63999938964844,2946000,38.680568139638304,0.0,1.0,yahoo,2023-12-13 16:42:28
2017-01-25,XRT,43.869998931884766,44.119998931884766,43.630001068115234,43.81999969482422,3114500,38.84011246060268,0.0,1.0,yahoo,2023-12-13 16:42:28
2017-01-26,XRT,43.83000183105469,44.06999969482422,43.27000045776367,43.27000045776367,6249700,38.35261742706893,0.0,1.0,yahoo,2023-12-13 16:42:28
2017-01-27,XRT,43.380001068115234,43.400001525878906,42.59999847412109,42.68999862670898,10077400,37.83852941925499,0.0,1.0,yahoo,2023-12-13 16:42:28
2017-01-30,XRT,42.52999877929688,42.83000183105469,42.11000061035156,42.83000183105469,7698000,37.962622076477764,0.0,1.0,yahoo,2023-12-13 16:42:28
2017-01-31,XRT,42.34000015258789,43.27999877929688,42.27000045776367,43.20000076293945,10784000,38.29057278904714,0.0,1.0,yahoo,2023-12-13 16:42:28
2017-02-01,XRT,43.20000076293945,43.310001373291016,42.66999816894531,42.77999877929688,6963900,37.91830157973719,0.0,1.0,yahoo,2023-12-13 16:42:28
2017-02-02,XRT,42.83000183105469,43.25,42.52999877929688,42.720001220703125,6318700,37.86512239353518,0.0,1.0,yahoo,2023-12-13 16:42:28
2017-02-03,XRT,42.650001525878906,43.54999923706055,42.650001525878906,43.02999877929688,10131600,38.139890538723364,0.0,1.0,yahoo,2023-12-13 16:42:28
2017-02-06,XRT,42.93999862670898,43.130001068115234,42.5099983215332,42.56999969482422,5159200,37.7321676656718,0.0,1.0,yahoo,2023-12-13 16:42:28
2017-02-07,XRT,42.709999084472656,42.81999969482422,42.33000183105469,42.34000015258789,2252800,37.52830622914602,0.0,1.0,yahoo,2023-12-13 16:42:28
2017-02-08,XRT,42.40999984741211,43.060001373291016,42.22999954223633,43.0,8455000,38.113300945622356,0.0,1.0,yahoo,2023-12-13 16:42:28
2017-02-09,XRT,42.9900016784668,43.900001525878906,42.79999923706055,43.7400016784668,8515000,38.769205751940284,0.0,1.0,yahoo,2023-12-13 16:42:28
2017-02-10,XRT,43.93000030517578,44.150001525878906,43.560001373291016,44.040000915527344,13133400,39.03511182648786,0.0,1.0,yahoo,2023-12-13 16:42:28
2017-02-13,XRT,44.18000030517578,44.25,43.5,43.5,5179300,38.55647886359471,0.0,1.0,yahoo,2023-12-13 16:42:28
2017-02-14,XRT,43.43000030517578,43.97999954223633,43.400001525878906,43.95000076293945,8154300,38.95533966600566,0.0,1.0,yahoo,2023-12-13 16:42:28
2017-02-15,XRT,43.900001525878906,44.369998931884766,43.84000015258789,44.34999847412109,6852300,39.30987997167603,0.0,1.0,yahoo,2023-12-13 16:42:28
2017-02-16,XRT,44.18000030517578,44.290000915527344,43.36000061035156,43.43000030517578,6745100,38.49443422557292,0.0,1.0,yahoo,2023-12-13 16:42:28
2017-02-17,XRT,43.45000076293945,43.81999969482422,43.29999923706055,43.81999969482422,6020500,38.84011246060268,0.0,1.0,yahoo,2023-12-13 16:42:28
2017-02-21,XRT,44.150001525878906,44.38999938964844,44.0,44.310001373291016,5765900,39.27442830793443,0.0,1.0,yahoo,2023-12-13 16:42:28
2017-02-22,XRT,44.380001068115234,44.43999862670898,44.0099983215332,44.130001068115234,6287900,39.11488398697005,0.0,1.0,yahoo,2023-12-13 16:42:28
2017-02-23,XRT,44.20000076293945,44.20000076293945,43.040000915527344,43.09999847412109,10918000,38.20193517674515,0.0,1.0,yahoo,2023-12-13 16:42:28
2017-02-24,XRT,42.95000076293945,44.20000076293945,42.869998931884766,43.720001220703125,18104300,38.751478229479886,0.0,1.0,yahoo,2023-12-13 16:42:28
2017-02-27,XRT,43.63999938964844,44.040000915527344,43.47999954223633,44.02999877929688,7622800,39.02624637466808,0.0,1.0,yahoo,2023-12-13 16:42:28
2017-02-28,XRT,43.709999084472656,43.709999084472656,42.810001373291016,42.93000030517578,7483000,38.05125630760056,0.0,1.0,yahoo,2023-12-13 16:42:28
2017-03-01,XRT,43.34999847412109,43.43999862670898,42.470001220703125,42.88999938964844,8942300,38.01580126267977,0.0,1.0,yahoo,2023-12-13 16:42:28
2017-03-02,XRT,43.04999923706055,43.5099983215332,42.86000061035156,43.34000015258789,5761600,38.414662065090724,0.0,1.0,yahoo,2023-12-13 16:42:28
2017-03-03,XRT,43.209999084472656,43.4900016784668,42.540000915527344,42.720001220703125,9407500,37.86512239353518,0.0,1.0,yahoo,2023-12-13 16:42:28
2017-03-06,XRT,42.59000015258789,42.61000061035156,42.18000030517578,42.34000015258789,8403400,37.52830622914602,0.0,1.0,yahoo,2023-12-13 16:42:28
2017-03-07,XRT,42.25,42.41999816894531,41.869998931884766,41.93999862670898,5836900,37.17376254229646,0.0,1.0,yahoo,2023-12-13 16:42:28
2017-03-08,XRT,41.959999084472656,42.54999923706055,41.91999816894531,42.369998931884766,5129100,37.55489582224702,0.0,1.0,yahoo,2023-12-13 16:42:28
2017-03-09,XRT,42.220001220703125,42.290000915527344,41.77999877929688,41.83000183105469,6466000,37.07626624053306,0.0,1.0,yahoo,2023-12-13 16:42:28
2017-03-10,XRT,42.060001373291016,42.43000030517578,41.95000076293945,42.13999938964844,4301300,37.35103438572124,0.0,1.0,yahoo,2023-12-13 16:42:28
2017-03-13,XRT,42.06999969482422,42.209999084472656,41.68000030517578,41.880001068115234,5402700,37.12058335609446,0.0,1.0,yahoo,2023-12-13 16:42:28
2017-03-14,XRT,41.88999938964844,42.0,41.540000915527344,41.90999984741211,4169800,37.147172949195465,0.0,1.0,yahoo,2023-12-13 16:42:28
2017-03-15,XRT,42.0099983215332,42.400001525878906,41.790000915527344,42.29999923706055,6042000,37.49285118422523,0.0,1.0,yahoo,2023-12-13 16:42:28
2017-03-16,XRT,42.2599983215332,42.65999984741211,42.130001068115234,42.43000030517578,5675900,37.60807838962821,0.0,1.0,yahoo,2023-12-13 16:42:28
2017-03-17,XRT,42.43000030517578,42.63999938964844,42.150001525878906,42.43999862670898,6384900,37.712933786208374,0.108,1.0,yahoo,2023-12-13 16:42:28
2017-03-20,XRT,42.4900016784668,42.630001068115234,41.68000030517578,41.810001373291016,6142100,37.15310707856347,0.0,1.0,yahoo,2023-12-13 16:42:28
2017-03-21,XRT,41.900001525878906,41.9900016784668,40.63999938964844,40.959999084472656,9795100,36.39778000331332,0.0,1.0,yahoo,2023-12-13 16:42:28
2017-03-22,XRT,40.84000015258789,40.959999084472656,40.4900016784668,40.900001525878906,5996100,36.34446511104666,0.0,1.0,yahoo,2023-12-13 16:42:28
2017-03-23,XRT,40.9900016784668,41.59999847412109,40.91999816894531,41.209999084472656,3957700,36.619934427244395,0.0,1.0,yahoo,2023-12-13 16:42:28
2017-03-24,XRT,41.130001068115234,41.25,40.83000183105469,41.09999847412109,3820300,36.522185938345515,0.0,1.0,yahoo,2023-12-13 16:42:28
2017-03-27,XRT,40.79999923706055,41.470001220703125,40.65999984741211,41.27999877929688,6125600,36.6821373947605,0.0,1.0,yahoo,2023-12-13 16:42:28
2017-03-28,XRT,41.22999954223633,41.720001220703125,41.09999847412109,41.720001220703125,4591700,37.073131350355986,0.0,1.0,yahoo,2023-12-13 16:42:28
2017-03-29,XRT,41.63999938964844,42.65999984741211,41.59000015258789,42.540000915527344,6857900,37.801797589665306,0.0,1.0,yahoo,2023-12-13 16:42:28
2017-03-30,XRT,42.2400016784668,42.65999984741211,42.2400016784668,42.59000015258789,4761300,37.84622779649002,0.0,1.0,yahoo,2023-12-13 16:42:28
2017-03-31,XRT,42.5,42.59999847412109,42.2400016784668,42.2400016784668,3601900,37.53521295890952,0.0,1.0,yahoo,2023-12-13 16:42:28
2017-04-03,XRT,42.27999877929688,42.369998931884766,41.5099983215332,41.59999847412109,4258700,36.96649478620767,0.0,1.0,yahoo,2023-12-13 16:42:28
2017-04-04,XRT,41.54999923706055,41.61000061035156,41.09999847412109,41.220001220703125,6463300,36.62882250249383,0.0,1.0,yahoo,2023-12-13 16:42:28
2017-04-05,XRT,41.43000030517578,41.68999862670898,40.70000076293945,40.81999969482422,7846400,36.27337406828112,0.0,1.0,yahoo,2023-12-13 16:42:28
2017-04-06,XRT,41.11000061035156,41.86000061035156,41.060001373291016,41.650001525878906,6850700,37.01092838283988,0.0,1.0,yahoo,2023-12-13 16:42:28
2017-04-07,XRT,41.630001068115234,41.75,41.41999816894531,41.5099983215332,3065000,36.88651905800018,0.0,1.0,yahoo,2023-12-13 16:42:28
2017-04-10,XRT,41.58000183105469,42.31999969482422,41.58000183105469,42.11000061035156,4973500,37.41969170931926,0.0,1.0,yahoo,2023-12-13 16:42:28
2017-04-11,XRT,42.040000915527344,42.5,41.880001068115234,42.5,5334900,37.76625206828253,0.0,1.0,yahoo,2023-12-13 16:42:28
2017-04-12,XRT,42.33000183105469,42.43000030517578,42.0099983215332,42.040000915527344,2376100,37.35748874180316,0.0,1.0,yahoo,2023-12-13 16:42:28
2017-04-13,XRT,42.040000915527344,42.15999984741211,41.540000915527344,41.650001525878906,3704600,37.01092838283988,0.0,1.0,yahoo,2023-12-13 16:42:28
2017-04-17,XRT,41.720001220703125,42.02000045776367,41.59000015258789,42.02000045776367,3824900,37.33971598111177,0.0,1.0,yahoo,2023-12-13 16:42:28
2017-04-18,XRT,42.0,42.220001220703125,41.869998931884766,42.18000030517578,1881400,37.48189467683536,0.0,1.0,yahoo,2023-12-13 16:42:28
2017-04-19,XRT,42.22999954223633,42.84999847412109,42.22999954223633,42.43000030517578,3588900,37.70404910076643,0.0,1.0,yahoo,2023-12-13 16:42:28
2017-04-20,XRT,42.84000015258789,43.459999084472656,42.63999938964844,43.220001220703125,10454700,38.406057893942425,0.0,1.0,yahoo,2023-12-13 16:42:28
2017-04-21,XRT,43.18000030517578,43.220001220703125,42.68000030517578,42.88999938964844,6240200,38.112812427245814,0.0,1.0,yahoo,2023-12-13 16:42:28
2017-04-24,XRT,43.41999816894531,43.58000183105469,42.93999862670898,43.150001525878906,6183000,38.343854926426324,0.0,1.0,yahoo,2023-12-13 16:42:28
2017-04-25,XRT,43.2400016784668,43.540000915527344,42.93999862670898,43.11000061035156,5249300,38.30830940504355,0.0,1.0,yahoo,2023-12-13 16:42:28
2017-04-26,XRT,43.220001220703125,43.810001373291016,43.150001525878906,43.52999877929688,5333200,38.68152721014017,0.0,1.0,yahoo,2023-12-13 16:42:28
2017-04-27,XRT,43.52000045776367,43.66999816894531,43.20000076293945,43.470001220703125,4350200,38.6282123178735,0.0,1.0,yahoo,2023-12-13 16:42:28
2017-04-28,XRT,43.40999984741211,43.43000030517578,42.77000045776367,42.90999984741211,5563400,38.13058518793719,0.0,1.0,yahoo,2023-12-13 16:42:28
2017-05-01,XRT,43.09999847412109,43.150001525878906,42.7599983215332,42.880001068115234,2286300,38.103927741803865,0.0,1.0,yahoo,2023-12-13 16:42:28
2017-05-02,XRT,43.0,43.34999847412109,42.7400016784668,43.310001373291016,3083300,38.48603362214991,0.0,1.0,yahoo,2023-12-13 16:42:28
2017-05-03,XRT,43.0099983215332,43.27000045776367,42.790000915527344,43.02000045776367,4037700,38.228333676836066,0.0,1.0,yahoo,2023-12-13 16:42:28
2017-05-04,XRT,42.97999954223633,43.25,42.66999816894531,42.77000045776367,2608600,38.00617925290499,0.0,1.0,yahoo,2023-12-13 16:42:28
2017-05-05,XRT,42.90999984741211,43.38999938964844,42.72999954223633,43.38999938964844,3100000,38.55712127510796,0.0,1.0,yahoo,2023-12-13 16:42:28
2017-05-08,XRT,43.40999984741211,43.560001373291016,43.220001220703125,43.2599983215332,2119100,38.4416000255177,0.0,1.0,yahoo,2023-12-13 16:42:28
2017-05-09,XRT,43.43000030517578,43.959999084472656,43.43000030517578,43.790000915527344,2403800,38.91256970932067,0.0,1.0,yahoo,2023-12-13 16:42:28
2017-05-10,XRT,43.7400016784668,44.20000076293945,43.68999862670898,44.09999847412109,3775500,39.1880390255184,0.0,1.0,yahoo,2023-12-13 16:42:28
2017-05-11,XRT,43.650001525878906,43.77000045776367,42.68000030517578,42.90999984741211,8783200,38.13058518793719,0.0,1.0,yahoo,2023-12-13 16:42:28
2017-05-12,XRT,42.75,42.77999877929688,42.06999969482422,42.130001068115234,6413100,37.437464470010646,0.0,1.0,yahoo,2023-12-13 16:42:28
2017-05-15,XRT,42.20000076293945,42.56999969482422,42.0,42.06999969482422,5115500,37.38414618793649,0.0,1.0,yahoo,2023-12-13 16:42:28
2017-05-16,XRT,41.97999954223633,42.06999969482422,41.5099983215332,41.7400016784668,4402100,37.090904111047365,0.0,1.0,yahoo,2023-12-13 16:42:28
2017-05-17,XRT,41.54999923706055,41.619998931884766,40.880001068115234,40.880001068115234,4927900,36.32669235035527,0.0,1.0,yahoo,2023-12-13 16:42:28
2017-05-18,XRT,41.060001373291016,41.290000915527344,40.81999969482422,40.970001220703125,5285800,36.40666807856276,0.0,1.0,yahoo,2023-12-13 16:42:28
2017-05-19,XRT,40.970001220703125,41.119998931884766,40.59000015258789,40.959999084472656,5771700,36.39778000331332,0.0,1.0,yahoo,2023-12-13 16:42:28
2017-05-22,XRT,40.959999084472656,41.400001525878906,40.93999862670898,41.310001373291016,2347500,36.70879823070132,0.0,1.0,yahoo,2023-12-13 16:42:28
2017-05-23,XRT,41.290000915527344,41.47999954223633,40.54999923706055,40.54999923706055,4510800,36.03344688365866,0.0,1.0,yahoo,2023-12-13 16:42:28
2017-05-24,XRT,40.45000076293945,40.630001068115234,40.13999938964844,40.400001525878906,4128100,35.90015626318451,0.0,1.0,yahoo,2023-12-13 16:42:28
2017-05-25,XRT,40.900001525878906,41.220001220703125,40.7599983215332,40.810001373291016,5359900,36.26448938283917,0.0,1.0,yahoo,2023-12-13 16:42:28
2017-05-26,XRT,40.869998931884766,41.08000183105469,40.5099983215332,40.81999969482422,1822100,36.27337406828112,0.0,1.0,yahoo,2023-12-13 16:42:28
2017-05-30,XRT,40.75,40.970001220703125,40.68999862670898,40.75,3566000,36.21117110076502,0.0,1.0,yahoo,2023-12-13 16:42:28
2017-05-31,XRT,40.84999847412109,40.93999862670898,40.13999938964844,40.7400016784668,3178100,36.20228641532307,0.0,1.0,yahoo,2023-12-13 16:42:28
2017-06-01,XRT,40.720001220703125,41.65999984741211,40.54999923706055,41.63999938964844,6632500,37.00204030759044,0.0,1.0,yahoo,2023-12-13 16:42:28
2017-06-02,XRT,41.59999847412109,41.709999084472656,41.15999984741211,41.29999923706055,3136800,36.69991015545188,0.0,1.0,yahoo,2023-12-13 16:42:28
2017-06-05,XRT,41.2599983215332,41.380001068115234,40.97999954223633,41.290000915527344,2370500,36.69102547000994,0.0,1.0,yahoo,2023-12-13 16:42:28
2017-06-06,XRT,40.91999816894531,41.20000076293945,40.310001373291016,40.38999938964844,6940300,35.891268187935076,0.0,1.0,yahoo,2023-12-13 16:42:28
2017-06-07,XRT,40.45000076293945,40.61000061035156,40.31999969482422,40.54999923706055,2174800,36.03344688365866,0.0,1.0,yahoo,2023-12-13 16:42:28
2017-06-08,XRT,40.810001373291016,40.97999954223633,40.45000076293945,40.459999084472656,3595200,35.953471155451176,0.0,1.0,yahoo,2023-12-13 16:42:28
2017-06-09,XRT,40.54999923706055,41.11000061035156,40.38999938964844,41.040000915527344,3952500,36.46887104607886,0.0,1.0,yahoo,2023-12-13 16:42:28
2017-06-12,XRT,40.93999862670898,41.59999847412109,40.93999862670898,41.150001525878906,6653700,36.56661953497773,0.0,1.0,yahoo,2023-12-13 16:42:28
2017-06-13,XRT,41.310001373291016,41.470001220703125,40.84999847412109,41.2599983215332,3605000,36.66436463406911,0.0,1.0,yahoo,2023-12-13 16:42:28
2017-06-14,XRT,41.18999862670898,41.2599983215332,40.790000915527344,41.16999816894531,3499000,36.58438890586162,0.0,1.0,yahoo,2023-12-13 16:42:28
2017-06-15,XRT,40.83000183105469,40.97999954223633,40.310001373291016,40.65999984741211,3653800,36.131195372557535,0.0,1.0,yahoo,2023-12-13 16:42:28
2017-06-16,XRT,39.790000915527344,40.02000045776367,39.15999984741211,39.970001220703125,8229300,35.693621566806776,0.2,1.0,yahoo,2023-12-13 16:42:28
2017-06-19,XRT,40.13999938964844,40.29999923706055,39.630001068115234,40.13999938964844,4114900,35.84543167749151,0.0,1.0,yahoo,2023-12-13 16:42:28
2017-06-20,XRT,40.06999969482422,40.06999969482422,39.27999877929688,39.31999969482422,4879900,35.113163528928325,0.0,1.0,yahoo,2023-12-13 16:42:28
2017-06-21,XRT,39.22999954223633,39.45000076293945,38.650001525878906,38.79999923706055,2744100,34.64879777993833,0.0,1.0,yahoo,2023-12-13 16:42:28
2017-06-22,XRT,38.810001373291016,39.27999877929688,38.7599983215332,39.060001373291016,2479700,34.88098235771525,0.0,1.0,yahoo,2023-12-13 16:42:28
2017-06-23,XRT,39.0,39.52999877929688,38.84000015258789,39.52999877929688,3222500,35.300694867973185,0.0,1.0,yahoo,2023-12-13 16:42:28
2017-06-26,XRT,39.59999847412109,40.27999877929688,39.5,40.25,3292000,35.94366335219991,0.0,1.0,yahoo,2023-12-13 16:42:28
2017-06-27,XRT,40.13999938964844,40.68999862670898,40.09000015258789,40.25,3965800,35.94366335219991,0.0,1.0,yahoo,2023-12-13 16:42:28
2017-06-28,XRT,40.400001525878906,40.880001068115234,40.380001068115234,40.58000183105469,3333600,36.23835837632511,0.0,1.0,yahoo,2023-12-13 16:42:28
2017-06-29,XRT,40.43999862670898,40.900001525878906,40.060001373291016,40.47999954223633,8071000,36.149055305424824,0.0,1.0,yahoo,2023-12-13 16:42:28
2017-06-30,XRT,40.68999862670898,40.83000183105469,40.33000183105469,40.720001220703125,2566500,36.36337926902168,0.0,1.0,yahoo,2023-12-13 16:42:28
2017-07-03,XRT,40.869998931884766,41.220001220703125,40.83000183105469,41.02000045776367,1475200,36.63128166859487,0.0,1.0,yahoo,2023-12-13 16:42:28
2017-07-05,XRT,40.709999084472656,40.93000030517578,40.20000076293945,40.33000183105469,2798300,36.01510580892014,0.0,1.0,yahoo,2023-12-13 16:42:28
2017-07-06,XRT,40.47999954223633,40.47999954223633,39.380001068115234,39.459999084472656,5123000,35.238184421624894,0.0,1.0,yahoo,2023-12-13 16:42:28
2017-07-07,XRT,39.650001525878906,39.84999847412109,39.38999938964844,39.70000076293945,2587200,35.45250838522175,0.0,1.0,yahoo,2023-12-13 16:42:28
2017-07-10,XRT,39.5,39.68999862670898,38.75,38.75,4910200,34.6041479477701,0.0,1.0,yahoo,2023-12-13 16:42:28
2017-07-11,XRT,38.869998931884766,38.9900016784668,38.52999877929688,38.790000915527344,2351700,34.63986917613022,0.0,1.0,yahoo,2023-12-13 16:42:28
2017-07-12,XRT,39.0099983215332,39.34999847412109,38.93999862670898,39.02999877929688,8401500,34.854189733163246,0.0,1.0,yahoo,2023-12-13 16:42:28
2017-07-13,XRT,39.369998931884766,40.040000915527344,39.29999923706055,39.93000030517578,9267900,35.65790033844666,0.0,1.0,yahoo,2023-12-13 16:42:28
2017-07-14,XRT,40.040000915527344,40.22999954223633,39.630001068115234,39.86000061035156,3992000,35.595389892098375,0.0,1.0,yahoo,2023-12-13 16:42:28
2017-07-17,XRT,39.88999938964844,40.43999862670898,39.88999938964844,40.220001220703125,5023400,35.916874134211746,0.0,1.0,yahoo,2023-12-13 16:42:28
2017-07-18,XRT,40.22999954223633,40.27999877929688,39.900001525878906,40.119998931884766,2559700,35.82757106331145,0.0,1.0,yahoo,2023-12-13 16:42:28
2017-07-19,XRT,40.20000076293945,40.58000183105469,40.20000076293945,40.5,2170200,36.16691591960488,0.0,1.0,yahoo,2023-12-13 16:42:28
2017-07-20,XRT,40.70000076293945,40.81999969482422,40.4900016784668,40.59000015258789,2468800,36.247286980133225,0.0,1.0,yahoo,2023-12-13 16:42:28
2017-07-21,XRT,40.70000076293945,40.70000076293945,40.15999984741211,40.36000061035156,1644500,36.041895026908314,0.0,1.0,yahoo,2023-12-13 16:42:28
2017-07-24,XRT,40.16999816894531,40.209999084472656,39.66999816894531,39.7599983215332,2800200,35.50608682119809,0.0,1.0,yahoo,2023-12-13 16:42:28
2017-07-25,XRT,39.86000061035156,40.869998931884766,39.86000061035156,40.810001373291016,7015500,36.44375032955002,0.0,1.0,yahoo,2023-12-13 16:42:28
2017-07-26,XRT,40.77000045776367,40.97999954223633,40.400001525878906,40.810001373291016,4525200,36.44375032955002,0.0,1.0,yahoo,2023-12-13 16:42:28
2017-07-27,XRT,40.88999938964844,41.43999862670898,40.7400016784668,41.369998931884766,11153600,36.9438339003363,0.0,1.0,yahoo,2023-12-13 16:42:28
2017-07-28,XRT,41.2599983215332,41.36000061035156,41.02000045776367,41.31999969482422,2492800,36.89918406816807,0.0,1.0,yahoo,2023-12-13 16:42:28
2017-07-31,XRT,41.470001220703125,41.52999877929688,40.65999984741211,41.15999984741211,5508500,36.75630256129144,0.0,1.0,yahoo,2023-12-13 16:42:28
2017-08-01,XRT,41.18000030517578,41.33000183105469,40.709999084472656,41.29999923706055,7060900,36.88132345398802,0.0,1.0,yahoo,2023-12-13 16:42:28
2017-08-02,XRT,41.06999969482422,41.33000183105469,40.58000183105469,40.77000045776367,3506200,36.40802910118991,0.0,1.0,yahoo,2023-12-13 16:42:28
2017-08-03,XRT,40.84000015258789,41.25,40.63999938964844,40.68999862670898,2454500,36.33658664446967,0.0,1.0,yahoo,2023-12-13 16:42:28
2017-08-04,XRT,40.84999847412109,41.18999862670898,40.75,41.11000061035156,3389100,36.711652729123216,0.0,1.0,yahoo,2023-12-13 16:42:28
2017-08-07,XRT,41.119998931884766,41.5099983215332,40.9900016784668,41.33000183105469,2910600,36.90811607854002,0.0,1.0,yahoo,2023-12-13 16:42:28
2017-08-08,XRT,41.70000076293945,41.72999954223633,40.9900016784668,41.11000061035156,4774800,36.711652729123216,0.0,1.0,yahoo,2023-12-13 16:42:28
2017-08-09,XRT,40.63999938964844,40.77000045776367,40.220001220703125,40.63999938964844,7589400,36.29193681230145,0.0,1.0,yahoo,2023-12-13 16:42:28
2017-08-10,XRT,40.29999923706055,40.40999984741211,39.34999847412109,39.400001525878906,7730600,35.18460598564855,0.0,1.0,yahoo,2023-12-13 16:42:28
2017-08-11,XRT,39.619998931884766,39.75,39.25,39.650001525878906,3307100,35.40785855305352,0.0,1.0,yahoo,2023-12-13 16:42:28
2017-08-14,XRT,39.95000076293945,40.06999969482422,39.61000061035156,39.65999984741211,2397200,35.41678715686164,0.0,1.0,yahoo,2023-12-13 16:42:28
2017-08-15,XRT,39.130001068115234,39.25,38.59000015258789,38.59000015258789,6250000,34.461266440893475,0.0,1.0,yahoo,2023-12-13 16:42:28
2017-08-16,XRT,38.86000061035156,39.2599983215332,38.86000061035156,38.959999084472656,4440600,34.791679286814954,0.0,1.0,yahoo,2023-12-13 16:42:28
2017-08-17,XRT,38.68999862670898,38.970001220703125,38.2599983215332,38.31999969482422,4270100,34.220153259308454,0.0,1.0,yahoo,2023-12-13 16:42:28
2017-08-18,XRT,38.060001373291016,38.27999877929688,37.95000076293945,38.18999862670898,3647200,34.10406097041999,0.0,1.0,yahoo,2023-12-13 16:42:28
2017-08-21,XRT,38.08000183105469,38.09999847412109,37.720001220703125,37.93000030517578,3540600,33.871879799206916,0.0,1.0,yahoo,2023-12-13 16:42:28
2017-08-22,XRT,38.22999954223633,38.56999969482422,38.18000030517578,38.45000076293945,2764800,34.336245548196906,0.0,1.0,yahoo,2023-12-13 16:42:28
2017-08-23,XRT,38.52999877929688,38.72999954223633,38.36000061035156,38.4900016784668,2930700,34.371966776557024,0.0,1.0,yahoo,2023-12-13 16:42:28
2017-08-24,XRT,39.43999862670898,39.709999084472656,38.72999954223633,38.84000015258789,6366000,34.684519008298444,0.0,1.0,yahoo,2023-12-13 16:42:28
2017-08-25,XRT,39.0,39.400001525878906,38.81999969482422,39.29999923706055,2445200,35.09530291474827,0.0,1.0,yahoo,2023-12-13 16:42:28
2017-08-28,XRT,39.2400016784668,39.31999969482422,38.88999938964844,39.130001068115234,3154900,34.94349280406353,0.0,1.0,yahoo,2023-12-13 16:42:28
2017-08-29,XRT,38.58000183105469,38.93999862670898,38.380001068115234,38.900001525878906,2207100,34.73810085083862,0.0,1.0,yahoo,2023-12-13 16:42:28
2017-08-30,XRT,38.900001525878906,39.18000030517578,38.70000076293945,38.9900016784668,2163600,34.818471911366956,0.0,1.0,yahoo,2023-12-13 16:42:28
2017-08-31,XRT,39.09999847412109,39.310001373291016,38.9900016784668,39.16999816894531,1647600,34.97921062585981,0.0,1.0,yahoo,2023-12-13 16:42:28
2017-09-01,XRT,39.2599983215332,39.77000045776367,39.2599983215332,39.70000076293945,2360500,35.45250838522175,0.0,1.0,yahoo,2023-12-13 16:42:28
2017-09-05,XRT,39.58000183105469,39.880001068115234,39.27000045776367,39.65999984741211,2292700,35.41678715686164,0.0,1.0,yahoo,2023-12-13 16:42:28
2017-09-06,XRT,39.66999816894531,40.22999954223633,39.650001525878906,40.18000030517578,4478900,35.88115290585163,0.0,1.0,yahoo,2023-12-13 16:42:28
2017-09-07,XRT,40.369998931884766,40.52000045776367,40.119998931884766,40.369998931884766,4440500,36.05082363071642,0.0,1.0,yahoo,2023-12-13 16:42:28
2017-09-08,XRT,40.2599983215332,40.400001525878906,39.84999847412109,40.08000183105469,2330900,35.79185324151518,0.0,1.0,yahoo,2023-12-13 16:42:28
2017-09-11,XRT,40.2400016784668,40.43999862670898,40.20000076293945,40.34000015258789,3541500,36.024034412728255,0.0,1.0,yahoo,2023-12-13 16:42:28
2017-09-12,XRT,40.45000076293945,41.16999816894531,40.43000030517578,40.95000076293945,4780900,36.56877122224659,0.0,1.0,yahoo,2023-12-13 16:42:28
2017-09-13,XRT,41.18000030517578,41.540000915527344,41.11000061035156,41.380001068115234,4615100,36.952765910708244,0.0,1.0,yahoo,2023-12-13 16:42:28
2017-09-14,XRT,41.25,41.38999938964844,40.93999862670898,41.06999969482422,2536600,36.675931500763106,0.0,1.0,yahoo,2023-12-13 16:42:28
2017-09-15,XRT,40.61000061035156,41.220001220703125,40.61000061035156,41.20000076293945,3830500,36.955791848243194,0.182,1.0,yahoo,2023-12-13 16:42:28
2017-09-18,XRT,41.33000183105469,41.52000045776367,40.90999984741211,41.040000915527344,3608700,36.81227434952432,0.0,1.0,yahoo,2023-12-13 16:42:28
2017-09-19,XRT,40.93999862670898,41.09999847412109,40.43000030517578,40.619998931884766,3968300,36.43553877680787,0.0,1.0,yahoo,2023-12-13 16:42:28
2017-09-20,XRT,40.38999938964844,40.65999984741211,40.22999954223633,40.5099983215332,3481400,36.33686985486482,0.0,1.0,yahoo,2023-12-13 16:42:28
2017-09-21,XRT,40.59000015258789,40.61000061035156,40.2599983215332,40.310001373291016,2461000,36.15747554776154,0.0,1.0,yahoo,2023-12-13 16:42:28
2017-09-22,XRT,40.220001220703125,40.869998931884766,40.20000076293945,40.79999923706055,2629900,36.59699639058248,0.0,1.0,yahoo,2023-12-13 16:42:28
2017-09-25,XRT,40.77999877929688,41.380001068115234,40.77999877929688,41.20000076293945,3605800,36.955791848243194,0.0,1.0,yahoo,2023-12-13 16:42:28
2017-09-26,XRT,41.34999847412109,41.58000183105469,41.220001220703125,41.459999084472656,2873300,37.189006500513706,0.0,1.0,yahoo,2023-12-13 16:42:28
2017-09-27,XRT,41.84999847412109,41.9900016784668,41.290000915527344,41.959999084472656,7964000,37.63749911172606,0.0,1.0,yahoo,2023-12-13 16:42:28
2017-09-28,XRT,41.869998931884766,41.900001525878906,41.43999862670898,41.72999954223633,2149600,37.43119292117562,0.0,1.0,yahoo,2023-12-13 16:42:28
2017-09-29,XRT,41.95000076293945,41.970001220703125,41.720001220703125,41.77000045776367,2089900,37.46707315128711,0.0,1.0,yahoo,2023-12-13 16:42:28
2017-10-02,XRT,41.68000030517578,41.84000015258789,41.34999847412109,41.7599983215332,3852300,37.4581013828957,0.0,1.0,yahoo,2023-12-13 16:42:28
2017-10-03,XRT,41.869998931884766,41.9900016784668,41.650001525878906,41.900001525878906,2309600,37.5836821882859,0.0,1.0,yahoo,2023-12-13 16:42:28
2017-10-04,XRT,41.790000915527344,41.970001220703125,41.560001373291016,41.59000015258789,3005000,37.305615537512494,0.0,1.0,yahoo,2023-12-13 16:42:28
2017-10-05,XRT,41.66999816894531,41.959999084472656,41.56999969482422,41.900001525878906,3294300,37.5836821882859,0.0,1.0,yahoo,2023-12-13 16:42:28
2017-10-06,XRT,41.38999938964844,41.880001068115234,41.38999938964844,41.650001525878906,2672700,37.359435882679726,0.0,1.0,yahoo,2023-12-13 16:42:28
2017-10-09,XRT,41.66999816894531,41.720001220703125,40.83000183105469,40.86000061035156,4011500,36.650816735749714,0.0,1.0,yahoo,2023-12-13 16:42:28
2017-10-10,XRT,40.97999954223633,41.29999923706055,40.81999969482422,40.970001220703125,2857500,36.74948565769276,0.0,1.0,yahoo,2023-12-13 16:42:28
2017-10-11,XRT,41.0,41.09000015258789,40.2599983215332,40.40999984741211,7339300,36.24717270131318,0.0,1.0,yahoo,2023-12-13 16:42:28
2017-10-12,XRT,40.220001220703125,40.33000183105469,39.5,39.880001068115234,7304100,35.77177162838075,0.0,1.0,yahoo,2023-12-13 16:42:28
2017-10-13,XRT,40.0099983215332,40.38999938964844,39.790000915527344,40.0,3345200,35.87940889698813,0.0,1.0,yahoo,2023-12-13 16:42:28
2017-10-16,XRT,39.959999084472656,40.0,39.58000183105469,39.72999954223633,3313900,35.637222476326215,0.0,1.0,yahoo,2023-12-13 16:42:28
2017-10-17,XRT,39.7400016784668,40.130001068115234,39.72999954223633,40.02000045776367,2265600,35.897349012043875,0.0,1.0,yahoo,2023-12-13 16:42:28
2017-10-18,XRT,40.130001068115234,40.52999877929688,40.06999969482422,40.27000045776367,4468700,36.121595317650055,0.0,1.0,yahoo,2023-12-13 16:42:28
2017-10-19,XRT,40.16999816894531,40.22999954223633,39.880001068115234,40.15999984741211,2735400,36.022926395707,0.0,1.0,yahoo,2023-12-13 16:42:28
2017-10-20,XRT,40.52000045776367,40.75,40.369998931884766,40.650001525878906,5208200,36.46245066025502,0.0,1.0,yahoo,2023-12-13 16:42:28
2017-10-23,XRT,40.81999969482422,41.2599983215332,40.720001220703125,40.77000045776367,5248000,36.57008792886241,0.0,1.0,yahoo,2023-12-13 16:42:28
2017-10-24,XRT,40.880001068115234,41.040000915527344,40.70000076293945,40.900001525878906,1890500,36.686696965861195,0.0,1.0,yahoo,2023-12-13 16:42:28
2017-10-25,XRT,40.91999816894531,40.91999816894531,40.06999969482422,40.59000015258789,2824300,36.40863031508779,0.0,1.0,yahoo,2023-12-13 16:42:28
2017-10-26,XRT,40.52999877929688,40.9900016784668,40.400001525878906,40.75,2475500,36.55214781380666,0.0,1.0,yahoo,2023-12-13 16:42:28
2017-10-27,XRT,40.25,40.25,39.7400016784668,40.13999938964844,5090600,36.00498628065126,0.0,1.0,yahoo,2023-12-13 16:42:28
2017-10-30,XRT,40.25,40.25,39.310001373291016,39.47999954223633,5475000,35.412976170720036,0.0,1.0,yahoo,2023-12-13 16:42:28
2017-10-31,XRT,39.58000183105469,39.869998931884766,39.45000076293945,39.4900016784668,5914800,35.42194793911145,0.0,1.0,yahoo,2023-12-13 16:42:28
2017-11-01,XRT,39.7400016784668,39.95000076293945,39.27000045776367,39.58000183105469,5581500,35.502676745998755,0.0,1.0,yahoo,2023-12-13 16:42:28
2017-11-02,XRT,39.7400016784668,40.20000076293945,39.54999923706055,40.040000915527344,6746900,35.91528912709962,0.0,1.0,yahoo,2023-12-13 16:42:28
2017-11-03,XRT,40.02999877929688,40.130001068115234,39.79999923706055,39.880001068115234,5265800,35.77177162838075,0.0,1.0,yahoo,2023-12-13 16:42:28
2017-11-06,XRT,39.93000030517578,40.22999954223633,39.790000915527344,39.93999862670898,4456200,35.8255885518209,0.0,1.0,yahoo,2023-12-13 16:42:28
2017-11-07,XRT,39.81999969482422,39.86000061035156,38.84999847412109,39.0,5276000,34.98242367456343,0.0,1.0,yahoo,2023-12-13 16:42:28
2017-11-08,XRT,38.86000061035156,39.220001220703125,38.68999862670898,39.06999969482422,5039800,35.04521236639499,0.0,1.0,yahoo,2023-12-13 16:42:28
2017-11-09,XRT,38.79999923706055,39.900001525878906,38.79999923706055,39.709999084472656,7895200,35.61928236127047,0.0,1.0,yahoo,2023-12-13 16:42:28
2017-11-10,XRT,39.79999923706055,40.22999954223633,39.720001220703125,40.18000030517578,6746800,36.04086651076275,0.0,1.0,yahoo,2023-12-13 16:42:28
2017-11-13,XRT,40.02999877929688,40.20000076293945,39.59000015258789,39.70000076293945,5412900,35.61031401460614,0.0,1.0,yahoo,2023-12-13 16:42:28
2017-11-14,XRT,39.459999084472656,39.900001525878906,39.43000030517578,39.79999923706055,4017800,35.70001116815778,0.0,1.0,yahoo,2023-12-13 16:42:28
2017-11-15,XRT,39.56999969482422,40.18999862670898,39.22999954223633,39.880001068115234,3847700,35.77177162838075,0.0,1.0,yahoo,2023-12-13 16:42:28
2017-11-16,XRT,40.060001373291016,40.75,39.959999084472656,40.61000061035156,4352900,36.426570430143535,0.0,1.0,yahoo,2023-12-13 16:42:28
2017-11-17,XRT,41.459999084472656,41.790000915527344,41.369998931884766,41.75,11858000,37.449133036231366,0.0,1.0,yahoo,2023-12-13 16:42:28
2017-11-20,XRT,41.880001068115234,42.119998931884766,41.56999969482422,42.09999847412109,4860200,37.76307649538917,0.0,1.0,yahoo,2023-12-13 16:42:28
2017-11-21,XRT,41.90999984741211,41.91999816894531,41.43000030517578,41.58000183105469,6179300,37.29664719084816,0.0,1.0,yahoo,2023-12-13 16:42:28
2017-11-22,XRT,41.63999938964844,41.90999984741211,41.459999084472656,41.70000076293945,3921200,37.404284459455546,0.0,1.0,yahoo,2023-12-13 16:42:28
2017-11-24,XRT,41.86000061035156,41.95000076293945,41.4900016784668,41.52000045776367,4983900,37.24282684568093,0.0,1.0,yahoo,2023-12-13 16:42:28
2017-11-27,XRT,41.68999862670898,42.150001525878906,41.400001525878906,41.59999847412109,6385300,37.31458388417682,0.0,1.0,yahoo,2023-12-13 16:42:28
2017-11-28,XRT,41.720001220703125,42.93000030517578,41.65999984741211,42.869998931884766,10794700,38.45375552726345,0.0,1.0,yahoo,2023-12-13 16:42:28
2017-11-29,XRT,43.060001373291016,44.22999954223633,42.95000076293945,43.93999862670898,18396000,39.413529441519714,0.0,1.0,yahoo,2023-12-13 16:42:28
2017-11-30,XRT,44.13999938964844,44.83000183105469,43.68000030517578,43.72999954223633,12761400,39.22516336602503,0.0,1.0,yahoo,2023-12-13 16:42:28
2017-12-01,XRT,43.650001525878906,43.84000015258789,42.61000061035156,43.52000045776367,10559000,39.03679729053034,0.0,1.0,yahoo,2023-12-13 16:42:28
2017-12-04,XRT,44.02999877929688,44.9900016784668,44.0,44.52000045776367,17947300,39.93378251295504,0.0,1.0,yahoo,2023-12-13 16:42:28
2017-12-05,XRT,44.66999816894531,44.66999816894531,43.9900016784668,44.06999969482422,8750500,39.53013847851851,0.0,1.0,yahoo,2023-12-13 16:42:28
2017-12-06,XRT,44.16999816894531,44.45000076293945,43.880001068115234,44.11000061035156,7760700,39.56601870863,0.0,1.0,yahoo,2023-12-13 16:42:28
2017-12-07,XRT,44.369998931884766,44.810001373291016,44.15999984741211,44.40999984741211,5410600,39.835113591012,0.0,1.0,yahoo,2023-12-13 16:42:28
2017-12-08,XRT,44.52000045776367,45.040000915527344,44.34999847412109,44.93000030517578,6350300,40.301546317280085,0.0,1.0,yahoo,2023-12-13 16:42:28
2017-12-11,XRT,45.0099983215332,45.119998931884766,44.59000015258789,44.81999969482422,5037000,40.20287739533704,0.0,1.0,yahoo,2023-12-13 16:42:28
2017-12-12,XRT,44.880001068115234,45.04999923706055,44.15999984741211,44.18999862670898,8002400,39.637775747125886,0.0,1.0,yahoo,2023-12-13 16:42:28
2017-12-13,XRT,44.27999877929688,44.90999984741211,44.25,44.650001525878906,7192000,40.05039154995384,0.0,1.0,yahoo,2023-12-13 16:42:28
2017-12-14,XRT,44.88999938964844,44.97999954223633,43.54999923706055,43.81999969482422,11242100,39.30589217291234,0.0,1.0,yahoo,2023-12-13 16:42:28
2017-12-15,XRT,43.75,44.59000015258789,43.75,44.27999877929688,8277000,39.896957399856,0.196,1.0,yahoo,2023-12-13 16:42:28
2017-12-18,XRT,44.66999816894531,45.5099983215332,44.52000045776367,45.459999084472656,7173700,40.96015575589178,0.0,1.0,yahoo,2023-12-13 16:42:28
2017-12-19,XRT,45.52000045776367,45.58000183105469,44.970001220703125,45.04999923706055,3217900,40.59073961097092,0.0,1.0,yahoo,2023-12-13 16:42:28
2017-12-20,XRT,45.310001373291016,45.5099983215332,44.9900016784668,45.20000076293945,2980400,40.72589328425201,0.0,1.0,yahoo,2023-12-13 16:42:28
2017-12-21,XRT,45.34999847412109,45.47999954223633,45.09000015258789,45.38999938964844,2343200,40.897084958254126,0.0,1.0,yahoo,2023-12-13 16:42:28
2017-12-22,XRT,45.33000183105469,45.54999923706055,45.08000183105469,45.5099983215332,2840100,41.00520583461858,0.0,1.0,yahoo,2023-12-13 16:42:28
2017-12-26,XRT,45.560001373291016,46.18999862670898,45.52000045776367,46.02000045776367,3655700,41.464725574093734,0.0,1.0,yahoo,2023-12-13 16:42:28
2017-12-27,XRT,46.09000015258789,46.09000015258789,45.41999816894531,45.470001220703125,3015200,40.96916783389756,0.0,1.0,yahoo,2023-12-13 16:42:28
2017-12-28,XRT,45.47999954223633,45.540000915527344,45.209999084472656,45.52000045776367,3525600,41.01421791262435,0.0,1.0,yahoo,2023-12-13 16:42:28
2017-12-29,XRT,45.56999969482422,45.720001220703125,45.15999984741211,45.18000030517578,3838800,40.70787256534115,0.0,1.0,yahoo,2023-12-13 16:42:28
2018-01-02,XRT,45.5,46.119998931884766,45.29999923706055,46.0099983215332,3760900,41.45571349608796,0.0,1.0,yahoo,2023-12-13 16:42:28
2018-01-03,XRT,46.02000045776367,46.33000183105469,45.68000030517578,45.97999954223633,8779300,41.42868413627202,0.0,1.0,yahoo,2023-12-13 16:42:28
2018-01-04,XRT,46.08000183105469,46.29999923706055,44.869998931884766,45.709999084472656,17627200,41.18540958662647,0.0,1.0,yahoo,2023-12-13 16:42:28
2018-01-05,XRT,45.59000015258789,46.130001068115234,45.59000015258789,46.11000061035156,5484000,41.54581709064225,0.0,1.0,yahoo,2023-12-13 16:42:28
2018-01-08,XRT,46.31999969482422,46.45000076293945,45.68999862670898,46.29999923706055,6099800,41.71700876464437,0.0,1.0,yahoo,2023-12-13 16:42:28
2018-01-09,XRT,46.2400016784668,46.2599983215332,45.65999984741211,45.810001373291016,7205200,41.27551318118076,0.0,1.0,yahoo,2023-12-13 16:42:28
2018-01-10,XRT,45.56999969482422,46.25,45.5,46.13999938964844,3302300,41.572846450458194,0.0,1.0,yahoo,2023-12-13 16:42:28
2018-01-11,XRT,46.220001220703125,47.369998931884766,46.08000183105469,47.27999877929688,8989100,42.600003368672276,0.0,1.0,yahoo,2023-12-13 16:42:28
2018-01-12,XRT,47.43000030517578,48.09000015258789,47.38999938964844,47.81999969482422,8708100,43.08655246796336,0.0,1.0,yahoo,2023-12-13 16:42:28
2018-01-16,XRT,48.0099983215332,48.380001068115234,46.59999847412109,46.79999923706055,5750400,42.16751642611374,0.0,1.0,yahoo,2023-12-13 16:42:28
2018-01-17,XRT,46.86000061035156,47.470001220703125,46.83000183105469,47.290000915527344,5865600,42.60901544667804,0.0,1.0,yahoo,2023-12-13 16:42:28
2018-01-18,XRT,47.45000076293945,47.630001068115234,47.209999084472656,47.41999816894531,2705400,42.72614496394758,0.0,1.0,yahoo,2023-12-13 16:42:28
2018-01-19,XRT,47.540000915527344,48.310001373291016,47.41999816894531,48.29999923706055,5026500,43.519039410521884,0.0,1.0,yahoo,2023-12-13 16:42:28
2018-01-22,XRT,48.380001068115234,48.90999984741211,48.16999816894531,48.90999984741211,4482700,44.06865930745064,0.0,1.0,yahoo,2023-12-13 16:42:28
2018-01-23,XRT,48.869998931884766,48.959999084472656,48.31999969482422,48.84999847412109,7921400,44.01459715071805,0.0,1.0,yahoo,2023-12-13 16:42:28
2018-01-24,XRT,48.970001220703125,49.09000015258789,48.08000183105469,48.5099983215332,3190800,43.708251803434855,0.0,1.0,yahoo,2023-12-13 16:42:28
2018-01-25,XRT,48.70000076293945,48.709999084472656,48.09999847412109,48.34999847412109,3672000,43.56408948924868,0.0,1.0,yahoo,2023-12-13 16:42:28
2018-01-26,XRT,48.5,48.84999847412109,48.06999969482422,48.84000015258789,3055100,44.00558850981298,0.0,1.0,yahoo,2023-12-13 16:42:28
2018-01-29,XRT,48.66999816894531,49.060001373291016,48.5,48.7599983215332,2664200,43.93350563416955,0.0,1.0,yahoo,2023-12-13 16:42:28
2018-01-30,XRT,48.29999923706055,48.47999954223633,47.4900016784668,47.66999816894531,6831400,42.95139879468227,0.0,1.0,yahoo,2023-12-13 16:42:28
2018-01-31,XRT,47.9900016784668,48.20000076293945,46.86000061035156,47.220001220703125,7281800,42.54594464904038,0.0,1.0,yahoo,2023-12-13 16:42:28
2018-02-01,XRT,46.869998931884766,47.18000030517578,46.43000030517578,46.72999954223633,4918300,42.104445628476086,0.0,1.0,yahoo,2023-12-13 16:42:28
2018-02-02,XRT,46.43000030517578,46.59000015258789,45.369998931884766,45.4900016784668,7860100,40.98718855280841,0.0,1.0,yahoo,2023-12-13 16:42:28
2018-02-05,XRT,45.09000015258789,45.81999969482422,44.0,44.02000045776367,9917700,39.66269492821622,0.0,1.0,yahoo,2023-12-13 16:42:28
2018-02-06,XRT,43.4900016784668,45.58000183105469,42.77000045776367,45.29999923706055,8535200,40.81599344170561,0.0,1.0,yahoo,2023-12-13 16:42:28
2018-02-07,XRT,45.209999084472656,46.18999862670898,45.13999938964844,45.75,5951400,41.221451024448186,0.0,1.0,yahoo,2023-12-13 16:42:28
2018-02-08,XRT,45.95000076293945,46.13999938964844,44.40999984741211,44.43000030517578,7940500,40.03211107313708,0.0,1.0,yahoo,2023-12-13 16:42:28
2018-02-09,XRT,44.65999984741211,45.15999984741211,42.869998931884766,44.7400016784668,12785400,40.311427060604345,0.0,1.0,yahoo,2023-12-13 16:42:28
2018-02-12,XRT,44.9900016784668,45.220001220703125,43.900001525878906,44.72999954223633,5623600,40.30241498259857,0.0,1.0,yahoo,2023-12-13 16:42:28
2018-02-13,XRT,44.720001220703125,45.119998931884766,44.630001068115234,44.95000076293945,2894100,40.500639453517316,0.0,1.0,yahoo,2023-12-13 16:42:28
2018-02-14,XRT,44.619998931884766,46.02000045776367,44.52000045776367,45.77000045776367,6525400,41.23947174335905,0.0,1.0,yahoo,2023-12-13 16:42:28
2018-02-15,XRT,46.16999816894531,46.310001373291016,45.56999969482422,46.29999923706055,3419200,41.71700876464437,0.0,1.0,yahoo,2023-12-13 16:42:28
2018-02-16,XRT,46.06999969482422,46.72999954223633,45.970001220703125,46.209999084472656,2934300,41.63591724809585,0.0,1.0,yahoo,2023-12-13 16:42:28
2018-02-20,XRT,45.790000915527344,46.15999984741211,45.16999816894531,45.29999923706055,4751100,40.81599344170561,0.0,1.0,yahoo,2023-12-13 16:42:28
2018-02-21,XRT,45.45000076293945,46.150001525878906,45.310001373291016,45.34000015258789,4607300,40.852034879527324,0.0,1.0,yahoo,2023-12-13 16:42:28
2018-02-22,XRT,45.38999938964844,45.72999954223633,45.13999938964844,45.2599983215332,3986600,40.77995200388389,0.0,1.0,yahoo,2023-12-13 16:42:28
2018-02-23,XRT,45.560001373291016,46.0,45.20000076293945,45.959999084472656,3898900,41.410663417361164,0.0,1.0,yahoo,2023-12-13 16:42:28
2018-02-26,XRT,46.220001220703125,46.43999862670898,45.68000030517578,46.11000061035156,3671200,41.54581709064225,0.0,1.0,yahoo,2023-12-13 16:42:28
2018-02-27,XRT,46.400001525878906,46.810001373291016,45.150001525878906,45.16999816894531,7129900,40.698860487335374,0.0,1.0,yahoo,2023-12-13 16:42:28
2018-02-28,XRT,45.70000076293945,45.959999084472656,45.25,45.27999877929688,5280100,40.79797272279475,0.0,1.0,yahoo,2023-12-13 16:42:28
2018-03-01,XRT,45.13999938964844,45.33000183105469,44.22999954223633,44.84999847412109,5694300,40.41053585896302,0.0,1.0,yahoo,2023-12-13 16:42:28
2018-03-02,XRT,44.2400016784668,45.400001525878906,43.959999084472656,45.310001373291016,4780600,40.82500551971138,0.0,1.0,yahoo,2023-12-13 16:42:28
2018-03-05,XRT,45.130001068115234,45.63999938964844,44.88999938964844,45.52999877929688,2879200,41.02322655352945,0.0,1.0,yahoo,2023-12-13 16:42:28
2018-03-06,XRT,45.59999847412109,46.209999084472656,45.400001525878906,46.16999816894531,4394100,41.599875810274135,0.0,1.0,yahoo,2023-12-13 16:42:28
2018-03-07,XRT,45.619998931884766,46.0099983215332,45.27000045776367,45.540000915527344,6383300,41.032238631535215,0.0,1.0,yahoo,2023-12-13 16:42:28
2018-03-08,XRT,45.75,45.869998931884766,44.7400016784668,44.77000045776367,4473600,40.338456420420286,0.0,1.0,yahoo,2023-12-13 16:42:28
2018-03-09,XRT,45.04999923706055,45.470001220703125,44.81999969482422,45.45000076293945,5404100,40.951147114986696,0.0,1.0,yahoo,2023-12-13 16:42:28
2018-03-12,XRT,45.45000076293945,45.86000061035156,45.15999984741211,45.29999923706055,3949700,40.81599344170561,0.0,1.0,yahoo,2023-12-13 16:42:28
2018-03-13,XRT,45.400001525878906,45.7400016784668,45.119998931884766,45.18999862670898,5564300,40.71688120624623,0.0,1.0,yahoo,2023-12-13 16:42:28
2018-03-14,XRT,45.40999984741211,45.43999862670898,44.790000915527344,44.93000030517578,4364000,40.48261873460646,0.0,1.0,yahoo,2023-12-13 16:42:28
2018-03-15,XRT,45.119998931884766,45.2599983215332,44.4900016784668,44.650001525878906,6195800,40.230335544055826,0.0,1.0,yahoo,2023-12-13 16:42:28
2018-03-16,XRT,44.400001525878906,45.09000015258789,44.2599983215332,44.7400016784668,9455700,40.42550575154779,0.126,1.0,yahoo,2023-12-13 16:42:28
2018-03-19,XRT,44.709999084472656,44.7400016784668,44.08000183105469,44.400001525878906,3927800,40.11829346705241,0.0,1.0,yahoo,2023-12-13 16:42:28
2018-03-20,XRT,44.27999877929688,44.34000015258789,43.959999084472656,44.04999923706055,7136700,39.80204360096241,0.0,1.0,yahoo,2023-12-13 16:42:28
2018-03-21,XRT,44.0099983215332,44.52000045776367,43.93000030517578,44.060001373291016,3248600,39.81108118255703,0.0,1.0,yahoo,2023-12-13 16:42:28
2018-03-22,XRT,43.86000061035156,44.220001220703125,43.369998931884766,43.369998931884766,4878600,39.18761903197165,0.0,1.0,yahoo,2023-12-13 16:42:28
2018-03-23,XRT,43.560001373291016,43.709999084472656,42.93000030517578,42.959999084472656,4042600,38.817157463623765,0.0,1.0,yahoo,2023-12-13 16:42:28
2018-03-26,XRT,43.650001525878906,44.36000061035156,43.380001068115234,44.31999969482422,6268300,40.046006601605285,0.0,1.0,yahoo,2023-12-13 16:42:28
2018-03-27,XRT,44.29999923706055,44.400001525878906,43.2400016784668,43.41999816894531,6082700,39.23279659946238,0.0,1.0,yahoo,2023-12-13 16:42:28
2018-03-28,XRT,43.560001373291016,44.41999816894531,43.29999923706055,43.869998931884766,8235500,39.63940160053383,0.0,1.0,yahoo,2023-12-13 16:42:28
2018-03-29,XRT,44.0,44.45000076293945,43.93999862670898,44.29999923706055,4016800,40.0279348852435,0.0,1.0,yahoo,2023-12-13 16:42:28
2018-04-02,XRT,44.09000015258789,44.27999877929688,42.70000076293945,43.130001068115234,4972600,38.970765329285186,0.0,1.0,yahoo,2023-12-13 16:42:28
2018-04-03,XRT,43.31999969482422,43.7599983215332,43.220001220703125,43.68999862670898,6379200,39.47675960010525,0.0,1.0,yahoo,2023-12-13 16:42:28
2018-04-04,XRT,43.18999862670898,44.9900016784668,43.060001373291016,44.900001525878906,4707100,40.57007603561459,0.0,1.0,yahoo,2023-12-13 16:42:28
2018-04-05,XRT,45.0,45.38999938964844,44.5,45.2599983215332,3084800,40.895356589644294,0.0,1.0,yahoo,2023-12-13 16:42:28
2018-04-06,XRT,44.900001525878906,45.310001373291016,44.119998931884766,44.4900016784668,4329200,40.1996144672667,0.0,1.0,yahoo,2023-12-13 16:42:28
2018-04-09,XRT,44.77000045776367,44.869998931884766,44.18000030517578,44.22999954223633,3905900,39.96468560139099,0.0,1.0,yahoo,2023-12-13 16:42:28
2018-04-10,XRT,44.70000076293945,45.2599983215332,44.56999969482422,45.150001525878906,3723800,40.79596731989568,0.0,1.0,yahoo,2023-12-13 16:42:28
2018-04-11,XRT,44.91999816894531,45.33000183105469,44.86000061035156,45.02999877929688,1660900,40.68753702172499,0.0,1.0,yahoo,2023-12-13 16:42:28
2018-04-12,XRT,45.11000061035156,45.38999938964844,45.04999923706055,45.09000015258789,3063000,40.74175217081033,0.0,1.0,yahoo,2023-12-13 16:42:28
2018-04-13,XRT,45.209999084472656,45.43000030517578,44.27999877929688,44.4900016784668,3485900,40.1996144672667,0.0,1.0,yahoo,2023-12-13 16:42:28
2018-04-16,XRT,44.7400016784668,45.150001525878906,44.369998931884766,44.810001373291016,4025200,40.4887550354003,0.0,1.0,yahoo,2023-12-13 16:42:28
2018-04-17,XRT,45.09999847412109,45.380001068115234,45.02999877929688,45.09999847412109,1806200,40.750786305577485,0.0,1.0,yahoo,2023-12-13 16:42:28
2018-04-18,XRT,45.25,45.720001220703125,45.119998931884766,45.119998931884766,3086000,40.76885802193927,0.0,1.0,yahoo,2023-12-13 16:42:28
2018-04-19,XRT,44.91999816894531,45.20000076293945,44.2599983215332,44.56999969482422,5538800,40.271897885886375,0.0,1.0,yahoo,2023-12-13 16:42:28
2018-04-20,XRT,44.5,44.709999084472656,43.86000061035156,43.97999954223633,7512100,39.73879431710991,0.0,1.0,yahoo,2023-12-13 16:42:28
2018-04-23,XRT,44.04999923706055,44.59999847412109,43.93999862670898,44.45000076293945,4565500,40.163471034543136,0.0,1.0,yahoo,2023-12-13 16:42:28
2018-04-24,XRT,44.59000015258789,45.0,44.09999847412109,44.36000061035156,3354700,40.08215003432885,0.0,1.0,yahoo,2023-12-13 16:42:28
2018-04-25,XRT,44.220001220703125,44.7599983215332,44.0,44.61000061035156,2904300,40.30804131860994,0.0,1.0,yahoo,2023-12-13 16:42:28
2018-04-26,XRT,44.790000915527344,45.40999984741211,44.72999954223633,45.2599983215332,3899800,40.895356589644294,0.0,1.0,yahoo,2023-12-13 16:42:28
2018-04-27,XRT,45.29999923706055,45.81999969482422,45.18000030517578,45.720001220703125,3676600,41.31099917231037,0.0,1.0,yahoo,2023-12-13 16:42:28
2018-04-30,XRT,45.810001373291016,46.0099983215332,45.09999847412109,45.18000030517578,3859200,40.823073171024625,0.0,1.0,yahoo,2023-12-13 16:42:28
2018-05-01,XRT,45.11000061035156,45.27000045776367,44.45000076293945,45.060001373291016,4361900,40.714646319681385,0.0,1.0,yahoo,2023-12-13 16:42:28
2018-05-02,XRT,45.02999877929688,45.560001373291016,44.619998931884766,45.2400016784668,2804900,40.87728832010997,0.0,1.0,yahoo,2023-12-13 16:42:28
2018-05-03,XRT,45.08000183105469,45.27999877929688,44.470001220703125,44.709999084472656,4242900,40.39839645359139,0.0,1.0,yahoo,2023-12-13 16:42:28
2018-05-04,XRT,44.68000030517578,45.2599983215332,44.25,44.9900016784668,4147900,40.65139703582888,0.0,1.0,yahoo,2023-12-13 16:42:28
2018-05-07,XRT,45.060001373291016,45.119998931884766,44.47999954223633,44.77999877929688,4397100,40.4616457374439,0.0,1.0,yahoo,2023-12-13 16:42:28
2018-05-08,XRT,44.59999847412109,44.970001220703125,44.4900016784668,44.75,3085200,40.43453988631495,0.0,1.0,yahoo,2023-12-13 16:42:28
2018-05-09,XRT,44.97999954223633,45.38999938964844,44.68000030517578,45.20000076293945,5197600,40.841144887386406,0.0,1.0,yahoo,2023-12-13 16:42:28
2018-05-10,XRT,45.18000030517578,45.34999847412109,44.810001373291016,45.13999938964844,2503700,40.78692973830106,0.0,1.0,yahoo,2023-12-13 16:42:28
2018-05-11,XRT,45.11000061035156,45.630001068115234,44.900001525878906,45.54999923706055,5036600,41.15739130664895,0.0,1.0,yahoo,2023-12-13 16:42:28
2018-05-14,XRT,45.650001525878906,46.18999862670898,45.650001525878906,46.060001373291016,5080200,41.618211456805746,0.0,1.0,yahoo,2023-12-13 16:42:28
2018-05-15,XRT,45.93999862670898,46.36000061035156,45.75,46.20000076293945,4380600,41.74471002451076,0.0,1.0,yahoo,2023-12-13 16:42:28
2018-05-16,XRT,46.59999847412109,47.220001220703125,46.59999847412109,46.95000076293945,7844900,42.42238387735403,0.0,1.0,yahoo,2023-12-13 16:42:28
2018-05-17,XRT,46.880001068115234,47.33000183105469,46.77999877929688,47.0,4409100,42.467561444844755,0.0,1.0,yahoo,2023-12-13 16:42:28
2018-05-18,XRT,46.93000030517578,46.95000076293945,46.5099983215332,46.5099983215332,3181700,42.02481301104974,0.0,1.0,yahoo,2023-12-13 16:42:28
2018-05-21,XRT,46.7599983215332,47.0099983215332,46.68000030517578,46.77000045776367,3506400,42.259741876925446,0.0,1.0,yahoo,2023-12-13 16:42:28
2018-05-22,XRT,46.90999984741211,47.060001373291016,45.880001068115234,45.95000076293945,6487300,41.51881874022967,0.0,1.0,yahoo,2023-12-13 16:42:28
2018-05-23,XRT,45.7400016784668,46.38999938964844,45.7400016784668,46.27999877929688,2615200,41.816993443130436,0.0,1.0,yahoo,2023-12-13 16:42:28
2018-05-24,XRT,46.04999923706055,46.810001373291016,46.04999923706055,46.65999984741211,2732500,42.16034916034938,0.0,1.0,yahoo,2023-12-13 16:42:28
2018-05-25,XRT,46.52999877929688,46.77000045776367,46.41999816894531,46.65999984741211,4694400,42.16034916034938,0.0,1.0,yahoo,2023-12-13 16:42:28
2018-05-29,XRT,46.5099983215332,46.720001220703125,46.27999877929688,46.630001068115234,3357300,42.13324330922043,0.0,1.0,yahoo,2023-12-13 16:42:28
2018-05-30,XRT,46.66999816894531,47.290000915527344,46.459999084472656,47.2599983215332,2922400,42.70248686389301,0.0,1.0,yahoo,2023-12-13 16:42:28
2018-05-31,XRT,47.29999923706055,47.38999938964844,46.18000030517578,46.369998931884766,5071000,41.898314443344724,0.0,1.0,yahoo,2023-12-13 16:42:28
2018-06-01,XRT,46.34999847412109,46.75,46.25,46.619998931884766,3840800,42.124205727625814,0.0,1.0,yahoo,2023-12-13 16:42:28
2018-06-04,XRT,46.7400016784668,47.70000076293945,46.7400016784668,47.63999938964844,4428600,43.04584258111195,0.0,1.0,yahoo,2023-12-13 16:42:28
2018-06-05,XRT,47.650001525878906,48.58000183105469,47.52000045776367,48.4900016784668,5339000,43.813875015764125,0.0,1.0,yahoo,2023-12-13 16:42:28
2018-06-06,XRT,48.720001220703125,48.900001525878906,48.38999938964844,48.83000183105469,4360000,44.121087300259504,0.0,1.0,yahoo,2023-12-13 16:42:28
2018-06-07,XRT,49.0,49.65999984741211,48.9900016784668,49.119998931884766,7237500,44.3831185704367,0.0,1.0,yahoo,2023-12-13 16:42:28
2018-06-08,XRT,48.95000076293945,49.61000061035156,48.95000076293945,49.54999923706055,3773200,44.771651855146374,0.0,1.0,yahoo,2023-12-13 16:42:28
2018-06-11,XRT,49.58000183105469,50.20000076293945,49.58000183105469,50.06999969482422,7630000,45.241506140070335,0.0,1.0,yahoo,2023-12-13 16:42:28
2018-06-12,XRT,50.29999923706055,50.65999984741211,49.900001525878906,50.25,9413200,45.40414814049891,0.0,1.0,yahoo,2023-12-13 16:42:28
2018-06-13,XRT,50.27000045776367,50.41999816894531,49.59999847412109,49.630001068115234,5891200,44.8439387205935,0.0,1.0,yahoo,2023-12-13 16:42:28
2018-06-14,XRT,49.41999816894531,49.52000045776367,48.97999954223633,49.209999084472656,7021800,44.464439570650995,0.0,1.0,yahoo,2023-12-13 16:42:28
2018-06-15,XRT,48.810001373291016,49.36000061035156,48.810001373291016,49.36000061035156,6422800,44.751846447358695,0.167,1.0,yahoo,2023-12-13 16:42:28
2018-06-18,XRT,48.9900016784668,49.97999954223633,48.9900016784668,49.83000183105469,3852900,45.17796926338164,0.0,1.0,yahoo,2023-12-13 16:42:28
2018-06-19,XRT,49.47999954223633,50.09000015258789,49.36000061035156,50.04999923706055,3056100,45.37742813717928,0.0,1.0,yahoo,2023-12-13 16:42:28
2018-06-20,XRT,50.2599983215332,50.66999816894531,49.88999938964844,50.560001373291016,4199300,45.83981746064344,0.0,1.0,yahoo,2023-12-13 16:42:28
2018-06-21,XRT,50.52000045776367,50.97999954223633,50.5,50.61000061035156,3277200,45.88514886566269,0.0,1.0,yahoo,2023-12-13 16:42:28
2018-06-22,XRT,51.040000915527344,51.040000915527344,50.119998931884766,50.43999862670898,4851000,45.7310179383198,0.0,1.0,yahoo,2023-12-13 16:42:28
2018-06-25,XRT,50.13999938964844,50.290000915527344,49.36000061035156,49.650001525878906,7420400,45.01477343846071,0.0,1.0,yahoo,2023-12-13 16:42:28
2018-06-26,XRT,49.77000045776367,49.90999984741211,49.40999984741211,49.84999847412109,5730900,45.19609905853773,0.0,1.0,yahoo,2023-12-13 16:42:28
2018-06-27,XRT,49.900001525878906,50.33000183105469,49.09000015258789,49.09999847412109,4974600,44.51611760755533,0.0,1.0,yahoo,2023-12-13 16:42:28
2018-06-28,XRT,48.869998931884766,49.36000061035156,48.650001525878906,49.11000061035156,6228500,44.52518596369789,0.0,1.0,yahoo,2023-12-13 16:42:28
2018-06-29,XRT,49.41999816894531,49.59999847412109,48.52999877929688,48.560001373291016,6035900,44.02653359135704,0.0,1.0,yahoo,2023-12-13 16:42:28
2018-07-02,XRT,48.25,48.4900016784668,47.900001525878906,48.470001220703125,6441600,43.94493567889657,0.0,1.0,yahoo,2023-12-13 16:42:28
2018-07-03,XRT,48.65999984741211,49.220001220703125,48.63999938964844,48.720001220703125,4033100,44.171596162557364,0.0,1.0,yahoo,2023-12-13 16:42:28
2018-07-05,XRT,48.9900016784668,49.29999923706055,48.59000015258789,49.27999877929688,4271000,44.67931343247628,0.0,1.0,yahoo,2023-12-13 16:42:28
2018-07-06,XRT,49.20000076293945,49.90999984741211,49.20000076293945,49.83000183105469,5021200,45.17796926338164,0.0,1.0,yahoo,2023-12-13 16:42:28
2018-07-09,XRT,50.0,50.130001068115234,49.68000030517578,49.970001220703125,4604000,45.30489858086137,0.0,1.0,yahoo,2023-12-13 16:42:28
2018-07-10,XRT,49.97999954223633,50.02999877929688,49.36000061035156,49.61000061035156,6854200,44.978506931019496,0.0,1.0,yahoo,2023-12-13 16:42:28
2018-07-11,XRT,49.310001373291016,49.41999816894531,48.790000915527344,49.150001525878906,7044100,44.561452471139106,0.0,1.0,yahoo,2023-12-13 16:42:28
2018-07-12,XRT,49.220001220703125,49.25,48.5099983215332,48.95000076293945,10238100,44.38012339249756,0.0,1.0,yahoo,2023-12-13 16:42:28
2018-07-13,XRT,49.0,49.56999969482422,49.0,49.220001220703125,4597500,44.624917129878966,0.0,1.0,yahoo,2023-12-13 16:42:28
2018-07-16,XRT,49.310001373291016,49.4900016784668,48.95000076293945,49.31999969482422,3288600,44.71557993991748,0.0,1.0,yahoo,2023-12-13 16:42:28
2018-07-17,XRT,49.060001373291016,50.02999877929688,49.060001373291016,49.90999984741211,5824300,45.25049881969955,0.0,1.0,yahoo,2023-12-13 16:42:28
2018-07-18,XRT,49.77999877929688,50.09000015258789,49.58000183105469,50.08000183105469,4578600,45.40462974704244,0.0,1.0,yahoo,2023-12-13 16:42:28
2018-07-19,XRT,50.0099983215332,50.790000915527344,49.9900016784668,50.630001068115234,5383900,45.9032821193833,0.0,1.0,yahoo,2023-12-13 16:42:28
2018-07-20,XRT,50.400001525878906,50.650001525878906,49.970001220703125,50.06999969482422,3684500,45.395561390899886,0.0,1.0,yahoo,2023-12-13 16:42:28
2018-07-23,XRT,49.91999816894531,50.2400016784668,49.79999923706055,50.02000045776367,3234100,45.350229985880624,0.0,1.0,yahoo,2023-12-13 16:42:28
2018-07-24,XRT,50.20000076293945,50.40999984741211,49.040000915527344,49.20000076293945,9337400,44.60678387615836,0.0,1.0,yahoo,2023-12-13 16:42:28
2018-07-25,XRT,49.0,49.70000076293945,48.84999847412109,49.66999816894531,5003800,45.0329032336168,0.0,1.0,yahoo,2023-12-13 16:42:28
2018-07-26,XRT,50.02999877929688,50.84999847412109,49.77000045776367,50.130001068115234,12088100,45.4499611520617,0.0,1.0,yahoo,2023-12-13 16:42:28
2018-07-27,XRT,50.20000076293945,50.5,49.16999816894531,49.34000015258789,5107200,44.73371319363809,0.0,1.0,yahoo,2023-12-13 16:42:28
2018-07-30,XRT,49.290000915527344,49.790000915527344,49.2599983215332,49.560001373291016,4993500,44.933175526000234,0.0,1.0,yahoo,2023-12-13 16:42:28
2018-07-31,XRT,49.560001373291016,49.86000061035156,49.290000915527344,49.630001068115234,4012800,44.9966401847401,0.0,1.0,yahoo,2023-12-13 16:42:28
2018-08-01,XRT,49.43999862670898,49.66999816894531,48.75,49.04999923706055,4743900,44.470786202536075,0.0,1.0,yahoo,2023-12-13 16:42:28
2018-08-02,XRT,48.81999969482422,49.619998931884766,48.52999877929688,49.560001373291016,6256800,44.933175526000234,0.0,1.0,yahoo,2023-12-13 16:42:28
2018-08-03,XRT,49.63999938964844,50.04999923706055,49.59999847412109,49.9900016784668,4402800,45.323031834581975,0.0,1.0,yahoo,2023-12-13 16:42:28
2018-08-06,XRT,49.93999862670898,50.290000915527344,49.68000030517578,50.290000915527344,4694000,45.59502372326203,0.0,1.0,yahoo,2023-12-13 16:42:28
2018-08-07,XRT,50.38999938964844,50.790000915527344,50.31999969482422,50.709999084472656,5152200,45.97581167570121,0.0,1.0,yahoo,2023-12-13 16:42:28
2018-08-08,XRT,50.68000030517578,50.81999969482422,50.36000061035156,50.7400016784668,3531500,46.00301328556437,0.0,1.0,yahoo,2023-12-13 16:42:28
2018-08-09,XRT,50.720001220703125,51.34000015258789,50.70000076293945,50.959999084472656,8233600,46.20247215936201,0.0,1.0,yahoo,2023-12-13 16:42:28
2018-08-10,XRT,50.810001373291016,51.459999084472656,50.68000030517578,50.9900016784668,5447100,46.22967376922517,0.0,1.0,yahoo,2023-12-13 16:42:28
2018-08-13,XRT,51.0,51.220001220703125,50.5099983215332,50.709999084472656,9210700,45.97581167570121,0.0,1.0,yahoo,2023-12-13 16:42:28
2018-08-14,XRT,50.93000030517578,51.93999862670898,50.93000030517578,51.86000061035156,8184800,47.0184512839667,0.0,1.0,yahoo,2023-12-13 16:42:28
2018-08-15,XRT,51.5,51.5,50.310001373291016,50.45000076293945,12116700,45.740086294462365,0.0,1.0,yahoo,2023-12-13 16:42:28
2018-08-16,XRT,50.84999847412109,51.0,50.58000183105469,50.619998931884766,6654700,45.89421376324074,0.0,1.0,yahoo,2023-12-13 16:42:28
2018-08-17,XRT,50.63999938964844,51.27999877929688,50.560001373291016,51.20000076293945,4827800,46.42006774544476,0.0,1.0,yahoo,2023-12-13 16:42:28
2018-08-20,XRT,51.29999923706055,51.97999954223633,51.2599983215332,51.93000030517578,8185800,47.08191594270656,0.0,1.0,yahoo,2023-12-13 16:42:28
2018-08-21,XRT,52.150001525878906,52.43999862670898,51.97999954223633,52.34000015258789,5849100,47.45363899756769,0.0,1.0,yahoo,2023-12-13 16:42:28
2018-08-22,XRT,52.36000061035156,52.959999084472656,52.20000076293945,52.369998931884766,9073200,47.48083714886634,0.0,1.0,yahoo,2023-12-13 16:42:28
2018-08-23,XRT,52.38999938964844,52.54999923706055,52.0099983215332,52.5,4916600,47.59870156876802,0.0,1.0,yahoo,2023-12-13 16:42:28
2018-08-24,XRT,52.209999084472656,52.29999923706055,51.68999862670898,51.91999816894531,5076700,47.072847586564,0.0,1.0,yahoo,2023-12-13 16:42:28
2018-08-27,XRT,52.09000015258789,52.20000076293945,51.400001525878906,51.54999923706055,6671700,46.73739103914408,0.0,1.0,yahoo,2023-12-13 16:42:28
2018-08-28,XRT,51.84000015258789,51.93999862670898,51.43000030517578,51.79999923706055,5633800,46.96405152280488,0.0,1.0,yahoo,2023-12-13 16:42:28
2018-08-29,XRT,51.7599983215332,51.790000915527344,51.06999969482422,51.75,5323200,46.918720117785625,0.0,1.0,yahoo,2023-12-13 16:42:28
2018-08-30,XRT,51.54999923706055,51.90999984741211,51.31999969482422,51.400001525878906,5651300,46.60139682408631,0.0,1.0,yahoo,2023-12-13 16:42:28
2018-08-31,XRT,51.22999954223633,52.09000015258789,51.209999084472656,52.09000015258789,5761600,47.22697851390689,0.0,1.0,yahoo,2023-12-13 16:42:28
2018-09-04,XRT,52.150001525878906,52.33000183105469,51.7400016784668,52.33000183105469,6438100,47.444574099989644,0.0,1.0,yahoo,2023-12-13 16:42:28
2018-09-05,XRT,52.130001068115234,52.18999862670898,51.47999954223633,51.810001373291016,3981200,46.973119878947436,0.0,1.0,yahoo,2023-12-13 16:42:28
2018-09-06,XRT,51.880001068115234,51.970001220703125,51.11000061035156,51.15999984741211,5507900,46.38380123800356,0.0,1.0,yahoo,2023-12-13 16:42:28
2018-09-07,XRT,51.119998931884766,51.90999984741211,51.040000915527344,51.290000915527344,5717200,46.501665657905235,0.0,1.0,yahoo,2023-12-13 16:42:28
2018-09-10,XRT,51.63999938964844,51.93999862670898,51.5099983215332,51.86000061035156,4180800,47.0184512839667,0.0,1.0,yahoo,2023-12-13 16:42:28
2018-09-11,XRT,51.720001220703125,52.25,51.70000076293945,52.220001220703125,4846800,47.34484293380857,0.0,1.0,yahoo,2023-12-13 16:42:28
2018-09-12,XRT,52.130001068115234,52.29999923706055,51.56999969482422,52.02999877929688,4431500,47.17257875274508,0.0,1.0,yahoo,2023-12-13 16:42:28
2018-09-13,XRT,52.09000015258789,52.27000045776367,51.52999877929688,51.65999984741211,3474500,46.83712220532515,0.0,1.0,yahoo,2023-12-13 16:42:28
2018-09-14,XRT,51.540000915527344,51.79999923706055,51.290000915527344,51.77999877929688,4466100,46.94591826908428,0.0,1.0,yahoo,2023-12-13 16:42:28
2018-09-17,XRT,51.650001525878906,51.65999984741211,51.16999816894531,51.25,7421300,46.46539915046402,0.0,1.0,yahoo,2023-12-13 16:42:28
2018-09-18,XRT,51.09000015258789,51.619998931884766,51.09000015258789,51.43999862670898,4459300,46.637659872963,0.0,1.0,yahoo,2023-12-13 16:42:28
2018-09-19,XRT,51.400001525878906,51.77999877929688,51.290000915527344,51.43000030517578,6318300,46.62859497538496,0.0,1.0,yahoo,2023-12-13 16:42:28
2018-09-20,XRT,51.5099983215332,51.66999816894531,51.2400016784668,51.59999847412109,5928800,46.78272244416333,0.0,1.0,yahoo,2023-12-13 16:42:28
2018-09-21,XRT,51.61000061035156,51.91999816894531,51.31999969482422,51.34999847412109,4488400,46.69996301357878,0.159,1.0,yahoo,2023-12-13 16:42:28
2018-09-24,XRT,51.27999877929688,51.43000030517578,50.7599983215332,50.970001220703125,4602000,46.354376680429745,0.0,1.0,yahoo,2023-12-13 16:42:28
2018-09-25,XRT,51.150001525878906,51.29999923706055,50.7599983215332,50.90999984741211,5956100,46.299808773969794,0.0,1.0,yahoo,2023-12-13 16:42:28
2018-09-26,XRT,51.040000915527344,51.709999084472656,51.02000045776367,51.34999847412109,5047700,46.69996301357878,0.0,1.0,yahoo,2023-12-13 16:42:28
2018-09-27,XRT,51.41999816894531,51.58000183105469,51.130001068115234,51.2599983215332,4033100,46.618112888516194,0.0,1.0,yahoo,2023-12-13 16:42:28
2018-09-28,XRT,51.06999969482422,51.560001373291016,50.9900016784668,51.02000045776367,4554400,46.399848201185705,0.0,1.0,yahoo,2023-12-13 16:42:28
2018-10-01,XRT,51.2400016784668,51.400001525878906,50.61000061035156,50.720001220703125,5124500,46.12701560739527,0.0,1.0,yahoo,2023-12-13 16:42:28
2018-10-02,XRT,50.43999862670898,50.61000061035156,49.060001373291016,49.060001373291016,15242400,44.61733822121656,0.0,1.0,yahoo,2023-12-13 16:42:28
2018-10-03,XRT,49.34999847412109,49.4900016784668,48.869998931884766,49.150001525878906,9997100,44.69918834627916,0.0,1.0,yahoo,2023-12-13 16:42:28
2018-10-04,XRT,49.02999877929688,49.220001220703125,48.45000076293945,48.68000030517578,6801900,44.271748418812855,0.0,1.0,yahoo,2023-12-13 16:42:28
2018-10-05,XRT,48.59000015258789,48.93000030517578,47.81999969482422,48.31999969482422,9883400,43.94434791856247,0.0,1.0,yahoo,2023-12-13 16:42:28
2018-10-08,XRT,48.15999984741211,48.68999862670898,47.90999984741211,48.36000061035156,9826200,43.980726522869105,0.0,1.0,yahoo,2023-12-13 16:42:28
2018-10-09,XRT,48.34999847412109,49.119998931884766,48.2400016784668,48.36000061035156,9119600,43.980726522869105,0.0,1.0,yahoo,2023-12-13 16:42:28
2018-10-10,XRT,48.18999862670898,48.27999877929688,47.119998931884766,47.16999816894531,9678000,42.89848559490204,0.0,1.0,yahoo,2023-12-13 16:42:28
2018-10-11,XRT,47.0099983215332,47.86000061035156,46.5099983215332,46.619998931884766,8255200,42.39829192807713,0.0,1.0,yahoo,2023-12-13 16:42:28
2018-10-12,XRT,47.470001220703125,47.720001220703125,46.79999923706055,47.41999816894531,7917000,43.12584666793651,0.0,1.0,yahoo,2023-12-13 16:42:28
2018-10-15,XRT,47.310001373291016,47.86000061035156,47.119998931884766,47.54999923706055,7829000,43.24407539730574,0.0,1.0,yahoo,2023-12-13 16:42:28
2018-10-16,XRT,47.77000045776367,48.41999816894531,47.369998931884766,48.380001068115234,7828500,43.99891582502242,0.0,1.0,yahoo,2023-12-13 16:42:28
2018-10-17,XRT,48.34000015258789,48.380001068115234,47.02999877929688,47.720001220703125,6980200,43.3986827309816,0.0,1.0,yahoo,2023-12-13 16:42:28
2018-10-18,XRT,47.54999923706055,47.66999816894531,46.5,46.869998931884766,7716300,42.6256530011116,0.0,1.0,yahoo,2023-12-13 16:42:28
2018-10-19,XRT,47.09999847412109,47.150001525878906,46.150001525878906,46.22999954223633,8711300,42.043609209224094,0.0,1.0,yahoo,2023-12-13 16:42:28
2018-10-22,XRT,46.36000061035156,47.02000045776367,46.36000061035156,46.7400016784668,7601500,42.50742774099703,0.0,1.0,yahoo,2023-12-13 16:42:28
2018-10-23,XRT,46.15999984741211,47.11000061035156,45.56999969482422,46.900001525878906,7214300,42.6529386889689,0.0,1.0,yahoo,2023-12-13 16:42:28
2018-10-24,XRT,46.81999969482422,47.59000015258789,45.97999954223633,45.9900016784668,7269300,41.82534452189361,0.0,1.0,yahoo,2023-12-13 16:42:28
2018-10-25,XRT,46.15999984741211,47.15999984741211,45.97999954223633,46.900001525878906,7034200,42.6529386889689,0.0,1.0,yahoo,2023-12-13 16:42:28
2018-10-26,XRT,46.4900016784668,46.7599983215332,45.52000045776367,46.27999877929688,9939400,42.08908072998007,0.0,1.0,yahoo,2023-12-13 16:42:28
2018-10-29,XRT,46.630001068115234,47.4900016784668,45.970001220703125,46.4900016784668,9041900,42.28006666796256,0.0,1.0,yahoo,2023-12-13 16:42:28
2018-10-30,XRT,46.59999847412109,47.97999954223633,46.459999084472656,47.81999969482422,11203300,43.489625772493525,0.0,1.0,yahoo,2023-12-13 16:42:28
2018-10-31,XRT,48.2599983215332,48.27999877929688,47.13999938964844,47.13999938964844,9588900,42.87120337629939,0.0,1.0,yahoo,2023-12-13 16:42:28
2018-11-01,XRT,47.04999923706055,48.02999877929688,46.83000183105469,47.90999984741211,6947300,43.57147589755613,0.0,1.0,yahoo,2023-12-13 16:42:28
2018-11-02,XRT,48.18000030517578,48.66999816894531,47.72999954223633,48.290000915527344,5735800,43.91706569995983,0.0,1.0,yahoo,2023-12-13 16:42:28
2018-11-05,XRT,48.20000076293945,48.630001068115234,47.720001220703125,48.52000045776367,4584400,44.126237470840984,0.0,1.0,yahoo,2023-12-13 16:42:28
2018-11-06,XRT,48.540000915527344,48.79999923706055,48.209999084472656,48.59000015258789,7399400,44.18989829375026,0.0,1.0,yahoo,2023-12-13 16:42:28
2018-11-07,XRT,48.880001068115234,49.130001068115234,48.04999923706055,49.04999923706055,7340200,44.60824183551257,0.0,1.0,yahoo,2023-12-13 16:42:28
2018-11-08,XRT,49.060001373291016,49.91999816894531,49.0,49.619998931884766,5650700,45.1266248044908,0.0,1.0,yahoo,2023-12-13 16:42:28
2018-11-09,XRT,49.47999954223633,49.52999877929688,48.369998931884766,48.650001525878906,5109500,44.24446620021021,0.0,1.0,yahoo,2023-12-13 16:42:28
2018-11-12,XRT,48.59000015258789,48.880001068115234,48.02999877929688,48.20000076293945,6435000,43.83521557489723,0.0,1.0,yahoo,2023-12-13 16:42:28
2018-11-13,XRT,48.36000061035156,48.560001373291016,47.970001220703125,48.16999816894531,6058400,43.807929887039926,0.0,1.0,yahoo,2023-12-13 16:42:28
2018-11-14,XRT,48.58000183105469,49.119998931884766,47.27999877929688,47.43000030517578,12208100,43.1349430536405,0.0,1.0,yahoo,2023-12-13 16:42:28
2018-11-15,XRT,47.09999847412109,47.20000076293945,46.11000061035156,47.11000061035156,13515400,42.84392115769674,0.0,1.0,yahoo,2023-12-13 16:42:28
2018-11-16,XRT,46.33000183105469,46.61000061035156,45.880001068115234,46.459999084472656,9643000,42.25278098010525,0.0,1.0,yahoo,2023-12-13 16:42:28
2018-11-19,XRT,46.5099983215332,46.709999084472656,45.33000183105469,45.5099983215332,11331300,41.388808208723326,0.0,1.0,yahoo,2023-12-13 16:42:28
2018-11-20,XRT,43.959999084472656,44.95000076293945,43.7599983215332,44.0,14196000,40.01554885406716,0.0,1.0,yahoo,2023-12-13 16:42:28
2018-11-21,XRT,44.54999923706055,45.130001068115234,44.34999847412109,44.75,8590400,40.69763207317058,0.0,1.0,yahoo,2023-12-13 16:42:28
2018-11-23,XRT,44.63999938964844,45.209999084472656,44.59999847412109,44.880001068115234,4886900,40.81586080253981,0.0,1.0,yahoo,2023-12-13 16:42:28
2018-11-26,XRT,45.45000076293945,45.790000915527344,45.27000045776367,45.7599983215332,5770700,41.6161692817578,0.0,1.0,yahoo,2023-12-13 16:42:28
2018-11-27,XRT,45.47999954223633,45.93000030517578,45.369998931884766,45.869998931884766,4910800,41.71620870897371,0.0,1.0,yahoo,2023-12-13 16:42:28
2018-11-28,XRT,45.95000076293945,46.68999862670898,45.34000015258789,46.619998931884766,10093900,42.39829192807713,0.0,1.0,yahoo,2023-12-13 16:42:28
2018-11-29,XRT,46.63999938964844,46.84000015258789,46.13999938964844,46.34999847412109,6639900,42.15274155288933,0.0,1.0,yahoo,2023-12-13 16:42:28
2018-11-30,XRT,46.25,46.45000076293945,46.08000183105469,46.34999847412109,9058700,42.15274155288933,0.0,1.0,yahoo,2023-12-13 16:42:28
2018-12-03,XRT,47.02999877929688,47.130001068115234,46.33000183105469,46.97999954223633,6839500,42.72569242832751,0.0,1.0,yahoo,2023-12-13 16:42:28
2018-12-04,XRT,46.900001525878906,47.08000183105469,44.91999816894531,45.25,8812300,41.15235421923953,0.0,1.0,yahoo,2023-12-13 16:42:28
2018-12-06,XRT,44.54999923706055,45.02999877929688,43.95000076293945,44.9900016784668,10222300,40.91590022975572,0.0,1.0,yahoo,2023-12-13 16:42:28
2018-12-07,XRT,44.68000030517578,45.119998931884766,43.119998931884766,43.310001373291016,8290500,39.388033541423695,0.0,1.0,yahoo,2023-12-13 16:42:28
2018-12-10,XRT,43.5099983215332,43.810001373291016,42.650001525878906,43.4900016784668,7868900,39.551733791548884,0.0,1.0,yahoo,2023-12-13 16:42:28
2018-12-11,XRT,44.040000915527344,44.310001373291016,42.90999984741211,43.29999923706055,5463900,39.378937155719704,0.0,1.0,yahoo,2023-12-13 16:42:28
2018-12-12,XRT,43.630001068115234,44.18000030517578,43.459999084472656,43.68999862670898,6635900,39.73361987457273,0.0,1.0,yahoo,2023-12-13 16:42:28
2018-12-13,XRT,43.59000015258789,43.84000015258789,42.34000015258789,42.52000045776367,7428900,38.66957171801364,0.0,1.0,yahoo,2023-12-13 16:42:28
2018-12-14,XRT,42.18999862670898,42.93000030517578,41.880001068115234,42.02000045776367,10285600,38.2148495719447,0.0,1.0,yahoo,2023-12-13 16:42:28
2018-12-17,XRT,41.68999862670898,42.18000030517578,40.810001373291016,41.11000061035156,11474600,37.3872554048694,0.0,1.0,yahoo,2023-12-13 16:42:28
2018-12-18,XRT,41.310001373291016,41.75,41.119998931884766,41.2599983215332,6465300,37.523669967137295,0.0,1.0,yahoo,2023-12-13 16:42:28
2018-12-19,XRT,41.4900016784668,41.880001068115234,40.4900016784668,40.68000030517578,7210700,36.99619408170974,0.0,1.0,yahoo,2023-12-13 16:42:28
2018-12-20,XRT,40.5,40.7599983215332,39.29999923706055,39.970001220703125,12193900,36.350489466912954,0.0,1.0,yahoo,2023-12-13 16:42:28
2018-12-21,XRT,39.880001068115234,40.560001373291016,38.47999954223633,38.59999847412109,15150100,35.251835161278535,0.167,1.0,yahoo,2023-12-13 16:42:28
2018-12-24,XRT,38.310001373291016,39.119998931884766,38.09999847412109,38.45000076293945,5244400,35.11484824940886,0.0,1.0,yahoo,2023-12-13 16:42:28
2018-12-26,XRT,38.970001220703125,40.72999954223633,38.630001068115234,40.650001525878906,11254700,37.12402097779184,0.0,1.0,yahoo,2023-12-13 16:42:28
2018-12-27,XRT,40.16999816894531,40.56999969482422,39.150001525878906,40.54999923706055,8576700,37.03269288606823,0.0,1.0,yahoo,2023-12-13 16:42:28
2018-12-28,XRT,40.869998931884766,41.400001525878906,40.36000061035156,40.7599983215332,5299100,37.22447665297208,0.0,1.0,yahoo,2023-12-13 16:42:28
2018-12-31,XRT,41.04999923706055,41.22999954223633,40.540000915527344,40.9900016784668,6552100,37.43452952203112,0.0,1.0,yahoo,2023-12-13 16:42:28
2019-01-02,XRT,40.34999847412109,41.84999847412109,40.20000076293945,41.56999969482422,6532500,37.96421851878608,0.0,1.0,yahoo,2023-12-13 16:42:28
2019-01-03,XRT,41.29999923706055,41.630001068115234,40.630001068115234,40.9900016784668,9063300,37.43452952203112,0.0,1.0,yahoo,2023-12-13 16:42:28
2019-01-04,XRT,41.630001068115234,42.56999969482422,41.540000915527344,42.25,6056500,38.58523560726465,0.0,1.0,yahoo,2023-12-13 16:42:28
2019-01-07,XRT,42.310001373291016,44.04999923706055,42.18999862670898,43.560001373291016,8366300,39.781607480265215,0.0,1.0,yahoo,2023-12-13 16:42:28
2019-01-08,XRT,44.06999969482422,44.150001525878906,43.16999816894531,43.93999862670898,6895100,40.12864377738345,0.0,1.0,yahoo,2023-12-13 16:42:28
2019-01-09,XRT,44.04999923706055,44.63999938964844,43.88999938964844,44.310001373291016,4394300,40.466552491045064,0.0,1.0,yahoo,2023-12-13 16:42:28
2019-01-10,XRT,42.43999862670898,43.619998931884766,42.43999862670898,43.59999847412109,17426100,39.81813523314417,0.0,1.0,yahoo,2023-12-13 16:42:28
2019-01-11,XRT,43.5099983215332,44.09999847412109,43.29999923706055,43.83000183105469,6534000,40.02818810220322,0.0,1.0,yahoo,2023-12-13 16:42:28
2019-01-14,XRT,43.54999923706055,43.95000076293945,43.25,43.5099983215332,5438500,39.73594169249818,0.0,1.0,yahoo,2023-12-13 16:42:28
2019-01-15,XRT,43.540000915527344,43.77000045776367,43.25,43.650001525878906,3381000,39.86380102091122,0.0,1.0,yahoo,2023-12-13 16:42:28
2019-01-16,XRT,43.5099983215332,43.88999938964844,43.41999816894531,43.75,3958900,39.95512562882434,0.0,1.0,yahoo,2023-12-13 16:42:28
2019-01-17,XRT,43.43000030517578,44.18999862670898,43.43000030517578,44.040000915527344,4277000,40.21997186910706,0.0,1.0,yahoo,2023-12-13 16:42:28
2019-01-18,XRT,44.43999862670898,45.0099983215332,44.209999084472656,44.86000061035156,4872600,40.96884480218819,0.0,1.0,yahoo,2023-12-13 16:42:28
2019-01-22,XRT,44.61000061035156,44.63999938964844,43.54999923706055,43.7599983215332,5176700,39.96425669609146,0.0,1.0,yahoo,2023-12-13 16:42:28
2019-01-23,XRT,43.93999862670898,44.13999938964844,43.310001373291016,43.79999923706055,5531500,40.0007879327809,0.0,1.0,yahoo,2023-12-13 16:42:28
2019-01-24,XRT,43.7400016784668,43.9900016784668,43.650001525878906,43.959999084472656,3238300,40.14690939572818,0.0,1.0,yahoo,2023-12-13 16:42:28
2019-01-25,XRT,44.41999816894531,44.709999084472656,44.209999084472656,44.66999816894531,3497200,40.79532316981859,0.0,1.0,yahoo,2023-12-13 16:42:28
2019-01-28,XRT,44.290000915527344,44.61000061035156,43.9900016784668,44.540000915527344,3550100,40.676601876293624,0.0,1.0,yahoo,2023-12-13 16:42:28
2019-01-29,XRT,44.43000030517578,44.43000030517578,43.7599983215332,43.90999984741211,3201900,40.10124709177162,0.0,1.0,yahoo,2023-12-13 16:42:28
2019-01-30,XRT,44.220001220703125,44.29999923706055,43.68000030517578,44.08000183105469,3898100,40.256503105796504,0.0,1.0,yahoo,2023-12-13 16:42:28
2019-01-31,XRT,44.06999969482422,44.27999877929688,43.93000030517578,44.15999984741211,4582600,40.3295620953649,0.0,1.0,yahoo,2023-12-13 16:42:28
2019-02-01,XRT,44.27999877929688,44.310001373291016,43.54999923706055,43.84000015258789,5705400,40.037319169470344,0.0,1.0,yahoo,2023-12-13 16:42:28
2019-02-04,XRT,43.810001373291016,44.38999938964844,43.61000061035156,44.31999969482422,6045800,40.475683558312184,0.0,1.0,yahoo,2023-12-13 16:42:28
2019-02-05,XRT,44.56999969482422,44.88999938964844,44.310001373291016,44.77999877929688,3394900,40.89578232880931,0.0,1.0,yahoo,2023-12-13 16:42:28
2019-02-06,XRT,44.68000030517578,44.83000183105469,44.130001068115234,44.4900016784668,5226200,40.63093957233706,0.0,1.0,yahoo,2023-12-13 16:42:28
2019-02-07,XRT,44.18999862670898,44.380001068115234,43.75,44.18999862670898,4320900,40.35695878097674,0.0,1.0,yahoo,2023-12-13 16:42:28
2019-02-08,XRT,43.79999923706055,44.290000915527344,43.72999954223633,43.91999816894531,4952800,40.11037815903874,0.0,1.0,yahoo,2023-12-13 16:42:28
2019-02-11,XRT,44.02999877929688,44.25,43.75,44.15999984741211,3003900,40.3295620953649,0.0,1.0,yahoo,2023-12-13 16:42:28
2019-02-12,XRT,44.380001068115234,44.93000030517578,44.34000015258789,44.88999938964844,4653100,40.99624148780003,0.0,1.0,yahoo,2023-12-13 16:42:28
2019-02-13,XRT,44.88999938964844,45.02999877929688,44.380001068115234,44.90999984741211,4139700,41.01450710614475,0.0,1.0,yahoo,2023-12-13 16:42:28
2019-02-14,XRT,44.41999816894531,45.02999877929688,44.18000030517578,44.81999969482422,4874200,40.932313565498745,0.0,1.0,yahoo,2023-12-13 16:42:28
2019-02-15,XRT,44.93000030517578,45.540000915527344,44.88999938964844,45.34000015258789,2972800,41.407209191030034,0.0,1.0,yahoo,2023-12-13 16:42:28
2019-02-19,XRT,45.310001373291016,45.709999084472656,45.150001525878906,45.58000183105469,3074600,41.626393127356195,0.0,1.0,yahoo,2023-12-13 16:42:28
2019-02-20,XRT,45.630001068115234,45.88999938964844,45.47999954223633,45.650001525878906,3065500,41.69032104965748,0.0,1.0,yahoo,2023-12-13 16:42:28
2019-02-21,XRT,45.63999938964844,45.84000015258789,44.790000915527344,44.93999862670898,7898600,41.04190379175658,0.0,1.0,yahoo,2023-12-13 16:42:28
2019-02-22,XRT,44.84999847412109,45.16999816894531,44.68000030517578,45.150001525878906,5197800,41.23369104247091,0.0,1.0,yahoo,2023-12-13 16:42:28
2019-02-25,XRT,45.400001525878906,45.72999954223633,45.27000045776367,45.290000915527344,5325700,41.36154688707347,0.0,1.0,yahoo,2023-12-13 16:42:28
2019-02-26,XRT,45.5,45.7599983215332,45.209999084472656,45.619998931884766,6054600,41.662920880235156,0.0,1.0,yahoo,2023-12-13 16:42:28
2019-02-27,XRT,45.650001525878906,46.36000061035156,45.56999969482422,46.08000183105469,4706100,42.083023134542756,0.0,1.0,yahoo,2023-12-13 16:42:28
2019-02-28,XRT,46.02000045776367,46.27999877929688,45.45000076293945,45.880001068115234,5969300,41.90037043490604,0.0,1.0,yahoo,2023-12-13 16:42:28
2019-03-01,XRT,46.5099983215332,46.93000030517578,45.959999084472656,46.16999816894531,5857000,42.16521319137828,0.0,1.0,yahoo,2023-12-13 16:42:28
2019-03-04,XRT,46.25,46.380001068115234,45.02000045776367,45.27999877929688,5731300,41.35241233599588,0.0,1.0,yahoo,2023-12-13 16:42:28
2019-03-05,XRT,45.58000183105469,45.84000015258789,45.369998931884766,45.650001525878906,3396900,41.69032104965748,0.0,1.0,yahoo,2023-12-13 16:42:28
2019-03-06,XRT,45.880001068115234,46.06999969482422,45.27999877929688,45.290000915527344,4202500,41.36154688707347,0.0,1.0,yahoo,2023-12-13 16:42:28
2019-03-07,XRT,45.04999923706055,45.09000015258789,44.52999877929688,44.65999984741211,5688000,40.78619210255147,0.0,1.0,yahoo,2023-12-13 16:42:28
2019-03-08,XRT,44.369998931884766,44.47999954223633,43.970001220703125,44.29999923706055,6426900,40.45741793996746,0.0,1.0,yahoo,2023-12-13 16:42:28
2019-03-11,XRT,44.41999816894531,45.150001525878906,44.36000061035156,45.11000061035156,4101500,41.19715980578147,0.0,1.0,yahoo,2023-12-13 16:42:28
2019-03-12,XRT,45.310001373291016,45.40999984741211,44.79999923706055,45.22999954223633,4548700,41.30675003203931,0.0,1.0,yahoo,2023-12-13 16:42:28
2019-03-13,XRT,45.18999862670898,45.68000030517578,45.15999984741211,45.36000061035156,4528200,41.425474809374755,0.0,1.0,yahoo,2023-12-13 16:42:28
2019-03-14,XRT,45.150001525878906,45.18000030517578,44.56999969482422,44.650001525878906,6485600,40.77706103528435,0.0,1.0,yahoo,2023-12-13 16:42:28
2019-03-15,XRT,44.4900016784668,44.58000183105469,44.25,44.40999984741211,7678500,40.681790274507044,0.136,1.0,yahoo,2023-12-13 16:42:28
2019-03-18,XRT,44.45000076293945,44.790000915527344,44.310001373291016,44.709999084472656,4550000,40.95660464258952,0.0,1.0,yahoo,2023-12-13 16:42:28
2019-03-19,XRT,44.83000183105469,45.0,44.41999816894531,44.52999877929688,6957900,40.791715322849186,0.0,1.0,yahoo,2023-12-13 16:42:28
2019-03-20,XRT,44.47999954223633,44.54999923706055,43.81999969482422,44.130001068115234,8142600,40.42529733022397,0.0,1.0,yahoo,2023-12-13 16:42:28
2019-03-21,XRT,43.959999084472656,44.63999938964844,43.959999084472656,44.58000183105469,4733700,40.837520629574826,0.0,1.0,yahoo,2023-12-13 16:42:28
2019-03-22,XRT,44.29999923706055,44.47999954223633,43.36000061035156,43.41999816894531,7478000,39.77489901593517,0.0,1.0,yahoo,2023-12-13 16:42:28
2019-03-25,XRT,43.38999938964844,44.29999923706055,43.25,43.91999816894531,7617200,40.23292412755739,0.0,1.0,yahoo,2023-12-13 16:42:28
2019-03-26,XRT,44.2599983215332,44.68000030517578,44.040000915527344,44.2400016784668,5251300,40.526063413893546,0.0,1.0,yahoo,2023-12-13 16:42:28
2019-03-27,XRT,44.27000045776367,44.959999084472656,44.220001220703125,44.68999862670898,6576700,40.938283218790104,0.0,1.0,yahoo,2023-12-13 16:42:28
2019-03-28,XRT,45.15999984741211,45.34000015258789,44.63999938964844,44.869998931884766,7004800,41.10317253853045,0.0,1.0,yahoo,2023-12-13 16:42:28
2019-03-29,XRT,45.06999969482422,45.16999816894531,44.84000015258789,45.0099983215332,5985100,41.23141901067199,0.0,1.0,yahoo,2023-12-13 16:42:28
2019-04-01,XRT,45.209999084472656,45.380001068115234,45.02000045776367,45.29999923706055,4805500,41.4970744140819,0.0,1.0,yahoo,2023-12-13 16:42:28
2019-04-02,XRT,45.25,45.27000045776367,44.77999877929688,44.880001068115234,3631400,41.11233499765729,0.0,1.0,yahoo,2023-12-13 16:42:28
2019-04-03,XRT,45.040000915527344,45.36000061035156,45.02000045776367,45.130001068115234,2425100,41.3413475534684,0.0,1.0,yahoo,2023-12-13 16:42:28
2019-04-04,XRT,45.09000015258789,45.68000030517578,45.02999877929688,45.630001068115234,4228900,41.79937266509062,0.0,1.0,yahoo,2023-12-13 16:42:28
2019-04-05,XRT,45.84000015258789,46.04999923706055,45.56999969482422,45.630001068115234,3769200,41.79937266509062,0.0,1.0,yahoo,2023-12-13 16:42:28
2019-04-08,XRT,45.560001373291016,45.68999862670898,45.38999938964844,45.5,4548600,41.68028515762165,0.0,1.0,yahoo,2023-12-13 16:42:28
2019-04-09,XRT,45.290000915527344,45.380001068115234,44.900001525878906,44.95000076293945,6550900,41.17645823372806,0.0,1.0,yahoo,2023-12-13 16:42:28
2019-04-10,XRT,45.13999938964844,45.61000061035156,45.0099983215332,45.61000061035156,3820600,41.781051241291216,0.0,1.0,yahoo,2023-12-13 16:42:28
2019-04-11,XRT,45.619998931884766,45.68000030517578,45.16999816894531,45.31999969482422,4414600,41.51539583788131,0.0,1.0,yahoo,2023-12-13 16:42:28
2019-04-12,XRT,45.52000045776367,45.59999847412109,45.18000030517578,45.220001220703125,3550200,41.42379221333857,0.0,1.0,yahoo,2023-12-13 16:42:28
2019-04-15,XRT,45.220001220703125,45.33000183105469,45.04999923706055,45.27000045776367,3127500,41.469594025609936,0.0,1.0,yahoo,2023-12-13 16:42:28
2019-04-16,XRT,45.33000183105469,45.61000061035156,45.27999877929688,45.4900016784668,3261700,41.67112619294908,0.0,1.0,yahoo,2023-12-13 16:42:28
2019-04-17,XRT,45.66999816894531,45.79999923706055,45.369998931884766,45.54999923706055,3803200,41.72608696989301,0.0,1.0,yahoo,2023-12-13 16:42:28
2019-04-18,XRT,45.650001525878906,45.650001525878906,45.22999954223633,45.33000183105469,6888100,41.52455829700815,0.0,1.0,yahoo,2023-12-13 16:42:28
2019-04-22,XRT,45.209999084472656,45.29999923706055,44.209999084472656,44.400001525878906,10388700,40.67263130983448,0.0,1.0,yahoo,2023-12-13 16:42:28
2019-04-23,XRT,44.45000076293945,45.15999984741211,44.38999938964844,45.130001068115234,6697700,41.3413475534684,0.0,1.0,yahoo,2023-12-13 16:42:28
2019-04-24,XRT,45.290000915527344,46.09999847412109,45.22999954223633,45.88999938964844,6209800,42.03754418557429,0.0,1.0,yahoo,2023-12-13 16:42:28
2019-04-25,XRT,45.7599983215332,45.79999923706055,45.20000076293945,45.470001220703125,6428500,41.65280476914968,0.0,1.0,yahoo,2023-12-13 16:42:28
2019-04-26,XRT,45.18999862670898,45.86000061035156,44.66999816894531,45.79999923706055,8889900,41.95509952570412,0.0,1.0,yahoo,2023-12-13 16:42:28
2019-04-29,XRT,45.810001373291016,46.130001068115234,45.79999923706055,45.90999984741211,3723400,42.05586560937369,0.0,1.0,yahoo,2023-12-13 16:42:28
2019-04-30,XRT,45.91999816894531,46.02000045776367,45.29999923706055,45.68000030517578,3608800,41.84517447736199,0.0,1.0,yahoo,2023-12-13 16:42:28
2019-05-01,XRT,45.72999954223633,45.79999923706055,45.08000183105469,45.08000183105469,2814000,41.29554574119704,0.0,1.0,yahoo,2023-12-13 16:42:28
2019-05-02,XRT,45.04999923706055,45.45000076293945,44.84999847412109,45.400001525878906,3354900,41.58868153307891,0.0,1.0,yahoo,2023-12-13 16:42:28
2019-05-03,XRT,45.61000061035156,45.900001525878906,45.459999084472656,45.84000015258789,3309000,41.99174237330292,0.0,1.0,yahoo,2023-12-13 16:42:28
2019-05-06,XRT,45.18999862670898,45.68000030517578,45.0,45.5,4051000,41.68028515762165,0.0,1.0,yahoo,2023-12-13 16:42:28
2019-05-07,XRT,45.11000061035156,45.45000076293945,44.41999816894531,44.709999084472656,4775400,40.95660464258952,0.0,1.0,yahoo,2023-12-13 16:42:28
2019-05-08,XRT,44.540000915527344,45.18000030517578,44.38999938964844,44.810001373291016,6233000,41.04821176158653,0.0,1.0,yahoo,2023-12-13 16:42:28
2019-05-09,XRT,44.18000030517578,44.61000061035156,43.77000045776367,44.41999816894531,7937000,40.6909492391796,0.0,1.0,yahoo,2023-12-13 16:42:28
2019-05-10,XRT,44.29999923706055,44.34000015258789,43.33000183105469,44.130001068115234,7580100,40.42529733022397,0.0,1.0,yahoo,2023-12-13 16:42:28
2019-05-13,XRT,43.36000061035156,43.36000061035156,42.119998931884766,42.470001220703125,9396700,38.90465409941638,0.0,1.0,yahoo,2023-12-13 16:42:28
2019-05-14,XRT,42.720001220703125,43.20000076293945,42.380001068115234,43.04999923706055,7246700,39.43596141178193,0.0,1.0,yahoo,2023-12-13 16:42:28
2019-05-15,XRT,42.70000076293945,43.06999969482422,42.369998931884766,42.93999862670898,7275400,39.33519532811235,0.0,1.0,yahoo,2023-12-13 16:42:28
2019-05-16,XRT,43.16999816894531,43.54999923706055,42.88999938964844,42.959999084472656,5271900,39.35351675191176,0.0,1.0,yahoo,2023-12-13 16:42:28
2019-05-17,XRT,42.68999862670898,43.31999969482422,42.619998931884766,42.650001525878906,5609500,39.06954341915673,0.0,1.0,yahoo,2023-12-13 16:42:28
2019-05-20,XRT,42.43000030517578,42.650001525878906,42.130001068115234,42.5099983215332,4449600,38.94129345256091,0.0,1.0,yahoo,2023-12-13 16:42:28
2019-05-21,XRT,42.54999923706055,43.220001220703125,42.41999816894531,43.060001373291016,4524000,39.44512387090877,0.0,1.0,yahoo,2023-12-13 16:42:28
2019-05-22,XRT,42.75,42.84000015258789,42.220001220703125,42.2599983215332,5830300,38.7122808967498,0.0,1.0,yahoo,2023-12-13 16:42:28
2019-05-23,XRT,42.060001373291016,42.11000061035156,41.43000030517578,41.70000076293945,4745000,38.19929500818366,0.0,1.0,yahoo,2023-12-13 16:42:28
2019-05-24,XRT,41.72999954223633,42.0,41.369998931884766,41.68999862670898,4802900,38.19013254905681,0.0,1.0,yahoo,2023-12-13 16:42:28
2019-05-28,XRT,41.84999847412109,42.209999084472656,41.38999938964844,41.43000030517578,5835900,37.95196102857315,0.0,1.0,yahoo,2023-12-13 16:42:28
2019-05-29,XRT,40.970001220703125,41.08000183105469,40.06999969482422,40.5,6078700,37.10003404139949,0.0,1.0,yahoo,2023-12-13 16:42:28
2019-05-30,XRT,40.75,41.060001373291016,40.43000030517578,40.59000015258789,4179600,37.18247870126966,0.0,1.0,yahoo,2023-12-13 16:42:28
2019-05-31,XRT,40.09999847412109,40.09999847412109,39.58000183105469,40.04999923706055,5136900,36.68781074204863,0.0,1.0,yahoo,2023-12-13 16:42:28
2019-06-03,XRT,40.02000045776367,40.56999969482422,39.93000030517578,40.29999923706055,8991500,36.91682329785974,0.0,1.0,yahoo,2023-12-13 16:42:28
2019-06-04,XRT,40.720001220703125,41.61000061035156,40.68999862670898,41.4900016784668,9557000,38.00692529997136,0.0,1.0,yahoo,2023-12-13 16:42:28
2019-06-05,XRT,41.720001220703125,41.86000061035156,40.63999938964844,40.880001068115234,5824200,37.44813410467957,0.0,1.0,yahoo,2023-12-13 16:42:28
2019-06-06,XRT,41.0099983215332,41.0099983215332,40.09000015258789,40.72999954223633,5448300,37.31072517341119,0.0,1.0,yahoo,2023-12-13 16:42:28
2019-06-07,XRT,40.959999084472656,41.34000015258789,40.84000015258789,41.18000030517578,3667700,37.72294847276204,0.0,1.0,yahoo,2023-12-13 16:42:28
2019-06-10,XRT,41.45000076293945,41.93999862670898,41.369998931884766,41.41999816894531,3990300,37.94279856944631,0.0,1.0,yahoo,2023-12-13 16:42:28
2019-06-11,XRT,41.83000183105469,42.34999847412109,41.7400016784668,41.81999969482422,7101900,38.309220056525795,0.0,1.0,yahoo,2023-12-13 16:42:28
2019-06-12,XRT,41.84999847412109,41.91999816894531,41.470001220703125,41.68999862670898,2707400,38.19013254905681,0.0,1.0,yahoo,2023-12-13 16:42:28
2019-06-13,XRT,42.02999877929688,42.25,41.810001373291016,42.20000076293945,5043200,38.657320119805874,0.0,1.0,yahoo,2023-12-13 16:42:28
2019-06-14,XRT,42.34000015258789,42.369998931884766,42.0099983215332,42.09999847412109,3125900,38.565713000808856,0.0,1.0,yahoo,2023-12-13 16:42:28
2019-06-17,XRT,42.220001220703125,42.45000076293945,42.08000183105469,42.15999984741211,3020600,38.62067727220707,0.0,1.0,yahoo,2023-12-13 16:42:28
2019-06-18,XRT,42.47999954223633,43.060001373291016,42.25,42.41999816894531,4584200,38.858848792690736,0.0,1.0,yahoo,2023-12-13 16:42:28
2019-06-19,XRT,42.400001525878906,42.47999954223633,41.91999816894531,42.369998931884766,4024400,38.81304698041937,0.0,1.0,yahoo,2023-12-13 16:42:28
2019-06-20,XRT,42.70000076293945,42.810001373291016,42.09999847412109,42.54999923706055,8860100,38.97793630015971,0.0,1.0,yahoo,2023-12-13 16:42:28
2019-06-21,XRT,42.25,42.560001373291016,41.959999084472656,42.31999969482422,5073600,38.945727353107515,0.195,1.0,yahoo,2023-12-13 16:42:28
2019-06-24,XRT,42.29999923706055,42.400001525878906,41.630001068115234,41.66999816894531,5622800,38.34755196585486,0.0,1.0,yahoo,2023-12-13 16:42:28
2019-06-25,XRT,41.7599983215332,41.77999877929688,41.33000183105469,41.40999984741211,4517800,38.10828391727933,0.0,1.0,yahoo,2023-12-13 16:42:28
2019-06-26,XRT,41.58000183105469,41.869998931884766,41.4900016784668,41.59000015258789,5125100,38.27393237804029,0.0,1.0,yahoo,2023-12-13 16:42:28
2019-06-27,XRT,41.7599983215332,42.2599983215332,41.630001068115234,42.08000183105469,4351400,38.724865079121265,0.0,1.0,yahoo,2023-12-13 16:42:28
2019-06-28,XRT,42.150001525878906,42.56999969482422,42.150001525878906,42.369998931884766,5620800,38.991740034309444,0.0,1.0,yahoo,2023-12-13 16:42:28
2019-07-01,XRT,43.02999877929688,43.38999938964844,42.16999816894531,42.459999084472656,5753500,39.074564264689926,0.0,1.0,yahoo,2023-12-13 16:42:28
2019-07-02,XRT,42.459999084472656,42.4900016784668,41.90999984741211,42.130001068115234,3050700,38.77087776032319,0.0,1.0,yahoo,2023-12-13 16:42:28
2019-07-03,XRT,42.22999954223633,42.560001373291016,42.130001068115234,42.459999084472656,1753700,39.074564264689926,0.0,1.0,yahoo,2023-12-13 16:42:28
2019-07-05,XRT,42.290000915527344,43.02999877929688,42.290000915527344,42.970001220703125,4524400,39.543902740360174,0.0,1.0,yahoo,2023-12-13 16:42:28
2019-07-08,XRT,42.88999938964844,43.31999969482422,42.68000030517578,42.90999984741211,5042500,39.48868541659233,0.0,1.0,yahoo,2023-12-13 16:42:28
2019-07-09,XRT,42.70000076293945,42.959999084472656,42.54999923706055,42.63999938964844,4518700,39.24021272545089,0.0,1.0,yahoo,2023-12-13 16:42:28
2019-07-10,XRT,42.72999954223633,42.81999969482422,42.27999877929688,42.470001220703125,8142700,39.08376890725584,0.0,1.0,yahoo,2023-12-13 16:42:28
2019-07-11,XRT,42.59000015258789,42.810001373291016,42.34000015258789,42.47999954223633,5434600,39.0929700392792,0.0,1.0,yahoo,2023-12-13 16:42:28
2019-07-12,XRT,42.61000061035156,43.34999847412109,42.58000183105469,43.15999984741211,3664900,39.7187523331445,0.0,1.0,yahoo,2023-12-13 16:42:28
2019-07-15,XRT,43.310001373291016,43.47999954223633,42.79999923706055,43.04999923706055,4709300,39.61752232817474,0.0,1.0,yahoo,2023-12-13 16:42:28
2019-07-16,XRT,43.13999938964844,43.33000183105469,42.900001525878906,43.130001068115234,3056700,39.69114542653186,0.0,1.0,yahoo,2023-12-13 16:42:28
2019-07-17,XRT,43.25,43.25,42.58000183105469,42.65999984741211,2506800,39.258618500040164,0.0,1.0,yahoo,2023-12-13 16:42:28
2019-07-18,XRT,42.58000183105469,42.59000015258789,42.25,42.41999816894531,3055500,39.03775271551137,0.0,1.0,yahoo,2023-12-13 16:42:28
2019-07-19,XRT,42.58000183105469,42.77000045776367,42.400001525878906,42.47999954223633,3546100,39.0929700392792,0.0,1.0,yahoo,2023-12-13 16:42:28
2019-07-22,XRT,42.59000015258789,42.77999877929688,41.97999954223633,42.130001068115234,3186500,38.77087776032319,0.0,1.0,yahoo,2023-12-13 16:42:28
2019-07-23,XRT,42.27000045776367,42.470001220703125,41.970001220703125,42.34999847412109,3553600,38.973334259720154,0.0,1.0,yahoo,2023-12-13 16:42:28
2019-07-24,XRT,42.380001068115234,43.27999877929688,42.31999969482422,43.18999862670898,5978600,39.74635923975714,0.0,1.0,yahoo,2023-12-13 16:42:28
2019-07-25,XRT,43.20000076293945,43.43000030517578,42.650001525878906,42.72999954223633,4062300,39.32303695583137,0.0,1.0,yahoo,2023-12-13 16:42:28
2019-07-26,XRT,42.790000915527344,43.11000061035156,42.61000061035156,42.970001220703125,2695800,39.543902740360174,0.0,1.0,yahoo,2023-12-13 16:42:28
2019-07-29,XRT,43.060001373291016,43.15999984741211,42.5099983215332,43.04999923706055,1997100,39.61752232817474,0.0,1.0,yahoo,2023-12-13 16:42:28
2019-07-30,XRT,42.75,42.79999923706055,42.31999969482422,42.63999938964844,3965500,39.24021272545089,0.0,1.0,yahoo,2023-12-13 16:42:28
2019-07-31,XRT,42.540000915527344,43.13999938964844,42.119998931884766,42.59000015258789,3452000,39.194200044248966,0.0,1.0,yahoo,2023-12-13 16:42:28
2019-08-01,XRT,42.68000030517578,43.04999923706055,40.7400016784668,41.209999084472656,13018100,37.924229681929084,0.0,1.0,yahoo,2023-12-13 16:42:28
2019-08-02,XRT,41.06999969482422,41.34000015258789,40.7599983215332,41.0099983215332,7579800,37.74017544657884,0.0,1.0,yahoo,2023-12-13 16:42:28
2019-08-05,XRT,40.29999923706055,40.33000183105469,39.630001068115234,40.09999847412109,5034600,36.90273201075065,0.0,1.0,yahoo,2023-12-13 16:42:28
2019-08-06,XRT,40.36000061035156,40.68999862670898,39.97999954223633,40.61000061035156,4674600,37.3720704864209,0.0,1.0,yahoo,2023-12-13 16:42:28
2019-08-07,XRT,40.20000076293945,40.630001068115234,39.869998931884766,40.52000045776367,5339600,37.28924625604042,0.0,1.0,yahoo,2023-12-13 16:42:28
2019-08-08,XRT,40.84000015258789,41.18999862670898,40.61000061035156,41.130001068115234,4017100,37.850610094114515,0.0,1.0,yahoo,2023-12-13 16:42:28
2019-08-09,XRT,40.970001220703125,41.0,40.119998931884766,40.20000076293945,4388700,36.994760883697055,0.0,1.0,yahoo,2023-12-13 16:42:28
2019-08-12,XRT,39.97999954223633,40.02999877929688,39.34999847412109,39.470001220703125,8308100,36.322965908629826,0.0,1.0,yahoo,2023-12-13 16:42:28
2019-08-13,XRT,39.34000015258789,41.150001525878906,39.02999877929688,40.09999847412109,10896700,36.90273201075065,0.0,1.0,yahoo,2023-12-13 16:42:28
2019-08-14,XRT,38.97999954223633,39.25,38.380001068115234,38.41999816894531,11785100,35.35668205067668,0.0,1.0,yahoo,2023-12-13 16:42:28
2019-08-15,XRT,38.63999938964844,38.7599983215332,37.459999084472656,37.810001373291016,6934500,34.795321723145136,0.0,1.0,yahoo,2023-12-13 16:42:28
2019-08-16,XRT,38.16999816894531,38.72999954223633,38.130001068115234,38.61000061035156,5102800,35.53153515400356,0.0,1.0,yahoo,2023-12-13 16:42:28
2019-08-19,XRT,39.20000076293945,39.369998931884766,39.0,39.09999847412109,3663400,35.982464344541974,0.0,1.0,yahoo,2023-12-13 16:42:28
2019-08-20,XRT,39.0,39.0,38.560001373291016,38.72999954223633,3948400,35.64196629099669,0.0,1.0,yahoo,2023-12-13 16:42:28
2019-08-21,XRT,39.43999862670898,39.560001373291016,39.09999847412109,39.459999084472656,5213200,36.31376126606391,0.0,1.0,yahoo,2023-12-13 16:42:28
2019-08-22,XRT,39.84999847412109,40.220001220703125,39.61000061035156,40.08000183105469,5045700,36.884329746703926,0.0,1.0,yahoo,2023-12-13 16:42:28
2019-08-23,XRT,39.65999984741211,39.720001220703125,38.38999938964844,38.560001373291016,10756500,35.48552247280164,0.0,1.0,yahoo,2023-12-13 16:42:28
2019-08-26,XRT,38.84000015258789,39.02999877929688,38.38999938964844,39.0,3659400,35.890438982138136,0.0,1.0,yahoo,2023-12-13 16:42:28
2019-08-27,XRT,39.369998931884766,39.45000076293945,38.5099983215332,38.52000045776367,3990800,35.44871092362308,0.0,1.0,yahoo,2023-12-13 16:42:28
2019-08-28,XRT,38.45000076293945,39.70000076293945,38.31999969482422,39.54999923706055,6356800,36.396585496444395,0.0,1.0,yahoo,2023-12-13 16:42:28
2019-08-29,XRT,40.040000915527344,40.38999938964844,39.77000045776367,40.150001525878906,4584900,36.948748202495125,0.0,1.0,yahoo,2023-12-13 16:42:28
2019-08-30,XRT,40.31999969482422,40.470001220703125,39.650001525878906,39.77000045776367,3909800,36.599045506383916,0.0,1.0,yahoo,2023-12-13 16:42:28
2019-09-03,XRT,39.5099983215332,39.70000076293945,38.91999816894531,39.15999984741211,3950500,36.03768166830982,0.0,1.0,yahoo,2023-12-13 16:42:28
2019-09-04,XRT,39.47999954223633,39.68999862670898,39.27999877929688,39.59000015258789,3262400,36.433397045622954,0.0,1.0,yahoo,2023-12-13 16:42:28
2019-09-05,XRT,40.2400016784668,41.2400016784668,40.20000076293945,41.06999969482422,7778600,37.79539277034668,0.0,1.0,yahoo,2023-12-13 16:42:28
2019-09-06,XRT,41.33000183105469,41.61000061035156,40.95000076293945,41.0099983215332,6169100,37.74017544657884,0.0,1.0,yahoo,2023-12-13 16:42:28
2019-09-09,XRT,41.18000030517578,42.47999954223633,41.13999938964844,42.43000030517578,7890400,39.04695735807728,0.0,1.0,yahoo,2023-12-13 16:42:28
2019-09-10,XRT,42.38999938964844,43.630001068115234,42.34999847412109,43.61000061035156,11979200,40.132873485046915,0.0,1.0,yahoo,2023-12-13 16:42:28
2019-09-11,XRT,43.54999923706055,44.060001373291016,42.83000183105469,43.880001068115234,8255500,40.38134617618836,0.0,1.0,yahoo,2023-12-13 16:42:28
2019-09-12,XRT,43.970001220703125,44.290000915527344,43.220001220703125,43.52999877929688,9857000,40.059250386689804,0.0,1.0,yahoo,2023-12-13 16:42:28
2019-09-13,XRT,43.77000045776367,44.27999877929688,43.45000076293945,43.56999969482422,5975200,40.096061935868356,0.0,1.0,yahoo,2023-12-13 16:42:28
2019-09-16,XRT,43.2599983215332,43.56999969482422,43.02000045776367,43.06999969482422,6297900,39.63592810276402,0.0,1.0,yahoo,2023-12-13 16:42:28
2019-09-17,XRT,43.0099983215332,43.0099983215332,42.36000061035156,42.7599983215332,8971400,39.35064386244402,0.0,1.0,yahoo,2023-12-13 16:42:28
2019-09-18,XRT,42.77000045776367,42.86000061035156,41.91999816894531,42.33000183105469,5718300,38.954931995673434,0.0,1.0,yahoo,2023-12-13 16:42:28
2019-09-19,XRT,42.5,42.59000015258789,42.02000045776367,42.09999847412109,7129700,38.743267343167986,0.0,1.0,yahoo,2023-12-13 16:42:28
2019-09-20,XRT,41.93000030517578,42.43000030517578,41.72999954223633,41.77999877929688,6930300,38.61111373755255,0.177,1.0,yahoo,2023-12-13 16:42:28
2019-09-23,XRT,41.68000030517578,42.47999954223633,41.58000183105469,42.22999954223633,4963800,39.02698331982861,0.0,1.0,yahoo,2023-12-13 16:42:28
2019-09-24,XRT,42.540000915527344,42.810001373291016,41.70000076293945,41.880001068115234,6265200,38.7035311588162,0.0,1.0,yahoo,2023-12-13 16:42:28
2019-09-25,XRT,42.0,42.41999816894531,41.81999969482422,42.27000045776367,4368400,39.06395028833407,0.0,1.0,yahoo,2023-12-13 16:42:28
2019-09-26,XRT,42.369998931884766,42.369998931884766,41.68000030517578,42.0,2877700,38.814428538968436,0.0,1.0,yahoo,2023-12-13 16:42:28
2019-09-27,XRT,42.060001373291016,42.52999877929688,41.79999923706055,42.0,4184200,38.814428538968436,0.0,1.0,yahoo,2023-12-13 16:42:28
2019-09-30,XRT,42.13999938964844,42.59999847412109,42.09999847412109,42.43000030517578,2860000,39.21181463699177,0.0,1.0,yahoo,2023-12-13 16:42:28
2019-10-01,XRT,42.63999938964844,43.13999938964844,42.08000183105469,42.119998931884766,5535300,38.92532591912067,0.0,1.0,yahoo,2023-12-13 16:42:28
2019-10-02,XRT,41.70000076293945,41.91999816894531,40.869998931884766,41.0,7926900,37.890275478516806,0.0,1.0,yahoo,2023-12-13 16:42:28
2019-10-03,XRT,40.77999877929688,41.13999938964844,40.11000061035156,41.119998931884766,6159300,38.00117285866904,0.0,1.0,yahoo,2023-12-13 16:42:28
2019-10-04,XRT,41.220001220703125,41.43000030517578,40.91999816894531,41.400001525878906,3356100,38.259938112843116,0.0,1.0,yahoo,2023-12-13 16:42:28
2019-10-07,XRT,41.20000076293945,41.68999862670898,41.08000183105469,41.34999847412109,4122000,38.2137276395292,0.0,1.0,yahoo,2023-12-13 16:42:28
2019-10-08,XRT,40.9900016784668,41.209999084472656,40.5099983215332,40.75,3800800,37.6592372134039,0.0,1.0,yahoo,2023-12-13 16:42:28
2019-10-09,XRT,41.13999938964844,41.40999984741211,40.88999938964844,41.130001068115234,4252300,38.01041636347748,0.0,1.0,yahoo,2023-12-13 16:42:28
2019-10-10,XRT,41.18999862670898,41.68999862670898,41.18999862670898,41.560001373291016,4980000,38.407802461500815,0.0,1.0,yahoo,2023-12-13 16:42:28
2019-10-11,XRT,42.09000015258789,43.040000915527344,42.09000015258789,42.470001220703125,11153500,39.24878160549723,0.0,1.0,yahoo,2023-12-13 16:42:28
2019-10-14,XRT,42.25,42.43000030517578,41.68999862670898,42.040000915527344,5675800,38.851395507473896,0.0,1.0,yahoo,2023-12-13 16:42:28
2019-10-15,XRT,42.2400016784668,42.880001068115234,42.02000045776367,42.52999877929688,4804200,39.30422853289127,0.0,1.0,yahoo,2023-12-13 16:42:28
2019-10-16,XRT,42.38999938964844,42.93999862670898,42.38999938964844,42.77999877929688,2880100,39.53526679800418,0.0,1.0,yahoo,2023-12-13 16:42:28
2019-10-17,XRT,43.0,43.34999847412109,42.88999938964844,43.33000183105469,3393700,40.043553801543894,0.0,1.0,yahoo,2023-12-13 16:42:28
2019-10-18,XRT,42.77999877929688,42.93999862670898,42.459999084472656,42.709999084472656,5212600,39.47057636580169,0.0,1.0,yahoo,2023-12-13 16:42:28
2019-10-21,XRT,43.06999969482422,43.52999877929688,43.040000915527344,43.220001220703125,5474200,39.94189640083595,0.0,1.0,yahoo,2023-12-13 16:42:28
2019-10-22,XRT,43.380001068115234,43.88999938964844,43.040000915527344,43.7599983215332,5692600,40.440936374203076,0.0,1.0,yahoo,2023-12-13 16:42:28
2019-10-23,XRT,43.72999954223633,44.02000045776367,43.43999862670898,43.97999954223633,5032600,40.64425117561896,0.0,1.0,yahoo,2023-12-13 16:42:28
2019-10-24,XRT,44.13999938964844,44.13999938964844,43.52999877929688,43.91999816894531,3256400,40.58880072286077,0.0,1.0,yahoo,2023-12-13 16:42:28
2019-10-25,XRT,43.63999938964844,44.43000030517578,43.59999847412109,44.38999938964844,5437800,41.02315378938956,0.0,1.0,yahoo,2023-12-13 16:42:28
2019-10-28,XRT,44.77999877929688,45.0,44.619998931884766,44.7599983215332,3780100,41.365089434654706,0.0,1.0,yahoo,2023-12-13 16:42:28
2019-10-29,XRT,44.43000030517578,44.56999969482422,43.9900016784668,44.02000045776367,3093300,40.68121814412442,0.0,1.0,yahoo,2023-12-13 16:42:28
2019-10-30,XRT,43.97999954223633,44.119998931884766,43.38999938964844,43.68000030517578,3135800,40.367005962556306,0.0,1.0,yahoo,2023-12-13 16:42:28
2019-10-31,XRT,43.54999923706055,43.59999847412109,42.83000183105469,43.150001525878906,4088300,39.87720596863347,0.0,1.0,yahoo,2023-12-13 16:42:28
2019-11-01,XRT,43.38999938964844,43.79999923706055,43.25,43.68000030517578,2878000,40.367005962556306,0.0,1.0,yahoo,2023-12-13 16:42:28
2019-11-04,XRT,44.0,44.400001525878906,43.9900016784668,44.400001525878906,4085200,41.032397294198006,0.0,1.0,yahoo,2023-12-13 16:42:28
2019-11-05,XRT,44.43999862670898,45.220001220703125,44.43999862670898,44.95000076293945,4970800,41.54068077237357,0.0,1.0,yahoo,2023-12-13 16:42:28
2019-11-06,XRT,45.040000915527344,45.040000915527344,44.5,44.7599983215332,3193200,41.365089434654706,0.0,1.0,yahoo,2023-12-13 16:42:28
2019-11-07,XRT,45.310001373291016,45.40999984741211,44.66999816894531,44.70000076293945,3733900,41.30964250726066,0.0,1.0,yahoo,2023-12-13 16:42:28
2019-11-08,XRT,44.7400016784668,44.79999923706055,44.31999969482422,44.470001220703125,4243500,41.09708772640049,0.0,1.0,yahoo,2023-12-13 16:42:28
2019-11-11,XRT,44.29999923706055,44.43999862670898,44.11000061035156,44.43999862670898,3025600,41.06936073733931,0.0,1.0,yahoo,2023-12-13 16:42:28
2019-11-12,XRT,44.400001525878906,44.68000030517578,44.150001525878906,44.36000061035156,3363300,40.995430325692546,0.0,1.0,yahoo,2023-12-13 16:42:28
2019-11-13,XRT,44.18999862670898,44.27999877929688,43.75,44.130001068115234,1947800,40.782875544832365,0.0,1.0,yahoo,2023-12-13 16:42:28
2019-11-14,XRT,44.29999923706055,44.77999877929688,44.13999938964844,44.41999816894531,3222800,41.05087725308658,0.0,1.0,yahoo,2023-12-13 16:42:28
2019-11-15,XRT,44.77999877929688,44.970001220703125,44.380001068115234,44.86000061035156,4624800,41.45750685591836,0.0,1.0,yahoo,2023-12-13 16:42:28
2019-11-18,XRT,44.84999847412109,44.91999816894531,44.58000183105469,44.81999969482422,2403600,41.42053988741289,0.0,1.0,yahoo,2023-12-13 16:42:28
2019-11-19,XRT,44.18999862670898,44.459999084472656,43.7400016784668,43.95000076293945,5153600,40.61652771192194,0.0,1.0,yahoo,2023-12-13 16:42:28
2019-11-20,XRT,43.79999923706055,43.84000015258789,42.959999084472656,43.38999938964844,4557000,40.09900072893793,0.0,1.0,yahoo,2023-12-13 16:42:28
2019-11-21,XRT,43.34999847412109,43.56999969482422,43.08000183105469,43.25,4010500,39.96961986453297,0.0,1.0,yahoo,2023-12-13 16:42:28
2019-11-22,XRT,43.70000076293945,43.880001068115234,43.43000030517578,43.84000015258789,3191800,40.514870311214,0.0,1.0,yahoo,2023-12-13 16:42:28
2019-11-25,XRT,44.15999984741211,44.650001525878906,43.970001220703125,44.56999969482422,3934800,41.189501622299986,0.0,1.0,yahoo,2023-12-13 16:42:28
2019-11-26,XRT,44.560001373291016,45.09000015258789,44.34999847412109,44.84000015258789,5399400,41.43902337166563,0.0,1.0,yahoo,2023-12-13 16:42:28
2019-11-27,XRT,44.93999862670898,45.22999954223633,44.86000061035156,45.02000045776367,2740900,41.60537120457605,0.0,1.0,yahoo,2023-12-13 16:42:28
2019-11-29,XRT,45.02999877929688,45.040000915527344,44.650001525878906,44.68000030517578,1487600,41.291159023007936,0.0,1.0,yahoo,2023-12-13 16:42:28
2019-12-02,XRT,44.72999954223633,44.75,44.119998931884766,44.20000076293945,4593800,40.84756597703485,0.0,1.0,yahoo,2023-12-13 16:42:28
2019-12-03,XRT,43.70000076293945,43.75,43.36000061035156,43.59999847412109,3093200,40.29307202554537,0.0,1.0,yahoo,2023-12-13 16:42:28
2019-12-04,XRT,43.84000015258789,44.20000076293945,43.7400016784668,43.90999984741211,3133100,40.57956074341648,0.0,1.0,yahoo,2023-12-13 16:42:28
2019-12-05,XRT,44.0099983215332,44.25,43.68000030517578,43.75,3099100,40.43169639475879,0.0,1.0,yahoo,2023-12-13 16:42:28
2019-12-06,XRT,44.5,44.970001220703125,44.36000061035156,44.7599983215332,2899300,41.365089434654706,0.0,1.0,yahoo,2023-12-13 16:42:28
2019-12-09,XRT,44.630001068115234,45.27999877929688,44.61000061035156,44.93000030517578,2826700,41.52219728812084,0.0,1.0,yahoo,2023-12-13 16:42:28
2019-12-10,XRT,44.77999877929688,44.9900016784668,44.66999816894531,44.90999984741211,2834300,41.50371380386811,0.0,1.0,yahoo,2023-12-13 16:42:28
2019-12-11,XRT,44.68999862670898,44.869998931884766,44.36000061035156,44.59999847412109,2133600,41.217225085997,0.0,1.0,yahoo,2023-12-13 16:42:28
2019-12-12,XRT,44.70000076293945,45.650001525878906,44.58000183105469,45.52000045776367,5378600,42.06744773480187,0.0,1.0,yahoo,2023-12-13 16:42:28
2019-12-13,XRT,45.54999923706055,45.68999862670898,44.61000061035156,44.66999816894531,4455200,41.28191551819949,0.0,1.0,yahoo,2023-12-13 16:42:28
2019-12-16,XRT,44.9900016784668,45.060001373291016,44.619998931884766,44.63999938964844,3849000,41.25419205450247,0.0,1.0,yahoo,2023-12-13 16:42:28
2019-12-17,XRT,44.720001220703125,45.18999862670898,44.52999877929688,45.18000030517578,2958400,41.75323555323375,0.0,1.0,yahoo,2023-12-13 16:42:28
2019-12-18,XRT,45.2599983215332,45.72999954223633,45.2400016784668,45.619998931884766,3915100,42.15986163070137,0.0,1.0,yahoo,2023-12-13 16:42:28
2019-12-19,XRT,45.7599983215332,45.97999954223633,45.68000030517578,45.81999969482422,2038600,42.34469294786452,0.0,1.0,yahoo,2023-12-13 16:42:28
2019-12-20,XRT,45.81999969482422,45.97999954223633,45.56999969482422,45.709999084472656,3206900,42.44032470521899,0.213,1.0,yahoo,2023-12-13 16:42:28
2019-12-23,XRT,45.86000061035156,45.86000061035156,45.400001525878906,45.54999923706055,3313300,42.29176978041126,0.0,1.0,yahoo,2023-12-13 16:42:28
2019-12-24,XRT,45.56999969482422,45.84000015258789,45.56999969482422,45.720001220703125,810700,42.449611380298165,0.0,1.0,yahoo,2023-12-13 16:42:28
2019-12-26,XRT,45.93000030517578,46.09000015258789,45.66999816894531,46.04999923706055,1360100,42.756004363164024,0.0,1.0,yahoo,2023-12-13 16:42:28
2019-12-27,XRT,46.31999969482422,46.56999969482422,46.09000015258789,46.2400016784668,2174500,42.9324157713805,0.0,1.0,yahoo,2023-12-13 16:42:28
2019-12-30,XRT,46.2400016784668,46.38999938964844,45.630001068115234,45.93000030517578,1915400,42.64458905501542,0.0,1.0,yahoo,2023-12-13 16:42:28
2019-12-31,XRT,45.68999862670898,46.18999862670898,45.540000915527344,46.0099983215332,2042300,42.71886474650489,0.0,1.0,yahoo,2023-12-13 16:42:28
2020-01-02,XRT,46.540000915527344,46.540000915527344,45.43999862670898,45.65999984741211,3539300,42.393901955309474,0.0,1.0,yahoo,2023-12-13 16:42:28
2020-01-03,XRT,45.040000915527344,45.5,45.0099983215332,45.310001373291016,4236000,42.06893916411405,0.0,1.0,yahoo,2023-12-13 16:42:28
2020-01-06,XRT,45.09999847412109,45.54999923706055,44.93000030517578,45.470001220703125,3350300,42.21749408892178,0.0,1.0,yahoo,2023-12-13 16:42:28
2020-01-07,XRT,45.5,45.68000030517578,45.02000045776367,45.310001373291016,2889600,42.06893916411405,0.0,1.0,yahoo,2023-12-13 16:42:28
2020-01-08,XRT,45.72999954223633,45.77999877929688,45.18999862670898,45.400001525878906,4679700,42.1525015306827,0.0,1.0,yahoo,2023-12-13 16:42:28
2020-01-09,XRT,45.45000076293945,45.5,44.900001525878906,45.209999084472656,5148700,41.976090122466225,0.0,1.0,yahoo,2023-12-13 16:42:28
2020-01-10,XRT,45.13999938964844,45.209999084472656,44.77999877929688,45.08000183105469,4331000,41.85539168106723,0.0,1.0,yahoo,2023-12-13 16:42:28
2020-01-13,XRT,45.11000061035156,45.38999938964844,44.70000076293945,45.34000015258789,2520000,42.09679210569401,0.0,1.0,yahoo,2023-12-13 16:42:28
2020-01-14,XRT,45.25,45.79999923706055,45.16999816894531,45.61000061035156,2221300,42.34747920539995,0.0,1.0,yahoo,2023-12-13 16:42:28
2020-01-15,XRT,45.29999923706055,45.52999877929688,45.150001525878906,45.34000015258789,3564000,42.09679210569401,0.0,1.0,yahoo,2023-12-13 16:42:28
2020-01-16,XRT,45.79999923706055,46.130001068115234,45.630001068115234,45.93000030517578,5704400,42.64458905501542,0.0,1.0,yahoo,2023-12-13 16:42:28
2020-01-17,XRT,46.130001068115234,46.130001068115234,45.720001220703125,45.880001068115234,2867500,42.5981663051059,0.0,1.0,yahoo,2023-12-13 16:42:28
2020-01-21,XRT,45.72999954223633,45.77000045776367,45.400001525878906,45.63999938964844,2438000,42.37533214697991,0.0,1.0,yahoo,2023-12-13 16:42:28
2020-01-22,XRT,45.650001525878906,45.84000015258789,45.34000015258789,45.470001220703125,2507900,42.21749408892178,0.0,1.0,yahoo,2023-12-13 16:42:28
2020-01-23,XRT,45.31999969482422,45.59000015258789,44.90999984741211,45.41999816894531,4707300,42.171067797183476,0.0,1.0,yahoo,2023-12-13 16:42:28
2020-01-24,XRT,45.560001373291016,45.58000183105469,44.59000015258789,44.900001525878906,5446100,41.68826694792993,0.0,1.0,yahoo,2023-12-13 16:42:28
2020-01-27,XRT,43.95000076293945,44.75,43.41999816894531,44.470001220703125,7000800,41.28902492341625,0.0,1.0,yahoo,2023-12-13 16:42:28
2020-01-28,XRT,44.68000030517578,44.88999938964844,44.380001068115234,44.720001220703125,2877600,41.52114221479263,0.0,1.0,yahoo,2023-12-13 16:42:28
2020-01-29,XRT,44.810001373291016,45.150001525878906,44.61000061035156,44.619998931884766,2126500,41.42829317314481,0.0,1.0,yahoo,2023-12-13 16:42:28
2020-01-30,XRT,44.220001220703125,44.5,43.95000076293945,44.369998931884766,3612200,41.196175881768426,0.0,1.0,yahoo,2023-12-13 16:42:28
2020-01-31,XRT,44.18000030517578,44.22999954223633,42.900001525878906,43.060001373291016,8436100,39.9798835417266,0.0,1.0,yahoo,2023-12-13 16:42:28
2020-02-03,XRT,43.290000915527344,43.93000030517578,43.209999084472656,43.4900016784668,3079100,40.37912556624028,0.0,1.0,yahoo,2023-12-13 16:42:28
2020-02-04,XRT,44.06999969482422,44.34999847412109,43.709999084472656,43.83000183105469,5554300,40.694805224185316,0.0,1.0,yahoo,2023-12-13 16:42:28
2020-02-05,XRT,44.25,44.93000030517578,44.209999084472656,44.81999969482422,4791700,41.613987714611675,0.0,1.0,yahoo,2023-12-13 16:42:28
2020-02-06,XRT,44.970001220703125,44.9900016784668,44.47999954223633,44.56999969482422,2062300,41.38187042323529,0.0,1.0,yahoo,2023-12-13 16:42:28
2020-02-07,XRT,44.29999923706055,44.310001373291016,43.720001220703125,43.90999984741211,2428400,40.76908091567479,0.0,1.0,yahoo,2023-12-13 16:42:28
2020-02-10,XRT,43.84999847412109,44.27000045776367,43.81999969482422,44.0099983215332,2142600,40.861926415493826,0.0,1.0,yahoo,2023-12-13 16:42:28
2020-02-11,XRT,44.36000061035156,44.560001373291016,43.91999816894531,44.34999847412109,1996700,41.17760607343885,0.0,1.0,yahoo,2023-12-13 16:42:28
2020-02-12,XRT,44.619998931884766,45.2400016784668,44.619998931884766,45.09999847412109,4646600,41.873957947568,0.0,1.0,yahoo,2023-12-13 16:42:28
2020-02-13,XRT,44.91999816894531,45.09000015258789,44.66999816894531,44.93000030517578,4280400,41.71611988950989,0.0,1.0,yahoo,2023-12-13 16:42:28
2020-02-14,XRT,45.04999923706055,45.18000030517578,44.650001525878906,44.81999969482422,4241900,41.613987714611675,0.0,1.0,yahoo,2023-12-13 16:42:28
2020-02-18,XRT,44.900001525878906,45.31999969482422,44.709999084472656,45.0099983215332,4075000,41.79039558099936,0.0,1.0,yahoo,2023-12-13 16:42:28
2020-02-19,XRT,44.970001220703125,45.33000183105469,44.66999816894531,45.11000061035156,2561100,41.88324462264718,0.0,1.0,yahoo,2023-12-13 16:42:28
2020-02-20,XRT,45.33000183105469,46.2400016784668,45.15999984741211,46.09999847412109,6619500,42.802427113073534,0.0,1.0,yahoo,2023-12-13 16:42:28
2020-02-21,XRT,45.97999954223633,46.18000030517578,45.63999938964844,45.79999923706055,5552300,42.52388707178764,0.0,1.0,yahoo,2023-12-13 16:42:28
2020-02-24,XRT,44.2400016784668,44.630001068115234,43.81999969482422,44.16999816894531,5865700,41.01048134030156,0.0,1.0,yahoo,2023-12-13 16:42:28
2020-02-25,XRT,44.5099983215332,44.5099983215332,42.52999877929688,42.68999862670898,9671400,39.63634740037282,0.0,1.0,yahoo,2023-12-13 16:42:28
2020-02-26,XRT,43.119998931884766,43.369998931884766,41.68999862670898,41.709999084472656,9836900,38.72644804319686,0.0,1.0,yahoo,2023-12-13 16:42:28
2020-02-27,XRT,40.77000045776367,42.13999938964844,39.79999923706055,40.540000915527344,10635100,37.6401408196332,0.0,1.0,yahoo,2023-12-13 16:42:28
2020-02-28,XRT,39.29999923706055,40.650001525878906,39.15999984741211,40.27999877929688,9079700,37.39873685317765,0.0,1.0,yahoo,2023-12-13 16:42:28
2020-03-02,XRT,40.20000076293945,40.91999816894531,39.310001373291016,40.91999816894531,7669100,37.99295655240858,0.0,1.0,yahoo,2023-12-13 16:42:28
2020-03-03,XRT,40.90999984741211,41.81999969482422,39.5,39.9900016784668,11493600,37.12948348697092,0.0,1.0,yahoo,2023-12-13 16:42:28
2020-03-04,XRT,40.4900016784668,41.08000183105469,39.959999084472656,41.0099983215332,6672400,38.07651891897723,0.0,1.0,yahoo,2023-12-13 16:42:28
2020-03-05,XRT,40.09000015258789,40.33000183105469,39.25,39.56999969482422,7519400,36.73952459570763,0.0,1.0,yahoo,2023-12-13 16:42:28
2020-03-06,XRT,38.650001525878906,39.61000061035156,38.27000045776367,39.130001068115234,11267600,36.330999437943554,0.0,1.0,yahoo,2023-12-13 16:42:28
2020-03-09,XRT,36.56999969482422,37.90999984741211,36.0099983215332,37.0099983215332,13912900,34.3626422569551,0.0,1.0,yahoo,2023-12-13 16:42:28
2020-03-10,XRT,38.15999984741211,38.369998931884766,36.02999877929688,37.66999816894531,8640200,34.9754317645156,0.0,1.0,yahoo,2023-12-13 16:42:28
2020-03-11,XRT,36.7599983215332,36.970001220703125,34.689998626708984,34.970001220703125,10756200,32.46856785111369,0.0,1.0,yahoo,2023-12-13 16:42:28
2020-03-12,XRT,32.41999816894531,32.650001525878906,30.65999984741211,30.65999984741211,6809300,28.46686447272648,0.0,1.0,yahoo,2023-12-13 16:42:28
2020-03-13,XRT,32.650001525878906,32.7400016784668,30.32999992370605,32.7400016784668,8172100,30.398082037055808,0.0,1.0,yahoo,2023-12-13 16:42:28
2020-03-16,XRT,29.309999465942383,30.530000686645508,28.530000686645508,28.65999984741211,6643100,26.609926141715416,0.0,1.0,yahoo,2023-12-13 16:42:28
2020-03-17,XRT,29.200000762939453,30.93000030517578,27.940000534057617,30.13999938964844,7068100,27.984060081644152,0.0,1.0,yahoo,2023-12-13 16:42:28
2020-03-18,XRT,28.309999465942383,29.39999961853028,26.39999961853028,27.75,6790200,25.765019342778533,0.0,1.0,yahoo,2023-12-13 16:42:28
2020-03-19,XRT,27.81999969482422,29.799999237060547,26.950000762939453,29.270000457763672,7602800,27.1762928993664,0.0,1.0,yahoo,2023-12-13 16:42:28
2020-03-20,XRT,29.61000061035156,29.989999771118164,27.76000022888184,27.959999084472656,9441100,25.959997017495787,0.0,1.0,yahoo,2023-12-13 16:42:28
2020-03-23,XRT,27.71999931335449,27.799999237060547,26.290000915527344,26.989999771118164,5231400,25.217215643242394,0.175,1.0,yahoo,2023-12-13 16:42:28
2020-03-24,XRT,28.709999084472656,29.84000015258789,28.39999961853028,29.739999771118164,7675300,27.78658739600264,0.0,1.0,yahoo,2023-12-13 16:42:28
2020-03-25,XRT,29.850000381469727,31.59000015258789,29.229999542236328,30.26000022888184,9344200,28.272432664220965,0.0,1.0,yahoo,2023-12-13 16:42:28
2020-03-26,XRT,30.34000015258789,31.6299991607666,30.25,31.200000762939453,7533000,29.150691144143575,0.0,1.0,yahoo,2023-12-13 16:42:28
2020-03-27,XRT,30.34000015258789,30.790000915527344,29.729999542236328,30.030000686645508,7728600,28.057540181686484,0.0,1.0,yahoo,2023-12-13 16:42:28
2020-03-30,XRT,30.18000030517578,30.18000030517578,29.280000686645508,30.020000457763672,5659900,28.048196797828258,0.0,1.0,yahoo,2023-12-13 16:42:28
2020-03-31,XRT,29.770000457763672,30.43000030517578,29.559999465942383,29.780000686645508,5705900,27.823960931435554,0.0,1.0,yahoo,2023-12-13 16:42:28
2020-04-01,XRT,28.64999961853028,28.96999931335449,27.81999969482422,28.030000686645508,8301900,26.18890617967903,0.0,1.0,yahoo,2023-12-13 16:42:28
2020-04-02,XRT,27.739999771118164,28.549999237060547,27.1200008392334,27.63999938964844,7368500,25.82452133748117,0.0,1.0,yahoo,2023-12-13 16:42:28
2020-04-03,XRT,27.549999237060547,27.770000457763672,26.65999984741211,27.190000534057617,6500400,25.40407975627044,0.0,1.0,yahoo,2023-12-13 16:42:28
2020-04-06,XRT,28.32999992370605,30.309999465942383,28.32999992370605,30.209999084472656,9990200,28.225715744929822,0.0,1.0,yahoo,2023-12-13 16:42:28
2020-04-07,XRT,31.690000534057617,32.400001525878906,30.75,31.0,9737900,28.963827031115528,0.0,1.0,yahoo,2023-12-13 16:42:28
2020-04-08,XRT,31.489999771118164,32.709999084472656,31.190000534057617,32.380001068115234,10212000,30.253185490458893,0.0,1.0,yahoo,2023-12-13 16:42:28
2020-04-09,XRT,33.13999938964844,34.400001525878906,33.09000015258789,33.54999923706055,9256700,31.346334670847728,0.0,1.0,yahoo,2023-12-13 16:42:28
2020-04-13,XRT,33.599998474121094,33.61000061035156,32.61000061035156,33.279998779296875,8565100,31.094068652880342,0.0,1.0,yahoo,2023-12-13 16:42:28
2020-04-14,XRT,34.15999984741211,34.720001220703125,33.83000183105469,34.400001525878906,4866100,32.1405062601828,0.0,1.0,yahoo,2023-12-13 16:42:28
2020-04-15,XRT,33.16999816894531,33.400001525878906,32.65999984741211,33.06999969482422,5829000,30.89786293806232,0.0,1.0,yahoo,2023-12-13 16:42:28
2020-04-16,XRT,33.13999938964844,33.369998931884766,32.5099983215332,32.97999954223633,4996300,30.813774265406526,0.0,1.0,yahoo,2023-12-13 16:42:28
2020-04-17,XRT,34.09000015258789,34.459999084472656,33.630001068115234,34.369998931884766,5175100,32.11247432653987,0.0,1.0,yahoo,2023-12-13 16:42:28
2020-04-20,XRT,33.869998931884766,34.56999969482422,33.65999984741211,33.97999954223633,6840500,31.748091266410253,0.0,1.0,yahoo,2023-12-13 16:42:28
2020-04-21,XRT,33.16999816894531,33.720001220703125,32.810001373291016,33.08000183105469,5251200,30.907208103988804,0.0,1.0,yahoo,2023-12-13 16:42:28
2020-04-22,XRT,33.880001068115234,33.88999938964844,33.15999984741211,33.29999923706055,5638400,31.112755420596798,0.0,1.0,yahoo,2023-12-13 16:42:28
2020-04-23,XRT,33.2599983215332,34.04999923706055,33.15999984741211,33.58000183105469,5068500,31.374366604490667,0.0,1.0,yahoo,2023-12-13 16:42:28
2020-04-24,XRT,33.95000076293945,34.7400016784668,33.779998779296875,34.540000915527344,4506000,32.27131007006148,0.0,1.0,yahoo,2023-12-13 16:42:28
2020-04-27,XRT,34.81999969482422,36.54999923706055,34.810001373291016,36.36000061035156,8164200,33.971766726757345,0.0,1.0,yahoo,2023-12-13 16:42:28
2020-04-28,XRT,37.33000183105469,37.68000030517578,36.18999862670898,36.81999969482422,7894400,34.4015516918263,0.0,1.0,yahoo,2023-12-13 16:42:28
2020-04-29,XRT,37.880001068115234,38.43000030517578,37.43000030517578,37.91999816894531,5507200,35.42929896727579,0.0,1.0,yahoo,2023-12-13 16:42:28
2020-04-30,XRT,37.38999938964844,37.52000045776367,36.5099983215332,36.68000030517578,7751700,34.270747881947614,0.0,1.0,yahoo,2023-12-13 16:42:28
2020-05-01,XRT,35.77000045776367,36.130001068115234,35.029998779296875,35.65999984741211,7308000,33.317744113227434,0.0,1.0,yahoo,2023-12-13 16:42:28
2020-05-04,XRT,35.099998474121094,35.90999984741211,34.72999954223633,35.849998474121094,5046400,33.495263060329,0.0,1.0,yahoo,2023-12-13 16:42:28
2020-05-05,XRT,36.58000183105469,37.150001525878906,36.119998931884766,36.209999084472656,4667700,33.831617750952184,0.0,1.0,yahoo,2023-12-13 16:42:28
2020-05-06,XRT,36.470001220703125,36.75,35.97999954223633,36.310001373291016,5450300,33.92505158953446,0.0,1.0,yahoo,2023-12-13 16:42:28
2020-05-07,XRT,36.72999954223633,37.130001068115234,36.43000030517578,36.52999877929688,3317900,34.13059890614246,0.0,1.0,yahoo,2023-12-13 16:42:28
2020-05-08,XRT,37.08000183105469,38.150001525878906,36.880001068115234,38.02999877929688,5562700,35.532074407648054,0.0,1.0,yahoo,2023-12-13 16:42:28
2020-05-11,XRT,37.84999847412109,38.2400016784668,37.380001068115234,37.97999954223633,4373700,35.48535927042516,0.0,1.0,yahoo,2023-12-13 16:42:28
2020-05-12,XRT,38.13999938964844,38.31999969482422,36.959999084472656,37.0,5053000,34.56972903713789,0.0,1.0,yahoo,2023-12-13 16:42:28
2020-05-13,XRT,36.90999984741211,37.11000061035156,35.380001068115234,36.040000915527344,6793500,33.672785571567076,0.0,1.0,yahoo,2023-12-13 16:42:28
2020-05-14,XRT,35.459999084472656,36.27000045776367,34.689998626708984,36.220001220703125,5350800,33.84096291687867,0.0,1.0,yahoo,2023-12-13 16:42:28
2020-05-15,XRT,35.90999984741211,37.209999084472656,35.709999084472656,36.95000076293945,5720800,34.52301389991501,0.0,1.0,yahoo,2023-12-13 16:42:28
2020-05-18,XRT,38.45000076293945,38.81999969482422,38.20000076293945,38.52000045776367,6015600,35.98989130635994,0.0,1.0,yahoo,2023-12-13 16:42:28
2020-05-19,XRT,38.59999847412109,38.959999084472656,37.95000076293945,38.040000915527344,4138000,35.54141957357453,0.0,1.0,yahoo,2023-12-13 16:42:28
2020-05-20,XRT,38.79999923706055,38.86000061035156,38.02999877929688,38.2400016784668,3977500,35.72828368660257,0.0,1.0,yahoo,2023-12-13 16:42:28
2020-05-21,XRT,38.33000183105469,39.27999877929688,38.18000030517578,39.02000045776367,6565600,36.4570498068618,0.0,1.0,yahoo,2023-12-13 16:42:28
2020-05-22,XRT,39.02000045776367,39.22999954223633,38.65999984741211,39.18000030517578,4383200,36.606540384456935,0.0,1.0,yahoo,2023-12-13 16:42:28
2020-05-26,XRT,40.34000015258789,40.720001220703125,40.209999084472656,40.2599983215332,6627000,37.615600892189974,0.0,1.0,yahoo,2023-12-13 16:42:28
2020-05-27,XRT,41.09000015258789,41.70000076293945,40.02000045776367,41.63999938964844,6158000,38.90495935153334,0.0,1.0,yahoo,2023-12-13 16:42:28
2020-05-28,XRT,42.11000061035156,42.11000061035156,40.52999877929688,40.7400016784668,4905500,38.06407618911189,0.0,1.0,yahoo,2023-12-13 16:42:28
2020-05-29,XRT,40.58000183105469,41.02999877929688,40.25,40.79999923706055,7341900,38.12013292812475,0.0,1.0,yahoo,2023-12-13 16:42:28
2020-06-01,XRT,40.70000076293945,41.459999084472656,40.61000061035156,41.09999847412109,4727900,38.400427315598556,0.0,1.0,yahoo,2023-12-13 16:42:28
2020-06-02,XRT,41.400001525878906,42.16999816894531,41.22999954223633,42.060001373291016,4368600,39.29737434530589,0.0,1.0,yahoo,2023-12-13 16:42:28
2020-06-03,XRT,42.52000045776367,43.43999862670898,42.5099983215332,43.18000030517578,5847300,40.34380838847184,0.0,1.0,yahoo,2023-12-13 16:42:28
2020-06-04,XRT,43.04999923706055,43.77000045776367,42.95000076293945,43.31999969482422,5712900,40.47461219835052,0.0,1.0,yahoo,2023-12-13 16:42:28
2020-06-05,XRT,44.84000015258789,45.11000061035156,44.18000030517578,44.34999847412109,3879200,41.43695756886067,0.0,1.0,yahoo,2023-12-13 16:42:28
2020-06-08,XRT,45.119998931884766,45.41999816894531,44.83000183105469,45.34999847412109,4900800,42.3712745698644,0.0,1.0,yahoo,2023-12-13 16:42:28
2020-06-09,XRT,44.63999938964844,44.81999969482422,43.84999847412109,44.22999954223633,7829400,41.32484052669845,0.0,1.0,yahoo,2023-12-13 16:42:28
2020-06-10,XRT,44.20000076293945,44.380001068115234,43.13999938964844,43.20000076293945,5895600,40.362495156188295,0.0,1.0,yahoo,2023-12-13 16:42:28
2020-06-11,XRT,41.709999084472656,42.09000015258789,40.5,40.84000015258789,8464500,38.15750646355766,0.0,1.0,yahoo,2023-12-13 16:42:28
2020-06-12,XRT,42.34999847412109,42.43000030517578,40.18000030517578,41.290000915527344,7504700,38.57794982683664,0.0,1.0,yahoo,2023-12-13 16:42:28
2020-06-15,XRT,40.18999862670898,42.09000015258789,39.970001220703125,41.83000183105469,5759300,39.08248186277142,0.0,1.0,yahoo,2023-12-13 16:42:28
2020-06-16,XRT,43.970001220703125,43.97999954223633,42.02999877929688,43.060001373291016,6468900,40.23169134630962,0.0,1.0,yahoo,2023-12-13 16:42:28
2020-06-17,XRT,43.15999984741211,43.209999084472656,42.5099983215332,42.75,4467800,39.94205179290932,0.0,1.0,yahoo,2023-12-13 16:42:28
2020-06-18,XRT,42.38999938964844,43.08000183105469,42.15999984741211,42.66999816894531,2209700,39.86730472204349,0.0,1.0,yahoo,2023-12-13 16:42:28
2020-06-19,XRT,43.209999084472656,43.25,41.86000061035156,42.20000076293945,7004600,39.42817815518457,0.0,1.0,yahoo,2023-12-13 16:42:28
2020-06-22,XRT,42.04999923706055,43.2400016784668,41.810001373291016,43.04999923706055,5515000,40.31118362135489,0.093,1.0,yahoo,2023-12-13 16:42:28
2020-06-23,XRT,43.58000183105469,43.63999938964844,42.77000045776367,43.09999847412109,2357900,40.35800193637916,0.0,1.0,yahoo,2023-12-13 16:42:28
2020-06-24,XRT,42.560001373291016,42.880001068115234,41.04999923706055,41.58000183105469,7332000,38.93470658519726,0.0,1.0,yahoo,2023-12-13 16:42:28
2020-06-25,XRT,41.45000076293945,41.88999938964844,41.02000045776367,41.790000915527344,4336800,39.13134565150428,0.0,1.0,yahoo,2023-12-13 16:42:28
2020-06-26,XRT,41.93999862670898,42.4900016784668,41.22999954223633,41.2400016784668,6697000,38.61633704222035,0.0,1.0,yahoo,2023-12-13 16:42:28
2020-06-29,XRT,41.58000183105469,42.84999847412109,41.150001525878906,42.709999084472656,3547600,39.99281407837799,0.0,1.0,yahoo,2023-12-13 16:42:28
2020-06-30,XRT,42.66999816894531,43.0099983215332,42.380001068115234,42.880001068115234,4019100,40.15200063587068,0.0,1.0,yahoo,2023-12-13 16:42:28
2020-07-01,XRT,42.93999862670898,43.52999877929688,42.70000076293945,43.060001373291016,3576300,40.320549427564835,0.0,1.0,yahoo,2023-12-13 16:42:28
2020-07-02,XRT,43.84999847412109,44.15999984741211,43.130001068115234,43.43999862670898,3507200,40.676371479356064,0.0,1.0,yahoo,2023-12-13 16:42:28
2020-07-06,XRT,44.34999847412109,44.650001525878906,43.93999862670898,44.209999084472656,3011900,41.397384961156966,0.0,1.0,yahoo,2023-12-13 16:42:28
2020-07-07,XRT,43.869998931884766,44.209999084472656,43.61000061035156,43.77999877929688,3348900,40.99474102233299,0.0,1.0,yahoo,2023-12-13 16:42:28
2020-07-08,XRT,43.81999969482422,44.31999969482422,43.45000076293945,44.31999969482422,3014500,41.500387397415444,0.0,1.0,yahoo,2023-12-13 16:42:28
2020-07-09,XRT,44.400001525878906,44.400001525878906,42.84999847412109,43.4900016784668,3854200,40.72319336638881,0.0,1.0,yahoo,2023-12-13 16:42:28
2020-07-10,XRT,43.540000915527344,44.13999938964844,43.16999816894531,44.08000183105469,3485700,41.27565805649555,0.0,1.0,yahoo,2023-12-13 16:42:28
2020-07-13,XRT,44.470001220703125,44.72999954223633,43.0099983215332,43.09999847412109,4493600,40.35800193637916,0.0,1.0,yahoo,2023-12-13 16:42:28
2020-07-14,XRT,42.869998931884766,43.959999084472656,42.54999923706055,43.959999084472656,2732100,41.16328981402714,0.0,1.0,yahoo,2023-12-13 16:42:28
2020-07-15,XRT,45.0099983215332,45.54999923706055,44.380001068115234,45.38999938964844,6595900,42.502314341370436,0.0,1.0,yahoo,2023-12-13 16:42:28
2020-07-16,XRT,44.9900016784668,45.75,44.810001373291016,45.70000076293945,4293200,42.792593609734475,0.0,1.0,yahoo,2023-12-13 16:42:28
2020-07-17,XRT,45.86000061035156,45.86000061035156,45.08000183105469,45.27999877929688,2806400,42.399311905111965,0.0,1.0,yahoo,2023-12-13 16:42:28
2020-07-20,XRT,45.25,45.2599983215332,44.38999938964844,44.9900016784668,3213200,42.12776424916779,0.0,1.0,yahoo,2023-12-13 16:42:28
2020-07-21,XRT,45.459999084472656,46.38999938964844,45.400001525878906,46.13999938964844,4364000,43.20459978275992,0.0,1.0,yahoo,2023-12-13 16:42:28
2020-07-22,XRT,46.130001068115234,46.84999847412109,46.04999923706055,46.84999847412109,2714000,43.8694291433266,0.0,1.0,yahoo,2023-12-13 16:42:28
2020-07-23,XRT,46.84999847412109,47.5099983215332,46.130001068115234,46.650001525878906,3958000,43.68215588322952,0.0,1.0,yahoo,2023-12-13 16:42:28
2020-07-24,XRT,46.29999923706055,46.68000030517578,46.11000061035156,46.15999984741211,3680900,43.223327823171324,0.0,1.0,yahoo,2023-12-13 16:42:28
2020-07-27,XRT,46.43000030517578,46.7400016784668,45.88999938964844,46.66999816894531,2443000,43.70088035163245,0.0,1.0,yahoo,2023-12-13 16:42:28
2020-07-28,XRT,46.470001220703125,47.09000015258789,46.45000076293945,46.52000045776367,2235800,43.56042540655964,0.0,1.0,yahoo,2023-12-13 16:42:28
2020-07-29,XRT,46.93000030517578,47.93999862670898,46.880001068115234,47.84000015258789,3374800,44.79644749764446,0.0,1.0,yahoo,2023-12-13 16:42:28
2020-07-30,XRT,47.59000015258789,47.86000061035156,46.93999862670898,47.650001525878906,3829200,44.61853647174883,0.0,1.0,yahoo,2023-12-13 16:42:28
2020-07-31,XRT,47.70000076293945,47.959999084472656,46.720001220703125,47.33000183105469,3524300,44.31889496918333,0.0,1.0,yahoo,2023-12-13 16:42:28
2020-08-03,XRT,47.58000183105469,48.380001068115234,47.459999084472656,48.25,2695500,45.18036339605704,0.0,1.0,yahoo,2023-12-13 16:42:28
2020-08-04,XRT,48.18999862670898,49.0099983215332,48.09000015258789,49.0099983215332,2803400,45.89201107164799,0.0,1.0,yahoo,2023-12-13 16:42:28
2020-08-05,XRT,49.34000015258789,50.2400016784668,49.25,50.20000076293945,3499500,47.0063062580714,0.0,1.0,yahoo,2023-12-13 16:42:28
2020-08-06,XRT,50.08000183105469,50.20000076293945,49.43999862670898,49.66999816894531,2564200,46.5100221171904,0.0,1.0,yahoo,2023-12-13 16:42:28
2020-08-07,XRT,49.84999847412109,50.84999847412109,49.77999877929688,50.720001220703125,4206700,47.49322459274246,0.0,1.0,yahoo,2023-12-13 16:42:28
2020-08-10,XRT,50.959999084472656,51.43000030517578,50.68000030517578,50.9900016784668,4399200,47.74604778028369,0.0,1.0,yahoo,2023-12-13 16:42:28
2020-08-11,XRT,51.47999954223633,51.77000045776367,50.56999969482422,50.65999984741211,4514200,47.437040471508254,0.0,1.0,yahoo,2023-12-13 16:42:28
2020-08-12,XRT,51.060001373291016,51.2400016784668,50.709999084472656,51.060001373291016,2824700,47.81159413571937,0.0,1.0,yahoo,2023-12-13 16:42:28
2020-08-13,XRT,50.9900016784668,51.70000076293945,50.84000015258789,51.22999954223633,3534600,47.97077712120358,0.0,1.0,yahoo,2023-12-13 16:42:28
2020-08-14,XRT,51.13999938964844,51.68000030517578,50.900001525878906,51.54999923706055,2553100,48.27041862376909,0.0,1.0,yahoo,2023-12-13 16:42:28
2020-08-17,XRT,51.90999984741211,52.790000915527344,51.84000015258789,52.709999084472656,2932800,49.356619963571156,0.0,1.0,yahoo,2023-12-13 16:42:28
2020-08-18,XRT,52.61000061035156,52.61000061035156,51.7400016784668,52.29999923706055,3996100,48.972704065158574,0.0,1.0,yahoo,2023-12-13 16:42:28
2020-08-19,XRT,52.25,52.79999923706055,52.18000030517578,52.380001068115234,2920500,49.04761622680419,0.0,1.0,yahoo,2023-12-13 16:42:28
2020-08-20,XRT,52.060001373291016,52.25,51.75,51.77000045776367,3796700,48.476423496286046,0.0,1.0,yahoo,2023-12-13 16:42:28
2020-08-21,XRT,51.720001220703125,52.18000030517578,51.630001068115234,51.959999084472656,2481300,48.65433452218167,0.0,1.0,yahoo,2023-12-13 16:42:28
2020-08-24,XRT,52.380001068115234,52.880001068115234,52.060001373291016,52.880001068115234,3964000,49.515806521063844,0.0,1.0,yahoo,2023-12-13 16:42:28
2020-08-25,XRT,52.720001220703125,52.720001220703125,52.04999923706055,52.650001525878906,3082300,49.30043941434542,0.0,1.0,yahoo,2023-12-13 16:42:28
2020-08-26,XRT,52.77000045776367,53.22999954223633,52.630001068115234,52.880001068115234,2930200,49.515806521063844,0.0,1.0,yahoo,2023-12-13 16:42:28
2020-08-27,XRT,53.16999816894531,53.459999084472656,52.209999084472656,52.5,3408600,49.159980897264134,0.0,1.0,yahoo,2023-12-13 16:42:28
2020-08-28,XRT,52.88999938964844,53.18000030517578,52.31999969482422,52.560001373291016,3116200,49.216165018498344,0.0,1.0,yahoo,2023-12-13 16:42:28
2020-08-31,XRT,52.41999816894531,52.5099983215332,51.380001068115234,51.790000915527344,3694900,48.49515153669745,0.0,1.0,yahoo,2023-12-13 16:42:28
2020-09-01,XRT,51.75,52.9900016784668,51.5099983215332,52.970001220703125,2831900,49.600080916910926,0.0,1.0,yahoo,2023-12-13 16:42:28
2020-09-02,XRT,53.380001068115234,53.65999984741211,52.369998931884766,53.27000045776367,4261500,49.88099437906502,0.0,1.0,yahoo,2023-12-13 16:42:28
2020-09-03,XRT,52.93000030517578,53.130001068115234,51.04999923706055,51.400001525878906,5466200,48.12996367869627,0.0,1.0,yahoo,2023-12-13 16:42:28
2020-09-04,XRT,51.84999847412109,51.86000061035156,49.38999938964844,50.91999816894531,5152400,47.680497852839544,0.0,1.0,yahoo,2023-12-13 16:42:28
2020-09-08,XRT,50.27000045776367,51.09999847412109,49.88999938964844,50.18000030517578,4381100,46.987578217659994,0.0,1.0,yahoo,2023-12-13 16:42:28
2020-09-09,XRT,50.619998931884766,51.2599983215332,50.400001525878906,51.04999923706055,2162000,47.80222832950943,0.0,1.0,yahoo,2023-12-13 16:42:28
2020-09-10,XRT,51.4900016784668,52.220001220703125,50.400001525878906,50.43999862670898,3211500,47.231035598991284,0.0,1.0,yahoo,2023-12-13 16:42:28
2020-09-11,XRT,50.790000915527344,50.84000015258789,49.43000030517578,49.77000045776367,4672700,46.60366231924741,0.0,1.0,yahoo,2023-12-13 16:42:28
2020-09-14,XRT,50.41999816894531,51.040000915527344,50.22999954223633,50.93999862670898,2636600,47.69922589325094,0.0,1.0,yahoo,2023-12-13 16:42:28
2020-09-15,XRT,51.38999938964844,51.5,50.70000076293945,50.810001373291016,2595000,47.57749898858954,0.0,1.0,yahoo,2023-12-13 16:42:28
2020-09-16,XRT,51.119998931884766,51.720001220703125,50.86000061035156,51.04999923706055,2989500,47.80222832950943,0.0,1.0,yahoo,2023-12-13 16:42:28
2020-09-17,XRT,50.18999862670898,50.869998931884766,50.0099983215332,50.560001373291016,3522900,47.34340384145971,0.0,1.0,yahoo,2023-12-13 16:42:28
2020-09-18,XRT,50.77000045776367,51.0,49.7400016784668,50.40999984741211,5265300,47.20294532437842,0.0,1.0,yahoo,2023-12-13 16:42:28
2020-09-21,XRT,49.29999923706055,49.52000045776367,48.43000030517578,49.290000915527344,6072400,46.27353272305053,0.13,1.0,yahoo,2023-12-13 16:42:28
2020-09-22,XRT,49.90999984741211,50.66999816894531,49.59000015258789,50.619998931884766,3932100,47.52213701577473,0.0,1.0,yahoo,2023-12-13 16:42:28
2020-09-23,XRT,50.65999984741211,51.18999862670898,49.220001220703125,49.27999877929688,4624600,46.26414270135112,0.0,1.0,yahoo,2023-12-13 16:42:28
2020-09-24,XRT,49.04999923706055,49.36000061035156,48.02000045776367,48.52999877929688,8666700,45.56004148614187,0.0,1.0,yahoo,2023-12-13 16:42:28
2020-09-25,XRT,48.369998931884766,49.08000183105469,48.27999877929688,48.880001068115234,2450100,45.88862420198589,0.0,1.0,yahoo,2023-12-13 16:42:28
2020-09-28,XRT,49.52000045776367,50.150001525878906,49.47999954223633,50.08000183105469,3660600,47.01518686256949,0.0,1.0,yahoo,2023-12-13 16:42:28
2020-09-29,XRT,50.040000915527344,50.06999969482422,49.08000183105469,49.310001373291016,2167700,46.29230918520538,0.0,1.0,yahoo,2023-12-13 16:42:28
2020-09-30,XRT,49.5,50.18999862670898,49.290000915527344,49.65999984741211,2996400,46.620888319805445,0.0,1.0,yahoo,2023-12-13 16:42:28
2020-10-01,XRT,49.959999084472656,51.08000183105469,49.90999984741211,51.0099983215332,5284900,47.88826907468451,0.0,1.0,yahoo,2023-12-13 16:42:28
2020-10-02,XRT,49.84000015258789,51.459999084472656,49.65999984741211,51.290000915527344,4808200,48.15113596360853,0.0,1.0,yahoo,2023-12-13 16:42:28
2020-10-05,XRT,51.630001068115234,52.83000183105469,51.630001068115234,52.77000045776367,5012100,49.540561931872176,0.0,1.0,yahoo,2023-12-13 16:42:28
2020-10-06,XRT,53.060001373291016,53.33000183105469,51.540000915527344,51.7599983215332,5962100,48.59237028989376,0.0,1.0,yahoo,2023-12-13 16:42:28
2020-10-07,XRT,52.5,53.34000015258789,52.47999954223633,53.18000030517578,3259700,49.92547045293681,0.0,1.0,yahoo,2023-12-13 16:42:28
2020-10-08,XRT,53.52000045776367,54.02000045776367,53.02000045776367,54.0099983215332,2112000,50.70467393552151,0.0,1.0,yahoo,2023-12-13 16:42:28
2020-10-09,XRT,54.31999969482422,54.61000061035156,53.95000076293945,54.040000915527344,3232400,50.73284041937578,0.0,1.0,yahoo,2023-12-13 16:42:28
2020-10-12,XRT,54.2599983215332,54.560001373291016,54.02000045776367,54.04999923706055,1846600,50.74222685983123,0.0,1.0,yahoo,2023-12-13 16:42:28
2020-10-13,XRT,53.84999847412109,54.709999084472656,53.709999084472656,54.52000045776367,2687600,51.18346476736043,0.0,1.0,yahoo,2023-12-13 16:42:28
2020-10-14,XRT,54.810001373291016,55.11000061035156,53.86000061035156,54.06999969482422,2362300,50.76100332198608,0.0,1.0,yahoo,2023-12-13 16:42:28
2020-10-15,XRT,53.52000045776367,55.04999923706055,53.27000045776367,54.880001068115234,2463600,51.5214339236599,0.0,1.0,yahoo,2023-12-13 16:42:28
2020-10-16,XRT,55.150001525878906,55.2599983215332,54.27999877929688,54.27999877929688,2476100,50.958150802746125,0.0,1.0,yahoo,2023-12-13 16:42:28
2020-10-19,XRT,54.619998931884766,55.119998931884766,53.54999923706055,53.68000030517578,3446000,50.394871263076304,0.0,1.0,yahoo,2023-12-13 16:42:28
2020-10-20,XRT,54.0099983215332,54.52000045776367,53.720001220703125,53.790000915527344,4491100,50.49814001430603,0.0,1.0,yahoo,2023-12-13 16:42:28
2020-10-21,XRT,53.900001525878906,54.220001220703125,53.18999862670898,53.43999862670898,3945200,50.16955729846199,0.0,1.0,yahoo,2023-12-13 16:42:28
2020-10-22,XRT,53.470001220703125,54.18999862670898,52.77999877929688,53.95000076293945,3875700,50.64834813030091,0.0,1.0,yahoo,2023-12-13 16:42:28
2020-10-23,XRT,54.220001220703125,54.43999862670898,53.619998931884766,54.43999862670898,2988600,51.10835891874099,0.0,1.0,yahoo,2023-12-13 16:42:28
2020-10-26,XRT,53.72999954223633,54.02000045776367,52.13999938964844,53.04999923706055,4963800,49.803425239552226,0.0,1.0,yahoo,2023-12-13 16:42:28
2020-10-27,XRT,53.130001068115234,53.29999923706055,52.77000045776367,52.84000015258789,1864200,49.60627775879219,0.0,1.0,yahoo,2023-12-13 16:42:28
2020-10-28,XRT,51.86000061035156,52.33000183105469,51.470001220703125,51.560001373291016,4225500,48.40461283083314,0.0,1.0,yahoo,2023-12-13 16:42:28
2020-10-29,XRT,51.540000915527344,51.72999954223633,50.95000076293945,51.220001220703125,3624500,48.08542013668852,0.0,1.0,yahoo,2023-12-13 16:42:28
2020-10-30,XRT,50.9900016784668,51.34000015258789,49.38999938964844,49.84000015258789,3766500,46.789872897955185,0.0,1.0,yahoo,2023-12-13 16:42:28
2020-11-02,XRT,50.5099983215332,50.810001373291016,50.0099983215332,50.66999816894531,2547600,47.56907638053989,0.0,1.0,yahoo,2023-12-13 16:42:28
2020-11-03,XRT,51.2599983215332,52.720001220703125,51.06999969482422,52.459999084472656,3340200,49.249532140337855,0.0,1.0,yahoo,2023-12-13 16:42:28
2020-11-04,XRT,52.58000183105469,52.900001525878906,51.97999954223633,52.33000183105469,4547400,49.12749050819724,0.0,1.0,yahoo,2023-12-13 16:42:28
2020-11-05,XRT,52.970001220703125,54.2400016784668,52.970001220703125,53.970001220703125,2958400,50.66712459245577,0.0,1.0,yahoo,2023-12-13 16:42:28
2020-11-06,XRT,53.970001220703125,54.220001220703125,53.52000045776367,53.70000076293945,2348700,50.413647725231165,0.0,1.0,yahoo,2023-12-13 16:42:28
2020-11-09,XRT,56.380001068115234,56.560001373291016,54.33000183105469,54.36000061035156,7555800,51.03325665136555,0.0,1.0,yahoo,2023-12-13 16:42:28
2020-11-10,XRT,54.630001068115234,55.040000915527344,53.75,54.66999816894531,3167500,51.324282861655895,0.0,1.0,yahoo,2023-12-13 16:42:28
2020-11-11,XRT,55.08000183105469,55.08000183105469,54.290000915527344,54.70000076293945,3144500,51.352449345510166,0.0,1.0,yahoo,2023-12-13 16:42:28
2020-11-12,XRT,54.470001220703125,54.61000061035156,53.119998931884766,53.5,3079900,50.225886684926564,0.0,1.0,yahoo,2023-12-13 16:42:28
2020-11-13,XRT,53.93999862670898,54.77000045776367,53.93999862670898,54.59000015258789,2460000,51.24918059428044,0.0,1.0,yahoo,2023-12-13 16:42:28
2020-11-16,XRT,55.380001068115234,56.08000183105469,54.869998931884766,56.04999923706055,2973300,52.61983010038923,0.0,1.0,yahoo,2023-12-13 16:42:28
2020-11-17,XRT,55.470001220703125,56.5,55.09000015258789,56.27999877929688,2807000,52.83575404330413,0.0,1.0,yahoo,2023-12-13 16:42:28
2020-11-18,XRT,56.4900016784668,57.43999862670898,56.33000183105469,56.34000015258789,3724400,52.89208342976869,0.0,1.0,yahoo,2023-12-13 16:42:28
2020-11-19,XRT,56.31999969482422,57.68000030517578,56.29999923706055,57.630001068115234,3997200,54.10313837942716,0.0,1.0,yahoo,2023-12-13 16:42:28
2020-11-20,XRT,57.83000183105469,58.130001068115234,57.34999847412109,57.56999969482422,7066700,54.04680899296258,0.0,1.0,yahoo,2023-12-13 16:42:28
2020-11-23,XRT,58.0099983215332,59.93999862670898,58.0099983215332,59.720001220703125,4166800,56.06523390906003,0.0,1.0,yahoo,2023-12-13 16:42:28
2020-11-24,XRT,60.5,60.900001525878906,59.77999877929688,60.790000915527344,4121200,57.06975135625904,0.0,1.0,yahoo,2023-12-13 16:42:28
2020-11-25,XRT,60.45000076293945,60.9900016784668,60.04999923706055,60.68999862670898,5027300,56.97586904548475,0.0,1.0,yahoo,2023-12-13 16:42:28
2020-11-27,XRT,61.040000915527344,61.33000183105469,60.810001373291016,61.209999084472656,2041200,57.464046317779115,0.0,1.0,yahoo,2023-12-13 16:42:28
2020-11-30,XRT,61.29999923706055,61.400001525878906,59.2400016784668,60.08000183105469,5939700,56.403203065359506,0.0,1.0,yahoo,2023-12-13 16:42:28
2020-12-01,XRT,60.93999862670898,61.11000061035156,60.18000030517578,60.810001373291016,3477900,57.0885278184139,0.0,1.0,yahoo,2023-12-13 16:42:28
2020-12-02,XRT,60.34999847412109,60.88999938964844,59.790000915527344,60.86000061035156,2278500,57.13546718317905,0.0,1.0,yahoo,2023-12-13 16:42:28
2020-12-03,XRT,61.0,61.970001220703125,60.93000030517578,61.470001220703125,2968700,57.70813674454828,0.0,1.0,yahoo,2023-12-13 16:42:28
2020-12-04,XRT,61.54999923706055,62.209999084472656,61.18999862670898,62.209999084472656,2325800,58.402847938058116,0.0,1.0,yahoo,2023-12-13 16:42:28
2020-12-07,XRT,62.18000030517578,62.31999969482422,61.630001068115234,61.900001525878906,1563200,58.11182172776777,0.0,1.0,yahoo,2023-12-13 16:42:28
2020-12-08,XRT,61.970001220703125,62.61000061035156,61.810001373291016,62.31999969482422,2319800,58.50611668928784,0.0,1.0,yahoo,2023-12-13 16:42:28
2020-12-09,XRT,62.380001068115234,62.75,61.2400016784668,62.0,2427300,58.20570045729808,0.0,1.0,yahoo,2023-12-13 16:42:28
2020-12-10,XRT,61.43999862670898,62.16999816894531,61.040000915527344,61.93999862670898,1897600,58.1493710708335,0.0,1.0,yahoo,2023-12-13 16:42:28
2020-12-11,XRT,61.63999938964844,62.09999847412109,60.70000076293945,61.2599983215332,1950600,57.510985682544266,0.0,1.0,yahoo,2023-12-13 16:42:28
2020-12-14,XRT,61.869998931884766,61.95000076293945,60.560001373291016,60.619998931884766,4844500,56.910153218564744,0.0,1.0,yahoo,2023-12-13 16:42:28
2020-12-15,XRT,60.959999084472656,62.220001220703125,60.95000076293945,62.220001220703125,2782700,58.41223795975753,0.0,1.0,yahoo,2023-12-13 16:42:28
2020-12-16,XRT,62.27000045776367,62.650001525878906,61.84999847412109,62.400001525878906,2324400,58.581222537907266,0.0,1.0,yahoo,2023-12-13 16:42:28
2020-12-17,XRT,62.7599983215332,63.58000183105469,62.70000076293945,63.56999969482422,2083600,59.67961871463659,0.0,1.0,yahoo,2023-12-13 16:42:28
2020-12-18,XRT,63.88999938964844,64.08999633789062,63.02999877929688,63.34999847412109,2645100,59.473081212177135,0.0,1.0,yahoo,2023-12-13 16:42:28
2020-12-21,XRT,62.16999816894531,63.43999862670898,61.90999984741211,63.34999847412109,1937500,59.709657762443285,0.251,1.0,yahoo,2023-12-13 16:42:28
2020-12-22,XRT,64.0,64.47000122070312,63.650001525878906,64.30999755859375,2313300,60.61449151408951,0.0,1.0,yahoo,2023-12-13 16:42:28
2020-12-23,XRT,64.5999984741211,65.04000091552734,64.36000061035156,64.7699966430664,2354000,61.04805723731711,0.0,1.0,yahoo,2023-12-13 16:42:28
2020-12-24,XRT,64.93000030517578,65.12000274658203,64.30000305175781,64.76000213623047,918800,61.03863705425393,0.0,1.0,yahoo,2023-12-13 16:42:28
2020-12-28,XRT,65.37000274658203,65.58999633789062,64.81999969482422,65.08999633789062,3153500,61.34966848786585,0.0,1.0,yahoo,2023-12-13 16:42:28
2020-12-29,XRT,65.31999969482422,65.31999969482422,63.58000183105469,64.2699966430664,3138200,60.57678920889849,0.0,1.0,yahoo,2023-12-13 16:42:28
2020-12-30,XRT,64.47000122070312,65.33999633789062,64.44999694824219,64.91000366210938,1904900,61.180018900975405,0.0,1.0,yahoo,2023-12-13 16:42:28
2020-12-31,XRT,64.83999633789062,64.91000366210938,64.12000274658203,64.31999969482422,2152000,60.623918888132124,0.0,1.0,yahoo,2023-12-13 16:42:28
2021-01-04,XRT,64.48999786376953,64.68000030517578,62.86000061035156,63.540000915527344,3460400,59.88874191435579,0.0,1.0,yahoo,2023-12-13 16:42:28
2021-01-05,XRT,63.36000061035156,65.19000244140625,63.2599983215332,64.95999908447266,2278000,61.2271413892296,0.0,1.0,yahoo,2023-12-13 16:42:28
2021-01-06,XRT,65.12000274658203,68.16000366210938,65.12000274658203,67.62999725341797,5117800,63.74371093514997,0.0,1.0,yahoo,2023-12-13 16:42:28
2021-01-07,XRT,68.0999984741211,68.6500015258789,67.9000015258789,68.11000061035156,1949800,64.1961314064628,0.0,1.0,yahoo,2023-12-13 16:42:28
2021-01-08,XRT,68.4800033569336,68.9000015258789,67.31999969482422,68.16000366210938,2309000,64.24326108569643,0.0,1.0,yahoo,2023-12-13 16:42:28
2021-01-11,XRT,67.5999984741211,69.69999694824219,67.47000122070312,69.61000061035156,2804800,65.60993549171866,0.0,1.0,yahoo,2023-12-13 16:42:28
2021-01-12,XRT,69.81999969482422,71.80999755859375,69.81999969482422,71.80999755859375,3697600,67.68351194036882,0.0,1.0,yahoo,2023-12-13 16:42:28
2021-01-13,XRT,71.5,72.22000122070312,70.68000030517578,71.51000213623047,2520800,67.4007554379053,0.0,1.0,yahoo,2023-12-13 16:42:28
2021-01-14,XRT,71.83000183105469,74.0999984741211,71.83000183105469,73.72000122070312,5205600,69.48375926059808,0.0,1.0,yahoo,2023-12-13 16:42:28
2021-01-15,XRT,73.05000305175781,73.0999984741211,71.26000213623047,71.9800033569336,4029700,67.84374853517552,0.0,1.0,yahoo,2023-12-13 16:42:28
2021-01-19,XRT,72.80000305175781,73.05000305175781,71.66000366210938,72.33000183105469,2239600,68.17363471687267,0.0,1.0,yahoo,2023-12-13 16:42:28
2021-01-20,XRT,72.44999694824219,72.94999694824219,72.0199966430664,72.58999633789062,2135400,68.41868891414515,0.0,1.0,yahoo,2023-12-13 16:42:28
2021-01-21,XRT,72.76000213623047,73.5199966430664,72.47000122070312,73.16999816894531,2692300,68.96536155294581,0.0,1.0,yahoo,2023-12-13 16:42:28
2021-01-22,XRT,72.66000366210938,74.97000122070312,72.44999694824219,74.87000274658203,3742500,70.56767716415679,0.0,1.0,yahoo,2023-12-13 16:42:28
2021-01-25,XRT,76.30999755859375,82.51000213623047,74.68000030517578,76.18000030517578,10696600,71.80239709750015,0.0,1.0,yahoo,2023-12-13 16:42:28
2021-01-26,XRT,77.30000305175781,81.6500015258789,76.5199966430664,81.43000030517578,9759000,76.75071139589566,0.0,1.0,yahoo,2023-12-13 16:42:28
2021-01-27,XRT,89.88999938964844,93.4800033569336,85.27999877929688,91.2300033569336,32745900,85.9875676292924,0.0,1.0,yahoo,2023-12-13 16:42:28
2021-01-28,XRT,86.73999786376953,99.23999786376952,78.11000061035156,82.97000122070312,31255100,78.20221778634254,0.0,1.0,yahoo,2023-12-13 16:42:28
2021-01-29,XRT,91.77999877929688,93.4800033569336,83.48999786376953,88.01000213623047,11844600,82.95260037571977,0.0,1.0,yahoo,2023-12-13 16:42:28
2021-02-01,XRT,87.62999725341797,88.11000061035156,81.45999908447266,82.94999694824219,8896300,78.18336303825731,0.0,1.0,yahoo,2023-12-13 16:42:28
2021-02-02,XRT,79.52999877929688,80.43000030517578,75.27999877929688,76.13999938964844,9575200,71.76469479230913,0.0,1.0,yahoo,2023-12-13 16:42:28
2021-02-03,XRT,77.51000213623047,78.45999908447266,76.08000183105469,77.41999816894531,5173600,72.97113979450408,0.0,1.0,yahoo,2023-12-13 16:42:28
2021-02-04,XRT,77.97000122070312,78.30999755859375,77.05999755859375,77.16000366210938,3468000,72.7260855972316,0.0,1.0,yahoo,2023-12-13 16:42:28
2021-02-05,XRT,78.04000091552734,80.1500015258789,77.5,78.86000061035156,3327400,74.32839401746314,0.0,1.0,yahoo,2023-12-13 16:42:28
2021-02-08,XRT,79.93000030517578,80.45999908447266,79.44000244140625,80.06999969482422,2143700,75.46886178331866,0.0,1.0,yahoo,2023-12-13 16:42:28
2021-02-09,XRT,79.97000122070312,80.26000213623047,79.19000244140625,79.63999938964844,1688900,75.06357099123947,0.0,1.0,yahoo,2023-12-13 16:42:28
2021-02-10,XRT,80.25,80.69999694824219,78.33000183105469,79.58000183105469,1894100,75.00702112894265,0.0,1.0,yahoo,2023-12-13 16:42:28
2021-02-11,XRT,79.87000274658203,81.31999969482422,79.0,80.01000213623047,1291900,75.41231192102185,0.0,1.0,yahoo,2023-12-13 16:42:28
2021-02-12,XRT,79.6500015258789,80.30999755859375,79.26000213623047,80.01000213623047,554700,75.41231192102185,0.0,1.0,yahoo,2023-12-13 16:42:28
2021-02-16,XRT,80.4000015258789,80.7300033569336,78.98999786376953,79.66999816894531,1300800,75.09184592238788,0.0,1.0,yahoo,2023-12-13 16:42:28
2021-02-17,XRT,79.38999938964844,79.66999816894531,77.80999755859375,79.05000305175781,1887000,74.50747816937563,0.0,1.0,yahoo,2023-12-13 16:42:28
2021-02-18,XRT,78.37999725341797,78.58999633789062,77.22000122070312,77.98999786376953,2080200,73.50838505926214,0.0,1.0,yahoo,2023-12-13 16:42:28
2021-02-19,XRT,78.4000015258789,79.6500015258789,78.2699966430664,79.1500015258789,1720700,74.60173033686347,0.0,1.0,yahoo,2023-12-13 16:42:28
2021-02-22,XRT,78.91999816894531,80.08000183105469,78.80000305175781,79.22000122070312,1983300,74.66770757320289,0.0,1.0,yahoo,2023-12-13 16:42:28
2021-02-23,XRT,78.02999877929688,78.31999969482422,74.37999725341797,78.0,2613100,73.51781243330475,0.0,1.0,yahoo,2023-12-13 16:42:28
2021-02-24,XRT,78.13999938964844,82.30000305175781,77.48999786376953,82.12999725341797,2606700,77.41048375928996,0.0,1.0,yahoo,2023-12-13 16:42:28
2021-02-25,XRT,85.18000030517578,85.69000244140625,79.20999908447266,79.61000061035156,6577900,75.03529606009106,0.0,1.0,yahoo,2023-12-13 16:42:28
2021-02-26,XRT,80.62999725341797,82.52999877929688,78.81999969482422,79.26000213623047,4385300,74.70540987839392,0.0,1.0,yahoo,2023-12-13 16:42:28
2021-03-01,XRT,80.69000244140625,83.98999786376953,80.54000091552734,83.30999755859375,3248800,78.52267659399708,0.0,1.0,yahoo,2023-12-13 16:42:28
2021-03-02,XRT,83.16000366210938,83.94999694824219,81.83999633789062,81.87999725341797,3345600,77.17484974508065,0.0,1.0,yahoo,2023-12-13 16:42:28
2021-03-03,XRT,82.19999694824219,83.05999755859375,80.88999938964844,81.58000183105469,1485900,76.89209324261714,0.0,1.0,yahoo,2023-12-13 16:42:28
2021-03-04,XRT,81.16999816894531,81.7699966430664,77.3499984741211,80.01000213623047,3479900,75.41231192102185,0.0,1.0,yahoo,2023-12-13 16:42:28
2021-03-05,XRT,80.47000122070312,81.83999633789062,78.16999816894531,81.68000030517578,3577600,76.98634541010497,0.0,1.0,yahoo,2023-12-13 16:42:28
2021-03-08,XRT,83.08999633789062,87.93000030517578,82.77999877929688,86.66000366210938,6721300,81.68017813718538,0.0,1.0,yahoo,2023-12-13 16:42:28
2021-03-09,XRT,88.62999725341797,90.58999633789062,87.80000305175781,90.13999938964844,4248100,84.96019958803049,0.0,1.0,yahoo,2023-12-13 16:42:28
2021-03-10,XRT,91.6500015258789,96.2699966430664,87.58000183105469,91.9000015258789,10281200,86.61906506153828,0.0,1.0,yahoo,2023-12-13 16:42:28
2021-03-11,XRT,91.73999786376952,93.9499969482422,91.33999633789062,92.80999755859376,3834700,87.47676913395088,0.0,1.0,yahoo,2023-12-13 16:42:28
2021-03-12,XRT,93.19000244140624,95.31999969482422,93.06999969482422,94.38999938964844,2782700,88.96597782958877,0.0,1.0,yahoo,2023-12-13 16:42:28
2021-03-15,XRT,95.3000030517578,95.98999786376952,92.56999969482422,93.43000030517578,3988600,88.06114407794254,0.0,1.0,yahoo,2023-12-13 16:42:28
2021-03-16,XRT,92.3000030517578,92.6500015258789,90.08000183105467,91.5500030517578,2652600,86.28917887984112,0.0,1.0,yahoo,2023-12-13 16:42:28
2021-03-17,XRT,91.22000122070312,92.9499969482422,90.47000122070312,92.31999969482422,1627900,87.01492847957486,0.0,1.0,yahoo,2023-12-13 16:42:28
2021-03-18,XRT,92.51000213623048,93.0500030517578,89.45999908447266,89.87000274658203,2159200,84.7057180167154,0.0,1.0,yahoo,2023-12-13 16:42:28
2021-03-19,XRT,89.83000183105469,92.41999816894533,88.54000091552734,90.95999908447266,3539700,85.73307886699786,0.0,1.0,yahoo,2023-12-13 16:42:28
2021-03-22,XRT,91.1999969482422,91.47000122070312,89.52999877929688,90.04000091552734,1888400,85.01268215264804,0.157,1.0,yahoo,2023-12-13 16:42:28
2021-03-23,XRT,89.58000183105469,89.94999694824219,86.93000030517578,87.20999908447266,2959200,82.34069144064688,0.0,1.0,yahoo,2023-12-13 16:42:28
2021-03-24,XRT,87.73999786376953,88.19999694824219,84.16000366210938,84.19000244140625,2263800,79.48931414046302,0.0,1.0,yahoo,2023-12-13 16:42:28
2021-03-25,XRT,83.11000061035156,87.08999633789062,82.69000244140625,86.7699966430664,3754100,81.92525621944168,0.0,1.0,yahoo,2023-12-13 16:42:28
2021-03-26,XRT,87.3499984741211,88.76000213623047,86.62999725341797,88.75,2839700,83.79470751145232,0.0,1.0,yahoo,2023-12-13 16:42:28
2021-03-29,XRT,88.55999755859375,89.56999969482422,86.8499984741211,87.04000091552734,2349200,82.18018499733134,0.0,1.0,yahoo,2023-12-13 16:42:28
2021-03-30,XRT,86.76000213623047,88.94000244140625,86.76000213623047,88.79000091552734,2210000,83.83247500459942,0.0,1.0,yahoo,2023-12-13 16:42:28
2021-03-31,XRT,89.13999938964844,89.87000274658203,89.0,89.20999908447266,1903500,84.22902287752468,0.0,1.0,yahoo,2023-12-13 16:42:28
2021-04-01,XRT,89.63999938964844,89.95999908447266,88.9000015258789,89.51000213623047,2210800,84.51227547442146,0.0,1.0,yahoo,2023-12-13 16:42:28
2021-04-05,XRT,90.63999938964844,90.63999938964844,88.94999694824219,90.47000122070312,4668900,85.41867369971327,0.0,1.0,yahoo,2023-12-13 16:42:28
2021-04-06,XRT,90.23999786376952,91.62999725341795,90.12999725341795,90.8000030517578,1548400,85.73025011561715,0.0,1.0,yahoo,2023-12-13 16:42:28
2021-04-07,XRT,90.80999755859376,90.98999786376952,89.83000183105469,90.05999755859375,1468900,85.0315622975152,0.0,1.0,yahoo,2023-12-13 16:42:28
2021-04-08,XRT,90.23999786376952,90.9000015258789,89.23999786376953,90.79000091552734,1475200,85.72080644147721,0.0,1.0,yahoo,2023-12-13 16:42:28
2021-04-09,XRT,90.91000366210938,92.23999786376952,90.62000274658205,92.20999908447266,1267200,87.06152003284139,0.0,1.0,yahoo,2023-12-13 16:42:28
2021-04-12,XRT,92.0999984741211,92.7699966430664,91.4499969482422,92.66999816894533,2017500,87.49583539891375,0.0,1.0,yahoo,2023-12-13 16:42:28
2021-04-13,XRT,92.70999908447266,92.86000061035156,91.05999755859376,91.97000122070312,1375100,86.83492227737162,0.0,1.0,yahoo,2023-12-13 16:42:28
2021-04-14,XRT,92.06999969482422,93.33000183105467,92.02999877929688,92.1999969482422,1337600,87.05207635870143,0.0,1.0,yahoo,2023-12-13 16:42:28
2021-04-15,XRT,93.1999969482422,93.20999908447266,91.80999755859376,92.5,1189100,87.3353289555982,0.0,1.0,yahoo,2023-12-13 16:42:28
2021-04-16,XRT,92.69000244140624,92.9800033569336,91.83999633789062,92.73999786376952,2236800,87.56192671106794,0.0,1.0,yahoo,2023-12-13 16:42:28
2021-04-19,XRT,92.5,92.58000183105467,91.1999969482422,91.61000061035156,1605600,86.49502204246059,0.0,1.0,yahoo,2023-12-13 16:42:28
2021-04-20,XRT,91.4800033569336,91.56999969482422,88.47000122070312,89.55000305175781,2466800,84.55004296756854,0.0,1.0,yahoo,2023-12-13 16:42:28
2021-04-21,XRT,89.4800033569336,91.16999816894533,88.79000091552734,91.11000061035156,3286900,86.02293918324115,0.0,1.0,yahoo,2023-12-13 16:42:28
2021-04-22,XRT,91.45999908447266,92.62000274658205,90.68000030517578,91.08000183105467,1440200,85.99461536423401,0.0,1.0,yahoo,2023-12-13 16:42:28
2021-04-23,XRT,91.48999786376952,93.61000061035156,91.12000274658205,93.27999877929688,2567500,88.0717770634345,0.0,1.0,yahoo,2023-12-13 16:42:28
2021-04-26,XRT,93.5,93.77999877929688,92.2300033569336,92.5999984741211,1422000,87.42974408675953,0.0,1.0,yahoo,2023-12-13 16:42:28
2021-04-27,XRT,92.87000274658205,94.45999908447266,92.75,93.8000030517578,1102500,88.56274727093385,0.0,1.0,yahoo,2023-12-13 16:42:28
2021-04-28,XRT,93.8000030517578,94.51000213623048,93.08999633789062,94.19000244140624,1248500,88.93097132485201,0.0,1.0,yahoo,2023-12-13 16:42:28
2021-04-29,XRT,94.81999969482422,95.16000366210938,92.9499969482422,94.05999755859376,1912200,88.8082251712708,0.0,1.0,yahoo,2023-12-13 16:42:28
2021-04-30,XRT,93.5199966430664,94.0199966430664,92.63999938964844,92.81999969482422,1823700,87.63746169736213,0.0,1.0,yahoo,2023-12-13 16:42:28
2021-05-03,XRT,93.72000122070312,95.18000030517578,93.45999908447266,94.77999877929688,2895100,89.48802564109285,0.0,1.0,yahoo,2023-12-13 16:42:28
2021-05-04,XRT,94.0999984741211,94.22000122070312,92.20999908447266,93.9000015258789,2223900,88.65716240209521,0.0,1.0,yahoo,2023-12-13 16:42:28
2021-05-05,XRT,94.4800033569336,94.86000061035156,93.6999969482422,93.91999816894533,1087600,88.67604254696238,0.0,1.0,yahoo,2023-12-13 16:42:28
2021-05-06,XRT,94.08999633789062,94.44000244140624,93.0199966430664,94.16000366210938,1484600,88.9026475058449,0.0,1.0,yahoo,2023-12-13 16:42:28
2021-05-07,XRT,94.22000122070312,95.52999877929688,94.01000213623048,95.19000244140624,1574400,89.8751370432909,0.0,1.0,yahoo,2023-12-13 16:42:28
2021-05-10,XRT,95.52999877929688,96.16000366210938,93.5999984741211,93.5999984741211,2466600,88.37390980519844,0.0,1.0,yahoo,2023-12-13 16:42:28
2021-05-11,XRT,91.9499969482422,92.97000122070312,90.31999969482422,92.73999786376952,2664500,87.56192671106794,0.0,1.0,yahoo,2023-12-13 16:42:28
2021-05-12,XRT,91.66000366210938,92.2300033569336,87.93000030517578,88.1500015258789,5373100,83.22820952107153,0.0,1.0,yahoo,2023-12-13 16:42:28
2021-05-13,XRT,88.9800033569336,90.83999633789062,87.95999908447266,89.55999755859375,3045000,84.55947943829574,0.0,1.0,yahoo,2023-12-13 16:42:28
2021-05-14,XRT,90.62000274658205,93.52999877929688,90.58000183105467,93.41999816894533,2632600,88.20395968774294,0.0,1.0,yahoo,2023-12-13 16:42:28
2021-05-17,XRT,92.97000122070312,94.63999938964844,92.9499969482422,94.48999786376952,2153800,89.21421671833602,0.0,1.0,yahoo,2023-12-13 16:42:28
2021-05-18,XRT,95.1500015258789,95.45999908447266,93.5199966430664,93.5199966430664,2579400,88.29837481890425,0.0,1.0,yahoo,2023-12-13 16:42:28
2021-05-19,XRT,91.5999984741211,91.6999969482422,89.93000030517578,91.33000183105467,8321900,86.23065679384374,0.0,1.0,yahoo,2023-12-13 16:42:28
2021-05-20,XRT,91.37999725341795,91.5,90.16000366210938,90.94000244140624,4548900,85.86243273992558,0.0,1.0,yahoo,2023-12-13 16:42:28
2021-05-21,XRT,91.29000091552734,92.04000091552734,90.83000183105467,91.02999877929688,1345700,85.94740419694698,0.0,1.0,yahoo,2023-12-13 16:42:28
2021-05-24,XRT,91.8000030517578,91.87000274658205,90.87999725341795,91.4000015258789,1547100,86.29674810599796,0.0,1.0,yahoo,2023-12-13 16:42:28
2021-05-25,XRT,91.81999969482422,92.62999725341795,90.88999938964844,91.02999877929688,2387900,85.94740419694698,0.0,1.0,yahoo,2023-12-13 16:42:28
2021-05-26,XRT,91.7699966430664,93.87000274658205,91.7300033569336,93.66000366210938,2020300,88.43056464662544,0.0,1.0,yahoo,2023-12-13 16:42:28
2021-05-27,XRT,94.11000061035156,94.9000015258789,93.23999786376952,94.5500030517578,2497300,89.27087155976304,0.0,1.0,yahoo,2023-12-13 16:42:28
2021-05-28,XRT,95.1999969482422,95.3499984741211,93.29000091552734,93.36000061035156,1669400,88.14731204972867,0.0,1.0,yahoo,2023-12-13 16:42:28
2021-06-01,XRT,94.29000091552734,95.18000030517578,93.83000183105467,94.87999725341795,1819100,89.58244077225416,0.0,1.0,yahoo,2023-12-13 16:42:28
2021-06-02,XRT,95.12000274658205,95.86000061035156,93.56999969482422,95.83000183105467,3692600,90.47940252681879,0.0,1.0,yahoo,2023-12-13 16:42:28
2021-06-03,XRT,94.9800033569336,95.4499969482422,93.54000091552734,94.20999908447266,2047300,88.94985146971918,0.0,1.0,yahoo,2023-12-13 16:42:28
2021-06-04,XRT,94.72000122070312,94.93000030517578,93.22000122070312,93.91999816894533,1854300,88.67604254696238,0.0,1.0,yahoo,2023-12-13 16:42:28
2021-06-07,XRT,94.18000030517578,95.06999969482422,94.18000030517578,94.97000122070312,2477200,89.66741943268832,0.0,1.0,yahoo,2023-12-13 16:42:28
2021-06-08,XRT,95.4000015258789,96.98999786376952,95.05999755859376,96.62999725341795,3418200,91.23473077952224,0.0,1.0,yahoo,2023-12-13 16:42:28
2021-06-09,XRT,96.93000030517578,96.97000122070312,95.76000213623048,95.88999938964844,2126500,90.53605016483304,0.0,1.0,yahoo,2023-12-13 16:42:28
2021-06-10,XRT,96.13999938964844,96.73999786376952,94.54000091552734,94.86000061035156,2451200,89.56356062738702,0.0,1.0,yahoo,2023-12-13 16:42:28
2021-06-11,XRT,95.12999725341795,96.54000091552734,95.11000061035156,96.5,2421700,91.1119918293538,0.0,1.0,yahoo,2023-12-13 16:42:28
2021-06-14,XRT,96.5199966430664,96.88999938964844,95.36000061035156,95.83000183105467,1826300,90.47940252681879,0.0,1.0,yahoo,2023-12-13 16:42:28
2021-06-15,XRT,95.87999725341795,95.87999725341795,93.3499984741211,94.37000274658205,2988400,89.10092144230755,0.0,1.0,yahoo,2023-12-13 16:42:28
2021-06-16,XRT,94.05999755859376,94.73999786376952,93.13999938964844,94.58000183105467,1946300,89.29919537877015,0.0,1.0,yahoo,2023-12-13 16:42:28
2021-06-17,XRT,94.26000213623048,94.91000366210938,92.41000366210938,93.5,3036000,88.2794946740371,0.0,1.0,yahoo,2023-12-13 16:42:28
2021-06-18,XRT,92.97000122070312,93.08999633789062,91.56999969482422,91.8000030517578,2486900,86.67441583405606,0.0,1.0,yahoo,2023-12-13 16:42:28
2021-06-21,XRT,92.36000061035156,94.02999877929688,92.20999908447266,93.5999984741211,2125000,88.49054766916376,0.121,1.0,yahoo,2023-12-13 16:42:28
2021-06-22,XRT,93.73999786376952,95.5199966430664,93.16000366210938,95.37999725341795,2073200,90.17337960717893,0.0,1.0,yahoo,2023-12-13 16:42:28
2021-06-23,XRT,95.38999938964844,96.72000122070312,95.25,96.3000030517578,2036900,91.04316399052385,0.0,1.0,yahoo,2023-12-13 16:42:28
2021-06-24,XRT,96.62999725341795,97.26000213623048,96.1500015258789,97.06999969482422,1653500,91.77112794094212,0.0,1.0,yahoo,2023-12-13 16:42:28
2021-06-25,XRT,97.5999984741211,98.5500030517578,97.4800033569336,97.54000091552734,2418600,92.21547266426703,0.0,1.0,yahoo,2023-12-13 16:42:28
2021-06-28,XRT,97.86000061035156,97.93000030517578,96.1500015258789,96.9000015258789,1500800,91.61040965763056,0.0,1.0,yahoo,2023-12-13 16:42:28
2021-06-29,XRT,97.02999877929688,97.4000015258789,96.4800033569336,96.5199966430664,1592200,91.25114853855766,0.0,1.0,yahoo,2023-12-13 16:42:28
2021-06-30,XRT,96.4800033569336,97.41000366210938,96.2300033569336,97.2300033569336,3002100,91.92239729906125,0.0,1.0,yahoo,2023-12-13 16:42:28
2021-07-01,XRT,97.56999969482422,98.47000122070312,97.37000274658205,98.18000030517578,2968000,92.8205356709035,0.0,1.0,yahoo,2023-12-13 16:42:28
2021-07-02,XRT,98.45999908447266,98.45999908447266,97.26000213623048,97.66000366210938,2378100,92.32892468285637,0.0,1.0,yahoo,2023-12-13 16:42:28
2021-07-06,XRT,97.63999938964844,97.66000366210938,95.0199966430664,95.98999786376952,2929700,90.75008141239807,0.0,1.0,yahoo,2023-12-13 16:42:28
2021-07-07,XRT,95.77999877929688,96.1500015258789,93.95999908447266,94.73999786376952,2896600,89.56831660054246,0.0,1.0,yahoo,2023-12-13 16:42:28
2021-07-08,XRT,92.91999816894533,95.01000213623048,91.70999908447266,94.29000091552734,2820000,89.14288415344245,0.0,1.0,yahoo,2023-12-13 16:42:28
2021-07-09,XRT,95.66999816894533,97.86000061035156,95.41000366210938,97.86000061035156,2449400,92.51800416758526,0.0,1.0,yahoo,2023-12-13 16:42:28
2021-07-12,XRT,97.51000213623048,98.22000122070312,96.66000366210938,98.06999969482422,2017100,92.71653979042661,0.0,1.0,yahoo,2023-12-13 16:42:28
2021-07-13,XRT,97.63999938964844,97.76000213623048,96.30999755859376,96.47000122070312,2134300,91.20388227383543,0.0,1.0,yahoo,2023-12-13 16:42:28
2021-07-14,XRT,96.8000030517578,97.56999969482422,95.16000366210938,95.25,1512800,90.05047866339716,0.0,1.0,yahoo,2023-12-13 16:42:28
2021-07-15,XRT,94.54000091552734,95.55999755859376,92.86000061035156,93.75,4524200,88.63236088917044,0.0,1.0,yahoo,2023-12-13 16:42:28
2021-07-16,XRT,94.48999786376952,94.83999633789062,92.2300033569336,92.3499984741211,2602600,87.30878285730816,0.0,1.0,yahoo,2023-12-13 16:42:28
2021-07-19,XRT,90.63999938964844,92.3499984741211,89.80999755859375,91.45999908447266,5055900,86.46736688830056,0.0,1.0,yahoo,2023-12-13 16:42:28
2021-07-20,XRT,91.7300033569336,94.97000122070312,91.26000213623048,94.58999633789062,2963500,89.4265033805358,0.0,1.0,yahoo,2023-12-13 16:42:28
2021-07-21,XRT,95.11000061035156,97.04000091552734,94.9800033569336,96.33000183105467,1676600,91.07152519194119,0.0,1.0,yahoo,2023-12-13 16:42:28
2021-07-22,XRT,96.08999633789062,96.31999969482422,94.63999938964844,95.2699966430664,1146200,90.06938372670206,0.0,1.0,yahoo,2023-12-13 16:42:28
2021-07-23,XRT,95.63999938964844,96.11000061035156,94.77999877929688,96.11000061035156,1138900,90.86353343098742,0.0,1.0,yahoo,2023-12-13 16:42:28
2021-07-26,XRT,95.95999908447266,97.22000122070312,95.9000015258789,96.48999786376952,1679700,91.22278733714032,0.0,1.0,yahoo,2023-12-13 16:42:28
2021-07-27,XRT,96.01000213623048,96.01000213623048,93.79000091552734,95.20999908447266,1554800,90.01266132386738,0.0,1.0,yahoo,2023-12-13 16:42:28
2021-07-28,XRT,95.41999816894533,96.5199966430664,94.47000122070312,95.2699966430664,2232700,90.06938372670206,0.0,1.0,yahoo,2023-12-13 16:47:45
2021-07-29,XRT,95.72000122070312,97.0199966430664,95.66999816894533,96.08000183105467,2916600,90.83517222957008,0.0,1.0,yahoo,2023-12-13 16:47:45
2021-07-30,XRT,95.33999633789062,97.02999877929688,94.9499969482422,95.2699966430664,1878200,90.06938372670206,0.0,1.0,yahoo,2023-12-13 16:47:45
2021-08-02,XRT,95.62000274658205,96.45999908447266,95.12999725341795,95.25,2410700,90.05047866339716,0.0,1.0,yahoo,2023-12-13 16:47:45
2021-08-03,XRT,95.5199966430664,96.27999877929688,94.11000061035156,96.16999816894533,2001100,90.9202558338221,0.0,1.0,yahoo,2023-12-13 16:47:45
2021-08-04,XRT,95.5999984741211,95.8000030517578,93.51000213623048,93.5199966430664,3221500,88.41491299010421,0.0,1.0,yahoo,2023-12-13 16:47:45
2021-08-05,XRT,93.6999969482422,95.0500030517578,93.4499969482422,94.6500015258789,2538600,89.48323299629047,0.0,1.0,yahoo,2023-12-13 16:47:45
2021-08-06,XRT,95.4000015258789,96.18000030517578,94.2699966430664,94.98999786376952,2358000,89.80466956291359,0.0,1.0,yahoo,2023-12-13 16:47:45
2021-08-09,XRT,94.7300033569336,95.44000244140624,93.79000091552734,94.91000366210938,2200600,89.72904209677404,0.0,1.0,yahoo,2023-12-13 16:47:45
2021-08-10,XRT,95.0,97.4000015258789,94.73999786376952,97.13999938964844,2923900,91.83730648188924,0.0,1.0,yahoo,2023-12-13 16:47:45
2021-08-11,XRT,97.20999908447266,97.5199966430664,96.2300033569336,97.5199966430664,1644600,92.19656038804214,0.0,1.0,yahoo,2023-12-13 16:47:45
2021-08-12,XRT,97.66999816894533,97.98999786376952,95.73999786376952,96.75,2057000,91.46859643762389,0.0,1.0,yahoo,2023-12-13 16:47:45
2021-08-13,XRT,96.68000030517578,96.81999969482422,95.48999786376952,95.66000366210938,2200700,90.4381009838874,0.0,1.0,yahoo,2023-12-13 16:47:45
2021-08-16,XRT,95.19000244140624,96.06999969482422,94.20999908447266,95.70999908447266,2495500,90.48536724860962,0.0,1.0,yahoo,2023-12-13 16:47:45
2021-08-17,XRT,94.8499984741211,94.9800033569336,92.22000122070312,92.97000122070312,7538900,87.89494080063973,0.0,1.0,yahoo,2023-12-13 16:47:45
2021-08-18,XRT,92.97000122070312,94.0199966430664,92.47000122070312,92.55999755859376,2651500,87.50731848014951,0.0,1.0,yahoo,2023-12-13 16:47:45
2021-08-19,XRT,91.79000091552734,93.62000274658205,91.48999786376952,92.7699966430664,3248800,87.70585410299084,0.0,1.0,yahoo,2023-12-13 16:47:45
2021-08-20,XRT,92.8499984741211,94.43000030517578,92.79000091552734,94.29000091552734,2329100,89.14288415344245,0.0,1.0,yahoo,2023-12-13 16:47:45
2021-08-23,XRT,94.80999755859376,95.5199966430664,94.5500030517578,95.25,2330500,90.05047866339716,0.0,1.0,yahoo,2023-12-13 16:47:45
2021-08-24,XRT,95.76000213623048,97.93000030517578,95.75,97.2699966430664,3218000,91.96020742567103,0.0,1.0,yahoo,2023-12-13 16:47:45
2021-08-25,XRT,97.29000091552734,97.69000244140624,96.69000244140624,97.16000366210938,1947500,91.85621875811412,0.0,1.0,yahoo,2023-12-13 16:47:45
2021-08-26,XRT,96.3000030517578,96.3000030517578,94.76000213623048,95.41999816894533,1927000,90.21119694670874,0.0,1.0,yahoo,2023-12-13 16:47:45
2021-08-27,XRT,95.26000213623048,96.48999786376952,94.7300033569336,96.19000244140624,1635400,90.93916811004696,0.0,1.0,yahoo,2023-12-13 16:47:45
2021-08-30,XRT,96.48999786376952,96.97000122070312,95.6999969482422,96.36000061035156,2010100,91.09988639335855,0.0,1.0,yahoo,2023-12-13 16:47:45
2021-08-31,XRT,96.5,96.76000213623048,94.94000244140624,95.97000122070312,3332300,90.73117634909319,0.0,1.0,yahoo,2023-12-13 16:47:45
2021-09-01,XRT,96.37000274658205,96.91999816894533,95.66999816894533,96.68000030517578,2221700,91.40241789667678,0.0,1.0,yahoo,2023-12-13 16:47:45
2021-09-02,XRT,96.63999938964844,96.98999786376952,95.86000061035156,95.97000122070312,1420000,90.73117634909319,0.0,1.0,yahoo,2023-12-13 16:47:45
2021-09-03,XRT,95.93000030517578,96.1999969482422,95.1999969482422,95.63999938964844,1352800,90.41918870766251,0.0,1.0,yahoo,2023-12-13 16:47:45
2021-09-07,XRT,95.69000244140624,96.11000061035156,94.4000015258789,94.4000015258789,2075700,89.24688003391935,0.0,1.0,yahoo,2023-12-13 16:47:45
2021-09-08,XRT,94.26000213623048,94.4800033569336,92.58999633789062,93.33999633789062,3993100,88.2447385686802,0.0,1.0,yahoo,2023-12-13 16:47:45
2021-09-09,XRT,93.33999633789062,94.87999725341795,92.9499969482422,94.25,1919700,89.10506681391267,0.0,1.0,yahoo,2023-12-13 16:47:45
2021-09-10,XRT,94.63999938964844,94.83000183105467,92.8000030517578,92.8499984741211,3092700,87.7814887820504,0.0,1.0,yahoo,2023-12-13 16:47:45
2021-09-13,XRT,93.3000030517578,93.41000366210938,91.86000061035156,92.5,1805400,87.45059607731483,0.0,1.0,yahoo,2023-12-13 16:47:45
2021-09-14,XRT,92.97000122070312,92.97000122070312,91.26000213623048,91.6500015258789,2248900,86.64699744783702,0.0,1.0,yahoo,2023-12-13 16:47:45
2021-09-15,XRT,91.5999984741211,93.11000061035156,91.13999938964844,92.94000244140624,2054000,87.86657959922239,0.0,1.0,yahoo,2023-12-13 16:47:45
2021-09-16,XRT,93.05999755859376,94.62999725341795,93.02999877929688,94.25,3058400,89.10506681391267,0.0,1.0,yahoo,2023-12-13 16:47:45
2021-09-17,XRT,94.4800033569336,95.13999938964844,94.08000183105467,94.37999725341795,2470700,89.22796775769444,0.0,1.0,yahoo,2023-12-13 16:47:45
2021-09-20,XRT,92.08999633789062,93.30999755859376,91.25,92.5500030517578,2177500,87.67250858965204,0.188,1.0,yahoo,2023-12-13 16:47:45
2021-09-21,XRT,93.1999969482422,93.94000244140624,91.79000091552734,92.3499984741211,1424700,87.4830444894616,0.0,1.0,yahoo,2023-12-13 16:47:45
2021-09-22,XRT,92.95999908447266,95.0199966430664,92.95999908447266,94.20999908447266,2159700,89.24502087099246,0.0,1.0,yahoo,2023-12-13 16:47:45
2021-09-23,XRT,94.61000061035156,96.1500015258789,94.4800033569336,95.3000030517578,1656200,90.27758034191024,0.0,1.0,yahoo,2023-12-13 16:47:45
2021-09-24,XRT,94.5500030517578,95.3499984741211,93.8499984741211,94.95999908447266,1190000,89.95549498524468,0.0,1.0,yahoo,2023-12-13 16:47:45
2021-09-27,XRT,95.06999969482422,96.9499969482422,95.06999969482422,96.62000274658205,2937600,91.52801449390154,0.0,1.0,yahoo,2023-12-13 16:47:45
2021-09-28,XRT,96.08999633789062,96.79000091552734,94.69000244140624,94.76000213623048,1987700,89.76603811237068,0.0,1.0,yahoo,2023-12-13 16:47:45
2021-09-29,XRT,95.2699966430664,96.12999725341795,94.72000122070312,94.81999969482422,1450800,89.8228737287696,0.0,1.0,yahoo,2023-12-13 16:47:45
2021-09-30,XRT,94.0,94.1500015258789,90.23999786376952,90.31999969482422,11910100,85.5600290432562,0.0,1.0,yahoo,2023-12-13 16:47:45
2021-10-01,XRT,90.77999877929688,91.87999725341795,89.2699966430664,91.18000030517578,8324100,86.37470660578407,0.0,1.0,yahoo,2023-12-13 16:47:45
2021-10-04,XRT,90.77999877929688,91.18000030517578,89.7300033569336,90.37000274658205,4453400,85.60739687513292,0.0,1.0,yahoo,2023-12-13 16:47:45
2021-10-05,XRT,90.7300033569336,91.61000061035156,90.08999633789062,90.26000213623048,2887000,85.50319342685728,0.0,1.0,yahoo,2023-12-13 16:47:45
2021-10-06,XRT,89.44000244140625,90.16000366210938,88.75,89.62999725341797,3814800,84.90639054540289,0.0,1.0,yahoo,2023-12-13 16:47:45
2021-10-07,XRT,90.66000366210938,92.38999938964844,90.61000061035156,91.58999633789062,2660100,86.76309536337074,0.0,1.0,yahoo,2023-12-13 16:47:45
2021-10-08,XRT,91.73999786376952,92.0999984741211,90.77999877929688,90.83999633789062,1575900,86.05262124911852,0.0,1.0,yahoo,2023-12-13 16:47:45
2021-10-11,XRT,90.7699966430664,91.19000244140624,89.02999877929688,89.02999877929688,2274700,84.33801269946439,0.0,1.0,yahoo,2023-12-13 16:47:45
2021-10-12,XRT,89.51000213623047,90.19000244140624,89.02999877929688,89.80000305175781,2533500,85.06743683739387,0.0,1.0,yahoo,2023-12-13 16:47:45
2021-10-13,XRT,90.08000183105467,90.70999908447266,89.29000091552734,90.36000061035156,2827200,85.59792186329429,0.0,1.0,yahoo,2023-12-13 16:47:45
2021-10-14,XRT,90.9800033569336,92.08999633789062,90.66000366210938,91.75,2208600,86.9146666435231,0.0,1.0,yahoo,2023-12-13 16:47:45
2021-10-15,XRT,92.9000015258789,93.1999969482422,91.66999816894533,91.66999816894533,2923100,86.83888100344694,0.0,1.0,yahoo,2023-12-13 16:47:45
2021-10-18,XRT,91.41999816894533,93.45999908447266,91.33999633789062,93.43000030517578,2147000,88.50612894854076,0.0,1.0,yahoo,2023-12-13 16:47:45
2021-10-19,XRT,93.66999816894533,93.75,92.45999908447266,92.9800033569336,2366400,88.079847370916,0.0,1.0,yahoo,2023-12-13 16:47:45
2021-10-20,XRT,93.11000061035156,94.37000274658205,92.95999908447266,93.3499984741211,1796400,88.43034330846459,0.0,1.0,yahoo,2023-12-13 16:47:45
2021-10-21,XRT,93.48999786376952,95.12999725341795,93.37999725341795,94.9800033569336,2093200,89.97444500892195,0.0,1.0,yahoo,2023-12-13 16:47:45
2021-10-22,XRT,94.88999938964844,95.1500015258789,93.9499969482422,94.4800033569336,1551600,89.50079559942046,0.0,1.0,yahoo,2023-12-13 16:47:45
2021-10-25,XRT,94.5999984741211,96.22000122070312,94.5500030517578,95.9800033569336,6224600,90.92174382792493,0.0,1.0,yahoo,2023-12-13 16:47:45
2021-10-26,XRT,96.3000030517578,96.5,94.0199966430664,94.06999969482422,1754000,89.11239961451736,0.0,1.0,yahoo,2023-12-13 16:47:45
2021-10-27,XRT,94.18000030517578,94.26000213623048,91.87999725341795,91.91000366210938,2331700,87.06623792367547,0.0,1.0,yahoo,2023-12-13 16:47:45
2021-10-28,XRT,92.41999816894533,93.8499984741211,92.37000274658205,93.54000091552734,1564800,88.6103323968164,0.0,1.0,yahoo,2023-12-13 16:47:45
2021-10-29,XRT,93.58000183105467,94.36000061035156,93.0999984741211,94.29000091552734,2926900,89.32080651106864,0.0,1.0,yahoo,2023-12-13 16:47:45
2021-11-01,XRT,94.5,96.61000061035156,94.5,96.38999938964844,3232100,91.31013258551161,0.0,1.0,yahoo,2023-12-13 16:47:45
2021-11-02,XRT,96.4000015258789,97.16999816894533,95.61000061035156,97.02999877929688,2793700,91.91640325148819,0.0,1.0,yahoo,2023-12-13 16:47:45
2021-11-03,XRT,97.06999969482422,101.06999969482422,97.0199966430664,100.75,6680600,95.44035601454989,0.0,1.0,yahoo,2023-12-13 16:47:45
2021-11-04,XRT,100.8000030517578,101.81999969482422,100.3000030517578,100.6500015258789,3315200,95.34562757811288,0.0,1.0,yahoo,2023-12-13 16:47:45
2021-11-05,XRT,101.83999633789062,102.7300033569336,101.16000366210938,101.69000244140624,3115500,96.33081921715394,0.0,1.0,yahoo,2023-12-13 16:47:45
2021-11-08,XRT,102.2300033569336,102.37000274658205,101.33000183105467,101.54000091552734,1964800,96.18872294884022,0.0,1.0,yahoo,2023-12-13 16:47:45
2021-11-09,XRT,101.52999877929688,102.83999633789062,101.33000183105467,102.47000122070312,1950400,97.06971113960564,0.0,1.0,yahoo,2023-12-13 16:47:45
2021-11-10,XRT,101.68000030517578,102.20999908447266,99.8000030517578,100.43000030517578,1957100,95.1372206815616,0.0,1.0,yahoo,2023-12-13 16:47:45
2021-11-11,XRT,101.18000030517578,102.13999938964844,100.70999908447266,101.63999938964844,2089500,96.28345138527723,0.0,1.0,yahoo,2023-12-13 16:47:45
2021-11-12,XRT,102.23999786376952,102.81999969482422,101.80999755859376,102.45999908447266,2600700,97.06023612776701,0.0,1.0,yahoo,2023-12-13 16:47:45
2021-11-15,XRT,103.41999816894533,103.6999969482422,102.41000366210938,103.06999969482422,2392100,97.63808898554414,0.0,1.0,yahoo,2023-12-13 16:47:45
2021-11-16,XRT,102.91000366210938,104.26000213623048,102.2699966430664,104.16000366210938,2823600,98.67064845646193,0.0,1.0,yahoo,2023-12-13 16:47:45
2021-11-17,XRT,104.16000366210938,104.30999755859376,101.68000030517578,101.7699966430664,3382800,96.4065976299137,0.0,1.0,yahoo,2023-12-13 16:47:45
2021-11-18,XRT,103.29000091552734,103.86000061035156,102.08999633789062,103.66999816894533,4111500,98.20646683148266,0.0,1.0,yahoo,2023-12-13 16:47:45
2021-11-19,XRT,103.27999877929688,103.31999969482422,100.94000244140624,101.0500030517578,3955300,95.72454855117735,0.0,1.0,yahoo,2023-12-13 16:47:45
2021-11-22,XRT,101.94000244140624,103.06999969482422,100.61000061035156,102.5,6133300,97.09812894780511,0.0,1.0,yahoo,2023-12-13 16:47:45
2021-11-23,XRT,101.37999725341795,102.0199966430664,99.1500015258789,100.97000122070312,3597700,95.64876291110117,0.0,1.0,yahoo,2023-12-13 16:47:45
2021-11-24,XRT,99.5999984741211,99.8499984741211,98.31999969482422,99.58000183105467,2826600,94.33201813087234,0.0,1.0,yahoo,2023-12-13 16:47:45
2021-11-26,XRT,97.0999984741211,97.81999969482422,95.87999725341795,97.18000030517578,5487500,92.05849951980193,0.0,1.0,yahoo,2023-12-13 16:47:45
2021-11-29,XRT,98.75,98.79000091552734,95.77999877929688,96.62000274658205,3698000,91.52801449390154,0.0,1.0,yahoo,2023-12-13 16:47:45
2021-11-30,XRT,96.0199966430664,96.08999633789062,92.9000015258789,93.93000030517578,5687000,88.97977835804225,0.0,1.0,yahoo,2023-12-13 16:47:45
2021-12-01,XRT,95.75,96.41000366210938,90.79000091552734,90.8000030517578,5284300,86.01473565639684,0.0,1.0,yahoo,2023-12-13 16:47:45
2021-12-02,XRT,91.22000122070312,92.97000122070312,90.70999908447266,92.55999755859376,3699300,87.68197637417427,0.0,1.0,yahoo,2023-12-13 16:47:45
2021-12-03,XRT,92.83000183105467,93.19000244140624,89.95999908447266,90.95999908447266,4748300,86.16629970923279,0.0,1.0,yahoo,2023-12-13 16:47:45
2021-12-06,XRT,91.75,93.54000091552734,90.79000091552734,92.62999725341795,3534300,87.7482870024118,0.0,1.0,yahoo,2023-12-13 16:47:45
2021-12-07,XRT,93.9800033569336,95.80999755859376,93.9800033569336,94.66000366210938,3434100,89.67130967593366,0.0,1.0,yahoo,2023-12-13 16:47:45
2021-12-08,XRT,94.88999938964844,95.01000213623048,93.83000183105467,94.0500030517578,2512900,89.09345681815651,0.0,1.0,yahoo,2023-12-13 16:47:45
2021-12-09,XRT,93.72000122070312,94.36000061035156,92.4000015258789,92.43000030517578,2460800,87.55883012953778,0.0,1.0,yahoo,2023-12-13 16:47:45
2021-12-10,XRT,92.95999908447266,93.1999969482422,91.04000091552734,92.43000030517578,2886600,87.55883012953778,0.0,1.0,yahoo,2023-12-13 16:47:45
2021-12-13,XRT,92.20999908447266,92.33000183105467,88.72000122070312,89.44000244140625,4774700,84.72640868436748,0.0,1.0,yahoo,2023-12-13 16:47:45
2021-12-14,XRT,88.76000213623047,90.4800033569336,88.3499984741211,89.37000274658203,3657200,84.66009805612994,0.0,1.0,yahoo,2023-12-13 16:47:45
2021-12-15,XRT,89.20999908447266,90.5999984741211,87.25,90.08000183105467,6397600,85.33267935034407,0.0,1.0,yahoo,2023-12-13 16:47:45
2021-12-16,XRT,90.75,91.08999633789062,87.13999938964844,87.54000091552734,5094100,82.92653948279855,0.0,1.0,yahoo,2023-12-13 16:47:45
2021-12-17,XRT,87.19999694824219,88.5199966430664,86.04000091552734,87.98999786376953,11433900,83.35282106042331,0.0,1.0,yahoo,2023-12-13 16:47:45
2021-12-20,XRT,85.61000061035156,85.94999694824219,83.54000091552734,85.1500015258789,5221300,81.5269652600221,0.933,1.0,yahoo,2023-12-13 16:47:45
2021-12-21,XRT,86.12000274658203,87.8499984741211,86.08999633789062,87.7699966430664,3288600,84.03548254801598,0.0,1.0,yahoo,2023-12-13 16:47:45
2021-12-22,XRT,87.70999908447266,88.04000091552734,87.29000091552734,87.91999816894531,1860800,84.17910167861064,0.0,1.0,yahoo,2023-12-13 16:47:45
2021-12-23,XRT,88.2699966430664,89.11000061035156,87.52999877929688,88.77999877929688,3251100,85.00251023559605,0.0,1.0,yahoo,2023-12-13 16:47:45
2021-12-27,XRT,88.83000183105469,89.88999938964844,88.43000030517578,89.76000213623047,2525900,85.94081555801166,0.0,1.0,yahoo,2023-12-13 16:47:45
2021-12-28,XRT,89.51000213623047,90.6999969482422,89.23999786376953,89.33000183105469,2116400,85.52911127951896,0.0,1.0,yahoo,2023-12-13 16:47:45
2021-12-29,XRT,89.44999694824219,90.2300033569336,89.01000213623047,89.8499984741211,2416000,86.026982653505,0.0,1.0,yahoo,2023-12-13 16:47:45
2021-12-30,XRT,89.86000061035156,91.8000030517578,89.86000061035156,90.86000061035156,1894500,86.99401034108506,0.0,1.0,yahoo,2023-12-13 16:47:45
2021-12-31,XRT,90.54000091552734,91.4499969482422,89.97000122070312,90.29000091552734,2820400,86.44826348864333,0.0,1.0,yahoo,2023-12-13 16:47:45
2022-01-03,XRT,91.0,93.01000213623048,90.98999786376952,91.58000183105467,4558800,87.68337632412144,0.0,1.0,yahoo,2023-12-13 16:47:45
2022-01-04,XRT,91.62999725341795,92.22000122070312,90.0999984741211,90.79000091552734,3500000,86.92698905411055,0.0,1.0,yahoo,2023-12-13 16:47:45
2022-01-05,XRT,90.81999969482422,91.3000030517578,87.69000244140625,87.7300033569336,2452900,83.99719093097833,0.0,1.0,yahoo,2023-12-13 16:47:45
2022-01-06,XRT,87.8499984741211,89.16000366210938,86.48999786376953,88.29000091552734,4649600,84.53336122677445,0.0,1.0,yahoo,2023-12-13 16:47:45
2022-01-07,XRT,88.26000213623047,89.16999816894531,86.87999725341797,87.18000030517578,2687900,83.47058988705543,0.0,1.0,yahoo,2023-12-13 16:47:45
2022-01-10,XRT,86.22000122070312,86.5,82.94000244140625,85.73999786376953,5296400,82.09185792098266,0.0,1.0,yahoo,2023-12-13 16:47:45
2022-01-11,XRT,85.88999938964844,87.43000030517578,85.16999816894531,87.18000030517578,4024700,83.47058988705543,0.0,1.0,yahoo,2023-12-13 16:47:45
2022-01-12,XRT,87.61000061035156,88.16999816894531,85.41000366210938,86.16999816894531,3508800,82.50356219947537,0.0,1.0,yahoo,2023-12-13 16:47:45
2022-01-13,XRT,86.72000122070312,87.16000366210938,85.20999908447266,85.41999816894531,4011600,81.78547385127453,0.0,1.0,yahoo,2023-12-13 16:47:45
2022-01-14,XRT,84.37000274658203,85.22000122070312,82.0199966430664,83.62999725341797,8676500,80.0716354503292,0.0,1.0,yahoo,2023-12-13 16:47:45
2022-01-18,XRT,82.69999694824219,83.05000305175781,81.5,81.86000061035156,4819700,78.3769501626751,0.0,1.0,yahoo,2023-12-13 16:47:45
2022-01-19,XRT,82.25,83.0,81.22000122070312,81.26000213623047,4198900,77.80248094506892,0.0,1.0,yahoo,2023-12-13 16:47:45
2022-01-20,XRT,81.7300033569336,83.29000091552734,78.30000305175781,78.54000091552734,4879200,75.19821270016365,0.0,1.0,yahoo,2023-12-13 16:47:45
2022-01-21,XRT,78.0,79.26000213623047,76.54000091552734,77.37999725341797,7940900,74.08756588198894,0.0,1.0,yahoo,2023-12-13 16:47:45
2022-01-24,XRT,76.16999816894531,82.29000091552734,75.62000274658203,82.02999877929688,11475100,78.53971510178857,0.0,1.0,yahoo,2023-12-13 16:47:45
2022-01-25,XRT,80.4000015258789,81.95999908447266,79.27999877929688,80.68000030517578,6409500,77.24715753598156,0.0,1.0,yahoo,2023-12-13 16:47:45
2022-01-26,XRT,82.19999694824219,82.19999694824219,77.87000274658203,78.52999877929688,7117800,75.18863614351802,0.0,1.0,yahoo,2023-12-13 16:47:45
2022-01-27,XRT,79.36000061035156,80.66000366210938,77.52999877929688,77.83999633789062,6973100,74.52799252564608,0.0,1.0,yahoo,2023-12-13 16:47:45
2022-01-28,XRT,77.68000030517578,78.69000244140625,75.66999816894531,78.58000183105469,7491800,75.23651162197372,0.0,1.0,yahoo,2023-12-13 16:47:45
2022-01-31,XRT,78.36000061035156,81.73999786376953,78.33000183105469,81.7300033569336,6047300,78.2524841453717,0.0,1.0,yahoo,2023-12-13 16:47:45
2022-02-01,XRT,81.86000061035156,82.93000030517578,80.5,82.72000122070312,2900200,79.20035871966051,0.0,1.0,yahoo,2023-12-13 16:47:45
2022-02-02,XRT,82.95999908447266,83.13999938964844,79.69000244140625,80.43000030517578,8074100,77.00779475324795,0.0,1.0,yahoo,2023-12-13 16:47:45
2022-02-03,XRT,79.52999877929688,80.62999725341797,78.05999755859375,78.31999969482422,9530400,74.98757228259448,0.0,1.0,yahoo,2023-12-13 16:47:45
2022-02-04,XRT,78.62000274658203,79.19999694824219,76.37999725341797,78.48999786376953,9779200,75.15033722170796,0.0,1.0,yahoo,2023-12-13 16:47:45
2022-02-07,XRT,78.9800033569336,80.01000213623047,78.0199966430664,78.88999938964844,3049800,75.53331913503622,0.0,1.0,yahoo,2023-12-13 16:47:45
2022-02-08,XRT,78.83000183105469,81.51000213623047,78.62000274658203,81.13999938964844,4148900,77.68758417963872,0.0,1.0,yahoo,2023-12-13 16:47:45
2022-02-09,XRT,81.97000122070312,82.91000366210938,81.80000305175781,82.80999755859375,3701800,79.28652581515385,0.0,1.0,yahoo,2023-12-13 16:47:45
2022-02-10,XRT,81.4000015258789,83.55999755859375,80.5199966430664,81.0199966430664,4863700,77.5726874142085,0.0,1.0,yahoo,2023-12-13 16:47:45
2022-02-11,XRT,81.19000244140625,81.69999694824219,79.01000213623047,79.44000244140625,6052700,76.05992017895913,0.0,1.0,yahoo,2023-12-13 16:47:45
2022-02-14,XRT,79.4000015258789,80.13999938964844,78.41999816894531,78.98999786376953,3928500,75.62906278717519,0.0,1.0,yahoo,2023-12-13 16:47:45
2022-02-15,XRT,79.86000061035156,81.80000305175781,79.86000061035156,81.66000366210938,4136800,78.18546285839717,0.0,1.0,yahoo,2023-12-13 16:47:45
2022-02-16,XRT,81.1500015258789,81.45999908447266,79.79000091552734,80.6500015258789,4789700,77.21843517081712,0.0,1.0,yahoo,2023-12-13 16:47:45
2022-02-17,XRT,80.2699966430664,80.69999694824219,78.27999877929688,78.52999877929688,3945600,75.18863614351802,0.0,1.0,yahoo,2023-12-13 16:47:45
2022-02-18,XRT,78.23999786376953,79.70999908447266,77.51000213623047,77.91999816894531,3939800,74.60459036926623,0.0,1.0,yahoo,2023-12-13 16:47:45
2022-02-22,XRT,77.3499984741211,78.25,74.54000091552734,74.8499984741211,9016100,71.66521568948839,0.0,1.0,yahoo,2023-12-13 16:47:45
2022-02-23,XRT,75.55999755859375,75.68000030517578,72.9800033569336,73.05999755859375,7965800,69.95137728854306,0.0,1.0,yahoo,2023-12-13 16:47:45
2022-02-24,XRT,70.2699966430664,76.18000030517578,69.9800033569336,75.93000030517578,9985200,72.69926466404297,0.0,1.0,yahoo,2023-12-13 16:47:45
2022-02-25,XRT,75.7300033569336,77.3499984741211,74.33999633789062,77.26000213623047,7369100,73.97267642133116,0.0,1.0,yahoo,2023-12-13 16:47:45
2022-02-28,XRT,76.19999694824219,77.80000305175781,75.97000122070312,77.23999786376953,9210100,73.9535233080399,0.0,1.0,yahoo,2023-12-13 16:47:45
2022-03-01,XRT,77.45999908447266,77.73999786376953,74.72000122070312,75.2699966430664,8683000,72.06734341133547,0.0,1.0,yahoo,2023-12-13 16:47:45
2022-03-02,XRT,75.62999725341797,78.58999633789062,75.41999816894531,77.9800033569336,7502400,74.66204240436754,0.0,1.0,yahoo,2023-12-13 16:47:45
2022-03-03,XRT,77.9800033569336,78.26000213623047,76.04000091552734,77.0,6518600,73.72373708195192,0.0,1.0,yahoo,2023-12-13 16:47:45
2022-03-04,XRT,76.5,76.79000091552734,74.48999786376953,75.4800033569336,7411400,72.26841457703144,0.0,1.0,yahoo,2023-12-13 16:47:45
2022-03-07,XRT,75.48999786376953,76.06999969482422,72.08000183105469,72.1500015258789,13076400,69.08010055787437,0.0,1.0,yahoo,2023-12-13 16:47:45
2022-03-08,XRT,72.62999725341797,76.25,71.97000122070312,73.76000213623047,9144500,70.62159746306061,0.0,1.0,yahoo,2023-12-13 16:47:45
2022-03-09,XRT,75.62000274658203,76.19999694824219,75.0,75.20999908447266,4772900,72.00989868100659,0.0,1.0,yahoo,2023-12-13 16:47:45
2022-03-10,XRT,74.12999725341797,75.33000183105469,73.51000213623047,75.23999786376953,5693800,72.03862104617103,0.0,1.0,yahoo,2023-12-13 16:47:45
2022-03-11,XRT,75.63999938964844,75.68000030517578,73.16999816894531,73.2300033569336,6787300,70.11414953242895,0.0,1.0,yahoo,2023-12-13 16:47:45
2022-03-14,XRT,73.5199966430664,74.3499984741211,72.0999984741211,72.4000015258789,5852900,69.31946334060798,0.0,1.0,yahoo,2023-12-13 16:47:45
2022-03-15,XRT,72.69999694824219,74.68000030517578,72.69999694824219,74.52999877929688,6217600,71.35883161978026,0.0,1.0,yahoo,2023-12-13 16:47:45
2022-03-16,XRT,75.47000122070312,77.63999938964844,75.01000213623047,77.41999816894531,9414300,74.125864803799,0.0,1.0,yahoo,2023-12-13 16:47:45
2022-03-17,XRT,76.94000244140625,78.73999786376953,76.33000183105469,78.56999969482422,5336700,75.22693506532809,0.0,1.0,yahoo,2023-12-13 16:47:45
2022-03-18,XRT,78.13999938964844,79.66000366210938,77.9800033569336,79.5999984741211,5514400,76.21310856142698,0.0,1.0,yahoo,2023-12-13 16:47:45
2022-03-21,XRT,79.4800033569336,79.94000244140625,77.11000061035156,77.68000030517578,5711000,74.46273752837727,0.094,1.0,yahoo,2023-12-13 16:47:45
2022-03-22,XRT,78.2699966430664,79.7300033569336,78.2300033569336,79.44000244140625,4252700,76.14984587807665,0.0,1.0,yahoo,2023-12-13 16:47:45
2022-03-23,XRT,78.91999816894531,79.37999725341797,77.61000061035156,77.72000122070312,5725200,74.50108173103054,0.0,1.0,yahoo,2023-12-13 16:47:45
2022-03-24,XRT,78.11000061035156,78.63999938964844,77.01000213623047,78.52999877929688,3112800,75.2775317228848,0.0,1.0,yahoo,2023-12-13 16:47:45
2022-03-25,XRT,78.69000244140625,78.88999938964844,76.94999694824219,77.5,4557300,74.29019227314201,0.0,1.0,yahoo,2023-12-13 16:47:45
2022-03-28,XRT,77.52999877929688,78.31999969482422,76.37999725341797,78.22000122070312,4841100,74.98037329408307,0.0,1.0,yahoo,2023-12-13 16:47:45
2022-03-29,XRT,79.44999694824219,81.93000030517578,79.08999633789062,81.48999786376953,7153200,78.1149368985467,0.0,1.0,yahoo,2023-12-13 16:47:45
2022-03-30,XRT,80.55999755859375,80.63999938964844,77.62000274658203,77.87999725341797,6239400,74.65445122823473,0.0,1.0,yahoo,2023-12-13 16:47:45
2022-03-31,XRT,77.72000122070312,77.72000122070312,75.5,75.54000091552734,6946800,72.41137022358515,0.0,1.0,yahoo,2023-12-13 16:47:45
2022-04-01,XRT,76.05999755859375,76.30000305175781,74.87000274658203,75.3499984741211,4778600,72.22923708933436,0.0,1.0,yahoo,2023-12-13 16:47:45
2022-04-04,XRT,75.69999694824219,77.70999908447266,75.2699966430664,77.31999969482422,3900500,74.11764701790673,0.0,1.0,yahoo,2023-12-13 16:47:45
2022-04-05,XRT,77.05000305175781,77.83000183105469,75.51000213623047,75.83999633789062,4041600,72.69894077337136,0.0,1.0,yahoo,2023-12-13 16:47:45
2022-04-06,XRT,74.8499984741211,75.0999984741211,73.22000122070312,74.58999633789062,5070400,71.50071186574003,0.0,1.0,yahoo,2023-12-13 16:47:45
2022-04-07,XRT,74.30999755859375,75.30999755859375,72.9000015258789,74.98999786376953,5450800,71.88414657886383,0.0,1.0,yahoo,2023-12-13 16:47:45
2022-04-08,XRT,74.9000015258789,77.01000213623047,74.37999725341797,75.87999725341797,5805900,72.73728497602463,0.0,1.0,yahoo,2023-12-13 16:47:45
2022-04-11,XRT,75.4000015258789,77.8499984741211,75.16000366210938,76.08999633789062,3928100,72.93858655489763,0.0,1.0,yahoo,2023-12-13 16:47:45
2022-04-12,XRT,77.33999633789062,78.69999694824219,75.31999969482422,75.48999786376953,5620400,72.36343814191636,0.0,1.0,yahoo,2023-12-13 16:47:45
2022-04-13,XRT,75.7300033569336,77.44000244140625,75.30999755859375,77.16000366210938,5210500,73.96427752070254,0.0,1.0,yahoo,2023-12-13 16:47:45
2022-04-14,XRT,77.44000244140625,78.19000244140625,76.36000061035156,76.4800033569336,5718800,73.31244070241475,0.0,1.0,yahoo,2023-12-13 16:47:45
2022-04-18,XRT,76.18000030517578,76.5,75.16999816894531,75.81999969482422,4312500,72.67977232874915,0.0,1.0,yahoo,2023-12-13 16:47:45
2022-04-19,XRT,76.0199966430664,79.11000061035156,75.88999938964844,78.66000366210938,5449800,75.40215220986012,0.0,1.0,yahoo,2023-12-13 16:47:45
2022-04-20,XRT,78.93000030517578,79.27999877929688,77.55000305175781,77.61000061035156,3719800,74.39563700208627,0.0,1.0,yahoo,2023-12-13 16:47:45
2022-04-21,XRT,78.41999816894531,78.68000030517578,75.47000122070312,76.02999877929688,7399800,72.88107390762215,0.0,1.0,yahoo,2023-12-13 16:47:45
2022-04-22,XRT,75.12000274658203,75.38999938964844,72.79000091552734,73.04000091552734,5659000,70.01491240832252,0.0,1.0,yahoo,2023-12-13 16:47:45
2022-04-25,XRT,72.30999755859375,74.23999786376953,71.9000015258789,74.13999938964844,6511000,71.0693523843563,0.0,1.0,yahoo,2023-12-13 16:47:45
2022-04-26,XRT,73.38999938964844,73.66000366210938,71.61000061035156,71.70999908447266,5139600,68.73999509538466,0.0,1.0,yahoo,2023-12-13 16:47:45
2022-04-27,XRT,71.73999786376953,72.83999633789062,70.69000244140625,71.45999908447266,5475900,68.5003493138584,0.0,1.0,yahoo,2023-12-13 16:47:45
2022-04-28,XRT,72.11000061035156,73.43000030517578,70.20999908447266,72.8499984741211,5808500,69.83277927407171,0.0,1.0,yahoo,2023-12-13 16:47:45
2022-04-29,XRT,72.20999908447266,72.9800033569336,70.06999969482422,70.2699966430664,8724500,67.35963305350253,0.0,1.0,yahoo,2023-12-13 16:47:45
2022-05-02,XRT,70.37000274658203,72.41999816894531,69.70999908447266,72.38999938964844,6348500,69.39183191367245,0.0,1.0,yahoo,2023-12-13 16:47:45
2022-05-03,XRT,72.5,73.11000061035156,71.5999984741211,72.7300033569336,3812500,69.71775397952078,0.0,1.0,yahoo,2023-12-13 16:47:45
2022-05-04,XRT,72.66999816894531,74.7699966430664,70.95999908447266,74.63999938964844,10744100,71.54864394740883,0.0,1.0,yahoo,2023-12-13 16:47:45
2022-05-05,XRT,73.36000061035156,73.4000015258789,70.0999984741211,71.18000030517578,9480800,68.2319472086944,0.0,1.0,yahoo,2023-12-13 16:47:45
2022-05-06,XRT,70.52999877929688,70.94999694824219,68.11000061035156,69.44999694824219,8658000,66.57359518263274,0.0,1.0,yahoo,2023-12-13 16:47:45
2022-05-09,XRT,68.0,68.87000274658203,66.72000122070312,67.0999984741211,7886200,64.32092629896763,0.0,1.0,yahoo,2023-12-13 16:47:45
2022-05-10,XRT,68.0999984741211,68.83999633789062,64.56999969482422,65.98999786376953,6609700,63.2568984439183,0.0,1.0,yahoo,2023-12-13 16:47:45
2022-05-11,XRT,66.12999725341797,67.19000244140625,63.27000045776367,63.40999984741211,9831500,60.78375588005356,0.0,1.0,yahoo,2023-12-13 16:47:45
2022-05-12,XRT,63.119998931884766,66.87999725341797,62.88999938964844,65.54000091552734,10014700,62.82553896253457,0.0,1.0,yahoo,2023-12-13 16:47:45
2022-05-13,XRT,66.73999786376953,68.22000122070312,66.66999816894531,67.72000122070312,6050100,64.91525046997995,0.0,1.0,yahoo,2023-12-13 16:47:45
2022-05-16,XRT,67.37999725341797,68.06999969482422,66.5199966430664,66.91999816894531,4996300,64.14838104373237,0.0,1.0,yahoo,2023-12-13 16:47:45
2022-05-17,XRT,67.72000122070312,68.66000366210938,66.33000183105469,68.4000015258789,5713000,65.56708728826774,0.0,1.0,yahoo,2023-12-13 16:47:45
2022-05-18,XRT,65.70999908447266,66.11000061035156,62.04999923706055,62.72999954223633,11101800,60.131919061765764,0.0,1.0,yahoo,2023-12-13 16:47:45
2022-05-19,XRT,62.02999877929688,63.9900016784668,61.310001373291016,62.68999862670898,8503000,60.09357485911249,0.0,1.0,yahoo,2023-12-13 16:47:45
2022-05-20,XRT,63.22999954223633,63.310001373291016,59.2599983215332,61.33000183105469,11372800,58.78990487924134,0.0,1.0,yahoo,2023-12-13 16:47:45
2022-05-23,XRT,61.68000030517578,61.790000915527344,60.09000015258789,61.18000030517578,4519500,58.646115947643814,0.0,1.0,yahoo,2023-12-13 16:47:45
2022-05-24,XRT,60.060001373291016,60.13999938964844,58.0,59.16999816894531,7484500,56.719361816418164,0.0,1.0,yahoo,2023-12-13 16:47:45
2022-05-25,XRT,58.90999984741211,63.61000061035156,58.68999862670898,63.2400016784668,12926600,60.620798503833825,0.0,1.0,yahoo,2023-12-13 16:47:45
2022-05-26,XRT,64.61000061035156,66.87000274658203,64.5,66.26000213623047,8828000,63.515719983475634,0.0,1.0,yahoo,2023-12-13 16:47:45
2022-05-27,XRT,66.27999877929688,67.58999633789062,66.16999816894531,67.51000213623047,5751500,64.71394889110695,0.0,1.0,yahoo,2023-12-13 16:47:45
2022-05-31,XRT,67.05999755859375,67.25,65.58999633789062,66.16000366210938,7849300,63.4198631335469,0.0,1.0,yahoo,2023-12-13 16:47:45
2022-06-01,XRT,66.6500015258789,67.05000305175781,64.43000030517578,64.91999816894531,4940200,62.23121479152225,0.0,1.0,yahoo,2023-12-13 16:47:45
2022-06-02,XRT,65.27999877929688,67.12999725341797,64.9000015258789,66.95999908447266,5439200,64.18672524638563,0.0,1.0,yahoo,2023-12-13 16:47:45
2022-06-03,XRT,66.19999694824219,66.76000213623047,65.44000244140625,65.83000183105469,4755100,63.10352894671411,0.0,1.0,yahoo,2023-12-13 16:47:45
2022-06-06,XRT,66.55000305175781,66.73999786376953,65.27999877929688,66.26000213623047,4905600,63.515719983475634,0.0,1.0,yahoo,2023-12-13 16:47:45
2022-06-07,XRT,65.01000213623047,66.8499984741211,64.55999755859375,66.68000030517578,5717800,63.918323141221634,0.0,1.0,yahoo,2023-12-13 16:47:45
2022-06-08,XRT,66.33000183105469,67.56999969482422,65.7699966430664,66.62000274658203,3351500,63.86081049394616,0.0,1.0,yahoo,2023-12-13 16:47:45
2022-06-09,XRT,66.4000015258789,67.05000305175781,65.8499984741211,65.8499984741211,4132700,63.12269739133631,0.0,1.0,yahoo,2023-12-13 16:47:45
2022-06-10,XRT,64.56999969482422,65.22000122070312,63.40999984741211,63.56999969482422,7250500,60.937129033962194,0.0,1.0,yahoo,2023-12-13 16:47:45
2022-06-13,XRT,61.61000061035156,62.459999084472656,60.27999877929688,60.869998931884766,6596100,58.34895386213765,0.0,1.0,yahoo,2023-12-13 16:47:45
2022-06-14,XRT,61.56999969482422,62.2599983215332,60.83000183105469,61.34999847412109,4298700,58.80907332386354,0.0,1.0,yahoo,2023-12-13 16:47:45
2022-06-15,XRT,61.970001220703125,63.45000076293945,61.47999954223633,62.58000183105469,4445300,59.988133786872666,0.0,1.0,yahoo,2023-12-13 16:47:45
2022-06-16,XRT,60.66999816894531,61.04999923706055,58.95000076293945,59.36000061035156,5700400,56.90149495066896,0.0,1.0,yahoo,2023-12-13 16:47:45
2022-06-17,XRT,59.7599983215332,61.02999877929688,59.20000076293945,60.4900016784668,9164400,57.98469490704492,0.0,1.0,yahoo,2023-12-13 16:47:45
2022-06-21,XRT,61.38999938964844,62.34000015258789,60.810001373291016,61.0099983215332,5871700,58.79222961298644,0.318,1.0,yahoo,2023-12-13 16:47:45
2022-06-22,XRT,60.27999877929688,61.7599983215332,60.04999923706055,60.720001220703125,3927100,58.51277416948277,0.0,1.0,yahoo,2023-12-13 16:47:45
2022-06-23,XRT,61.18000030517578,62.369998931884766,60.650001525878906,62.2599983215332,6077800,59.996790980599116,0.0,1.0,yahoo,2023-12-13 16:47:45
2022-06-24,XRT,62.77000045776367,64.69999694824219,62.54999923706055,64.56999969482422,8541700,62.222821711317984,0.0,1.0,yahoo,2023-12-13 16:47:45
2022-06-27,XRT,64.83999633789062,65.30999755859375,63.220001220703125,63.5099983215332,4029200,61.20135234821179,0.0,1.0,yahoo,2023-12-13 16:47:45
2022-06-28,XRT,63.75,64.41999816894531,61.08000183105469,61.18999862670898,6928900,58.965686744005026,0.0,1.0,yahoo,2023-12-13 16:47:45
2022-06-29,XRT,60.880001068115234,60.97999954223633,59.29999923706055,59.77999877929688,5364000,57.60694166837912,0.0,1.0,yahoo,2023-12-13 16:47:45
2022-06-30,XRT,59.02000045776367,59.2400016784668,57.34999847412109,58.15999984741211,6693700,56.04583116524137,0.0,1.0,yahoo,2023-12-13 16:47:45
2022-07-01,XRT,57.9900016784668,59.04999923706055,57.380001068115234,58.72999954223633,4131800,56.59511085479038,0.0,1.0,yahoo,2023-12-13 16:47:45
2022-07-05,XRT,57.970001220703125,60.93999862670898,57.630001068115234,60.900001525878906,6890800,58.686231300501355,0.0,1.0,yahoo,2023-12-13 16:47:45
2022-07-06,XRT,60.47999954223633,61.34000015258789,59.0,59.470001220703125,4433600,57.30821280187009,0.0,1.0,yahoo,2023-12-13 16:47:45
2022-07-07,XRT,59.900001525878906,61.810001373291016,59.650001525878906,61.66999816894531,3844800,59.42823786804475,0.0,1.0,yahoo,2023-12-13 16:47:45
2022-07-08,XRT,61.209999084472656,62.130001068115234,60.369998931884766,61.22999954223633,4212700,59.00423359001573,0.0,1.0,yahoo,2023-12-13 16:47:45
2022-07-11,XRT,61.02999877929688,61.29999923706055,59.68999862670898,59.84999847412109,5171200,57.67439681088305,0.0,1.0,yahoo,2023-12-13 16:47:45
2022-07-12,XRT,59.86000061035156,60.83000183105469,59.470001220703125,59.84000015258789,2895000,57.66476193739516,0.0,1.0,yahoo,2023-12-13 16:47:45
2022-07-13,XRT,59.0,60.29999923706055,58.70000076293945,59.83000183105469,4889500,57.65512706390727,0.0,1.0,yahoo,2023-12-13 16:47:45
2022-07-14,XRT,59.040000915527344,59.33000183105469,58.310001373291016,59.06999969482422,5162600,56.922751693822214,0.0,1.0,yahoo,2023-12-13 16:47:45
2022-07-15,XRT,60.0099983215332,60.4900016784668,59.2599983215332,60.4900016784668,4554200,58.29113531896558,0.0,1.0,yahoo,2023-12-13 16:47:45
2022-07-18,XRT,61.22999954223633,62.880001068115234,61.22999954223633,61.5099983215332,5426300,59.27405416003151,0.0,1.0,yahoo,2023-12-13 16:47:45
2022-07-19,XRT,62.29999923706055,63.77999877929688,62.040000915527344,63.56999969482422,5937500,61.25917261722784,0.0,1.0,yahoo,2023-12-13 16:47:45
2022-07-20,XRT,63.380001068115234,64.83999633789062,62.7400016784668,64.76000213623047,5005200,62.40591739185403,0.0,1.0,yahoo,2023-12-13 16:47:45
2022-07-21,XRT,64.51000213623047,64.87000274658203,63.310001373291016,64.87000274658203,3439000,62.511919380368674,0.0,1.0,yahoo,2023-12-13 16:47:45
2022-07-22,XRT,64.62999725341797,66.04000091552734,63.2599983215332,63.7599983215332,5181400,61.442264621734324,0.0,1.0,yahoo,2023-12-13 16:47:45
2022-07-25,XRT,64.01000213623047,64.01000213623047,62.63999938964844,62.93999862670898,3258200,60.65207265866277,0.0,1.0,yahoo,2023-12-13 16:47:45
2022-07-26,XRT,61.08000183105469,61.08000183105469,60.13999938964844,60.31999969482422,4527800,58.12731306143488,0.0,1.0,yahoo,2023-12-13 16:47:45
2022-07-27,XRT,61.09000015258789,62.18000030517578,59.84999847412109,61.880001068115234,4511600,59.63060697158615,0.0,1.0,yahoo,2023-12-13 16:47:45
2022-07-28,XRT,62.06999969482422,63.220001220703125,60.720001220703125,63.11000061035156,4710500,60.81589491619347,0.0,1.0,yahoo,2023-12-13 16:47:45
2022-07-29,XRT,63.130001068115234,63.7400016784668,62.40999984741211,63.61000061035156,3300400,61.29771946323854,0.0,1.0,yahoo,2023-12-13 16:47:45
2022-08-01,XRT,63.310001373291016,65.4000015258789,62.91999816894531,65.08999633789062,5271600,62.723916005338836,0.0,1.0,yahoo,2023-12-13 16:47:45
2022-08-02,XRT,64.83999633789062,65.33000183105469,63.97999954223633,64.45999908447266,3120300,62.116819722803335,0.0,1.0,yahoo,2023-12-13 16:47:45
2022-08-03,XRT,65.19999694824219,66.70999908447266,64.9800033569336,66.30999755859375,3698400,63.89956907645827,0.0,1.0,yahoo,2023-12-13 16:47:45
2022-08-04,XRT,66.4000015258789,67.19999694824219,66.05999755859375,66.20999908447266,3845300,63.80320563746108,0.0,1.0,yahoo,2023-12-13 16:47:45
2022-08-05,XRT,65.4000015258789,67.29000091552734,65.12999725341797,66.91000366210938,3768500,64.47776441455966,0.0,1.0,yahoo,2023-12-13 16:47:45
2022-08-08,XRT,67.5,70.87999725341797,67.5,69.31999969482422,7948300,66.80015490824614,0.0,1.0,yahoo,2023-12-13 16:47:45
2022-08-09,XRT,68.5999984741211,69.01000213623047,66.3499984741211,66.66000366210938,4410600,64.23685214103712,0.0,1.0,yahoo,2023-12-13 16:47:45
2022-08-10,XRT,68.66999816894531,69.55999755859375,68.06999969482422,68.88999938964844,3916400,66.38578550370502,0.0,1.0,yahoo,2023-12-13 16:47:45
2022-08-11,XRT,70.0,71.88999938964844,69.94000244140625,70.2300033569336,5471200,67.67707911285656,0.0,1.0,yahoo,2023-12-13 16:47:45
2022-08-12,XRT,70.77999877929688,71.43000030517578,69.77999877929688,71.41999816894531,3258600,68.82381653542362,0.0,1.0,yahoo,2023-12-13 16:47:45
2022-08-15,XRT,70.98999786376953,71.6500015258789,70.72000122070312,71.4800033569336,2711100,68.88164048046923,0.0,1.0,yahoo,2023-12-13 16:47:45
2022-08-16,XRT,71.8499984741211,75.79000091552734,71.52999877929688,74.3499984741211,7422200,71.64730867519009,0.0,1.0,yahoo,2023-12-13 16:47:45
2022-08-17,XRT,73.1500015258789,73.48999786376953,71.72000122070312,72.2300033569336,5286500,69.60437730103683,0.0,1.0,yahoo,2023-12-13 16:47:45
2022-08-18,XRT,71.98999786376953,72.06999969482422,70.94999694824219,71.72000122070312,3019400,69.11291420447431,0.0,1.0,yahoo,2023-12-13 16:47:45
2022-08-19,XRT,70.80000305175781,71.13999938964844,69.02999877929688,69.41999816894531,5854000,66.89651834724333,0.0,1.0,yahoo,2023-12-13 16:47:45
2022-08-22,XRT,68.18000030517578,68.30000305175781,67.05999755859375,67.2300033569336,7351600,64.78613183058613,0.0,1.0,yahoo,2023-12-13 16:47:45
2022-08-23,XRT,67.69999694824219,68.66000366210938,67.26000213623047,67.3499984741211,3073700,64.90176501655911,0.0,1.0,yahoo,2023-12-13 16:47:45
2022-08-24,XRT,66.87999725341797,67.55000305175781,66.1500015258789,66.62999725341797,3465700,64.20793649248475,0.0,1.0,yahoo,2023-12-13 16:47:45
2022-08-25,XRT,66.52999877929688,68.3499984741211,66.06999969482422,67.91000366210938,2921800,65.4414135086498,0.0,1.0,yahoo,2023-12-13 16:47:45
2022-08-26,XRT,68.16999816894531,68.45999908447266,65.47000122070312,65.55000305175781,4719800,63.16720105843233,0.0,1.0,yahoo,2023-12-13 16:47:45
2022-08-29,XRT,64.97000122070312,65.91999816894531,64.5199966430664,65.27999877929688,5310600,62.907011685874885,0.0,1.0,yahoo,2023-12-13 16:47:45
2022-08-30,XRT,66.01000213623047,66.26000213623047,64.1500015258789,64.56999969482422,5267400,62.222821711317984,0.0,1.0,yahoo,2023-12-13 16:47:45
2022-08-31,XRT,64.94999694824219,64.94999694824219,63.27999877929688,63.41999816894531,6930200,61.114623782702495,0.0,1.0,yahoo,2023-12-13 16:47:45
2022-09-01,XRT,62.7599983215332,63.36000061035156,61.95000076293945,63.27000045776367,5025000,60.970078624206714,0.0,1.0,yahoo,2023-12-13 16:47:45
2022-09-02,XRT,64.22000122070312,64.22000122070312,62.310001373291016,62.70000076293945,5133100,60.4207989346577,0.0,1.0,yahoo,2023-12-13 16:47:45
2022-09-06,XRT,63.0,63.22999954223633,61.470001220703125,62.369998931884766,4694700,60.10279296911376,0.0,1.0,yahoo,2023-12-13 16:47:45
2022-09-07,XRT,62.369998931884766,64.55999755859375,62.27000045776367,64.38999938964844,4963300,62.04936458029939,0.0,1.0,yahoo,2023-12-13 16:47:45
2022-09-08,XRT,63.5099983215332,64.30000305175781,62.81999969482422,64.25,3980800,61.9144542952915,0.0,1.0,yahoo,2023-12-13 16:47:45
2022-09-09,XRT,64.56999969482422,66.12000274658203,64.41999816894531,66.01000213623047,3765400,63.6104787594667,0.0,1.0,yahoo,2023-12-13 16:47:45
2022-09-12,XRT,66.58000183105469,67.75,66.33999633789062,67.1500015258789,3913400,64.70903813856474,0.0,1.0,yahoo,2023-12-13 16:47:45
2022-09-13,XRT,64.87000274658203,65.23999786376953,63.0099983215332,63.27000045776367,4620800,60.970078624206714,0.0,1.0,yahoo,2023-12-13 16:47:45
2022-09-14,XRT,63.540000915527344,63.54999923706055,62.02000045776367,63.16999816894531,5696200,60.87371150917996,0.0,1.0,yahoo,2023-12-13 16:47:45
2022-09-15,XRT,63.04999923706055,64.61000061035156,62.84999847412109,63.40999984741211,6180900,61.104988909214605,0.0,1.0,yahoo,2023-12-13 16:47:45
2022-09-16,XRT,62.56999969482422,63.220001220703125,61.880001068115234,62.4900016784668,6201600,60.21843350714586,0.0,1.0,yahoo,2023-12-13 16:47:45
2022-09-19,XRT,61.61000061035156,62.97999954223633,61.52999877929688,62.93000030517578,3842200,60.97713383805819,0.343,1.0,yahoo,2023-12-13 16:47:45
2022-09-20,XRT,62.36000061035156,62.36000061035156,60.65999984741211,61.290000915527344,3769000,59.38802750098573,0.0,1.0,yahoo,2023-12-13 16:47:45
2022-09-21,XRT,61.68999862670898,62.86000061035156,60.619998931884766,60.619998931884766,4279200,58.73881726055645,0.0,1.0,yahoo,2023-12-13 16:47:45
2022-09-22,XRT,60.56999969482422,60.68000030517578,58.869998931884766,59.06999969482422,4348900,57.23691815887544,0.0,1.0,yahoo,2023-12-13 16:47:45
2022-09-23,XRT,58.2599983215332,58.619998931884766,57.31999969482422,58.380001068115234,4600300,56.56833181841979,0.0,1.0,yahoo,2023-12-13 16:47:45
2022-09-26,XRT,58.47999954223633,59.47999954223633,57.369998931884766,57.470001220703125,3324700,55.686571414492114,0.0,1.0,yahoo,2023-12-13 16:47:45
2022-09-27,XRT,58.310001373291016,59.0,57.34000015258789,58.09999847412109,3674600,56.297018365914056,0.0,1.0,yahoo,2023-12-13 16:47:45
2022-09-28,XRT,58.290000915527344,60.459999084472656,58.209999084472656,60.09999847412109,5919700,58.23495364455231,0.0,1.0,yahoo,2023-12-13 16:47:45
2022-09-29,XRT,58.84000015258789,58.90999984741211,56.790000915527344,57.31999969482422,5657000,55.54122479006697,0.0,1.0,yahoo,2023-12-13 16:47:45
2022-09-30,XRT,56.59000015258789,57.970001220703125,55.31999969482422,56.43999862670898,7558000,54.68853223249703,0.0,1.0,yahoo,2023-12-13 16:47:45
2022-10-03,XRT,57.18999862670898,58.34999847412109,56.18999862670898,57.810001373291016,4631700,56.01602055971335,0.0,1.0,yahoo,2023-12-13 16:47:45
2022-10-04,XRT,59.34999847412109,60.5099983215332,59.33000183105469,60.470001220703125,5737600,58.5934743324495,0.0,1.0,yahoo,2023-12-13 16:47:45
2022-10-05,XRT,59.310001373291016,60.43000030517578,58.65999984741211,60.0099983215332,3749100,58.14774640916087,0.0,1.0,yahoo,2023-12-13 16:47:45
2022-10-06,XRT,59.959999084472656,60.869998931884766,59.31999969482422,59.619998931884766,3285200,57.76984962123732,0.0,1.0,yahoo,2023-12-13 16:47:45
2022-10-07,XRT,58.810001373291016,59.04999923706055,57.72999954223633,58.2599983215332,4143800,56.452053040352396,0.0,1.0,yahoo,2023-12-13 16:47:45
2022-10-10,XRT,58.400001525878906,58.68000030517578,57.2400016784668,57.9900016784668,2619800,56.190435030496246,0.0,1.0,yahoo,2023-12-13 16:47:45
2022-10-11,XRT,57.93999862670898,59.86000061035156,57.27000045776367,58.630001068115234,4476300,56.81057372824958,0.0,1.0,yahoo,2023-12-13 16:47:45
2022-10-12,XRT,58.65999984741211,59.0,58.02000045776367,58.47999954223633,3506300,56.66522710382443,0.0,1.0,yahoo,2023-12-13 16:47:45
2022-10-13,XRT,57.220001220703125,59.68999862670898,56.27999877929688,59.22999954223633,7036300,57.39195283331377,0.0,1.0,yahoo,2023-12-13 16:47:45
2022-10-14,XRT,59.7400016784668,60.13999938964844,57.33000183105469,57.33000183105469,4166900,55.550916536398354,0.0,1.0,yahoo,2023-12-13 16:47:45
2022-10-17,XRT,58.59999847412109,59.290000915527344,58.58000183105469,58.959999084472656,3876900,57.13033112713942,0.0,1.0,yahoo,2023-12-13 16:47:45
2022-10-18,XRT,60.40999984741211,61.060001373291016,59.220001220703125,59.84000015258789,4067000,57.98302368470935,0.0,1.0,yahoo,2023-12-13 16:47:45
2022-10-19,XRT,59.20000076293945,59.619998931884766,57.33000183105469,58.18000030517578,4393800,56.37453755129233,0.0,1.0,yahoo,2023-12-13 16:47:45
2022-10-20,XRT,58.15999984741211,59.43999862670898,57.2599983215332,57.43000030517578,4987800,55.64781182180298,0.0,1.0,yahoo,2023-12-13 16:47:45
2022-10-21,XRT,57.52000045776367,59.0,57.13999938964844,58.84000015258789,3640100,57.01405604539023,0.0,1.0,yahoo,2023-12-13 16:47:45
2022-10-24,XRT,59.34000015258789,59.77000045776367,58.150001525878906,59.58000183105469,3960100,57.73109372486639,0.0,1.0,yahoo,2023-12-13 16:47:45
2022-10-25,XRT,59.68000030517578,62.2599983215332,59.68000030517578,61.959999084472656,4739400,60.03723404509681,0.0,1.0,yahoo,2023-12-13 16:47:45
2022-10-26,XRT,62.040000915527344,63.2400016784668,61.52999877929688,61.84000015258789,3325900,59.92095896334761,0.0,1.0,yahoo,2023-12-13 16:47:45
2022-10-27,XRT,62.43999862670898,63.220001220703125,61.9900016784668,62.2400016784668,3719300,60.30854749760254,0.0,1.0,yahoo,2023-12-13 16:47:45
2022-10-28,XRT,62.04999923706055,63.27000045776367,61.16999816894531,63.16999816894531,5121400,61.20968400155658,0.0,1.0,yahoo,2023-12-13 16:47:45
2022-10-31,XRT,63.060001373291016,63.540000915527344,62.54999923706055,62.75,3895500,60.80271936727529,0.0,1.0,yahoo,2023-12-13 16:47:45
2022-11-01,XRT,63.790000915527344,64.2300033569336,62.61000061035156,63.02000045776367,3573200,61.06434107344964,0.0,1.0,yahoo,2023-12-13 16:47:45
2022-11-02,XRT,63.060001373291016,63.2599983215332,60.380001068115234,60.380001068115234,5286900,58.50626709705805,0.0,1.0,yahoo,2023-12-13 16:47:45
2022-11-03,XRT,59.970001220703125,61.630001068115234,59.52999877929688,60.93000030517578,3859500,59.03919855941993,0.0,1.0,yahoo,2023-12-13 16:47:45
2022-11-04,XRT,62.060001373291016,62.060001373291016,59.75,60.81999969482422,4424900,58.93261152768392,0.0,1.0,yahoo,2023-12-13 16:47:45
2022-11-07,XRT,61.27000045776367,61.619998931884766,60.060001373291016,61.400001525878906,4573200,59.49461453272175,0.0,1.0,yahoo,2023-12-13 16:47:45
2022-11-08,XRT,61.83000183105469,62.43999862670898,60.540000915527344,61.58000183105469,4532000,59.66902900350465,0.0,1.0,yahoo,2023-12-13 16:47:45
2022-11-09,XRT,61.16999816894531,61.34000015258789,59.31999969482422,59.40999984741211,4839000,57.56636730409667,0.0,1.0,yahoo,2023-12-13 16:47:45
2022-11-10,XRT,62.459999084472656,64.29000091552734,62.18000030517578,64.05999755859375,6380600,62.072064609139694,0.0,1.0,yahoo,2023-12-13 16:47:45
2022-11-11,XRT,64.22000122070312,66.08000183105469,63.9900016784668,65.55999755859375,4566900,63.525516068118385,0.0,1.0,yahoo,2023-12-13 16:47:45
2022-11-14,XRT,64.9800033569336,65.94000244140625,64.62999725341797,64.76000213623047,5294200,62.75034639224493,0.0,1.0,yahoo,2023-12-13 16:47:45
2022-11-15,XRT,66.54000091552734,67.55000305175781,66.02999877929688,66.43000030517578,6044000,64.36852057567513,0.0,1.0,yahoo,2023-12-13 16:47:45
2022-11-16,XRT,64.19000244140625,64.72000122070312,63.59999847412109,63.959999084472656,6744600,61.97516932373507,0.0,1.0,yahoo,2023-12-13 16:47:45
2022-11-17,XRT,63.29999923706055,64.36000061035156,62.83000183105469,64.33000183105469,6770100,62.33369001163225,0.0,1.0,yahoo,2023-12-13 16:47:45
2022-11-18,XRT,66.05999755859375,66.11000061035156,64.19000244140625,64.94999694824219,4800000,62.93444521672281,0.0,1.0,yahoo,2023-12-13 16:47:45
2022-11-21,XRT,64.5,64.80999755859375,64.12000274658203,64.66999816894531,3087700,62.66313546053528,0.0,1.0,yahoo,2023-12-13 16:47:45
2022-11-22,XRT,65.8499984741211,66.44999694824219,65.4000015258789,66.41999816894531,3864800,64.35882882934375,0.0,1.0,yahoo,2023-12-13 16:47:45
2022-11-23,XRT,66.16999816894531,66.80000305175781,65.88999938964844,66.63999938964844,3291700,64.57200289281579,0.0,1.0,yahoo,2023-12-13 16:47:45
2022-11-25,XRT,66.58999633789062,67.01000213623047,66.30999755859375,66.5999984741211,1507200,64.53324330012666,0.0,1.0,yahoo,2023-12-13 16:47:45
2022-11-28,XRT,66.08999633789062,66.87000274658203,65.72000122070312,65.9800033569336,4236300,63.93248809503609,0.0,1.0,yahoo,2023-12-13 16:47:45
2022-11-29,XRT,65.83999633789062,66.41000366210938,65.55999755859375,66.0,3624200,63.951864195062456,0.0,1.0,yahoo,2023-12-13 16:47:45
2022-11-30,XRT,66.29000091552734,67.31999969482422,65.37000274658203,67.27999877929688,7705500,65.19214159056911,0.0,1.0,yahoo,2023-12-13 16:47:45
2022-12-01,XRT,67.2300033569336,67.55000305175781,66.0199966430664,66.37000274658203,6862800,64.31038488295964,0.0,1.0,yahoo,2023-12-13 16:47:45
2022-12-02,XRT,65.36000061035156,67.22000122070312,65.36000061035156,67.0199966430664,3323700,64.94020793440795,0.0,1.0,yahoo,2023-12-13 16:47:45
2022-12-05,XRT,66.45999908447266,66.55999755859375,65.12000274658203,65.4000015258789,4598100,63.37048508999826,0.0,1.0,yahoo,2023-12-13 16:47:45
2022-12-06,XRT,65.56999969482422,65.76000213623047,64.37000274658203,64.93000030517578,4295200,62.91506911669644,0.0,1.0,yahoo,2023-12-13 16:47:45
2022-12-07,XRT,64.83999633789062,65.62000274658203,64.23999786376953,64.87000274658203,3352500,62.85693342398095,0.0,1.0,yahoo,2023-12-13 16:47:45
2022-12-08,XRT,65.16000366210938,65.93000030517578,64.69999694824219,65.47000122070312,4774600,63.43831252904514,0.0,1.0,yahoo,2023-12-13 16:47:45
2022-12-09,XRT,64.73999786376953,65.02999877929688,64.11000061035156,64.20999908447266,5891700,62.217411233564846,0.0,1.0,yahoo,2023-12-13 16:47:45
2022-12-12,XRT,64.41000366210938,64.61000061035156,63.720001220703125,64.55000305175781,3943300,62.54686407510428,0.0,1.0,yahoo,2023-12-13 16:47:45
2022-12-13,XRT,67.19999694824219,67.19999694824219,63.97999954223633,64.18000030517578,5922700,62.1883433872071,0.0,1.0,yahoo,2023-12-13 16:47:45
2022-12-14,XRT,64.02999877929688,64.80999755859375,63.150001525878906,64.19000244140625,6963600,62.19803513353848,0.0,1.0,yahoo,2023-12-13 16:47:45
2022-12-15,XRT,63.38999938964844,63.43000030517578,62.08000183105469,62.31999969482422,5521500,60.38606298666261,0.0,1.0,yahoo,2023-12-13 16:47:45
2022-12-16,XRT,61.79999923706055,62.27999877929688,61.22999954223633,61.54999923706055,6133800,59.6399574608287,0.0,1.0,yahoo,2023-12-13 16:47:45
2022-12-19,XRT,61.08000183105469,61.36000061035156,59.650001525878906,59.880001068115234,3645500,58.53917255874199,0.544,1.0,yahoo,2023-12-13 16:47:45
2022-12-20,XRT,59.619998931884766,60.08000183105469,58.86000061035156,59.09000015258789,3713600,57.76686128468217,0.0,1.0,yahoo,2023-12-13 16:47:45
2022-12-21,XRT,60.0,60.68000030517578,59.83000183105469,60.380001068115234,5297200,59.02797659610458,0.0,1.0,yahoo,2023-12-13 16:47:45
2022-12-22,XRT,59.43000030517578,59.52999877929688,58.209999084472656,59.290000915527344,5065400,57.96238364548297,0.0,1.0,yahoo,2023-12-13 16:47:45
2022-12-23,XRT,59.29999923706055,60.38999938964844,58.84000015258789,60.38999938964844,3695400,59.03775103596914,0.0,1.0,yahoo,2023-12-13 16:47:45
2022-12-27,XRT,60.290000915527344,60.560001373291016,59.560001373291016,59.70000076293945,2546200,58.36320280694915,0.0,1.0,yahoo,2023-12-13 16:47:45
2022-12-28,XRT,59.68000030517578,60.02999877929688,58.540000915527344,58.81999969482422,3635000,57.502906656992906,0.0,1.0,yahoo,2023-12-13 16:47:45
2022-12-29,XRT,59.25,60.470001220703125,59.09000015258789,60.27999877929688,2329100,58.93021355106476,0.0,1.0,yahoo,2023-12-13 16:47:45
2022-12-30,XRT,59.68000030517578,60.4900016784668,59.54999923706055,60.45000076293945,3219100,59.09640886299303,0.0,1.0,yahoo,2023-12-13 16:47:45
2023-01-03,XRT,61.02999877929688,61.369998931884766,59.7400016784668,60.02999877929688,3433500,58.68581153238346,0.0,1.0,yahoo,2023-12-13 16:47:45
2023-01-04,XRT,60.47999954223633,62.04999923706055,60.29999923706055,61.619998931884766,4859600,60.240208520367645,0.0,1.0,yahoo,2023-12-13 16:47:45
2023-01-05,XRT,60.84000015258789,61.40999984741211,60.11000061035156,61.150001525878906,4194500,59.78073526115643,0.0,1.0,yahoo,2023-12-13 16:47:45
2023-01-06,XRT,61.630001068115234,62.90999984741211,61.27999877929688,62.75,3889300,61.344906689005185,0.0,1.0,yahoo,2023-12-13 16:47:45
2023-01-09,XRT,62.77999877929688,63.40999984741211,62.290000915527344,62.459999084472656,5877000,61.06139945230795,0.0,1.0,yahoo,2023-12-13 16:47:45
2023-01-10,XRT,62.56999969482422,63.93999862670898,62.369998931884766,63.91999816894531,3585000,62.4887063463798,0.0,1.0,yahoo,2023-12-13 16:47:45
2023-01-11,XRT,64.20999908447266,65.44999694824219,64.20999908447266,65.43000030517578,5652500,63.964896627610976,0.0,1.0,yahoo,2023-12-13 16:47:45
2023-01-12,XRT,65.80000305175781,66.0199966430664,64.55999755859375,66.01000213623047,4131200,64.53191110100543,0.0,1.0,yahoo,2023-12-13 16:47:45
2023-01-13,XRT,65.08000183105469,66.37999725341797,65.02999877929688,65.98999786376953,3911200,64.51235476271862,0.0,1.0,yahoo,2023-12-13 16:47:45
2023-01-17,XRT,65.69999694824219,66.19000244140625,65.29000091552734,65.7300033569336,6255800,64.25818203345162,0.0,1.0,yahoo,2023-12-13 16:47:45
2023-01-18,XRT,66.36000061035156,67.16000366210938,64.69999694824219,64.73999786376953,6398900,63.29034466931214,0.0,1.0,yahoo,2023-12-13 16:47:45
2023-01-19,XRT,64.1500015258789,64.38999938964844,63.09999847412109,63.52999877929688,4689300,62.1074397939216,0.0,1.0,yahoo,2023-12-13 16:47:45
2023-01-20,XRT,64.02999877929688,65.25,63.34999847412109,65.16999816894531,4960100,63.710716439786275,0.0,1.0,yahoo,2023-12-13 16:47:45
2023-01-23,XRT,65.73999786376953,67.5199966430664,65.58000183105469,67.1500015258789,4716000,65.64638370950752,0.0,1.0,yahoo,2023-12-13 16:47:45
2023-01-24,XRT,66.69999694824219,67.2699966430664,66.30999755859375,66.33999633789062,4267900,64.8545160971609,0.0,1.0,yahoo,2023-12-13 16:47:45
2023-01-25,XRT,65.51000213623047,67.0199966430664,65.12999725341797,66.91000366210938,5065600,65.41175985996964,0.0,1.0,yahoo,2023-12-13 16:47:45
2023-01-26,XRT,67.76000213623047,68.52999877929688,66.80999755859375,67.56999969482422,3982600,66.05697731083825,0.0,1.0,yahoo,2023-12-13 16:47:45
2023-01-27,XRT,67.5199966430664,69.08999633789062,67.43000030517578,68.77999877929688,3689200,67.2398821862288,0.0,1.0,yahoo,2023-12-13 16:47:45
2023-01-30,XRT,68.12000274658203,69.25,67.98999786376953,68.25,3603700,66.72175109999368,0.0,1.0,yahoo,2023-12-13 16:47:45
2023-01-31,XRT,68.66000366210938,70.19999694824219,68.5199966430664,70.19000244140625,4899800,68.618313151699,0.0,1.0,yahoo,2023-12-13 16:47:45
2023-02-01,XRT,69.9800033569336,72.98999786376953,69.55000305175781,72.29000091552734,7529900,70.67128861691035,0.0,1.0,yahoo,2023-12-13 16:47:45
2023-02-02,XRT,73.80999755859375,75.7699966430664,73.25,74.47000122070312,9696900,72.80247451815355,0.0,1.0,yahoo,2023-12-13 16:47:45
2023-02-03,XRT,73.37999725341797,75.06999969482422,73.13999938964844,73.55999755859375,5606900,71.91284759004594,0.0,1.0,yahoo,2023-12-13 16:47:45
2023-02-06,XRT,72.7699966430664,73.29000091552734,71.80000305175781,72.12000274658203,3533900,70.50509703426091,0.0,1.0,yahoo,2023-12-13 16:47:45
2023-02-07,XRT,71.66999816894531,72.04000091552734,70.19000244140625,71.79000091552734,6479000,70.18248457954775,0.0,1.0,yahoo,2023-12-13 16:47:45
2023-02-08,XRT,71.20999908447266,71.81999969482422,70.44999694824219,70.80999755859375,4878300,69.2244253845517,0.0,1.0,yahoo,2023-12-13 16:47:45
2023-02-09,XRT,71.87999725341797,72.1500015258789,69.41000366210938,69.51000213623047,5104100,67.95353936254357,0.0,1.0,yahoo,2023-12-13 16:47:45
2023-02-10,XRT,68.91999816894531,69.43000030517578,68.47000122070312,68.86000061035156,4622400,67.31809262226066,0.0,1.0,yahoo,2023-12-13 16:47:45
2023-02-13,XRT,69.01000213623047,70.5,68.29000091552734,70.45999908447266,4656200,68.88226405010941,0.0,1.0,yahoo,2023-12-13 16:47:45
2023-02-14,XRT,70.08999633789062,70.97000122070312,69.19999694824219,70.31999969482422,6127100,68.7453995163325,0.0,1.0,yahoo,2023-12-13 16:47:45
2023-02-15,XRT,69.76000213623047,72.16000366210938,69.58000183105469,72.0999984741211,5960400,70.4855406959741,0.0,1.0,yahoo,2023-12-13 16:47:45
2023-02-16,XRT,70.97000122070312,72.30999755859375,70.58000183105469,70.97000122070312,6197800,69.38084625661541,0.0,1.0,yahoo,2023-12-13 16:47:45
2023-02-17,XRT,70.8499984741211,71.30999755859375,70.29000091552734,71.2300033569336,5347500,69.63502644444011,0.0,1.0,yahoo,2023-12-13 16:47:45
2023-02-21,XRT,70.06999969482422,70.47000122070312,67.70999908447266,67.72000122070312,7049400,66.20362001375857,0.0,1.0,yahoo,2023-12-13 16:47:45
2023-02-22,XRT,67.91000366210938,69.04000091552734,67.79000091552734,68.2300033569336,5741300,66.70220222026457,0.0,1.0,yahoo,2023-12-13 16:47:45
2023-02-23,XRT,68.06999969482422,68.16000366210938,66.55000305175781,67.73999786376953,6775600,66.22316889348768,0.0,1.0,yahoo,2023-12-13 16:47:45
2023-02-24,XRT,66.48999786376953,66.7300033569336,65.86000061035156,66.44999694824219,7389700,64.96205358206528,0.0,1.0,yahoo,2023-12-13 16:47:45
2023-02-27,XRT,67.23999786376953,67.30999755859375,66.2699966430664,66.51000213623047,7861000,65.02071513836802,0.0,1.0,yahoo,2023-12-13 16:47:45
2023-02-28,XRT,66.45999908447266,67.47000122070312,66.44999694824219,66.44999694824219,5899400,64.96205358206528,0.0,1.0,yahoo,2023-12-13 16:47:45
2023-03-01,XRT,65.80000305175781,66.16999816894531,64.9800033569336,65.31999969482422,7824300,63.85735914270659,0.0,1.0,yahoo,2023-12-13 16:47:45
2023-03-02,XRT,65.16999816894531,66.22000122070312,64.9800033569336,66.02999877929688,4580100,64.55145998073455,0.0,1.0,yahoo,2023-12-13 16:47:45
2023-03-03,XRT,66.54000091552734,67.06999969482422,65.94000244140625,67.0,3567700,65.4997410065872,0.0,1.0,yahoo,2023-12-13 16:47:45
2023-03-06,XRT,67.05000305175781,67.26000213623047,65.3499984741211,65.55000305175781,4590500,64.08221228165877,0.0,1.0,yahoo,2023-12-13 16:47:45
2023-03-07,XRT,65.88999938964844,66.58999633789062,65.54000091552734,65.6500015258789,5777800,64.17997159741975,0.0,1.0,yahoo,2023-12-13 16:47:45
2023-03-08,XRT,65.69000244140625,65.72000122070312,64.9000015258789,65.5999984741211,9219100,64.13108821026042,0.0,1.0,yahoo,2023-12-13 16:47:45
2023-03-09,XRT,65.38999938964844,65.83999633789062,64.27999877929688,64.4000015258789,11115000,62.95796150401327,0.0,1.0,yahoo,2023-12-13 16:47:45
2023-03-10,XRT,63.88999938964844,64.12999725341797,62.45000076293945,62.93000030517578,14074900,61.52087644079802,0.0,1.0,yahoo,2023-12-13 16:47:45
2023-03-13,XRT,61.66999816894531,62.56999969482422,60.93000030517578,61.470001220703125,11331600,60.09356954672618,0.0,1.0,yahoo,2023-12-13 16:47:45
2023-03-14,XRT,62.869998931884766,63.130001068115234,60.95000076293945,61.560001373291016,9266100,60.181554422622604,0.0,1.0,yahoo,2023-12-13 16:47:45
2023-03-15,XRT,60.27999877929688,61.400001525878906,59.970001220703125,61.31999969482422,10359400,59.94692684380586,0.0,1.0,yahoo,2023-12-13 16:47:45
2023-03-16,XRT,60.97999954223633,62.310001373291016,60.43000030517578,61.97999954223633,9514100,60.59214802395333,0.0,1.0,yahoo,2023-12-13 16:47:45
2023-03-17,XRT,61.540000915527344,61.540000915527344,60.2599983215332,60.59999847412109,6322100,59.243047836634496,0.0,1.0,yahoo,2023-12-13 16:47:45
2023-03-20,XRT,60.93000030517578,61.77000045776367,60.13999938964844,60.61000061035156,11128400,59.45394910600267,0.205,1.0,yahoo,2023-12-13 16:47:45
2023-03-21,XRT,61.54999923706055,62.52000045776367,61.52000045776367,61.7400016784668,6061600,60.5623969746202,0.0,1.0,yahoo,2023-12-13 16:47:45
2023-03-22,XRT,62.560001373291016,62.66999816894531,60.59000015258789,60.65999984741211,7333200,59.50299467712297,0.0,1.0,yahoo,2023-12-13 16:47:45
2023-03-23,XRT,61.0,61.459999084472656,59.2599983215332,59.93999862670898,9962600,58.79672647879148,0.0,1.0,yahoo,2023-12-13 16:47:45
2023-03-24,XRT,59.59999847412109,60.380001068115234,58.970001220703125,60.209999084472656,7889000,59.06157705316579,0.0,1.0,yahoo,2023-12-13 16:47:45
2023-03-27,XRT,60.83000183105469,60.959999084472656,59.790000915527344,60.40999984741211,6091800,59.25776307958423,0.0,1.0,yahoo,2023-12-13 16:47:45
2023-03-28,XRT,60.470001220703125,61.56999969482422,60.470001220703125,60.93999862670898,6857500,59.77765286894645,0.0,1.0,yahoo,2023-12-13 16:47:45
2023-03-29,XRT,61.52999877929688,61.52999877929688,60.40999984741211,61.209999084472656,4299700,60.04250344332076,0.0,1.0,yahoo,2023-12-13 16:47:45
2023-03-30,XRT,62.0099983215332,62.709999084472656,61.59000015258789,61.790000915527344,7545800,60.61144254574051,0.0,1.0,yahoo,2023-12-13 16:47:45
2023-03-31,XRT,62.29999923706055,63.470001220703125,62.130001068115234,63.41999816894531,5499900,62.21034986749831,0.0,1.0,yahoo,2023-12-13 16:47:45
2023-04-03,XRT,63.56999969482422,63.959999084472656,62.959999084472656,63.79999923706055,5365800,62.58310294349962,0.0,1.0,yahoo,2023-12-13 16:47:45
2023-04-04,XRT,64.11000061035156,64.2300033569336,62.7599983215332,62.959999084472656,4640000,61.75912462609195,0.0,1.0,yahoo,2023-12-13 16:47:45
2023-04-05,XRT,62.75,62.75,61.27999877929688,61.619998931884766,6221100,60.44468311360681,0.0,1.0,yahoo,2023-12-13 16:47:45
2023-04-06,XRT,61.380001068115234,61.900001525878906,60.81999969482422,61.5099983215332,5192300,60.336780611979805,0.0,1.0,yahoo,2023-12-13 16:47:45
2023-04-10,XRT,61.27000045776367,62.68000030517578,61.27000045776367,62.619998931884766,5047100,61.42560950376178,0.0,1.0,yahoo,2023-12-13 16:47:45
2023-04-11,XRT,63.22999954223633,64.01000213623047,63.06999969482422,63.65999984741211,6669100,62.44577384758788,0.0,1.0,yahoo,2023-12-13 16:47:45
2023-04-12,XRT,64.12000274658203,64.37999725341797,61.880001068115234,62.0099983215332,7616500,60.82724380705729,0.0,1.0,yahoo,2023-12-13 16:47:45
2023-04-13,XRT,62.20000076293945,62.59999847412109,61.810001373291016,62.18999862670898,5644600,61.00381085664016,0.0,1.0,yahoo,2023-12-13 16:47:45
2023-04-14,XRT,62.59000015258789,63.56999969482422,61.79999923706055,62.22999954223633,7556100,61.04304881031129,0.0,1.0,yahoo,2023-12-13 16:47:45
2023-04-17,XRT,62.52999877929688,62.88999938964844,61.9900016784668,62.5,3942300,61.307899384685605,0.0,1.0,yahoo,2023-12-13 16:47:45
2023-04-18,XRT,62.720001220703125,63.02000045776367,62.25,62.52000045776367,3901500,61.327518361521165,0.0,1.0,yahoo,2023-12-13 16:47:45
2023-04-19,XRT,62.0099983215332,62.59999847412109,61.70000076293945,62.43999862670898,3303800,61.2490424541789,0.0,1.0,yahoo,2023-12-13 16:47:45
2023-04-20,XRT,61.97999954223633,62.91999816894531,61.880001068115234,62.18999862670898,3946200,61.00381085664016,0.0,1.0,yahoo,2023-12-13 16:47:45
2023-04-21,XRT,62.29999923706055,62.40999984741211,61.84000015258789,62.25,4214800,61.06266778714686,0.0,1.0,yahoo,2023-12-13 16:47:45
2023-04-24,XRT,62.20000076293945,62.65999984741211,61.95000076293945,62.619998931884766,4815900,61.42560950376178,0.0,1.0,yahoo,2023-12-13 16:47:45
2023-04-25,XRT,62.209999084472656,62.2599983215332,60.560001373291016,60.56999969482422,4688700,59.414711152331535,0.0,1.0,yahoo,2023-12-13 16:47:45
2023-04-26,XRT,60.650001525878906,61.220001220703125,60.40999984741211,60.70000076293945,6550300,59.5422326307941,0.0,1.0,yahoo,2023-12-13 16:47:45
2023-04-27,XRT,60.72999954223633,61.4900016784668,60.5,61.380001068115234,5287200,60.209262875454456,0.0,1.0,yahoo,2023-12-13 16:47:45
2023-04-28,XRT,61.130001068115234,61.81999969482422,61.06999969482422,61.43000030517578,4610400,60.25830844657476,0.0,1.0,yahoo,2023-12-13 16:47:45
2023-05-01,XRT,61.459999084472656,61.83000183105469,60.79999923706055,61.08000183105469,4146900,59.91498570679541,0.0,1.0,yahoo,2023-12-13 16:47:45
2023-05-02,XRT,61.0,61.0,59.459999084472656,60.77000045776367,6569200,59.61089717874997,0.0,1.0,yahoo,2023-12-13 16:47:45
2023-05-03,XRT,60.84000015258789,61.4900016784668,60.25,60.33000183105469,5568200,59.179290914179184,0.0,1.0,yahoo,2023-12-13 16:47:45
2023-05-04,XRT,60.2599983215332,60.380001068115234,59.18999862670898,59.41999816894531,5949800,58.28664430687843,0.0,1.0,yahoo,2023-12-13 16:47:45
2023-05-05,XRT,60.470001220703125,61.25,60.470001220703125,61.16999816894531,5005700,60.00326548964963,0.0,1.0,yahoo,2023-12-13 16:47:45
2023-05-08,XRT,61.38999938964844,61.66999816894531,60.84000015258789,61.52999877929688,4045500,60.35639958881538,0.0,1.0,yahoo,2023-12-13 16:47:45
2023-05-09,XRT,61.18000030517578,61.56999969482422,60.650001525878906,61.36000061035156,4370000,60.18964389861889,0.0,1.0,yahoo,2023-12-13 16:47:45
2023-05-10,XRT,61.9900016784668,62.18000030517578,60.72999954223633,61.34000015258789,4970500,60.17002492178332,0.0,1.0,yahoo,2023-12-13 16:47:45
2023-05-11,XRT,61.119998931884766,61.65999984741211,60.81999969482422,61.150001525878906,3602200,59.98365025475128,0.0,1.0,yahoo,2023-12-13 16:47:45
2023-05-12,XRT,61.290000915527344,61.369998931884766,60.369998931884766,60.75,4751100,59.591278201914406,0.0,1.0,yahoo,2023-12-13 16:47:45
2023-05-15,XRT,61.0,61.47999954223633,60.43000030517578,61.290000915527344,4876900,60.12097935066302,0.0,1.0,yahoo,2023-12-13 16:47:45
2023-05-16,XRT,60.7599983215332,60.7599983215332,59.84000015258789,59.84999847412109,5810400,58.70844295400004,0.0,1.0,yahoo,2023-12-13 16:47:45
2023-05-17,XRT,60.16999816894531,61.59999847412109,59.88999938964844,61.52999877929688,7354200,60.35639958881538,0.0,1.0,yahoo,2023-12-13 16:47:45
2023-05-18,XRT,61.15999984741211,61.77999877929688,60.93000030517578,61.68999862670898,5145000,60.51334766156267,0.0,1.0,yahoo,2023-12-13 16:47:45
2023-05-19,XRT,61.22999954223633,61.22999954223633,59.29999923706055,59.47999954223633,7319200,58.34550123738513,0.0,1.0,yahoo,2023-12-13 16:47:45
2023-05-22,XRT,59.68000030517578,59.93999862670898,59.13999938964844,59.650001525878906,4239800,58.512260669518824,0.0,1.0,yahoo,2023-12-13 16:47:45
2023-05-23,XRT,59.310001373291016,60.36000061035156,59.209999084472656,59.380001068115234,5012300,58.24741009514452,0.0,1.0,yahoo,2023-12-13 16:47:45
2023-05-24,XRT,60.040000915527344,60.290000915527344,58.790000915527344,59.25,6977700,58.11988861668195,0.0,1.0,yahoo,2023-12-13 16:47:45
2023-05-25,XRT,59.13999938964844,59.13999938964844,57.630001068115234,58.06999969482422,7121300,56.962395176944106,0.0,1.0,yahoo,2023-12-13 16:47:45
2023-05-26,XRT,57.880001068115234,58.77999877929688,57.61000061035156,58.54999923706055,6761100,57.43323939518603,0.0,1.0,yahoo,2023-12-13 16:47:45
2023-05-30,XRT,58.77000045776367,58.91999816894531,58.02999877929688,58.56999969482422,4597800,57.452858372021595,0.0,1.0,yahoo,2023-12-13 16:47:45
2023-05-31,XRT,57.880001068115234,58.060001373291016,56.5099983215332,56.84000015258789,7868300,55.75585616608596,0.0,1.0,yahoo,2023-12-13 16:47:45
2023-06-01,XRT,56.84000015258789,57.650001525878906,56.20000076293945,56.9900016784668,8005600,55.9029966213841,0.0,1.0,yahoo,2023-12-13 16:47:45
2023-06-02,XRT,57.68999862670898,59.540000915527344,57.54999923706055,59.47999954223633,9678700,58.34550123738513,0.0,1.0,yahoo,2023-12-13 16:47:45
2023-06-05,XRT,59.0099983215332,59.310001373291016,58.369998931884766,58.59999847412109,4572100,57.482284966306324,0.0,1.0,yahoo,2023-12-13 16:47:45
2023-06-06,XRT,58.369998931884766,60.61000061035156,58.20000076293945,60.43000030517578,7144200,59.27738205641979,0.0,1.0,yahoo,2023-12-13 16:47:45
2023-06-07,XRT,61.0,61.88999938964844,60.7400016784668,61.650001525878906,6841400,60.474113449828764,0.0,1.0,yahoo,2023-12-13 16:47:45
2023-06-08,XRT,61.459999084472656,62.720001220703125,60.959999084472656,62.43000030517578,10694700,61.23923483672973,0.0,1.0,yahoo,2023-12-13 16:47:45
2023-06-09,XRT,62.630001068115234,62.95000076293945,61.290000915527344,61.36000061035156,6674800,60.18964389861889,0.0,1.0,yahoo,2023-12-13 16:47:45
2023-06-12,XRT,61.38999938964844,62.5099983215332,60.93000030517578,62.27999877929688,4707200,61.09209438143161,0.0,1.0,yahoo,2023-12-13 16:47:45
2023-06-13,XRT,62.84000015258789,63.68000030517578,62.63999938964844,63.54999923706055,5705300,62.33787134596088,0.0,1.0,yahoo,2023-12-13 16:47:45
2023-06-14,XRT,63.70000076293945,63.95000076293945,61.97999954223633,62.650001525878906,6613600,61.45503983998373,0.0,1.0,yahoo,2023-12-13 16:47:45
2023-06-15,XRT,62.34999847412109,63.86000061035156,62.31999969482422,63.709999084472656,6660200,62.49481941870818,0.0,1.0,yahoo,2023-12-13 16:47:45
2023-06-16,XRT,64.13999938964844,64.13999938964844,62.36000061035156,62.65999984741211,7115300,61.46484745743291,0.0,1.0,yahoo,2023-12-13 16:47:45
2023-06-20,XRT,62.18000030517578,62.5,61.810001373291016,62.06999969482422,4746600,61.188822329782695,0.31,1.0,yahoo,2023-12-13 16:47:45
2023-06-21,XRT,61.97999954223633,62.68000030517578,61.59000015258789,62.22999954223633,3566800,61.34655073777733,0.0,1.0,yahoo,2023-12-13 16:47:45
2023-06-22,XRT,62.02000045776367,62.4900016784668,61.56999969482422,62.29999923706055,3246400,61.415556681241114,0.0,1.0,yahoo,2023-12-13 16:47:45
2023-06-23,XRT,62.0,62.560001373291016,61.7599983215332,61.83000183105469,4284300,60.95223159806169,0.0,1.0,yahoo,2023-12-13 16:47:45
2023-06-26,XRT,61.97999954223633,62.630001068115234,61.88999938964844,61.959999084472656,3933500,61.08038334418478,0.0,1.0,yahoo,2023-12-13 16:47:45
2023-06-27,XRT,61.97999954223633,63.16999816894531,61.77000045776367,63.02000045776367,3971100,62.12533639748789,0.0,1.0,yahoo,2023-12-13 16:47:45
2023-06-28,XRT,62.91999816894531,63.08000183105469,62.5,63.08000183105469,4612600,62.18448596068908,0.0,1.0,yahoo,2023-12-13 16:47:45
2023-06-29,XRT,63.27999877929688,64.01000213623047,63.09000015258789,63.43999862670898,5902500,62.53937205827059,0.0,1.0,yahoo,2023-12-13 16:47:45
2023-06-30,XRT,63.88999938964844,63.9900016784668,62.970001220703125,63.75,6242100,62.84497249399727,0.0,1.0,yahoo,2023-12-13 16:47:45
2023-07-03,XRT,63.72999954223633,64.4800033569336,63.72999954223633,64.31999969482422,2373300,63.40688018251201,0.0,1.0,yahoo,2023-12-13 16:47:45
2023-07-05,XRT,64.13999938964844,64.20999908447266,63.459999084472656,64.06999969482422,4040600,63.16042930998653,0.0,1.0,yahoo,2023-12-13 16:47:45
2023-07-06,XRT,63.43000030517578,63.77000045776367,62.83000183105469,63.2599983215332,4933600,62.3619271292089,0.0,1.0,yahoo,2023-12-13 16:47:45
2023-07-07,XRT,63.400001525878906,64.41000366210938,63.33000183105469,63.869998931884766,3617900,62.96326785985777,0.0,1.0,yahoo,2023-12-13 16:47:45
2023-07-10,XRT,63.790000915527344,65.05000305175781,63.59999847412109,65.05000305175781,4694900,64.12652003956326,0.0,1.0,yahoo,2023-12-13 16:47:45
2023-07-11,XRT,65.31999969482422,66.51000213623047,65.2699966430664,66.38999938964844,5837900,65.44749310617964,0.0,1.0,yahoo,2023-12-13 16:47:45
2023-07-12,XRT,67.2300033569336,67.41999816894531,66.2699966430664,66.30999755859375,7183900,65.36862702191138,0.0,1.0,yahoo,2023-12-13 16:47:45
2023-07-13,XRT,66.55000305175781,66.55000305175781,65.73999786376953,65.81999969482422,4180000,64.88558541766488,0.0,1.0,yahoo,2023-12-13 16:47:45
2023-07-14,XRT,65.4000015258789,65.66000366210938,64.72000122070312,65.20999908447266,4683700,64.28424468701601,0.0,1.0,yahoo,2023-12-13 16:47:45
2023-07-17,XRT,65.12999725341797,65.83000183105469,64.58000183105469,65.58000183105469,4045000,64.64899468594388,0.0,1.0,yahoo,2023-12-13 16:47:45
2023-07-18,XRT,65.61000061035156,66.66999816894531,65.48999786376953,66.27999877929688,5152200,65.33905412058172,0.0,1.0,yahoo,2023-12-13 16:47:45
2023-07-19,XRT,67.11000061035156,67.62000274658203,66.66000366210938,67.62000274658203,6032600,66.66003470828184,0.0,1.0,yahoo,2023-12-13 16:47:45
2023-07-20,XRT,67.52999877929688,67.5999984741211,66.55000305175781,66.69000244140625,6181600,65.7432371616437,0.0,1.0,yahoo,2023-12-13 16:47:45
2023-07-21,XRT,67.2300033569336,67.2300033569336,65.98999786376953,66.04000091552734,4091700,65.10246338886071,0.0,1.0,yahoo,2023-12-13 16:47:45
2023-07-24,XRT,66.13999938964844,66.80999755859375,65.87000274658203,66.44999694824219,3682500,65.50663890883894,0.0,1.0,yahoo,2023-12-13 16:47:45
2023-07-25,XRT,66.31999969482422,66.58999633789062,65.94999694824219,66.16000366210938,3132000,65.22076251526309,0.0,1.0,yahoo,2023-12-13 16:47:45
2023-07-26,XRT,66.31999969482422,67.27999877929688,66.2699966430664,67.16000366210938,4278300,66.206566005365,0.0,1.0,yahoo,2023-12-13 16:47:45
2023-07-27,XRT,67.37000274658203,67.77999877929688,66.20999908447266,66.41999816894531,4903300,65.4770660075093,0.0,1.0,yahoo,2023-12-13 16:47:45
2023-07-28,XRT,66.9000015258789,67.43000030517578,66.70999908447266,67.19999694824219,2713200,66.24599152641538,0.0,1.0,yahoo,2023-12-13 16:47:45
2023-07-31,XRT,67.2300033569336,67.8499984741211,67.19999694824219,67.77999877929688,3532500,66.8177593557346,0.0,1.0,yahoo,2023-12-13 16:47:45
2023-08-01,XRT,67.44999694824219,67.75,67.0199966430664,67.44000244140625,3434400,66.48258977922015,0.0,1.0,yahoo,2023-12-13 16:47:45
2023-08-02,XRT,66.66999816894531,67.12999725341797,66.4000015258789,66.80999755859375,4642400,65.86152876696234,0.0,1.0,yahoo,2023-12-13 16:47:45
2023-08-03,XRT,66.75,67.36000061035156,66.45999908447266,66.94999694824219,4893300,65.99954065388991,0.0,1.0,yahoo,2023-12-13 16:47:45
2023-08-04,XRT,67.47000122070312,67.5999984741211,66.62999725341797,66.7300033569336,4899500,65.78267020377784,0.0,1.0,yahoo,2023-12-13 16:47:45
2023-08-07,XRT,66.88999938964844,67.05000305175781,66.20999908447266,66.77999877929688,2735200,65.83195586563268,0.0,1.0,yahoo,2023-12-13 16:47:45
2023-08-08,XRT,66.16000366210938,66.30000305175781,65.43000030517578,66.23999786376953,4307500,65.29962107844759,0.0,1.0,yahoo,2023-12-13 16:47:45
2023-08-09,XRT,66.69999694824219,66.70999908447266,65.77999877929688,65.98999786376953,4376600,65.05317020592211,0.0,1.0,yahoo,2023-12-13 16:47:45
2023-08-10,XRT,66.45999908447266,67.16999816894531,65.72000122070312,65.93000030517578,6399500,64.9940244032628,0.0,1.0,yahoo,2023-12-13 16:47:45
2023-08-11,XRT,65.62000274658203,66.3499984741211,65.47000122070312,65.95999908447266,3675100,65.02359730459246,0.0,1.0,yahoo,2023-12-13 16:47:45
2023-08-14,XRT,65.69000244140625,66.12000274658203,65.36000061035156,66.12000274658203,3835500,65.18132947312897,0.0,1.0,yahoo,2023-12-13 16:47:45
2023-08-15,XRT,65.76000213623047,65.9800033569336,65.16000366210938,65.41999816894531,4384000,64.49126251740736,0.0,1.0,yahoo,2023-12-13 16:47:45
2023-08-16,XRT,65.62999725341797,66.0999984741211,64.81999969482422,64.83000183105469,6439800,63.90964206836744,0.0,1.0,yahoo,2023-12-13 16:47:45
2023-08-17,XRT,65.06999969482422,65.3499984741211,63.95000076293945,64.0,5707300,63.09142336652275,0.0,1.0,yahoo,2023-12-13 16:47:45
2023-08-18,XRT,63.75,65.04000091552734,63.43999862670898,64.83000183105469,5910200,63.90964206836744,0.0,1.0,yahoo,2023-12-13 16:47:45
2023-08-21,XRT,64.7699966430664,65.0999984741211,64.02999877929688,64.3499984741211,4447400,63.43645308384167,0.0,1.0,yahoo,2023-12-13 16:47:45
2023-08-22,XRT,63.56999969482422,63.56999969482422,62.40999984741211,62.560001373291016,6858300,61.67186769457106,0.0,1.0,yahoo,2023-12-13 16:47:45
2023-08-23,XRT,62.38999938964844,63.16999816894531,61.880001068115234,63.06999969482422,6407900,62.17462581988461,0.0,1.0,yahoo,2023-12-13 16:47:45
2023-08-24,XRT,62.79999923706055,63.11000061035156,61.66999816894531,61.75,7427100,60.87336551379343,0.0,1.0,yahoo,2023-12-13 16:47:45
2023-08-25,XRT,62.2400016784668,62.54999923706055,61.380001068115234,62.0,7414100,61.11981638631891,0.0,1.0,yahoo,2023-12-13 16:47:45
2023-08-28,XRT,62.15999984741211,62.88999938964844,62.15999984741211,62.77000045776367,5326500,61.87888552496241,0.0,1.0,yahoo,2023-12-13 16:47:45
2023-08-29,XRT,62.790000915527344,63.83000183105469,62.709999084472656,63.7599983215332,4519600,62.85482887425986,0.0,1.0,yahoo,2023-12-13 16:47:45
2023-08-30,XRT,63.58000183105469,64.41999816894531,63.560001373291016,64.18000030517578,3255700,63.26886829558444,0.0,1.0,yahoo,2023-12-13 16:47:45
2023-08-31,XRT,63.93000030517578,64.83999633789062,63.869998931884766,64.2699966430664,5064700,63.357586999573414,0.0,1.0,yahoo,2023-12-13 16:47:45
2023-09-01,XRT,64.72000122070312,64.87999725341797,64.2300033569336,64.61000061035156,3727800,63.69276409717162,0.0,1.0,yahoo,2023-12-13 16:47:45
2023-09-05,XRT,64.05000305175781,64.1500015258789,63.119998931884766,63.20000076293945,6604200,62.302781326549585,0.0,1.0,yahoo,2023-12-13 16:47:45
2023-09-06,XRT,63.04999923706055,63.56999969482422,62.34000015258789,62.709999084472656,5725700,61.819735961761225,0.0,1.0,yahoo,2023-12-13 16:47:45
2023-09-07,XRT,62.56999969482422,62.77999877929688,62.11000061035156,62.310001373291016,6101900,61.425416822045584,0.0,1.0,yahoo,2023-12-13 16:47:45
2023-09-08,XRT,62.36000061035156,62.36000061035156,61.709999084472656,61.97999954223633,5153300,61.10009986525185,0.0,1.0,yahoo,2023-12-13 16:47:45
2023-09-11,XRT,62.27999877929688,62.59000015258789,61.959999084472656,62.0,3002700,61.11981638631891,0.0,1.0,yahoo,2023-12-13 16:47:45
2023-09-12,XRT,62.09000015258789,62.63999938964844,61.810001373291016,61.90999984741211,3562800,61.03109392178806,0.0,1.0,yahoo,2023-12-13 16:47:45
2023-09-13,XRT,62.2400016784668,62.2400016784668,61.36000061035156,61.59999847412109,5237100,60.72549348606139,0.0,1.0,yahoo,2023-12-13 16:47:45
2023-09-14,XRT,62.04999923706055,63.09000015258789,61.91999816894531,63.040000915527344,6538400,62.14505291855496,0.0,1.0,yahoo,2023-12-13 16:47:45
2023-09-15,XRT,62.900001525878906,62.900001525878906,62.0099983215332,62.22999954223633,6092700,61.34655073777733,0.0,1.0,yahoo,2023-12-13 16:47:45
2023-09-18,XRT,62.040000915527344,62.040000915527344,61.02999877929688,61.06999969482422,5733500,60.36890479171871,0.171,1.0,yahoo,2023-12-13 16:47:45
2023-09-19,XRT,60.9900016784668,61.33000183105469,60.619998931884766,60.90999984741211,7220900,60.21074177217755,0.0,1.0,yahoo,2023-12-13 16:47:45
2023-09-20,XRT,61.060001373291016,61.369998931884766,60.58000183105469,60.619998931884766,4622300,59.924070120851745,0.0,1.0,yahoo,2023-12-13 16:47:45
2023-09-21,XRT,60.25,60.470001220703125,59.84000015258789,59.869998931884766,6568400,59.182680259708086,0.0,1.0,yahoo,2023-12-13 16:47:45
2023-09-22,XRT,60.16999816894531,60.34999847412109,59.56999969482422,59.59000015258789,4621300,58.905895918237015,0.0,1.0,yahoo,2023-12-13 16:47:45
2023-09-25,XRT,59.209999084472656,60.130001068115234,59.119998931884766,59.880001068115234,4996700,59.19256756956282,0.0,1.0,yahoo,2023-12-13 16:47:45
2023-09-26,XRT,59.58000183105469,59.91999816894531,58.91999816894531,58.9900016784668,6068000,58.312785537683624,0.0,1.0,yahoo,2023-12-13 16:47:45
2023-09-27,XRT,59.16999816894531,59.68000030517578,58.81999969482422,59.34000015258789,7125700,58.658765964522466,0.0,1.0,yahoo,2023-12-13 16:47:45
2023-09-28,XRT,59.369998931884766,60.70000076293945,59.290000915527344,60.43999862670898,7355200,59.746136252504954,0.0,1.0,yahoo,2023-12-13 16:47:45
2023-09-29,XRT,61.15999984741211,61.540000915527344,60.68999862670898,60.86000061035156,7890800,60.161316535615406,0.0,1.0,yahoo,2023-12-13 16:47:45
2023-10-02,XRT,60.720001220703125,61.04999923706055,60.18000030517578,60.34999847412109,4780100,59.65716931833156,0.0,1.0,yahoo,2023-12-13 16:47:45
2023-10-03,XRT,60.18000030517578,60.400001525878906,59.0099983215332,59.220001220703125,7272500,58.54014464259255,0.0,1.0,yahoo,2023-12-13 16:47:45
2023-10-04,XRT,59.38999938964844,59.68000030517578,58.900001525878906,59.41999816894531,6670900,58.737845588841125,0.0,1.0,yahoo,2023-12-13 16:47:45
2023-10-05,XRT,59.22999954223633,59.41999816894531,58.310001373291016,58.5,7691900,57.828409169205415,0.0,1.0,yahoo,2023-12-13 16:47:45
2023-10-06,XRT,58.150001525878906,59.25,57.47999954223633,58.81999969482422,12195400,58.144735208287734,0.0,1.0,yahoo,2023-12-13 16:47:45
2023-10-09,XRT,58.310001373291016,59.43999862670898,58.18000030517578,59.18999862670898,5477300,58.51048648393219,0.0,1.0,yahoo,2023-12-13 16:47:45
2023-10-10,XRT,59.33000183105469,60.68999862670898,59.33000183105469,60.2599983215332,10368500,59.56820238415818,0.0,1.0,yahoo,2023-12-13 16:47:45
2023-10-11,XRT,60.470001220703125,60.720001220703125,59.52999877929688,60.0099983215332,5913500,59.32107243044362,0.0,1.0,yahoo,2023-12-13 16:47:45
2023-10-12,XRT,60.18000030517578,60.20000076293945,58.52999877929688,58.959999084472656,9846300,58.28312737902327,0.0,1.0,yahoo,2023-12-13 16:47:45
2023-10-13,XRT,59.08000183105469,59.2599983215332,58.47999954223633,58.630001068115234,7695900,57.956917800990055,0.0,1.0,yahoo,2023-12-13 16:47:45
2023-10-16,XRT,59.150001525878906,60.400001525878906,59.0,60.220001220703125,10064400,59.528664457450766,0.0,1.0,yahoo,2023-12-13 16:47:45
2023-10-17,XRT,59.86000061035156,61.7400016784668,59.86000061035156,61.2599983215332,11116300,60.55672219901639,0.0,1.0,yahoo,2023-12-13 16:47:45
2023-10-18,XRT,60.869998931884766,61.040000915527344,60.34999847412109,60.540000915527344,8335400,59.844990496533086,0.0,1.0,yahoo,2023-12-13 16:47:45
2023-10-19,XRT,60.40999984741211,60.72999954223633,59.400001525878906,59.54999923706055,9692700,58.866354220625766,0.0,1.0,yahoo,2023-12-13 16:47:45
2023-10-20,XRT,59.59000015258789,59.81999969482422,59.09000015258789,59.2400016784668,8449800,58.55991549139818,0.0,1.0,yahoo,2023-12-13 16:47:45
2023-10-23,XRT,59.0099983215332,59.47999954223633,58.2400016784668,58.47999954223633,8315000,57.80863832039979,0.0,1.0,yahoo,2023-12-13 16:47:45
2023-10-24,XRT,58.79999923706055,59.400001525878906,58.34000015258789,58.54999923706055,7821700,57.87783440576756,0.0,1.0,yahoo,2023-12-13 16:47:45
2023-10-25,XRT,58.34000015258789,58.7400016784668,57.720001220703125,58.38999938964844,7842700,57.719671386226395,0.0,1.0,yahoo,2023-12-13 16:47:45
2023-10-26,XRT,58.52999877929688,59.02999877929688,58.060001373291016,58.59999847412109,10224600,57.927259642329695,0.0,1.0,yahoo,2023-12-13 16:47:45
2023-10-27,XRT,58.72999954223633,58.959999084472656,57.79999923706055,57.90999984741211,8228400,57.24518232760291,0.0,1.0,yahoo,2023-12-13 16:47:45
2023-10-30,XRT,58.459999084472656,58.790000915527344,57.79999923706055,58.25,4737600,57.58127921549086,0.0,1.0,yahoo,2023-12-13 16:47:45
2023-10-31,XRT,58.209999084472656,58.84999847412109,57.86000061035156,58.68999862670898,5932300,58.01622657650309,0.0,1.0,yahoo,2023-12-13 16:47:45
2023-11-01,XRT,58.650001525878906,58.84000015258789,57.59000015258789,58.52999877929688,10564700,57.85806355696194,0.0,1.0,yahoo,2023-12-13 16:47:45
2023-11-02,XRT,59.33000183105469,60.36000061035156,59.2400016784668,60.33000183105469,9500300,59.63740224042978,0.0,1.0,yahoo,2023-12-13 16:47:45
2023-11-03,XRT,60.970001220703125,62.459999084472656,60.970001220703125,62.08000183105469,9870600,61.36731191643165,0.0,1.0,yahoo,2023-12-13 16:47:45
2023-11-06,XRT,62.0,62.209999084472656,61.060001373291016,61.54999923706055,9526200,60.84339385034219,0.0,1.0,yahoo,2023-12-13 16:47:45
2023-11-07,XRT,61.36000061035156,61.77999877929688,61.119998931884766,61.52000045776367,6027900,60.81373946258567,0.0,1.0,yahoo,2023-12-13 16:47:45
2023-11-08,XRT,61.29999923706055,61.36000061035156,60.31999969482422,60.40999984741211,6393600,59.716481864748445,0.0,1.0,yahoo,2023-12-13 16:47:45
2023-11-09,XRT,60.68999862670898,60.95000076293945,59.20000076293945,59.34999847412109,6356400,58.668649503473354,0.0,1.0,yahoo,2023-12-13 16:47:45
2023-11-10,XRT,59.72999954223633,59.90999984741211,58.790000915527344,59.84000015258789,6916300,59.15302587195157,0.0,1.0,yahoo,2023-12-13 16:47:45
2023-11-13,XRT,59.459999084472656,59.91999816894531,59.2400016784668,59.41999816894531,4534100,58.737845588841125,0.0,1.0,yahoo,2023-12-13 16:47:45
2023-11-14,XRT,61.0099983215332,62.970001220703125,61.0,62.36000061035156,12484400,61.644096257902724,0.0,1.0,yahoo,2023-12-13 16:47:45
2023-11-15,XRT,62.95000076293945,64.54000091552734,62.70000076293945,63.720001220703125,11697800,62.98848380945451,0.0,1.0,yahoo,2023-12-13 16:47:45
2023-11-16,XRT,63.0099983215332,63.150001525878906,61.290000915527344,61.540000915527344,10118300,60.833510311391294,0.0,1.0,yahoo,2023-12-13 16:47:45
2023-11-17,XRT,62.54999923706055,63.470001220703125,62.369998931884766,63.25,9875700,62.52387828978192,0.0,1.0,yahoo,2023-12-13 16:47:45
2023-11-20,XRT,63.15999984741211,63.83000183105469,62.869998931884766,63.63999938964844,5572600,62.90940041423201,0.0,1.0,yahoo,2023-12-13 16:47:45
2023-11-21,XRT,63.380001068115234,63.59999847412109,62.84999847412109,63.459999084472656,6391400,62.731466545885226,0.0,1.0,yahoo,2023-12-13 16:47:45
2023-11-22,XRT,63.470001220703125,64.04000091552734,63.2599983215332,63.43000030517578,7366200,62.7018121581287,0.0,1.0,yahoo,2023-12-13 16:47:45
2023-11-24,XRT,63.52999877929688,63.91999816894531,63.34999847412109,63.88999938964844,2600300,63.15653036794656,0.0,1.0,yahoo,2023-12-13 16:47:45
2023-11-27,XRT,63.63999938964844,63.93000030517578,63.27000045776367,63.5099983215332,5308600,62.78089178244737,0.0,1.0,yahoo,2023-12-13 16:47:45
2023-11-28,XRT,63.41999816894531,64.43000030517578,63.0099983215332,64.11000061035156,6916700,63.3740059339046,0.0,1.0,yahoo,2023-12-13 16:47:45
2023-11-29,XRT,64.52999877929688,65.4800033569336,64.43000030517578,64.54000091552734,5609900,63.79906975596593,0.0,1.0,yahoo,2023-12-13 16:47:45
2023-11-30,XRT,64.80000305175781,64.91999816894531,63.88999938964844,64.5999984741211,7294400,63.85837853147897,0.0,1.0,yahoo,2023-12-13 16:47:45
2023-12-01,XRT,64.6500015258789,67.06999969482422,64.44000244140625,67.05000305175781,8848200,66.28025660296619,0.0,1.0,yahoo,2023-12-13 16:47:45
2023-12-04,XRT,66.70999908447266,68.22000122070312,66.70999908447266,67.79000091552734,6783600,67.01175915425512,0.0,1.0,yahoo,2023-12-13 16:47:45
2023-12-05,XRT,66.86000061035156,66.97000122070312,65.93000030517578,65.9800033569336,5829800,65.22254070274022,0.0,1.0,yahoo,2023-12-13 16:47:45
2023-12-06,XRT,66.61000061035156,67.41000366210938,66.2300033569336,66.3499984741211,7185600,65.58828820748084,0.0,1.0,yahoo,2023-12-13 16:47:45
2023-12-07,XRT,66.33000183105469,67.13999938964844,66.04000091552734,67.06999969482422,5881100,66.30002368086798,0.0,1.0,yahoo,2023-12-13 16:47:45
2023-12-08,XRT,66.9000015258789,67.63999938964844,66.61000061035156,67.08000183105469,6429400,66.30991099072271,0.0,1.0,yahoo,2023-12-13 16:47:45
2023-12-11,XRT,67.68000030517578,68.3499984741211,67.5,68.19000244140625,6785300,67.40716858855994,0.0,1.0,yahoo,2023-12-13 16:47:45
2023-12-12,XRT,67.94000244140625,68.0,67.44000244140625,67.52999877929688,3477000,66.75474189068584,0.0,1.0,yahoo,2023-12-13 16:47:45
2023-12-13,XRT,67.69999694824219,69.7699966430664,66.9800033569336,69.75,8328493,68.9492570863603,0.0,1.0,yahoo,2023-12-13 16:47:45
2023-12-14,XRT,70.88999938964844,71.78500366210938,70.73999786376953,71.43000030517578,11221587,70.60997067699441,0.0,1.0,yahoo,2023-12-14 14:44:08
2023-12-15,XRT,71.58000183105469,71.88999938964844,70.55000305175781,70.8499984741211,6532900,70.0366273743428,0.0,1.0,yahoo,2023-12-16 13:04:46
2023-12-18,XRT,70.91999816894531,71.20999908447266,70.19000244140625,70.76000213623047,6493900,70.27100008292086,0.326,1.0,yahoo,2024-03-13 00:00:19
2023-12-19,XRT,71.18000030517578,72.30000305175781,71.01000213623047,72.19999694824219,5085900,71.70104350433662,0.0,1.0,yahoo,2024-03-13 00:00:19
2023-12-20,XRT,71.83999633789062,72.5199966430664,70.83999633789062,70.83999633789062,6801000,70.35044146762675,0.0,1.0,yahoo,2024-03-13 00:00:19
2023-12-21,XRT,71.87000274658203,72.29000091552734,71.45999908447266,72.23999786376953,6087200,71.74076798502455,0.0,1.0,yahoo,2024-03-13 00:00:19
2023-12-22,XRT,71.44000244140625,72.63999938964844,71.44000244140625,72.04000091552734,6795800,71.54215315825486,0.0,1.0,yahoo,2024-03-13 00:00:19
2023-12-26,XRT,72.33999633789062,72.87999725341797,72.0199966430664,72.70999908447266,3650600,72.20752116227031,0.0,1.0,yahoo,2024-03-13 00:00:19
2023-12-27,XRT,72.91000366210938,73.31999969482422,72.63999938964844,73.12000274658203,5139400,72.61469140681916,0.0,1.0,yahoo,2024-03-13 00:00:19
2023-12-28,XRT,72.79000091552734,73.19000244140625,72.70999908447266,73.11000061035156,4631700,72.60475839247968,0.0,1.0,yahoo,2024-03-13 00:00:19
2023-12-29,XRT,72.97000122070312,73.2300033569336,72.16000366210938,72.31999969482422,7862800,71.82021694640042,0.0,1.0,yahoo,2024-03-13 00:00:19
2024-01-02,XRT,71.80000305175781,72.94000244140625,71.47000122070312,72.26000213623047,7248200,71.76063401370351,0.0,1.0,yahoo,2024-03-13 00:00:19
2024-01-03,XRT,71.36000061035156,71.58999633789062,69.61000061035156,69.6500015258789,9163000,69.16867036800811,0.0,1.0,yahoo,2024-03-13 00:00:19
2024-01-04,XRT,69.47000122070312,69.87999725341797,69.0,69.5199966430664,5558700,69.03956391160483,0.0,1.0,yahoo,2024-03-13 00:00:19
2024-01-05,XRT,69.29000091552734,70.47000122070312,69.02999877929688,69.4000015258789,4943900,68.920398046211,0.0,1.0,yahoo,2024-03-13 00:00:19
2024-01-08,XRT,69.55999755859375,70.68000030517578,69.23999786376953,70.62000274658203,6736200,70.13196818884808,0.0,1.0,yahoo,2024-03-13 00:00:19
2024-01-09,XRT,70.16999816894531,70.4000015258789,69.79000091552734,70.0199966430664,5692300,69.53610855519904,0.0,1.0,yahoo,2024-03-13 00:00:19
2024-01-10,XRT,70.06999969482422,70.41000366210938,69.56999969482422,70.2300033569336,3910200,69.74466397297819,0.0,1.0,yahoo,2024-03-13 00:00:19
2024-01-11,XRT,69.95999908447266,70.12999725341797,68.9000015258789,69.68000030517578,6832700,69.19846183435656,0.0,1.0,yahoo,2024-03-13 00:00:19
2024-01-12,XRT,70.04000091552734,70.5,68.61000061035156,68.81999969482422,6910200,68.34440444124091,0.0,1.0,yahoo,2024-03-13 00:00:19
2024-01-16,XRT,68.3499984741211,68.70999908447266,67.87999725341797,68.62999725341797,6729700,68.15571505214072,0.0,1.0,yahoo,2024-03-13 00:00:19
2024-01-17,XRT,68.01000213623047,68.41000366210938,67.75,68.22000122070312,4762400,67.74855238426186,0.0,1.0,yahoo,2024-03-13 00:00:19
2024-01-18,XRT,68.61000061035156,68.66999816894531,67.61000061035156,68.38999938964844,8903500,67.9173757446831,0.0,1.0,yahoo,2024-03-13 00:00:19
2024-01-19,XRT,68.51000213623047,69.12000274658203,67.56999969482422,68.68000030517578,9282700,68.20537254716814,0.0,1.0,yahoo,2024-03-13 00:00:19
2024-01-22,XRT,69.08000183105469,70.02999877929688,68.87000274658203,69.95999908447266,6719900,69.47652562250212,0.0,1.0,yahoo,2024-03-13 00:00:19
2024-01-23,XRT,70.43000030517578,70.93000030517578,69.0999984741211,69.36000061035156,6962300,68.88067356552307,0.0,1.0,yahoo,2024-03-13 00:00:19
2024-01-24,XRT,70.16999816894531,70.16999816894531,68.55999755859375,68.69000244140625,7012700,68.21530556150762,0.0,1.0,yahoo,2024-03-13 00:00:19
2024-01-25,XRT,69.2300033569336,69.69000244140625,68.8499984741211,69.58999633789062,8733100,69.10907985864122,0.0,1.0,yahoo,2024-03-13 00:00:19
2024-01-26,XRT,69.9800033569336,70.36000061035156,69.7699966430664,69.94000244140625,6269400,69.45666717049315,0.0,1.0,yahoo,2024-03-13 00:00:19
2024-01-29,XRT,69.87000274658203,70.61000061035156,69.54000091552734,70.5199966430664,5054000,70.03265319879326,0.0,1.0,yahoo,2024-03-13 00:00:19
2024-01-30,XRT,70.0999984741211,70.55000305175781,69.91999816894531,70.26000213623047,5032400,69.77445543932664,0.0,1.0,yahoo,2024-03-13 00:00:19
2024-01-31,XRT,69.91999816894531,70.48999786376953,68.4800033569336,68.5999984741211,11765800,68.12592358579226,0.0,1.0,yahoo,2024-03-13 00:00:19
2024-02-01,XRT,69.2699966430664,70.43000030517578,68.69000244140625,70.4000015258789,11209800,69.91348733339943,0.0,1.0,yahoo,2024-03-13 00:00:19
2024-02-02,XRT,69.80999755859375,71.25,69.37000274658203,70.73999786376953,11707200,70.2511340542419,0.0,1.0,yahoo,2024-03-13 00:00:19
2024-02-05,XRT,70.05000305175781,70.05999755859375,69.0,69.69999694824219,7543900,69.21832028636554,0.0,1.0,yahoo,2024-03-13 00:00:19
2024-02-06,XRT,69.58000183105469,70.61000061035156,69.26000213623047,70.58000183105469,3680900,70.09224370816014,0.0,1.0,yahoo,2024-03-13 00:00:19
2024-02-07,XRT,70.72000122070312,70.94999694824219,70.19000244140625,70.66999816894531,5670600,70.18161810720552,0.0,1.0,yahoo,2024-03-13 00:00:19
2024-02-08,XRT,70.69000244140625,71.79000091552734,70.4000015258789,71.7300033569336,6961400,71.23429790376083,0.0,1.0,yahoo,2024-03-13 00:00:19
2024-02-09,XRT,71.73999786376953,72.77999877929688,71.54000091552734,72.69999694824219,7048400,72.19758814793083,0.0,1.0,yahoo,2024-03-13 00:00:19
2024-02-12,XRT,72.77999877929688,74.36000061035156,72.77999877929688,74.16000366210938,4554100,73.64750517469552,0.0,1.0,yahoo,2024-03-13 00:00:19
2024-02-13,XRT,72.12999725341797,72.55999755859375,71.3499984741211,72.0,12499900,71.50242867756693,0.0,1.0,yahoo,2024-03-13 00:00:19
2024-02-14,XRT,72.68000030517578,73.1500015258789,71.87999725341797,72.97000122070312,8237500,72.4657264984069,0.0,1.0,yahoo,2024-03-13 00:00:19
2024-02-15,XRT,73.19000244140625,74.11000061035156,73.19000244140625,73.9800033569336,7786000,73.4687487999348,0.0,1.0,yahoo,2024-03-13 00:00:19
2024-02-16,XRT,73.02999877929688,74.22000122070312,72.94999694824219,73.56999969482422,4323800,73.06157855538596,0.0,1.0,yahoo,2024-03-13 00:00:19
2024-02-20,XRT,73.04000091552734,73.30000305175781,72.77999877929688,73.04000091552734,3325800,72.53524244544329,0.0,1.0,yahoo,2024-03-13 00:00:19
2024-02-21,XRT,72.83000183105469,73.25,72.30000305175781,72.69999694824219,6466600,72.19758814793083,0.0,1.0,yahoo,2024-03-13 00:00:19
2024-02-22,XRT,72.91999816894531,73.4800033569336,72.61000061035156,73.31999969482422,4613200,72.81330623358885,0.0,1.0,yahoo,2024-03-13 00:00:19
2024-02-23,XRT,73.9000015258789,74.98999786376953,73.80999755859375,74.62999725341797,7974400,74.1142507752713,0.0,1.0,yahoo,2024-03-13 00:00:19
2024-02-26,XRT,74.61000061035156,75.2300033569336,74.45999908447266,74.79000091552734,7197500,74.27314869802304,0.0,1.0,yahoo,2024-03-13 00:00:19
2024-02-27,XRT,75.25,76.83999633789062,75.25,76.63999938964844,8561800,76.11036236398763,0.0,1.0,yahoo,2024-03-13 00:00:19
2024-02-28,XRT,76.18000030517578,76.58000183105469,75.9000015258789,75.95999908447266,7685000,75.4350613456327,0.0,1.0,yahoo,2024-03-13 00:00:19
2024-02-29,XRT,76.7699966430664,76.97000122070312,75.95999908447266,76.48999786376953,7927300,75.96139745557538,0.0,1.0,yahoo,2024-03-13 00:00:19
2024-03-01,XRT,76.52999877929688,77.12000274658203,75.83999633789062,77.0199966430664,7278700,76.48773356551806,0.0,1.0,yahoo,2024-03-13 00:00:19
2024-03-04,XRT,76.95999908447266,77.58999633789062,76.69999694824219,76.72000122070312,4783900,76.18981132536351,0.0,1.0,yahoo,2024-03-13 00:00:19
2024-03-05,XRT,76.44000244140625,77.30000305175781,76.30000305175781,76.69999694824219,5139600,76.16994529668455,0.0,1.0,yahoo,2024-03-13 00:00:19
2024-03-06,XRT,76.72000122070312,76.83000183105469,75.16999816894531,75.4800033569336,9554900,74.95838273071745,0.0,1.0,yahoo,2024-03-13 00:00:19
2024-03-07,XRT,75.93000030517578,76.54000091552734,75.56999969482422,75.69000244140625,5852400,75.16693057182663,0.0,1.0,yahoo,2024-03-13 00:00:19
2024-03-08,XRT,76.0999984741211,76.6500015258789,75.12999725341797,75.62000274658203,7116400,75.09741462479023,0.0,1.0,yahoo,2024-03-13 00:00:19
2024-03-11,XRT,75.44000244140625,75.80999755859375,74.72000122070312,75.26000213623047,3781200,74.7399018752688,0.0,1.0,yahoo,2024-03-13 00:00:19
2024-03-12,XRT,75.47000122070312,75.94999694824219,75.02999877929688,75.41000366210938,4635100,74.88886678368105,0.0,1.0,yahoo,2024-03-13 00:00:19
2024-03-13,XRT,75.16000366210938,76.19999694824219,74.91999816894531,75.91999816894531,4183400,75.39533686494477,0.0,1.0,yahoo,2024-03-30 19:38:21
2024-03-14,XRT,76.19999694824219,76.38999938964844,74.63999938964844,75.26000213623047,6803000,74.7399018752688,0.0,1.0,yahoo,2024-03-30 19:38:21
2024-03-15,XRT,74.83000183105469,75.81999969482422,74.83000183105469,75.61000061035156,4831200,75.08748161045075,0.0,1.0,yahoo,2024-03-30 19:38:21
2024-03-18,XRT,75.66000366210938,75.83999633789062,74.79000091552734,75.41999816894531,7812300,75.04767664677239,0.15,1.0,yahoo,2024-03-30 19:38:21
2024-03-19,XRT,75.08000183105469,76.05999755859375,75.02999877929688,75.98999786376953,6171800,75.61486245722685,0.0,1.0,yahoo,2024-03-30 19:38:21
2024-03-20,XRT,75.93000030517578,77.3499984741211,75.80999755859375,77.33000183105469,8114400,76.94825130479667,0.0,1.0,yahoo,2024-03-30 19:38:21
2024-03-21,XRT,77.06999969482422,78.41999816894531,77.06999969482422,78.13999938964844,6912000,77.75425019551328,0.0,1.0,yahoo,2024-03-30 19:38:21
2024-03-22,XRT,77.83000183105469,78.08000183105469,77.19999694824219,77.2300033569336,4033400,76.84874648733168,0.0,1.0,yahoo,2024-03-30 19:38:21
2024-03-25,XRT,77.44000244140625,77.94000244140625,76.52999877929688,76.54000091552734,3965900,76.16215034088069,0.0,1.0,yahoo,2024-03-30 19:38:21
2024-03-26,XRT,76.81999969482422,77.33000183105469,76.6500015258789,76.83999633789062,2425000,76.46066479327564,0.0,1.0,yahoo,2024-03-30 19:38:21
2024-03-27,XRT,77.23999786376953,78.37000274658203,77.20999908447266,78.36000061035156,4651500,77.97316534897482,0.0,1.0,yahoo,2024-03-30 19:38:21
2024-03-28,XRT,78.44999694824219,79.11000061035156,78.33000183105469,78.98999786376953,4638600,78.60005253156208,0.0,1.0,yahoo,2024-03-30 19:38:21
2024-04-01,XRT,79.05000305175781,79.12000274658203,78.37999725341797,78.45999908447266,5655500,78.0726701664398,0.0,1.0,yahoo,2024-07-04 14:28:47
2024-04-02,XRT,77.58000183105469,77.62999725341797,76.0199966430664,76.25,6433300,75.87358105602056,0.0,1.0,yahoo,2024-07-04 14:28:47
2024-04-03,XRT,76.16999816894531,76.20999908447266,75.31999969482422,75.47000122070312,5270100,75.09743285137036,0.0,1.0,yahoo,2024-07-04 14:28:47
2024-04-04,XRT,76.25,76.30000305175781,74.2699966430664,74.44000244140625,5804900,74.07251880719221,0.0,1.0,yahoo,2024-07-04 14:28:47
2024-04-05,XRT,74.43000030517578,74.97000122070312,74.27999877929688,74.66999816894531,5745400,74.30137912818857,0.0,1.0,yahoo,2024-07-04 14:28:47
2024-04-08,XRT,75.01000213623047,75.4800033569336,74.73999786376953,74.81999969482422,3534300,74.45064015025153,0.0,1.0,yahoo,2024-07-04 14:28:47
2024-04-09,XRT,75.11000061035156,75.38999938964844,74.29000091552734,74.87000274658203,6203400,74.5003963548495,0.0,1.0,yahoo,2024-07-04 14:28:47
2024-04-10,XRT,73.52999877929688,73.87999725341797,72.83000183105469,73.36000061035156,9230600,72.9978485584161,0.0,1.0,yahoo,2024-07-04 14:28:47
2024-04-11,XRT,73.4800033569336,73.70999908447266,72.69000244140625,73.56999969482422,4530200,73.20681095261185,0.0,1.0,yahoo,2024-07-04 14:28:47
2024-04-12,XRT,73.13999938964844,73.16999816894531,71.69000244140625,71.87999725341797,8320200,71.5251514480491,0.0,1.0,yahoo,2024-07-04 14:28:47
2024-04-15,XRT,72.55000305175781,72.87000274658203,70.80000305175781,70.93000030517578,8827600,70.57984429453532,0.0,1.0,yahoo,2024-07-04 14:28:47
2024-04-16,XRT,70.72000122070312,71.20999908447266,70.22000122070312,70.97000122070312,10533500,70.6196477398675,0.0,1.0,yahoo,2024-07-04 14:28:47
2024-04-17,XRT,71.45999908447266,71.66000366210938,70.41000366210938,70.66000366210938,8632000,70.31118052820676,0.0,1.0,yahoo,2024-07-04 14:28:47
2024-04-18,XRT,70.94999694824219,71.62000274658203,70.44000244140625,70.69000244140625,6667400,70.34103121427316,0.0,1.0,yahoo,2024-07-04 14:28:47
2024-04-19,XRT,70.48999786376953,71.20999908447266,70.47000122070312,71.16999816894531,6532300,70.81865737479747,0.0,1.0,yahoo,2024-07-04 14:28:47
2024-04-22,XRT,71.41000366210938,72.02999877929688,70.91000366210938,71.47000122070312,6264300,71.11717941892337,0.0,1.0,yahoo,2024-07-04 14:28:47
2024-04-23,XRT,71.97000122070312,73.12000274658203,71.8499984741211,73.04000091552734,6462700,72.67942858748957,0.0,1.0,yahoo,2024-07-04 14:28:47
2024-04-24,XRT,72.62999725341797,72.97000122070312,72.29000091552734,72.5199966430664,5524800,72.16199138990214,0.0,1.0,yahoo,2024-07-04 14:28:47
2024-04-25,XRT,71.66999816894531,72.30000305175781,71.05000305175781,72.20999908447266,5624000,71.8535241782414,0.0,1.0,yahoo,2024-07-04 14:28:47
2024-04-26,XRT,72.26000213623047,73.5,72.22000122070312,73.22000122070312,6749600,72.85854029561892,0.0,1.0,yahoo,2024-07-04 14:28:47
2024-04-29,XRT,73.51000213623047,73.77999877929688,72.87999725341797,73.19999694824219,3804500,72.83863477708736,0.0,1.0,yahoo,2024-07-04 14:28:47
2024-04-30,XRT,72.7699966430664,72.8499984741211,71.79000091552734,71.79000091552734,5375000,71.4355993898499,0.0,1.0,yahoo,2024-07-04 14:28:47
2024-05-01,XRT,71.7300033569336,72.69000244140625,71.0,71.27999877929688,9026800,70.92811495152824,0.0,1.0,yahoo,2024-07-04 14:28:47
2024-05-02,XRT,72.25,72.58000183105469,71.6500015258789,72.48999786376953,5124200,72.13214070383573,0.0,1.0,yahoo,2024-07-04 14:28:47
2024-05-03,XRT,73.4800033569336,73.93000030517578,73.06999969482422,73.41999816894531,4536900,73.0575499305489,0.0,1.0,yahoo,2024-07-04 14:28:47
2024-05-06,XRT,73.76000213623047,74.36000061035156,73.76000213623047,74.27999877929688,4379700,73.91330502586348,0.0,1.0,yahoo,2024-07-04 14:28:47
2024-05-07,XRT,74.56999969482422,75.04000091552734,74.12999725341797,74.16000366210938,5922900,73.79390228159787,0.0,1.0,yahoo,2024-07-04 14:28:47
2024-05-08,XRT,73.2699966430664,73.66999816894531,72.80999755859375,73.45999908447266,6830800,73.09735337588108,0.0,1.0,yahoo,2024-07-04 14:28:47
2024-05-09,XRT,73.62000274658203,74.79000091552734,73.55000305175781,74.76000213623047,4754200,74.39093877811872,0.0,1.0,yahoo,2024-07-04 14:28:47
2024-05-10,XRT,75.16999816894531,75.20999908447266,74.08000183105469,74.37999725341797,4635800,74.01280984332845,0.0,1.0,yahoo,2024-07-04 14:28:47
2024-05-13,XRT,75.56999969482422,77.91000366210938,75.56999969482422,76.30000305175781,19974300,75.92333726061852,0.0,1.0,yahoo,2024-07-04 14:28:47
2024-05-14,XRT,79.87999725341797,80.0999984741211,77.1500015258789,78.47000122070312,28165800,78.08262292570559,0.0,1.0,yahoo,2024-07-04 14:28:47
2024-05-15,XRT,78.20999908447266,78.33999633789062,76.75,77.4800033569336,10134000,77.09751232685963,0.0,1.0,yahoo,2024-07-04 14:28:47
2024-05-16,XRT,77.33000183105469,77.44000244140625,76.5199966430664,76.52999877929688,6867600,76.1521975816149,0.0,1.0,yahoo,2024-07-04 14:28:47
2024-05-17,XRT,76.13999938964844,76.13999938964844,75.55000305175781,75.93000030517578,5033000,75.55516108509404,0.0,1.0,yahoo,2024-07-04 14:28:47
2024-05-20,XRT,75.83000183105469,76.0999984741211,75.26000213623047,75.62000274658203,3347700,75.2466938734333,0.0,1.0,yahoo,2024-07-04 14:28:47
2024-05-21,XRT,75.68000030517578,75.83999633789062,74.94000244140625,75.30000305175781,3097800,74.92827390250677,0.0,1.0,yahoo,2024-07-04 14:28:47
2024-05-22,XRT,75.04000091552734,75.29000091552734,74.1500015258789,74.38999938964844,5863400,74.02276260259424,0.0,1.0,yahoo,2024-07-04 14:28:47
2024-05-23,XRT,74.43000030517578,74.44000244140625,73.58000183105469,73.79000091552734,4276800,73.42572610607338,0.0,1.0,yahoo,2024-07-04 14:28:47
2024-05-24,XRT,74.47000122070312,74.97000122070312,74.33000183105469,74.94999694824219,5026900,74.57999565378292,0.0,1.0,yahoo,2024-07-04 14:28:47
2024-05-28,XRT,75.38999938964844,75.69000244140625,74.81999969482422,75.0999984741211,5020800,74.72925667584586,0.0,1.0,yahoo,2024-07-04 14:28:47
2024-05-29,XRT,74.6500015258789,75.5,74.5,74.91000366210938,3754300,74.54019980018168,0.0,1.0,yahoo,2024-07-04 14:28:47
2024-05-30,XRT,75.12000274658203,76.12999725341797,75.12000274658203,75.81999969482422,5727300,75.44570350836328,0.0,1.0,yahoo,2024-07-04 14:28:47
2024-05-31,XRT,76.5199966430664,77.5199966430664,76.05000305175781,77.5199966430664,5889100,77.13730818046086,0.0,1.0,yahoo,2024-07-04 14:28:47
2024-06-03,XRT,79.19000244140625,79.45999908447266,78.27999877929688,78.55999755859375,9922800,78.1721749839048,0.0,1.0,yahoo,2024-07-04 14:28:47
2024-06-04,XRT,77.68000030517578,77.80000305175781,76.7300033569336,76.93000030517578,6358300,76.55022444320579,0.0,1.0,yahoo,2024-07-04 14:28:47
2024-06-05,XRT,77.19000244140625,77.7300033569336,76.58999633789062,77.58999633789062,3891500,77.20696231185944,0.0,1.0,yahoo,2024-07-04 14:28:47
2024-06-06,XRT,77.27999877929688,78.16999816894531,76.83999633789062,78.05000305175781,7990900,77.66469813731408,0.0,1.0,yahoo,2024-07-04 14:28:47
2024-06-07,XRT,76.97000122070312,77.91000366210938,75.83999633789062,76.05000305175781,12480500,75.67457142109059,0.0,1.0,yahoo,2024-07-04 14:28:47
2024-06-10,XRT,75.83999633789062,75.95999908447266,75.31999969482422,75.7300033569336,4872600,75.35615145016406,0.0,1.0,yahoo,2024-07-04 14:28:47
2024-06-11,XRT,75.33999633789062,76.19000244140625,74.69999694824219,76.08999633789062,4327900,75.71436727469182,0.0,1.0,yahoo,2024-07-04 14:28:47
2024-06-12,XRT,77.2699966430664,78.27999877929688,76.5,76.56999969482422,7957000,76.19200102694708,0.0,1.0,yahoo,2024-07-04 14:28:47
2024-06-13,XRT,76.44000244140625,76.55999755859375,75.55000305175781,75.8499984741211,5064600,75.47555419442968,0.0,1.0,yahoo,2024-07-04 14:28:47
2024-06-14,XRT,75.33000183105469,75.44000244140625,74.45999908447266,74.79000091552734,3779200,74.42078946418512,0.0,1.0,yahoo,2024-07-04 14:28:47
2024-06-17,XRT,74.86000061035156,76.16999816894531,74.70999908447266,76.04000091552734,2939200,75.6646186618248,0.0,1.0,yahoo,2024-07-04 14:28:47
2024-06-18,XRT,75.80999755859375,76.30999755859375,75.68000030517578,76.0999984741211,2878700,75.72432003395761,0.0,1.0,yahoo,2024-07-04 14:28:47
2024-06-20,XRT,75.9000015258789,76.3499984741211,75.22000122070312,75.77999877929688,2382600,75.40590006303108,0.0,1.0,yahoo,2024-07-04 14:28:47
2024-06-21,XRT,75.98999786376953,76.0,75.4000015258789,75.76000213623047,3348000,75.38600213623047,0.0,1.0,yahoo,2024-07-04 14:28:47
2024-06-24,XRT,75.31999969482422,76.44999694824219,75.31999969482422,76.02999877929688,4356000,76.02999877929688,0.374,1.0,yahoo,2024-07-04 14:28:47
2024-06-25,XRT,75.83000183105469,75.83000183105469,75.13999938964844,75.44000244140625,2211000,75.44000244140625,0.0,1.0,yahoo,2024-07-04 14:28:47
2024-06-26,XRT,75.08000183105469,75.54000091552734,74.93000030517578,75.19000244140625,2654500,75.19000244140625,0.0,1.0,yahoo,2024-07-04 14:28:47
2024-06-27,XRT,74.66000366210938,75.05000305175781,74.12999725341797,74.88999938964844,3727000,74.88999938964844,0.0,1.0,yahoo,2024-07-04 14:28:47
2024-06-28,XRT,74.79000091552734,75.38999938964844,74.55000305175781,74.9800033569336,2506300,74.9800033569336,0.0,1.0,yahoo,2024-07-04 14:28:47
2024-07-01,XRT,75.30000305175781,75.41999816894531,73.55999755859375,73.5999984741211,4462300,73.5999984741211,0.0,1.0,yahoo,2024-07-04 14:28:47
2024-07-02,XRT,73.68000030517578,73.9000015258789,73.48999786376953,73.69000244140625,3005900,73.69000244140625,0.0,1.0,yahoo,2024-07-04 14:28:47
2024-07-03,XRT,73.83999633789062,74.11000061035156,73.43000030517578,73.48999786376953,2044700,73.48999786376953,0.0,1.0,yahoo,2024-07-04 14:28:47
